fishery_name,year,month,crc_area,angler_final,total_effort_hrs,n_completed_angler_trips,mean_trip_length,mean_group_size,sd,total_trips_est
Cascade fall salmon 2022,2022,9,826,bank,1225.0751827697263,4,6.5291675,1.25,3.3852980023662615,187.63114635514043
Cascade fall salmon 2022,2022,10,826,bank,3413.4268641304348,42,4.689285,1.7619047619047619,1.9878585591992475,727.9205388732898
Cascade fall salmon 2022,2022,11,826,bank,1211.998625,27,4.467901851851852,1.8888888888888888,2.1766776399190033,271.26796093285975
Cascade fall salmon 2023,2023,9,826,bank,2627.3412567640694,18,5.853703888888889,2.0555555555555554,2.2601809973751554,448.83398727276136
Cascade fall salmon 2023,2023,10,826,bank,7783.637783639972,43,4.680232093023256,2.13953488372093,1.8409979048325655,1663.0879898548005
Cascade fall salmon 2023,2023,11,826,bank,700.5827392977394,10,2.596666,1.5,1.6266280793865844,269.80086745763197
Cascade fall salmon 2024,2024,9,826,bank,5227.692977665165,6,5.300001666666667,1.6666666666666667,2.3419370472616605,986.3568554220892
Cascade fall salmon 2024,2024,10,826,bank,6572.923580142642,20,4.8275,2,1.66882483777941,1361.5584837167567
Cascade fall salmon 2024,2024,11,826,bank,1286.5457665477977,7,5.033334285714286,2.142857142857143,1.8399126036024749,255.60507081742983
Cascade spring Chinook 2022,2022,6,826,bank,8691.183376674548,101,5.281353168316832,1.5940594059405941,2.955978917337176,1645.635711092661
Cascade spring Chinook 2022,2022,7,826,bank,988.5865075847124,6,3.9833333333333334,1.6666666666666667,1.2293158982892343,248.18071320118304
Cascade spring Chinook 2023,2023,6,826,bank,6215.249129629629,18,3.7175916666666664,1.7222222222222223,2.142095598139272,1671.8482520169994
Cascade spring Chinook 2023,2023,7,826,bank,471.53454166666666,2,1.558335,2,0.7896049293475821,302.5886870709229
Cascade spring Chinook 2024,2024,5,826,bank,1562.8717736425747,4,6.3458325,1.5,4.375379618451219,246.28317460988367
Cascade spring Chinook 2024,2024,6,826,bank,3726.9991868932043,53,4.464465094339623,1.7547169811320755,2.3748234684827083,834.8142740814724
Cascade spring Chinook 2024,2024,7,826,bank,518.0042685859403,6,4.791665,1.6666666666666667,1.345309377886737,108.10527626324884
Cascade winter gamefish 2023,2023,1,826,bank,161.08031746031745,2,3.041665,2,1.2138689980595103,52.9579416077436
Chehalis salmon 2022,2022,9,317,bank,5046.82786854328,24,2.1618045833333333,1.2916666666666667,1.4258019335065875,2334.5439765704755
Chehalis salmon 2022,2022,9,317,boat,27611.284297839506,220,4.759090681818182,2.109090909090909,1.835495766460152,5801.798314818154
Chehalis salmon 2022,2022,10,317,bank,10808.328805540157,39,3.4435905128205127,1.6923076923076923,2.4105147356124985,3138.6800391337674
Chehalis salmon 2022,2022,10,317,boat,27156.618167989418,479,4.849721670146137,2.325678496868476,2.0036202297062187,5599.624064028215
Chehalis salmon 2022,2022,11,317,bank,1197.3585463883578,6,1.6055566666666667,1.1666666666666667,1.3576395174223042,745.7591321732801
Chehalis salmon 2022,2022,11,317,boat,3523.0913668430335,64,5.32994796875,2.078125,1.9379441836607931,660.9992044011046
Chehalis salmon 2022,2022,12,317,bank,152.27007204683383,2,2.825,1,0.3181980515339462,53.90091045905622
Chehalis salmon 2022,2022,12,317,boat,254.76635361552027,10,3.984998,1.7,1.9008848738697108,63.93136298073933
Chehalis salmon 2024,2024,9,315,bank,463.6421135597053,NA,NA,NA,NA,NA
Chehalis salmon 2024,2024,9,315,boat,31.522730417198808,NA,NA,NA,NA,NA
Chehalis salmon 2024,2024,9,317,bank,5582.095564646292,70,3.354999857142857,1.4428571428571428,2.291521997332646,1663.813950025037
Chehalis salmon 2024,2024,9,317,boat,37262.20813378033,284,5.327405985915493,2.1795774647887325,1.9417209044150725,6994.4374865166155
Chehalis salmon 2024,2024,10,315,bank,738.5915102095939,26,1.9391026923076924,1.5,1.433038569991911,380.89344785067004
Chehalis salmon 2024,2024,10,315,boat,465.80446732652194,NA,NA,NA,NA,NA
Chehalis salmon 2024,2024,10,317,bank,11041.521160695112,136,2.6683819852941175,1.4485294117647058,2.037093556039828,4137.908748277688
Chehalis salmon 2024,2024,10,317,boat,25448.866398822192,308,5.10335512987013,2.301948051948052,1.9423048653535842,4986.693214796873
Chehalis salmon 2024,2024,11,315,bank,376.21955929967714,5,3.33,2,1.831795620272633,112.97884663653969
Chehalis salmon 2024,2024,11,315,boat,588.1192342486164,24,3.52361,2.3333333333333335,1.8598019772358656,166.9081522213345
Chehalis salmon 2024,2024,11,317,bank,2513.2602768361116,98,3.4719389795918367,1.336734693877551,2.4331883546234634,723.8780092648898
Chehalis salmon 2024,2024,11,317,boat,9192.318093869733,119,4.650280336134454,2.495798319327731,1.989744127253268,1976.7234294332561
Chehalis salmon 2024,2024,12,315,bank,533.5675182492769,NA,NA,NA,NA,NA
Chehalis salmon 2024,2024,12,315,boat,737.1443288810842,8,4.5729175,2.625,1.093267751739187,161.19781930924498
Chehalis salmon 2024,2024,12,317,bank,407.16183251084425,3,0.7000000000000001,1.6666666666666667,0.3464101615137755,581.6597607297774
Chehalis salmon 2024,2024,12,317,boat,1819.7123950794664,33,5.5575754545454545,1.878787878787879,2.0204173875295717,327.4291838163262
Chehalis salmon 2025,2025,9,315,bank,513.2737581819116,NA,NA,NA,NA,NA
Chehalis salmon 2025,2025,9,315,boat,77.393450913242,NA,NA,NA,NA,NA
Chehalis salmon 2025,2025,9,317,bank,8256.572549870943,51,3.1248370588235295,1.392156862745098,2.20942752380004,2642.2409855122055
Chehalis salmon 2025,2025,9,317,boat,52746.50918493151,315,4.886349333333333,2.092063492063492,2.076473405307402,10794.666035256485
Chehalis salmon 2025,2025,10,315,bank,1627.0942653698453,49,2.007482857142857,1.6122448979591837,1.2614480426891022,810.5146500157921
Chehalis salmon 2025,2025,10,315,boat,911.7192429604262,11,3.9121227272727275,1.7272727272727273,1.9805322879069198,233.04975495899546
Chehalis salmon 2025,2025,10,317,bank,8373.974396050144,81,2.81893024691358,1.4814814814814814,2.0631679961214835,2970.621357239587
Chehalis salmon 2025,2025,10,317,boat,22564.68154680365,352,4.873626789772727,2.397727272727273,2.33678879348106,4629.95681043027
Chehalis salmon 2025,2025,11,315,bank,941.9197371713351,10,2.078332,1.8,2.534223254511462,453.2094666161783
Chehalis salmon 2025,2025,11,315,boat,1441.7669988584476,61,3.930327868852459,2.098360655737705,1.797597784898979,366.83122807243086
Chehalis salmon 2025,2025,11,317,bank,1454.7859659619214,45,2.732963333333333,1.2222222222222223,1.7994616244234627,532.3108247440525
Chehalis salmon 2025,2025,11,317,boat,5413.378616438356,113,4.799557610619469,2.353982300884956,2.181934819266441,1127.8911632315344
Chehalis salmon 2025,2025,12,315,bank,91.21587043153143,1,3.28333,1,NA,27.781511584742148
Chehalis salmon 2025,2025,12,315,boat,205.0296404109589,2,4.066665,2,1.2492243371188378,50.417145353983884
Chehalis salmon 2025,2025,12,317,bank,246.90814484658665,1,7.56667,3,NA,32.63101798368194
Chehalis salmon 2025,2025,12,317,boat,1131.7386038812786,13,5.476923076923077,1.7692307692307692,1.8060918681478368,206.63766643899748
Chehalis winter steelhead 2024-25,2024,11,315,bank,726.3212448525763,5,3.33,2,1.831795620272633,218.11448794371663
Chehalis winter steelhead 2024-25,2024,11,315,boat,1115.1079812206572,24,3.52361,2.3333333333333335,1.8598019772358656,316.46748114026724
Chehalis winter steelhead 2024-25,2024,11,317,bank,4636.218617357815,98,3.4719389795918367,1.336734693877551,2.4331883546234634,1335.3398906517796
Chehalis winter steelhead 2024-25,2024,11,317,boat,11144.730985915492,119,4.650280336134454,2.495798319327731,1.989744127253268,2396.5718581128704
Chehalis winter steelhead 2024-25,2024,12,315,bank,916.7220925448685,NA,NA,NA,NA,NA
Chehalis winter steelhead 2024-25,2024,12,315,boat,1061.010641627543,8,4.5729175,2.625,1.093267751739187,232.02050805148858
Chehalis winter steelhead 2024-25,2024,12,317,bank,600.55264974747,3,0.7000000000000001,1.6666666666666667,0.3464101615137755,857.9323567821
Chehalis winter steelhead 2024-25,2024,12,317,boat,1848.4045383411578,33,5.5575754545454545,1.878787878787879,2.0204173875295717,332.5918925364075
Chehalis winter steelhead 2024-25,2025,1,315,bank,261.19294436088455,NA,NA,NA,NA,NA
Chehalis winter steelhead 2024-25,2025,1,315,boat,745.8103286384977,8,3.9395837499999997,2.375,1.7782406506186108,189.31196186361
Chehalis winter steelhead 2024-25,2025,1,317,bank,582.1130679383774,1,2.06667,1,NA,281.66715921670004
Chehalis winter steelhead 2024-25,2025,1,317,boat,2084.529577464789,15,4.971110666666667,2,1.8175901778197052,419.32874104823566
Chehalis winter steelhead 2024-25,2025,2,315,bank,129.1066073697145,4,3.3499974999999997,2.25,2.8308801732956366,38.53931454268683
Chehalis winter steelhead 2024-25,2025,2,315,boat,967.8753260302556,8,4.06666625,2.125,1.641356509258098,238.00215373716875
Chehalis winter steelhead 2024-25,2025,2,317,bank,394.17576498549886,NA,NA,NA,NA,NA
Chehalis winter steelhead 2024-25,2025,2,317,boat,1179.9643192488263,7,6.0119042857142855,2.142857142857143,2.007224761553932,196.27130825297772
Chehalis winter steelhead 2025-26,2025,12,315,bank,61.4750998729613,1,3.28333,1,NA,18.723399680495504
Chehalis winter steelhead 2025-26,2025,12,315,boat,210.34222222222223,2,4.066665,2,1.2492243371188378,51.723518465922865
Chehalis winter steelhead 2025-26,2025,12,317,bank,179.71843471831556,1,7.56667,3,NA,23.75132452166086
Chehalis winter steelhead 2025-26,2025,12,317,boat,1161.0634074074073,13,5.476923076923077,1.7692307692307692,1.8060918681478368,211.99191427382436
Chehalis winter steelhead 2025-26,2026,1,315,bank,187.7770371407323,3,2.8666666666666667,1,1.6127991884401893,65.50361760723219
Chehalis winter steelhead 2025-26,2026,1,315,boat,636.0242962962963,10,4.783334,3,1.7563816270275658,132.96673330699807
Chehalis winter steelhead 2025-26,2026,1,317,bank,270.41406982498177,3,1.1166666666666667,3,0.1040832999733066,242.16185357461052
Chehalis winter steelhead 2025-26,2026,1,317,boat,1175.9745185185186,10,5.388334,1.7,1.450417646964717,218.24454803999132
Chehalis winter steelhead 2025-26,2026,2,315,bank,60.25199890613607,NA,NA,NA,NA,NA
Chehalis winter steelhead 2025-26,2026,2,315,boat,328.9349135802469,5,4.153332,2.4,1.9452720418157456,79.19783768315341
Chehalis winter steelhead 2025-26,2026,2,317,bank,30.555578247927038,NA,NA,NA,NA,NA
Chehalis winter steelhead 2025-26,2026,2,317,boat,854.7974320987654,6,5.025001666666666,1.6666666666666667,1.4584915457062708,170.10888529033963
Drano Lake salmon and steelhead 2022,2022,7,618,NA,0,NA,NA,NA,NA,NA
Drano Lake salmon and steelhead 2022,2022,8,618,NA,0,NA,NA,NA,NA,NA
Drano Lake salmon and steelhead 2022,2022,9,618,NA,0,NA,NA,NA,NA,NA
Drano Lake salmon and steelhead 2022,2022,10,618,NA,0,NA,NA,NA,NA,NA
Drano Lake salmon and steelhead 2023,2023,7,618,NA,0,NA,NA,NA,NA,NA
Drano Lake salmon and steelhead 2023,2023,8,618,NA,0,NA,NA,NA,NA,NA
Drano Lake salmon and steelhead 2023,2023,9,618,NA,0,NA,NA,NA,NA,NA
Drano Lake salmon and steelhead 2023,2023,10,618,NA,0,NA,NA,NA,NA,NA
Drano Lake salmon and steelhead 2024,2024,7,618,NA,0,NA,NA,NA,NA,NA
Drano Lake salmon and steelhead 2024,2024,8,618,NA,0,NA,NA,NA,NA,NA
Drano Lake salmon and steelhead 2024,2024,9,618,NA,0,NA,NA,NA,NA,NA
Drano Lake salmon and steelhead 2024,2024,10,618,NA,0,NA,NA,NA,NA,NA
Drano Lake salmon and steelhead 2025,2025,7,618,NA,0,NA,NA,NA,NA,NA
Drano Lake salmon and steelhead 2025,2025,8,618,NA,0,NA,NA,NA,NA,NA
Drano Lake salmon and steelhead 2025,2025,9,618,NA,0,NA,NA,NA,NA,NA
Drano Lake salmon and steelhead 2025,2025,10,618,NA,0,NA,NA,NA,NA,NA
Hoh fall salmon 2023,2023,9,348,bank,347.24399497621715,NA,NA,NA,NA,NA
Hoh fall salmon 2023,2023,9,348,boat,373.7958417508417,1,7.71667,3,NA,48.44004496121276
Hoh fall salmon 2023,2023,9,350,bank,2451.287843603584,11,4.415151818181818,2.272727272727273,2.766780758328416,555.1989930468658
Hoh fall salmon 2023,2023,9,350,boat,2122.02589365881,18,7.72037,2.6666666666666665,1.0396009202347511,274.86064704914537
Hoh fall salmon 2023,2023,10,348,bank,0,NA,NA,NA,NA,NA
Hoh fall salmon 2023,2023,10,348,boat,0,NA,NA,NA,NA,NA
Hoh fall salmon 2023,2023,10,350,bank,0,NA,NA,NA,NA,NA
Hoh fall salmon 2023,2023,10,350,boat,0,NA,NA,NA,NA,NA
Hoh fall salmon 2025,2025,9,350,bank,743.0929984220386,11,3.7742418181818183,1.8181818181818181,2.242659492882583,196.88537041858436
Hoh fall salmon 2025,2025,9,350,boat,2471.9784692028984,24,7.474305,2.7916666666666665,1.9675511210263823,330.7302109296983
Hoh fall salmon 2025,2025,10,348,bank,119.08972065880435,2,4.033335,1.5,1.3670707532713882,29.526364821866853
Hoh fall salmon 2025,2025,10,348,boat,981.8830585748791,11,5.540909090909091,2.4545454545454546,2.3762290718760877,177.2061303416517
Hoh fall salmon 2025,2025,10,350,bank,712.1118295498304,13,3.505129230769231,1.8461538461538463,1.7833128940844039,203.16278877784808
Hoh fall salmon 2025,2025,10,350,boat,3459.9529347826087,45,7.17,2.6222222222222222,2.0074215105996505,482.55968407009885
Hoh fall salmon 2025,2025,11,348,bank,138.4463722524789,5,4.53,2,2.9011809903727137,30.56211308001742
Hoh fall salmon 2025,2025,11,348,boat,1044.679806763285,15,5.5711113333333335,3.1333333333333333,1.4730317539534707,187.51730925079667
Hoh fall salmon 2025,2025,11,350,bank,193.54594375900663,4,2.8208325,1.5,1.5342601818330335,68.61305793910367
Hoh fall salmon 2025,2025,11,350,boat,112.84487922705313,3,3.82222,2.3333333333333335,0.5891004127481154,29.523386729977112
Hoh fall salmon 2025,2025,12,348,bank,0,NA,NA,NA,NA,NA
Hoh fall salmon 2025,2025,12,348,boat,29.98782608695652,1,8,2,NA,3.748478260869565
Hoh fall salmon 2025,2025,12,350,bank,0,NA,NA,NA,NA,NA
Hoh fall salmon 2025,2025,12,350,boat,0,NA,NA,NA,NA,NA
Hoh winter steelhead 2022-23,2022,12,348,bank,182.65641062709813,5,3.376668,1,2.0234250583280815,54.0936836630365
Hoh winter steelhead 2022-23,2022,12,348,boat,64.65105920314252,NA,NA,NA,NA,NA
Hoh winter steelhead 2022-23,2022,12,350,bank,8.563988582887623,3,5.0722233333333335,1,2.900975461742711,1.6884092083657507
Hoh winter steelhead 2022-23,2022,12,350,boat,0,NA,NA,NA,NA,NA
Hoh winter steelhead 2022-23,2023,1,348,bank,1834.7816656653315,18,5.112037222222222,1.3888888888888888,2.064386682023346,358.91398788910715
Hoh winter steelhead 2022-23,2023,1,348,boat,3330.041214459409,13,7.0384607692307695,2.1538461538461537,1.5645721844563,473.12066141179156
Hoh winter steelhead 2022-23,2023,1,350,bank,744.6968117754258,7,5.919048571428571,1.8571428571428572,2.8479750524681484,125.81360041039368
Hoh winter steelhead 2022-23,2023,1,350,boat,2680.765390011223,20,7.5766670000000005,2.1,1.3587855361821801,353.81855768654253
Hoh winter steelhead 2022-23,2023,2,348,bank,3271.340236011794,28,5.683928214285714,1.9642857142857142,2.7316219867108034,575.5421449183266
Hoh winter steelhead 2022-23,2023,2,348,boat,7261.379361672278,44,7.628030681818181,2.409090909090909,1.4504875757168092,951.9336857126392
Hoh winter steelhead 2022-23,2023,2,350,bank,2387.0870030811666,35,5.840952571428572,2.0285714285714285,2.9572261382231577,408.68111389189664
Hoh winter steelhead 2022-23,2023,2,350,boat,8903.604783482977,57,7.733626140350877,2.5789473684210527,1.6366534046959038,1151.2846136985643
Hoh winter steelhead 2022-23,2023,3,348,bank,2973.6338568309693,23,5.142028695652174,1.7391304347826086,3.0771922864894288,578.299739817733
Hoh winter steelhead 2022-23,2023,3,348,boat,4617.933965581743,35,8.19904742857143,2.257142857142857,2.021158266718751,563.228107388367
Hoh winter steelhead 2022-23,2023,3,350,bank,4394.707433371217,59,6.187852881355933,1.6779661016949152,2.711569917747136,710.2152422874367
Hoh winter steelhead 2022-23,2023,3,350,boat,11527.066181257014,84,8.091071547619048,2.488095238095238,1.3953247335725338,1424.6649672315743
Hoh winter steelhead 2023-24,2023,12,348,bank,209.90539131725666,10,3.838333,1.6,1.930824449060556,54.686602573892536
Hoh winter steelhead 2023-24,2023,12,348,boat,304.41414930555555,5,6.756666,2.8,1.4917186992794587,45.053899261197095
Hoh winter steelhead 2023-24,2023,12,350,bank,107.68057510847302,9,3.1648144444444446,1.6666666666666667,2.0331199926044152,34.02429336655009
Hoh winter steelhead 2023-24,2023,12,350,boat,61.88071325231482,2,3.5,6,0,17.680203786375664
Hoh winter steelhead 2023-24,2024,1,348,bank,450.4921806311668,15,4.505556,1.1333333333333333,2.003525441757247,99.98592418586446
Hoh winter steelhead 2023-24,2024,1,348,boat,1707.2851432291668,30,6.9622209999999995,2.3666666666666667,1.2534393613968589,245.22133716082368
Hoh winter steelhead 2023-24,2024,1,350,bank,132.81133358025565,4,4.4875,1.5,3.329758499751396,29.595840352146105
Hoh winter steelhead 2023-24,2024,1,350,boat,535.2656799768519,5,7.533332000000001,2.2,1.406582600176755,71.05297894435714
Hoh winter steelhead 2023-24,2024,2,348,bank,1734.733872077706,18,6.3462966666666665,2.2222222222222223,3.298928448747099,273.3458524227578
Hoh winter steelhead 2023-24,2024,2,348,boat,7645.134681712963,83,6.621485903614458,2.4096385542168677,2.4166310725985602,1154.5950248930876
Hoh winter steelhead 2023-24,2024,2,350,bank,1250.9872074917448,28,5.6690475,1.8928571428571428,2.9490136528998665,220.6697346409154
Hoh winter steelhead 2023-24,2024,2,350,boat,6108.766880787038,95,7.316315894736842,2.6315789473684212,2.168550971901536,834.9512198046995
Hoh winter steelhead 2023-24,2024,3,348,bank,1635.8153548748137,36,5.122684722222222,1.6944444444444444,3.2407350120123644,319.32774386419715
Hoh winter steelhead 2023-24,2024,3,348,boat,6511.653618344908,84,6.516865,2.7023809523809526,2.044967613070493,999.2003238282376
Hoh winter steelhead 2023-24,2024,3,350,bank,1305.4599713653902,24,5.365972916666666,1.625,2.769931774253936,243.28486029264937
Hoh winter steelhead 2023-24,2024,3,350,boat,8380.767298900464,87,7.438505977011494,2.5517241379310347,2.210047972009836,1126.6734643759114
Hoh winter steelhead 2024-25,2024,12,348,bank,260.0073469576216,1,3,1,NA,86.66911565254054
Hoh winter steelhead 2024-25,2024,12,348,boat,0,2,4.483335,4.5,2.804859255729242,0
Hoh winter steelhead 2024-25,2024,12,350,bank,133.30480961735776,2,3.375,1.5,2.769496845602103,39.497721368106006
Hoh winter steelhead 2024-25,2024,12,350,boat,67.73372839506173,1,7.25,2,NA,9.342583226905067
Hoh winter steelhead 2024-25,2025,1,348,bank,2392.933029564243,7,2.911905714285714,1.4285714285714286,1.2466133678471598,821.7755876588284
Hoh winter steelhead 2024-25,2025,1,348,boat,5179.102419753086,25,6.1546668,2.68,1.8629089654415931,841.4919260540775
Hoh winter steelhead 2024-25,2025,1,350,bank,2410.9868467082206,8,3.4270825,1.625,1.0817366236850023,703.5100108352281
Hoh winter steelhead 2024-25,2025,1,350,boat,7971.025975308641,55,7.028484909090909,2.6545454545454548,1.670294427071747,1134.103021975421
Hoh winter steelhead 2024-25,2025,2,348,bank,3040.055381537578,12,3.8736108333333332,1.3333333333333333,2.513373050653999,784.8117718427432
Hoh winter steelhead 2024-25,2025,2,348,boat,4289.949827160493,36,5.809259444444445,2.5555555555555554,2.0802299087771794,738.4675909531104
Hoh winter steelhead 2024-25,2025,2,350,bank,2275.52649215039,19,5.654387368421053,1.8421052631578947,2.480011784895481,402.4355502877077
Hoh winter steelhead 2024-25,2025,2,350,boat,8975.908543209876,69,6.7113527536231885,2.710144927536232,2.293909866615413,1337.4216603894267
Hoh winter steelhead 2024-25,2025,3,348,bank,2905.688034997213,25,5.0360004,1.96,2.6087050032686716,576.9832812160247
Hoh winter steelhead 2024-25,2025,3,348,boat,5025.196246913581,50,6.2753332,2.76,2.214237686648212,800.7855657630387
Hoh winter steelhead 2024-25,2025,3,350,bank,1540.0401932699726,13,5.010256923076923,1.2307692307692308,3.127258646099873,307.3774892015309
Hoh winter steelhead 2024-25,2025,3,350,boat,6182.150518518518,36,5.700925833333334,2.8333333333333335,2.9343176072016424,1084.4116726394618
Hoh winter steelhead 2025-26,2025,12,348,bank,629.2958392271784,5,5.78,2.4,1.9392653248073095,108.87471266906199
Hoh winter steelhead 2025-26,2025,12,348,boat,190.02655396174868,2,7.008335000000001,3,1.402426092330715,27.114365104086584
Hoh winter steelhead 2025-26,2025,12,350,bank,302.83234965582443,1,2.95,2,NA,102.6550337816354
Hoh winter steelhead 2025-26,2025,12,350,boat,253.58955942622956,NA,NA,NA,NA,NA
Hoh winter steelhead 2025-26,2026,1,348,bank,1835.0212353440545,5,4.75,1.4,2.980726454146707,386.3202600724325
Hoh winter steelhead 2025-26,2026,1,348,boat,1624.7840607923497,22,6.73106,2.272727272727273,1.619942212255616,241.38606115416437
Hoh winter steelhead 2025-26,2026,1,350,bank,558.9601334462977,10,3.27,1.3,2.7714343124374348,170.93582062577912
Hoh winter steelhead 2025-26,2026,1,350,boat,1765.4137431693991,19,6.686842631578948,2.473684210526316,1.9646614857890126,264.0130537590558
Hoh winter steelhead 2025-26,2026,2,348,bank,5040.653810333339,16,4.0072925,1.8125,2.562320058362473,1257.870197978645
Hoh winter steelhead 2025-26,2026,2,348,boat,7993.948288934427,69,5.891546086956522,2.5072463768115942,1.6776370398685392,1356.850675688081
Hoh winter steelhead 2025-26,2026,2,350,bank,4100.729196281909,24,4.654167083333333,1.5833333333333333,2.4076176011341843,881.0876624878173
Hoh winter steelhead 2025-26,2026,2,350,boat,9094.886530054646,73,7.476712054794521,2.5753424657534247,1.2819999820939059,1216.4286204150999
Hoh winter steelhead 2025-26,2026,3,348,bank,2486.700098398274,22,4.506060454545454,1.5909090909090908,2.646803518549223,551.8567989672296
Hoh winter steelhead 2025-26,2026,3,348,boat,3984.1601434426234,83,5.608032409638554,2.674698795180723,1.8037211824843948,710.4381452209561
Hoh winter steelhead 2025-26,2026,3,350,bank,2337.747456506434,38,4.7486847368421055,1.3421052631578947,2.7527962024170662,492.2936741555611
Hoh winter steelhead 2025-26,2026,3,350,boat,7817.5274965847,104,7.190064134615384,2.6153846153846154,1.6526474963857003,1087.2681175329851
Humptulips salmon 2022,2022,9,358,bank,12469.238402851188,114,4.200292368421053,1.7105263157894737,2.374229720206543,2968.6596334575024
Humptulips salmon 2022,2022,9,358,boat,17714.334335511983,110,6.762121272727272,2.7636363636363637,1.9033616347790623,2619.6416214770884
Humptulips salmon 2022,2022,10,358,bank,4864.791382846426,51,4.043790588235294,1.607843137254902,1.7809731749393776,1203.0275249662263
Humptulips salmon 2022,2022,10,358,boat,5330.4170348583875,35,8.16761942857143,2.8285714285714287,2.0666788077278553,652.6279880538842
Humptulips salmon 2022,2022,11,358,bank,6318.964034828959,116,3.7087647413793103,1.6724137931034482,2.31690338008767,1703.7920912931513
Humptulips salmon 2022,2022,11,358,boat,6878.574939724038,64,7.64947890625,2.65625,1.5966563506080074,899.2213749493321
Humptulips salmon 2022,2022,12,358,bank,1633.9606952857735,80,3.7779165,1.5375,2.252667814456079,432.5031258064527
Humptulips salmon 2022,2022,12,358,boat,413.6146172839507,4,7.7958325,2.25,0.6478395363243896,53.05586251166257
Humptulips salmon 2023,2023,9,358,bank,11958.166280529129,104,3.525480576923077,1.6923076923076923,1.8754426560784254,3391.9251629988617
Humptulips salmon 2023,2023,9,358,boat,16272.116462982134,119,7.009383697478992,2.6218487394957983,1.988677366254344,2321.476061987389
Humptulips salmon 2023,2023,10,358,bank,12476.546130028135,134,3.831467686567164,2.1044776119402986,1.9413860305457973,3256.3359920194453
Humptulips salmon 2023,2023,10,358,boat,16064.900904359329,131,7.648218854961832,2.480916030534351,1.980420450406988,2100.4760989465044
Humptulips salmon 2023,2023,11,358,bank,3911.4252323256183,108,2.9777775925925924,1.7314814814814814,1.6911194342259155,1313.5384059761657
Humptulips salmon 2023,2023,11,358,boat,4022.1111389080593,55,6.744545272727272,2.727272727272727,1.3864716370365708,596.3502321160415
Humptulips salmon 2024,2024,9,358,bank,14847.433832488932,133,3.712907443609023,1.8421052631578947,2.5933940971261134,3998.869903973938
Humptulips salmon 2024,2024,9,358,boat,14287.238883567476,108,6.533950833333333,2.564814814814815,1.928943949552255,2186.615609453363
Humptulips salmon 2024,2024,10,358,bank,9799.71197432617,153,3.38518522875817,1.6928104575163399,2.0699433045468347,2894.882055810317
Humptulips salmon 2024,2024,10,358,boat,7651.5748180076635,94,6.838652659574468,2.7127659574468086,1.7339863810593503,1118.8716840728946
Humptulips salmon 2024,2024,11,358,bank,4766.78012599813,67,3.312686417910448,1.5970149253731343,1.9909327125090113,1438.9469827949742
Humptulips salmon 2024,2024,11,358,boat,2946.9269604086844,27,6.573457037037037,2.5555555555555554,1.486147626254422,448.3070238087388
Humptulips salmon 2024,2024,12,358,bank,2349.126477623566,43,3.233333488372093,1.6744186046511629,1.9943569835375914,726.5339273142208
Humptulips salmon 2024,2024,12,358,boat,747.2051511281396,15,6.692222,2.6666666666666665,0.9632927815956506,111.6527740903006
Humptulips salmon 2025,2025,9,358,bank,14437.982964993094,60,3.4208333333333334,1.7,2.479297870811218,4220.604033615521
Humptulips salmon 2025,2025,9,358,boat,15707.359262663398,70,5.435238285714286,2.642857142857143,2.061343077496307,2889.911800913651
Humptulips salmon 2025,2025,10,358,bank,8894.384404541026,143,3.768764195804196,1.972027972027972,2.403999961053295,2360.026773350064
Humptulips salmon 2025,2025,10,358,boat,8118.445751633986,81,7.017283827160494,2.493827160493827,2.164392195711401,1156.9213889014193
Humptulips salmon 2025,2025,11,358,bank,4044.112464503543,140,3.2760710714285715,1.6571428571428573,2.092949273419563,1234.4397836094738
Humptulips salmon 2025,2025,11,358,boat,3608.4831495098038,58,6.191379310344828,2.603448275862069,1.7293789513314564,582.8237891160362
Humptulips salmon 2025,2025,12,358,bank,3976.748345587,75,3.4340001333333334,1.44,1.5955722466000255,1158.051307856773
Humptulips salmon 2025,2025,12,358,boat,683.0220261437908,5,6.53,2.2,0.7141827108310591,104.59755377393427
Humptulips winter steelhead 2024-25,2024,11,358,bank,7272.816257146714,67,3.312686417910448,1.5970149253731343,1.9909327125090113,2195.4436187576753
Humptulips winter steelhead 2024-25,2024,11,358,boat,3420.130439814814,27,6.573457037037037,2.5555555555555554,1.486147626254422,520.2940280197565
Humptulips winter steelhead 2024-25,2024,12,358,bank,3078.0668595145407,43,3.233333488372093,1.6744186046511629,1.9943569835375914,951.9793954394338
Humptulips winter steelhead 2024-25,2024,12,358,boat,801.5300154320987,15,6.692222,2.6666666666666665,0.9632927815956506,119.77038649227397
Humptulips winter steelhead 2024-25,2025,1,358,bank,1775.3368524137768,45,2.9096295555555556,1.5555555555555556,1.811535057682692,610.159066134039
Humptulips winter steelhead 2024-25,2025,1,358,boat,1085.5747781635803,17,6.869608235294118,2.176470588235294,0.9945373579599416,158.02571864086832
Humptulips winter steelhead 2025-26,2025,11,358,bank,4306.499646384412,140,3.2760710714285715,1.6571428571428573,2.092949273419563,1314.5318134098077
Humptulips winter steelhead 2025-26,2025,11,358,boat,3745.052421296296,58,6.191379310344828,2.603448275862069,1.7293789513314564,604.8817611673215
Humptulips winter steelhead 2025-26,2025,12,358,bank,3922.7216660207864,75,3.4340001333333334,1.44,1.5955722466000255,1142.318437306832
Humptulips winter steelhead 2025-26,2025,12,358,boat,702.9107901234568,5,6.53,2.2,0.7141827108310591,107.64330629761972
Humptulips winter steelhead 2025-26,2026,1,358,bank,2833.728835496759,64,3.228645625,1.765625,1.7391423511348099,877.6834513997674
Humptulips winter steelhead 2025-26,2026,1,358,boat,1867.863199074074,15,6.818889333333333,2.6666666666666665,1.1346959388089497,273.92484432079664
Lower Chehalis salmon 2023,2023,9,317,bank,4281.224939155216,23,3.0405791304347827,1.5217391304347827,1.9016662326709775,1408.0294429117616
Lower Chehalis salmon 2023,2023,9,317,boat,23736.359556254367,212,4.878931179245283,2.0754716981132075,1.9502074025828955,4865.073657367333
Lower Chehalis salmon 2023,2023,9,NA,bank,4281.224939155216,NA,NA,NA,NA,NA
Lower Chehalis salmon 2023,2023,9,NA,boat,23736.359556254367,8,3.6166675,2.125,1.8388882165649518,6563.047213008762
Lower Chehalis salmon 2023,2023,10,317,bank,9367.743309957132,43,2.965890930232558,1.302325581395349,1.9744534345976237,3158.4921800285483
Lower Chehalis salmon 2023,2023,10,317,boat,20650.947429536453,215,4.915658976744186,2.046511627906977,2.163710738040778,4201.053719803464
Lower Chehalis salmon 2023,2023,10,NA,bank,9367.743309957132,NA,NA,NA,NA,NA
Lower Chehalis salmon 2023,2023,10,NA,boat,20650.947429536453,11,4.9439400000000004,1.9090909090909092,2.105868755445125,4177.022259480586
Lower Chehalis salmon 2023,2023,11,317,bank,1223.9964222931426,44,2.323105909090909,1.2045454545454546,1.6039489916312701,526.8793030499947
Lower Chehalis salmon 2023,2023,11,317,boat,2102.7746569997666,24,4.699999583333334,2.2916666666666665,1.9557231547379297,447.39890285446296
Lower Chehalis salmon 2023,2023,11,NA,bank,1223.9964222931426,NA,NA,NA,NA,NA
Lower Chehalis salmon 2023,2023,11,NA,boat,2102.7746569997666,10,3.948332,1.5,2.301347081630428,532.5729085091543
Lower Chehalis salmon 2023,2023,12,317,bank,0,NA,NA,NA,NA,NA
Lower Chehalis salmon 2023,2023,12,317,boat,0,NA,NA,NA,NA,NA
Lower Chehalis salmon 2023,2023,12,NA,bank,0,NA,NA,NA,NA,NA
Lower Chehalis salmon 2023,2023,12,NA,boat,0,NA,NA,NA,NA,NA
Lower Cowlitz salmon and steelhead 2022-23,2022,8,507,NA,0,NA,NA,NA,NA,NA
Lower Cowlitz salmon and steelhead 2022-23,2022,8,561,NA,0,NA,NA,NA,NA,NA
Lower Cowlitz salmon and steelhead 2022-23,2022,9,507,NA,0,NA,NA,NA,NA,NA
Lower Cowlitz salmon and steelhead 2022-23,2022,9,561,NA,0,NA,NA,NA,NA,NA
Lower Cowlitz salmon and steelhead 2022-23,2022,10,507,NA,0,NA,NA,NA,NA,NA
Lower Cowlitz salmon and steelhead 2022-23,2022,10,561,NA,0,NA,NA,NA,NA,NA
Lower Cowlitz salmon and steelhead 2022-23,2022,11,507,NA,0,NA,NA,NA,NA,NA
Lower Cowlitz salmon and steelhead 2022-23,2022,11,561,NA,0,NA,NA,NA,NA,NA
Lower Cowlitz salmon and steelhead 2022-23,2022,12,507,NA,0,NA,NA,NA,NA,NA
Lower Cowlitz salmon and steelhead 2022-23,2022,12,561,NA,0,NA,NA,NA,NA,NA
Lower Cowlitz salmon and steelhead 2022-23,2023,1,507,NA,0,NA,NA,NA,NA,NA
Lower Cowlitz salmon and steelhead 2022-23,2023,1,561,NA,0,NA,NA,NA,NA,NA
Lower Cowlitz salmon and steelhead 2022-23,2023,2,507,NA,0,NA,NA,NA,NA,NA
Lower Cowlitz salmon and steelhead 2022-23,2023,2,561,NA,0,NA,NA,NA,NA,NA
Lower Cowlitz salmon and steelhead 2022-23,2023,3,507,NA,0,NA,NA,NA,NA,NA
Lower Cowlitz salmon and steelhead 2022-23,2023,3,561,NA,0,NA,NA,NA,NA,NA
Lower Cowlitz salmon and steelhead 2022-23,2023,4,507,NA,0,NA,NA,NA,NA,NA
Lower Cowlitz salmon and steelhead 2022-23,2023,4,561,NA,0,NA,NA,NA,NA,NA
Lower Cowlitz salmon and steelhead 2022-23,2023,5,507,NA,0,NA,NA,NA,NA,NA
Lower Cowlitz salmon and steelhead 2022-23,2023,5,561,NA,0,NA,NA,NA,NA,NA
Lower Cowlitz salmon and steelhead 2022-23,2023,6,507,NA,0,NA,NA,NA,NA,NA
Lower Cowlitz salmon and steelhead 2022-23,2023,6,561,NA,0,NA,NA,NA,NA,NA
Lower Cowlitz salmon and steelhead 2022-23,2023,7,507,NA,0,NA,NA,NA,NA,NA
Lower Cowlitz salmon and steelhead 2022-23,2023,7,561,NA,0,NA,NA,NA,NA,NA
Lower Cowlitz salmon and steelhead 2023-24,2023,8,507,NA,0,NA,NA,NA,NA,NA
Lower Cowlitz salmon and steelhead 2023-24,2023,8,561,NA,0,NA,NA,NA,NA,NA
Lower Cowlitz salmon and steelhead 2023-24,2023,9,507,NA,0,NA,NA,NA,NA,NA
Lower Cowlitz salmon and steelhead 2023-24,2023,9,561,NA,0,NA,NA,NA,NA,NA
Lower Cowlitz salmon and steelhead 2023-24,2023,10,507,NA,0,NA,NA,NA,NA,NA
Lower Cowlitz salmon and steelhead 2023-24,2023,10,561,NA,0,NA,NA,NA,NA,NA
Lower Cowlitz salmon and steelhead 2023-24,2023,11,507,NA,0,NA,NA,NA,NA,NA
Lower Cowlitz salmon and steelhead 2023-24,2023,11,561,NA,0,NA,NA,NA,NA,NA
Lower Cowlitz salmon and steelhead 2023-24,2023,12,507,NA,0,NA,NA,NA,NA,NA
Lower Cowlitz salmon and steelhead 2023-24,2023,12,561,NA,0,NA,NA,NA,NA,NA
Lower Cowlitz salmon and steelhead 2023-24,2024,1,507,NA,0,NA,NA,NA,NA,NA
Lower Cowlitz salmon and steelhead 2023-24,2024,1,561,NA,0,NA,NA,NA,NA,NA
Lower Cowlitz salmon and steelhead 2023-24,2024,2,507,NA,0,NA,NA,NA,NA,NA
Lower Cowlitz salmon and steelhead 2023-24,2024,2,561,NA,0,NA,NA,NA,NA,NA
Lower Cowlitz salmon and steelhead 2023-24,2024,3,507,NA,0,NA,NA,NA,NA,NA
Lower Cowlitz salmon and steelhead 2023-24,2024,3,561,NA,0,NA,NA,NA,NA,NA
Lower Cowlitz salmon and steelhead 2023-24,2024,4,507,NA,0,NA,NA,NA,NA,NA
Lower Cowlitz salmon and steelhead 2023-24,2024,4,561,NA,0,NA,NA,NA,NA,NA
Lower Cowlitz salmon and steelhead 2023-24,2024,5,507,NA,0,NA,NA,NA,NA,NA
Lower Cowlitz salmon and steelhead 2023-24,2024,5,561,NA,0,NA,NA,NA,NA,NA
Lower Cowlitz salmon and steelhead 2023-24,2024,6,507,NA,0,NA,NA,NA,NA,NA
Lower Cowlitz salmon and steelhead 2023-24,2024,6,561,NA,0,NA,NA,NA,NA,NA
Lower Cowlitz salmon and steelhead 2023-24,2024,7,507,NA,0,NA,NA,NA,NA,NA
Lower Cowlitz salmon and steelhead 2023-24,2024,7,561,NA,0,NA,NA,NA,NA,NA
Naselle winter steelhead 2022,2022,1,375,NA,0,NA,NA,NA,NA,NA
Naselle winter steelhead 2022,2022,2,375,NA,0,NA,NA,NA,NA,NA
Naselle winter steelhead 2022-23,2022,12,375,bank,283.97835526315794,13,3.0089746153846155,1.7692307692307692,2.157347386099479,94.37711897308878
Naselle winter steelhead 2022-23,2022,12,375,boat,337.6536458333333,NA,NA,NA,NA,NA
Naselle winter steelhead 2022-23,2023,1,375,bank,1813.5778467653506,31,3.154300322580645,1.7419354838709677,1.9683133760565734,574.9540821406625
Naselle winter steelhead 2022-23,2023,1,375,boat,748.5042939814815,1,3,2,NA,249.5014313271605
Naselle winter steelhead 2022-23,2023,2,375,bank,1185.8129210277114,25,3.55,1.88,2.0143175942177045,334.0318087402004
Naselle winter steelhead 2022-23,2023,2,375,boat,365.37190972222226,7,4.890474285714285,1.5714285714285714,1.1774054214508718,74.71093566313627
Naselle winter steelhead 2022-23,2023,3,375,bank,1225.2557976973685,30,3.7711113333333333,1.5666666666666667,2.2400101011806317,324.90576103314066
Naselle winter steelhead 2022-23,2023,3,375,boat,0,6,6.019443333333333,2.3333333333333335,1.3947306762478076,0
Naselle winter steelhead 2023-24,2023,12,375,bank,3011.1952133734067,61,4.099453442622951,1.8032786885245902,2.4934970415669135,734.5357754439468
Naselle winter steelhead 2023-24,2023,12,375,boat,509.38888888888897,7,6.783334285714285,2.4285714285714284,1.6742600410913586,75.09417455095246
Naselle winter steelhead 2023-24,2024,1,375,bank,2385.275642914435,34,3.350980294117647,1.2058823529411764,1.8317067329041998,711.8142852411213
Naselle winter steelhead 2023-24,2024,1,375,boat,456.10765432098765,8,5.88124875,2.625,2.342219020181122,77.55285887558958
Naselle winter steelhead 2023-24,2024,2,375,bank,1881.241682817209,47,4.401772765957447,1.7234042553191489,2.278888579140682,427.3827348304775
Naselle winter steelhead 2023-24,2024,2,375,boat,404.96555555555557,11,7.04091,2.090909090909091,1.2787001247751564,57.516081806976025
Naselle winter steelhead 2023-24,2024,3,375,bank,972.7763786405058,23,4.307245217391304,1.6521739130434783,2.7247040529817506,225.84652824332827
Naselle winter steelhead 2023-24,2024,3,375,boat,190.64666666666668,9,6.537036666666666,2,1.6447044107604867,29.16408097246918
Nisqually salmon 2022,2022,7,786,bank,2877.450291240095,NA,NA,NA,NA,NA
Nisqually salmon 2022,2022,7,786,boat,98.40771241830065,NA,NA,NA,NA,NA
Nisqually salmon 2022,2022,8,786,bank,15978.535516053456,NA,NA,NA,NA,NA
Nisqually salmon 2022,2022,8,786,boat,643.937792302106,NA,NA,NA,NA,NA
Nisqually salmon 2022,2022,9,786,bank,30390.511959198975,NA,NA,NA,NA,NA
Nisqually salmon 2022,2022,9,786,boat,885.0820624546114,NA,NA,NA,NA,NA
Nisqually salmon 2022,2022,10,786,bank,7034.719536312119,NA,NA,NA,NA,NA
Nisqually salmon 2022,2022,10,786,boat,615.1089179375454,NA,NA,NA,NA,NA
Nisqually salmon 2022,2022,11,786,bank,115.34521232100944,NA,NA,NA,NA,NA
Nisqually salmon 2022,2022,11,786,boat,0,NA,NA,NA,NA,NA
Nooksack fall salmon 2023,2023,11,794,bank,145.88446784696785,17,2.236275294117647,1.411764705882353,1.2679039208626852,65.23546909931255
Nooksack fall salmon 2023,2023,11,794,boat,142.22233796296297,4,4.591665,1.75,1.3998335483073217,30.97402314039961
Nooksack fall salmon 2024,2024,11,794,bank,1524.1209138645222,10,2.934999,1.5,1.5592694645139291,519.2918000532615
Nooksack fall salmon 2024,2024,11,794,boat,304.8181481481481,2,4.725,2,1.520279579551077,64.51177738585146
Nooksack spring Chinook 2022,2022,5,790,bank,485.55185167677956,14,3.7000014285714284,1.7857142857142858,3.116657823929239,131.2301795148904
Nooksack spring Chinook 2022,2022,5,790,boat,0,2,5.31667,3,0.4242640687119283,0
Nooksack spring Chinook 2022,2022,6,790,bank,1524.5349063306633,42,2.5726192857142856,1.5714285714285714,1.6496647011488579,592.6002789438693
Nooksack spring Chinook 2022,2022,6,790,boat,13.630208333333334,NA,NA,NA,NA,NA
Nooksack spring Chinook 2022,2022,7,790,bank,862.601363472005,4,6.366665,1.75,1.2242164689983006,135.48716062051403
Nooksack spring Chinook 2022,2022,7,790,boat,148.1725,4,4.3625,2.5,1.109999332672472,33.965042979942695
Nooksack winter gamefish 2022-23,2022,12,790,bank,1296.7979439525425,16,3.225000625,1.5625,1.4393146298544028,402.1078116698171
Nooksack winter gamefish 2022-23,2022,12,790,boat,133.62301215277776,NA,NA,NA,NA,NA
Nooksack winter gamefish 2022-23,2022,12,792,bank,759.4017080297905,5,2.173334,1.8,0.7601730541330705,349.4178566339966
Nooksack winter gamefish 2022-23,2022,12,792,boat,0,NA,NA,NA,NA,NA
Nooksack winter gamefish 2022-23,2022,12,794,bank,107.36893312753858,5,1.223334,1.2,1.0291323152199623,87.76747243805747
Nooksack winter gamefish 2022-23,2022,12,794,boat,208.55649305555553,8,4.40625125,1.5,2.4431455959037582,47.33195662765611
Nooksack winter gamefish 2022-23,2023,1,790,bank,696.2086985928624,5,2.943332,1.2,0.9983742367819793,236.53760384246917
Nooksack winter gamefish 2022-23,2023,1,790,boat,267.4061458333333,NA,NA,NA,NA,NA
Nooksack winter gamefish 2022-23,2023,1,792,bank,190.14046637179655,NA,NA,NA,NA,NA
Nooksack winter gamefish 2022-23,2023,1,792,boat,0,NA,NA,NA,NA,NA
Nooksack winter gamefish 2022-23,2023,1,794,bank,95.49541695123801,NA,NA,NA,NA,NA
Nooksack winter gamefish 2022-23,2023,1,794,boat,37.333072916666666,NA,NA,NA,NA,NA
Nooksack winter gamefish 2022-23,2023,2,790,bank,1568.1863109389228,62,3.706720322580645,1.5,2.145994858559505,423.06572238154195
Nooksack winter gamefish 2022-23,2023,2,790,boat,893.6326562499999,25,6.533334,2.44,2.2135895078506915,136.78049465250052
North Fork Skykomish summer gamefish 2025,2025,5,846,bank,21.922708333333336,6,0.91111,1.6666666666666667,0.32346473848010077,24.061538489681087
North Fork Skykomish summer gamefish 2025,2025,6,846,bank,294.66027777777776,1,2.48333,1,NA,118.65530468273559
North Fork Skykomish summer gamefish 2025,2025,7,846,bank,35.554722222222225,3,2.661113333333333,2,2.1935738258908297,13.360844792613953
Post Quillayute winter steelhead 2023-24,2024,1,398,bank,0,NA,NA,NA,NA,NA
Post Quillayute winter steelhead 2023-24,2024,1,398,boat,0,NA,NA,NA,NA,NA
Post Quillayute winter steelhead 2023-24,2024,1,404,bank,6.483112618536526,NA,NA,NA,NA,NA
Post Quillayute winter steelhead 2023-24,2024,1,404,boat,70.57748015873015,NA,NA,NA,NA,NA
Post Quillayute winter steelhead 2023-24,2024,1,406,bank,50.702320339659046,8,5.7479175,1.5,2.8568966200444543,8.820989573990762
Post Quillayute winter steelhead 2023-24,2024,1,406,boat,1172.2789682539683,10,7.364999,2.2,1.4482734834005322,159.16892429367178
Post Quillayute winter steelhead 2023-24,2024,2,398,bank,0,NA,NA,NA,NA,NA
Post Quillayute winter steelhead 2023-24,2024,2,398,boat,0,8,7.92083375,2.625,0.7766814504017812,0
Post Quillayute winter steelhead 2023-24,2024,2,404,bank,31.645072546023385,NA,NA,NA,NA,NA
Post Quillayute winter steelhead 2023-24,2024,2,404,boat,1963.0769091710756,7,7.62381,2.4285714285714284,1.312717807578359,257.4928951759128
Post Quillayute winter steelhead 2023-24,2024,2,406,bank,511.8696718884191,10,3.856666,2.1,2.904682024629279,132.72336051097477
Post Quillayute winter steelhead 2023-24,2024,2,406,boat,4171.829822530864,93,7.17598559139785,2.5483870967741935,1.9115957831996433,581.359838226516
Post Quillayute winter steelhead 2023-24,2024,3,398,bank,0,1,10.16667,3,NA,0
Post Quillayute winter steelhead 2023-24,2024,3,398,boat,0,9,8.055555555555555,2.5555555555555554,1.5143984871155207,0
Post Quillayute winter steelhead 2023-24,2024,3,404,bank,37.62970663215771,1,1.65,1,NA,22.805882807368313
Post Quillayute winter steelhead 2023-24,2024,3,404,boat,2407.5957076719574,NA,NA,NA,NA,NA
Post Quillayute winter steelhead 2023-24,2024,3,406,bank,559.8416359202231,17,4.871568235294117,1.7647058823529411,2.0082962325726355,114.92020821225817
Post Quillayute winter steelhead 2023-24,2024,3,406,boat,5869.027876984126,126,7.068254047619048,2.611111111111111,2.121540716780398,830.3362948536233
Pre Quillayute winter steelhead 2023-24,2023,12,398,bank,0,NA,NA,NA,NA,NA
Pre Quillayute winter steelhead 2023-24,2023,12,398,boat,0,NA,NA,NA,NA,NA
Pre Quillayute winter steelhead 2023-24,2023,12,404,bank,48.654436880542505,NA,NA,NA,NA,NA
Pre Quillayute winter steelhead 2023-24,2023,12,404,boat,302.54812499999997,1,7.53333,3,NA,40.16127330144836
Pre Quillayute winter steelhead 2023-24,2023,12,406,bank,973.6126024387063,14,3.282142857142857,1.4285714285714286,2.244295028423535,296.6393130389965
Pre Quillayute winter steelhead 2023-24,2023,12,406,boat,583.6979375000001,9,6.714815555555556,2.4444444444444446,1.9942880950799906,86.92687575268884
Pre Quillayute winter steelhead 2023-24,2024,1,398,bank,0,NA,NA,NA,NA,NA
Pre Quillayute winter steelhead 2023-24,2024,1,398,boat,0,NA,NA,NA,NA,NA
Pre Quillayute winter steelhead 2023-24,2024,1,404,bank,221.27869666145017,NA,NA,NA,NA,NA
Pre Quillayute winter steelhead 2023-24,2024,1,404,boat,66.3178125,NA,NA,NA,NA,NA
Pre Quillayute winter steelhead 2023-24,2024,1,406,bank,872.0554829812206,8,4.93333375,1.75,1.608336353316126,176.76798837727543
Pre Quillayute winter steelhead 2023-24,2024,1,406,boat,1568.72925,74,6.663738513513514,2.4864864864864864,1.4174048571850362,235.4127862038323
Puyallup Carbon salmon 2024,2024,8,802,bank,0,NA,NA,NA,NA,NA
Puyallup Carbon salmon 2024,2024,8,804,bank,62752.21956109929,NA,NA,NA,NA,NA
Puyallup Carbon salmon 2024,2024,9,802,bank,27638.878978317243,NA,NA,NA,NA,NA
Puyallup Carbon salmon 2024,2024,9,804,bank,35969.599179689256,NA,NA,NA,NA,NA
Puyallup Carbon salmon 2024,2024,10,802,bank,8758.31983608317,NA,NA,NA,NA,NA
Puyallup Carbon salmon 2024,2024,10,804,bank,2824.7886812446554,NA,NA,NA,NA,NA
Puyallup Carbon salmon 2025,2025,8,804,bank,112964.08830739598,NA,NA,NA,NA,NA
Puyallup Carbon salmon 2025,2025,9,802,bank,32235.161982969068,NA,NA,NA,NA,NA
Puyallup Carbon salmon 2025,2025,9,804,bank,112805.09532650572,NA,NA,NA,NA,NA
Puyallup Carbon salmon 2025,2025,10,802,bank,10949.607519770889,NA,NA,NA,NA,NA
Puyallup Carbon salmon 2025,2025,10,804,bank,7189.376889498386,NA,NA,NA,NA,NA
Puyallup_Carbon salmon 2022,2022,8,802,bank,8242.849664213432,NA,NA,NA,NA,NA
Puyallup_Carbon salmon 2022,2022,8,804,bank,56761.85054247163,NA,NA,NA,NA,NA
Puyallup_Carbon salmon 2022,2022,9,802,bank,10078.2193074977,NA,NA,NA,NA,NA
Puyallup_Carbon salmon 2022,2022,9,804,bank,31627.998601655934,NA,NA,NA,NA,NA
Puyallup_Carbon salmon 2023,2023,8,802,bank,15182.038654970758,NA,NA,NA,NA,NA
Puyallup_Carbon salmon 2023,2023,8,804,bank,171192.36550804094,NA,NA,NA,NA,NA
Puyallup_Carbon salmon 2023,2023,9,802,bank,25694.19394371345,NA,NA,NA,NA,NA
Puyallup_Carbon salmon 2023,2023,9,804,bank,94558.28306652047,NA,NA,NA,NA,NA
Puyallup_Carbon salmon 2023,2023,10,802,bank,7079.630493421053,NA,NA,NA,NA,NA
Puyallup_Carbon salmon 2023,2023,10,804,bank,5604.106429093567,NA,NA,NA,NA,NA
Queets winter steelhead 2024-25,2024,12,392,bank,0,NA,NA,NA,NA,NA
Queets winter steelhead 2024-25,2024,12,392,boat,0,NA,NA,NA,NA,NA
Queets winter steelhead 2024-25,2024,12,396,bank,0,NA,NA,NA,NA,NA
Queets winter steelhead 2024-25,2024,12,396,boat,0,NA,NA,NA,NA,NA
Queets winter steelhead 2024-25,2025,1,392,bank,48.37802960157128,6,4.455555,1.8333333333333333,2.8605094560497437,10.857913234506425
Queets winter steelhead 2024-25,2025,1,392,boat,624.2537202380952,3,7.7055533333333335,2.6666666666666665,1.3462206838528867,81.01348381272578
Queets winter steelhead 2024-25,2025,1,396,bank,790.0388194444445,10,3.043332,1.5,2.131831605121651,259.5966590054731
Queets winter steelhead 2024-25,2025,1,396,boat,0,NA,NA,NA,NA,NA
Queets winter steelhead 2024-25,2025,2,392,bank,250.18871492704835,4,3.5375,2,2.653664307946027,70.72472506771685
Queets winter steelhead 2024-25,2025,2,392,boat,1176.423363095238,17,7.114705882352941,2.9411764705882355,1.5615270343243295,165.35094809937203
Queets winter steelhead 2024-25,2025,2,396,bank,252.95141414141412,8,4.2854175,2,1.9181962354309394,59.02608418932673
Queets winter steelhead 2024-25,2025,2,396,boat,25.564285714285713,NA,NA,NA,NA,NA
Queets winter steelhead 2025-26,2025,12,392,bank,0,NA,NA,NA,NA,NA
Queets winter steelhead 2025-26,2025,12,392,boat,0,NA,NA,NA,NA,NA
Queets winter steelhead 2025-26,2025,12,396,bank,0,1,6.95,2,NA,0
Queets winter steelhead 2025-26,2025,12,396,boat,0,NA,NA,NA,NA,NA
Queets winter steelhead 2025-26,2026,1,392,bank,24.83909458063304,NA,NA,NA,NA,NA
Queets winter steelhead 2025-26,2026,1,392,boat,130.44637152777776,NA,NA,NA,NA,NA
Queets winter steelhead 2025-26,2026,1,396,bank,333.18309805579037,2,7.233335,3,0.40069619969498105,46.0621688413146
Queets winter steelhead 2025-26,2026,1,396,boat,11.620208333333334,NA,NA,NA,NA,NA
Queets winter steelhead 2025-26,2026,2,392,bank,143.7884134028364,NA,NA,NA,NA,NA
Queets winter steelhead 2025-26,2026,2,392,boat,2184.120451388889,5,7.343332,2.6,0.6510263947567717,297.42907598197775
Queets winter steelhead 2025-26,2026,2,396,bank,366.7073988760527,4,4.875,3,0.890954315663828,75.22203053867747
Queets winter steelhead 2025-26,2026,2,396,boat,58.198732638888885,NA,NA,NA,NA,NA
Queets winter steelhead 2025-26,2026,3,392,bank,119.97839266146956,NA,NA,NA,NA,NA
Queets winter steelhead 2025-26,2026,3,392,boat,1299.4360243055555,4,8.1541675,2.75,0.4232505934136418,159.35851505448662
Quillayute fall salmon 2022,2022,9,398,bank,67.18300295033274,NA,NA,NA,NA,NA
Quillayute fall salmon 2022,2022,9,398,boat,0,NA,NA,NA,NA,NA
Quillayute fall salmon 2022,2022,9,400,bank,0,NA,NA,NA,NA,NA
Quillayute fall salmon 2022,2022,9,400,boat,0,NA,NA,NA,NA,NA
Quillayute fall salmon 2022,2022,9,402,bank,84.64643214772245,NA,NA,NA,NA,NA
Quillayute fall salmon 2022,2022,9,402,boat,0,NA,NA,NA,NA,NA
Quillayute fall salmon 2022,2022,9,404,bank,1614.1191975893587,3,4.0722233333333335,2.3333333333333335,0.9295069282331002,396.37295537720803
Quillayute fall salmon 2022,2022,9,404,boat,130.84148148148148,2,5.441665,1.5,0.12963388619493021,24.044383746791006
Quillayute fall salmon 2022,2022,9,406,bank,84.64643214772245,NA,NA,NA,NA,NA
Quillayute fall salmon 2022,2022,9,406,boat,0,NA,NA,NA,NA,NA
Quillayute fall salmon 2022,2022,10,398,bank,174.97038458250208,1,5.25,1,NA,33.32769230142897
Quillayute fall salmon 2022,2022,10,398,boat,41.251934156378596,NA,NA,NA,NA,NA
Quillayute fall salmon 2022,2022,10,400,bank,15.331995495917505,NA,NA,NA,NA,NA
Quillayute fall salmon 2022,2022,10,400,boat,5.201481481481481,NA,NA,NA,NA,NA
Quillayute fall salmon 2022,2022,10,402,bank,11.598959781174699,NA,NA,NA,NA,NA
Quillayute fall salmon 2022,2022,10,402,boat,44.84166666666666,NA,NA,NA,NA,NA
Quillayute fall salmon 2022,2022,10,404,bank,795.4180064260053,6,6.641666666666667,4.166666666666667,3.73277885465864,119.76180774293681
Quillayute fall salmon 2022,2022,10,404,boat,436.0701646090535,1,2,2,NA,218.03508230452675
Quillayute fall salmon 2022,2022,10,406,bank,497.47709390390855,NA,NA,NA,NA,NA
Quillayute fall salmon 2022,2022,10,406,boat,879.5559670781893,1,5.68333,4,NA,154.76067148629224
Quillayute fall salmon 2022,2022,11,398,bank,984.4659255414706,28,4.658928214285714,1.4285714285714286,2.732164111805408,211.30738235519357
Quillayute fall salmon 2022,2022,11,398,boat,1489.0591975308641,29,6.9212644827586205,2.7586206896551726,1.5410124036202077,215.14265221914582
Quillayute fall salmon 2022,2022,11,400,bank,693.6136584074757,6,6.558333333333334,1.6666666666666667,2.1872298410973334,105.76065947763288
Quillayute fall salmon 2022,2022,11,400,boat,37.81839506172839,NA,NA,NA,NA,NA
Quillayute fall salmon 2022,2022,11,402,bank,76.24420145773468,NA,NA,NA,NA,NA
Quillayute fall salmon 2022,2022,11,402,boat,80.4904732510288,2,6.008335,1.5,4.254428157161665,13.396468947059178
Quillayute fall salmon 2022,2022,11,404,bank,203.83337770287199,9,4.88889,2.111111111111111,3.4136358793337935,41.69318141804622
Quillayute fall salmon 2022,2022,11,404,boat,597.4154938271604,23,6.299999565217392,2.4347826086956523,1.8645353091843708,94.82786270740728
Quillayute fall salmon 2022,2022,11,406,bank,1328.9968649941634,22,4.150756818181818,1.9545454545454546,2.853126521944431,320.18181821027815
Quillayute fall salmon 2022,2022,11,406,boat,1392.3629218106996,32,6.4921884375,2.96875,2.236143560204905,214.46742269034755
Quillayute fall salmon 2022,2022,12,398,bank,447.56924986523086,55,4.076364,1.7454545454545454,2.2637226896760287,109.79619333926776
Quillayute fall salmon 2022,2022,12,398,boat,196.76333333333335,41,6.4166668292682925,2.2195121951219514,1.6621691232985876,30.66441480736358
Quillayute fall salmon 2022,2022,12,400,bank,363.16094408727827,11,4.89394,1.8181818181818181,2.578342390339188,74.20625183130122
Quillayute fall salmon 2022,2022,12,400,boat,13.965925925925925,4,4.0333325,2.25,0.4642781733239244,3.4626269780450594
Quillayute fall salmon 2022,2022,12,402,bank,4.057803714562604,NA,NA,NA,NA,NA
Quillayute fall salmon 2022,2022,12,402,boat,0,NA,NA,NA,NA,NA
Quillayute fall salmon 2022,2022,12,404,bank,85.44304793292412,1,2,3,NA,42.72152396646206
Quillayute fall salmon 2022,2022,12,404,boat,21.023148148148145,2,5.68333,2,0.9899494936611668,3.6990898202547005
Quillayute fall salmon 2022,2022,12,406,bank,78.72632305503551,1,1.33333,1,NA,59.04488990350139
Quillayute fall salmon 2022,2022,12,406,boat,9.310617283950616,NA,NA,NA,NA,NA
Quillayute fall salmon 2023,2023,9,398,bank,0,NA,NA,NA,NA,NA
Quillayute fall salmon 2023,2023,9,398,boat,0,NA,NA,NA,NA,NA
Quillayute fall salmon 2023,2023,9,400,bank,0,NA,NA,NA,NA,NA
Quillayute fall salmon 2023,2023,9,400,boat,0,NA,NA,NA,NA,NA
Quillayute fall salmon 2023,2023,9,402,bank,0,NA,NA,NA,NA,NA
Quillayute fall salmon 2023,2023,9,402,boat,0,NA,NA,NA,NA,NA
Quillayute fall salmon 2023,2023,9,404,bank,0,NA,NA,NA,NA,NA
Quillayute fall salmon 2023,2023,9,404,boat,0,NA,NA,NA,NA,NA
Quillayute fall salmon 2023,2023,9,406,bank,0,NA,NA,NA,NA,NA
Quillayute fall salmon 2023,2023,9,406,boat,0,NA,NA,NA,NA,NA
Quillayute fall salmon 2023,2023,10,398,bank,391.7274420298329,5,5.183332,2.2,2.6746762161278514,75.57444555545214
Quillayute fall salmon 2023,2023,10,398,boat,1006.3512310606061,19,6.8421042105263155,2.9473684210526314,2.095633103997495,147.08212562918484
Quillayute fall salmon 2023,2023,10,400,bank,406.295460885737,3,2.6888900000000002,1.6666666666666667,2.07901880347437,151.101555246119
Quillayute fall salmon 2023,2023,10,400,boat,33.54327651515151,NA,NA,NA,NA,NA
Quillayute fall salmon 2023,2023,10,402,bank,134.1827605319379,NA,NA,NA,NA,NA
Quillayute fall salmon 2023,2023,10,402,boat,735.2465909090909,NA,NA,NA,NA,NA
Quillayute fall salmon 2023,2023,10,404,bank,2649.743911273572,32,5.33489625,1.9375,3.1585393512413806,496.6814324221529
Quillayute fall salmon 2023,2023,10,404,boat,4704.036505681818,36,6.647685555555555,2.3333333333333335,2.409321588928474,707.6201884655322
Quillayute fall salmon 2023,2023,10,406,bank,1626.9848523822532,33,4.2752530303030305,2.0606060606060606,2.8181181667365425,380.55872736658404
Quillayute fall salmon 2023,2023,10,406,boat,664.3426609848484,5,5.766666,2.8,2.4296484770908733,115.20394296892665
Quillayute fall salmon 2023,2023,11,398,bank,402.87082864175704,6,3.1277783333333335,1.8333333333333333,1.7577952457373032,128.8041496893451
Quillayute fall salmon 2023,2023,11,398,boat,854.7039299242424,18,6.168518888888888,2.888888888888889,1.5556544116597169,138.55901964793966
Quillayute fall salmon 2023,2023,11,400,bank,70.48552890523001,3,1.8222233333333333,2,1.0463334218275422,38.68105934978516
Quillayute fall salmon 2023,2023,11,400,boat,29.579545454545453,NA,NA,NA,NA,NA
Quillayute fall salmon 2023,2023,11,402,bank,11.444217802012133,NA,NA,NA,NA,NA
Quillayute fall salmon 2023,2023,11,402,boat,0,NA,NA,NA,NA,NA
Quillayute fall salmon 2023,2023,11,404,bank,187.39527570410735,4,2.3458325,2.5,1.984309719984509,79.88433773686201
Quillayute fall salmon 2023,2023,11,404,boat,422.8735795454545,1,2.4,5,NA,176.19732481060606
Quillayute fall salmon 2023,2023,11,406,bank,505.83892192725386,10,3.341667,1.5,1.8896618173516304,151.37322836992848
Quillayute fall salmon 2023,2023,11,406,boat,444.0451231060606,6,5.644445,2.6666666666666665,1.4103049683348634,78.66940383085681
Quillayute fall salmon 2024,2024,9,398,bank,394.7246201836757,13,2.0974361538461537,2.076923076923077,1.0967927102658495,188.19386681203773
Quillayute fall salmon 2024,2024,9,398,boat,914.50001322751325,11,6.1393936363636366,2.5454545454545454,1.8675638825928966,148.95608058276773
Quillayute fall salmon 2024,2024,9,400,bank,372.48012117073,10,4.261667,2.2,1.6234024637371283,87.40244631284659
Quillayute fall salmon 2024,2024,9,400,boat,47.577242063492065,NA,NA,NA,NA,NA
Quillayute fall salmon 2024,2024,9,402,bank,169.54566711848577,1,0.51667,2,NA,328.15078699844344
Quillayute fall salmon 2024,2024,9,402,boat,447.7544212962963,NA,NA,NA,NA,NA
Quillayute fall salmon 2024,2024,9,404,bank,1885.3805998445293,23,4.657246521739131,2.347826086956522,3.782992624494298,404.8273139598549
Quillayute fall salmon 2024,2024,9,404,boat,2981.821746031746,25,5.3413324,2.36,1.6302634449128153,558.2542936350013
Quillayute fall salmon 2024,2024,9,406,bank,1301.5422179324569,18,2.5361105555555556,2.1666666666666665,1.4513266806593859,513.2040537749126
Quillayute fall salmon 2024,2024,9,406,boat,259.73810185185187,1,3.98333,2,NA,65.20627260404031
Quillayute fall salmon 2024,2024,10,398,bank,168.33613992729502,11,4.375758181818182,2,3.148425904923977,38.47016515372183
Quillayute fall salmon 2024,2024,10,398,boat,1161.9581216931217,8,5.9229175,2.125,2.7660622568437816,196.18002811842675
Quillayute fall salmon 2024,2024,10,400,bank,192.06894384085746,5,2.620002,2,0.9064113672444758,73.308701230326335
Quillayute fall salmon 2024,2024,10,400,boat,114.21777116402116,NA,NA,NA,NA,NA
Quillayute fall salmon 2024,2024,10,402,bank,47.917650650898295,3,1.9944433333333333,1.3333333333333333,0.9916766759550883,24.02557638517262
Quillayute fall salmon 2024,2024,10,402,boat,493.91482473544977,2,7.074999999999999,2.5,0.22391243333053196,69.81128264812011
Quillayute fall salmon 2024,2024,10,404,bank,843.294590990184,45,3.524814222222222,2,2.4429807127131777,239.24511699755007
Quillayute fall salmon 2024,2024,10,404,boat,3638.241091269841,41,5.541057804878049,2.341463414634146,2.638693992884086,656.5968483611431
Quillayute fall salmon 2024,2024,10,406,bank,1725.007101836377,40,2.42833325,1.925,1.5869044690914762,710.3667101030622
Quillayute fall salmon 2024,2024,10,406,boat,5257.720744047619,40,6.81750075,2.75,1.7659446432584656,771.2094119018057
Quillayute fall salmon 2024,2024,11,398,bank,687.7205773111197,23,3.3833334782608695,2.0434782608695654,1.7033684512795888,203.26715700062405
Quillayute fall salmon 2024,2024,11,398,boat,1133.711183862434,17,5.737255294117647,2.588235294117647,1.730651207295673,197.60514841039358
Quillayute fall salmon 2024,2024,11,400,bank,324.11132970716545,2,2.9666699999999997,1.5,0.7778174593052023,109.25088725984537
Quillayute fall salmon 2024,2024,11,400,boat,25.81207671957672,NA,NA,NA,NA,NA
Quillayute fall salmon 2024,2024,11,402,bank,24.139824002777438,NA,NA,NA,NA,NA
Quillayute fall salmon 2024,2024,11,402,boat,45.44234788359789,NA,NA,NA,NA,NA
Quillayute fall salmon 2024,2024,11,404,bank,84.19313252882287,NA,NA,NA,NA,NA
Quillayute fall salmon 2024,2024,11,404,boat,211.48352513227513,1,4.31667,3,NA,48.992284592585285
Quillayute fall salmon 2024,2024,11,406,bank,498.4039022521688,18,2.305555555555556,1.6111111111111112,2.1458575901934522,216.17518651901295
Quillayute fall salmon 2024,2024,11,406,boat,2233.0358994708995,57,6.1456140350877195,2.6140350877192984,1.456902372495028,363.35439985681205
Quillayute fall salmon 2025,2025,9,398,bank,296.1076679226694,4,3.4083325,1.75,2.0906536590800973,86.87757662219558
Quillayute fall salmon 2025,2025,9,398,boat,428.79875578703707,2,6.758335,2.5,1.0017369637035463,63.44739581376731
Quillayute fall salmon 2025,2025,9,400,bank,726.7506651188871,12,6.4652775,2.0833333333333335,2.5211767666567027,112.4082709704088
Quillayute fall salmon 2025,2025,9,400,boat,0,NA,NA,NA,NA,NA
Quillayute fall salmon 2025,2025,9,402,bank,223.51195324250767,NA,NA,NA,NA,NA
Quillayute fall salmon 2025,2025,9,402,boat,63.97685185185186,NA,NA,NA,NA,NA
Quillayute fall salmon 2025,2025,9,404,bank,2930.5690556846002,34,3.183333823529412,1.8823529411764706,2.257706410430076,920.5974673543451
Quillayute fall salmon 2025,2025,9,404,boat,3857.469010416667,25,5.0593328,2.64,2.3384432096242294,762.4461886390765
Quillayute fall salmon 2025,2025,9,406,bank,2798.8954058145464,19,4.198246842105263,1.4210526315789473,4.07244961349507,666.6819534629855
Quillayute fall salmon 2025,2025,9,406,boat,579.7218846450618,3,6.044443333333334,3.6666666666666665,2.1071508321981445,95.90988825191982
Quillayute fall salmon 2025,2025,10,398,bank,221.72468857011773,1,4.21667,1,NA,52.58288852817929
Quillayute fall salmon 2025,2025,10,398,boat,1072.8678819444444,12,5.941666666666666,2.4166666666666665,1.8622855703303416,180.5668244506779
Quillayute fall salmon 2025,2025,10,400,bank,180.4012798080166,NA,NA,NA,NA,NA
Quillayute fall salmon 2025,2025,10,400,boat,28.419945987654323,1,5.8,2,NA,4.899990687526608
Quillayute fall salmon 2025,2025,10,402,bank,304.730615895788,3,2.1777766666666665,2.3333333333333335,2.862802321089134,139.92739501714502
Quillayute fall salmon 2025,2025,10,402,boat,0,NA,NA,NA,NA,NA
Quillayute fall salmon 2025,2025,10,404,bank,3036.8526536282398,32,4.82864625,2.28125,3.1797645254455964,628.9242359860674
Quillayute fall salmon 2025,2025,10,404,boat,4791.383844521605,66,6.057323181818182,2.8181818181818183,1.975590915119329,791.006802956056
Quillayute fall salmon 2025,2025,10,406,bank,4216.477583612694,41,3.973577317073171,1.975609756097561,3.1020152739952978,1061.128863781223
Quillayute fall salmon 2025,2025,10,406,boat,1878.4658950617286,22,6.748485,2.4545454545454546,1.7844862977358897,278.3537186585921
Quillayute fall salmon 2025,2025,11,398,bank,1794.7393125040524,34,5.675000294117647,2,2.7530153713133876,316.2536069582882
Quillayute fall salmon 2025,2025,11,398,boat,1494.2226080246915,21,6.367460476190476,2.3333333333333335,2.3923352583542217,234.6653918955544
Quillayute fall salmon 2025,2025,11,400,bank,668.0375097450456,7,6.2,2.142857142857143,1.956873294978497,107.74798544274928
Quillayute fall salmon 2025,2025,11,400,boat,139.051350308642,3,6.766666666666667,3.6666666666666665,0.9073771725877466,20.54946063674512
Quillayute fall salmon 2025,2025,11,402,bank,39.83762813525149,1,0.51667,1,NA,77.10458926442699
Quillayute fall salmon 2025,2025,11,402,boat,0,NA,NA,NA,NA,NA
Quillayute fall salmon 2025,2025,11,404,bank,242.0543243997986,1,2,3,NA,121.0271621998993
Quillayute fall salmon 2025,2025,11,404,boat,245.78726851851854,2,2.25,2,0.3535533905932738,109.23878600823046
Quillayute fall salmon 2025,2025,11,406,bank,1442.497167982464,8,1.7458325000000001,2.25,0.8486551873363276,826.2517555277863
Quillayute fall salmon 2025,2025,11,406,boat,1188.1898437500001,28,6.273215,2.7142857142857144,1.1561721006086965,189.4068422252386
Quillayute fall salmon 2025,2025,12,398,bank,130.88703432825113,NA,NA,NA,NA,NA
Quillayute fall salmon 2025,2025,12,398,boat,163.85717592592593,NA,NA,NA,NA,NA
Quillayute fall salmon 2025,2025,12,400,bank,21.938900413298622,NA,NA,NA,NA,NA
Quillayute fall salmon 2025,2025,12,400,boat,9.638657407407408,NA,NA,NA,NA,NA
Quillayute fall salmon 2025,2025,12,402,bank,0,NA,NA,NA,NA,NA
Quillayute fall salmon 2025,2025,12,402,boat,0,NA,NA,NA,NA,NA
Quillayute fall salmon 2025,2025,12,404,bank,0,NA,NA,NA,NA,NA
Quillayute fall salmon 2025,2025,12,404,boat,0,NA,NA,NA,NA,NA
Quillayute fall salmon 2025,2025,12,406,bank,5.244122985862384,NA,NA,NA,NA,NA
Quillayute fall salmon 2025,2025,12,406,boat,9.638657407407408,NA,NA,NA,NA,NA
Quillayute spring chinook 2025,2025,5,398,bank,0,NA,NA,NA,NA,NA
Quillayute spring chinook 2025,2025,5,398,boat,0,NA,NA,NA,NA,NA
Quillayute spring chinook 2025,2025,5,400,bank,0,NA,NA,NA,NA,NA
Quillayute spring chinook 2025,2025,5,400,boat,0,NA,NA,NA,NA,NA
Quillayute spring chinook 2025,2025,5,404,bank,574.1166583994709,NA,NA,NA,NA,NA
Quillayute spring chinook 2025,2025,5,404,boat,3075.6827132936505,NA,NA,NA,NA,NA
Quillayute spring chinook 2025,2025,5,406,bank,4932.618265542329,11,2.6636363636363636,1.8181818181818181,1.5934198160263524,1851.8362089066766
Quillayute spring chinook 2025,2025,5,406,boat,6712.93099371693,64,7.44114546875,2.578125,1.919137018559677,902.1367774502869
Quillayute spring chinook 2025,2025,6,398,bank,439.78209490740744,NA,NA,NA,NA,NA
Quillayute spring chinook 2025,2025,6,398,boat,483.40410879629627,1,9.23333,2,NA,52.35425451016007
Quillayute spring chinook 2025,2025,6,400,bank,412.6423379629629,NA,NA,NA,NA,NA
Quillayute spring chinook 2025,2025,6,400,boat,0,NA,NA,NA,NA,NA
Quillayute spring chinook 2025,2025,6,404,bank,234.1561970899471,2,3.65,1,0.47139980674582393,64.15238276436908
Quillayute spring chinook 2025,2025,6,404,boat,1220.4716021825395,1,2,2,NA,610.2358010912698
Quillayute spring chinook 2025,2025,6,406,bank,2086.6814335317463,4,2.3916675,1.75,2.520085194768555,872.4797378948981
Quillayute spring chinook 2025,2025,6,406,boat,3613.6939070767194,15,7.6200019999999995,2.6666666666666665,1.219635641013917,474.23792107623063
Quillayute winter steelhead 2022-23,2022,12,398,bank,137.48886866343068,2,2.875,2.5,1.590990257669732,47.822215187280236
Quillayute winter steelhead 2022-23,2022,12,398,boat,749.0255208333332,3,5,2,1.5206906325745548,149.80510416666664
Quillayute winter steelhead 2022-23,2022,12,400,bank,0,2,3.5,2.5,2.1213203435596424,0
Quillayute winter steelhead 2022-23,2022,12,400,boat,0,NA,NA,NA,NA,NA
Quillayute winter steelhead 2022-23,2022,12,406,bank,137.19019923187713,1,2.18333,2,NA,62.83530168681652
Quillayute winter steelhead 2022-23,2022,12,406,boat,172.21130208333332,1,5.5,2,NA,31.31114583333333
Quillayute winter steelhead 2022-23,2023,1,398,bank,331.97726691826256,1,3,3,NA,110.65908897275419
Quillayute winter steelhead 2022-23,2023,1,398,boat,1722.9328645833334,5,7.626666,2,0.9292762655852134,225.9090491944099
Quillayute winter steelhead 2022-23,2023,1,400,bank,128.6360841734678,1,1,2,NA,128.6360841734678
Quillayute winter steelhead 2022-23,2023,1,400,boat,87.29875,1,4,2,NA,21.8246875
Quillayute winter steelhead 2022-23,2023,1,406,bank,1801.9872814576263,9,5.535185555555556,1.8888888888888888,2.8956574001990942,325.55137734253685
Quillayute winter steelhead 2022-23,2023,1,406,boat,11232.37165798611,58,6.902011724137931,2.3793103448275863,1.4354402958614965,1627.4054734946203
Quillayute winter steelhead 2022-23,2023,2,398,bank,0,1,8.83333,2,NA,0
Quillayute winter steelhead 2022-23,2023,2,398,boat,0,9,8.212964444444445,2.4444444444444446,1.2051889073824809,0
Quillayute winter steelhead 2022-23,2023,2,400,bank,0,NA,NA,NA,NA,NA
Quillayute winter steelhead 2022-23,2023,2,400,boat,0,NA,NA,NA,NA,NA
Quillayute winter steelhead 2022-23,2023,2,406,bank,2274.8104379811884,20,5.4966665,1.85,2.9948815593262395,413.8527301922335
Quillayute winter steelhead 2022-23,2023,2,406,boat,10739.195729166666,60,7.2069445,2.3,1.6683360413119486,1490.117723144207
Quillayute winter steelhead 2022-23,2023,3,398,bank,0,NA,NA,NA,NA,NA
Quillayute winter steelhead 2022-23,2023,3,398,boat,0,NA,NA,NA,NA,NA
Quillayute winter steelhead 2022-23,2023,3,400,bank,0,NA,NA,NA,NA,NA
Quillayute winter steelhead 2022-23,2023,3,400,boat,0,NA,NA,NA,NA,NA
Quillayute winter steelhead 2022-23,2023,3,406,bank,280.81614462758483,1,4.31667,4,NA,65.05388288370082
Quillayute winter steelhead 2022-23,2023,3,406,boat,2569.98328125,28,7.670833928571429,2.6785714285714284,1.2271501056070533,335.0331013786683
Quillayute winter steelhead 2024-25,2024,12,398,bank,1913.6300942485063,65,3.907692,1.7846153846153847,2.229990083664331,489.708527245368
Quillayute winter steelhead 2024-25,2024,12,398,boat,2239.1346043771046,31,5.401075161290323,2.4193548387096775,1.9872836537123917,414.5720134437405
Quillayute winter steelhead 2024-25,2024,12,400,bank,886.029707480503,14,3.0821435714285714,1.9285714285714286,1.3386016324083367,287.47191263054265
Quillayute winter steelhead 2024-25,2024,12,400,boat,95.74621212121214,3,4.333333333333333,2.3333333333333335,1.1547005383792515,22.095279720279727
Quillayute winter steelhead 2024-25,2024,12,404,bank,149.20067003338204,1,0.5,2,NA,298.4013400667641
Quillayute winter steelhead 2024-25,2024,12,404,boat,64.71068392255893,NA,NA,NA,NA,NA
Quillayute winter steelhead 2024-25,2024,12,406,bank,225.1469478912801,2,0.75,2.5,0.3535533905932738,300.19593052170677
Quillayute winter steelhead 2024-25,2024,12,406,boat,222.7363173400674,9,6.04815,1.8888888888888888,1.8012028148573387,36.82718142573636
Quillayute winter steelhead 2024-25,2025,1,398,bank,1023.8513073681786,19,3.5315784210526315,1.368421052631579,1.6624656839842278,289.91323009132185
Quillayute winter steelhead 2024-25,2025,1,398,boat,2285.8550968013474,24,6.556250416666667,2.75,1.7130278760809041,348.6528048090517
Quillayute winter steelhead 2024-25,2025,1,400,bank,477.05986699076374,5,3.53,2.2,1.1026717301400266,135.14443824100957
Quillayute winter steelhead 2024-25,2025,1,400,boat,26.434221380471385,5,3.81,2,2.3741840703702817,6.938115847892752
Quillayute winter steelhead 2024-25,2025,1,404,bank,75.17127533578561,NA,NA,NA,NA,NA
Quillayute winter steelhead 2024-25,2025,1,404,boat,1341.553505892256,2,7.5,2.5,0,178.87380078563413
Quillayute winter steelhead 2024-25,2025,1,406,bank,900.5242289631584,6,4.744445,1.5,2.11564654508025,189.80602134984355
Quillayute winter steelhead 2024-25,2025,1,406,boat,4491.309124579125,38,6.582894736842105,2.4210526315789473,1.580728073983523,682.2696251609304
Quillayute winter steelhead 2024-25,2025,2,398,bank,603.2306278011087,11,4.337879090909091,2.090909090909091,3.0596306299828235,139.0611898485832
Quillayute winter steelhead 2024-25,2025,2,398,boat,2881.5110521885526,37,7.112161891891891,2.5675675675675675,1.3741371124491946,405.1526239122276
Quillayute winter steelhead 2024-25,2025,2,400,bank,154.23734079381728,2,3.875,2,0.5303300858899106,39.80318472098511
Quillayute winter steelhead 2024-25,2025,2,400,boat,237.45450231481485,2,6.366665,2,0.23569990337291197,37.29652845167993
Quillayute winter steelhead 2024-25,2025,2,404,bank,128.27899633154723,NA,NA,NA,NA,NA
Quillayute winter steelhead 2024-25,2025,2,404,boat,2550.428375420876,2,5.708335,2,1.8974008391612984,446.7902418867981
Quillayute winter steelhead 2024-25,2025,2,406,bank,835.3151216812693,7,4.645237142857143,2.2857142857142856,2.61961507229411,179.82184676313264
Quillayute winter steelhead 2024-25,2025,2,406,boat,5336.860491372055,52,7.302243653846154,2.576923076923077,1.7860146869749725,730.8521523465031
Quillayute winter steelhead 2024-25,2025,3,398,bank,266.74671075839365,10,4.301667,1.7,2.462539319483267,62.01007905967469
Quillayute winter steelhead 2024-25,2025,3,398,boat,3686.4136458333337,47,7.042553191489362,2.5319148936170213,2.2688335952605847,523.4484633056395
Quillayute winter steelhead 2024-25,2025,3,400,bank,268.1261349061513,2,2.6083350000000003,1.5,0.5538979549068582,102.79589658006019
Quillayute winter steelhead 2024-25,2025,3,400,boat,372.3534953703704,30,5.523889,2.966666666666667,1.4198222680767307,67.4078525782054
Quillayute winter steelhead 2024-25,2025,3,404,bank,25.726957944112314,NA,NA,NA,NA,NA
Quillayute winter steelhead 2024-25,2025,3,404,boat,3827.878166035354,NA,NA,NA,NA,NA
Quillayute winter steelhead 2024-25,2025,3,406,bank,1598.0106670912803,19,3.609648947368421,1.6842105263157894,3.0709986186253535,442.70528530379505
Quillayute winter steelhead 2024-25,2025,3,406,boat,10148.865048400674,123,6.940244146341463,2.6097560975609757,1.9809236156543888,1462.321041508407
Quillayute winter steelhead 2025-26,2025,12,398,bank,4057.003139037326,73,4.494748904109589,1.9315068493150684,2.3977316508024606,902.6095173699184
Quillayute winter steelhead 2025-26,2025,12,398,boat,1821.2298913043478,22,6.604544545454545,2.4545454545454546,1.5953641450083913,275.75404765159396
Quillayute winter steelhead 2025-26,2025,12,400,bank,1072.1691497451457,7,4.085714285714285,2.4285714285714284,2.3464793203993732,262.4190226648958
Quillayute winter steelhead 2025-26,2025,12,400,boat,172.12190217391304,3,5.8999999999999995,2.3333333333333335,1.1269427669584646,29.17320375829035
Quillayute winter steelhead 2025-26,2025,12,402,bank,26.350705096396247,NA,NA,NA,NA,NA
Quillayute winter steelhead 2025-26,2025,12,402,boat,0,NA,NA,NA,NA,NA
Quillayute winter steelhead 2025-26,2025,12,404,bank,75.23537037462796,1,1.73333,1,NA,43.405104841333134
Quillayute winter steelhead 2025-26,2025,12,404,boat,246.37010869565216,1,7.28333,2,NA,33.826575027583836
Quillayute winter steelhead 2025-26,2025,12,406,bank,565.5256845776386,2,4,2.5,2.8284271247461903,141.38142114440964
Quillayute winter steelhead 2025-26,2025,12,406,boat,209.3600543478261,2,6.958335,2,0.2946301825169987,30.087665274498296
Quillayute winter steelhead 2025-26,2026,1,398,bank,2189.7068962668786,52,3.268269423076923,1.8653846153846154,1.930945682945011,669.9897140687293
Quillayute winter steelhead 2025-26,2026,1,398,boat,1094.1813586956523,19,6.407894736842105,2.4210526315789473,1.6991962426471865,170.75520176769933
Quillayute winter steelhead 2025-26,2026,1,400,bank,561.2960681043577,6,3.452776666666667,2.3333333333333335,2.0697146806423987,162.5636762212705
Quillayute winter steelhead 2025-26,2026,1,400,boat,228.43402173913043,1,9.46667,1,NA,24.1303459124624
Quillayute winter steelhead 2025-26,2026,1,402,bank,161.65984961837393,1,0.65,1,NA,248.7074609513445
Quillayute winter steelhead 2025-26,2026,1,402,boat,45.24326086956522,NA,NA,NA,NA,NA
Quillayute winter steelhead 2025-26,2026,1,404,bank,102.07385241423995,4,0.9541649999999999,1.5,0.23068982704055246,106.97715008854858
Quillayute winter steelhead 2025-26,2026,1,404,boat,833.7161413043478,NA,NA,NA,NA,NA
Quillayute winter steelhead 2025-26,2026,1,406,bank,1923.3104062611012,12,3.1513891666666667,1.4166666666666667,1.8671192892380222,610.3055841546391
Quillayute winter steelhead 2025-26,2026,1,406,boat,4955.4058695652175,63,7.072751746031746,2.492063492063492,1.3600760790835522,700.6333669700069
Quillayute winter steelhead 2025-26,2026,2,398,bank,931.3774116140515,23,2.910144347826087,1.9565217391304348,2.061048925222799,320.0450906532529
Quillayute winter steelhead 2025-26,2026,2,398,boat,2846.0678804347826,46,7.909783043478261,2.5652173913043477,1.284314101340339,359.8161750822496
Quillayute winter steelhead 2025-26,2026,2,400,bank,552.912223437123,10,2.949999,1.9,1.7780393140976007,187.42793588646063
Quillayute winter steelhead 2025-26,2026,2,400,boat,710.640652173913,9,5.318517777777778,2.3333333333333335,1.6234705556521325,133.61629722159884
Quillayute winter steelhead 2025-26,2026,2,402,bank,307.5765390001547,1,1.96667,1,NA,156.39458526349347
Quillayute winter steelhead 2025-26,2026,2,402,boat,133.44635869565218,NA,NA,NA,NA,NA
Quillayute winter steelhead 2025-26,2026,2,404,bank,79.777882339226,NA,NA,NA,NA,NA
Quillayute winter steelhead 2025-26,2026,2,404,boat,3463.328804347826,3,8.194446666666666,2.3333333333333335,0.8513604581100374,422.6434004916939
Quillayute winter steelhead 2025-26,2026,2,406,bank,2220.0551742457324,22,4.133333636363636,1.8636363636363635,3.548698104671688,537.1100834238148
Quillayute winter steelhead 2025-26,2026,2,406,boat,8974.478315217391,105,7.058889333333333,2.5142857142857142,1.675719116545575,1271.37257597145
Quillayute winter steelhead 2025-26,2026,3,398,bank,703.5762924592714,13,4.36282,1.3076923076923077,3.8089034155974604,161.26640394498773
Quillayute winter steelhead 2025-26,2026,3,398,boat,3895.8034239130434,39,7.188034615384615,2.8205128205128207,1.954414587708186,541.9845106998818
Quillayute winter steelhead 2025-26,2026,3,400,bank,349.6217997114588,6,2.3722233333333334,1.6666666666666667,1.2267699292315029,147.38148588235458
Quillayute winter steelhead 2025-26,2026,3,400,boat,756.5104891304348,23,6.254347826086956,2.652173913043478,1.7655454360208773,120.95753388946821
Quillayute winter steelhead 2025-26,2026,3,402,bank,154.88202013074405,1,1.75,1,NA,88.50401150328231
Quillayute winter steelhead 2025-26,2026,3,402,boat,42.735326086956526,NA,NA,NA,NA,NA
Quillayute winter steelhead 2025-26,2026,3,404,bank,322.5411484233788,1,3,3,NA,107.51371614112627
Quillayute winter steelhead 2025-26,2026,3,404,boat,3356.382554347826,2,7.108335,2,1.261004736093406,472.17562964432966
Quillayute winter steelhead 2025-26,2026,3,406,bank,3078.48182537819,28,3.700594642857143,1.6428571428571428,2.959039044947209,831.8884186140868
Quillayute winter steelhead 2025-26,2026,3,406,boat,10029.80625,130,6.992948692307692,2.776923076923077,1.8798419684773144,1434.274251294433
Quinault winter steelhead 2024-25,2024,12,412,bank,0,NA,NA,NA,NA,NA
Quinault winter steelhead 2024-25,2024,12,412,boat,0,NA,NA,NA,NA,NA
Quinault winter steelhead 2024-25,2025,1,412,bank,0,NA,NA,NA,NA,NA
Quinault winter steelhead 2024-25,2025,1,412,boat,0,NA,NA,NA,NA,NA
Quinault winter steelhead 2024-25,2025,2,412,bank,141.16418493803624,NA,NA,NA,NA,NA
Quinault winter steelhead 2024-25,2025,2,412,boat,703.2345833333334,NA,NA,NA,NA,NA
Quinault winter steelhead 2024-25,2025,3,412,bank,1348.9056133751722,17,3.1705882352941175,1.9411764705882353,2.080276802928625,425.4433288938391
Quinault winter steelhead 2024-25,2025,3,412,boat,2113.185162037037,18,7.053703888888889,2.111111111111111,1.277694851815008,299.58518181713885
Quinault winter steelhead 2025-26,2025,12,412,bank,0,NA,NA,NA,NA,NA
Quinault winter steelhead 2025-26,2025,12,412,boat,0,NA,NA,NA,NA,NA
Quinault winter steelhead 2025-26,2026,1,412,bank,211.4787473290598,1,7,3,NA,30.21124961843711
Quinault winter steelhead 2025-26,2026,1,412,boat,387.44687500000003,NA,NA,NA,NA,NA
Quinault winter steelhead 2025-26,2026,2,412,bank,561.5638575053417,2,6.25,1,0.5892603650339974,89.85021720085467
Quinault winter steelhead 2025-26,2026,2,412,boat,1027.0680555555555,1,8.33333,3,NA,123.24821596595304
Quinault winter steelhead 2025-26,2026,3,412,bank,740.5737399839742,NA,NA,NA,NA,NA
Quinault winter steelhead 2025-26,2026,3,412,boat,1283.2689236111112,NA,NA,NA,NA,NA
Satsop salmon 2022,2022,10,329,bank,7810.297826995858,41,3.9532519512195123,1.6829268292682926,2.3528473688269917,1975.664066791015
Satsop salmon 2022,2022,10,329,boat,4153.347077205883,32,6.590624375,2.5,2.398938811931881,630.1902279487567
Satsop salmon 2022,2022,11,329,bank,10065.925177636569,142,4.220070352112676,1.7112676056338028,2.2945317432176022,2385.250561663577
Satsop salmon 2022,2022,11,329,boat,5033.545919117647,62,6.1107527419354835,2.467741935483871,2.058966846262249,823.719455145775
Satsop salmon 2022,2022,12,329,bank,924.7185206825077,38,2.6469294736842106,1.5263157894736843,1.9445734384691453,349.35517922788085
Satsop salmon 2022,2022,12,329,boat,310.0947027051561,6,5.855555,1.8333333333333333,2.107597187251397,52.95735463250813
Satsop salmon 2023,2023,10,329,bank,26460.48079831727,124,4.060618225806452,1.7258064516129032,2.2535489284598818,6516.367539837393
Satsop salmon 2023,2023,10,329,boat,13377.00676484421,41,6.520325365853658,2.268292682926829,2.3741856542697937,2051.58577436923
Satsop salmon 2023,2023,11,329,bank,4579.041340830508,105,2.812380666666667,1.638095238095238,2.2023634373075156,1628.1726706142342
Satsop salmon 2023,2023,11,329,boat,5479.2826978248095,53,5.507233018867924,2.6226415094339623,2.03509662772915,994.9247978163705
Satsop salmon 2023,2023,12,329,bank,0,NA,NA,NA,NA,NA
Satsop salmon 2023,2023,12,329,boat,0,NA,NA,NA,NA,NA
Satsop salmon 2024,2024,10,329,bank,19060.941914352796,201,4.478441094527363,1.756218905472637,2.147174862905161,4256.155548779058
Satsop salmon 2024,2024,10,329,boat,12786.939517088224,59,6.513559322033898,2.4237288135593222,2.289155600601464,1963.1262854754234
Satsop salmon 2024,2024,11,329,bank,5158.467425535642,87,3.548084482758621,1.8045977011494252,1.8997765318117534,1453.8739002981563
Satsop salmon 2024,2024,11,329,boat,5619.028138550135,56,6.138095357142857,2.625,1.8241665676098016,915.4351328236229
Satsop salmon 2024,2024,12,329,bank,819.0608623889308,28,2.6291667857142857,1.8214285714285714,1.837601838113315,311.52868157293807
Satsop salmon 2024,2024,12,329,boat,1432.5003911974302,19,5.37193,1.894736842105263,1.5920532124063358,266.6640092475945
Satsop salmon 2025,2025,10,329,bank,17686.83693450856,95,3.6643856842105262,1.9894736842105263,1.8984198189948536,4826.685414343632
Satsop salmon 2025,2025,10,329,boat,11279.924519400352,40,6.38583375,2.325,1.7745530469355209,1766.3980869217512
Satsop salmon 2025,2025,11,329,bank,2832.2780104383023,83,3.2200809638554215,1.6265060240963856,1.8755321477582487,879.5673283466759
Satsop salmon 2025,2025,11,329,boat,3513.311563492063,69,5.9285033333333335,2.5217391304347827,2.086568283622563,592.6135764718689
Satsop salmon 2025,2025,12,329,bank,843.8877034184,16,2.169791875,1.25,1.3162540410078836,388.92564450145704
Satsop salmon 2025,2025,12,329,boat,814.2489576719577,12,5.333334166666667,2.0833333333333335,2.1035795994726287,152.67165570854584
Satsop winter steelhead 2024-25,2024,11,329,bank,5394.623047289553,87,3.548084482758621,1.8045977011494252,1.8997765318117534,1520.4325245083387
Satsop winter steelhead 2024-25,2024,11,329,boat,8805.615045103092,56,6.138095357142857,2.625,1.8241665676098016,1434.5842696718717
Satsop winter steelhead 2024-25,2024,12,329,bank,724.7460756760885,28,2.6291667857142857,1.8214285714285714,1.837601838113315,275.6561811194459
Satsop winter steelhead 2024-25,2024,12,329,boat,2047.8669654448263,19,5.37193,1.894736842105263,1.5920532124063358,381.2162417315241
Satsop winter steelhead 2024-25,2025,1,329,bank,826.0173744653677,30,3.200556,1.4333333333333333,1.613392924869181,258.0855871496601
Satsop winter steelhead 2024-25,2025,1,329,boat,2834.5374266179842,28,6.0172614285714285,1.8928571428571428,1.74257127415466,471.06768756280184
Satsop winter steelhead 2024-25,2025,2,329,bank,1192.9650311278333,36,3.2069444444444444,1.4444444444444444,1.9259398752764019,371.99429294588134
Satsop winter steelhead 2024-25,2025,2,329,boat,2946.4058702033217,51,6.3117641176470585,2.196078431372549,1.9784004548818486,466.81178435763576
Satsop winter steelhead 2025-26,2025,12,329,bank,902.7273453902644,16,2.169791875,1.25,1.3162540410078836,416.0432877417169
Satsop winter steelhead 2025-26,2025,12,329,boat,1360.681282051282,12,5.333334166666667,2.0833333333333335,2.1035795994726287,255.12770052091219
Satsop winter steelhead 2025-26,2026,1,329,bank,934.0293937561327,35,2.0542854285714287,1.542857142857143,1.050896769336559,454.6736206982037
Satsop winter steelhead 2025-26,2026,1,329,boat,1899.675982905983,24,5.647221666666667,2.5416666666666665,1.603971198959867,336.3912548570609
Satsop winter steelhead 2025-26,2026,2,329,bank,199.22807145780956,28,3.0464289285714288,1.1785714285714286,1.5806664705711,65.39724908377698
Satsop winter steelhead 2025-26,2026,2,329,boat,1775.961623931624,36,6.323148611111111,2.5555555555555554,1.6869025131052693,280.8666588684763
Skagit fall salmon 2022,2022,9,830,bank,18919.268375284228,88,3.0863642045454545,1.625,1.8432029034350894,6129.9532788193965
Skagit fall salmon 2022,2022,9,830,boat,48615.378237628385,459,4.999019694989107,2.178649237472767,1.9093135951678866,9724.9823373089
Skagit fall salmon 2022,2022,10,830,bank,18675.68919140506,81,2.7979422222222223,1.5925925925925926,1.7911500433813468,6674.794441098996
Skagit fall salmon 2022,2022,10,830,boat,29786.638723544973,393,5.551950865139949,2.2264631043257,2.0682401440715847,5365.076069129465
Skagit fall salmon 2022,2022,11,830,bank,5377.3333010892875,30,2.422222,1.3666666666666667,1.5518386207121515,2220.00019035798
Skagit fall salmon 2022,2022,11,830,boat,9090.411673669467,88,4.985605909090909,2.2045454545454546,1.7748094983992957,1823.3313742455512
Skagit fall salmon 2023,2023,8,830,bank,43689.113697464985,37,2.486937027027027,1.945945945945946,1.5910447965511791,17567.438669604155
Skagit fall salmon 2023,2023,8,830,boat,23867.725861336818,179,3.8530725139664805,2.3966480446927374,1.6492727865579797,6194.465786673345
Skagit fall salmon 2023,2023,9,830,bank,63573.81885434067,119,2.7308125210084033,2,1.642050611944349,23280.18432802002
Skagit fall salmon 2023,2023,9,830,boat,40894.13259185773,394,4.465355304568528,2.401015228426396,2.0733511204893977,9158.09152969725
Skagit fall salmon 2023,2023,10,830,bank,41455.84145554618,100,3.1226664,1.61,2.3772188597532846,13275.782983269099
Skagit fall salmon 2023,2023,10,830,boat,35315.18892164272,347,4.658501412103746,2.2593659942363113,1.8595823460390302,7580.804597351112
Skagit fall salmon 2023,2023,11,830,bank,6103.085452153928,42,2.4670633333333334,1.3571428571428572,1.5931781581796849,2473.826013987181
Skagit fall salmon 2023,2023,11,830,boat,6717.855643319055,48,4.510416666666667,2.2291666666666665,1.9077473757425227,1489.4091033686589
Skagit fall salmon 2024,2024,9,830,bank,23773.91626830429,154,3.2106062987012987,1.7857142857142858,1.9310087318615177,7404.805839296123
Skagit fall salmon 2024,2024,9,830,boat,54903.85087962963,426,4.715688403755869,2.0305164319248825,1.9085113900590718,11642.807195636755
Skagit fall salmon 2024,2024,10,830,bank,12758.732826186419,82,2.6697160975609755,1.4878048780487805,1.6510595111495596,4779.059780117692
Skagit fall salmon 2024,2024,10,830,boat,25065.962453703705,205,4.648699219512195,2.2,1.9176243771271602,5392.0379164333135
Skagit fall salmon 2024,2024,11,830,bank,4518.048875060258,53,2.510062641509434,1.6415094339622642,1.3595549002440113,1799.9745505726962
Skagit fall salmon 2024,2024,11,830,boat,7514.214467592593,38,5.442105,2.526315789473684,2.024003322582667,1380.7551430177464
Skagit fall salmon 2025,2025,8,830,bank,21063.383604755247,66,3.0207072727272726,2.0757575757575757,2.0007261293229326,6972.997282764835
Skagit fall salmon 2025,2025,8,830,boat,12746.550685723134,101,4.138613762376238,2.1881188118811883,1.9802974752470153,3079.9082537251647
Skagit fall salmon 2025,2025,9,826,bank,5615.807729402082,11,5.065150909090909,2.4545454545454546,2.3302526747735084,1108.7147905747204
Skagit fall salmon 2025,2025,9,826,boat,0,NA,NA,NA,NA,NA
Skagit fall salmon 2025,2025,9,830,bank,62878.333263974615,114,3.427339210526316,1.956140350877193,2.452074474089576,18346.107403334252
Skagit fall salmon 2025,2025,9,830,boat,51611.12525446661,354,4.773964152542373,2.3926553672316384,2.152171104274389,10810.957855010522
Skagit fall salmon 2025,2025,10,826,bank,7072.965168857461,10,4.061666,2.2,1.768465549566755,1741.395075040011
Skagit fall salmon 2025,2025,10,826,boat,0,NA,NA,NA,NA,NA
Skagit fall salmon 2025,2025,10,830,bank,25312.61893792721,127,3.132808031496063,1.6456692913385826,1.8835931638447305,8079.849988714197
Skagit fall salmon 2025,2025,10,830,boat,25118.49840065858,235,4.847659404255319,2.523404255319149,1.7942892545185796,5181.572446820281
Skagit fall salmon 2025,2025,11,826,bank,1431.6479338161553,5,2.713334,1.2,1.3629742925785502,527.6342440024542
Skagit fall salmon 2025,2025,11,826,boat,0,NA,NA,NA,NA,NA
Skagit fall salmon 2025,2025,11,830,bank,3679.223366921851,14,2.8666657142857144,1.3571428571428572,1.481856103954218,1283.450438112419
Skagit fall salmon 2025,2025,11,830,boat,3625.535538601982,33,5.6434339393939394,2.909090909090909,1.8270385735647101,642.4343010899736
Skagit spring Chinook 2022 lower,2022,5,830,bank,5756.179735087114,22,2.7901513636363635,1.1818181818181819,1.5724033568857803,2063.0349342715117
Skagit spring Chinook 2022 lower,2022,5,830,boat,5435.595950617284,24,4.227778333333333,1.6666666666666667,1.5238824933263937,1285.6861268626787
Skagit spring Chinook 2022 upper,2022,6,830,bank,2596.3916321714987,15,3.620000666666667,1.4666666666666666,1.6689651279822932,717.2351254184388
Skagit spring Chinook 2022 upper,2022,6,830,boat,2820.1260747354495,21,7.215079523809524,2.6666666666666665,2.232599063256715,390.865556703724
Skagit spring Chinook 2022 upper,2022,7,830,bank,497.24796549779535,2,2.158335,2,1.6145581266866795,230.38497985613694
Skagit spring Chinook 2022 upper,2022,7,830,boat,74.26299107142856,1,2.16667,3,NA,34.275173917314845
Skagit spring Chinook 2023 lower,2023,5,830,bank,4332.960214281321,24,3.5888895833333336,1.75,2.426343116935406,1207.3261418806037
Skagit spring Chinook 2023 lower,2023,5,830,boat,4248.009234601449,52,4.746795,1.7307692307692308,2.478034163013251,894.921570154483
Skagit spring Chinook 2023 upper,2023,6,830,bank,2315.1086562756814,14,2.9678564285714284,1.2857142857142858,2.240091795744805,780.0608661484525
Skagit spring Chinook 2023 upper,2023,6,830,boat,7079.128321078432,32,6.6619790625,2.84375,2.0956355872812757,1062.6164169333026
Skagit spring Chinook 2023 upper,2023,7,830,bank,428.0042137220209,NA,NA,NA,NA,NA
Skagit spring Chinook 2023 upper,2023,7,830,boat,811.532908496732,6,8.736111666666666,2.1666666666666665,1.5379422844751571,92.8940631097014
Skagit spring Chinook 2024 lower,2024,4,830,bank,2438.508860213215,32,2.609375,1.75,0.8188516403889914,934.5183655906932
Skagit spring Chinook 2024 lower,2024,4,830,boat,2730.269691022544,26,3.895512692307692,1.8846153846153846,2.2656296472805217,700.8755731726648
Skagit spring Chinook 2024 lower,2024,5,830,bank,2256.1881788310584,49,3.240816326530612,1.489795918367347,1.5722789112711177,696.1789720574425
Skagit spring Chinook 2024 lower,2024,5,830,boat,3306.2543531937736,77,4.737445714285714,1.8181818181818181,2.102925707439912,697.8980979610596
Skagit spring Chinook 2024 upper,2024,5,826,bank,1547.9679222804052,4,6.3458325,1.5,4.375379618451219,243.93457001589707
Skagit spring Chinook 2024 upper,2024,5,826,boat,0,NA,NA,NA,NA,NA
Skagit spring Chinook 2024 upper,2024,5,830,bank,1225.186048271546,1,3.76667,2,NA,325.27034443461895
Skagit spring Chinook 2024 upper,2024,5,830,boat,913.4340052083334,NA,NA,NA,NA,NA
Skagit spring Chinook 2024 upper,2024,6,826,bank,3691.415385450526,53,4.464465094339623,1.7547169811320755,2.3748234684827083,826.8438228200673
Skagit spring Chinook 2024 upper,2024,6,826,boat,0,NA,NA,NA,NA,NA
Skagit spring Chinook 2024 upper,2024,6,830,bank,2785.2363530471266,31,5.069891612903226,1.5806451612903225,3.1606707183898974,549.3680271109755
Skagit spring Chinook 2024 upper,2024,6,830,boat,3341.2745769675926,29,6.9862068965517246,2.8275862068965516,2.016525535035631,478.2673382628834
Skagit spring Chinook 2024 upper,2024,7,826,bank,513.0614107787516,6,4.791665,1.6666666666666667,1.345309377886737,107.07372297077353
Skagit spring Chinook 2024 upper,2024,7,826,boat,0,NA,NA,NA,NA,NA
Skagit spring Chinook 2024 upper,2024,7,830,bank,1117.4964438331815,9,3.007407777777778,1.4444444444444444,1.557241734925713,371.5812840847667
Skagit spring Chinook 2024 upper,2024,7,830,boat,863.364482638889,5,6.763332,2.6,2.668940054903819,127.65371900106175
Skagit spring Chinook 2025 lower,2025,4,830,bank,2536.147708798531,9,3.1537033333333335,1.7777777777777777,1.244007536773793,804.1808124412032
Skagit spring Chinook 2025 lower,2025,4,830,boat,2115.266679087624,23,4.5065226086956525,1.826086956521739,1.581272900669864,469.3789120254425
Skagit spring Chinook 2025 lower,2025,5,830,bank,2139.660066655935,15,3.415556,1.6666666666666667,1.959648483353948,626.4456113897518
Skagit spring Chinook 2025 lower,2025,5,830,boat,1639.8564357497742,30,4.705556,1.8,2.309431105691437,348.4936606321919
Skagit spring Chinook 2025 upper,2025,5,826,bank,1540.041237320748,17,5.898039411764706,2.176470588235294,4.136477429766586,261.1107064237071
Skagit spring Chinook 2025 upper,2025,5,826,boat,0,NA,NA,NA,NA,NA
Skagit spring Chinook 2025 upper,2025,5,830,bank,692.3905169320581,3,3.65,1.3333333333333333,1.5548311805466213,189.6960320361803
Skagit spring Chinook 2025 upper,2025,5,830,boat,2081.7333333333336,17,5.512745294117647,3.3529411764705883,1.8075887508851316,377.62189658111697
Skagit spring Chinook 2025 upper,2025,6,826,bank,4856.733355365023,36,5.1675925,1.75,2.7032423285014873,939.8444934202965
Skagit spring Chinook 2025 upper,2025,6,826,boat,0,NA,NA,NA,NA,NA
Skagit spring Chinook 2025 upper,2025,6,830,bank,5253.4560939485555,15,4.081111333333333,2.066666666666667,2.7729981388945038,1287.2611563031496
Skagit spring Chinook 2025 upper,2025,6,830,boat,3083.2490702160494,30,6.964444333333334,2.6,2.164158076087412,442.71286015726395
Skagit spring Chinook 2025 upper,2025,7,826,bank,562.086432506179,5,2.623334,1.4,1.4952542667486357,214.26415107881002
Skagit spring Chinook 2025 upper,2025,7,826,boat,0,NA,NA,NA,NA,NA
Skagit spring Chinook 2025 upper,2025,7,830,bank,1719.3197182008573,2,3.375,1,1.4024331633985272,509.4280646521059
Skagit spring Chinook 2025 upper,2025,7,830,boat,801.5201157407407,1,8,3,NA,100.19001446759259
Skagit spring gamefish 2025,2025,4,830,bank,106.87222222222223,1,1,1,NA,106.87222222222223
Skagit spring gamefish 2025,2025,4,830,boat,135.81027777777777,1,4.36667,2,NA,31.10156658913492
Skagit summer gamefish 2022,2022,7,828,bank,371.93438725490194,2,1.825,2,0.8131727983645296,203.79966424926133
Skagit summer gamefish 2022,2022,7,828,boat,43.89208333333333,2,4.341665,3,4.466560191517629,10.109504840500898
Skagit summer gamefish 2022,2022,7,830,bank,564.7281740196078,3,2.216666666666667,1.3333333333333333,1.6854771826795323,254.76458978328168
Skagit summer gamefish 2022,2022,7,830,boat,434.8670833333333,3,7.22222,2.3333333333333335,2.9013585259839916,60.21238391150274
Skagit summer gamefish 2022,2022,8,828,bank,472.08604166666663,9,2.55926,1.4444444444444444,1.3960537509798825,184.46193105298664
Skagit summer gamefish 2022,2022,8,828,boat,40.62708333333333,NA,NA,NA,NA,NA
Skagit summer gamefish 2022,2022,8,830,bank,2293.5068239379084,2,5.016665000000001,2,6.316818221577221,457.17759187386605
Skagit summer gamefish 2022,2022,8,830,boat,1016.4038194444445,9,4.940742222222222,1.7777777777777777,1.7340773914950984,205.71885229569648
Skagit summer gamefish 2024,2024,8,830,bank,1537.3568605006103,6,1.4527783333333333,1.8333333333333333,0.5719787324513619,1058.2184668002417
Skagit summer gamefish 2024,2024,8,830,boat,1930.297932692308,11,4.927272727272728,2.1818181818181817,2.081951308633758,391.75788301873405
Skagit summer sockeye 2022,2022,6,830,bank,8392.48016118713,10,2.375001,1.5,1.126649394457842,3533.6743694790566
Skagit summer sockeye 2022,2022,6,830,boat,6026.863289517195,25,4.346668,2.08,1.7616215055193705,1386.5478774816008
Skagit summer sockeye 2022,2022,7,830,bank,11243.640978438692,26,3.567307692307692,1.4230769230769231,2.4547517999428092,3151.8562311526257
Skagit summer sockeye 2022,2022,7,830,boat,5734.030358796295,51,5.513071568627451,2.1372549019607843,3.397372324655849,1040.079071606149
Skagit summer sockeye 2023,2023,6,830,bank,14193.213701444009,13,3.078206153846154,1.6923076923076923,2.2082895997941425,4610.871719462287
Skagit summer sockeye 2023,2023,6,830,boat,4226.764284722222,15,6.057778666666667,2.8666666666666667,3.1574986313352236,697.7416173985155
Skagit summer sockeye 2023,2023,7,830,bank,7367.6228595703415,10,4.195,1.5,2.892359908363949,1756.2867364887584
Skagit summer sockeye 2023,2023,7,830,boat,2091.101222222222,23,4.836955652173913,2.3043478260869565,2.80117597771953,432.31763377495537
Skagit summer sockeye 2024,2024,6,830,bank,18614.62107182991,31,3.926881935483871,1.5161290322580645,1.8785378158174322,4740.3057636201165
Skagit summer sockeye 2024,2024,6,830,boat,9643.545955504116,76,5.5743425,2.1710526315789473,2.5005268662030007,1729.9880578748284
Skagit summer sockeye 2024,2024,7,830,bank,22396.231811954072,56,3.2535710714285715,1.6785714285714286,1.2838574795169277,6883.584627558291
Skagit summer sockeye 2024,2024,7,830,boat,7092.371884773663,76,4.931798552631579,2,2.0076972192437808,1438.0903455574467
Skagit summer sockeye 2025,2025,6,830,bank,19597.256876619344,47,3.733688085106383,1.7659574468085106,1.7647494962355548,5248.766482340199
Skagit summer sockeye 2025,2025,6,830,boat,14512.970629844962,113,5.4969025663716815,2.0265486725663715,1.9812519933422954,2640.2088184409063
Skagit summer sockeye 2025,2025,7,830,bank,15903.382373769395,19,2.5964915789473686,2.1578947368421053,2.5377252100503602,6124.9504919313895
Skagit summer sockeye 2025,2025,7,830,boat,5444.043724160207,91,4.943772747252747,1.945054945054945,1.7318790773620978,1101.192146662781
Skagit winter gamefish 2022-23,2022,12,828,bank,561.8851814466735,7,2.557142857142857,1.5714285714285714,0.7097777392657105,219.73163520260977
Skagit winter gamefish 2022-23,2022,12,828,boat,0,1,7.81667,2,NA,0
Skagit winter gamefish 2022-23,2022,12,830,bank,462.60038121376294,2,3.04167,1,0.1767766952966369,152.08762989205368
Skagit winter gamefish 2022-23,2022,12,830,boat,787.370091845878,4,5.0291675,1.75,2.9535420496230738,156.56072140088355
Skagit winter gamefish 2022-23,2023,1,828,bank,2121.9763283366406,24,2.89236125,1.375,1.843922318950681,733.6484432353118
Skagit winter gamefish 2022-23,2023,1,828,boat,1423.1699865591397,7,6.52143,2,1.4806063358300205,218.22974202884026
Skagit winter gamefish 2022-23,2023,1,830,bank,1954.5185962602916,24,4.498610416666667,1.7916666666666667,2.802905652393879,434.4716290655216
Skagit winter gamefish 2022-23,2023,1,830,boat,4908.210949820788,64,6.201563125,2.5625,1.8990917385539983,791.4473900998611
Skagit winter gamefish 2024,2024,1,828,bank,662.449714988426,14,2.988095,1.5,1.609220175697868,221.6963366253168
Skagit winter gamefish 2024,2024,1,828,boat,352.56604166666665,3,5.9,2,0.17320508075688762,59.75695621468926
Skagit winter gamefish 2024,2024,1,830,bank,2542.6223929398147,12,2.7152783333333335,1.6666666666666667,1.4695304198579486,936.4131705122242
Skagit winter gamefish 2024,2024,1,830,boat,1213.3872916666667,10,5.658335,2.1,2.5431614341700763,214.44246260899482
Skagit winter gamefish 2025,2025,1,828,bank,1756.3529541932544,10,3.736666,1.4,2.0476706923244383,470.03209657840824
Skagit winter gamefish 2025,2025,1,828,boat,576.1015350877193,3,5.88889,3.3333333333333335,0.5419458425894603,97.82854410384968
Skagit winter gamefish 2025,2025,1,830,bank,1755.5828085941457,12,3.86389,1.5,0.6081866019271029,454.3563115394449
Skagit winter gamefish 2025,2025,1,830,boat,3798.1460160818715,22,6.103788181818182,2.1818181818181817,1.4269505644643434,622.2604557929611
Skagit winter steelhead 2023,2023,3,828,bank,2651.600964981878,20,6.3016665,1.55,2.6577908395493366,420.77773633083854
Skagit winter steelhead 2023,2023,3,828,boat,2670.3724137931035,16,8.7635425,2.3125,1.756175171598779,304.7138088042711
Skagit winter steelhead 2023,2023,3,830,bank,664.3344088786004,10,3.939999,1.7,2.6641915647776195,168.61283692676074
Skagit winter steelhead 2023,2023,3,830,boat,2963.302752234994,61,7.272130819672131,2.4262295081967213,2.008080404325895,407.487547421293
Skagit winter steelhead 2023,2023,4,828,bank,6388.107132995213,80,4.15166675,1.425,2.7386196531292475,1538.6849469541871
Skagit winter steelhead 2023,2023,4,828,boat,7296.667369093231,106,8.110063018867924,2.5283018867924527,2.204485485765079,899.7053847938861
Skagit winter steelhead 2023,2023,4,830,bank,869.0721359127285,43,3.567054418604651,1.441860465116279,2.221008388416335,243.63859754421392
Skagit winter steelhead 2023,2023,4,830,boat,7285.928955938698,136,6.932843088235294,2.198529411764706,2.4590638457331426,1050.929447444523
Skagit winter steelhead 2024,2024,2,828,bank,5020.940648866404,56,3.547321785714286,1.7678571428571428,1.5831588630480715,1415.4173069628619
Skagit winter steelhead 2024,2024,2,828,boat,4871.189138387744,31,6.910752580645161,2.6451612903225805,1.9699667552964233,704.871008120072
Skagit winter steelhead 2024,2024,2,830,bank,3029.1439387357022,18,3.4120355555555557,1.7222222222222223,1.3418575641963084,887.7820554371363
Skagit winter steelhead 2024,2024,2,830,boat,6843.1986204180985,94,7.052127340425532,2.265957446808511,2.2741801577546816,970.373660326612
Skagit winter steelhead 2024,2024,3,828,bank,4400.497306030144,60,5.331944166666667,1.4166666666666667,2.429505141663726,825.3082118789647
Skagit winter steelhead 2024,2024,3,828,boat,6428.710119201031,74,7.87454945945946,2.4324324324324325,2.207467075316849,816.3908490635505
Skagit winter steelhead 2024,2024,3,830,bank,1687.9809416301164,26,3.6378203846153845,1.5,2.565552226222621,464.00887431625665
Skagit winter steelhead 2024,2024,3,830,boat,8821.751846363115,183,8.048633825136612,2.469945355191257,2.31210021762875,1096.0558074852388
Skagit winter steelhead 2024,2024,4,828,bank,3148.840262972778,29,5.418391034482759,1.4827586206896552,2.3252461509334954,581.139353533824
Skagit winter steelhead 2024,2024,4,828,boat,4531.656568943299,33,8.248484848484848,2.4242424242424243,2.377835163155398,549.3926038763001
Skagit winter steelhead 2024,2024,4,830,bank,1591.062380263467,12,5.090276666666667,1.5,2.929657714922694,312.5689396575301
Skagit winter steelhead 2024,2024,4,830,boat,8818.84390642898,142,8.120422676056338,2.3309859154929575,2.4147479089424064,1086.007989760433
Skagit winter steelhead 2025,2025,2,828,bank,2729.0223166446876,10,4.266667,1.4,1.3224568606032738,639.6145554937115
Skagit winter steelhead 2025,2025,2,828,boat,1206.570202020202,9,7.8648155555555554,2.4444444444444446,2.254246515668324,153.4136679362943
Skagit winter steelhead 2025,2025,2,830,bank,1394.1892743482738,18,3.290741111111111,1.7777777777777777,1.76766747313378,423.6703001767067
Skagit winter steelhead 2025,2025,2,830,boat,6417.391849261849,53,6.821698113207547,2.6037735849056602,2.0798115995436635,940.7323136796515
Skagit winter steelhead 2025,2025,3,828,bank,4692.514172416793,92,4.513949347826087,1.5978260869565217,2.0952390348564967,1039.5584466796693
Skagit winter steelhead 2025,2025,3,828,boat,7736.136806526807,107,7.7786608411214955,2.710280373831776,2.022628709851912,994.5332448009705
Skagit winter steelhead 2025,2025,3,830,bank,1468.2491194684558,36,4.581481666666667,1.5277777777777777,2.7591685072049206,320.474734222107
Skagit winter steelhead 2025,2025,3,830,boat,10827.963706293707,125,6.7552,2.48,2.3233229551160886,1602.9079385205036
Skagit winter steelhead 2025,2025,4,828,bank,1012.6461907984377,14,4.360714285714286,1.3571428571428572,2.6347582346064264,232.22025669415441
Skagit winter steelhead 2025,2025,4,828,boat,1250.2397047397046,59,7.145762711864407,2.406779661016949,1.7623474734166462,174.96238752287138
Skagit winter steelhead 2025,2025,4,830,bank,297.51872878294057,5,6.773334,1.6,3.7959160459341033,43.92500484738248
Skagit winter steelhead 2025,2025,4,830,boat,2389.968609168609,53,6.089622641509434,2.490566037735849,2.7228503510759503,392.46579794248265
Skookumchuck winter steelhead 2024-25,2024,11,333,bank,69.94795998082239,NA,NA,NA,NA,NA
Skookumchuck winter steelhead 2024-25,2024,11,333,boat,0,NA,NA,NA,NA,NA
Skookumchuck winter steelhead 2024-25,2024,12,333,bank,3352.380450137408,34,2.6666670588235295,1.5588235294117647,1.5606809033754416,1257.1424839276333
Skookumchuck winter steelhead 2024-25,2024,12,333,boat,300.0778858024691,NA,NA,NA,NA,NA
Skookumchuck winter steelhead 2024-25,2025,1,333,bank,9734.437470393375,129,3.6210592248062015,1.5813953488372092,1.7939877958948625,2688.2845228565297
Skookumchuck winter steelhead 2024-25,2025,1,333,boat,244.10961419753087,1,5.33333,2,NA,45.77058126865033
Skookumchuck winter steelhead 2024-25,2025,2,333,bank,7442.518058242942,139,3.0679857553956835,1.4460431654676258,1.68940437299272,2425.864606820206
Skookumchuck winter steelhead 2024-25,2025,2,333,boat,286.4756172839506,NA,NA,NA,NA,NA
Skookumchuck winter steelhead 2025-26,2025,12,333,bank,1498.408518031189,29,2.2402306896551725,1.6551724137931034,1.3029619390941851,668.8634902425301
Skookumchuck winter steelhead 2025-26,2026,1,333,bank,4418.826389863548,68,2.9433820588235293,1.6911764705882353,1.5478417800400301,1501.2751663063932
Skookumchuck winter steelhead 2025-26,2026,2,333,bank,2773.347055555556,50,3.7146662,1.72,1.9658557045629814,746.5938811825289
Skykomish summer Chinook 2023,2023,5,844,bank,1458.7515802341657,20,3.7574995,1.6,2.297331448807221,388.2240251087633
Skykomish summer Chinook 2023,2023,5,844,boat,3338.979504504505,54,5.891049444444445,3.4444444444444446,2.9693580973299483,566.7885723915168
Skykomish summer Chinook and gamefish 2022,2022,5,844,bank,1027.1911505415446,7,2.55238,2,1.2146634432769159,402.44444422129334
Skykomish summer Chinook and gamefish 2022,2022,5,844,boat,4265.383498093682,9,4.898148888888889,2.3333333333333335,1.5862360517073466,870.8154028901425
Skykomish summer Chinook and gamefish 2022,2022,6,844,bank,3793.7080396827378,120,3.241249916666667,1.5166666666666666,2.027147409288241,1170.4460122545022
Skykomish summer Chinook and gamefish 2022,2022,6,844,boat,12749.894471734295,136,4.409068382352941,2.9558823529411766,2.600184925313959,2891.7434174450686
Skykomish summer Chinook and gamefish 2022,2022,7,844,bank,7025.976893421041,148,3.99268,1.4932432432432432,2.8166053588912123,1759.7145008918924
Skykomish summer Chinook and gamefish 2022,2022,7,844,boat,8405.150019063181,94,5.503191276595745,2.765957446808511,2.30093866517546,1527.3228925930734
Skykomish summer Chinook and gamefish 2022,2022,8,844,bank,6128.146311624532,8,2.67083375,1.375,1.9052092904675666,2294.469399910995
Skykomish summer Chinook and gamefish 2022,2022,8,844,boat,1998.7825646786491,NA,NA,NA,NA,NA
Skykomish summer Chinook and gamefish 2025,2025,6,844,bank,4848.587045552646,115,3.067391391304348,1.9217391304347826,2.1203221835797748,1580.687439919716
Skykomish summer Chinook and gamefish 2025,2025,6,844,boat,8661.128883928572,64,6.059895625,2.625,2.4396789789869313,1429.2538056591645
Skykomish summer Chinook and gamefish 2025,2025,7,844,bank,391.4829782526526,18,3.5685183333333335,1.5,2.34591846438535,109.70462855573183
Skykomish summer Chinook and gamefish 2025,2025,7,844,boat,281.38697916666666,7,6.845237142857143,2.7142857142857144,1.545384674978092,41.106973110535385
Skykomish summer gamefish 2023,2023,5,844,bank,1075.4527552552554,17,4.490195882352941,1.5294117647058822,2.5844953657050223,239.5113227647653
Skykomish summer gamefish 2023,2023,6,844,bank,2452.2467191149485,100,3.2453332,1.49,1.4642488940294354,755.6224794159651
Skykomish summer gamefish 2023,2023,7,844,bank,2882.0777980584753,57,3.7692978947368423,1.6666666666666667,1.9213515401178791,764.6192682416497
Skykomish summer gamefish 2023,2023,8,844,bank,0,NA,NA,NA,NA,NA
Skykomish summer steelhead 2024,2024,6,844,bank,2745.216472800926,93,3.117921397849462,1.3655913978494623,1.65809425130872,880.4636559133263
Skykomish summer steelhead 2024,2024,7,844,bank,795.011712962963,42,3.1460311904761906,1.6904761904761905,1.7274870755186316,252.70306135859644
Skykomish winter gamefish 2022-23,2022,10,844,bank,3606.286918697443,30,2.580555,1.6333333333333333,1.675562675360234,1397.4850056276434
Skykomish winter gamefish 2022-23,2022,10,844,boat,3537.868491030092,6,6.53611,2.1666666666666665,2.4980306228307128,541.2804391343004
Skykomish winter gamefish 2022-23,2022,11,844,bank,1432.5893313200795,11,4.14394,1.5454545454545454,3.8854590510491804,345.7070641273956
Skykomish winter gamefish 2022-23,2022,11,844,boat,2726.366359953704,11,5.515152727272727,2.727272727272727,2.6177871658066123,494.3410445320355
Skykomish winter gamefish 2022-23,2022,12,844,bank,1126.5149582842666,22,2.79394,1.2727272727272727,1.562596842676593,403.1994095378808
Skykomish winter gamefish 2022-23,2022,12,844,boat,543.2762924382716,NA,NA,NA,NA,NA
Skykomish winter gamefish 2022-23,2023,1,844,bank,2474.179199066607,79,3.0993667088607597,1.240506329113924,1.202920823802526,798.2854019800858
Skykomish winter gamefish 2022-23,2023,1,844,boat,2552.072500482253,4,5.2,1.75,2.4113540302632184,490.783173169664
Skykomish winter gamefish 2022-23,2023,2,844,bank,395.8377580170519,29,3.0574706896551724,1.2413793103448276,1.2078737981319874,129.46575722094502
Skykomish winter gamefish 2022-23,2023,2,844,boat,595.4417129629629,3,6.949996666666666,1.6666666666666667,0.2020725942163688,85.67510770455472
Snohomish fall salmon 2022,2022,10,850,bank,507.01800597518695,1,2,1,NA,253.50900298759348
Snohomish fall salmon 2022,2022,10,850,boat,1332.71917989418,4,3.6416674999999996,1.75,1.5372810352995534,365.9639931141929
Snohomish fall salmon 2022,2022,10,852,bank,595.2130440743346,1,3,2,NA,198.4043480247782
Snohomish fall salmon 2022,2022,10,852,boat,562.4037698412699,2,3.0583349999999996,2.5,1.4024260923307152,183.89214060633316
Snohomish fall salmon 2022,2022,11,850,bank,142.1945400995647,3,2.533333333333333,2.6666666666666665,3.279526829015633,56.12942372351239
Snohomish fall salmon 2022,2022,11,850,boat,460.9809523809524,2,2.966665,1.5,0.023567869016947532,155.38692517724527
Snohomish fall salmon 2022,2022,11,852,bank,453.85601522141405,8,3.23750125,1.5,1.867999605937841,140.18713204247072
Snohomish fall salmon 2022,2022,11,852,boat,1925.6309523809525,11,3.6303036363636365,2.8181818181818183,1.4358266773832609,530.4324776287302
Snohomish fall salmon 2023,2023,9,850,bank,62218.71502303563,464,2.9836205603448276,1.8448275862068966,1.9827956486323897,20853.42749342255
Snohomish fall salmon 2023,2023,9,850,boat,56018.19497888514,785,4.432377885350318,2.5337579617834396,1.907830684609449,12638.406838919078
Snohomish fall salmon 2023,2023,10,844,bank,5095.0595108250045,48,2.9277775,1.625,1.9590530527983983,1740.248195371747
Snohomish fall salmon 2023,2023,10,844,boat,1176.4362443693694,7,7.216667142857143,2.2857142857142856,2.495643801004157,163.01655890195426
Snohomish fall salmon 2023,2023,10,850,bank,26037.539077639984,305,3.138087475409836,1.6262295081967213,1.4677663837019546,8297.26363005208
Snohomish fall salmon 2023,2023,10,850,boat,23549.429391188063,243,4.477435144032921,2.308641975308642,1.8167431184489715,5259.580235924219
Snohomish fall salmon 2023,2023,11,844,bank,2250.893522178606,23,2.9652178260869566,1.434782608695652,1.4857053072529574,759.0988771131842
Snohomish fall salmon 2023,2023,11,844,boat,1648.6300802364867,26,5.120513076923077,2.269230769230769,1.5726356221344326,321.9657982451928
Snohomish fall salmon 2024,2024,9,850,bank,6516.015471024091,175,2.471999942857143,1.782857142857143,1.6929250292069977,2635.9286495342176
Snohomish fall salmon 2024,2024,9,850,boat,16532.90585600907,312,4.616025897435898,2.3141025641025643,1.9273369076499172,3581.6319542732076
Snohomish fall salmon 2024,2024,10,844,bank,751.0070628532628,NA,NA,NA,NA,NA
Snohomish fall salmon 2024,2024,10,844,boat,709.2530328798186,NA,NA,NA,NA,NA
Snohomish fall salmon 2024,2024,10,850,bank,7427.025290902956,256,2.524999921875,1.56640625,1.7549190970081543,2941.3962458215988
Snohomish fall salmon 2024,2024,10,850,boat,8526.368039965986,227,4.21130704845815,2.171806167400881,1.9867950052090304,2024.6369931842592
Snohomish fall salmon 2024,2024,11,844,bank,2516.328430189724,109,2.36926623853211,1.6238532110091743,1.6405878104558367,1062.0707750213528
Snohomish fall salmon 2024,2024,11,844,boat,1855.6621499433106,44,5.933712727272727,2.6363636363636362,1.8890906853770772,312.73205078066127
Snohomish fall salmon 2024,2024,11,850,bank,237.26125616454837,4,0.9458300000000001,2,0.08539125638299667,250.84978924811895
Snohomish fall salmon 2024,2024,11,850,boat,96.18017006802721,4,4.5041675,1.5,1.8490439346389258,21.35359532433623
Snohomish fall salmon 2024,2024,11,852,bank,1558.3228763935344,54,2.0108024074074073,1.4444444444444444,1.1440086685545952,774.9756369163744
Snohomish fall salmon 2024,2024,11,852,boat,980.7507950680273,23,3.619565217391304,2.8260869565217392,1.499314427287199,270.95817761639194
Snohomish fall salmon 2025,2025,8,850,bank,22438.206926346258,194,2.9819587113402064,1.9639175257731958,1.7485055528291857,7524.653792493884
Snohomish fall salmon 2025,2025,8,850,boat,16178.901818181816,149,4.821476577181208,2.4832214765100673,2.099168845360176,3355.590670035055
Snohomish fall salmon 2025,2025,9,850,bank,47899.8933187129,322,2.938612919254658,1.81055900621118,1.5878254152628655,16300.171078966772
Snohomish fall salmon 2025,2025,9,850,boat,29319.003737373736,172,4.548740348837209,2.5930232558139537,1.9351059742949286,6445.521504622379
Snohomish fall salmon 2025,2025,10,844,bank,1099.4051034911931,6,2.5999983333333336,1.5,0.9588756378679494,422.84838778404077
Snohomish fall salmon 2025,2025,10,844,boat,161.2590909090909,3,2.0166666666666666,1.6666666666666667,0.8135973956652844,79.96318557475583
Snohomish fall salmon 2025,2025,10,850,bank,974.3758606301462,13,2.333333076923077,1.6153846153846154,1.167441326151516,417.589700444755
Snohomish fall salmon 2025,2025,10,850,boat,1646.938265993266,23,4.038406086956522,2,1.5302944545762165,407.8188846120856
Snohomish fall salmon 2025,2025,11,844,bank,2730.5198058408464,52,2.3564103846153848,1.3269230769230769,1.1875308013111046,1158.7624225678007
Snohomish fall salmon 2025,2025,11,844,boat,1298.0596296296294,22,4.481817727272727,2.6818181818181817,2.2147637352740506,289.6279386220206
Snohomish fall salmon 2025,2025,11,850,bank,0,2,2.391665,2,2.203818491720677,0
Snohomish fall salmon 2025,2025,11,850,boat,0,NA,NA,NA,NA,NA
Snoqualmie winter steelhead 2022-23,2022,12,852,bank,2300.5593957599044,40,2.57333375,1.275,1.6702771645075318,893.9996204378481
Snoqualmie winter steelhead 2022-23,2022,12,852,boat,477.79953125000003,4,4.76667,2.25,1.2076147288491201,100.23759380238195
Snoqualmie winter steelhead 2022-23,2022,12,856,bank,773.3985407583652,19,2.1219294736842107,1.368421052631579,1.1017382472129802,364.47890957259204
Snoqualmie winter steelhead 2022-23,2022,12,856,boat,8.464675925925926,NA,NA,NA,NA,NA
Snoqualmie winter steelhead 2022-23,2023,1,852,bank,3471.207154387004,34,2.838725588235294,1.4411764705882353,1.114366702153212,1222.804757449238
Snoqualmie winter steelhead 2022-23,2023,1,852,boat,619.838660300926,5,4.3033339999999995,2.6,2.067753980102565,144.036846849658
Snoqualmie winter steelhead 2022-23,2023,1,856,bank,1676.512077897501,54,2.933333333333333,1.3333333333333333,1.628541615849812,571.5382083741481
Snoqualmie winter steelhead 2022-23,2023,1,856,boat,0,NA,NA,NA,NA,NA
Snoqualmie winter steelhead 2022-23,2023,2,852,bank,170.36329818648585,21,2.8920638095238096,1.2857142857142858,1.4698975818283264,58.90717128213602
Snoqualmie winter steelhead 2022-23,2023,2,852,boat,0,NA,NA,NA,NA,NA
Snoqualmie winter steelhead 2022-23,2023,2,856,bank,48.219070014583146,24,1.8756945833333334,1.25,0.9975206541829387,25.707314209380556
Snoqualmie winter steelhead 2022-23,2023,2,856,boat,0,NA,NA,NA,NA,NA
South Fork Skykomish summer gamefish 2025,2025,7,848,bank,133.225390625,4,3.2916675,2,2.240722663686502,40.47352614594274
South Fork Willapa winter steelhead 2022-23,2022,12,422,bank,73.3025641025641,1,1,2,NA,73.3025641025641
South Fork Willapa winter steelhead 2022-23,2023,1,422,bank,243.0818269230769,1,2,1,NA,121.54091346153845
South Fork Willapa winter steelhead 2022-23,2023,2,422,bank,137.67134615384614,4,4.9333325,1.75,1.9485512947208583,27.906358664015887
South Fork Willapa winter steelhead 2022-23,2023,3,422,bank,0,NA,NA,NA,NA,NA
South Fork Willapa winter steelhead 2023-24,2023,12,422,bank,123.62036265432099,2,2.8833349999999998,1,0.6599639720848406,42.87408943266079
South Fork Willapa winter steelhead 2023-24,2024,1,422,bank,205.20760513117284,8,2.9791675,1.125,0.4363209191065678,68.88085518225238
South Fork Willapa winter steelhead 2023-24,2024,2,422,bank,267.2861834490741,5,2.823334,1.2,0.7097165435791954,94.67040861941027
Stillaguamish salmon and gamefish 2023-24,2023,9,872,bank,816.1917084491291,11,3.2893936363636365,1.4545454545454546,1.2382615053232715,248.12831745835499
Stillaguamish salmon and gamefish 2023-24,2023,9,872,boat,0,1,8.41667,4,NA,0
Stillaguamish salmon and gamefish 2023-24,2023,9,876,bank,16472.729033915086,106,3.054088396226415,1.8584905660377358,1.879736883510758,5393.664785298467
Stillaguamish salmon and gamefish 2023-24,2023,9,876,boat,1818.50484375,16,4.2604175,2.125,1.615971576806556,426.83723924943973
Stillaguamish salmon and gamefish 2024-25,2024,9,872,bank,1297.1487154307524,19,3.1771931578947368,1.4210526315789473,1.4913870439368873,408.26876144044877
Stillaguamish salmon and gamefish 2024-25,2024,9,872,boat,40.213541666666664,2,7.791665,2,1.35529035429682,5.161097360662537
Stillaguamish salmon and gamefish 2024-25,2024,9,876,bank,13643.02863015937,128,2.738150703125,1.8203125,2.0077779688627633,4982.570394897854
Stillaguamish salmon and gamefish 2024-25,2024,9,876,boat,447.22989583333333,5,4.046664,2.8,2.9139132584515965,110.51816899879341
Stillaguamish salmon and gamefish 2024-25,2024,10,872,bank,874.4580956846249,27,2.8814818518518517,1.2222222222222223,1.803110082632947,303.4751355878344
Stillaguamish salmon and gamefish 2024-25,2024,10,872,boat,19.1425,3,6.227776666666666,2.3333333333333335,1.6038419902326204,3.0737293619499306
Stillaguamish salmon and gamefish 2024-25,2024,10,874,bank,905.5469845268003,6,2.3416683333333332,1.6666666666666667,0.7757270353266456,386.71018078711705
Stillaguamish salmon and gamefish 2024-25,2024,10,874,boat,46.69791666666667,NA,NA,NA,NA,NA
Stillaguamish salmon and gamefish 2024-25,2024,10,876,bank,6210.245245703989,235,2.4460994042553192,1.6425531914893616,1.6110329640692,2538.8360076047734
Stillaguamish salmon and gamefish 2024-25,2024,10,876,boat,383.5733333333333,3,4.91667,2.3333333333333335,3.025309901481169,78.01486236280518
Stillaguamish salmon and gamefish 2024-25,2024,11,872,bank,601.5327606286106,12,2.575,1.6666666666666667,1.2380233920245611,233.60495558392643
Stillaguamish salmon and gamefish 2024-25,2024,11,872,boat,0,NA,NA,NA,NA,NA
Stillaguamish salmon and gamefish 2024-25,2024,11,874,bank,751.9137786453426,16,2.2083331250000002,1.8125,1.614012844735005,340.4892903761259
Stillaguamish salmon and gamefish 2024-25,2024,11,874,boat,0,NA,NA,NA,NA,NA
Stillaguamish salmon and gamefish 2024-25,2024,11,876,bank,65.38314885988949,5,1.5,1.6,0.4805941057170801,43.58876590659299
Stillaguamish salmon and gamefish 2024-25,2024,11,876,boat,49.91166666666666,NA,NA,NA,NA,NA
Stillaguamish salmon and gamefish 2025-26,2025,9,872,bank,2250.2162817186336,41,3.4926834146341466,1.4146341463414633,1.2523480474904127,644.2657448683594
Stillaguamish salmon and gamefish 2025-26,2025,9,872,boat,76.22453703703704,2,8.833335,3,0.9428066845594595,8.629191243968108
Stillaguamish salmon and gamefish 2025-26,2025,9,876,bank,17152.16495781388,173,3.336031040462428,1.6647398843930636,1.8161116915529791,5141.488418356057
Stillaguamish salmon and gamefish 2025-26,2025,9,876,boat,496.69704861111103,4,3.9375,2,1.9215336756525154,126.14528218694883
Stillaguamish salmon and gamefish 2025-26,2025,10,872,bank,800.2486019192991,33,3.3601009090909093,1.3333333333333333,1.8700166522743917,238.16207416693626
Stillaguamish salmon and gamefish 2025-26,2025,10,872,boat,96.12797839506172,3,6.333333333333333,1.3333333333333333,1.5877132402714709,15.178101851851851
Stillaguamish salmon and gamefish 2025-26,2025,10,876,bank,12463.72835187082,379,2.861037994722955,1.4722955145118735,1.6268274398584477,4356.365897572684
Stillaguamish salmon and gamefish 2025-26,2025,10,876,boat,577.1437770061727,6,3.780555,1.5,1.690673358076598,152.66112436035786
Stillaguamish Winter Steelhead 2022-23,2022,12,872,bank,707.0744255610588,26,2.8000003846153847,1.3076923076923077,1.702639020921301,252.52654586980864
Stillaguamish Winter Steelhead 2022-23,2022,12,872,boat,167.59675925925927,NA,NA,NA,NA,NA
Stillaguamish Winter Steelhead 2022-23,2022,12,876,bank,264.6995632883196,11,3.680302727272727,1.3636363636363635,2.116165215478654,71.92331253806235
Stillaguamish Winter Steelhead 2022-23,2022,12,876,boat,46.9320987654321,NA,NA,NA,NA,NA
Stillaguamish Winter Steelhead 2022-23,2023,1,872,bank,1395.4611610703575,39,2.4807689743589743,1.4871794871794872,1.336030108138118,562.5115339210262
Stillaguamish Winter Steelhead 2022-23,2023,1,872,boat,581.604012345679,2,8.925,2,0.9781690946865977,65.16571566898364
Stillaguamish Winter Steelhead 2022-23,2023,1,876,bank,524.9205336290908,29,3.0942541379310344,1.2413793103448276,1.2421602967397372,169.64363954283263
Stillaguamish Winter Steelhead 2022-23,2023,1,876,boat,0,NA,NA,NA,NA,NA
Stillaguamish Winter Steelhead 2022-23,2023,2,872,bank,0,NA,NA,NA,NA,NA
Stillaguamish Winter Steelhead 2022-23,2023,2,872,boat,0,NA,NA,NA,NA,NA
Stillaguamish Winter Steelhead 2022-23,2023,2,876,bank,156.5555526426661,14,2.8392864285714285,1.1428571428571428,2.037454408579517,55.13904869451166
Stillaguamish Winter Steelhead 2022-23,2023,2,876,boat,0,NA,NA,NA,NA,NA
Upper Chehalis salmon 2023,2023,10,315,bank,2562.87014960374,NA,NA,NA,NA,NA
Upper Chehalis salmon 2023,2023,10,315,boat,2659.636469017094,4,3.770835,1.5,2.6997742738298203,705.3176468917611
Upper Chehalis salmon 2023,2023,10,317,bank,3635.205282674038,8,1.6895825,1.625,0.8683116097305489,2151.540562638426
Upper Chehalis salmon 2023,2023,10,317,boat,9273.871696937322,98,5.294047551020408,2.5714285714285716,2.2539332685394644,1751.7545143979332
Upper Chehalis salmon 2023,2023,11,315,bank,534.9434000405016,3,5.42778,1,6.400746190585907,98.55657378163846
Upper Chehalis salmon 2023,2023,11,315,boat,1943.2141702279202,17,3.762745294117647,2.0588235294117645,2.1581038010111957,516.4352137429485
Upper Chehalis salmon 2023,2023,11,317,bank,1060.3197360886647,4,3.066665,2,2.6524269948420196,345.75662359229483
Upper Chehalis salmon 2023,2023,11,317,boat,7156.263409306743,76,4.516666578947368,2.460526315789474,1.9705630682452515,1584.4125937174106
Upper Chehalis salmon 2023,2023,12,315,bank,0,NA,NA,NA,NA,NA
Upper Chehalis salmon 2023,2023,12,315,boat,0,NA,NA,NA,NA,NA
Upper Chehalis salmon 2023,2023,12,317,bank,0,NA,NA,NA,NA,NA
Upper Chehalis salmon 2023,2023,12,317,boat,0,NA,NA,NA,NA,NA
Wallace salmon and gamefish 2022-23,2022,10,860,bank,4318.765620713306,105,3.217778,1.5809523809523809,1.8962419249396545,1342.1577314262531
Wallace salmon and gamefish 2022-23,2022,11,860,bank,5380.850323645405,232,3.2146548706896554,1.6293103448275863,1.585071212600736,1673.8500834744432
Wallace salmon and gamefish 2022-23,2022,12,860,bank,1971.9368173439643,40,2.5783329999999998,1.45,1.4693073506268708,764.8107584799809
Wallace salmon and gamefish 2022-23,2023,1,860,bank,3196.0774943201304,74,2.538739054054054,1.4594594594594594,1.2622860511787581,1258.9232001675744
Wallace salmon and gamefish 2022-23,2023,2,860,bank,734.7842635459534,5,2.353332,1,1.3531034739146892,312.2314503631249
Wallace salmon and gamefish 2023-24,2023,10,860,bank,7782.3776071428565,106,3.0569183018867925,1.6132075471698113,1.6002426062096076,2545.824532614893
Wallace salmon and gamefish 2023-24,2023,11,860,bank,2518.8185357142856,22,2.2939386363636363,1.6818181818181819,0.9194479320574486,1098.0322209957326
Wallace salmon and gamefish 2024-25,2024,10,860,bank,6353.039396367521,253,3.2186430434782607,1.7628458498023716,1.890547395359928,1973.8254011237111
Wallace salmon and gamefish 2024-25,2024,11,860,bank,1583.3886217948716,71,2.5685447887323942,1.6056338028169015,1.542391904592029,616.4535766480801
Willapa winter steelhead 2022,2022,1,424,NA,0,NA,NA,NA,NA,NA
Willapa winter steelhead 2022,2022,2,424,NA,0,NA,NA,NA,NA,NA
Willapa winter steelhead 2022-23,2022,12,424,bank,696.4075247121167,26,4.0506403846153844,1.5769230769230769,1.9688774794455457,171.92529046940854
Willapa winter steelhead 2022-23,2022,12,424,boat,0,NA,NA,NA,NA,NA
Willapa winter steelhead 2022-23,2023,1,424,bank,2287.00150775049,87,3.8266285057471263,1.5632183908045978,2.087955043926801,597.6544376637801
Willapa winter steelhead 2022-23,2023,1,424,boat,100.6,NA,NA,NA,NA,NA
Willapa winter steelhead 2022-23,2023,2,424,bank,1534.1582924012364,45,4.029628444444445,1.4222222222222223,1.5626795887832534,380.7195411567895
Willapa winter steelhead 2022-23,2023,2,424,boat,87.2536111111111,1,6,3,NA,14.542268518518517
Willapa winter steelhead 2022-23,2023,3,424,bank,864.5957281157648,37,5.047297297297297,1.5405405405405406,1.9441800515250762,171.298752022936
Willapa winter steelhead 2022-23,2023,3,424,boat,44.894444444444446,1,5.53333,2,NA,8.113458702886769
Willapa winter steelhead 2023-24,2023,12,424,bank,4100.779488631283,175,3.4819996,1.5142857142857142,1.8565392651371035,1177.7082021006788
Willapa winter steelhead 2023-24,2023,12,424,boat,996.9174603174604,6,6.941666666666666,2.5,1.1163807494697617,143.61355970959815
Willapa winter steelhead 2023-24,2024,1,424,bank,2529.9135815557916,76,3.4002190789473685,1.3026315789473684,1.88626148620328,744.0442873872104
Willapa winter steelhead 2023-24,2024,1,424,boat,87.61079365079365,2,7.975,3,0.12964095726274183,10.985679454644973
Willapa winter steelhead 2023-24,2024,2,424,bank,1279.109731209499,57,3.445321403508772,1.3157894736842106,2.000847434456959,371.259914940543
Willapa winter steelhead 2023-24,2024,2,424,boat,531.6314384920635,2,7.025,2,0.9310192145170795,75.67707309495565
Willapa winter steelhead 2023-24,2024,3,424,bank,1563.2672913598944,60,3.299722,1.3333333333333333,1.8423958779620426,473.75727147920173
Willapa winter steelhead 2023-24,2024,3,424,boat,517.7945105820106,7,8.588095714285714,2.2857142857142856,2.3076512475737254,60.29212153757143
Wynoochee winter steelhead 2024-25,2024,12,337,bank,764.11009799509,47,2.5687940425531917,1.446808510638298,1.458969780474445,297.45868502389584
Wynoochee winter steelhead 2024-25,2024,12,337,boat,1935.031039951989,45,6.5811108888888885,2.4444444444444446,1.8120862889759546,294.02802545372197
Wynoochee winter steelhead 2024-25,2025,1,337,bank,3025.5359253164734,60,4.280556,1.3666666666666667,2.0651110049232013,706.8090980042017
Wynoochee winter steelhead 2024-25,2025,1,337,boat,12534.427824074073,139,7.185131870503597,2.5899280575539567,1.4343631861852255,1744.4951672397838
Wynoochee winter steelhead 2024-25,2025,2,337,bank,1708.9431680469502,57,4.2038012280701755,1.4210526315789473,2.591184448896647,406.52330482130543
Wynoochee winter steelhead 2024-25,2025,2,337,boat,5477.569926697531,72,7.519675972222222,2.4305555555555554,1.6025444487199052,728.4316434553488
Wynoochee winter steelhead 2025-26,2025,12,337,bank,1681.2218517099566,26,4.098717692307693,1.5384615384615385,2.28464446466457,410.18239798881626
Wynoochee winter steelhead 2025-26,2025,12,337,boat,4076.990446229362,33,6.343435151515152,2.696969696969697,1.8619355614925983,642.7101954775337
Wynoochee winter steelhead 2025-26,2026,1,337,bank,3041.93499380594,44,4.793939090909091,1.8636363636363635,2.5613604287019203,634.5376810428119
Wynoochee winter steelhead 2025-26,2026,1,337,boat,10754.745871820616,113,6.600884690265486,2.5929203539823007,1.840941935086236,1629.288553954131
Wynoochee winter steelhead 2025-26,2026,2,337,bank,982.6622302273242,45,4.351852222222222,1.3555555555555556,2.1479266662368417,225.8032166647284
Wynoochee winter steelhead 2025-26,2026,2,337,boat,5047.6706849620705,69,7.01908231884058,2.5942028985507246,1.8843249342678048,719.1354162371258
