fishery_name,week,guided_status,hours,total_hours,prop
Baker summer sockeye 2022,2022-07-10,Guided,70.55,1403.7,0.05026002707131153
Baker summer sockeye 2022,2022-07-10,Unguided,1333.15,1403.7,0.9497399729286885
Baker summer sockeye 2022,2022-07-17,Guided,77.33333333333334,2054.883333333333,0.0376339289335161
Baker summer sockeye 2022,2022-07-17,Unguided,1977.55,2054.883333333333,0.962366071066484
Baker summer sockeye 2022,2022-07-24,Guided,14.166666666666666,907.4499999999999,0.015611512112696752
Baker summer sockeye 2022,2022-07-24,Unguided,893.2833333333333,907.4499999999999,0.9843884878873033
Baker summer sockeye 2022,2022-07-31,Guided,19.900000000000002,1162.3666666666668,0.017120243182013706
Baker summer sockeye 2022,2022-07-31,Unguided,1142.4666666666667,1162.3666666666668,0.9828797568179862
Baker summer sockeye 2022,2022-08-07,Unguided,818.1166666666667,818.1166666666667,1
Baker summer sockeye 2022,2022-08-14,Guided,62.78333333333333,575.6666666666666,0.10906195715112912
Baker summer sockeye 2022,2022-08-14,Unguided,512.8833333333333,575.6666666666666,0.8909380428488709
Baker summer sockeye 2022,2022-08-21,Unguided,224.05,224.05,1
Baker summer sockeye 2022,2022-08-28,Unguided,52.9,52.9,1
Baker summer sockeye 2023,2023-07-16,Guided,64.25,2671.0833333333335,0.02405391071038592
Baker summer sockeye 2023,2023-07-16,Unguided,2606.8333333333335,2671.0833333333335,0.9759460892896141
Baker summer sockeye 2023,2023-07-23,Guided,36,1319.15,0.027290300572338246
Baker summer sockeye 2023,2023-07-23,Unguided,1283.15,1319.15,0.9727096994276617
Baker summer sockeye 2023,2023-07-30,Guided,27.366666666666667,1011.6166666666667,0.027052407862003063
Baker summer sockeye 2023,2023-07-30,Unguided,984.25,1011.6166666666667,0.972947592137997
Baker summer sockeye 2023,2023-08-06,Guided,79.36666666666667,806.0166666666667,0.09846777361923865
Baker summer sockeye 2023,2023-08-06,Unguided,726.65,806.0166666666667,0.9015322263807614
Baker summer sockeye 2023,2023-08-13,Unguided,131.76666666666668,131.76666666666668,1
Cascade fall salmon 2021,2021-09-19,Unguided,26.55,26.55,1
Cascade fall salmon 2021,2021-09-26,Unguided,69.58333333333333,69.58333333333333,1
Cascade fall salmon 2021,2021-10-03,Unguided,67.78333333333333,67.78333333333333,1
Cascade fall salmon 2021,2021-10-10,Unguided,87.06666666666666,87.06666666666666,1
Cascade fall salmon 2021,2021-10-17,Unguided,81.23333333333333,81.23333333333333,1
Cascade fall salmon 2021,2021-10-24,Unguided,26.366666666666667,26.366666666666667,1
Cascade fall salmon 2021,2021-10-31,Unguided,70.6,70.6,1
Cascade fall salmon 2021,2021-11-07,Unguided,24.583333333333336,24.583333333333336,1
Cascade fall salmon 2021,2021-11-14,Unguided,18.233333333333334,18.233333333333334,1
Cascade fall salmon 2021,2021-11-21,Unguided,21.900000000000002,21.900000000000002,1
Cascade fall salmon 2021,2021-11-28,Unguided,1.8833333333333333,1.8833333333333333,1
Cascade fall salmon 2022,2022-09-18,Unguided,47,47,1
Cascade fall salmon 2022,2022-09-25,Unguided,152.56666666666666,152.56666666666666,1
Cascade fall salmon 2022,2022-10-02,Unguided,232.31666666666666,232.31666666666666,1
Cascade fall salmon 2022,2022-10-09,Unguided,202.75,202.75,1
Cascade fall salmon 2022,2022-10-16,Unguided,157.35,157.35,1
Cascade fall salmon 2022,2022-10-23,Unguided,58.766666666666666,58.766666666666666,1
Cascade fall salmon 2022,2022-10-30,Unguided,131.06666666666666,131.06666666666666,1
Cascade fall salmon 2022,2022-11-06,Unguided,88.63333333333333,88.63333333333333,1
Cascade fall salmon 2022,2022-11-13,Unguided,75.78333333333333,75.78333333333333,1
Cascade fall salmon 2022,2022-11-20,Unguided,6.766666666666667,6.766666666666667,1
Cascade fall salmon 2022,2022-11-27,Unguided,16.733333333333334,16.733333333333334,1
Cascade fall salmon 2023,2023-09-10,Unguided,27.96666666666667,27.96666666666667,1
Cascade fall salmon 2023,2023-09-17,Unguided,34.86666666666667,34.86666666666667,1
Cascade fall salmon 2023,2023-09-24,Unguided,316.53333333333336,316.53333333333336,1
Cascade fall salmon 2023,2023-10-01,Unguided,311.43333333333334,311.43333333333334,1
Cascade fall salmon 2023,2023-10-08,Unguided,414.2833333333333,414.2833333333333,1
Cascade fall salmon 2023,2023-10-15,Guided,5.683333333333334,204.35,0.02781176086779219
Cascade fall salmon 2023,2023-10-15,Unguided,198.66666666666666,204.35,0.9721882391322078
Cascade fall salmon 2023,2023-10-22,Unguided,196.11666666666667,196.11666666666667,1
Cascade fall salmon 2023,2023-10-29,Unguided,133.15,133.15,1
Cascade fall salmon 2023,2023-11-05,Unguided,59.68333333333334,59.68333333333334,1
Cascade fall salmon 2023,2023-11-12,Unguided,43.88333333333333,43.88333333333333,1
Cascade fall salmon 2023,2023-11-19,Unguided,12.066666666666666,12.066666666666666,1
Cascade fall salmon 2023,2023-11-26,Unguided,9.416666666666668,9.416666666666668,1
Cascade fall salmon 2024,2024-09-15,Unguided,78.66666666666666,78.66666666666666,1
Cascade fall salmon 2024,2024-09-22,Unguided,103.13333333333334,103.13333333333334,1
Cascade fall salmon 2024,2024-09-29,Unguided,146.56666666666666,146.56666666666666,1
Cascade fall salmon 2024,2024-10-06,Unguided,116.61666666666666,116.61666666666666,1
Cascade fall salmon 2024,2024-10-13,Unguided,280.1166666666667,280.1166666666667,1
Cascade fall salmon 2024,2024-10-20,Unguided,222.68333333333334,222.68333333333334,1
Cascade fall salmon 2024,2024-10-27,Unguided,263.3333333333333,263.3333333333333,1
Cascade fall salmon 2024,2024-11-03,Unguided,91.55,91.55,1
Cascade fall salmon 2024,2024-11-10,Unguided,17.25,17.25,1
Cascade fall salmon 2024,2024-11-17,Unguided,29.35,29.35,1
Cascade fall salmon 2024,2024-11-24,Unguided,17.083333333333332,17.083333333333332,1
Cascade spring Chinook 2022,2022-05-29,Unguided,278.4166666666667,278.4166666666667,1
Cascade spring Chinook 2022,2022-06-05,Unguided,560.9666666666667,560.9666666666667,1
Cascade spring Chinook 2022,2022-06-12,Unguided,344.95,344.95,1
Cascade spring Chinook 2022,2022-06-19,Unguided,588.35,588.35,1
Cascade spring Chinook 2022,2022-06-26,Unguided,737.0166666666667,737.0166666666667,1
Cascade spring Chinook 2022,2022-07-03,Unguided,223.53333333333333,223.53333333333333,1
Cascade spring Chinook 2022,2022-07-10,Unguided,164.96666666666667,164.96666666666667,1
Cascade spring Chinook 2023,2023-05-28,Unguided,110.45,110.45,1
Cascade spring Chinook 2023,2023-06-04,Unguided,128.61666666666667,128.61666666666667,1
Cascade spring Chinook 2023,2023-06-11,Unguided,257.9,257.9,1
Cascade spring Chinook 2023,2023-06-18,Unguided,59.7,59.7,1
Cascade spring Chinook 2023,2023-06-25,Unguided,127.96666666666667,127.96666666666667,1
Cascade spring Chinook 2023,2023-07-02,Unguided,34.5,34.5,1
Cascade spring Chinook 2023,2023-07-09,Unguided,83.36666666666667,83.36666666666667,1
Cascade spring Chinook 2024,2024-05-26,Unguided,224.71666666666667,224.71666666666667,1
Cascade spring Chinook 2024,2024-06-02,Unguided,346.45,346.45,1
Cascade spring Chinook 2024,2024-06-09,Unguided,297.71666666666664,297.71666666666664,1
Cascade spring Chinook 2024,2024-06-16,Unguided,0.3333333333333333,0.3333333333333333,1
Cascade spring Chinook 2024,2024-06-23,Unguided,106.65,106.65,1
Cascade spring Chinook 2024,2024-06-30,Unguided,90.46666666666667,90.46666666666667,1
Cascade spring Chinook 2024,2024-07-07,Unguided,28.05,28.05,1
Cascade spring Chinook 2024,2024-07-14,Unguided,7.266666666666667,7.266666666666667,1
Cascade winter gamefish 2021-22,2021-11-28,Unguided,5.283333333333333,5.283333333333333,1
Cascade winter gamefish 2021-22,2021-12-05,Unguided,32.483333333333334,32.483333333333334,1
Cascade winter gamefish 2021-22,2021-12-12,Unguided,3.283333333333333,3.283333333333333,1
Cascade winter gamefish 2021-22,2021-12-19,Unguided,5.5,5.5,1
Cascade winter gamefish 2021-22,2021-12-26,Unguided,3.5,3.5,1
Cascade winter gamefish 2021-22,2022-01-02,Unguided,3.1,3.1,1
Cascade winter gamefish 2021-22,2022-01-09,Unguided,8.45,8.45,1
Cascade winter gamefish 2021-22,2022-01-16,Unguided,2,2,1
Cascade winter gamefish 2023,2023-01-08,Unguided,12.4,12.4,1
Cascade winter gamefish 2023,2023-01-15,Unguided,13.166666666666666,13.166666666666666,1
Chehalis salmon 2022,2022-09-11,Guided,23.3,588.25,0.039609009774755635
Chehalis salmon 2022,2022-09-11,Unguided,564.95,588.25,0.9603909902252444
Chehalis salmon 2022,2022-09-18,Guided,57.21666666666667,1022.6666666666667,0.05594850065189048
Chehalis salmon 2022,2022-09-18,Unguided,965.45,1022.6666666666667,0.9440514993481095
Chehalis salmon 2022,2022-09-25,Guided,189.79999999999998,1148.9833333333333,0.16518951536865922
Chehalis salmon 2022,2022-09-25,Unguided,959.1833333333334,1148.9833333333333,0.8348104846313408
Chehalis salmon 2022,2022-10-02,Guided,85.93333333333334,869.9000000000001,0.09878530099245124
Chehalis salmon 2022,2022-10-02,Unguided,783.9666666666667,869.9000000000001,0.9012146990075487
Chehalis salmon 2022,2022-10-09,Guided,263.75,1317.25,0.20022774720060732
Chehalis salmon 2022,2022-10-09,Unguided,1053.5,1317.25,0.7997722527993927
Chehalis salmon 2022,2022-10-16,Guided,513.6666666666666,1529.8666666666668,0.33575910754749866
Chehalis salmon 2022,2022-10-16,Unguided,1016.2,1529.8666666666668,0.6642408924525013
Chehalis salmon 2022,2022-10-23,Guided,347.78333333333336,1528.9666666666667,0.2274629924349779
Chehalis salmon 2022,2022-10-23,Unguided,1181.1833333333334,1528.9666666666667,0.7725370075650222
Chehalis salmon 2022,2022-10-30,Guided,198.43333333333334,399.98333333333335,0.49610400433351387
Chehalis salmon 2022,2022-10-30,Unguided,201.55,399.98333333333335,0.5038959956664861
Chehalis salmon 2022,2022-11-06,Guided,35.25,111.33333333333333,0.3166167664670659
Chehalis salmon 2022,2022-11-06,Unguided,76.08333333333333,111.33333333333333,0.6833832335329341
Chehalis salmon 2022,2022-11-13,Guided,25.333333333333332,154.8166666666667,0.1636344062870061
Chehalis salmon 2022,2022-11-13,Unguided,129.48333333333335,154.8166666666667,0.8363655937129938
Chehalis salmon 2022,2022-11-20,Guided,35.28333333333333,209.08333333333334,0.16875249103228376
Chehalis salmon 2022,2022-11-20,Unguided,173.8,209.08333333333334,0.8312475089677163
Chehalis salmon 2022,2022-11-27,Unguided,33.833333333333336,33.833333333333336,1
Chehalis salmon 2022,2022-12-04,Unguided,59.63333333333333,59.63333333333333,1
Chehalis salmon 2022,2022-12-11,Unguided,15.85,15.85,1
Chehalis salmon 2024,2024-09-15,Guided,16.633333333333333,1749.4,0.009508021797949772
Chehalis salmon 2024,2024-09-15,Unguided,1732.7666666666667,1749.4,0.9904919782020501
Chehalis salmon 2024,2024-09-22,Guided,177.41666666666669,2387.75,0.0743028653195128
Chehalis salmon 2024,2024-09-22,Unguided,2210.3333333333335,2387.75,0.9256971346804873
Chehalis salmon 2024,2024-09-29,Guided,71.81666666666666,1271.8999999999999,0.056464082606074904
Chehalis salmon 2024,2024-09-29,Unguided,1200.0833333333333,1271.8999999999999,0.9435359173939252
Chehalis salmon 2024,2024-10-06,Guided,151.2,1251.4833333333333,0.12081663093129485
Chehalis salmon 2024,2024-10-06,Unguided,1100.2833333333333,1251.4833333333333,0.8791833690687051
Chehalis salmon 2024,2024-10-13,Guided,272.3833333333333,1003.8666666666667,0.27133417452516934
Chehalis salmon 2024,2024-10-13,Unguided,731.4833333333333,1003.8666666666667,0.7286658254748307
Chehalis salmon 2024,2024-10-20,Guided,79.48333333333333,655.5,0.121256038647343
Chehalis salmon 2024,2024-10-20,Unguided,576.0166666666667,655.5,0.878743961352657
Chehalis salmon 2024,2024-10-27,Guided,176.56666666666666,889,0.198612673415823
Chehalis salmon 2024,2024-10-27,Unguided,712.4333333333333,889,0.8013873265841769
Chehalis salmon 2024,2024-11-03,Guided,154.9,1143.2166666666667,0.13549487557039347
Chehalis salmon 2024,2024-11-03,Unguided,988.3166666666667,1143.2166666666667,0.8645051244296066
Chehalis salmon 2024,2024-11-10,Guided,14.15,366.59999999999997,0.03859792689579924
Chehalis salmon 2024,2024-11-10,Unguided,352.45,366.59999999999997,0.9614020731042008
Chehalis salmon 2024,2024-11-17,Unguided,71.93333333333334,71.93333333333334,1
Chehalis salmon 2024,2024-11-24,Unguided,262.1,262.1,1
Chehalis salmon 2024,2024-12-01,Guided,47.18333333333334,249.51666666666668,0.1890989245875359
Chehalis salmon 2024,2024-12-01,Unguided,202.33333333333334,249.51666666666668,0.8109010754124641
Chehalis salmon 2024,2024-12-08,Unguided,151.43333333333334,151.43333333333334,1
Chehalis salmon 2024,2024-12-15,Unguided,54.35,54.35,1
Chehalis salmon 2024,2024-12-22,Unguided,0.43333333333333335,0.43333333333333335,1
Chehalis salmon 2025,2025-09-14,Guided,86.66666666666666,2012.45,0.04306525213876949
Chehalis salmon 2025,2025-09-14,Unguided,1925.7833333333333,2012.45,0.9569347478612305
Chehalis salmon 2025,2025-09-21,Guided,23.916666666666664,1730.3500000000001,0.01382186648173298
Chehalis salmon 2025,2025-09-21,Unguided,1706.4333333333334,1730.3500000000001,0.986178133518267
Chehalis salmon 2025,2025-09-28,Guided,79.78333333333333,1540.1499999999999,0.05180231362746053
Chehalis salmon 2025,2025-09-28,Unguided,1460.3666666666666,1540.1499999999999,0.9481976863725395
Chehalis salmon 2025,2025-10-05,Guided,157.6,1012.3333333333334,0.15567994731643067
Chehalis salmon 2025,2025-10-05,Unguided,854.7333333333333,1012.3333333333334,0.8443200526835692
Chehalis salmon 2025,2025-10-12,Guided,430.25,1586.2666666666667,0.2712343447928049
Chehalis salmon 2025,2025-10-12,Unguided,1156.0166666666667,1586.2666666666667,0.728765655207195
Chehalis salmon 2025,2025-10-19,Guided,343.4,845.8166666666666,0.40599814774675363
Chehalis salmon 2025,2025-10-19,Unguided,502.4166666666667,845.8166666666666,0.5940018522532464
Chehalis salmon 2025,2025-10-26,Guided,185.35,853.1333333333333,0.2172579510822849
Chehalis salmon 2025,2025-10-26,Unguided,667.7833333333333,853.1333333333333,0.782742048917715
Chehalis salmon 2025,2025-11-02,Guided,19,464.55,0.0408997955010225
Chehalis salmon 2025,2025-11-02,Unguided,445.55,464.55,0.9591002044989775
Chehalis salmon 2025,2025-11-09,Guided,106.95,294.56666666666666,0.3630757044245785
Chehalis salmon 2025,2025-11-09,Unguided,187.61666666666667,294.56666666666666,0.6369242955754215
Chehalis salmon 2025,2025-11-16,Guided,185.26666666666665,937.7166666666667,0.19757211666637042
Chehalis salmon 2025,2025-11-16,Unguided,752.45,937.7166666666667,0.8024278833336296
Chehalis salmon 2025,2025-11-23,Guided,42.61666666666667,452.3666666666667,0.0942082381548891
Chehalis salmon 2025,2025-11-23,Unguided,409.75,452.3666666666667,0.9057917618451109
Chehalis salmon 2025,2025-11-30,Guided,13.950000000000001,110.73333333333333,0.12597832630945213
Chehalis salmon 2025,2025-11-30,Unguided,96.78333333333333,110.73333333333333,0.8740216736905478
Chehalis salmon 2025,2025-12-07,Unguided,16.216666666666665,16.216666666666665,1
Chehalis salmon 2025,2025-12-21,Unguided,29.799999999999997,29.799999999999997,1
Chehalis salmon 2025,2025-12-28,Unguided,14.233333333333333,14.233333333333333,1
Chehalis winter steelhead 2024-25,2024-10-27,Guided,40.9,331.79999999999995,0.12326702833031948
Chehalis winter steelhead 2024-25,2024-10-27,Unguided,290.9,331.79999999999995,0.8767329716696806
Chehalis winter steelhead 2024-25,2024-11-03,Guided,154.9,1061.7666666666667,0.1458889272595988
Chehalis winter steelhead 2024-25,2024-11-03,Unguided,906.8666666666667,1061.7666666666667,0.8541110727404012
Chehalis winter steelhead 2024-25,2024-11-10,Guided,14.15,313.79999999999995,0.045092415551306574
Chehalis winter steelhead 2024-25,2024-11-10,Unguided,299.65,313.79999999999995,0.9549075844486935
Chehalis winter steelhead 2024-25,2024-11-17,Unguided,71.93333333333334,71.93333333333334,1
Chehalis winter steelhead 2024-25,2024-11-24,Unguided,262.1,262.1,1
Chehalis winter steelhead 2024-25,2024-12-01,Guided,47.18333333333334,249.51666666666668,0.1890989245875359
Chehalis winter steelhead 2024-25,2024-12-01,Unguided,202.33333333333334,249.51666666666668,0.8109010754124641
Chehalis winter steelhead 2024-25,2024-12-08,Unguided,151.43333333333334,151.43333333333334,1
Chehalis winter steelhead 2024-25,2024-12-15,Unguided,54.35,54.35,1
Chehalis winter steelhead 2024-25,2024-12-22,Unguided,0.43333333333333335,0.43333333333333335,1
Chehalis winter steelhead 2024-25,2024-12-29,Unguided,3.6,3.6,1
Chehalis winter steelhead 2024-25,2025-01-05,Unguided,68.7,68.7,1
Chehalis winter steelhead 2024-25,2025-01-12,Unguided,80.53333333333333,80.53333333333333,1
Chehalis winter steelhead 2024-25,2025-01-19,Unguided,78.68333333333332,78.68333333333332,1
Chehalis winter steelhead 2024-25,2025-01-26,Unguided,50.11666666666667,50.11666666666667,1
Chehalis winter steelhead 2024-25,2025-02-02,Unguided,103.46666666666667,103.46666666666667,1
Chehalis winter steelhead 2024-25,2025-02-09,Unguided,21.45,21.45,1
Chehalis winter steelhead 2024-25,2025-02-16,Unguided,30.866666666666667,30.866666666666667,1
Chehalis winter steelhead 2025-26,2025-11-30,Guided,13.950000000000001,110.73333333333333,0.12597832630945213
Chehalis winter steelhead 2025-26,2025-11-30,Unguided,96.78333333333333,110.73333333333333,0.8740216736905478
Chehalis winter steelhead 2025-26,2025-12-07,Unguided,16.216666666666665,16.216666666666665,1
Chehalis winter steelhead 2025-26,2025-12-21,Unguided,29.799999999999997,29.799999999999997,1
Chehalis winter steelhead 2025-26,2025-12-28,Guided,13.900000000000002,31.583333333333336,0.44010554089709764
Chehalis winter steelhead 2025-26,2025-12-28,Unguided,17.683333333333334,31.583333333333336,0.5598944591029024
Chehalis winter steelhead 2025-26,2026-01-04,Unguided,22.833333333333332,22.833333333333332,1
Chehalis winter steelhead 2025-26,2026-01-11,Unguided,68.81666666666666,68.81666666666666,1
Chehalis winter steelhead 2025-26,2026-01-18,Guided,42.3,122.75,0.3446028513238289
Chehalis winter steelhead 2025-26,2026-01-18,Unguided,80.45,122.75,0.655397148676171
Chehalis winter steelhead 2025-26,2026-01-25,Unguided,33.4,33.4,1
Chehalis winter steelhead 2025-26,2026-02-01,Unguided,47.86666666666667,47.86666666666667,1
Chehalis winter steelhead 2025-26,2026-02-08,Unguided,28.866666666666667,28.866666666666667,1
Chehalis winter steelhead 2025-26,2026-02-15,Unguided,23.1,23.1,1
Drano Lake salmon and steelhead 2023,2023-07-09,Unguided,5.5,5.5,1
Drano Lake salmon and steelhead 2023,2023-07-16,Guided,13.950000000000001,51.300000000000004,0.2719298245614035
Drano Lake salmon and steelhead 2023,2023-07-16,Unguided,37.35,51.300000000000004,0.7280701754385964
Drano Lake salmon and steelhead 2023,2023-07-23,Guided,15.3,194.18333333333334,0.07879152004119819
Drano Lake salmon and steelhead 2023,2023-07-23,Unguided,178.88333333333333,194.18333333333334,0.9212084799588017
Drano Lake salmon and steelhead 2023,2023-07-30,Guided,18.95,368.5,0.0514246947082768
Drano Lake salmon and steelhead 2023,2023-07-30,Unguided,349.55,368.5,0.9485753052917232
Drano Lake salmon and steelhead 2023,2023-08-06,Guided,59.39999999999999,901.9333333333333,0.0658585261290561
Drano Lake salmon and steelhead 2023,2023-08-06,Unguided,842.5333333333333,901.9333333333333,0.9341414738709439
Drano Lake salmon and steelhead 2023,2023-08-13,Guided,165.15,1275.6166666666668,0.12946679383827428
Drano Lake salmon and steelhead 2023,2023-08-13,Unguided,1110.4666666666667,1275.6166666666668,0.8705332061617257
Drano Lake salmon and steelhead 2023,2023-08-20,Guided,91.23333333333333,1353.1,0.06742541817554751
Drano Lake salmon and steelhead 2023,2023-08-20,Unguided,1261.8666666666666,1353.1,0.9325745818244525
Drano Lake salmon and steelhead 2023,2023-08-27,Guided,505.03333333333336,1518.1333333333334,0.33266731073247846
Drano Lake salmon and steelhead 2023,2023-08-27,Unguided,1013.1,1518.1333333333334,0.6673326892675215
Drano Lake salmon and steelhead 2023,2023-09-03,Guided,368.03333333333336,2654.233333333333,0.13865899757619904
Drano Lake salmon and steelhead 2023,2023-09-03,Unguided,2286.2,2654.233333333333,0.861341002423801
Drano Lake salmon and steelhead 2023,2023-09-10,Guided,163.16666666666666,1168.2166666666667,0.1396715791876507
Drano Lake salmon and steelhead 2023,2023-09-10,Unguided,1005.05,1168.2166666666667,0.8603284208123493
Drano Lake salmon and steelhead 2023,2023-09-17,Guided,439.7,977.7666666666667,0.4496982920260457
Drano Lake salmon and steelhead 2023,2023-09-17,Unguided,538.0666666666667,977.7666666666667,0.5503017079739543
Drano Lake salmon and steelhead 2023,2023-09-24,Guided,290.25,562.5333333333333,0.5159694240341314
Drano Lake salmon and steelhead 2023,2023-09-24,Unguided,272.28333333333336,562.5333333333333,0.48403057596586874
Drano Lake salmon and steelhead 2023,2023-10-01,Guided,246.71666666666667,922.5,0.2674435411020777
Drano Lake salmon and steelhead 2023,2023-10-01,Unguided,675.7833333333333,922.5,0.7325564588979223
Drano Lake salmon and steelhead 2023,2023-10-08,Guided,170.23333333333335,562.8166666666666,0.3024667594539371
Drano Lake salmon and steelhead 2023,2023-10-08,Unguided,392.5833333333333,562.8166666666666,0.697533240546063
Drano Lake salmon and steelhead 2023,2023-10-15,Guided,260.1666666666667,525.7166666666667,0.4948800050724408
Drano Lake salmon and steelhead 2023,2023-10-15,Unguided,265.55,525.7166666666667,0.5051199949275592
Drano Lake salmon and steelhead 2023,2023-10-22,Guided,128.41666666666666,298.45,0.43027866197576364
Drano Lake salmon and steelhead 2023,2023-10-22,Unguided,170.03333333333333,298.45,0.5697213380242363
Drano Lake salmon and steelhead 2023,2023-10-29,Guided,17.066666666666666,36.13333333333333,0.47232472324723246
Drano Lake salmon and steelhead 2023,2023-10-29,Unguided,19.066666666666666,36.13333333333333,0.5276752767527675
Drano Lake salmon and steelhead 2024,2024-07-14,Unguided,65.61666666666666,65.61666666666666,1
Drano Lake salmon and steelhead 2024,2024-07-21,Guided,51.266666666666666,115.08333333333334,0.4454742939898624
Drano Lake salmon and steelhead 2024,2024-07-21,Unguided,63.81666666666667,115.08333333333334,0.5545257060101376
Drano Lake salmon and steelhead 2024,2024-07-28,Guided,77.4,480.35,0.16113250754658062
Drano Lake salmon and steelhead 2024,2024-07-28,Unguided,402.95,480.35,0.8388674924534193
Drano Lake salmon and steelhead 2024,2024-08-04,Guided,83.81666666666666,848.55,0.09877634395930313
Drano Lake salmon and steelhead 2024,2024-08-04,Unguided,764.7333333333333,848.55,0.901223656040697
Drano Lake salmon and steelhead 2024,2024-08-11,Unguided,436.3333333333333,436.3333333333333,1
Drano Lake salmon and steelhead 2024,2024-08-18,Guided,110.63333333333333,1098.4166666666665,0.10072073439041045
Drano Lake salmon and steelhead 2024,2024-08-18,Unguided,987.7833333333333,1098.4166666666665,0.8992792656095897
Drano Lake salmon and steelhead 2024,2024-08-25,Unguided,405.81666666666666,405.81666666666666,1
Drano Lake salmon and steelhead 2024,2024-09-01,Guided,161.48333333333335,1345.9666666666667,0.11997572995864188
Drano Lake salmon and steelhead 2024,2024-09-01,Unguided,1184.4833333333333,1345.9666666666667,0.8800242700413581
Drano Lake salmon and steelhead 2024,2024-09-08,Guided,864.1,2558.3,0.33776335848024075
Drano Lake salmon and steelhead 2024,2024-09-08,Unguided,1694.2,2558.3,0.6622366415197591
Drano Lake salmon and steelhead 2024,2024-09-15,Guided,876.9833333333333,1905.3833333333334,0.4602660881887284
Drano Lake salmon and steelhead 2024,2024-09-15,Unguided,1028.4,1905.3833333333334,0.5397339118112716
Drano Lake salmon and steelhead 2024,2024-09-22,Guided,275.5833333333333,890.1499999999999,0.3095920163268363
Drano Lake salmon and steelhead 2024,2024-09-22,Unguided,614.5666666666666,890.1499999999999,0.6904079836731637
Drano Lake salmon and steelhead 2024,2024-09-29,Guided,277.15,1110.6,0.24954979290473617
Drano Lake salmon and steelhead 2024,2024-09-29,Unguided,833.4499999999999,1110.6,0.7504502070952638
Drano Lake salmon and steelhead 2024,2024-10-06,Guided,154.48333333333332,1102.4166666666665,0.1401315292161161
Drano Lake salmon and steelhead 2024,2024-10-06,Unguided,947.9333333333333,1102.4166666666665,0.859868470783884
Drano Lake salmon and steelhead 2024,2024-10-13,Guided,212.78333333333333,832.1166666666667,0.2557133414785587
Drano Lake salmon and steelhead 2024,2024-10-13,Unguided,619.3333333333334,832.1166666666667,0.7442866585214414
Drano Lake salmon and steelhead 2024,2024-10-20,Guided,68.65,231.76666666666668,0.29620307780814037
Drano Lake salmon and steelhead 2024,2024-10-20,Unguided,163.11666666666667,231.76666666666668,0.7037969221918596
Drano Lake salmon and steelhead 2024,2024-10-27,Unguided,67.75,67.75,1
Drano Lake salmon and steelhead 2025,2025-06-29,Unguided,65.85,65.85,1
Drano Lake salmon and steelhead 2025,2025-07-06,Unguided,24.066666666666666,24.066666666666666,1
Drano Lake salmon and steelhead 2025,2025-07-13,Unguided,96.51666666666667,96.51666666666667,1
Drano Lake salmon and steelhead 2025,2025-07-20,Guided,73.8,339.40000000000003,0.21744254566882731
Drano Lake salmon and steelhead 2025,2025-07-20,Unguided,265.6,339.40000000000003,0.7825574543311726
Drano Lake salmon and steelhead 2025,2025-07-27,Unguided,302.06666666666666,302.06666666666666,1
Drano Lake salmon and steelhead 2025,2025-08-03,Guided,104.78333333333333,708.3,0.1479363734763989
Drano Lake salmon and steelhead 2025,2025-08-03,Unguided,603.5166666666667,708.3,0.8520636265236011
Drano Lake salmon and steelhead 2025,2025-08-10,Guided,106.38333333333333,1056.7833333333333,0.10066711877237529
Drano Lake salmon and steelhead 2025,2025-08-10,Unguided,950.4,1056.7833333333333,0.8993328812276247
Drano Lake salmon and steelhead 2025,2025-08-17,Guided,88.1,693.9166666666667,0.126960489972379
Drano Lake salmon and steelhead 2025,2025-08-17,Unguided,605.8166666666667,693.9166666666667,0.8730395100276209
Drano Lake salmon and steelhead 2025,2025-08-24,Guided,46.11666666666667,526.2333333333333,0.08763539621207322
Drano Lake salmon and steelhead 2025,2025-08-24,Unguided,480.1166666666667,526.2333333333333,0.9123646037879267
Drano Lake salmon and steelhead 2025,2025-08-31,Guided,127.58333333333333,706.95,0.18047009453756746
Drano Lake salmon and steelhead 2025,2025-08-31,Unguided,579.3666666666667,706.95,0.8195299054624324
Drano Lake salmon and steelhead 2025,2025-09-07,Guided,375.2,1801.7666666666667,0.20824006068118328
Drano Lake salmon and steelhead 2025,2025-09-07,Unguided,1426.5666666666666,1801.7666666666667,0.7917599393188167
Drano Lake salmon and steelhead 2025,2025-09-14,Guided,372.6,1161.4333333333334,0.32081049278190743
Drano Lake salmon and steelhead 2025,2025-09-14,Unguided,788.8333333333334,1161.4333333333334,0.6791895072180926
Drano Lake salmon and steelhead 2025,2025-09-21,Guided,613.6166666666667,1380.7833333333333,0.4443975038323657
Drano Lake salmon and steelhead 2025,2025-09-21,Unguided,767.1666666666666,1380.7833333333333,0.5556024961676344
Drano Lake salmon and steelhead 2025,2025-09-28,Guided,384.7,885.4,0.4344928845719449
Drano Lake salmon and steelhead 2025,2025-09-28,Unguided,500.7,885.4,0.5655071154280551
Drano Lake salmon and steelhead 2025,2025-10-05,Guided,299.2,1008.5833333333333,0.296653722217632
Drano Lake salmon and steelhead 2025,2025-10-05,Unguided,709.3833333333333,1008.5833333333333,0.703346277782368
Drano Lake salmon and steelhead 2025,2025-10-12,Guided,217.45,737.8333333333333,0.29471425344477076
Drano Lake salmon and steelhead 2025,2025-10-12,Unguided,520.3833333333333,737.8333333333333,0.7052857465552294
Drano Lake salmon and steelhead 2025,2025-10-19,Unguided,231.25,231.25,1
Drano Lake salmon and steelhead 2025,2025-10-26,Guided,25,101.58333333333333,0.2461033634126333
Drano Lake salmon and steelhead 2025,2025-10-26,Unguided,76.58333333333333,101.58333333333333,0.7538966365873667
Drano Lake salmon and steelhead 2026,2026-07-05,Unguided,18,18,1
Drano Lake salmon and steelhead 2026,2026-07-12,Unguided,75.63333333333334,75.63333333333334,1
Drano Lake salmon and steelhead 2026,2026-07-19,Unguided,76.16666666666667,76.16666666666667,1
Drano Lake salmon and steelhead 2026,2026-08-02,Unguided,329.7,329.7,1
Drano Lake salmon and steelhead 2026,2026-08-09,Unguided,149.1,149.1,1
Drano Lake spring Chinook 2026,2026-04-05,Unguided,120.85000000000001,120.85000000000001,1
Drano Lake spring Chinook 2026,2026-04-12,Guided,29.333333333333332,355.7,0.08246649798519351
Drano Lake spring Chinook 2026,2026-04-12,Unguided,326.3666666666667,355.7,0.9175335020148065
Drano Lake spring Chinook 2026,2026-04-19,Guided,585.0666666666667,2256.266666666667,0.25930741047157546
Drano Lake spring Chinook 2026,2026-04-19,Unguided,1671.2,2256.266666666667,0.7406925895284245
Drano Lake spring Chinook 2026,2026-04-26,Guided,1507.4166666666667,4048.2666666666664,0.37236101047361836
Drano Lake spring Chinook 2026,2026-04-26,Unguided,2540.85,4048.2666666666664,0.6276389895263816
Drano Lake spring Chinook 2026,2026-05-03,Guided,2701.1,5613.916666666666,0.4811435866225304
Drano Lake spring Chinook 2026,2026-05-03,Unguided,2912.8166666666666,5613.916666666666,0.5188564133774697
Drano Lake spring Chinook 2026,2026-05-10,Guided,1239.6,2448.1833333333334,0.5063346290787045
Drano Lake spring Chinook 2026,2026-05-10,Unguided,1208.5833333333333,2448.1833333333334,0.49366537092129537
Drano Lake spring Chinook 2026,2026-05-17,Guided,139.01666666666668,600.5333333333333,0.231488676731794
Drano Lake spring Chinook 2026,2026-05-17,Unguided,461.51666666666665,600.5333333333333,0.768511323268206
Drano Lake spring Chinook 2026,2026-05-24,Guided,142.5,189.75,0.7509881422924901
Drano Lake spring Chinook 2026,2026-05-24,Unguided,47.25,189.75,0.2490118577075099
Drano Lake spring Chinook 2026,2026-05-31,Guided,38.25,154.08333333333331,0.24824229313142243
Drano Lake spring Chinook 2026,2026-05-31,Unguided,115.83333333333333,154.08333333333331,0.7517577068685777
Drano Lake spring Chinook 2026,2026-06-07,Unguided,33.46666666666667,33.46666666666667,1
Drano Lake spring Chinook 2026,2026-06-14,Unguided,10.166666666666666,10.166666666666666,1
Drano Lake spring Chinook 2026,2026-06-21,Unguided,67.1,67.1,1
Drano Lake spring Chinook 2026,2026-07-05,Unguided,18,18,1
Drano Lake spring Chinook 2026,2026-07-12,Unguided,75.63333333333334,75.63333333333334,1
Drano Lake spring Chinook 2026,2026-07-19,Unguided,76.16666666666667,76.16666666666667,1
Hoh fall salmon 2023,2023-09-10,Guided,17.5,87.3,0.2004581901489118
Hoh fall salmon 2023,2023-09-10,Unguided,69.8,87.3,0.7995418098510882
Hoh fall salmon 2023,2023-09-17,Guided,120.03333333333333,282.43333333333334,0.42499704945119793
Hoh fall salmon 2023,2023-09-17,Unguided,162.4,282.43333333333334,0.5750029505488021
Hoh fall salmon 2023,2023-09-24,Guided,73.53333333333333,397.8833333333333,0.1848112930926151
Hoh fall salmon 2023,2023-09-24,Unguided,324.35,397.8833333333333,0.815188706907385
Hoh fall salmon 2025,2025-09-14,Guided,105.5,298.2,0.35378940308517776
Hoh fall salmon 2025,2025-09-14,Unguided,192.7,298.2,0.6462105969148223
Hoh fall salmon 2025,2025-09-21,Guided,131.36666666666667,346.7166666666667,0.3788876604335913
Hoh fall salmon 2025,2025-09-21,Unguided,215.35,346.7166666666667,0.6211123395664087
Hoh fall salmon 2025,2025-09-28,Unguided,81.35000000000001,81.35000000000001,1
Hoh fall salmon 2025,2025-10-05,Guided,162.05,383.43333333333334,0.4226288794227593
Hoh fall salmon 2025,2025-10-05,Unguided,221.38333333333333,383.43333333333334,0.5773711205772407
Hoh fall salmon 2025,2025-10-12,Guided,195.23333333333335,418.4166666666667,0.4666002788289186
Hoh fall salmon 2025,2025-10-12,Unguided,223.18333333333334,418.4166666666667,0.5333997211710815
Hoh fall salmon 2025,2025-10-19,Guided,124.43333333333334,246.75,0.5042890915231341
Hoh fall salmon 2025,2025-10-19,Unguided,122.31666666666666,246.75,0.4957109084768659
Hoh fall salmon 2025,2025-10-26,Guided,48.21666666666666,79.31666666666666,0.6079008194998949
Hoh fall salmon 2025,2025-10-26,Unguided,31.099999999999998,79.31666666666666,0.39209918050010506
Hoh fall salmon 2025,2025-11-02,Guided,53.61666666666667,149.86666666666667,0.3577624555160142
Hoh fall salmon 2025,2025-11-02,Unguided,96.25,149.86666666666667,0.6422375444839857
Hoh fall salmon 2025,2025-11-09,Unguided,22.4,22.4,1
Hoh fall salmon 2025,2025-11-16,Guided,58.5,108.06666666666666,0.5413325107958051
Hoh fall salmon 2025,2025-11-16,Unguided,49.56666666666666,108.06666666666666,0.4586674892041949
Hoh fall salmon 2025,2025-11-23,Guided,13.766666666666667,58.699999999999996,0.23452583759227716
Hoh fall salmon 2025,2025-11-23,Unguided,44.93333333333333,58.699999999999996,0.7654741624077229
Hoh fall salmon 2025,2025-11-30,Unguided,34.28333333333333,34.28333333333333,1
Hoh winter steelhead 2022-23,2022-12-11,Unguided,18.8,18.8,1
Hoh winter steelhead 2022-23,2022-12-18,Unguided,4.65,4.65,1
Hoh winter steelhead 2022-23,2022-12-25,Unguided,43.13333333333333,43.13333333333333,1
Hoh winter steelhead 2022-23,2023-01-01,Guided,25.666666666666668,84.01666666666667,0.3054949414798651
Hoh winter steelhead 2022-23,2023-01-01,Unguided,58.35,84.01666666666667,0.6945050585201349
Hoh winter steelhead 2022-23,2023-01-08,Guided,17,37.35,0.45515394912985274
Hoh winter steelhead 2022-23,2023-01-08,Unguided,20.35,37.35,0.5448460508701473
Hoh winter steelhead 2022-23,2023-01-15,Guided,27.733333333333334,142.26666666666665,0.19493908153701972
Hoh winter steelhead 2022-23,2023-01-15,Unguided,114.53333333333333,142.26666666666665,0.8050609184629804
Hoh winter steelhead 2022-23,2023-01-22,Guided,114.81666666666666,311.43333333333334,0.36867173284812155
Hoh winter steelhead 2022-23,2023-01-22,Unguided,196.61666666666667,311.43333333333334,0.6313282671518784
Hoh winter steelhead 2022-23,2023-01-29,Guided,205.56666666666666,693.4666666666667,0.2964333781965007
Hoh winter steelhead 2022-23,2023-01-29,Unguided,487.9,693.4666666666667,0.7035666218034993
Hoh winter steelhead 2022-23,2023-02-05,Guided,125.75,365.8,0.3437670858392564
Hoh winter steelhead 2022-23,2023-02-05,Unguided,240.05,365.8,0.6562329141607436
Hoh winter steelhead 2022-23,2023-02-12,Guided,394.65,1123.1666666666665,0.3513726072117525
Hoh winter steelhead 2022-23,2023-02-12,Unguided,728.5166666666667,1123.1666666666665,0.6486273927882475
Hoh winter steelhead 2022-23,2023-02-19,Guided,232.88333333333333,520.2,0.44768037934127897
Hoh winter steelhead 2022-23,2023-02-19,Unguided,287.31666666666666,520.2,0.552319620658721
Hoh winter steelhead 2022-23,2023-02-26,Guided,273.15,666.1166666666666,0.4100633022243351
Hoh winter steelhead 2022-23,2023-02-26,Unguided,392.96666666666664,666.1166666666666,0.5899366977756649
Hoh winter steelhead 2022-23,2023-03-05,Guided,498.03333333333336,1074.0666666666666,0.4636894047545156
Hoh winter steelhead 2022-23,2023-03-05,Unguided,576.0333333333333,1074.0666666666666,0.5363105952454844
Hoh winter steelhead 2022-23,2023-03-12,Guided,244.61666666666667,569.6,0.42945341760299627
Hoh winter steelhead 2022-23,2023-03-12,Unguided,324.98333333333335,569.6,0.5705465823970037
Hoh winter steelhead 2022-23,2023-03-19,Guided,422.1166666666667,780.8166666666666,0.540609191231403
Hoh winter steelhead 2022-23,2023-03-19,Unguided,358.7,780.8166666666666,0.459390808768597
Hoh winter steelhead 2022-23,2023-03-26,Guided,327.45,768.8,0.425923517169615
Hoh winter steelhead 2022-23,2023-03-26,Unguided,441.35,768.8,0.574076482830385
Hoh winter steelhead 2023-24,2023-11-26,Guided,15.85,19.316666666666666,0.82053494391717
Hoh winter steelhead 2023-24,2023-11-26,Unguided,3.466666666666667,19.316666666666666,0.17946505608283003
Hoh winter steelhead 2023-24,2023-12-03,Unguided,7.85,7.85,1
Hoh winter steelhead 2023-24,2023-12-10,Unguided,41.416666666666664,41.416666666666664,1
Hoh winter steelhead 2023-24,2023-12-17,Unguided,112.05,112.05,1
Hoh winter steelhead 2023-24,2023-12-24,Unguided,60.016666666666666,60.016666666666666,1
Hoh winter steelhead 2023-24,2023-12-31,Guided,35.766666666666666,164.64999999999998,0.2172284644194757
Hoh winter steelhead 2023-24,2023-12-31,Unguided,128.88333333333333,164.64999999999998,0.7827715355805244
Hoh winter steelhead 2023-24,2024-01-07,Guided,43.36666666666667,188.06666666666666,0.2305919886565048
Hoh winter steelhead 2023-24,2024-01-07,Unguided,144.7,188.06666666666666,0.7694080113434951
Hoh winter steelhead 2023-24,2024-01-14,Guided,45.15,216.3,0.2087378640776699
Hoh winter steelhead 2023-24,2024-01-14,Unguided,171.15,216.3,0.7912621359223301
Hoh winter steelhead 2023-24,2024-01-21,Guided,104.9,257.58333333333337,0.40724684568100933
Hoh winter steelhead 2023-24,2024-01-21,Unguided,152.68333333333334,257.58333333333337,0.5927531543189906
Hoh winter steelhead 2023-24,2024-02-04,Guided,103.85,337.48333333333335,0.30771889969875055
Hoh winter steelhead 2023-24,2024-02-04,Unguided,233.63333333333333,337.48333333333335,0.6922811003012493
Hoh winter steelhead 2023-24,2024-02-11,Guided,524.3333333333334,1082.3833333333332,0.48442480328903814
Hoh winter steelhead 2023-24,2024-02-11,Unguided,558.05,1082.3833333333332,0.515575196710962
Hoh winter steelhead 2023-24,2024-02-18,Guided,561.2666666666667,1916.5833333333333,0.2928475151093526
Hoh winter steelhead 2023-24,2024-02-18,Unguided,1355.3166666666666,1916.5833333333333,0.7071524848906474
Hoh winter steelhead 2023-24,2024-02-25,Guided,198.58333333333334,633.6166666666667,0.31341242075913406
Hoh winter steelhead 2023-24,2024-02-25,Unguided,435.03333333333336,633.6166666666667,0.686587579240866
Hoh winter steelhead 2023-24,2024-03-03,Guided,443.68333333333334,908.2666666666667,0.48849456840869054
Hoh winter steelhead 2023-24,2024-03-03,Unguided,464.5833333333333,908.2666666666667,0.5115054315913095
Hoh winter steelhead 2023-24,2024-03-10,Guided,205.7,529.75,0.38829636621047664
Hoh winter steelhead 2023-24,2024-03-10,Unguided,324.05,529.75,0.6117036337895234
Hoh winter steelhead 2023-24,2024-03-17,Guided,397.06666666666666,936.6166666666666,0.42393722084808805
Hoh winter steelhead 2023-24,2024-03-17,Unguided,539.55,936.6166666666666,0.5760627791519121
Hoh winter steelhead 2023-24,2024-03-24,Guided,374.51666666666665,1008.75,0.3712680710450227
Hoh winter steelhead 2023-24,2024-03-24,Unguided,634.2333333333333,1008.75,0.6287319289549773
Hoh winter steelhead 2023-24,2024-03-31,Guided,84.38333333333333,193.6,0.4358643250688705
Hoh winter steelhead 2023-24,2024-03-31,Unguided,109.21666666666667,193.6,0.5641356749311295
Hoh winter steelhead 2024-25,2024-12-01,Guided,14.5,20.5,0.7073170731707317
Hoh winter steelhead 2024-25,2024-12-01,Unguided,6,20.5,0.2926829268292683
Hoh winter steelhead 2024-25,2024-12-08,Unguided,16.35,16.35,1
Hoh winter steelhead 2024-25,2024-12-15,Unguided,15.666666666666666,15.666666666666666,1
Hoh winter steelhead 2024-25,2024-12-29,Unguided,18.183333333333334,18.183333333333334,1
Hoh winter steelhead 2024-25,2025-01-05,Guided,86.88333333333333,245.83333333333331,0.3534237288135593
Hoh winter steelhead 2024-25,2025-01-05,Unguided,158.95,245.83333333333331,0.6465762711864407
Hoh winter steelhead 2024-25,2025-01-12,Guided,141.81666666666666,553.8333333333333,0.2560637977730966
Hoh winter steelhead 2024-25,2025-01-12,Unguided,412.01666666666665,553.8333333333333,0.7439362022269035
Hoh winter steelhead 2024-25,2025-01-19,Guided,187.65,466.29999999999995,0.402423332618486
Hoh winter steelhead 2024-25,2025-01-19,Unguided,278.65,466.29999999999995,0.597576667381514
Hoh winter steelhead 2024-25,2025-01-26,Guided,201.1,523.5333333333333,0.38412071819686744
Hoh winter steelhead 2024-25,2025-01-26,Unguided,322.43333333333334,523.5333333333333,0.6158792818031326
Hoh winter steelhead 2024-25,2025-02-02,Guided,300.6333333333333,594.0166666666667,0.5061025223759154
Hoh winter steelhead 2024-25,2025-02-02,Unguided,293.3833333333333,594.0166666666667,0.49389747762408465
Hoh winter steelhead 2024-25,2025-02-09,Guided,442.9,884.3,0.5008481284631913
Hoh winter steelhead 2024-25,2025-02-09,Unguided,441.40000000000003,884.3,0.49915187153680884
Hoh winter steelhead 2024-25,2025-02-16,Guided,103.55,326.48333333333335,0.31716779825412217
Hoh winter steelhead 2024-25,2025-02-16,Unguided,222.93333333333334,326.48333333333335,0.6828322017458778
Hoh winter steelhead 2024-25,2025-02-23,Guided,14.866666666666667,207.8,0.07154315046519089
Hoh winter steelhead 2024-25,2025-02-23,Unguided,192.93333333333334,207.8,0.9284568495348091
Hoh winter steelhead 2024-25,2025-03-02,Guided,244.86666666666667,639.9833333333333,0.3826141305763171
Hoh winter steelhead 2024-25,2025-03-02,Unguided,395.1166666666667,639.9833333333333,0.6173858694236829
Hoh winter steelhead 2024-25,2025-03-09,Guided,156.56666666666666,450.3,0.3476941298393663
Hoh winter steelhead 2024-25,2025-03-09,Unguided,293.73333333333335,450.3,0.6523058701606337
Hoh winter steelhead 2024-25,2025-03-16,Guided,116.48333333333333,254.53333333333336,0.45763488737558927
Hoh winter steelhead 2024-25,2025-03-16,Unguided,138.05,254.53333333333336,0.5423651126244107
Hoh winter steelhead 2024-25,2025-03-23,Guided,92.31666666666666,167.56666666666666,0.550925004973145
Hoh winter steelhead 2024-25,2025-03-23,Unguided,75.25,167.56666666666666,0.449074995026855
Hoh winter steelhead 2024-25,2025-03-30,Guided,55.81666666666667,166.65,0.3349334933493349
Hoh winter steelhead 2024-25,2025-03-30,Unguided,110.83333333333333,166.65,0.665066506650665
Hoh winter steelhead 2025-26,2025-11-30,Unguided,46.900000000000006,46.900000000000006,1
Hoh winter steelhead 2025-26,2025-12-14,Unguided,0.7666666666666667,0.7666666666666667,1
Hoh winter steelhead 2025-26,2025-12-21,Unguided,43.31666666666667,43.31666666666667,1
Hoh winter steelhead 2025-26,2025-12-28,Guided,14.766666666666667,97.95,0.15075718904202826
Hoh winter steelhead 2025-26,2025-12-28,Unguided,83.18333333333334,97.95,0.8492428109579717
Hoh winter steelhead 2025-26,2026-01-04,Guided,19.5,133.65,0.14590347923681257
Hoh winter steelhead 2025-26,2026-01-04,Unguided,114.15,133.65,0.8540965207631874
Hoh winter steelhead 2025-26,2026-01-11,Guided,37.8,141.6,0.2669491525423729
Hoh winter steelhead 2025-26,2026-01-11,Unguided,103.8,141.6,0.7330508474576272
Hoh winter steelhead 2025-26,2026-01-18,Guided,149.68333333333334,558.4000000000001,0.26805754536771725
Hoh winter steelhead 2025-26,2026-01-18,Unguided,408.7166666666667,558.4000000000001,0.7319424546322827
Hoh winter steelhead 2025-26,2026-01-25,Guided,21.316666666666666,107.36666666666666,0.19854082583048743
Hoh winter steelhead 2025-26,2026-01-25,Unguided,86.05,107.36666666666666,0.8014591741695126
Hoh winter steelhead 2025-26,2026-02-01,Guided,51.36666666666667,341.65,0.1503487975023172
Hoh winter steelhead 2025-26,2026-02-01,Unguided,290.2833333333333,341.65,0.8496512024976828
Hoh winter steelhead 2025-26,2026-02-08,Guided,265.75,639.8166666666666,0.41535335643022747
Hoh winter steelhead 2025-26,2026-02-08,Unguided,374.06666666666666,639.8166666666666,0.5846466435697727
Hoh winter steelhead 2025-26,2026-02-15,Guided,350.25,928.4666666666667,0.3772348675235155
Hoh winter steelhead 2025-26,2026-02-15,Unguided,578.2166666666667,928.4666666666667,0.6227651324764846
Hoh winter steelhead 2025-26,2026-02-22,Guided,402.18333333333334,909.2833333333333,0.4423080447971846
Hoh winter steelhead 2025-26,2026-02-22,Unguided,507.1,909.2833333333333,0.5576919552028154
Hoh winter steelhead 2025-26,2026-03-01,Guided,473.43333333333334,1183.7,0.3999605755962941
Hoh winter steelhead 2025-26,2026-03-01,Unguided,710.2666666666667,1183.7,0.6000394244037058
Hoh winter steelhead 2025-26,2026-03-08,Guided,67.41666666666667,238.8,0.2823143495254048
Hoh winter steelhead 2025-26,2026-03-08,Unguided,171.38333333333333,238.8,0.7176856504745951
Hoh winter steelhead 2025-26,2026-03-15,Guided,106.56666666666666,202.03333333333333,0.5274707144035637
Hoh winter steelhead 2025-26,2026-03-15,Unguided,95.46666666666667,202.03333333333333,0.47252928559643625
Hoh winter steelhead 2025-26,2026-03-22,Guided,353.51666666666665,882.15,0.40074439343271173
Hoh winter steelhead 2025-26,2026-03-22,Unguided,528.6333333333333,882.15,0.5992556065672883
Hoh winter steelhead 2025-26,2026-03-29,Guided,524.4666666666667,1073.15,0.4887170168817655
Hoh winter steelhead 2025-26,2026-03-29,Unguided,548.6833333333334,1073.15,0.5112829831182345
Humptulips salmon 2020,2020-08-30,Guided,49.46666666666667,1247.6666666666667,0.039647341704515095
Humptulips salmon 2020,2020-08-30,Unguided,1198.2,1247.6666666666667,0.9603526582954849
Humptulips salmon 2020,2020-09-06,Guided,100.7,563.65,0.17865696797658123
Humptulips salmon 2020,2020-09-06,Unguided,462.95,563.65,0.8213430320234189
Humptulips salmon 2020,2020-09-13,Guided,611.8666666666667,2003.6333333333332,0.3053785622785274
Humptulips salmon 2020,2020-09-13,Unguided,1391.7666666666667,2003.6333333333332,0.6946214377214727
Humptulips salmon 2020,2020-09-20,Guided,414.6333333333333,1148.2166666666667,0.36111070790936667
Humptulips salmon 2020,2020-09-20,Unguided,733.5833333333334,1148.2166666666667,0.6388892920906333
Humptulips salmon 2020,2020-09-27,Guided,594.7333333333333,1536.1166666666668,0.38716677335705835
Humptulips salmon 2020,2020-09-27,Unguided,941.3833333333333,1536.1166666666668,0.6128332266429416
Humptulips salmon 2020,2020-10-04,Guided,77.44999999999999,309.9,0.249919328815747
Humptulips salmon 2020,2020-10-04,Unguided,232.45,309.9,0.750080671184253
Humptulips salmon 2020,2020-10-11,Guided,288.05,1294.35,0.2225441341213737
Humptulips salmon 2020,2020-10-11,Unguided,1006.3,1294.35,0.7774558658786264
Humptulips salmon 2020,2020-10-18,Guided,528.7333333333333,1341.1833333333334,0.39422897689851
Humptulips salmon 2020,2020-10-18,Unguided,812.45,1341.1833333333334,0.60577102310149
Humptulips salmon 2020,2020-10-25,Guided,21.75,220.6,0.0985947416137806
Humptulips salmon 2020,2020-10-25,Unguided,198.85,220.6,0.9014052583862194
Humptulips salmon 2020,2020-11-01,Guided,29.25,186.5,0.15683646112600536
Humptulips salmon 2020,2020-11-01,Unguided,157.25,186.5,0.8431635388739946
Humptulips salmon 2020,2020-11-08,Guided,79.8,289.75,0.2754098360655738
Humptulips salmon 2020,2020-11-08,Unguided,209.95,289.75,0.7245901639344262
Humptulips salmon 2020,2020-11-15,Guided,66.53333333333333,219.38333333333333,0.3032743295601307
Humptulips salmon 2020,2020-11-15,Unguided,152.85,219.38333333333333,0.6967256704398693
Humptulips salmon 2020,2020-11-22,Guided,182.05,534.1833333333334,0.3408005990452716
Humptulips salmon 2020,2020-11-22,Unguided,352.1333333333333,534.1833333333334,0.6591994009547283
Humptulips salmon 2020,2020-11-29,Guided,50.75,172.9,0.2935222672064777
Humptulips salmon 2020,2020-11-29,Unguided,122.15,172.9,0.7064777327935223
Humptulips salmon 2021,2021-08-29,Guided,87.65,704.5833333333333,0.12439976345357778
Humptulips salmon 2021,2021-08-29,Unguided,616.9333333333333,704.5833333333333,0.8756002365464223
Humptulips salmon 2021,2021-09-05,Guided,52.28333333333333,873.1333333333333,0.05988012521951592
Humptulips salmon 2021,2021-09-05,Unguided,820.85,873.1333333333333,0.9401198747804841
Humptulips salmon 2021,2021-09-12,Guided,63.9,859.7833333333333,0.07432104987690698
Humptulips salmon 2021,2021-09-12,Unguided,795.8833333333333,859.7833333333333,0.9256789501230931
Humptulips salmon 2021,2021-09-19,Guided,171.15,672.0666666666667,0.2546622358892967
Humptulips salmon 2021,2021-09-19,Unguided,500.9166666666667,672.0666666666667,0.7453377641107033
Humptulips salmon 2021,2021-09-26,Guided,290.3833333333333,1025.2833333333333,0.2832225238551945
Humptulips salmon 2021,2021-09-26,Unguided,734.9,1025.2833333333333,0.7167774761448055
Humptulips salmon 2021,2021-10-03,Guided,77.48333333333333,780.2166666666667,0.09931002072073997
Humptulips salmon 2021,2021-10-03,Unguided,702.7333333333333,780.2166666666667,0.90068997927926
Humptulips salmon 2021,2021-10-10,Guided,308.8833333333333,866.4166666666666,0.3565066846205636
Humptulips salmon 2021,2021-10-10,Unguided,557.5333333333333,866.4166666666666,0.6434933153794363
Humptulips salmon 2021,2021-10-17,Guided,130.58333333333331,613,0.2130233822729744
Humptulips salmon 2021,2021-10-17,Unguided,482.4166666666667,613,0.7869766177270255
Humptulips salmon 2021,2021-10-24,Guided,11.2,103.35000000000001,0.10836961780358005
Humptulips salmon 2021,2021-10-24,Unguided,92.15,103.35000000000001,0.8916303821964199
Humptulips salmon 2021,2021-10-31,Guided,21.15,160.6,0.1316936488169365
Humptulips salmon 2021,2021-10-31,Unguided,139.45,160.6,0.8683063511830634
Humptulips salmon 2021,2021-11-07,Guided,61.78333333333333,164.51666666666665,0.37554452436429947
Humptulips salmon 2021,2021-11-07,Unguided,102.73333333333333,164.51666666666665,0.6244554756357006
Humptulips salmon 2021,2021-11-14,Guided,101.38333333333333,220.18333333333334,0.46044962531223976
Humptulips salmon 2021,2021-11-14,Unguided,118.8,220.18333333333334,0.5395503746877601
Humptulips salmon 2021,2021-11-21,Guided,254.03333333333333,558.9666666666667,0.45446955692050806
Humptulips salmon 2021,2021-11-21,Unguided,304.93333333333334,558.9666666666667,0.545530443079492
Humptulips salmon 2021,2021-11-28,Unguided,17.46666666666667,17.46666666666667,1
Humptulips salmon 2022,2022-08-28,Guided,96.43333333333334,843.9333333333334,0.11426652974168576
Humptulips salmon 2022,2022-08-28,Unguided,747.5,843.9333333333334,0.8857334702583142
Humptulips salmon 2022,2022-09-04,Guided,63,270.01666666666665,0.23331893093018952
Humptulips salmon 2022,2022-09-04,Unguided,207.01666666666665,270.01666666666665,0.7666810690698105
Humptulips salmon 2022,2022-09-11,Guided,156.65,963.6166666666667,0.1625646436169293
Humptulips salmon 2022,2022-09-11,Unguided,806.9666666666667,963.6166666666667,0.8374353563830708
Humptulips salmon 2022,2022-09-18,Guided,97.14999999999999,569.95,0.17045354855689093
Humptulips salmon 2022,2022-09-18,Unguided,472.8,569.95,0.829546451443109
Humptulips salmon 2022,2022-09-25,Guided,118.7,532.9666666666667,0.22271561698667833
Humptulips salmon 2022,2022-09-25,Unguided,414.26666666666665,532.9666666666667,0.7772843830133216
Humptulips salmon 2022,2022-10-02,Guided,85.91666666666666,356.9333333333333,0.24070788195741502
Humptulips salmon 2022,2022-10-02,Unguided,271.01666666666665,356.9333333333333,0.759292118042585
Humptulips salmon 2022,2022-10-23,Guided,74.80000000000001,519.0166666666667,0.1441186859766867
Humptulips salmon 2022,2022-10-23,Unguided,444.21666666666664,519.0166666666667,0.8558813140233132
Humptulips salmon 2022,2022-10-30,Guided,113.88333333333333,697.2833333333333,0.16332433013839423
Humptulips salmon 2022,2022-10-30,Unguided,583.4,697.2833333333333,0.8366756698616058
Humptulips salmon 2022,2022-11-06,Guided,111.01666666666667,500.65,0.22174506474915942
Humptulips salmon 2022,2022-11-06,Unguided,389.6333333333333,500.65,0.7782549352508406
Humptulips salmon 2022,2022-11-13,Guided,86.83333333333334,446.91666666666663,0.1942942382994593
Humptulips salmon 2022,2022-11-13,Unguided,360.0833333333333,446.91666666666663,0.8057057617005408
Humptulips salmon 2022,2022-11-20,Unguided,309.8666666666667,309.8666666666667,1
Humptulips salmon 2022,2022-11-27,Guided,20.3,412.5166666666667,0.04921013292392226
Humptulips salmon 2022,2022-11-27,Unguided,392.2166666666667,412.5166666666667,0.9507898670760777
Humptulips salmon 2022,2022-12-04,Unguided,256.95,256.95,1
Humptulips salmon 2022,2022-12-11,Unguided,298.1333333333333,298.1333333333333,1
Humptulips salmon 2023,2023-08-27,Unguided,503.98333333333335,503.98333333333335,1
Humptulips salmon 2023,2023-09-03,Guided,17.599999999999998,117.93333333333332,0.1492368569813454
Humptulips salmon 2023,2023-09-03,Unguided,100.33333333333333,117.93333333333332,0.8507631430186546
Humptulips salmon 2023,2023-09-10,Guided,144.95,636.7666666666667,0.22763440297335497
Humptulips salmon 2023,2023-09-10,Unguided,491.81666666666666,636.7666666666667,0.7723655970266451
Humptulips salmon 2023,2023-09-17,Guided,119.85,656.85,0.1824617492578214
Humptulips salmon 2023,2023-09-17,Unguided,537,656.85,0.8175382507421786
Humptulips salmon 2023,2023-09-24,Guided,156.13333333333333,1207.2333333333331,0.12933152939227435
Humptulips salmon 2023,2023-09-24,Unguided,1051.1,1207.2333333333331,0.8706684706077258
Humptulips salmon 2023,2023-10-01,Guided,104.36666666666667,934.9833333333333,0.11162409312108951
Humptulips salmon 2023,2023-10-01,Unguided,830.6166666666667,934.9833333333333,0.8883759068789104
Humptulips salmon 2023,2023-10-08,Guided,46.166666666666664,423.56666666666666,0.108995042102778
Humptulips salmon 2023,2023-10-08,Unguided,377.4,423.56666666666666,0.891004957897222
Humptulips salmon 2023,2023-10-15,Guided,186.93333333333334,1188.7666666666667,0.1572498107282057
Humptulips salmon 2023,2023-10-15,Unguided,1001.8333333333334,1188.7666666666667,0.8427501892717943
Humptulips salmon 2023,2023-10-22,Guided,141.2,946.0666666666666,0.14924952434641675
Humptulips salmon 2023,2023-10-22,Unguided,804.8666666666667,946.0666666666666,0.8507504756535833
Humptulips salmon 2023,2023-10-29,Guided,43.8,670.4666666666666,0.06532763249477976
Humptulips salmon 2023,2023-10-29,Unguided,626.6666666666666,670.4666666666666,0.9346723675052203
Humptulips salmon 2023,2023-11-05,Guided,57.25,258.25,0.22168441432720232
Humptulips salmon 2023,2023-11-05,Unguided,201,258.25,0.7783155856727977
Humptulips salmon 2023,2023-11-12,Guided,149.68333333333334,503.1333333333333,0.29750231880217304
Humptulips salmon 2023,2023-11-12,Unguided,353.45,503.1333333333333,0.702497681197827
Humptulips salmon 2023,2023-11-19,Guided,146.1,528.0666666666667,0.27666961242267385
Humptulips salmon 2023,2023-11-19,Unguided,381.9666666666667,528.0666666666667,0.723330387577326
Humptulips salmon 2023,2023-11-26,Unguided,154.88333333333333,154.88333333333333,1
Humptulips salmon 2024,2024-09-01,Guided,38.733333333333334,490.65000000000003,0.07894289887564115
Humptulips salmon 2024,2024-09-01,Unguided,451.9166666666667,490.65000000000003,0.9210571011243588
Humptulips salmon 2024,2024-09-08,Guided,89.06666666666666,783.6666666666667,0.11365376435559335
Humptulips salmon 2024,2024-09-08,Unguided,694.6,783.6666666666667,0.8863462356444066
Humptulips salmon 2024,2024-09-15,Guided,170.25,1044.5666666666666,0.16298624629032774
Humptulips salmon 2024,2024-09-15,Unguided,874.3166666666667,1044.5666666666666,0.8370137537096723
Humptulips salmon 2024,2024-09-22,Guided,92.15,771.8833333333333,0.11938332649580033
Humptulips salmon 2024,2024-09-22,Unguided,679.7333333333333,771.8833333333333,0.8806166735041997
Humptulips salmon 2024,2024-09-29,Guided,153.01666666666665,677.3666666666667,0.22589931597854435
Humptulips salmon 2024,2024-09-29,Unguided,524.35,677.3666666666667,0.7741006840214557
Humptulips salmon 2024,2024-10-06,Guided,61.5,668.2166666666667,0.0920360162621904
Humptulips salmon 2024,2024-10-06,Unguided,606.7166666666667,668.2166666666667,0.9079639837378096
Humptulips salmon 2024,2024-10-13,Guided,124.63333333333334,291.6,0.4274119798811157
Humptulips salmon 2024,2024-10-13,Unguided,166.96666666666667,291.6,0.5725880201188843
Humptulips salmon 2024,2024-10-20,Guided,267.95,1054.7,0.25405328529439647
Humptulips salmon 2024,2024-10-20,Unguided,786.75,1054.7,0.7459467147056035
Humptulips salmon 2024,2024-10-27,Guided,85,367.26666666666665,0.23143946269740426
Humptulips salmon 2024,2024-10-27,Unguided,282.26666666666665,367.26666666666665,0.7685605373025958
Humptulips salmon 2024,2024-11-03,Guided,82.85,647.8000000000001,0.12789441185551093
Humptulips salmon 2024,2024-11-03,Unguided,564.95,647.8000000000001,0.872105588144489
Humptulips salmon 2024,2024-11-10,Unguided,173.83333333333334,173.83333333333334,1
Humptulips salmon 2024,2024-11-17,Unguided,112.55000000000001,112.55000000000001,1
Humptulips salmon 2024,2024-11-24,Guided,19.35,151.11666666666665,0.12804676298665493
Humptulips salmon 2024,2024-11-24,Unguided,131.76666666666665,151.11666666666665,0.8719532370133452
Humptulips salmon 2024,2024-12-01,Guided,2.716666666666667,218.15,0.012453204981281992
Humptulips salmon 2024,2024-12-01,Unguided,215.43333333333334,218.15,0.987546795018718
Humptulips salmon 2024,2024-12-08,Guided,72.56666666666666,327.16666666666663,0.2218033622007132
Humptulips salmon 2024,2024-12-08,Unguided,254.6,327.16666666666663,0.7781966377992868
Humptulips salmon 2024,2024-12-15,Unguided,138.86666666666667,138.86666666666667,1
Humptulips salmon 2024,2024-12-22,Unguided,33.78333333333333,33.78333333333333,1
Humptulips salmon 2024,2024-12-29,Unguided,11.55,11.55,1
Humptulips salmon 2025,2025-08-31,Guided,30.983333333333334,208.3,0.14874379900784124
Humptulips salmon 2025,2025-08-31,Unguided,177.31666666666666,208.3,0.8512562009921587
Humptulips salmon 2025,2025-09-07,Guided,58,299.48333333333335,0.19366687072179864
Humptulips salmon 2025,2025-09-07,Unguided,241.48333333333335,299.48333333333335,0.8063331292782013
Humptulips salmon 2025,2025-09-14,Guided,51,466.48333333333335,0.1093286648326128
Humptulips salmon 2025,2025-09-14,Unguided,415.48333333333335,466.48333333333335,0.8906713351673872
Humptulips salmon 2025,2025-09-21,Guided,46.6,344.33333333333337,0.13533397870280733
Humptulips salmon 2025,2025-09-21,Unguided,297.73333333333335,344.33333333333337,0.8646660212971926
Humptulips salmon 2025,2025-09-28,Guided,39.05,1196.4833333333333,0.0326373121230272
Humptulips salmon 2025,2025-09-28,Unguided,1157.4333333333334,1196.4833333333333,0.9673626878769729
Humptulips salmon 2025,2025-10-05,Guided,62.56666666666666,543.1166666666667,0.11519931260932273
Humptulips salmon 2025,2025-10-05,Unguided,480.55,543.1166666666667,0.8848006873906773
Humptulips salmon 2025,2025-10-12,Guided,89.8,525.0333333333333,0.1710367595708209
Humptulips salmon 2025,2025-10-12,Unguided,435.23333333333335,525.0333333333333,0.8289632404291791
Humptulips salmon 2025,2025-10-19,Guided,47.9,505.05,0.09484209484209484
Humptulips salmon 2025,2025-10-19,Unguided,457.15000000000003,505.05,0.9051579051579052
Humptulips salmon 2025,2025-10-26,Guided,22.65,576.4333333333333,0.039293355693055
Humptulips salmon 2025,2025-10-26,Unguided,553.7833333333333,576.4333333333333,0.9607066443069451
Humptulips salmon 2025,2025-11-02,Guided,58.63333333333333,369.75,0.15857561415370747
Humptulips salmon 2025,2025-11-02,Unguided,311.1166666666667,369.75,0.8414243858462925
Humptulips salmon 2025,2025-11-09,Guided,70.93333333333334,534.8666666666667,0.13261872117661724
Humptulips salmon 2025,2025-11-09,Unguided,463.93333333333334,534.8666666666667,0.8673812788233828
Humptulips salmon 2025,2025-11-16,Guided,140,658.3166666666667,0.212663611737006
Humptulips salmon 2025,2025-11-16,Unguided,518.3166666666667,658.3166666666667,0.787336388262994
Humptulips salmon 2025,2025-11-23,Unguided,240.33333333333334,240.33333333333334,1
Humptulips salmon 2025,2025-11-30,Guided,13,90.58333333333334,0.1435142594296228
Humptulips salmon 2025,2025-11-30,Unguided,77.58333333333334,90.58333333333334,0.8564857405703772
Humptulips salmon 2025,2025-12-07,Unguided,192.23333333333335,192.23333333333335,1
Humptulips salmon 2025,2025-12-14,Unguided,195.01666666666665,195.01666666666665,1
Humptulips salmon 2025,2025-12-21,Unguided,320.7166666666667,320.7166666666667,1
Humptulips salmon 2025,2025-12-28,Unguided,93,93,1
Humptulips winter steelhead 2024-25,2024-10-27,Unguided,75.26666666666667,75.26666666666667,1
Humptulips winter steelhead 2024-25,2024-11-03,Guided,82.85,645.8666666666667,0.12827725020644096
Humptulips winter steelhead 2024-25,2024-11-03,Unguided,563.0166666666667,645.8666666666667,0.871722749793559
Humptulips winter steelhead 2024-25,2024-11-10,Unguided,173.83333333333334,173.83333333333334,1
Humptulips winter steelhead 2024-25,2024-11-17,Unguided,112.55000000000001,112.55000000000001,1
Humptulips winter steelhead 2024-25,2024-11-24,Guided,19.35,151.11666666666665,0.12804676298665493
Humptulips winter steelhead 2024-25,2024-11-24,Unguided,131.76666666666665,151.11666666666665,0.8719532370133452
Humptulips winter steelhead 2024-25,2024-12-01,Guided,2.716666666666667,218.15,0.012453204981281992
Humptulips winter steelhead 2024-25,2024-12-01,Unguided,215.43333333333334,218.15,0.987546795018718
Humptulips winter steelhead 2024-25,2024-12-08,Guided,72.56666666666666,327.16666666666663,0.2218033622007132
Humptulips winter steelhead 2024-25,2024-12-08,Unguided,254.6,327.16666666666663,0.7781966377992868
Humptulips winter steelhead 2024-25,2024-12-15,Unguided,138.86666666666667,138.86666666666667,1
Humptulips winter steelhead 2024-25,2024-12-22,Unguided,33.78333333333333,33.78333333333333,1
Humptulips winter steelhead 2024-25,2024-12-29,Unguided,87.51666666666667,87.51666666666667,1
Humptulips winter steelhead 2024-25,2025-01-05,Unguided,164.75,164.75,1
Humptulips winter steelhead 2024-25,2025-01-12,Unguided,140.26666666666668,140.26666666666668,1
Humptulips winter steelhead 2024-25,2025-01-19,Guided,19.3,124.13333333333333,0.15547798066595062
Humptulips winter steelhead 2024-25,2025-01-19,Unguided,104.83333333333333,124.13333333333333,0.8445220193340495
Humptulips winter steelhead 2024-25,2025-01-26,Guided,38.75,90.7,0.42723263506063947
Humptulips winter steelhead 2024-25,2025-01-26,Unguided,51.95,90.7,0.5727673649393605
Humptulips winter steelhead 2025-26,2025-10-26,Unguided,110.8,110.8,1
Humptulips winter steelhead 2025-26,2025-11-02,Guided,58.63333333333333,369.75,0.15857561415370747
Humptulips winter steelhead 2025-26,2025-11-02,Unguided,311.1166666666667,369.75,0.8414243858462925
Humptulips winter steelhead 2025-26,2025-11-09,Guided,70.93333333333334,534.8666666666667,0.13261872117661724
Humptulips winter steelhead 2025-26,2025-11-09,Unguided,463.93333333333334,534.8666666666667,0.8673812788233828
Humptulips winter steelhead 2025-26,2025-11-16,Guided,140,658.3166666666667,0.212663611737006
Humptulips winter steelhead 2025-26,2025-11-16,Unguided,518.3166666666667,658.3166666666667,0.787336388262994
Humptulips winter steelhead 2025-26,2025-11-23,Unguided,240.33333333333334,240.33333333333334,1
Humptulips winter steelhead 2025-26,2025-11-30,Guided,13,90.58333333333334,0.1435142594296228
Humptulips winter steelhead 2025-26,2025-11-30,Unguided,77.58333333333334,90.58333333333334,0.8564857405703772
Humptulips winter steelhead 2025-26,2025-12-07,Unguided,192.23333333333335,192.23333333333335,1
Humptulips winter steelhead 2025-26,2025-12-14,Unguided,195.01666666666665,195.01666666666665,1
Humptulips winter steelhead 2025-26,2025-12-21,Unguided,320.7166666666667,320.7166666666667,1
Humptulips winter steelhead 2025-26,2025-12-28,Unguided,302.7166666666667,302.7166666666667,1
Humptulips winter steelhead 2025-26,2026-01-04,Unguided,193.33333333333334,193.33333333333334,1
Humptulips winter steelhead 2025-26,2026-01-11,Guided,14.2,309.15,0.045932395277373445
Humptulips winter steelhead 2025-26,2026-01-11,Unguided,294.95,309.15,0.9540676047226266
Humptulips winter steelhead 2025-26,2026-01-18,Guided,0.6333333333333333,122.33333333333334,0.005177111716621253
Humptulips winter steelhead 2025-26,2026-01-18,Unguided,121.7,122.33333333333334,0.9948228882833787
Humptulips winter steelhead 2025-26,2026-01-25,Unguided,22.416666666666668,22.416666666666668,1
Humptulips winter steelhead 2025-26,2026-02-01,Unguided,4.316666666666666,4.316666666666666,1
Lower Chehalis salmon 2023,2023-09-10,Unguided,271.51666666666665,271.51666666666665,1
Lower Chehalis salmon 2023,2023-09-17,Guided,91.7,1034.3333333333333,0.08865613922010958
Lower Chehalis salmon 2023,2023-09-17,Unguided,942.6333333333333,1034.3333333333333,0.9113438607798905
Lower Chehalis salmon 2023,2023-09-24,Guided,22.200000000000003,1364.4166666666667,0.016270689549868687
Lower Chehalis salmon 2023,2023-09-24,Unguided,1342.2166666666667,1364.4166666666667,0.9837293104501312
Lower Chehalis salmon 2023,2023-10-01,Unguided,931.7666666666667,931.7666666666667,1
Lower Chehalis salmon 2023,2023-10-08,Guided,76.01666666666667,825.6,0.09207445090439276
Lower Chehalis salmon 2023,2023-10-08,Unguided,749.5833333333334,825.6,0.9079255490956073
Lower Chehalis salmon 2023,2023-10-15,Guided,32,528.65,0.060531542608531164
Lower Chehalis salmon 2023,2023-10-15,Unguided,496.65,528.65,0.9394684573914688
Lower Chehalis salmon 2023,2023-10-22,Unguided,277.03333333333336,277.03333333333336,1
Lower Chehalis salmon 2023,2023-10-29,Guided,21.133333333333333,258.7166666666667,0.08168524125491206
Lower Chehalis salmon 2023,2023-10-29,Unguided,237.58333333333334,258.7166666666667,0.9183147587450878
Lower Chehalis salmon 2023,2023-11-05,Unguided,61.483333333333334,61.483333333333334,1
Lower Chehalis salmon 2023,2023-11-12,Unguided,31.683333333333334,31.683333333333334,1
Lower Chehalis salmon 2023,2023-11-19,Unguided,203.88333333333333,203.88333333333333,1
Lower Chehalis salmon 2023,2023-11-26,Unguided,98.48333333333333,98.48333333333333,1
Lower Cowlitz salmon and steelhead 2022-23,2022-07-31,Guided,293.08333333333337,390.1,0.7513030846791422
Lower Cowlitz salmon and steelhead 2022-23,2022-07-31,Unguided,97.01666666666667,390.1,0.2486969153208579
Lower Cowlitz salmon and steelhead 2022-23,2022-08-07,Guided,210.38333333333333,244.6,0.8601117470700463
Lower Cowlitz salmon and steelhead 2022-23,2022-08-07,Unguided,34.21666666666667,244.6,0.1398882529299537
Lower Cowlitz salmon and steelhead 2022-23,2022-08-14,Unguided,92.96666666666667,92.96666666666667,1
Lower Cowlitz salmon and steelhead 2022-23,2022-08-21,Guided,94.03333333333333,94.03333333333333,1
Lower Cowlitz salmon and steelhead 2022-23,2022-08-28,Unguided,5.75,5.75,1
Lower Cowlitz salmon and steelhead 2022-23,2022-09-04,Guided,135.04999999999998,704.6833333333333,0.191646365979991
Lower Cowlitz salmon and steelhead 2022-23,2022-09-04,Unguided,569.6333333333333,704.6833333333333,0.808353634020009
Lower Cowlitz salmon and steelhead 2022-23,2022-09-11,Unguided,22.166666666666668,22.166666666666668,1
Lower Cowlitz salmon and steelhead 2022-23,2022-09-25,Unguided,43.86666666666667,43.86666666666667,1
Lower Cowlitz salmon and steelhead 2022-23,2022-10-02,Unguided,7.55,7.55,1
Lower Cowlitz salmon and steelhead 2022-23,2022-10-09,Unguided,77.76666666666667,77.76666666666667,1
Lower Cowlitz salmon and steelhead 2022-23,2022-10-16,Guided,24,88.15,0.27226318774815655
Lower Cowlitz salmon and steelhead 2022-23,2022-10-16,Unguided,64.15,88.15,0.7277368122518435
Lower Cowlitz salmon and steelhead 2022-23,2022-10-23,Unguided,29.366666666666667,29.366666666666667,1
Lower Cowlitz salmon and steelhead 2022-23,2022-10-30,Unguided,12.333333333333334,12.333333333333334,1
Lower Cowlitz salmon and steelhead 2022-23,2022-11-06,Guided,21.8,55.733333333333334,0.3911483253588517
Lower Cowlitz salmon and steelhead 2022-23,2022-11-06,Unguided,33.93333333333333,55.733333333333334,0.6088516746411483
Lower Cowlitz salmon and steelhead 2022-23,2022-11-20,Unguided,26.216666666666665,26.216666666666665,1
Lower Cowlitz salmon and steelhead 2022-23,2023-01-29,Unguided,17.3,17.3,1
Lower Cowlitz salmon and steelhead 2022-23,2023-02-05,Guided,102,161.38333333333333,0.632035526179903
Lower Cowlitz salmon and steelhead 2022-23,2023-02-05,Unguided,59.38333333333333,161.38333333333333,0.3679644738200971
Lower Cowlitz salmon and steelhead 2022-23,2023-02-12,Guided,20.25,20.25,1
Lower Cowlitz salmon and steelhead 2022-23,2023-02-19,Unguided,11.6,11.6,1
Lower Cowlitz salmon and steelhead 2022-23,2023-02-26,Guided,135.63333333333333,135.63333333333333,1
Lower Cowlitz salmon and steelhead 2022-23,2023-03-05,Guided,187.63333333333333,222.45,0.8434854274368772
Lower Cowlitz salmon and steelhead 2022-23,2023-03-05,Unguided,34.81666666666667,222.45,0.15651457256312282
Lower Cowlitz salmon and steelhead 2022-23,2023-03-12,Guided,246.33333333333331,370.84999999999997,0.6642398094467664
Lower Cowlitz salmon and steelhead 2022-23,2023-03-12,Unguided,124.51666666666667,370.84999999999997,0.3357601905532336
Lower Cowlitz salmon and steelhead 2022-23,2023-03-19,Unguided,14.9,14.9,1
Lower Cowlitz salmon and steelhead 2022-23,2023-03-26,Guided,165.38333333333333,165.38333333333333,1
Lower Cowlitz salmon and steelhead 2022-23,2023-04-02,Guided,102.75,133.75,0.7682242990654206
Lower Cowlitz salmon and steelhead 2022-23,2023-04-02,Unguided,31,133.75,0.23177570093457944
Lower Cowlitz salmon and steelhead 2022-23,2023-04-09,Guided,71.48333333333333,89.06666666666666,0.8025823353293413
Lower Cowlitz salmon and steelhead 2022-23,2023-04-09,Unguided,17.583333333333336,89.06666666666666,0.19741766467065872
Lower Cowlitz salmon and steelhead 2022-23,2023-04-23,Unguided,17.15,17.15,1
Lower Cowlitz salmon and steelhead 2022-23,2023-04-30,Guided,8.533333333333333,22.799999999999997,0.37426900584795325
Lower Cowlitz salmon and steelhead 2022-23,2023-04-30,Unguided,14.266666666666666,22.799999999999997,0.6257309941520468
Lower Cowlitz salmon and steelhead 2022-23,2023-05-07,Guided,27.6,27.6,1
Lower Cowlitz salmon and steelhead 2022-23,2023-05-14,Unguided,47.36666666666667,47.36666666666667,1
Lower Cowlitz salmon and steelhead 2022-23,2023-05-21,Guided,33.86666666666667,56.833333333333336,0.5958944281524926
Lower Cowlitz salmon and steelhead 2022-23,2023-05-21,Unguided,22.96666666666667,56.833333333333336,0.40410557184750734
Lower Cowlitz salmon and steelhead 2022-23,2023-05-28,Guided,24,32.016666666666666,0.7496095783446122
Lower Cowlitz salmon and steelhead 2022-23,2023-05-28,Unguided,8.016666666666666,32.016666666666666,0.2503904216553878
Lower Cowlitz salmon and steelhead 2022-23,2023-06-04,Guided,61.25,72.95,0.8396161754626457
Lower Cowlitz salmon and steelhead 2022-23,2023-06-04,Unguided,11.7,72.95,0.16038382453735434
Lower Cowlitz salmon and steelhead 2022-23,2023-06-11,Guided,167.33333333333331,267.04999999999995,0.6265992635586345
Lower Cowlitz salmon and steelhead 2022-23,2023-06-11,Unguided,99.71666666666667,267.04999999999995,0.3734007364413656
Lower Cowlitz salmon and steelhead 2022-23,2023-06-18,Guided,194.18333333333334,248.76666666666668,0.7805842154629505
Lower Cowlitz salmon and steelhead 2022-23,2023-06-18,Unguided,54.583333333333336,248.76666666666668,0.21941578453704944
Lower Cowlitz salmon and steelhead 2022-23,2023-06-25,Guided,39.166666666666664,68.96666666666667,0.5679072015466409
Lower Cowlitz salmon and steelhead 2022-23,2023-06-25,Unguided,29.8,68.96666666666667,0.43209279845335913
Lower Cowlitz salmon and steelhead 2022-23,2023-07-02,Guided,195.75,257.81666666666666,0.7592604563966643
Lower Cowlitz salmon and steelhead 2022-23,2023-07-02,Unguided,62.06666666666666,257.81666666666666,0.2407395436033357
Lower Cowlitz salmon and steelhead 2022-23,2023-07-09,Guided,378.46666666666664,471.7,0.8023461239488375
Lower Cowlitz salmon and steelhead 2022-23,2023-07-09,Unguided,93.23333333333333,471.7,0.19765387605116247
Lower Cowlitz salmon and steelhead 2022-23,2023-07-16,Guided,670.85,781.6333333333333,0.8582668770523264
Lower Cowlitz salmon and steelhead 2022-23,2023-07-16,Unguided,110.78333333333333,781.6333333333333,0.14173312294767368
Lower Cowlitz salmon and steelhead 2022-23,2023-07-23,Guided,345.6166666666667,444.55,0.77745285494695
Lower Cowlitz salmon and steelhead 2022-23,2023-07-23,Unguided,98.93333333333334,444.55,0.2225471450530499
Lower Cowlitz salmon and steelhead 2023-24,2023-07-30,Guided,71.93333333333334,80.23333333333333,0.896551724137931
Lower Cowlitz salmon and steelhead 2023-24,2023-07-30,Unguided,8.3,80.23333333333333,0.10344827586206898
Lower Cowlitz salmon and steelhead 2023-24,2023-08-06,Guided,8.15,108.26666666666667,0.07527709359605912
Lower Cowlitz salmon and steelhead 2023-24,2023-08-06,Unguided,100.11666666666666,108.26666666666667,0.9247229064039408
Lower Cowlitz salmon and steelhead 2023-24,2023-08-13,Guided,132.9,262.4666666666667,0.5063500127000253
Lower Cowlitz salmon and steelhead 2023-24,2023-08-13,Unguided,129.56666666666666,262.4666666666667,0.4936499872999745
Lower Cowlitz salmon and steelhead 2023-24,2023-08-20,Guided,150.5,282.83333333333337,0.5321154979375368
Lower Cowlitz salmon and steelhead 2023-24,2023-08-20,Unguided,132.33333333333334,282.83333333333337,0.4678845020624631
Lower Cowlitz salmon and steelhead 2023-24,2023-08-27,Guided,58.53333333333333,188.95,0.3097821293111052
Lower Cowlitz salmon and steelhead 2023-24,2023-08-27,Unguided,130.41666666666666,188.95,0.6902178706888947
Lower Cowlitz salmon and steelhead 2023-24,2023-09-03,Unguided,167.6,167.6,1
Lower Cowlitz salmon and steelhead 2023-24,2023-09-10,Guided,36.083333333333336,246.9,0.14614553800459026
Lower Cowlitz salmon and steelhead 2023-24,2023-09-10,Unguided,210.81666666666666,246.9,0.8538544619954097
Lower Cowlitz salmon and steelhead 2023-24,2023-09-17,Unguided,293.2,293.2,1
Lower Cowlitz salmon and steelhead 2023-24,2023-09-24,Guided,15.066666666666666,391.65,0.038469722115834715
Lower Cowlitz salmon and steelhead 2023-24,2023-09-24,Unguided,376.5833333333333,391.65,0.9615302778841653
Lower Cowlitz salmon and steelhead 2023-24,2023-10-01,Guided,57.46666666666667,546.15,0.1052213982727578
Lower Cowlitz salmon and steelhead 2023-24,2023-10-01,Unguided,488.68333333333334,546.15,0.8947786017272422
Lower Cowlitz salmon and steelhead 2023-24,2023-10-08,Guided,43,136.43333333333334,0.3151722452968483
Lower Cowlitz salmon and steelhead 2023-24,2023-10-08,Unguided,93.43333333333334,136.43333333333334,0.6848277547031517
Lower Cowlitz salmon and steelhead 2023-24,2023-10-15,Guided,25.2,196.79999999999998,0.12804878048780488
Lower Cowlitz salmon and steelhead 2023-24,2023-10-15,Unguided,171.6,196.79999999999998,0.8719512195121951
Lower Cowlitz salmon and steelhead 2023-24,2023-10-22,Guided,44.93333333333334,207.3,0.2167551053223991
Lower Cowlitz salmon and steelhead 2023-24,2023-10-22,Unguided,162.36666666666667,207.3,0.783244894677601
Lower Cowlitz salmon and steelhead 2023-24,2023-10-29,Guided,9.333333333333334,137.58333333333334,0.06783767413688674
Lower Cowlitz salmon and steelhead 2023-24,2023-10-29,Unguided,128.25,137.58333333333334,0.9321623258631132
Lower Cowlitz salmon and steelhead 2023-24,2023-11-05,Unguided,126.53333333333333,126.53333333333333,1
Lower Cowlitz salmon and steelhead 2023-24,2023-11-12,Guided,18.733333333333334,181.25,0.10335632183908046
Lower Cowlitz salmon and steelhead 2023-24,2023-11-12,Unguided,162.51666666666668,181.25,0.8966436781609196
Lower Cowlitz salmon and steelhead 2023-24,2023-11-19,Unguided,47.31666666666666,47.31666666666666,1
Lower Cowlitz salmon and steelhead 2023-24,2023-12-03,Unguided,17.033333333333335,17.033333333333335,1
Lower Cowlitz salmon and steelhead 2023-24,2023-12-10,Unguided,15.766666666666666,15.766666666666666,1
Lower Cowlitz salmon and steelhead 2023-24,2023-12-17,Unguided,14.25,14.25,1
Lower Cowlitz salmon and steelhead 2023-24,2023-12-24,Unguided,77.15,77.15,1
Lower Cowlitz salmon and steelhead 2023-24,2023-12-31,Guided,13.133333333333333,75.81666666666666,0.17322488459001978
Lower Cowlitz salmon and steelhead 2023-24,2023-12-31,Unguided,62.68333333333333,75.81666666666666,0.8267751154099802
Lower Cowlitz salmon and steelhead 2023-24,2024-01-07,Guided,22.416666666666668,64.1,0.34971398855954244
Lower Cowlitz salmon and steelhead 2023-24,2024-01-07,Unguided,41.68333333333333,64.1,0.6502860114404576
Lower Cowlitz salmon and steelhead 2023-24,2024-01-14,Guided,79.28333333333333,179.26666666666665,0.44226478244700634
Lower Cowlitz salmon and steelhead 2023-24,2024-01-14,Unguided,99.98333333333333,179.26666666666665,0.5577352175529937
Lower Cowlitz salmon and steelhead 2023-24,2024-01-21,Guided,311.1,672.6500000000001,0.462499070839218
Lower Cowlitz salmon and steelhead 2023-24,2024-01-21,Unguided,361.55,672.6500000000001,0.537500929160782
Lower Cowlitz salmon and steelhead 2023-24,2024-01-28,Guided,257.81666666666666,594.8,0.43345101995068375
Lower Cowlitz salmon and steelhead 2023-24,2024-01-28,Unguided,336.98333333333335,594.8,0.5665489800493164
Lower Cowlitz salmon and steelhead 2023-24,2024-02-04,Guided,240.41666666666666,637.65,0.37703546877858807
Lower Cowlitz salmon and steelhead 2023-24,2024-02-04,Unguided,397.23333333333335,637.65,0.622964531221412
Lower Cowlitz salmon and steelhead 2023-24,2024-02-11,Guided,203.46666666666667,620.05,0.32814557965755453
Lower Cowlitz salmon and steelhead 2023-24,2024-02-11,Unguided,416.5833333333333,620.05,0.6718544203424455
Lower Cowlitz salmon and steelhead 2023-24,2024-02-18,Guided,411.5333333333333,1260.65,0.3264453522653657
Lower Cowlitz salmon and steelhead 2023-24,2024-02-18,Unguided,849.1166666666667,1260.65,0.6735546477346342
Lower Cowlitz salmon and steelhead 2023-24,2024-02-25,Guided,517.9833333333333,870.2333333333333,0.5952235032749837
Lower Cowlitz salmon and steelhead 2023-24,2024-02-25,Unguided,352.25,870.2333333333333,0.40477649672501625
Lower Cowlitz salmon and steelhead 2023-24,2024-03-03,Guided,71.05,268.4,0.2647168405365127
Lower Cowlitz salmon and steelhead 2023-24,2024-03-03,Unguided,197.35,268.4,0.7352831594634873
Lower Cowlitz salmon and steelhead 2023-24,2024-03-10,Guided,411.98333333333335,828.25,0.49741422678337865
Lower Cowlitz salmon and steelhead 2023-24,2024-03-10,Unguided,416.26666666666665,828.25,0.5025857732166213
Lower Cowlitz salmon and steelhead 2023-24,2024-03-17,Guided,857.0333333333333,1479.9333333333334,0.5791026622820847
Lower Cowlitz salmon and steelhead 2023-24,2024-03-17,Unguided,622.9,1479.9333333333334,0.4208973377179152
Lower Cowlitz salmon and steelhead 2023-24,2024-03-24,Guided,844.1166666666667,1460.8333333333335,0.5778322875071306
Lower Cowlitz salmon and steelhead 2023-24,2024-03-24,Unguided,616.7166666666667,1460.8333333333335,0.42216771249286933
Lower Cowlitz salmon and steelhead 2023-24,2024-03-31,Guided,256.7,738.8666666666667,0.3474239826761707
Lower Cowlitz salmon and steelhead 2023-24,2024-03-31,Unguided,482.1666666666667,738.8666666666667,0.6525760173238293
Lower Cowlitz salmon and steelhead 2023-24,2024-04-07,Guided,43.56666666666666,452.6166666666667,0.0962551091799536
Lower Cowlitz salmon and steelhead 2023-24,2024-04-07,Unguided,409.05,452.6166666666667,0.9037448908200464
Lower Cowlitz salmon and steelhead 2023-24,2024-04-14,Unguided,33.95,33.95,1
Lower Cowlitz salmon and steelhead 2023-24,2024-04-21,Unguided,121.43333333333334,121.43333333333334,1
Lower Cowlitz salmon and steelhead 2023-24,2024-04-28,Guided,46.333333333333336,114.44999999999999,0.4048347167613223
Lower Cowlitz salmon and steelhead 2023-24,2024-04-28,Unguided,68.11666666666666,114.44999999999999,0.5951652832386778
Lower Cowlitz salmon and steelhead 2023-24,2024-05-05,Guided,26.05,142.1,0.18332160450387053
Lower Cowlitz salmon and steelhead 2023-24,2024-05-05,Unguided,116.05,142.1,0.8166783954961295
Lower Cowlitz salmon and steelhead 2023-24,2024-05-12,Unguided,18.616666666666667,18.616666666666667,1
Lower Cowlitz salmon and steelhead 2023-24,2024-05-19,Unguided,72.13333333333334,72.13333333333334,1
Lower Cowlitz salmon and steelhead 2023-24,2024-05-26,Guided,70.13333333333333,203.81666666666666,0.34410008995011854
Lower Cowlitz salmon and steelhead 2023-24,2024-05-26,Unguided,133.68333333333334,203.81666666666666,0.6558999100498815
Lower Cowlitz salmon and steelhead 2023-24,2024-06-02,Guided,65.89999999999999,120.53333333333333,0.5467367256637168
Lower Cowlitz salmon and steelhead 2023-24,2024-06-02,Unguided,54.63333333333333,120.53333333333333,0.45326327433628316
Lower Cowlitz salmon and steelhead 2023-24,2024-06-09,Guided,75.66666666666666,164.21666666666664,0.4607733685172029
Lower Cowlitz salmon and steelhead 2023-24,2024-06-09,Unguided,88.55,164.21666666666664,0.5392266314827971
Lower Cowlitz salmon and steelhead 2023-24,2024-06-16,Guided,327.71666666666664,531.4333333333333,0.616665621275795
Lower Cowlitz salmon and steelhead 2023-24,2024-06-16,Unguided,203.71666666666667,531.4333333333333,0.383334378724205
Lower Cowlitz salmon and steelhead 2023-24,2024-06-23,Guided,239.06666666666666,367.6166666666667,0.6503150927143311
Lower Cowlitz salmon and steelhead 2023-24,2024-06-23,Unguided,128.54999999999998,367.6166666666667,0.3496849072856689
Lower Cowlitz salmon and steelhead 2023-24,2024-06-30,Guided,341.7,495.7833333333333,0.6892123575486604
Lower Cowlitz salmon and steelhead 2023-24,2024-06-30,Unguided,154.08333333333334,495.7833333333333,0.31078764245133966
Lower Cowlitz salmon and steelhead 2023-24,2024-07-07,Guided,232.79999999999998,260.09999999999997,0.895040369088812
Lower Cowlitz salmon and steelhead 2023-24,2024-07-07,Unguided,27.3,260.09999999999997,0.10495963091118803
Lower Cowlitz salmon and steelhead 2023-24,2024-07-14,Guided,30.03333333333333,111.64999999999999,0.2689953724436483
Lower Cowlitz salmon and steelhead 2023-24,2024-07-14,Unguided,81.61666666666666,111.64999999999999,0.7310046275563516
Lower Cowlitz salmon and steelhead 2023-24,2024-07-21,Guided,123.05000000000001,310.43333333333334,0.3963814023408139
Lower Cowlitz salmon and steelhead 2023-24,2024-07-21,Unguided,187.38333333333333,310.43333333333334,0.603618597659186
Lower Cowlitz salmon and steelhead 2023-24,2024-07-28,Guided,164.18333333333334,300.1,0.547095412640231
Lower Cowlitz salmon and steelhead 2023-24,2024-07-28,Unguided,135.91666666666666,300.1,0.4529045873597689
Naselle winter steelhead 2022,2022-01-02,Unguided,36.166666666666664,36.166666666666664,1
Naselle winter steelhead 2022,2022-01-09,Unguided,85.73333333333333,85.73333333333333,1
Naselle winter steelhead 2022,2022-01-16,Unguided,143.4,143.4,1
Naselle winter steelhead 2022,2022-01-23,Guided,26,140.95,0.18446257538134092
Naselle winter steelhead 2022,2022-01-23,Unguided,114.95,140.95,0.8155374246186592
Naselle winter steelhead 2022,2022-01-30,Unguided,78.58333333333333,78.58333333333333,1
Naselle winter steelhead 2022,2022-02-06,Unguided,48.666666666666664,48.666666666666664,1
Naselle winter steelhead 2022,2022-02-13,Unguided,136.26666666666668,136.26666666666668,1
Naselle winter steelhead 2022,2022-02-20,Unguided,99.96666666666667,99.96666666666667,1
Naselle winter steelhead 2022,2022-02-27,Unguided,38.2,38.2,1
Naselle winter steelhead 2022-23,2022-12-18,Unguided,46.61666666666667,46.61666666666667,1
Naselle winter steelhead 2022-23,2022-12-25,Unguided,27.2,27.2,1
Naselle winter steelhead 2022-23,2023-01-01,Unguided,30.616666666666667,30.616666666666667,1
Naselle winter steelhead 2022-23,2023-01-08,Unguided,94.08333333333333,94.08333333333333,1
Naselle winter steelhead 2022-23,2023-01-15,Unguided,72.13333333333333,72.13333333333333,1
Naselle winter steelhead 2022-23,2023-01-22,Unguided,107.6,107.6,1
Naselle winter steelhead 2022-23,2023-01-29,Unguided,89.68333333333334,89.68333333333334,1
Naselle winter steelhead 2022-23,2023-02-05,Unguided,74.46666666666667,74.46666666666667,1
Naselle winter steelhead 2022-23,2023-02-12,Unguided,107.78333333333333,107.78333333333333,1
Naselle winter steelhead 2022-23,2023-02-19,Unguided,91.21666666666667,91.21666666666667,1
Naselle winter steelhead 2022-23,2023-02-26,Unguided,65.66666666666667,65.66666666666667,1
Naselle winter steelhead 2022-23,2023-03-05,Unguided,151.55,151.55,1
Naselle winter steelhead 2022-23,2023-03-12,Unguided,118.43333333333334,118.43333333333334,1
Naselle winter steelhead 2022-23,2023-03-19,Unguided,101.68333333333334,101.68333333333334,1
Naselle winter steelhead 2022-23,2023-03-26,Unguided,27.55,27.55,1
Naselle winter steelhead 2023-24,2023-11-26,Unguided,29.25,29.25,1
Naselle winter steelhead 2023-24,2023-12-03,Unguided,84.78333333333333,84.78333333333333,1
Naselle winter steelhead 2023-24,2023-12-10,Guided,22.75,156.75,0.14513556618819776
Naselle winter steelhead 2023-24,2023-12-10,Unguided,134,156.75,0.8548644338118022
Naselle winter steelhead 2023-24,2023-12-17,Unguided,265.71666666666664,265.71666666666664,1
Naselle winter steelhead 2023-24,2023-12-24,Unguided,295.76666666666665,295.76666666666665,1
Naselle winter steelhead 2023-24,2023-12-31,Unguided,91.96666666666667,91.96666666666667,1
Naselle winter steelhead 2023-24,2024-01-07,Unguided,18.933333333333334,18.933333333333334,1
Naselle winter steelhead 2023-24,2024-01-14,Unguided,238.38333333333333,238.38333333333333,1
Naselle winter steelhead 2023-24,2024-01-21,Unguided,15.466666666666667,15.466666666666667,1
Naselle winter steelhead 2023-24,2024-01-28,Unguided,108.95,108.95,1
Naselle winter steelhead 2023-24,2024-02-04,Guided,33.666666666666664,151.9,0.22163704191353958
Naselle winter steelhead 2023-24,2024-02-04,Unguided,118.23333333333333,151.9,0.7783629580864604
Naselle winter steelhead 2023-24,2024-02-11,Guided,16.666666666666668,148.93333333333334,0.11190689346463743
Naselle winter steelhead 2023-24,2024-02-11,Unguided,132.26666666666668,148.93333333333334,0.8880931065353627
Naselle winter steelhead 2023-24,2024-02-18,Unguided,175.78333333333333,175.78333333333333,1
Naselle winter steelhead 2023-24,2024-02-25,Unguided,50.56666666666667,50.56666666666667,1
Naselle winter steelhead 2023-24,2024-03-03,Unguided,143.46666666666667,143.46666666666667,1
Naselle winter steelhead 2023-24,2024-03-10,Guided,11.466666666666667,101.9,0.11252862283284265
Naselle winter steelhead 2023-24,2024-03-10,Unguided,90.43333333333334,101.9,0.8874713771671573
Naselle winter steelhead 2023-24,2024-03-17,Unguided,86.61666666666666,86.61666666666666,1
Naselle winter steelhead 2023-24,2024-03-24,Guided,10.533333333333333,72.6,0.14508723599632692
Naselle winter steelhead 2023-24,2024-03-24,Unguided,62.06666666666666,72.6,0.8549127640036731
Naselle winter steelhead 2023-24,2024-03-31,Unguided,1.2333333333333334,1.2333333333333334,1
Nooksack fall salmon 2023,2023-10-29,Unguided,9.866666666666667,9.866666666666667,1
Nooksack fall salmon 2023,2023-11-05,Unguided,6.35,6.35,1
Nooksack fall salmon 2023,2023-11-12,Unguided,61.78333333333334,61.78333333333334,1
Nooksack fall salmon 2023,2023-11-19,Unguided,19.266666666666666,19.266666666666666,1
Nooksack fall salmon 2023,2023-11-26,Unguided,13.866666666666667,13.866666666666667,1
Nooksack fall salmon 2024,2024-11-03,Unguided,79.05,79.05,1
Nooksack fall salmon 2024,2024-11-10,Unguided,23.366666666666667,23.366666666666667,1
Nooksack fall salmon 2024,2024-11-17,Unguided,32.5,32.5,1
Nooksack fall salmon 2024,2024-11-24,Unguided,13.916666666666668,13.916666666666668,1
Nooksack spring Chinook 2022,2022-05-22,Unguided,107.06666666666666,107.06666666666666,1
Nooksack spring Chinook 2022,2022-05-29,Unguided,161.06666666666666,161.06666666666666,1
Nooksack spring Chinook 2022,2022-06-05,Unguided,15.566666666666668,15.566666666666668,1
Nooksack spring Chinook 2022,2022-06-12,Unguided,90.65,90.65,1
Nooksack spring Chinook 2022,2022-06-19,Unguided,82.48333333333333,82.48333333333333,1
Nooksack spring Chinook 2022,2022-06-26,Unguided,42.31666666666666,42.31666666666666,1
Nooksack spring Chinook 2022,2022-07-03,Unguided,87.43333333333334,87.43333333333334,1
Nooksack spring Chinook 2022,2022-07-10,Unguided,106.23333333333333,106.23333333333333,1
Nooksack spring Chinook 2026,2026-05-17,Unguided,252.53333333333333,252.53333333333333,1
Nooksack spring Chinook 2026,2026-05-24,Unguided,587.2833333333333,587.2833333333333,1
Nooksack spring Chinook 2026,2026-05-31,Guided,18.6,602.6833333333334,0.030861978374491856
Nooksack spring Chinook 2026,2026-05-31,Unguided,584.0833333333334,602.6833333333334,0.9691380216255081
Nooksack spring Chinook 2026,2026-06-07,Guided,27.800000000000004,187.96666666666667,0.14789856357510198
Nooksack spring Chinook 2026,2026-06-07,Unguided,160.16666666666666,187.96666666666667,0.852101436424898
Nooksack winter gamefish 2021-22,2022-01-23,Unguided,318.71666666666664,318.71666666666664,1
Nooksack winter gamefish 2021-22,2022-01-30,Unguided,272.5833333333333,272.5833333333333,1
Nooksack winter gamefish 2021-22,2022-02-06,Unguided,505.5,505.5,1
Nooksack winter gamefish 2021-22,2022-02-13,Unguided,324.0833333333333,324.0833333333333,1
Nooksack winter gamefish 2022-23,2022-11-27,Unguided,24.866666666666667,24.866666666666667,1
Nooksack winter gamefish 2022-23,2022-12-04,Unguided,149.28333333333333,149.28333333333333,1
Nooksack winter gamefish 2022-23,2022-12-11,Unguided,181.75,181.75,1
Nooksack winter gamefish 2022-23,2022-12-18,Unguided,2.466666666666667,2.466666666666667,1
Nooksack winter gamefish 2022-23,2022-12-25,Unguided,10.1,10.1,1
Nooksack winter gamefish 2022-23,2023-01-01,Unguided,63.03333333333333,63.03333333333333,1
Nooksack winter gamefish 2022-23,2023-01-29,Unguided,131.78333333333333,131.78333333333333,1
Nooksack winter gamefish 2022-23,2023-02-05,Guided,43.849999999999994,742.35,0.059069172223344776
Nooksack winter gamefish 2022-23,2023-02-05,Unguided,698.5,742.35,0.9409308277766552
Nooksack winter gamefish 2022-23,2023-02-12,Unguided,484.2833333333333,484.2833333333333,1
Post Quillayute winter steelhead 2023-24,2024-01-21,Guided,101.76666666666667,144.45,0.7045113649475021
Post Quillayute winter steelhead 2023-24,2024-01-21,Unguided,42.68333333333334,144.45,0.295488635052498
Post Quillayute winter steelhead 2023-24,2024-01-28,Guided,323.46666666666664,385.4,0.8393011589690365
Post Quillayute winter steelhead 2023-24,2024-01-28,Unguided,61.93333333333333,385.4,0.1606988410309635
Post Quillayute winter steelhead 2023-24,2024-02-04,Guided,80.33333333333333,182.18333333333334,0.4409477632421553
Post Quillayute winter steelhead 2023-24,2024-02-04,Unguided,101.85,182.18333333333334,0.5590522367578447
Post Quillayute winter steelhead 2023-24,2024-02-11,Guided,338.71666666666664,443.2333333333333,0.7641949311874859
Post Quillayute winter steelhead 2023-24,2024-02-11,Unguided,104.51666666666667,443.2333333333333,0.23580506881251412
Post Quillayute winter steelhead 2023-24,2024-02-18,Guided,132.71666666666667,476.6333333333333,0.2784460451779845
Post Quillayute winter steelhead 2023-24,2024-02-18,Unguided,343.9166666666667,476.6333333333333,0.7215539548220156
Post Quillayute winter steelhead 2023-24,2024-02-25,Guided,450.31666666666666,1051.6833333333334,0.428186558057717
Post Quillayute winter steelhead 2023-24,2024-02-25,Unguided,601.3666666666667,1051.6833333333334,0.571813441942283
Post Quillayute winter steelhead 2023-24,2024-03-03,Guided,280.05,703.3333333333334,0.39817535545023697
Post Quillayute winter steelhead 2023-24,2024-03-03,Unguided,423.28333333333336,703.3333333333334,0.601824644549763
Post Quillayute winter steelhead 2023-24,2024-03-10,Guided,404.23333333333335,872.1,0.4635171807514429
Post Quillayute winter steelhead 2023-24,2024-03-10,Unguided,467.8666666666667,872.1,0.5364828192485571
Post Quillayute winter steelhead 2023-24,2024-03-17,Guided,123.88333333333333,192.28333333333333,0.644274941492589
Post Quillayute winter steelhead 2023-24,2024-03-17,Unguided,68.4,192.28333333333333,0.355725058507411
Post Quillayute winter steelhead 2023-24,2024-03-24,Guided,98.31666666666666,177.75,0.553117674636662
Post Quillayute winter steelhead 2023-24,2024-03-24,Unguided,79.43333333333334,177.75,0.44688232536333805
Post Quillayute winter steelhead 2023-24,2024-03-31,Guided,16.166666666666668,35.7,0.45284780578898226
Post Quillayute winter steelhead 2023-24,2024-03-31,Unguided,19.533333333333335,35.7,0.5471521942110178
Pre Quillayute winter steelhead 2023-24,2023-11-26,Unguided,49,49,1
Pre Quillayute winter steelhead 2023-24,2023-12-03,Unguided,14.066666666666666,14.066666666666666,1
Pre Quillayute winter steelhead 2023-24,2023-12-10,Guided,7.616666666666666,11.133333333333333,0.6841317365269461
Pre Quillayute winter steelhead 2023-24,2023-12-10,Unguided,3.5166666666666666,11.133333333333333,0.3158682634730539
Pre Quillayute winter steelhead 2023-24,2023-12-17,Unguided,14.033333333333333,14.033333333333333,1
Pre Quillayute winter steelhead 2023-24,2023-12-24,Guided,69.53333333333333,121.91666666666666,0.5703349282296651
Pre Quillayute winter steelhead 2023-24,2023-12-24,Unguided,52.38333333333333,121.91666666666666,0.42966507177033497
Pre Quillayute winter steelhead 2023-24,2023-12-31,Guided,76.51666666666667,186.01666666666665,0.41134306961741784
Pre Quillayute winter steelhead 2023-24,2023-12-31,Unguided,109.5,186.01666666666665,0.5886569303825823
Pre Quillayute winter steelhead 2023-24,2024-01-07,Guided,108.75,209.35000000000002,0.5194650107475519
Pre Quillayute winter steelhead 2023-24,2024-01-07,Unguided,100.60000000000001,209.35000000000002,0.48053498925244803
Pre Quillayute winter steelhead 2023-24,2024-01-14,Guided,301.9,491.25,0.6145547073791349
Pre Quillayute winter steelhead 2023-24,2024-01-14,Unguided,189.35,491.25,0.38544529262086513
Pre Quillayute winter steelhead 2023-24,2024-01-21,Guided,169.26666666666665,333.76666666666665,0.5071407170678118
Pre Quillayute winter steelhead 2023-24,2024-01-21,Unguided,164.5,333.76666666666665,0.49285928293218817
Puyallup Carbon salmon 2024,2024-09-08,Unguided,3.966666666666667,3.966666666666667,1
Queets winter steelhead 2024-25,2025-01-05,Unguided,2.0833333333333335,2.0833333333333335,1
Queets winter steelhead 2024-25,2025-01-12,Unguided,111.86666666666666,111.86666666666666,1
Queets winter steelhead 2024-25,2025-01-19,Unguided,16.45,16.45,1
Queets winter steelhead 2024-25,2025-01-26,Guided,6.266666666666667,132.76666666666668,0.04720060256088375
Queets winter steelhead 2024-25,2025-01-26,Unguided,126.5,132.76666666666668,0.9527993974391161
Queets winter steelhead 2024-25,2025-02-02,Unguided,73.93333333333334,73.93333333333334,1
Queets winter steelhead 2024-25,2025-02-09,Unguided,71.8,71.8,1
Queets winter steelhead 2024-25,2025-02-16,Guided,89.43333333333334,194.68333333333334,0.4593784778700454
Queets winter steelhead 2024-25,2025-02-16,Unguided,105.25,194.68333333333334,0.5406215221299546
Queets winter steelhead 2024-25,2025-02-23,Unguided,17.4,17.4,1
Queets winter steelhead 2025-26,2025-12-14,Unguided,7.25,7.25,1
Queets winter steelhead 2025-26,2025-12-21,Unguided,5.633333333333334,5.633333333333334,1
Queets winter steelhead 2025-26,2025-12-28,Unguided,13.9,13.9,1
Queets winter steelhead 2025-26,2026-01-11,Unguided,121.16666666666667,121.16666666666667,1
Queets winter steelhead 2025-26,2026-01-18,Unguided,5.4,5.4,1
Queets winter steelhead 2025-26,2026-01-25,Unguided,57.1,57.1,1
Queets winter steelhead 2025-26,2026-02-01,Guided,42.81666666666666,83.94999999999999,0.5100258090133016
Queets winter steelhead 2025-26,2026-02-01,Unguided,41.13333333333333,83.94999999999999,0.4899741909866985
Queets winter steelhead 2025-26,2026-02-08,Guided,12.25,50.7,0.24161735700197237
Queets winter steelhead 2025-26,2026-02-08,Unguided,38.45,50.7,0.7583826429980276
Queets winter steelhead 2025-26,2026-02-15,Unguided,3.1666666666666665,3.1666666666666665,1
Queets winter steelhead 2025-26,2026-02-22,Guided,16.5,63.5,0.25984251968503935
Queets winter steelhead 2025-26,2026-02-22,Unguided,47,63.5,0.7401574803149606
Queets winter steelhead 2025-26,2026-03-01,Unguided,6,6,1
Queets winter steelhead 2025-26,2026-03-22,Guided,23.599999999999998,103.31666666666666,0.22842393934505564
Queets winter steelhead 2025-26,2026-03-22,Unguided,79.71666666666667,103.31666666666666,0.7715760606549444
Quillayute fall salmon 2022,2022-09-18,Unguided,20.266666666666666,20.266666666666666,1
Quillayute fall salmon 2022,2022-09-25,Unguided,25.71666666666667,25.71666666666667,1
Quillayute fall salmon 2022,2022-10-02,Unguided,198.8,198.8,1
Quillayute fall salmon 2022,2022-10-30,Guided,90.03333333333333,511.01666666666665,0.17618472978702587
Quillayute fall salmon 2022,2022-10-30,Unguided,420.98333333333335,511.01666666666665,0.8238152702129742
Quillayute fall salmon 2022,2022-11-06,Guided,260.93333333333334,565.1,0.4617471833893706
Quillayute fall salmon 2022,2022-11-06,Unguided,304.1666666666667,565.1,0.5382528166106294
Quillayute fall salmon 2022,2022-11-13,Guided,175.1,605.7666666666667,0.2890551917680075
Quillayute fall salmon 2022,2022-11-13,Unguided,430.6666666666667,605.7666666666667,0.7109448082319926
Quillayute fall salmon 2022,2022-11-20,Guided,33.199999999999996,363.43333333333334,0.09135100431074016
Quillayute fall salmon 2022,2022-11-20,Unguided,330.23333333333335,363.43333333333334,0.9086489956892598
Quillayute fall salmon 2022,2022-11-27,Guided,55.550000000000004,575.5666666666666,0.09651358081890313
Quillayute fall salmon 2022,2022-11-27,Unguided,520.0166666666667,575.5666666666666,0.903486419181097
Quillayute fall salmon 2022,2022-12-04,Guided,41,515.2166666666667,0.07957817099602109
Quillayute fall salmon 2022,2022-12-04,Unguided,474.2166666666667,515.2166666666667,0.920421829003979
Quillayute fall salmon 2022,2022-12-11,Guided,187.35,646.8666666666667,0.28962691950943004
Quillayute fall salmon 2022,2022-12-11,Unguided,459.51666666666665,646.8666666666667,0.7103730804905699
Quillayute fall salmon 2023,2023-10-01,Guided,77.93333333333334,703.7166666666667,0.11074532837552993
Quillayute fall salmon 2023,2023-10-01,Unguided,625.7833333333333,703.7166666666667,0.88925467162447
Quillayute fall salmon 2023,2023-10-08,Guided,182.46666666666667,715.3666666666667,0.2550673314384232
Quillayute fall salmon 2023,2023-10-08,Unguided,532.9,715.3666666666667,0.7449326685615768
Quillayute fall salmon 2023,2023-10-15,Guided,81.8,651.85,0.125488992866457
Quillayute fall salmon 2023,2023-10-15,Unguided,570.0500000000001,651.85,0.874511007133543
Quillayute fall salmon 2023,2023-10-22,Guided,119.93333333333334,367.35,0.326482464497981
Quillayute fall salmon 2023,2023-10-22,Unguided,247.41666666666666,367.35,0.6735175355020189
Quillayute fall salmon 2023,2023-10-29,Guided,22.916666666666668,120.21666666666667,0.19062803271870235
Quillayute fall salmon 2023,2023-10-29,Unguided,97.3,120.21666666666667,0.8093719672812976
Quillayute fall salmon 2023,2023-11-05,Guided,69.05,261.5333333333333,0.2640198827427989
Quillayute fall salmon 2023,2023-11-05,Unguided,192.48333333333332,261.5333333333333,0.7359801172572011
Quillayute fall salmon 2023,2023-11-12,Guided,51.53333333333333,102.43333333333334,0.5030914415880247
Quillayute fall salmon 2023,2023-11-12,Unguided,50.9,102.43333333333334,0.49690855841197523
Quillayute fall salmon 2023,2023-11-19,Unguided,85.08333333333333,85.08333333333333,1
Quillayute fall salmon 2023,2023-11-26,Unguided,133.38333333333333,133.38333333333333,1
Quillayute fall salmon 2024,2024-09-01,Guided,26.4,154.06666666666666,0.17135439203807876
Quillayute fall salmon 2024,2024-09-01,Unguided,127.66666666666667,154.06666666666666,0.8286456079619213
Quillayute fall salmon 2024,2024-09-08,Guided,53.43333333333334,299.8666666666667,0.17819030680302358
Quillayute fall salmon 2024,2024-09-08,Unguided,246.43333333333334,299.8666666666667,0.8218096931969764
Quillayute fall salmon 2024,2024-09-15,Guided,7.516666666666667,217.95000000000002,0.034488032423338685
Quillayute fall salmon 2024,2024-09-15,Unguided,210.43333333333334,217.95000000000002,0.9655119675766612
Quillayute fall salmon 2024,2024-09-22,Guided,72.78333333333333,601.65,0.1209728801351838
Quillayute fall salmon 2024,2024-09-22,Unguided,528.8666666666667,601.65,0.8790271198648163
Quillayute fall salmon 2024,2024-09-29,Guided,95.26666666666667,879.6333333333333,0.1083027018833605
Quillayute fall salmon 2024,2024-09-29,Unguided,784.3666666666667,879.6333333333333,0.8916972981166396
Quillayute fall salmon 2024,2024-10-06,Guided,45.666666666666664,640.6833333333333,0.0712780624853672
Quillayute fall salmon 2024,2024-10-06,Unguided,595.0166666666667,640.6833333333333,0.9287219375146328
Quillayute fall salmon 2024,2024-10-13,Guided,36.516666666666666,443.43333333333334,0.08234984589942118
Quillayute fall salmon 2024,2024-10-13,Unguided,406.9166666666667,443.43333333333334,0.9176501541005788
Quillayute fall salmon 2024,2024-10-20,Guided,264.53333333333336,688,0.3844961240310078
Quillayute fall salmon 2024,2024-10-20,Unguided,423.46666666666664,688,0.6155038759689923
Quillayute fall salmon 2024,2024-10-27,Guided,563.7166666666667,939.1500000000001,0.6002413529965039
Quillayute fall salmon 2024,2024-10-27,Unguided,375.43333333333334,939.1500000000001,0.39975864700349606
Quillayute fall salmon 2024,2024-11-03,Guided,135.23333333333332,350.79999999999995,0.38549980995819083
Quillayute fall salmon 2024,2024-11-03,Unguided,215.56666666666666,350.79999999999995,0.6145001900418092
Quillayute fall salmon 2024,2024-11-10,Guided,32.016666666666666,172.16666666666669,0.1859632139399806
Quillayute fall salmon 2024,2024-11-10,Unguided,140.15,172.16666666666669,0.8140367860600193
Quillayute fall salmon 2024,2024-11-17,Guided,42.900000000000006,196.96666666666667,0.2178033508207819
Quillayute fall salmon 2024,2024-11-17,Unguided,154.06666666666666,196.96666666666667,0.7821966491792182
Quillayute fall salmon 2024,2024-11-24,Guided,25.366666666666667,279.25,0.09083855565502835
Quillayute fall salmon 2024,2024-11-24,Unguided,253.88333333333333,279.25,0.9091614443449716
Quillayute fall salmon 2025,2025-08-31,Unguided,207.01666666666665,207.01666666666665,1
Quillayute fall salmon 2025,2025-09-07,Guided,70.46666666666667,208.76666666666668,0.33753792112406195
Quillayute fall salmon 2025,2025-09-07,Unguided,138.3,208.76666666666668,0.6624620788759381
Quillayute fall salmon 2025,2025-09-14,Guided,56.81666666666666,225.04999999999998,0.2524624157594609
Quillayute fall salmon 2025,2025-09-14,Unguided,168.23333333333332,225.04999999999998,0.7475375842405392
Quillayute fall salmon 2025,2025-09-21,Guided,48.8,356.98333333333335,0.13670105980671365
Quillayute fall salmon 2025,2025-09-21,Unguided,308.18333333333334,356.98333333333335,0.8632989401932863
Quillayute fall salmon 2025,2025-09-28,Guided,71,495.35,0.14333299687089937
Quillayute fall salmon 2025,2025-09-28,Unguided,424.35,495.35,0.8566670031291006
Quillayute fall salmon 2025,2025-10-05,Guided,289.18333333333334,1014.2666666666667,0.285115682923623
Quillayute fall salmon 2025,2025-10-05,Unguided,725.0833333333334,1014.2666666666667,0.7148843170763771
Quillayute fall salmon 2025,2025-10-12,Guided,85.5,763.5666666666667,0.11197450560963897
Quillayute fall salmon 2025,2025-10-12,Unguided,678.0666666666667,763.5666666666667,0.888025494390361
Quillayute fall salmon 2025,2025-10-19,Guided,118.93333333333334,643.95,0.1846934285788234
Quillayute fall salmon 2025,2025-10-19,Unguided,525.0166666666667,643.95,0.8153065714211765
Quillayute fall salmon 2025,2025-10-26,Guided,112.26666666666667,297.06666666666666,0.3779174147217235
Quillayute fall salmon 2025,2025-10-26,Unguided,184.8,297.06666666666666,0.6220825852782765
Quillayute fall salmon 2025,2025-11-02,Guided,53.35,268.3,0.19884457696608274
Quillayute fall salmon 2025,2025-11-02,Unguided,214.95,268.3,0.8011554230339172
Quillayute fall salmon 2025,2025-11-09,Guided,149.86666666666667,494.78333333333336,0.3028935224172197
Quillayute fall salmon 2025,2025-11-09,Unguided,344.9166666666667,494.78333333333336,0.6971064775827803
Quillayute fall salmon 2025,2025-11-16,Guided,17.633333333333333,365.6166666666667,0.0482290194648311
Quillayute fall salmon 2025,2025-11-16,Unguided,347.98333333333335,365.6166666666667,0.951770980535169
Quillayute fall salmon 2025,2025-11-23,Guided,23.2,329.01666666666665,0.07051314523073805
Quillayute fall salmon 2025,2025-11-23,Unguided,305.81666666666666,329.01666666666665,0.929486854769262
Quillayute fall salmon 2025,2025-11-30,Unguided,229.18333333333334,229.18333333333334,1
Quillayute spring chinook 2025,2025-04-27,Guided,307.28333333333336,534.7333333333333,0.5746477995262437
Quillayute spring chinook 2025,2025-04-27,Unguided,227.45,534.7333333333333,0.4253522004737564
Quillayute spring chinook 2025,2025-05-04,Guided,87.8,206.63333333333333,0.4249072431037264
Quillayute spring chinook 2025,2025-05-04,Unguided,118.83333333333333,206.63333333333333,0.5750927568962736
Quillayute spring chinook 2025,2025-05-11,Guided,149.41666666666666,272.0333333333333,0.5492586692807254
Quillayute spring chinook 2025,2025-05-11,Unguided,122.61666666666666,272.0333333333333,0.45074133071927464
Quillayute spring chinook 2025,2025-05-18,Guided,72.06666666666666,108.69999999999999,0.662986813860779
Quillayute spring chinook 2025,2025-05-18,Unguided,36.63333333333333,108.69999999999999,0.33701318613922115
Quillayute spring chinook 2025,2025-05-25,Guided,8.3,91.13333333333333,0.09107534747622532
Quillayute spring chinook 2025,2025-05-25,Unguided,82.83333333333333,91.13333333333333,0.9089246525237747
Quillayute spring chinook 2025,2025-06-01,Guided,23.216666666666665,95.03333333333333,0.24430024552788493
Quillayute spring chinook 2025,2025-06-01,Unguided,71.81666666666666,95.03333333333333,0.755699754472115
Quillayute spring chinook 2025,2025-06-08,Guided,52.5,55.266666666666666,0.9499396863691194
Quillayute spring chinook 2025,2025-06-08,Unguided,2.7666666666666666,55.266666666666666,0.05006031363088058
Quillayute spring chinook 2025,2025-06-15,Guided,30.133333333333333,81.63333333333334,0.36913025724785625
Quillayute spring chinook 2025,2025-06-15,Unguided,51.50000000000001,81.63333333333334,0.6308697427521438
Quillayute spring chinook 2025,2025-06-22,Guided,16.266666666666666,48.800000000000004,0.33333333333333326
Quillayute spring chinook 2025,2025-06-22,Unguided,32.53333333333334,48.800000000000004,0.6666666666666667
Quillayute spring chinook 2025,2025-06-29,Guided,10.833333333333334,93.25,0.1161751563896336
Quillayute spring chinook 2025,2025-06-29,Unguided,82.41666666666667,93.25,0.8838248436103664
Quillayute spring chinook 2026,2026-04-26,Guided,136.26666666666665,365.66666666666663,0.3726526891522334
Quillayute spring chinook 2026,2026-04-26,Unguided,229.4,365.66666666666663,0.6273473108477667
Quillayute spring chinook 2026,2026-05-03,Guided,140.48333333333332,326.95,0.4296783402151195
Quillayute spring chinook 2026,2026-05-03,Unguided,186.46666666666667,326.95,0.5703216597848805
Quillayute spring chinook 2026,2026-05-10,Guided,80.65,211.81666666666666,0.3807537965221497
Quillayute spring chinook 2026,2026-05-10,Unguided,131.16666666666666,211.81666666666666,0.6192462034778503
Quillayute spring chinook 2026,2026-05-17,Guided,79.4,160.81666666666666,0.4937299201989844
Quillayute spring chinook 2026,2026-05-17,Unguided,81.41666666666667,160.81666666666666,0.5062700798010157
Quillayute spring chinook 2026,2026-05-24,Guided,42.03333333333333,257.4666666666667,0.16325737959606418
Quillayute spring chinook 2026,2026-05-24,Unguided,215.43333333333334,257.4666666666667,0.8367426204039357
Quillayute spring chinook 2026,2026-05-31,Guided,25.950000000000003,59.800000000000004,0.4339464882943144
Quillayute spring chinook 2026,2026-05-31,Unguided,33.85,59.800000000000004,0.5660535117056856
Quillayute winter steelhead 2022-23,2022-12-18,Guided,23.5,86.75,0.27089337175792505
Quillayute winter steelhead 2022-23,2022-12-18,Unguided,63.25,86.75,0.729106628242075
Quillayute winter steelhead 2022-23,2022-12-25,Unguided,16.366666666666667,16.366666666666667,1
Quillayute winter steelhead 2022-23,2023-01-01,Guided,62.31666666666666,218.03333333333333,0.28581256688579726
Quillayute winter steelhead 2022-23,2023-01-01,Unguided,155.71666666666667,218.03333333333333,0.7141874331142027
Quillayute winter steelhead 2022-23,2023-01-08,Guided,33.96666666666667,70,0.48523809523809525
Quillayute winter steelhead 2022-23,2023-01-08,Unguided,36.03333333333333,70,0.5147619047619048
Quillayute winter steelhead 2022-23,2023-01-15,Guided,156.20000000000002,305.6666666666667,0.5110141766630316
Quillayute winter steelhead 2022-23,2023-01-15,Unguided,149.46666666666667,305.6666666666667,0.48898582333696833
Quillayute winter steelhead 2022-23,2023-01-22,Guided,257.51666666666665,436.9,0.589417868314641
Quillayute winter steelhead 2022-23,2023-01-22,Unguided,179.38333333333333,436.9,0.41058213168535895
Quillayute winter steelhead 2022-23,2023-01-29,Guided,131.5,211.23333333333335,0.6225343222344958
Quillayute winter steelhead 2022-23,2023-01-29,Unguided,79.73333333333333,211.23333333333335,0.37746567776550416
Quillayute winter steelhead 2022-23,2023-02-05,Guided,210.38333333333333,428.16666666666663,0.49135850525496305
Quillayute winter steelhead 2022-23,2023-02-05,Unguided,217.78333333333333,428.16666666666663,0.5086414947450371
Quillayute winter steelhead 2022-23,2023-02-12,Guided,205.43333333333334,499.31666666666666,0.4114289529022998
Quillayute winter steelhead 2022-23,2023-02-12,Unguided,293.8833333333333,499.31666666666666,0.5885710470977001
Quillayute winter steelhead 2022-23,2023-02-19,Guided,72.1,247.08333333333331,0.2918043844856661
Quillayute winter steelhead 2022-23,2023-02-19,Unguided,174.98333333333332,247.08333333333331,0.7081956155143339
Quillayute winter steelhead 2022-23,2023-02-26,Guided,162.48333333333335,221.38333333333335,0.7339456448091546
Quillayute winter steelhead 2022-23,2023-02-26,Unguided,58.9,221.38333333333335,0.2660543551908454
Quillayute winter steelhead 2022-23,2023-03-12,Guided,189.9,214.38333333333333,0.8857964704967738
Quillayute winter steelhead 2022-23,2023-03-12,Unguided,24.483333333333334,214.38333333333333,0.11420352950322632
Quillayute winter steelhead 2022-23,2023-03-19,Guided,126.61666666666666,152.36666666666667,0.8309997812294901
Quillayute winter steelhead 2022-23,2023-03-19,Unguided,25.75,152.36666666666667,0.16900021877050972
Quillayute winter steelhead 2024-25,2024-12-01,Guided,66.03333333333333,221.18333333333334,0.29854570115288975
Quillayute winter steelhead 2024-25,2024-12-01,Unguided,155.15,221.18333333333334,0.7014542988471103
Quillayute winter steelhead 2024-25,2024-12-08,Guided,178.48333333333332,560.3833333333333,0.3185022157451744
Quillayute winter steelhead 2024-25,2024-12-08,Unguided,381.9,560.3833333333333,0.6814977842548255
Quillayute winter steelhead 2024-25,2024-12-15,Guided,12.733333333333333,337.48333333333335,0.03773025828435972
Quillayute winter steelhead 2024-25,2024-12-15,Unguided,324.75,337.48333333333335,0.9622697417156403
Quillayute winter steelhead 2024-25,2024-12-22,Guided,5.766666666666667,191.65,0.030089573006348378
Quillayute winter steelhead 2024-25,2024-12-22,Unguided,185.88333333333333,191.65,0.9699104269936516
Quillayute winter steelhead 2024-25,2024-12-29,Guided,47.800000000000004,178.75,0.26741258741258744
Quillayute winter steelhead 2024-25,2024-12-29,Unguided,130.95,178.75,0.7325874125874126
Quillayute winter steelhead 2024-25,2025-01-05,Guided,83.3,328.25,0.2537699923838538
Quillayute winter steelhead 2024-25,2025-01-05,Unguided,244.95,328.25,0.7462300076161462
Quillayute winter steelhead 2024-25,2025-01-12,Guided,102.83333333333334,574.4333333333333,0.1790170022630999
Quillayute winter steelhead 2024-25,2025-01-12,Unguided,471.59999999999997,574.4333333333333,0.8209829977369002
Quillayute winter steelhead 2024-25,2025-01-19,Guided,69.18333333333334,141.48333333333335,0.4889857462598657
Quillayute winter steelhead 2024-25,2025-01-19,Unguided,72.3,141.48333333333335,0.5110142537401342
Quillayute winter steelhead 2024-25,2025-01-26,Guided,193.58333333333334,456.6833333333334,0.4238896390642677
Quillayute winter steelhead 2024-25,2025-01-26,Unguided,263.1,456.6833333333334,0.5761103609357322
Quillayute winter steelhead 2024-25,2025-02-02,Guided,85.25,275.33333333333337,0.3096246973365617
Quillayute winter steelhead 2024-25,2025-02-02,Unguided,190.08333333333334,275.33333333333337,0.6903753026634382
Quillayute winter steelhead 2024-25,2025-02-09,Guided,206.11666666666667,354.26666666666665,0.5818121942039896
Quillayute winter steelhead 2024-25,2025-02-09,Unguided,148.15,354.26666666666665,0.41818780579601056
Quillayute winter steelhead 2024-25,2025-02-16,Guided,349.98333333333335,619.9833333333333,0.5645044221618861
Quillayute winter steelhead 2024-25,2025-02-16,Unguided,270,619.9833333333333,0.43549557783811393
Quillayute winter steelhead 2024-25,2025-02-23,Guided,262.56666666666666,488.01666666666665,0.5380280728117209
Quillayute winter steelhead 2024-25,2025-02-23,Unguided,225.45,488.01666666666665,0.46197192718827906
Quillayute winter steelhead 2024-25,2025-03-02,Guided,318.55,581.8666666666667,0.5474621906507792
Quillayute winter steelhead 2024-25,2025-03-02,Unguided,263.31666666666666,581.8666666666667,0.4525378093492209
Quillayute winter steelhead 2024-25,2025-03-09,Guided,655.0166666666667,821.3166666666666,0.7975202418880254
Quillayute winter steelhead 2024-25,2025-03-09,Unguided,166.3,821.3166666666666,0.20247975811197472
Quillayute winter steelhead 2024-25,2025-03-16,Guided,277.1166666666667,488.45000000000005,0.5673388610229637
Quillayute winter steelhead 2024-25,2025-03-16,Unguided,211.33333333333334,488.45000000000005,0.4326611389770362
Quillayute winter steelhead 2024-25,2025-03-23,Guided,326.85,487.15000000000003,0.6709432413014472
Quillayute winter steelhead 2024-25,2025-03-23,Unguided,160.3,487.15000000000003,0.32905675869855283
Quillayute winter steelhead 2024-25,2025-03-30,Guided,247.36666666666667,394.1666666666667,0.627568710359408
Quillayute winter steelhead 2024-25,2025-03-30,Unguided,146.8,394.1666666666667,0.37243128964059197
Quillayute winter steelhead 2025-26,2025-11-30,Guided,49.65,595.15,0.08342434680332689
Quillayute winter steelhead 2025-26,2025-11-30,Unguided,545.5,595.15,0.9165756531966731
Quillayute winter steelhead 2025-26,2025-12-07,Guided,2,258.9166666666667,0.007724493080141615
Quillayute winter steelhead 2025-26,2025-12-07,Unguided,256.9166666666667,258.9166666666667,0.9922755069198583
Quillayute winter steelhead 2025-26,2025-12-14,Guided,26.700000000000003,322.4833333333333,0.08279497648457286
Quillayute winter steelhead 2025-26,2025-12-14,Unguided,295.7833333333333,322.4833333333333,0.9172050235154272
Quillayute winter steelhead 2025-26,2025-12-21,Unguided,160.5,160.5,1
Quillayute winter steelhead 2025-26,2025-12-28,Guided,111.46666666666667,726.8166666666667,0.1533628379462955
Quillayute winter steelhead 2025-26,2025-12-28,Unguided,615.35,726.8166666666667,0.8466371620537044
Quillayute winter steelhead 2025-26,2026-01-04,Guided,87.06666666666666,503.84999999999997,0.17280275214184115
Quillayute winter steelhead 2025-26,2026-01-04,Unguided,416.7833333333333,503.84999999999997,0.8271972478581588
Quillayute winter steelhead 2025-26,2026-01-11,Guided,77.86666666666666,249.95,0.3115289724611589
Quillayute winter steelhead 2025-26,2026-01-11,Unguided,172.08333333333334,249.95,0.6884710275388412
Quillayute winter steelhead 2025-26,2026-01-18,Guided,238.56666666666666,637,0.3745159602302459
Quillayute winter steelhead 2025-26,2026-01-18,Unguided,398.43333333333334,637,0.6254840397697541
Quillayute winter steelhead 2025-26,2026-01-25,Guided,119.03333333333333,257.3833333333333,0.46247490772518296
Quillayute winter steelhead 2025-26,2026-01-25,Unguided,138.35,257.3833333333333,0.537525092274817
Quillayute winter steelhead 2025-26,2026-02-01,Guided,342.98333333333335,790.7333333333333,0.4337534777843352
Quillayute winter steelhead 2025-26,2026-02-01,Unguided,447.75,790.7333333333333,0.5662465222156647
Quillayute winter steelhead 2025-26,2026-02-08,Guided,261.6666666666667,742.8333333333334,0.35225487996410143
Quillayute winter steelhead 2025-26,2026-02-08,Unguided,481.1666666666667,742.8333333333334,0.6477451200358986
Quillayute winter steelhead 2025-26,2026-02-15,Guided,189.65,597.7833333333333,0.31725541584186023
Quillayute winter steelhead 2025-26,2026-02-15,Unguided,408.1333333333333,597.7833333333333,0.6827445841581398
Quillayute winter steelhead 2025-26,2026-02-22,Guided,586.4333333333333,1161.9166666666665,0.5047120418848168
Quillayute winter steelhead 2025-26,2026-02-22,Unguided,575.4833333333333,1161.9166666666665,0.49528795811518334
Quillayute winter steelhead 2025-26,2026-03-01,Guided,345.1666666666667,829.0833333333334,0.41632324856769526
Quillayute winter steelhead 2025-26,2026-03-01,Unguided,483.9166666666667,829.0833333333334,0.5836767514323048
Quillayute winter steelhead 2025-26,2026-03-08,Guided,549.1666666666666,839.6666666666666,0.6540293767368003
Quillayute winter steelhead 2025-26,2026-03-08,Unguided,290.5,839.6666666666666,0.3459706232631997
Quillayute winter steelhead 2025-26,2026-03-15,Guided,317.4,760.1833333333334,0.4175308587840652
Quillayute winter steelhead 2025-26,2026-03-15,Unguided,442.78333333333336,760.1833333333334,0.5824691412159347
Quillayute winter steelhead 2025-26,2026-03-22,Guided,497.06666666666666,902.7166666666667,0.5506341967763971
Quillayute winter steelhead 2025-26,2026-03-22,Unguided,405.65,902.7166666666667,0.4493658032236028
Quillayute winter steelhead 2025-26,2026-03-29,Guided,170.05,421.43333333333334,0.4035039152099977
Quillayute winter steelhead 2025-26,2026-03-29,Unguided,251.38333333333333,421.43333333333334,0.5964960847900024
Quinault winter steelhead 2024-25,2025-02-23,Guided,10.5,25.066666666666666,0.41888297872340424
Quinault winter steelhead 2024-25,2025-02-23,Unguided,14.566666666666666,25.066666666666666,0.5811170212765957
Quinault winter steelhead 2024-25,2025-03-02,Guided,28.950000000000003,56.25,0.5146666666666667
Quinault winter steelhead 2024-25,2025-03-02,Unguided,27.3,56.25,0.48533333333333334
Quinault winter steelhead 2024-25,2025-03-09,Guided,56.416666666666664,95.41666666666666,0.5912663755458516
Quinault winter steelhead 2024-25,2025-03-09,Unguided,39,95.41666666666666,0.4087336244541485
Quinault winter steelhead 2024-25,2025-03-16,Guided,17.5,113.14999999999999,0.15466195315952277
Quinault winter steelhead 2024-25,2025-03-16,Unguided,95.64999999999999,113.14999999999999,0.8453380468404772
Quinault winter steelhead 2024-25,2025-03-23,Guided,15,76.73333333333333,0.19548218940052128
Quinault winter steelhead 2024-25,2025-03-23,Unguided,61.733333333333334,76.73333333333333,0.8045178105994787
Quinault winter steelhead 2024-25,2025-03-30,Unguided,51.31666666666667,51.31666666666667,1
Quinault winter steelhead 2025-26,2026-01-11,Unguided,21,21,1
Quinault winter steelhead 2025-26,2026-01-25,Unguided,2.8333333333333335,2.8333333333333335,1
Quinault winter steelhead 2025-26,2026-02-01,Unguided,44.03333333333333,44.03333333333333,1
Quinault winter steelhead 2025-26,2026-02-15,Unguided,6.666666666666667,6.666666666666667,1
Quinault winter steelhead 2025-26,2026-02-22,Unguided,12,12,1
Quinault winter steelhead 2025-26,2026-03-01,Unguided,35.36666666666667,35.36666666666667,1
Quinault winter steelhead 2025-26,2026-03-08,Unguided,32.833333333333336,32.833333333333336,1
Quinault winter steelhead 2025-26,2026-03-15,Unguided,26.316666666666666,26.316666666666666,1
Quinault winter steelhead 2025-26,2026-03-22,Unguided,23.25,23.25,1
Quinault winter steelhead 2025-26,2026-03-29,Unguided,0.5,0.5,1
Satsop salmon 2022,2022-09-25,Unguided,171.23333333333335,171.23333333333335,1
Satsop salmon 2022,2022-10-02,Unguided,284.2,284.2,1
Satsop salmon 2022,2022-10-23,Unguided,192.70000000000002,192.70000000000002,1
Satsop salmon 2022,2022-10-30,Unguided,320.9166666666667,320.9166666666667,1
Satsop salmon 2022,2022-11-06,Guided,65.83333333333334,395.25,0.16656124815517606
Satsop salmon 2022,2022-11-06,Unguided,329.4166666666667,395.25,0.833438751844824
Satsop salmon 2022,2022-11-13,Unguided,729.2333333333333,729.2333333333333,1
Satsop salmon 2022,2022-11-20,Unguided,449.35,449.35,1
Satsop salmon 2022,2022-11-27,Guided,27.5,244.36666666666667,0.11253580684763334
Satsop salmon 2022,2022-11-27,Unguided,216.86666666666667,244.36666666666667,0.8874641931523667
Satsop salmon 2022,2022-12-04,Unguided,88.63333333333334,88.63333333333334,1
Satsop salmon 2022,2022-12-11,Unguided,68.83333333333333,68.83333333333333,1
Satsop salmon 2023,2023-10-01,Unguided,349.05,349.05,1
Satsop salmon 2023,2023-10-08,Unguided,259.8833333333333,259.8833333333333,1
Satsop salmon 2023,2023-10-15,Guided,31.65,338.96666666666664,0.0933720129806274
Satsop salmon 2023,2023-10-15,Unguided,307.31666666666666,338.96666666666664,0.9066279870193726
Satsop salmon 2023,2023-10-22,Unguided,343.18333333333334,343.18333333333334,1
Satsop salmon 2023,2023-10-29,Unguided,436.15,436.15,1
Satsop salmon 2023,2023-11-05,Guided,16.866666666666667,248.25,0.06794226250419604
Satsop salmon 2023,2023-11-05,Unguided,231.38333333333333,248.25,0.9320577374958039
Satsop salmon 2023,2023-11-12,Guided,109.2,577.45,0.18910728201575894
Satsop salmon 2023,2023-11-12,Unguided,468.25,577.45,0.810892717984241
Satsop salmon 2023,2023-11-19,Unguided,178.68333333333334,178.68333333333334,1
Satsop salmon 2023,2023-11-26,Unguided,204.81666666666666,204.81666666666666,1
Satsop salmon 2024,2024-09-29,Guided,15.566666666666666,627.5833333333334,0.02480414287611207
Satsop salmon 2024,2024-09-29,Unguided,612.0166666666667,627.5833333333334,0.9751958571238879
Satsop salmon 2024,2024-10-06,Guided,27.733333333333334,736.7,0.03764535541378218
Satsop salmon 2024,2024-10-06,Unguided,708.9666666666667,736.7,0.9623546445862178
Satsop salmon 2024,2024-10-13,Unguided,533.4,533.4,1
Satsop salmon 2024,2024-10-20,Unguided,512.0166666666667,512.0166666666667,1
Satsop salmon 2024,2024-10-27,Unguided,218.56666666666666,218.56666666666666,1
Satsop salmon 2024,2024-11-03,Guided,106.78333333333333,700.9166666666666,0.15234811556295327
Satsop salmon 2024,2024-11-03,Unguided,594.1333333333333,700.9166666666666,0.8476518844370468
Satsop salmon 2024,2024-11-10,Unguided,122.85,122.85,1
Satsop salmon 2024,2024-11-17,Guided,23.650000000000002,312.26666666666665,0.07573654995730146
Satsop salmon 2024,2024-11-17,Unguided,288.6166666666667,312.26666666666665,0.9242634500426986
Satsop salmon 2024,2024-11-24,Guided,21.450000000000003,311.06666666666666,0.06895627946849552
Satsop salmon 2024,2024-11-24,Unguided,289.6166666666667,311.06666666666666,0.9310437205315045
Satsop salmon 2024,2024-12-01,Guided,41.349999999999994,156.35,0.26447073872721455
Satsop salmon 2024,2024-12-01,Unguided,115,156.35,0.7355292612727854
Satsop salmon 2024,2024-12-08,Unguided,80.08333333333333,80.08333333333333,1
Satsop salmon 2024,2024-12-15,Unguided,45.28333333333333,45.28333333333333,1
Satsop salmon 2024,2024-12-22,Unguided,10.583333333333332,10.583333333333332,1
Satsop salmon 2024,2024-12-29,Unguided,4.4,4.4,1
Satsop salmon 2025,2025-09-28,Guided,70.66666666666666,444.15,0.15910540733235767
Satsop salmon 2025,2025-09-28,Unguided,373.48333333333335,444.15,0.8408945926676424
Satsop salmon 2025,2025-10-05,Guided,35.36666666666667,244.01666666666668,0.14493545522846799
Satsop salmon 2025,2025-10-05,Unguided,208.65,244.01666666666668,0.8550645447715319
Satsop salmon 2025,2025-10-12,Guided,15.033333333333333,205.95,0.07299506352674598
Satsop salmon 2025,2025-10-12,Unguided,190.91666666666666,205.95,0.927004936473254
Satsop salmon 2025,2025-10-19,Guided,17.700000000000003,158.63333333333333,0.11157806261819712
Satsop salmon 2025,2025-10-19,Unguided,140.93333333333334,158.63333333333333,0.888421937381803
Satsop salmon 2025,2025-10-26,Guided,25.15,277.25,0.09071235347159602
Satsop salmon 2025,2025-10-26,Unguided,252.1,277.25,0.909287646528404
Satsop salmon 2025,2025-11-02,Guided,65.60000000000001,192.08333333333334,0.3415184381778742
Satsop salmon 2025,2025-11-02,Unguided,126.48333333333333,192.08333333333334,0.6584815618221258
Satsop salmon 2025,2025-11-09,Guided,64.66666666666667,405.45000000000005,0.15949356681876103
Satsop salmon 2025,2025-11-09,Unguided,340.78333333333336,405.45000000000005,0.840506433181239
Satsop salmon 2025,2025-11-16,Guided,42.3,626,0.06757188498402555
Satsop salmon 2025,2025-11-16,Unguided,583.7,626,0.9324281150159746
Satsop salmon 2025,2025-11-23,Unguided,307.46666666666664,307.46666666666664,1
Satsop salmon 2025,2025-11-30,Guided,15.75,54.28333333333333,0.29014430457476204
Satsop salmon 2025,2025-11-30,Unguided,38.53333333333333,54.28333333333333,0.709855695425238
Satsop salmon 2025,2025-12-07,Unguided,25.45,25.45,1
Satsop salmon 2025,2025-12-14,Unguided,47.63333333333333,47.63333333333333,1
Satsop salmon 2025,2025-12-21,Unguided,20.833333333333332,20.833333333333332,1
Satsop salmon 2025,2025-12-28,Unguided,29.05,29.05,1
Satsop winter steelhead 2024-25,2024-10-27,Unguided,14.966666666666667,14.966666666666667,1
Satsop winter steelhead 2024-25,2024-11-03,Guided,106.78333333333333,700.9166666666666,0.15234811556295327
Satsop winter steelhead 2024-25,2024-11-03,Unguided,594.1333333333333,700.9166666666666,0.8476518844370468
Satsop winter steelhead 2024-25,2024-11-10,Unguided,122.85,122.85,1
Satsop winter steelhead 2024-25,2024-11-17,Guided,23.650000000000002,312.26666666666665,0.07573654995730146
Satsop winter steelhead 2024-25,2024-11-17,Unguided,288.6166666666667,312.26666666666665,0.9242634500426986
Satsop winter steelhead 2024-25,2024-11-24,Guided,21.450000000000003,311.06666666666666,0.06895627946849552
Satsop winter steelhead 2024-25,2024-11-24,Unguided,289.6166666666667,311.06666666666666,0.9310437205315045
Satsop winter steelhead 2024-25,2024-12-01,Guided,41.349999999999994,156.35,0.26447073872721455
Satsop winter steelhead 2024-25,2024-12-01,Unguided,115,156.35,0.7355292612727854
Satsop winter steelhead 2024-25,2024-12-08,Unguided,80.08333333333333,80.08333333333333,1
Satsop winter steelhead 2024-25,2024-12-15,Unguided,45.28333333333333,45.28333333333333,1
Satsop winter steelhead 2024-25,2024-12-22,Unguided,10.583333333333332,10.583333333333332,1
Satsop winter steelhead 2024-25,2024-12-29,Unguided,14.25,14.25,1
Satsop winter steelhead 2024-25,2025-01-05,Unguided,68.43333333333334,68.43333333333334,1
Satsop winter steelhead 2024-25,2025-01-12,Guided,18.299999999999997,156.26666666666665,0.1171075085324232
Satsop winter steelhead 2024-25,2025-01-12,Unguided,137.96666666666667,156.26666666666665,0.8828924914675769
Satsop winter steelhead 2024-25,2025-01-19,Unguided,115.4,115.4,1
Satsop winter steelhead 2024-25,2025-01-26,Unguided,129.11666666666667,129.11666666666667,1
Satsop winter steelhead 2024-25,2025-02-02,Guided,29.566666666666666,436.73333333333335,0.06769958784918333
Satsop winter steelhead 2024-25,2025-02-02,Unguided,407.1666666666667,436.73333333333335,0.9323004121508167
Satsop winter steelhead 2024-25,2025-02-09,Unguided,122.03333333333333,122.03333333333333,1
Satsop winter steelhead 2024-25,2025-02-16,Guided,23.5,264.4666666666667,0.08885807915301235
Satsop winter steelhead 2024-25,2025-02-16,Unguided,240.96666666666667,264.4666666666667,0.9111419208469875
Satsop winter steelhead 2024-25,2025-02-23,Unguided,54.45,54.45,1
Satsop winter steelhead 2025-26,2025-11-30,Guided,15.75,54.28333333333333,0.29014430457476204
Satsop winter steelhead 2025-26,2025-11-30,Unguided,38.53333333333333,54.28333333333333,0.709855695425238
Satsop winter steelhead 2025-26,2025-12-07,Unguided,25.45,25.45,1
Satsop winter steelhead 2025-26,2025-12-14,Unguided,47.63333333333333,47.63333333333333,1
Satsop winter steelhead 2025-26,2025-12-21,Unguided,20.833333333333332,20.833333333333332,1
Satsop winter steelhead 2025-26,2025-12-28,Unguided,110.68333333333334,110.68333333333334,1
Satsop winter steelhead 2025-26,2026-01-04,Unguided,109.81666666666666,109.81666666666666,1
Satsop winter steelhead 2025-26,2026-01-11,Guided,41.9,115.31666666666666,0.3633473045237751
Satsop winter steelhead 2025-26,2026-01-11,Unguided,73.41666666666667,115.31666666666666,0.6366526954762249
Satsop winter steelhead 2025-26,2026-01-18,Guided,21.2,88.66666666666667,0.23909774436090223
Satsop winter steelhead 2025-26,2026-01-18,Unguided,67.46666666666667,88.66666666666667,0.7609022556390977
Satsop winter steelhead 2025-26,2026-01-25,Unguided,67.43333333333334,67.43333333333334,1
Satsop winter steelhead 2025-26,2026-02-01,Guided,74.01666666666667,309.05,0.23949738445774685
Satsop winter steelhead 2025-26,2026-02-01,Unguided,235.03333333333333,309.05,0.7605026155422531
Satsop winter steelhead 2025-26,2026-02-08,Guided,117.96666666666667,292.58333333333337,0.40318997436627735
Satsop winter steelhead 2025-26,2026-02-08,Unguided,174.61666666666667,292.58333333333337,0.5968100256337225
Satsop winter steelhead 2025-26,2026-02-15,Unguided,108.91666666666667,108.91666666666667,1
Skagit fall salmon 2021,2021-08-15,Unguided,175.55,175.55,1
Skagit fall salmon 2021,2021-08-22,Unguided,659.8333333333334,659.8333333333334,1
Skagit fall salmon 2021,2021-08-29,Unguided,839.6666666666666,839.6666666666666,1
Skagit fall salmon 2021,2021-09-05,Unguided,650.9833333333333,650.9833333333333,1
Skagit fall salmon 2021,2021-09-12,Unguided,649.85,649.85,1
Skagit fall salmon 2021,2021-09-19,Guided,31.933333333333334,552.8,0.05776652194886638
Skagit fall salmon 2021,2021-09-19,Unguided,520.8666666666667,552.8,0.9422334780511337
Skagit fall salmon 2021,2021-09-26,Guided,30.666666666666668,469.43333333333334,0.06532698998792871
Skagit fall salmon 2021,2021-09-26,Unguided,438.76666666666665,469.43333333333334,0.9346730100120713
Skagit fall salmon 2021,2021-10-03,Guided,30.666666666666668,375.1666666666667,0.08174144824522435
Skagit fall salmon 2021,2021-10-03,Unguided,344.5,375.1666666666667,0.9182585517547756
Skagit fall salmon 2021,2021-10-10,Guided,29.466666666666665,385.7333333333333,0.07639128931904597
Skagit fall salmon 2021,2021-10-10,Unguided,356.26666666666665,385.7333333333333,0.9236087106809541
Skagit fall salmon 2021,2021-10-17,Guided,72.25,418.0833333333333,0.17281243771177995
Skagit fall salmon 2021,2021-10-17,Unguided,345.8333333333333,418.0833333333333,0.82718756228822
Skagit fall salmon 2021,2021-10-24,Unguided,29.033333333333335,29.033333333333335,1
Skagit fall salmon 2021,2021-10-31,Unguided,173.48333333333332,173.48333333333332,1
Skagit fall salmon 2021,2021-11-07,Guided,30.46666666666667,177.95,0.17120914114451627
Skagit fall salmon 2021,2021-11-07,Unguided,147.48333333333332,177.95,0.8287908588554838
Skagit fall salmon 2021,2021-11-21,Unguided,8.533333333333333,8.533333333333333,1
Skagit fall salmon 2021,2021-11-28,Unguided,0.65,0.65,1
Skagit fall salmon 2021,2021-12-05,Unguided,94.76666666666667,94.76666666666667,1
Skagit fall salmon 2021,2021-12-12,Guided,9.4,84.83333333333334,0.11080550098231827
Skagit fall salmon 2021,2021-12-12,Unguided,75.43333333333334,84.83333333333334,0.8891944990176817
Skagit fall salmon 2021,2021-12-19,Unguided,82.86666666666667,82.86666666666667,1
Skagit fall salmon 2021,2021-12-26,Unguided,4.833333333333333,4.833333333333333,1
Skagit fall salmon 2022,2022-08-28,Guided,31.2,997.9000000000001,0.03126565788155125
Skagit fall salmon 2022,2022-08-28,Unguided,966.7,997.9000000000001,0.9687343421184487
Skagit fall salmon 2022,2022-09-04,Guided,22.55,1349.1499999999999,0.016714227476559318
Skagit fall salmon 2022,2022-09-04,Unguided,1326.6,1349.1499999999999,0.9832857725234407
Skagit fall salmon 2022,2022-09-11,Guided,121.89999999999999,1410.2333333333333,0.08643959628430282
Skagit fall salmon 2022,2022-09-11,Unguided,1288.3333333333333,1410.2333333333333,0.9135604037156971
Skagit fall salmon 2022,2022-09-18,Guided,108.8,1789.2,0.06080930024591996
Skagit fall salmon 2022,2022-09-18,Unguided,1680.4,1789.2,0.9391906997540801
Skagit fall salmon 2022,2022-09-25,Guided,55.1,1238.9166666666665,0.04447433914037802
Skagit fall salmon 2022,2022-09-25,Unguided,1183.8166666666666,1238.9166666666665,0.9555256608596221
Skagit fall salmon 2022,2022-10-02,Guided,177.58333333333334,1789.1833333333332,0.0992538495216626
Skagit fall salmon 2022,2022-10-02,Unguided,1611.6,1789.1833333333332,0.9007461504783375
Skagit fall salmon 2022,2022-10-09,Guided,159.1,1653.6333333333332,0.09621238081799674
Skagit fall salmon 2022,2022-10-09,Unguided,1494.5333333333333,1653.6333333333332,0.9037876191820033
Skagit fall salmon 2022,2022-10-16,Guided,328.93333333333334,1194.25,0.27543088409741123
Skagit fall salmon 2022,2022-10-16,Unguided,865.3166666666666,1194.25,0.7245691159025888
Skagit fall salmon 2022,2022-10-23,Guided,197.91666666666666,1137.55,0.17398502629921028
Skagit fall salmon 2022,2022-10-23,Unguided,939.6333333333333,1137.55,0.8260149737007897
Skagit fall salmon 2022,2022-10-30,Unguided,102.1,102.1,1
Skagit fall salmon 2022,2022-11-06,Guided,25.3,298.3833333333333,0.08479025861587444
Skagit fall salmon 2022,2022-11-06,Unguided,273.0833333333333,298.3833333333333,0.9152097413841255
Skagit fall salmon 2022,2022-11-13,Guided,89.01666666666667,587.7833333333333,0.15144469333938243
Skagit fall salmon 2022,2022-11-13,Unguided,498.76666666666665,587.7833333333333,0.8485553066606176
Skagit fall salmon 2022,2022-11-20,Guided,23.700000000000003,263.9666666666667,0.08978406364439954
Skagit fall salmon 2022,2022-11-20,Unguided,240.26666666666668,263.9666666666667,0.9102159363556004
Skagit fall salmon 2022,2022-11-27,Unguided,85.81666666666666,85.81666666666666,1
Skagit fall salmon 2023,2023-08-13,Unguided,615.6666666666666,615.6666666666666,1
Skagit fall salmon 2023,2023-08-20,Unguided,1514.8166666666666,1514.8166666666666,1
Skagit fall salmon 2023,2023-08-27,Guided,1.5833333333333333,2001.6333333333332,7.910206664557279e-4
Skagit fall salmon 2023,2023-08-27,Unguided,2000.05,2001.6333333333332,0.9992089793335444
Skagit fall salmon 2023,2023-09-03,Guided,34.3,1387.2,0.02472606689734717
Skagit fall salmon 2023,2023-09-03,Unguided,1352.9,1387.2,0.9752739331026529
Skagit fall salmon 2023,2023-09-10,Guided,52.86666666666667,2233.75,0.023667226263756762
Skagit fall salmon 2023,2023-09-10,Unguided,2180.883333333333,2233.75,0.9763327737362432
Skagit fall salmon 2023,2023-09-17,Guided,120.03333333333333,1935.4666666666667,0.06201777349131992
Skagit fall salmon 2023,2023-09-17,Unguided,1815.4333333333334,1935.4666666666667,0.9379822265086801
Skagit fall salmon 2023,2023-09-24,Guided,101.05000000000001,1522.85,0.0663558459467446
Skagit fall salmon 2023,2023-09-24,Unguided,1421.8,1522.85,0.9336441540532554
Skagit fall salmon 2023,2023-10-01,Guided,82.35000000000001,1363.8666666666666,0.0603798025222407
Skagit fall salmon 2023,2023-10-01,Unguided,1281.5166666666667,1363.8666666666666,0.9396201974777594
Skagit fall salmon 2023,2023-10-08,Guided,66.2,1373.9666666666667,0.04818166379582232
Skagit fall salmon 2023,2023-10-08,Unguided,1307.7666666666667,1373.9666666666667,0.9518183362041777
Skagit fall salmon 2023,2023-10-15,Guided,68.15,833.3,0.08178327133085325
Skagit fall salmon 2023,2023-10-15,Unguided,765.15,833.3,0.9182167286691468
Skagit fall salmon 2023,2023-10-22,Guided,267.3333333333333,1286.1666666666667,0.20785279253595954
Skagit fall salmon 2023,2023-10-22,Unguided,1018.8333333333334,1286.1666666666667,0.7921472074640404
Skagit fall salmon 2023,2023-10-29,Guided,46.66666666666667,376.31666666666666,0.1240090349439745
Skagit fall salmon 2023,2023-10-29,Unguided,329.65,376.31666666666666,0.8759909650560255
Skagit fall salmon 2023,2023-11-05,Guided,71.03333333333333,167.56666666666666,0.423910881241297
Skagit fall salmon 2023,2023-11-05,Unguided,96.53333333333333,167.56666666666666,0.5760891187587031
Skagit fall salmon 2023,2023-11-12,Guided,115.71666666666667,418.1,0.2767679183608387
Skagit fall salmon 2023,2023-11-12,Unguided,302.3833333333333,418.1,0.7232320816391612
Skagit fall salmon 2023,2023-11-19,Unguided,166.71666666666667,166.71666666666667,1
Skagit fall salmon 2023,2023-11-26,Guided,21.400000000000002,97.21666666666667,0.22012686439225101
Skagit fall salmon 2023,2023-11-26,Unguided,75.81666666666666,97.21666666666667,0.779873135607749
Skagit fall salmon 2024,2024-09-01,Unguided,1290.1166666666666,1290.1166666666666,1
Skagit fall salmon 2024,2024-09-08,Unguided,1630.5,1630.5,1
Skagit fall salmon 2024,2024-09-15,Unguided,1667.5,1667.5,1
Skagit fall salmon 2024,2024-09-22,Guided,24.666666666666668,775.8166666666666,0.03179445315688845
Skagit fall salmon 2024,2024-09-22,Unguided,751.15,775.8166666666666,0.9682055468431116
Skagit fall salmon 2024,2024-09-29,Guided,157.31666666666666,1624.5166666666667,0.0968390598229217
Skagit fall salmon 2024,2024-09-29,Unguided,1467.2,1624.5166666666667,0.9031609401770784
Skagit fall salmon 2024,2024-10-06,Guided,194.71666666666667,1182.8666666666666,0.16461421405624754
Skagit fall salmon 2024,2024-10-06,Unguided,988.15,1182.8666666666666,0.8353857859437526
Skagit fall salmon 2024,2024-10-13,Guided,112.46666666666667,887.5666666666667,0.12671348631088744
Skagit fall salmon 2024,2024-10-13,Unguided,775.1,887.5666666666667,0.8732865136891125
Skagit fall salmon 2024,2024-10-20,Guided,52.56666666666667,508.95,0.10328454006614927
Skagit fall salmon 2024,2024-10-20,Unguided,456.3833333333333,508.95,0.8967154599338507
Skagit fall salmon 2024,2024-10-27,Guided,43.7,475.7833333333333,0.09184853049357201
Skagit fall salmon 2024,2024-10-27,Unguided,432.0833333333333,475.7833333333333,0.908151469506428
Skagit fall salmon 2024,2024-11-03,Guided,64.45,524.3666666666667,0.1229101773568114
Skagit fall salmon 2024,2024-11-03,Unguided,459.9166666666667,524.3666666666667,0.8770898226431886
Skagit fall salmon 2024,2024-11-10,Guided,19.6,78.76666666666667,0.24883622513753706
Skagit fall salmon 2024,2024-11-10,Unguided,59.166666666666664,78.76666666666667,0.751163774862463
Skagit fall salmon 2024,2024-11-17,Guided,40.733333333333334,278.75,0.1461285500747384
Skagit fall salmon 2024,2024-11-17,Unguided,238.01666666666668,278.75,0.8538714499252616
Skagit fall salmon 2024,2024-11-24,Unguided,48.55,48.55,1
Skagit fall salmon 2025,2025-08-10,Unguided,320.15,320.15,1
Skagit fall salmon 2025,2025-08-17,Guided,14.933333333333334,849.1166666666666,0.0175869040375292
Skagit fall salmon 2025,2025-08-17,Unguided,834.1833333333333,849.1166666666666,0.9824130959624708
Skagit fall salmon 2025,2025-08-24,Guided,16.5,1561.3666666666666,0.010567665079737837
Skagit fall salmon 2025,2025-08-24,Unguided,1544.8666666666666,1561.3666666666666,0.9894323349202622
Skagit fall salmon 2025,2025-08-31,Unguided,1331.0833333333333,1331.0833333333333,1
Skagit fall salmon 2025,2025-09-07,Guided,2.7333333333333334,1571.9166666666667,0.0017388538408524624
Skagit fall salmon 2025,2025-09-07,Unguided,1569.1833333333334,1571.9166666666667,0.9982611461591475
Skagit fall salmon 2025,2025-09-14,Guided,63.6,1756.3833333333332,0.03621077403376256
Skagit fall salmon 2025,2025-09-14,Unguided,1692.7833333333333,1756.3833333333332,0.9637892259662375
Skagit fall salmon 2025,2025-09-21,Guided,165.31666666666666,2615.4666666666667,0.06320733075040783
Skagit fall salmon 2025,2025-09-21,Unguided,2450.15,2615.4666666666667,0.9367926692495921
Skagit fall salmon 2025,2025-09-28,Guided,109.86666666666666,1474.25,0.07452376914815442
Skagit fall salmon 2025,2025-09-28,Unguided,1364.3833333333334,1474.25,0.9254762308518456
Skagit fall salmon 2025,2025-10-05,Guided,237.21666666666667,1864.5333333333333,0.1272257580091533
Skagit fall salmon 2025,2025-10-05,Unguided,1627.3166666666666,1864.5333333333333,0.8727742419908466
Skagit fall salmon 2025,2025-10-12,Guided,321.3333333333333,1683.5333333333333,0.1908684116738605
Skagit fall salmon 2025,2025-10-12,Unguided,1362.2,1683.5333333333333,0.8091315883261395
Skagit fall salmon 2025,2025-10-19,Guided,141.35,1119.3833333333332,0.1262748834923991
Skagit fall salmon 2025,2025-10-19,Unguided,978.0333333333333,1119.3833333333332,0.873725116507601
Skagit fall salmon 2025,2025-10-26,Guided,93.36666666666667,447.3,0.20873388479022284
Skagit fall salmon 2025,2025-10-26,Unguided,353.93333333333334,447.3,0.7912661152097772
Skagit fall salmon 2025,2025-11-02,Guided,37.400000000000006,233.46666666666667,0.16019417475728157
Skagit fall salmon 2025,2025-11-02,Unguided,196.06666666666666,233.46666666666667,0.8398058252427184
Skagit fall salmon 2025,2025-11-09,Guided,208.83333333333334,534,0.3910736579275905
Skagit fall salmon 2025,2025-11-09,Unguided,325.1666666666667,534,0.6089263420724095
Skagit fall salmon 2025,2025-11-16,Guided,39.166666666666664,95.33333333333333,0.41083916083916083
Skagit fall salmon 2025,2025-11-16,Unguided,56.166666666666664,95.33333333333333,0.5891608391608392
Skagit spring Chinook 2021 lower,2021-05-16,Unguided,137.9,137.9,1
Skagit spring Chinook 2021 lower,2021-05-23,Unguided,318.71666666666664,318.71666666666664,1
Skagit spring Chinook 2021 lower,2021-05-30,Unguided,49.416666666666664,49.416666666666664,1
Skagit spring Chinook 2022 lower,2022-05-01,Unguided,183.75,183.75,1
Skagit spring Chinook 2022 lower,2022-05-08,Unguided,296.31666666666666,296.31666666666666,1
Skagit spring Chinook 2022 lower,2022-05-15,Unguided,444.85,444.85,1
Skagit spring Chinook 2022 lower,2022-05-22,Unguided,314.96666666666664,314.96666666666664,1
Skagit spring Chinook 2022 lower,2022-05-29,Unguided,65.28333333333333,65.28333333333333,1
Skagit spring Chinook 2022 upper,2022-05-29,Guided,33.266666666666666,140.38333333333333,0.23697020064110175
Skagit spring Chinook 2022 upper,2022-05-29,Unguided,107.11666666666667,140.38333333333333,0.7630297993588984
Skagit spring Chinook 2022 upper,2022-06-05,Guided,41.41666666666667,148.96666666666667,0.2780264041172522
Skagit spring Chinook 2022 upper,2022-06-05,Unguided,107.55,148.96666666666667,0.7219735958827478
Skagit spring Chinook 2022 upper,2022-06-12,Guided,146.46666666666667,234.43333333333334,0.6247689463955638
Skagit spring Chinook 2022 upper,2022-06-12,Unguided,87.96666666666667,234.43333333333334,0.3752310536044362
Skagit spring Chinook 2022 upper,2022-06-19,Guided,74.05,180.81666666666666,0.4095308323347774
Skagit spring Chinook 2022 upper,2022-06-19,Unguided,106.76666666666667,180.81666666666666,0.5904691676652226
Skagit spring Chinook 2022 upper,2022-06-26,Unguided,36.43333333333334,36.43333333333334,1
Skagit spring Chinook 2022 upper,2022-07-03,Unguided,11.85,11.85,1
Skagit spring Chinook 2022 upper,2022-07-10,Unguided,32.983333333333334,32.983333333333334,1
Skagit spring Chinook 2023 lower,2023-04-30,Unguided,153.55,153.55,1
Skagit spring Chinook 2023 lower,2023-05-07,Unguided,489.0833333333333,489.0833333333333,1
Skagit spring Chinook 2023 lower,2023-05-14,Unguided,107.53333333333333,107.53333333333333,1
Skagit spring Chinook 2023 lower,2023-05-21,Unguided,162.4,162.4,1
Skagit spring Chinook 2023 lower,2023-05-28,Unguided,53.35,53.35,1
Skagit spring Chinook 2023 upper,2023-05-28,Unguided,136,136,1
Skagit spring Chinook 2023 upper,2023-06-04,Unguided,94.63333333333334,94.63333333333334,1
Skagit spring Chinook 2023 upper,2023-06-11,Guided,169.2,432.1333333333333,0.3915458191916075
Skagit spring Chinook 2023 upper,2023-06-11,Unguided,262.93333333333334,432.1333333333333,0.6084541808083925
Skagit spring Chinook 2023 upper,2023-06-18,Guided,50.2,185.05,0.2712780329640638
Skagit spring Chinook 2023 upper,2023-06-18,Unguided,134.85,185.05,0.7287219670359362
Skagit spring Chinook 2023 upper,2023-06-25,Guided,2.6,78.21666666666665,0.033240997229916906
Skagit spring Chinook 2023 upper,2023-06-25,Unguided,75.61666666666666,78.21666666666665,0.9667590027700832
Skagit spring Chinook 2023 upper,2023-07-02,Guided,16.8,76.31666666666666,0.22013540074252022
Skagit spring Chinook 2023 upper,2023-07-02,Unguided,59.516666666666666,76.31666666666666,0.7798645992574799
Skagit spring Chinook 2023 upper,2023-07-09,Guided,24.25,77.75,0.31189710610932475
Skagit spring Chinook 2023 upper,2023-07-09,Unguided,53.5,77.75,0.6881028938906752
Skagit spring Chinook 2024 lower,2024-04-21,Unguided,191.41666666666666,191.41666666666666,1
Skagit spring Chinook 2024 lower,2024-04-28,Unguided,545.0166666666667,545.0166666666667,1
Skagit spring Chinook 2024 lower,2024-05-05,Unguided,481.7166666666667,481.7166666666667,1
Skagit spring Chinook 2024 lower,2024-05-12,Unguided,225.96666666666667,225.96666666666667,1
Skagit spring Chinook 2024 lower,2024-05-19,Unguided,164.31666666666666,164.31666666666666,1
Skagit spring Chinook 2024 lower,2024-05-26,Unguided,189.91666666666666,189.91666666666666,1
Skagit spring Chinook 2024 upper,2024-05-26,Guided,42.08333333333333,336.81666666666666,0.12494433173338611
Skagit spring Chinook 2024 upper,2024-05-26,Unguided,294.73333333333335,336.81666666666666,0.875055668266614
Skagit spring Chinook 2024 upper,2024-06-02,Guided,70.33333333333334,700.5833333333334,0.10039253003449507
Skagit spring Chinook 2024 upper,2024-06-02,Unguided,630.25,700.5833333333334,0.8996074699655049
Skagit spring Chinook 2024 upper,2024-06-09,Guided,129.93333333333334,872.75,0.14887806741143894
Skagit spring Chinook 2024 upper,2024-06-09,Unguided,742.8166666666667,872.75,0.8511219325885612
Skagit spring Chinook 2024 upper,2024-06-16,Unguided,47.55,47.55,1
Skagit spring Chinook 2024 upper,2024-06-23,Unguided,299.56666666666666,299.56666666666666,1
Skagit spring Chinook 2024 upper,2024-06-30,Unguided,131.3,131.3,1
Skagit spring Chinook 2024 upper,2024-07-07,Unguided,147.21666666666667,147.21666666666667,1
Skagit spring Chinook 2024 upper,2024-07-14,Guided,27.1,77.28333333333333,0.350657752857451
Skagit spring Chinook 2024 upper,2024-07-14,Unguided,50.18333333333333,77.28333333333333,0.6493422471425491
Skagit spring Chinook 2025 lower,2025-04-20,Unguided,164.6,164.6,1
Skagit spring Chinook 2025 lower,2025-04-27,Unguided,289.95,289.95,1
Skagit spring Chinook 2025 lower,2025-05-04,Unguided,243.76666666666668,243.76666666666668,1
Skagit spring Chinook 2025 lower,2025-05-11,Unguided,121,121,1
Skagit spring Chinook 2025 lower,2025-05-18,Unguided,82.96666666666667,82.96666666666667,1
Skagit spring Chinook 2025 lower,2025-05-25,Guided,4.5,25.833333333333332,0.17419354838709677
Skagit spring Chinook 2025 lower,2025-05-25,Unguided,21.333333333333332,25.833333333333332,0.8258064516129032
Skagit spring Chinook 2025 upper,2025-05-25,Guided,170.06666666666666,969.1666666666667,0.17547721410146172
Skagit spring Chinook 2025 upper,2025-05-25,Unguided,799.1,969.1666666666667,0.8245227858985382
Skagit spring Chinook 2025 upper,2025-06-01,Guided,115.66666666666667,1134.9333333333334,0.10191494360902255
Skagit spring Chinook 2025 upper,2025-06-01,Unguided,1019.2666666666667,1134.9333333333334,0.8980850563909774
Skagit spring Chinook 2025 upper,2025-06-08,Guided,28.6,495.40000000000003,0.05773112636253532
Skagit spring Chinook 2025 upper,2025-06-08,Unguided,466.8,495.40000000000003,0.9422688736374646
Skagit spring Chinook 2025 upper,2025-06-15,Unguided,213.61666666666667,213.61666666666667,1
Skagit spring Chinook 2025 upper,2025-06-22,Unguided,258.6666666666667,258.6666666666667,1
Skagit spring Chinook 2025 upper,2025-06-29,Unguided,94.51666666666667,94.51666666666667,1
Skagit spring Chinook 2025 upper,2025-07-06,Unguided,110.23333333333333,110.23333333333333,1
Skagit spring Chinook 2025 upper,2025-07-13,Unguided,27.883333333333333,27.883333333333333,1
Skagit spring Chinook 2026 lower,2026-04-19,Guided,22.933333333333334,642.1333333333333,0.03571428571428571
Skagit spring Chinook 2026 lower,2026-04-19,Unguided,619.2,642.1333333333333,0.9642857142857144
Skagit spring Chinook 2026 lower,2026-04-26,Unguided,471.3833333333333,471.3833333333333,1
Skagit spring Chinook 2026 lower,2026-05-03,Unguided,311.06666666666666,311.06666666666666,1
Skagit spring Chinook 2026 lower,2026-05-10,Unguided,102.41666666666667,102.41666666666667,1
Skagit spring Chinook 2026 upper,2026-05-10,Guided,95.55,322.43333333333334,0.2963403287501292
Skagit spring Chinook 2026 upper,2026-05-10,Unguided,226.88333333333333,322.43333333333334,0.7036596712498707
Skagit spring Chinook 2026 upper,2026-05-17,Guided,63.21666666666667,679.7333333333333,0.09300215770890545
Skagit spring Chinook 2026 upper,2026-05-17,Unguided,616.5166666666667,679.7333333333333,0.9069978422910945
Skagit spring Chinook 2026 upper,2026-05-24,Unguided,300.26666666666665,300.26666666666665,1
Skagit spring Chinook 2026 upper,2026-05-31,Guided,39.166666666666664,362.23333333333335,0.10812551762215881
Skagit spring Chinook 2026 upper,2026-05-31,Unguided,323.06666666666666,362.23333333333335,0.8918744823778412
Skagit spring Chinook 2026 upper,2026-06-07,Guided,142.06666666666666,502.01666666666665,0.2829919325387603
Skagit spring Chinook 2026 upper,2026-06-07,Unguided,359.95,502.01666666666665,0.7170080674612397
Skagit spring Chinook 2026 upper,2026-06-14,Guided,12,127.61666666666667,0.09403160506725872
Skagit spring Chinook 2026 upper,2026-06-14,Unguided,115.61666666666667,127.61666666666667,0.9059683949327413
Skagit spring Chinook 2026 upper,2026-06-21,Unguided,110.88333333333334,110.88333333333334,1
Skagit spring Chinook 2026 upper,2026-06-28,Guided,9.3,61.400000000000006,0.1514657980456026
Skagit spring Chinook 2026 upper,2026-06-28,Unguided,52.1,61.400000000000006,0.8485342019543973
Skagit spring Chinook 2026 upper,2026-07-05,Unguided,82.43333333333334,82.43333333333334,1
Skagit spring Chinook 2026 upper,2026-07-12,Unguided,8.466666666666667,8.466666666666667,1
Skagit spring gamefish 2025,2025-04-20,Unguided,9.733333333333333,9.733333333333333,1
Skagit summer gamefish 2022,2022-07-10,Guided,12.366666666666667,12.366666666666667,1
Skagit summer gamefish 2022,2022-07-17,Unguided,54.8,54.8,1
Skagit summer gamefish 2022,2022-07-24,Unguided,33.05,33.05,1
Skagit summer gamefish 2022,2022-07-31,Unguided,61.11666666666667,61.11666666666667,1
Skagit summer gamefish 2022,2022-08-07,Unguided,67.06666666666666,67.06666666666666,1
Skagit summer gamefish 2022,2022-08-14,Guided,23.45,81.8,0.2866748166259169
Skagit summer gamefish 2022,2022-08-14,Unguided,58.35,81.8,0.7133251833740831
Skagit summer gamefish 2022,2022-08-21,Unguided,50.11666666666667,50.11666666666667,1
Skagit summer gamefish 2022,2022-08-28,Unguided,15.433333333333334,15.433333333333334,1
Skagit summer gamefish 2024,2024-08-18,Unguided,10.983333333333333,10.983333333333333,1
Skagit summer gamefish 2024,2024-08-25,Unguided,166.23333333333332,166.23333333333332,1
Skagit summer sockeye 2022,2022-06-12,Unguided,169.58333333333334,169.58333333333334,1
Skagit summer sockeye 2022,2022-06-19,Unguided,438.4166666666667,438.4166666666667,1
Skagit summer sockeye 2022,2022-06-26,Unguided,642.15,642.15,1
Skagit summer sockeye 2022,2022-07-03,Unguided,655.9,655.9,1
Skagit summer sockeye 2022,2022-07-10,Unguided,748.75,748.75,1
Skagit summer sockeye 2022,2022-07-17,Unguided,134.08333333333334,134.08333333333334,1
Skagit summer sockeye 2022,2022-07-24,Unguided,235.5,235.5,1
Skagit summer sockeye 2023,2023-06-11,Unguided,50.5,50.5,1
Skagit summer sockeye 2023,2023-06-18,Unguided,355.95,355.95,1
Skagit summer sockeye 2023,2023-06-25,Guided,124.48333333333333,479.85,0.2594213469486992
Skagit summer sockeye 2023,2023-06-25,Unguided,355.3666666666667,479.85,0.7405786530513008
Skagit summer sockeye 2023,2023-07-02,Unguided,312.65,312.65,1
Skagit summer sockeye 2023,2023-07-09,Guided,36.4,322.4,0.11290322580645161
Skagit summer sockeye 2023,2023-07-09,Unguided,286,322.4,0.8870967741935485
Skagit summer sockeye 2024,2024-06-16,Unguided,764.7166666666667,764.7166666666667,1
Skagit summer sockeye 2024,2024-06-23,Guided,86.86666666666667,961.4833333333333,0.09034651320009014
Skagit summer sockeye 2024,2024-06-23,Unguided,874.6166666666667,961.4833333333333,0.9096534867999099
Skagit summer sockeye 2024,2024-06-30,Guided,28,700.8333333333334,0.03995243757431629
Skagit summer sockeye 2024,2024-06-30,Unguided,672.8333333333334,700.8333333333334,0.9600475624256837
Skagit summer sockeye 2024,2024-07-07,Guided,8.266666666666667,498.8666666666667,0.016570894026459976
Skagit summer sockeye 2024,2024-07-07,Unguided,490.6,498.8666666666667,0.98342910597354
Skagit summer sockeye 2024,2024-07-14,Guided,13.433333333333334,513.6999999999999,0.026150152488482258
Skagit summer sockeye 2024,2024-07-14,Unguided,500.26666666666665,513.6999999999999,0.9738498475115178
Skagit summer sockeye 2024,2024-07-21,Unguided,360.5833333333333,360.5833333333333,1
Skagit summer sockeye 2024,2024-07-28,Unguided,209.75,209.75,1
Skagit summer sockeye 2025,2025-06-15,Guided,36.93333333333333,747.8333333333333,0.049387118341876535
Skagit summer sockeye 2025,2025-06-15,Unguided,710.9,747.8333333333333,0.9506128816581235
Skagit summer sockeye 2025,2025-06-22,Guided,15,1083.3666666666666,0.01384572782375927
Skagit summer sockeye 2025,2025-06-22,Unguided,1068.3666666666666,1083.3666666666666,0.9861542721762407
Skagit summer sockeye 2025,2025-06-29,Unguided,823.3666666666667,823.3666666666667,1
Skagit summer sockeye 2025,2025-07-06,Unguided,872.8666666666667,872.8666666666667,1
Skagit summer sockeye 2025,2025-07-13,Unguided,430.7,430.7,1
Skagit summer sockeye 2025,2025-07-20,Unguided,214.05,214.05,1
Skagit summer sockeye 2025,2025-07-27,Unguided,96.93333333333334,96.93333333333334,1
Skagit summer sockeye 2026,2026-06-14,Guided,54.45,556.3333333333334,0.09787297783103655
Skagit summer sockeye 2026,2026-06-14,Unguided,501.8833333333333,556.3333333333334,0.9021270221689633
Skagit summer sockeye 2026,2026-06-21,Guided,91.06666666666666,906.0999999999999,0.10050399146525403
Skagit summer sockeye 2026,2026-06-21,Unguided,815.0333333333333,906.0999999999999,0.899496008534746
Skagit summer sockeye 2026,2026-06-28,Guided,53.33333333333333,513.8166666666667,0.10379837166304452
Skagit summer sockeye 2026,2026-06-28,Unguided,460.48333333333335,513.8166666666667,0.8962016283369554
Skagit summer sockeye 2026,2026-07-05,Guided,57.86666666666667,829.9333333333334,0.06972447586151498
Skagit summer sockeye 2026,2026-07-05,Unguided,772.0666666666667,829.9333333333334,0.930275524138485
Skagit summer sockeye 2026,2026-07-12,Guided,26.6,534.0333333333333,0.049809624867361596
Skagit summer sockeye 2026,2026-07-12,Unguided,507.43333333333334,534.0333333333333,0.9501903751326385
Skagit summer sockeye 2026,2026-07-19,Unguided,260.43333333333334,260.43333333333334,1
Skagit summer sockeye 2026,2026-07-26,Unguided,129.53333333333333,129.53333333333333,1
Skagit winter gamefish 2021-22,2021-12-26,Unguided,59.05,59.05,1
Skagit winter gamefish 2021-22,2022-01-02,Unguided,85.18333333333334,85.18333333333334,1
Skagit winter gamefish 2021-22,2022-01-09,Unguided,101.01666666666667,101.01666666666667,1
Skagit winter gamefish 2021-22,2022-01-16,Guided,16.3,250.55,0.0650568748752744
Skagit winter gamefish 2021-22,2022-01-16,Unguided,234.25,250.55,0.9349431251247255
Skagit winter gamefish 2021-22,2022-01-23,Guided,79.68333333333334,482.65,0.16509547981629202
Skagit winter gamefish 2021-22,2022-01-23,Unguided,402.96666666666664,482.65,0.834904520183708
Skagit winter gamefish 2021-22,2022-01-30,Unguided,181.63333333333333,181.63333333333333,1
Skagit winter gamefish 2022-23,2022-11-27,Unguided,1,1,1
Skagit winter gamefish 2022-23,2022-12-04,Unguided,19.733333333333334,19.733333333333334,1
Skagit winter gamefish 2022-23,2022-12-11,Unguided,50.13333333333333,50.13333333333333,1
Skagit winter gamefish 2022-23,2022-12-25,Unguided,25.2,25.2,1
Skagit winter gamefish 2022-23,2023-01-01,Unguided,83.86666666666666,83.86666666666666,1
Skagit winter gamefish 2022-23,2023-01-08,Unguided,281.59999999999997,281.59999999999997,1
Skagit winter gamefish 2022-23,2023-01-15,Unguided,347.6333333333333,347.6333333333333,1
Skagit winter gamefish 2022-23,2023-01-22,Guided,31.6,551.8333333333334,0.05726366656599215
Skagit winter gamefish 2022-23,2023-01-22,Unguided,520.2333333333333,551.8333333333334,0.9427363334340079
Skagit winter gamefish 2022-23,2023-01-29,Guided,18.95,593.7833333333334,0.03191399781064922
Skagit winter gamefish 2022-23,2023-01-29,Unguided,574.8333333333334,593.7833333333334,0.9680860021893507
Skagit winter gamefish 2024,2023-12-31,Unguided,86.38333333333334,86.38333333333334,1
Skagit winter gamefish 2024,2024-01-07,Unguided,21.65,21.65,1
Skagit winter gamefish 2024,2024-01-14,Unguided,73.2,73.2,1
Skagit winter gamefish 2024,2024-01-21,Guided,13.2,195.35,0.06757102636293831
Skagit winter gamefish 2024,2024-01-21,Unguided,182.15,195.35,0.9324289736370618
Skagit winter gamefish 2024,2024-01-28,Unguided,33,33,1
Skagit winter gamefish 2025,2024-12-29,Unguided,57.733333333333334,57.733333333333334,1
Skagit winter gamefish 2025,2025-01-05,Unguided,198.95,198.95,1
Skagit winter gamefish 2025,2025-01-12,Unguided,305.01666666666665,305.01666666666665,1
Skagit winter gamefish 2025,2025-01-19,Unguided,81.51666666666667,81.51666666666667,1
Skagit winter gamefish 2025,2025-01-26,Guided,16.466666666666665,77.08333333333333,0.21362162162162163
Skagit winter gamefish 2025,2025-01-26,Unguided,60.61666666666667,77.08333333333333,0.7863783783783784
Skagit winter steelhead 2021,2021-01-31,Guided,24.699999999999996,423.8833333333333,0.05827075059961467
Skagit winter steelhead 2021,2021-01-31,Unguided,399.18333333333334,423.8833333333333,0.9417292494003854
Skagit winter steelhead 2021,2021-02-07,Guided,99.18333333333334,500.01666666666665,0.19836005466484452
Skagit winter steelhead 2021,2021-02-07,Unguided,400.8333333333333,500.01666666666665,0.8016399453351555
Skagit winter steelhead 2021,2021-02-14,Guided,87.5,872.8333333333334,0.10024823372159633
Skagit winter steelhead 2021,2021-02-14,Unguided,785.3333333333334,872.8333333333334,0.8997517662784037
Skagit winter steelhead 2021,2021-02-21,Guided,134.91666666666666,1092.2333333333333,0.12352366710409862
Skagit winter steelhead 2021,2021-02-21,Unguided,957.3166666666667,1092.2333333333333,0.8764763328959014
Skagit winter steelhead 2021,2021-02-28,Guided,113.38333333333334,1756.5500000000002,0.06454887895780555
Skagit winter steelhead 2021,2021-02-28,Unguided,1643.1666666666667,1756.5500000000002,0.9354511210421944
Skagit winter steelhead 2021,2021-03-07,Guided,174.25,2011,0.08664843361511686
Skagit winter steelhead 2021,2021-03-07,Unguided,1836.75,2011,0.9133515663848831
Skagit winter steelhead 2021,2021-03-14,Guided,89.33333333333333,2030.2833333333333,0.04400042686981291
Skagit winter steelhead 2021,2021-03-14,Unguided,1940.95,2030.2833333333333,0.9559995731301871
Skagit winter steelhead 2021,2021-03-21,Guided,170.93333333333334,2196.5833333333335,0.0778178231344133
Skagit winter steelhead 2021,2021-03-21,Unguided,2025.65,2196.5833333333335,0.9221821768655867
Skagit winter steelhead 2021,2021-03-28,Guided,281.81666666666666,2515.133333333333,0.11204840034988205
Skagit winter steelhead 2021,2021-03-28,Unguided,2233.3166666666666,2515.133333333333,0.8879515996501179
Skagit winter steelhead 2021,2021-04-04,Guided,273.7,2260.7666666666664,0.12106512539993808
Skagit winter steelhead 2021,2021-04-04,Unguided,1987.0666666666666,2260.7666666666664,0.878934874600062
Skagit winter steelhead 2021,2021-04-11,Guided,187.53333333333333,1498.7333333333333,0.12512788577020595
Skagit winter steelhead 2021,2021-04-11,Unguided,1311.2,1498.7333333333333,0.874872114229794
Skagit winter steelhead 2023,2023-03-19,Unguided,756.7,756.7,1
Skagit winter steelhead 2023,2023-03-26,Guided,98.31666666666666,1525,0.06446994535519125
Skagit winter steelhead 2023,2023-03-26,Unguided,1426.6833333333334,1525,0.9355300546448088
Skagit winter steelhead 2023,2023-04-02,Guided,232.76666666666665,2464.083333333333,0.09446379654367751
Skagit winter steelhead 2023,2023-04-02,Unguided,2231.3166666666666,2464.083333333333,0.9055362034563226
Skagit winter steelhead 2023,2023-04-09,Guided,88.11666666666666,1119.2666666666667,0.07872714277205313
Skagit winter steelhead 2023,2023-04-09,Unguided,1031.15,1119.2666666666667,0.9212728572279469
Skagit winter steelhead 2023,2023-04-16,Guided,21.933333333333334,603.7666666666667,0.03632749958593276
Skagit winter steelhead 2023,2023-04-16,Unguided,581.8333333333334,603.7666666666667,0.9636725004140674
Skagit winter steelhead 2023,2023-04-23,Guided,131.25,1187.75,0.11050305198905494
Skagit winter steelhead 2023,2023-04-23,Unguided,1056.5,1187.75,0.889496948010945
Skagit winter steelhead 2023,2023-04-30,Unguided,196.68333333333334,196.68333333333334,1
Skagit winter steelhead 2024,2024-01-28,Unguided,97.75,97.75,1
Skagit winter steelhead 2024,2024-02-04,Guided,79.13333333333333,655.7,0.12068527273651566
Skagit winter steelhead 2024,2024-02-04,Unguided,576.5666666666667,655.7,0.8793147272634844
Skagit winter steelhead 2024,2024-02-11,Guided,97.6,1029.7,0.09478488880256385
Skagit winter steelhead 2024,2024-02-11,Unguided,932.1,1029.7,0.9052151111974361
Skagit winter steelhead 2024,2024-02-18,Guided,123.41666666666667,912.7833333333333,0.1352091588000073
Skagit winter steelhead 2024,2024-02-18,Unguided,789.3666666666667,912.7833333333333,0.8647908411999927
Skagit winter steelhead 2024,2024-02-25,Guided,150.95,824.4333333333334,0.1830954595075405
Skagit winter steelhead 2024,2024-02-25,Unguided,673.4833333333333,824.4333333333334,0.8169045404924594
Skagit winter steelhead 2024,2024-03-03,Guided,116.46666666666667,1022.5333333333334,0.11390011735558742
Skagit winter steelhead 2024,2024-03-03,Unguided,906.0666666666667,1022.5333333333334,0.8860998826444125
Skagit winter steelhead 2024,2024-03-10,Guided,289.45,1757.9,0.16465669264463278
Skagit winter steelhead 2024,2024-03-10,Unguided,1468.45,1757.9,0.8353433073553672
Skagit winter steelhead 2024,2024-03-17,Guided,221.6,1444.2166666666665,0.1534395808569813
Skagit winter steelhead 2024,2024-03-17,Unguided,1222.6166666666666,1444.2166666666665,0.8465604191430187
Skagit winter steelhead 2024,2024-03-24,Guided,351.76666666666665,1618.1666666666667,0.21738593057987432
Skagit winter steelhead 2024,2024-03-24,Unguided,1266.4,1618.1666666666667,0.7826140694201257
Skagit winter steelhead 2024,2024-03-31,Guided,218.23333333333335,1571.4333333333334,0.13887533674140382
Skagit winter steelhead 2024,2024-03-31,Unguided,1353.2,1571.4333333333334,0.8611246632585962
Skagit winter steelhead 2024,2024-04-07,Guided,254.9,1692.2,0.15063231296537052
Skagit winter steelhead 2024,2024-04-07,Unguided,1437.3,1692.2,0.8493676870346294
Skagit winter steelhead 2024,2024-04-14,Guided,192.58333333333334,1298.1833333333332,0.14834833292678232
Skagit winter steelhead 2024,2024-04-14,Unguided,1105.6,1298.1833333333332,0.8516516670732177
Skagit winter steelhead 2025,2025-01-26,Unguided,113.36666666666666,113.36666666666666,1
Skagit winter steelhead 2025,2025-02-02,Guided,10.233333333333333,373.95000000000005,0.02736551232339439
Skagit winter steelhead 2025,2025-02-02,Unguided,363.7166666666667,373.95000000000005,0.9726344876766055
Skagit winter steelhead 2025,2025-02-09,Guided,79.65,478.54999999999995,0.16644028837112113
Skagit winter steelhead 2025,2025-02-09,Unguided,398.9,478.54999999999995,0.833559711628879
Skagit winter steelhead 2025,2025-02-16,Guided,59.83333333333333,686.3666666666667,0.08717400806177455
Skagit winter steelhead 2025,2025-02-16,Unguided,626.5333333333333,686.3666666666667,0.9128259919382253
Skagit winter steelhead 2025,2025-02-23,Guided,80.36666666666666,658.1166666666667,0.12211613948894572
Skagit winter steelhead 2025,2025-02-23,Unguided,577.75,658.1166666666667,0.8778838605110543
Skagit winter steelhead 2025,2025-03-02,Guided,110.65,1486.5333333333335,0.07443492689927347
Skagit winter steelhead 2025,2025-03-02,Unguided,1375.8833333333334,1486.5333333333335,0.9255650731007264
Skagit winter steelhead 2025,2025-03-09,Guided,265.8,1923.95,0.13815327841160113
Skagit winter steelhead 2025,2025-03-09,Unguided,1658.15,1923.95,0.8618467215883989
Skagit winter steelhead 2025,2025-03-16,Guided,293.6,1742.8166666666666,0.1684629287838652
Skagit winter steelhead 2025,2025-03-16,Unguided,1449.2166666666667,1742.8166666666666,0.8315370712161348
Skagit winter steelhead 2025,2025-03-23,Guided,122.83333333333333,729.7,0.1683340185464346
Skagit winter steelhead 2025,2025-03-23,Unguided,606.8666666666667,729.7,0.8316659814535654
Skagit winter steelhead 2025,2025-03-30,Guided,188.98333333333332,1572.4,0.12018782328499956
Skagit winter steelhead 2025,2025-03-30,Unguided,1383.4166666666667,1572.4,0.8798121767150004
Skagit winter steelhead 2025,2025-04-06,Guided,250.68333333333334,1487.9666666666667,0.16847375613252985
Skagit winter steelhead 2025,2025-04-06,Unguided,1237.2833333333333,1487.9666666666667,0.8315262438674701
Skookumchuck winter steelhead 2024-25,2024-12-01,Unguided,24.4,24.4,1
Skookumchuck winter steelhead 2024-25,2024-12-08,Unguided,56.93333333333333,56.93333333333333,1
Skookumchuck winter steelhead 2024-25,2024-12-15,Unguided,94.33333333333333,94.33333333333333,1
Skookumchuck winter steelhead 2024-25,2024-12-22,Unguided,171.58333333333334,171.58333333333334,1
Skookumchuck winter steelhead 2024-25,2024-12-29,Unguided,315.05,315.05,1
Skookumchuck winter steelhead 2024-25,2025-01-05,Unguided,292.56666666666666,292.56666666666666,1
Skookumchuck winter steelhead 2024-25,2025-01-12,Unguided,272.51666666666665,272.51666666666665,1
Skookumchuck winter steelhead 2024-25,2025-01-19,Unguided,291.6,291.6,1
Skookumchuck winter steelhead 2024-25,2025-01-26,Unguided,106.61666666666666,106.61666666666666,1
Skookumchuck winter steelhead 2024-25,2025-02-02,Unguided,85.88333333333334,85.88333333333334,1
Skookumchuck winter steelhead 2024-25,2025-02-09,Unguided,96,96,1
Skookumchuck winter steelhead 2024-25,2025-02-16,Unguided,253.05,253.05,1
Skookumchuck winter steelhead 2024-25,2025-02-23,Unguided,160.81666666666666,160.81666666666666,1
Skookumchuck winter steelhead 2025-26,2025-11-30,Unguided,17.6,17.6,1
Skookumchuck winter steelhead 2025-26,2025-12-07,Unguided,3.1333333333333333,3.1333333333333333,1
Skookumchuck winter steelhead 2025-26,2025-12-14,Unguided,27.316666666666666,27.316666666666666,1
Skookumchuck winter steelhead 2025-26,2025-12-21,Unguided,75.01666666666667,75.01666666666667,1
Skookumchuck winter steelhead 2025-26,2025-12-28,Unguided,66.41666666666667,66.41666666666667,1
Skookumchuck winter steelhead 2025-26,2026-01-04,Unguided,43.88333333333333,43.88333333333333,1
Skookumchuck winter steelhead 2025-26,2026-01-11,Unguided,143.15,143.15,1
Skookumchuck winter steelhead 2025-26,2026-01-18,Unguided,265.5,265.5,1
Skookumchuck winter steelhead 2025-26,2026-01-25,Unguided,80.6,80.6,1
Skookumchuck winter steelhead 2025-26,2026-02-01,Unguided,311.4166666666667,311.4166666666667,1
Skookumchuck winter steelhead 2025-26,2026-02-08,Unguided,114.85,114.85,1
Skookumchuck winter steelhead 2025-26,2026-02-15,Unguided,50.25,50.25,1
Skykomish summer Chinook 2020,2020-05-24,Guided,18,225.8,0.07971656333038087
Skykomish summer Chinook 2020,2020-05-24,Unguided,207.8,225.8,0.9202834366696191
Skykomish summer Chinook 2020,2020-06-07,Guided,20.666666666666664,20.666666666666664,1
Skykomish summer Chinook 2020,2020-06-14,Guided,222.75,222.75,1
Skykomish summer Chinook 2020,2020-06-21,Guided,454.0833333333333,454.0833333333333,1
Skykomish summer Chinook 2020,2020-06-28,Guided,216.5,256.25,0.8448780487804878
Skykomish summer Chinook 2020,2020-06-28,Unguided,39.75,256.25,0.1551219512195122
Skykomish summer Chinook 2020,2020-07-05,Guided,66,66,1
Skykomish summer Chinook 2020,2020-07-12,Guided,25.5,34.5,0.7391304347826086
Skykomish summer Chinook 2020,2020-07-12,Unguided,9,34.5,0.2608695652173913
Skykomish summer Chinook 2021,2021-05-23,Guided,80.25,80.25,1
Skykomish summer Chinook 2021,2021-05-30,Guided,77.5,77.5,1
Skykomish summer Chinook 2021,2021-06-06,Guided,229,871.25,0.26284074605451935
Skykomish summer Chinook 2021,2021-06-06,Unguided,642.25,871.25,0.7371592539454807
Skykomish summer Chinook 2021,2021-06-13,Guided,262.6166666666667,365.23333333333335,0.7190380578625536
Skykomish summer Chinook 2021,2021-06-13,Unguided,102.61666666666666,365.23333333333335,0.28096194213744635
Skykomish summer Chinook 2021,2021-06-20,Guided,140.75,375.41666666666663,0.3749167591564928
Skykomish summer Chinook 2021,2021-06-20,Unguided,234.66666666666666,375.41666666666663,0.6250832408435073
Skykomish summer Chinook 2021,2021-06-27,Guided,199.1,317.8,0.6264946507237256
Skykomish summer Chinook 2021,2021-06-27,Unguided,118.7,317.8,0.3735053492762744
Skykomish summer Chinook 2021,2021-07-04,Guided,117,117,1
Skykomish summer Chinook 2021,2021-07-11,Guided,183.83333333333331,343.7833333333333,0.5347360255975178
Skykomish summer Chinook 2021,2021-07-11,Unguided,159.95,343.7833333333333,0.4652639744024822
Skykomish summer Chinook 2021,2021-07-18,Guided,76.25,94.93333333333334,0.8031952247191011
Skykomish summer Chinook 2021,2021-07-18,Unguided,18.683333333333334,94.93333333333334,0.19680477528089887
Skykomish summer Chinook and gamefish 2022,2022-05-22,Unguided,133.68333333333334,133.68333333333334,1
Skykomish summer Chinook and gamefish 2022,2022-05-29,Guided,129.83333333333334,402.55000000000007,0.3225272222912267
Skykomish summer Chinook and gamefish 2022,2022-05-29,Unguided,272.7166666666667,402.55000000000007,0.6774727777087732
Skykomish summer Chinook and gamefish 2022,2022-06-05,Guided,24.25,396.0833333333333,0.06122448979591837
Skykomish summer Chinook and gamefish 2022,2022-06-05,Unguided,371.8333333333333,396.0833333333333,0.9387755102040817
Skykomish summer Chinook and gamefish 2022,2022-06-12,Guided,276.8666666666667,807.0833333333334,0.3430459473412493
Skykomish summer Chinook and gamefish 2022,2022-06-12,Unguided,530.2166666666667,807.0833333333334,0.6569540526587506
Skykomish summer Chinook and gamefish 2022,2022-06-19,Guided,328.71666666666664,947.75,0.34683900466016
Skykomish summer Chinook and gamefish 2022,2022-06-19,Unguided,619.0333333333333,947.75,0.65316099533984
Skykomish summer Chinook and gamefish 2022,2022-06-26,Guided,363.7833333333333,833.25,0.43658365836583657
Skykomish summer Chinook and gamefish 2022,2022-06-26,Unguided,469.46666666666664,833.25,0.5634163416341634
Skykomish summer Chinook and gamefish 2022,2022-07-03,Guided,165.56666666666666,649.8833333333333,0.25476367553150564
Skykomish summer Chinook and gamefish 2022,2022-07-03,Unguided,484.31666666666666,649.8833333333333,0.7452363244684943
Skykomish summer Chinook and gamefish 2022,2022-07-10,Guided,122,594.8166666666666,0.20510521449186025
Skykomish summer Chinook and gamefish 2022,2022-07-10,Unguided,472.81666666666666,594.8166666666666,0.7948947855081399
Skykomish summer Chinook and gamefish 2022,2022-07-17,Guided,55.95,650.3833333333333,0.08602618968300746
Skykomish summer Chinook and gamefish 2022,2022-07-17,Unguided,594.4333333333333,650.3833333333333,0.9139738103169924
Skykomish summer Chinook and gamefish 2022,2022-07-24,Guided,23.650000000000002,296.8833333333333,0.07966092179868636
Skykomish summer Chinook and gamefish 2022,2022-07-24,Unguided,273.23333333333335,296.8833333333333,0.9203390782013138
Skykomish summer Chinook and gamefish 2022,2022-07-31,Unguided,96.56666666666666,96.56666666666666,1
Skykomish summer Chinook and gamefish 2022,2022-08-07,Unguided,5.483333333333333,5.483333333333333,1
Skykomish summer Chinook and gamefish 2022,2022-08-14,Unguided,6.216666666666667,6.216666666666667,1
Skykomish summer Chinook and gamefish 2022,2022-08-21,Unguided,5.966666666666667,5.966666666666667,1
Skykomish summer Chinook and gamefish 2025,2025-06-08,Guided,82.26666666666667,429.5333333333333,0.19152568679186716
Skykomish summer Chinook and gamefish 2025,2025-06-08,Unguided,347.26666666666665,429.5333333333333,0.8084743132081329
Skykomish summer Chinook and gamefish 2025,2025-06-15,Guided,26.266666666666666,420,0.06253968253968253
Skykomish summer Chinook and gamefish 2025,2025-06-15,Unguided,393.73333333333335,420,0.9374603174603175
Skykomish summer Chinook and gamefish 2025,2025-06-22,Guided,116,513.35,0.2259666893932015
Skykomish summer Chinook and gamefish 2025,2025-06-22,Unguided,397.35,513.35,0.7740333106067985
Skykomish summer Chinook and gamefish 2025,2025-06-29,Guided,81.23333333333333,264.46666666666664,0.30715906226367534
Skykomish summer Chinook and gamefish 2025,2025-06-29,Unguided,183.23333333333332,264.46666666666664,0.6928409377363247
Skykomish summer Chinook and gamefish 2025,2025-07-06,Guided,14.35,140.45,0.10217159131363475
Skykomish summer Chinook and gamefish 2025,2025-07-06,Unguided,126.1,140.45,0.8978284086863653
Skykomish winter gamefish 2021-22,2021-11-28,Unguided,30.683333333333334,30.683333333333334,1
Skykomish winter gamefish 2021-22,2021-12-05,Unguided,116.16666666666667,116.16666666666667,1
Skykomish winter gamefish 2021-22,2021-12-12,Unguided,157.15,157.15,1
Skykomish winter gamefish 2021-22,2021-12-19,Unguided,139.6,139.6,1
Skykomish winter gamefish 2021-22,2021-12-26,Unguided,14.083333333333332,14.083333333333332,1
Skykomish winter gamefish 2021-22,2022-01-02,Unguided,65.86666666666666,65.86666666666666,1
Skykomish winter gamefish 2021-22,2022-01-09,Unguided,248.98333333333332,248.98333333333332,1
Skykomish winter gamefish 2021-22,2022-01-16,Unguided,81.8,81.8,1
Skykomish winter gamefish 2021-22,2022-01-23,Unguided,73.43333333333334,73.43333333333334,1
Skykomish winter gamefish 2021-22,2022-01-30,Unguided,79.43333333333334,79.43333333333334,1
Skykomish winter gamefish 2021-22,2022-02-06,Unguided,90.81666666666666,90.81666666666666,1
Skykomish winter gamefish 2021-22,2022-02-13,Unguided,13.65,13.65,1
Skykomish winter gamefish 2022-23,2022-10-16,Unguided,1.95,1.95,1
Snohomish fall salmon 2021,2021-08-22,Guided,30.733333333333334,598.3000000000001,0.051367764220847954
Snohomish fall salmon 2021,2021-08-22,Unguided,567.5666666666667,598.3000000000001,0.948632235779152
Snohomish fall salmon 2021,2021-08-29,Unguided,1148.7166666666667,1148.7166666666667,1
Snohomish fall salmon 2021,2021-09-05,Guided,40.6,1237,0.032821341956346
Snohomish fall salmon 2021,2021-09-05,Unguided,1196.4,1237,0.9671786580436541
Snohomish fall salmon 2021,2021-09-12,Guided,32.416666666666664,784.15,0.04133987969988735
Snohomish fall salmon 2021,2021-09-12,Unguided,751.7333333333333,784.15,0.9586601203001127
Snohomish fall salmon 2021,2021-09-19,Unguided,1054.7833333333333,1054.7833333333333,1
Snohomish fall salmon 2021,2021-09-26,Guided,20.45,391.46666666666664,0.05223944141689373
Snohomish fall salmon 2021,2021-09-26,Unguided,371.01666666666665,391.46666666666664,0.9477605585831063
Snohomish fall salmon 2021,2021-10-03,Unguided,212.11666666666667,212.11666666666667,1
Snohomish fall salmon 2021,2021-10-10,Unguided,27.349999999999998,27.349999999999998,1
Snohomish fall salmon 2023,2023-09-10,Guided,22.53333333333333,22.53333333333333,1
Snohomish fall salmon 2023,2023-09-17,Guided,19.25,19.25,1
Snohomish fall salmon 2023,2023-10-15,Guided,51.083333333333336,51.083333333333336,1
Snohomish fall salmon 2023,2023-10-22,Guided,83.31666666666666,83.31666666666666,1
Snohomish fall salmon 2023,2023-10-29,Guided,33.7,33.7,1
Snohomish fall salmon 2024,2024-09-29,Guided,24.733333333333334,24.733333333333334,1
Snohomish fall salmon 2024,2024-10-13,Guided,88.91666666666667,88.91666666666667,1
Snohomish fall salmon 2024,2024-10-20,Guided,26.35,26.35,1
Snohomish fall salmon 2025,2025-08-17,Unguided,834.05,834.05,1
Snohomish fall salmon 2025,2025-08-24,Guided,25,1934.05,0.01292624285825082
Snohomish fall salmon 2025,2025-08-24,Unguided,1909.05,1934.05,0.9870737571417492
Snohomish fall salmon 2025,2025-08-31,Guided,39.45,1604.1666666666667,0.024592207792207794
Snohomish fall salmon 2025,2025-08-31,Unguided,1564.7166666666667,1604.1666666666667,0.9754077922077922
Snohomish fall salmon 2025,2025-09-07,Guided,19.433333333333334,1841.7166666666667,0.010551749726251777
Snohomish fall salmon 2025,2025-09-07,Unguided,1822.2833333333333,1841.7166666666667,0.9894482502737482
Snohomish fall salmon 2025,2025-09-14,Guided,20,1329.1166666666666,0.015047587997040642
Snohomish fall salmon 2025,2025-09-14,Unguided,1309.1166666666666,1329.1166666666666,0.9849524120029594
Snohomish fall salmon 2025,2025-10-19,Unguided,45.46666666666667,45.46666666666667,1
Snohomish fall salmon 2025,2025-10-26,Unguided,243.5,243.5,1
Snohomish fall salmon 2025,2025-11-02,Guided,46.63333333333333,295.26666666666665,0.15793632874237978
Snohomish fall salmon 2025,2025-11-02,Unguided,248.63333333333333,295.26666666666665,0.8420636712576203
Snohomish fall salmon 2025,2025-11-09,Guided,42.86666666666667,286.51666666666665,0.14961316968181027
Snohomish fall salmon 2025,2025-11-09,Unguided,243.65,286.51666666666665,0.8503868303181898
South Fork Willapa winter steelhead 2022-23,2022-12-25,Unguided,2,2,1
South Fork Willapa winter steelhead 2022-23,2023-01-01,Unguided,8.7,8.7,1
South Fork Willapa winter steelhead 2022-23,2023-01-08,Unguided,21.083333333333332,21.083333333333332,1
South Fork Willapa winter steelhead 2022-23,2023-01-15,Unguided,2.7,2.7,1
South Fork Willapa winter steelhead 2022-23,2023-01-22,Unguided,5.4,5.4,1
South Fork Willapa winter steelhead 2022-23,2023-01-29,Unguided,12.533333333333333,12.533333333333333,1
South Fork Willapa winter steelhead 2022-23,2023-02-12,Unguided,23.366666666666667,23.366666666666667,1
South Fork Willapa winter steelhead 2023-24,2023-12-03,Unguided,3.35,3.35,1
South Fork Willapa winter steelhead 2023-24,2023-12-10,Unguided,4.6,4.6,1
South Fork Willapa winter steelhead 2023-24,2023-12-24,Unguided,2.4166666666666665,2.4166666666666665,1
South Fork Willapa winter steelhead 2023-24,2023-12-31,Unguided,7.383333333333334,7.383333333333334,1
South Fork Willapa winter steelhead 2023-24,2024-01-14,Unguided,2.9,2.9,1
South Fork Willapa winter steelhead 2023-24,2024-01-21,Unguided,8.466666666666667,8.466666666666667,1
South Fork Willapa winter steelhead 2023-24,2024-01-28,Unguided,8.983333333333334,8.983333333333334,1
South Fork Willapa winter steelhead 2023-24,2024-02-04,Unguided,3.6166666666666667,3.6166666666666667,1
South Fork Willapa winter steelhead 2023-24,2024-02-11,Unguided,3.316666666666667,3.316666666666667,1
South Fork Willapa winter steelhead 2023-24,2024-02-18,Unguided,3.9,3.9,1
South Fork Willapa winter steelhead 2023-24,2024-02-25,Unguided,5.233333333333333,5.233333333333333,1
Stillaguamish salmon and gamefish 2024-25,2024-10-20,Guided,0.8166666666666667,0.8166666666666667,1
Stillaguamish salmon and gamefish 2025-26,2025-09-21,Unguided,587.5,587.5,1
Stillaguamish salmon and gamefish 2025-26,2025-09-28,Unguided,670.1333333333333,670.1333333333333,1
Stillaguamish salmon and gamefish 2025-26,2025-10-05,Unguided,573.3,573.3,1
Stillaguamish salmon and gamefish 2025-26,2025-10-12,Unguided,547.4333333333334,547.4333333333334,1
Stillaguamish salmon and gamefish 2025-26,2025-10-19,Unguided,337.1333333333333,337.1333333333333,1
Stillaguamish salmon and gamefish 2025-26,2025-10-26,Unguided,26.666666666666668,26.666666666666668,1
Upper Chehalis salmon 2023,2023-10-01,Unguided,103.93333333333334,103.93333333333334,1
Upper Chehalis salmon 2023,2023-10-08,Unguided,244.21666666666667,244.21666666666667,1
Upper Chehalis salmon 2023,2023-10-15,Guided,128.93333333333334,430.6166666666667,0.29941556682277354
Upper Chehalis salmon 2023,2023-10-15,Unguided,301.68333333333334,430.6166666666667,0.7005844331772264
Upper Chehalis salmon 2023,2023-10-22,Guided,276.73333333333335,495.85,0.5580988874323553
Upper Chehalis salmon 2023,2023-10-22,Unguided,219.11666666666667,495.85,0.4419011125676448
Upper Chehalis salmon 2023,2023-10-29,Guided,129.63333333333333,595.0666666666666,0.21784673986108
Upper Chehalis salmon 2023,2023-10-29,Unguided,465.43333333333334,595.0666666666666,0.7821532601389201
Upper Chehalis salmon 2023,2023-11-05,Unguided,101.78333333333333,101.78333333333333,1
Upper Chehalis salmon 2023,2023-11-12,Guided,75.43333333333334,311.56666666666666,0.24210976783994867
Upper Chehalis salmon 2023,2023-11-12,Unguided,236.13333333333333,311.56666666666666,0.7578902321600514
Upper Chehalis salmon 2023,2023-11-19,Guided,74.45,243.03333333333336,0.3063365793443972
Upper Chehalis salmon 2023,2023-11-19,Unguided,168.58333333333334,243.03333333333336,0.6936634206556027
Upper Chehalis salmon 2023,2023-11-26,Guided,121.31666666666666,240.53333333333333,0.5043652993348116
Upper Chehalis salmon 2023,2023-11-26,Unguided,119.21666666666667,240.53333333333333,0.4956347006651885
Willapa winter steelhead 2022,2022-01-02,Unguided,80.41666666666667,80.41666666666667,1
Willapa winter steelhead 2022,2022-01-09,Unguided,94.45,94.45,1
Willapa winter steelhead 2022,2022-01-16,Unguided,369.3833333333333,369.3833333333333,1
Willapa winter steelhead 2022,2022-01-23,Unguided,160.95,160.95,1
Willapa winter steelhead 2022,2022-01-30,Unguided,254.88333333333333,254.88333333333333,1
Willapa winter steelhead 2022,2022-02-06,Guided,31.833333333333332,263.4166666666667,0.1208478329642518
Willapa winter steelhead 2022,2022-02-06,Unguided,231.58333333333334,263.4166666666667,0.8791521670357482
Willapa winter steelhead 2022,2022-02-13,Unguided,115.26666666666667,115.26666666666667,1
Willapa winter steelhead 2022,2022-02-20,Unguided,64.9,64.9,1
Willapa winter steelhead 2022,2022-02-27,Unguided,16.416666666666668,16.416666666666668,1
Willapa winter steelhead 2022-23,2022-12-18,Unguided,113.43333333333334,113.43333333333334,1
Willapa winter steelhead 2022-23,2022-12-25,Unguided,85.88333333333334,85.88333333333334,1
Willapa winter steelhead 2022-23,2023-01-01,Unguided,177.15,177.15,1
Willapa winter steelhead 2022-23,2023-01-08,Unguided,170,170,1
Willapa winter steelhead 2022-23,2023-01-15,Unguided,153.55,153.55,1
Willapa winter steelhead 2022-23,2023-01-22,Unguided,195.36666666666667,195.36666666666667,1
Willapa winter steelhead 2022-23,2023-01-29,Unguided,115.3,115.3,1
Willapa winter steelhead 2022-23,2023-02-05,Unguided,183.81666666666666,183.81666666666666,1
Willapa winter steelhead 2022-23,2023-02-12,Unguided,86.06666666666666,86.06666666666666,1
Willapa winter steelhead 2022-23,2023-02-19,Unguided,22.8,22.8,1
Willapa winter steelhead 2022-23,2023-02-26,Unguided,56.36666666666667,56.36666666666667,1
Willapa winter steelhead 2022-23,2023-03-05,Unguided,111.91666666666667,111.91666666666667,1
Willapa winter steelhead 2022-23,2023-03-12,Unguided,70.88333333333334,70.88333333333334,1
Willapa winter steelhead 2022-23,2023-03-19,Unguided,91.8,91.8,1
Willapa winter steelhead 2022-23,2023-03-26,Unguided,96.58333333333333,96.58333333333333,1
Willapa winter steelhead 2023-24,2023-11-26,Unguided,31.066666666666666,31.066666666666666,1
Willapa winter steelhead 2023-24,2023-12-03,Unguided,116.9,116.9,1
Willapa winter steelhead 2023-24,2023-12-10,Unguided,306.05,306.05,1
Willapa winter steelhead 2023-24,2023-12-17,Unguided,522.6666666666666,522.6666666666666,1
Willapa winter steelhead 2023-24,2023-12-24,Unguided,359.3333333333333,359.3333333333333,1
Willapa winter steelhead 2023-24,2023-12-31,Unguided,132.85,132.85,1
Willapa winter steelhead 2023-24,2024-01-07,Unguided,7.833333333333333,7.833333333333333,1
Willapa winter steelhead 2023-24,2024-01-14,Unguided,301.43333333333334,301.43333333333334,1
Willapa winter steelhead 2023-24,2024-01-21,Unguided,67.86666666666666,67.86666666666666,1
Willapa winter steelhead 2023-24,2024-01-28,Unguided,66.38333333333333,66.38333333333333,1
Willapa winter steelhead 2023-24,2024-02-04,Unguided,102.13333333333334,102.13333333333334,1
Willapa winter steelhead 2023-24,2024-02-11,Unguided,104.3,104.3,1
Willapa winter steelhead 2023-24,2024-02-18,Unguided,74.55,74.55,1
Willapa winter steelhead 2023-24,2024-02-25,Unguided,43.333333333333336,43.333333333333336,1
Willapa winter steelhead 2023-24,2024-03-03,Unguided,146.41666666666666,146.41666666666666,1
Willapa winter steelhead 2023-24,2024-03-10,Guided,6.433333333333334,112.25,0.05731254639940609
Willapa winter steelhead 2023-24,2024-03-10,Unguided,105.81666666666666,112.25,0.9426874536005939
Willapa winter steelhead 2023-24,2024-03-17,Unguided,93.18333333333334,93.18333333333334,1
Willapa winter steelhead 2023-24,2024-03-24,Unguided,74.93333333333334,74.93333333333334,1
Willapa winter steelhead 2023-24,2024-03-31,Unguided,28.650000000000002,28.650000000000002,1
Wynoochee winter steelhead 2024-25,2024-12-01,Unguided,238.65,238.65,1
Wynoochee winter steelhead 2024-25,2024-12-08,Guided,32.85,432.6666666666667,0.07592449922958397
Wynoochee winter steelhead 2024-25,2024-12-08,Unguided,399.81666666666666,432.6666666666667,0.924075500770416
Wynoochee winter steelhead 2024-25,2024-12-15,Unguided,237.95000000000002,237.95000000000002,1
Wynoochee winter steelhead 2024-25,2024-12-22,Unguided,26.35,26.35,1
Wynoochee winter steelhead 2024-25,2024-12-29,Guided,152.35,431.1,0.3533982834609139
Wynoochee winter steelhead 2024-25,2024-12-29,Unguided,278.75,431.1,0.646601716539086
Wynoochee winter steelhead 2024-25,2025-01-05,Guided,157.66666666666666,1121,0.1406482307463574
Wynoochee winter steelhead 2024-25,2025-01-05,Unguided,963.3333333333334,1121,0.85935176925364265
Wynoochee winter steelhead 2024-25,2025-01-12,Guided,110.11666666666666,703.8833333333333,0.1564416451589989
Wynoochee winter steelhead 2024-25,2025-01-12,Unguided,593.7666666666667,703.8833333333333,0.8435583548410011
Wynoochee winter steelhead 2024-25,2025-01-19,Guided,122.63333333333333,573.9,0.21368414938723354
Wynoochee winter steelhead 2024-25,2025-01-19,Unguided,451.26666666666665,573.9,0.7863158506127664
Wynoochee winter steelhead 2024-25,2025-01-26,Guided,135.38333333333333,439.7,0.3078993252975514
Wynoochee winter steelhead 2024-25,2025-01-26,Unguided,304.31666666666666,439.7,0.6921006747024486
Wynoochee winter steelhead 2024-25,2025-02-02,Guided,272.31666666666666,846,0.32188731284475963
Wynoochee winter steelhead 2024-25,2025-02-02,Unguided,573.6833333333333,846,0.6781126871552403
Wynoochee winter steelhead 2024-25,2025-02-09,Guided,43.36666666666667,301.7166666666667,0.14373308291443407
Wynoochee winter steelhead 2024-25,2025-02-09,Unguided,258.35,301.7166666666667,0.8562669170855659
Wynoochee winter steelhead 2024-25,2025-02-16,Guided,92.65,453.0666666666667,0.20449529134785166
Wynoochee winter steelhead 2024-25,2025-02-16,Unguided,360.4166666666667,453.0666666666667,0.7955047086521483
Wynoochee winter steelhead 2024-25,2025-02-23,Unguided,79.61666666666666,79.61666666666666,1
Wynoochee winter steelhead 2025-26,2025-11-30,Unguided,113.98333333333335,113.98333333333335,1
Wynoochee winter steelhead 2025-26,2025-12-07,Unguided,34.95,34.95,1
Wynoochee winter steelhead 2025-26,2025-12-14,Unguided,28.833333333333332,28.833333333333332,1
Wynoochee winter steelhead 2025-26,2025-12-21,Guided,41.55,422.15000000000003,0.09842473054601443
Wynoochee winter steelhead 2025-26,2025-12-21,Unguided,380.6,422.15000000000003,0.9015752694539856
Wynoochee winter steelhead 2025-26,2025-12-28,Guided,56.233333333333334,605.0666666666667,0.09293741736447773
Wynoochee winter steelhead 2025-26,2025-12-28,Unguided,548.8333333333334,605.0666666666667,0.9070625826355222
Wynoochee winter steelhead 2025-26,2026-01-04,Guided,78.7,556.95,0.14130532363766946
Wynoochee winter steelhead 2025-26,2026-01-04,Unguided,478.25,556.95,0.8586946763623304
Wynoochee winter steelhead 2025-26,2026-01-11,Guided,262.9166666666667,841.0666666666666,0.312599080532657
Wynoochee winter steelhead 2025-26,2026-01-11,Unguided,578.15,841.0666666666666,0.687400919467343
Wynoochee winter steelhead 2025-26,2026-01-18,Guided,345.31666666666666,685.6,0.503670750680669
Wynoochee winter steelhead 2025-26,2026-01-18,Unguided,340.28333333333336,685.6,0.49632924931933103
Wynoochee winter steelhead 2025-26,2026-01-25,Guided,75.83333333333334,211.65,0.3582959288132924
Wynoochee winter steelhead 2025-26,2026-01-25,Unguided,135.81666666666666,211.65,0.6417040711867076
Wynoochee winter steelhead 2025-26,2026-02-01,Guided,143.03333333333333,730.6999999999999,0.19574836914374347
Wynoochee winter steelhead 2025-26,2026-02-01,Unguided,587.6666666666666,730.6999999999999,0.8042516308562566
Wynoochee winter steelhead 2025-26,2026-02-08,Guided,244.58333333333334,656.65,0.3724713825223991
Wynoochee winter steelhead 2025-26,2026-02-08,Unguided,412.06666666666666,656.65,0.627528617477601
Wynoochee winter steelhead 2025-26,2026-02-15,Guided,53.65,247.68333333333334,0.21660722696992127
Wynoochee winter steelhead 2025-26,2026-02-15,Unguided,194.03333333333333,247.68333333333334,0.7833927730300787
