analysis_id,project_name,fishery_name,section_num,min_event_date,max_event_date,period,day_type,angler_final,est_cg,model_type,estimate_category,estimate_type,estimate_value,estimate_time_period
81F6F893-1C3B-40E3-A188-84F65DBCD2D0,CRM - Roving Creel Project,Drano Lake salmon and steelhead 2022,1,2022-07-25,2022-07-31,30,weekend,Boat,Chinook|Coho_Adult|Jack_AD|UM|UNK_Kept,PE,catch,number_observations,1,week
81F6F893-1C3B-40E3-A188-84F65DBCD2D0,CRM - Roving Creel Project,Drano Lake salmon and steelhead 2022,1,2022-07-25,2022-07-31,30,weekend,Boat,Chinook|Coho_Adult|Jack_AD|UM|UNK_Kept,PE,catch,daily_mean,32.491,week
81F6F893-1C3B-40E3-A188-84F65DBCD2D0,CRM - Roving Creel Project,Drano Lake salmon and steelhead 2022,1,2022-07-25,2022-07-31,30,weekend,Boat,Chinook|Coho_Adult|Jack_AD|UM|UNK_Kept,PE,catch,daily_variance,0,week
81F6F893-1C3B-40E3-A188-84F65DBCD2D0,CRM - Roving Creel Project,Drano Lake salmon and steelhead 2022,1,2022-07-25,2022-07-31,30,weekend,Boat,Chinook|Coho_Adult|Jack_AD|UM|UNK_Kept,PE,catch,days_open,2,week
81F6F893-1C3B-40E3-A188-84F65DBCD2D0,CRM - Roving Creel Project,Drano Lake salmon and steelhead 2022,1,2022-07-25,2022-07-31,30,weekend,Boat,Chinook|Coho_Adult|Jack_AD|UM|UNK_Kept,PE,catch,degrees_freedom,19,week
81F6F893-1C3B-40E3-A188-84F65DBCD2D0,CRM - Roving Creel Project,Drano Lake salmon and steelhead 2022,1,2022-07-25,2022-07-31,30,weekend,Boat,Chinook|Coho_Adult|Jack_AD|UM|UNK_Kept,PE,catch,total_catch,64.982,week
81F6F893-1C3B-40E3-A188-84F65DBCD2D0,CRM - Roving Creel Project,Drano Lake salmon and steelhead 2022,1,2022-08-01,2022-08-07,31,weekday,Boat,Chinook|Coho_Adult|Jack_AD|UM|UNK_Kept,PE,catch,number_observations,2,week
81F6F893-1C3B-40E3-A188-84F65DBCD2D0,CRM - Roving Creel Project,Drano Lake salmon and steelhead 2022,1,2022-08-01,2022-08-07,31,weekday,Boat,Chinook|Coho_Adult|Jack_AD|UM|UNK_Kept,PE,catch,daily_mean,17.6375,week
81F6F893-1C3B-40E3-A188-84F65DBCD2D0,CRM - Roving Creel Project,Drano Lake salmon and steelhead 2022,1,2022-08-01,2022-08-07,31,weekday,Boat,Chinook|Coho_Adult|Jack_AD|UM|UNK_Kept,PE,catch,daily_variance,3.7291805000000045,week
81F6F893-1C3B-40E3-A188-84F65DBCD2D0,CRM - Roving Creel Project,Drano Lake salmon and steelhead 2022,1,2022-08-01,2022-08-07,31,weekday,Boat,Chinook|Coho_Adult|Jack_AD|UM|UNK_Kept,PE,catch,days_open,5,week
81F6F893-1C3B-40E3-A188-84F65DBCD2D0,CRM - Roving Creel Project,Drano Lake salmon and steelhead 2022,1,2022-08-01,2022-08-07,31,weekday,Boat,Chinook|Coho_Adult|Jack_AD|UM|UNK_Kept,PE,catch,degrees_freedom,19,week
81F6F893-1C3B-40E3-A188-84F65DBCD2D0,CRM - Roving Creel Project,Drano Lake salmon and steelhead 2022,1,2022-08-01,2022-08-07,31,weekday,Boat,Chinook|Coho_Adult|Jack_AD|UM|UNK_Kept,PE,catch,total_catch,88.1875,week
81F6F893-1C3B-40E3-A188-84F65DBCD2D0,CRM - Roving Creel Project,Drano Lake salmon and steelhead 2022,1,2022-08-01,2022-08-07,31,weekend,Bank,Chinook|Coho_Adult|Jack_AD|UM|UNK_Kept,PE,catch,number_observations,1,week
81F6F893-1C3B-40E3-A188-84F65DBCD2D0,CRM - Roving Creel Project,Drano Lake salmon and steelhead 2022,1,2022-08-01,2022-08-07,31,weekend,Bank,Chinook|Coho_Adult|Jack_AD|UM|UNK_Kept,PE,catch,daily_mean,0,week
81F6F893-1C3B-40E3-A188-84F65DBCD2D0,CRM - Roving Creel Project,Drano Lake salmon and steelhead 2022,1,2022-08-01,2022-08-07,31,weekend,Bank,Chinook|Coho_Adult|Jack_AD|UM|UNK_Kept,PE,catch,daily_variance,0,week
81F6F893-1C3B-40E3-A188-84F65DBCD2D0,CRM - Roving Creel Project,Drano Lake salmon and steelhead 2022,1,2022-08-01,2022-08-07,31,weekend,Bank,Chinook|Coho_Adult|Jack_AD|UM|UNK_Kept,PE,catch,days_open,2,week
81F6F893-1C3B-40E3-A188-84F65DBCD2D0,CRM - Roving Creel Project,Drano Lake salmon and steelhead 2022,1,2022-08-01,2022-08-07,31,weekend,Bank,Chinook|Coho_Adult|Jack_AD|UM|UNK_Kept,PE,catch,degrees_freedom,19,week
81F6F893-1C3B-40E3-A188-84F65DBCD2D0,CRM - Roving Creel Project,Drano Lake salmon and steelhead 2022,1,2022-08-01,2022-08-07,31,weekend,Bank,Chinook|Coho_Adult|Jack_AD|UM|UNK_Kept,PE,catch,total_catch,0,week
81F6F893-1C3B-40E3-A188-84F65DBCD2D0,CRM - Roving Creel Project,Drano Lake salmon and steelhead 2022,1,2022-08-08,2022-08-14,32,weekend,Boat,Chinook|Coho_Adult|Jack_AD|UM|UNK_Kept,PE,catch,number_observations,2,week
81F6F893-1C3B-40E3-A188-84F65DBCD2D0,CRM - Roving Creel Project,Drano Lake salmon and steelhead 2022,1,2022-08-08,2022-08-14,32,weekend,Boat,Chinook|Coho_Adult|Jack_AD|UM|UNK_Kept,PE,catch,daily_mean,25.123,week
81F6F893-1C3B-40E3-A188-84F65DBCD2D0,CRM - Roving Creel Project,Drano Lake salmon and steelhead 2022,1,2022-08-08,2022-08-14,32,weekend,Boat,Chinook|Coho_Adult|Jack_AD|UM|UNK_Kept,PE,catch,daily_variance,556.711712,week
81F6F893-1C3B-40E3-A188-84F65DBCD2D0,CRM - Roving Creel Project,Drano Lake salmon and steelhead 2022,1,2022-08-08,2022-08-14,32,weekend,Boat,Chinook|Coho_Adult|Jack_AD|UM|UNK_Kept,PE,catch,days_open,2,week
81F6F893-1C3B-40E3-A188-84F65DBCD2D0,CRM - Roving Creel Project,Drano Lake salmon and steelhead 2022,1,2022-08-08,2022-08-14,32,weekend,Boat,Chinook|Coho_Adult|Jack_AD|UM|UNK_Kept,PE,catch,degrees_freedom,19,week
81F6F893-1C3B-40E3-A188-84F65DBCD2D0,CRM - Roving Creel Project,Drano Lake salmon and steelhead 2022,1,2022-08-08,2022-08-14,32,weekend,Boat,Chinook|Coho_Adult|Jack_AD|UM|UNK_Kept,PE,catch,total_catch,50.246,week
81F6F893-1C3B-40E3-A188-84F65DBCD2D0,CRM - Roving Creel Project,Drano Lake salmon and steelhead 2022,1,2022-08-15,2022-08-21,33,weekday,Boat,Chinook|Coho_Adult|Jack_AD|UM|UNK_Kept,PE,catch,number_observations,2,week
81F6F893-1C3B-40E3-A188-84F65DBCD2D0,CRM - Roving Creel Project,Drano Lake salmon and steelhead 2022,1,2022-08-15,2022-08-21,33,weekday,Boat,Chinook|Coho_Adult|Jack_AD|UM|UNK_Kept,PE,catch,daily_mean,61.6235,week
81F6F893-1C3B-40E3-A188-84F65DBCD2D0,CRM - Roving Creel Project,Drano Lake salmon and steelhead 2022,1,2022-08-15,2022-08-21,33,weekday,Boat,Chinook|Coho_Adult|Jack_AD|UM|UNK_Kept,PE,catch,daily_variance,4408.886704500001,week
81F6F893-1C3B-40E3-A188-84F65DBCD2D0,CRM - Roving Creel Project,Drano Lake salmon and steelhead 2022,1,2022-08-15,2022-08-21,33,weekday,Boat,Chinook|Coho_Adult|Jack_AD|UM|UNK_Kept,PE,catch,days_open,5,week
81F6F893-1C3B-40E3-A188-84F65DBCD2D0,CRM - Roving Creel Project,Drano Lake salmon and steelhead 2022,1,2022-08-15,2022-08-21,33,weekday,Boat,Chinook|Coho_Adult|Jack_AD|UM|UNK_Kept,PE,catch,degrees_freedom,19,week
81F6F893-1C3B-40E3-A188-84F65DBCD2D0,CRM - Roving Creel Project,Drano Lake salmon and steelhead 2022,1,2022-08-15,2022-08-21,33,weekday,Boat,Chinook|Coho_Adult|Jack_AD|UM|UNK_Kept,PE,catch,total_catch,308.1175,week
81F6F893-1C3B-40E3-A188-84F65DBCD2D0,CRM - Roving Creel Project,Drano Lake salmon and steelhead 2022,1,2022-08-15,2022-08-21,33,weekend,Boat,Chinook|Coho_Adult|Jack_AD|UM|UNK_Kept,PE,catch,number_observations,1,week
81F6F893-1C3B-40E3-A188-84F65DBCD2D0,CRM - Roving Creel Project,Drano Lake salmon and steelhead 2022,1,2022-08-15,2022-08-21,33,weekend,Boat,Chinook|Coho_Adult|Jack_AD|UM|UNK_Kept,PE,catch,daily_mean,72.714,week
81F6F893-1C3B-40E3-A188-84F65DBCD2D0,CRM - Roving Creel Project,Drano Lake salmon and steelhead 2022,1,2022-08-15,2022-08-21,33,weekend,Boat,Chinook|Coho_Adult|Jack_AD|UM|UNK_Kept,PE,catch,daily_variance,0,week
81F6F893-1C3B-40E3-A188-84F65DBCD2D0,CRM - Roving Creel Project,Drano Lake salmon and steelhead 2022,1,2022-08-15,2022-08-21,33,weekend,Boat,Chinook|Coho_Adult|Jack_AD|UM|UNK_Kept,PE,catch,days_open,2,week
81F6F893-1C3B-40E3-A188-84F65DBCD2D0,CRM - Roving Creel Project,Drano Lake salmon and steelhead 2022,1,2022-08-15,2022-08-21,33,weekend,Boat,Chinook|Coho_Adult|Jack_AD|UM|UNK_Kept,PE,catch,degrees_freedom,19,week
81F6F893-1C3B-40E3-A188-84F65DBCD2D0,CRM - Roving Creel Project,Drano Lake salmon and steelhead 2022,1,2022-08-15,2022-08-21,33,weekend,Boat,Chinook|Coho_Adult|Jack_AD|UM|UNK_Kept,PE,catch,total_catch,145.428,week
81F6F893-1C3B-40E3-A188-84F65DBCD2D0,CRM - Roving Creel Project,Drano Lake salmon and steelhead 2022,1,2022-08-22,2022-08-28,34,weekday,Boat,Chinook|Coho_Adult|Jack_AD|UM|UNK_Kept,PE,catch,number_observations,2,week
81F6F893-1C3B-40E3-A188-84F65DBCD2D0,CRM - Roving Creel Project,Drano Lake salmon and steelhead 2022,1,2022-08-22,2022-08-28,34,weekday,Boat,Chinook|Coho_Adult|Jack_AD|UM|UNK_Kept,PE,catch,daily_mean,7.833,week
81F6F893-1C3B-40E3-A188-84F65DBCD2D0,CRM - Roving Creel Project,Drano Lake salmon and steelhead 2022,1,2022-08-22,2022-08-28,34,weekday,Boat,Chinook|Coho_Adult|Jack_AD|UM|UNK_Kept,PE,catch,daily_variance,9.680000000000213e-4,week
81F6F893-1C3B-40E3-A188-84F65DBCD2D0,CRM - Roving Creel Project,Drano Lake salmon and steelhead 2022,1,2022-08-22,2022-08-28,34,weekday,Boat,Chinook|Coho_Adult|Jack_AD|UM|UNK_Kept,PE,catch,days_open,5,week
81F6F893-1C3B-40E3-A188-84F65DBCD2D0,CRM - Roving Creel Project,Drano Lake salmon and steelhead 2022,1,2022-08-22,2022-08-28,34,weekday,Boat,Chinook|Coho_Adult|Jack_AD|UM|UNK_Kept,PE,catch,degrees_freedom,19,week
81F6F893-1C3B-40E3-A188-84F65DBCD2D0,CRM - Roving Creel Project,Drano Lake salmon and steelhead 2022,1,2022-08-22,2022-08-28,34,weekday,Boat,Chinook|Coho_Adult|Jack_AD|UM|UNK_Kept,PE,catch,total_catch,39.165,week
81F6F893-1C3B-40E3-A188-84F65DBCD2D0,CRM - Roving Creel Project,Drano Lake salmon and steelhead 2022,1,2022-08-22,2022-08-28,34,weekend,Boat,Chinook|Coho_Adult|Jack_AD|UM|UNK_Kept,PE,catch,number_observations,2,week
81F6F893-1C3B-40E3-A188-84F65DBCD2D0,CRM - Roving Creel Project,Drano Lake salmon and steelhead 2022,1,2022-08-22,2022-08-28,34,weekend,Boat,Chinook|Coho_Adult|Jack_AD|UM|UNK_Kept,PE,catch,daily_mean,49.639,week
81F6F893-1C3B-40E3-A188-84F65DBCD2D0,CRM - Roving Creel Project,Drano Lake salmon and steelhead 2022,1,2022-08-22,2022-08-28,34,weekend,Boat,Chinook|Coho_Adult|Jack_AD|UM|UNK_Kept,PE,catch,daily_variance,142.230978,week
81F6F893-1C3B-40E3-A188-84F65DBCD2D0,CRM - Roving Creel Project,Drano Lake salmon and steelhead 2022,1,2022-08-22,2022-08-28,34,weekend,Boat,Chinook|Coho_Adult|Jack_AD|UM|UNK_Kept,PE,catch,days_open,2,week
81F6F893-1C3B-40E3-A188-84F65DBCD2D0,CRM - Roving Creel Project,Drano Lake salmon and steelhead 2022,1,2022-08-22,2022-08-28,34,weekend,Boat,Chinook|Coho_Adult|Jack_AD|UM|UNK_Kept,PE,catch,degrees_freedom,19,week
81F6F893-1C3B-40E3-A188-84F65DBCD2D0,CRM - Roving Creel Project,Drano Lake salmon and steelhead 2022,1,2022-08-22,2022-08-28,34,weekend,Boat,Chinook|Coho_Adult|Jack_AD|UM|UNK_Kept,PE,catch,total_catch,99.278,week
81F6F893-1C3B-40E3-A188-84F65DBCD2D0,CRM - Roving Creel Project,Drano Lake salmon and steelhead 2022,1,2022-08-29,2022-09-04,35,weekday,Bank,Chinook|Coho_Adult|Jack_AD|UM|UNK_Kept,PE,catch,number_observations,1,week
81F6F893-1C3B-40E3-A188-84F65DBCD2D0,CRM - Roving Creel Project,Drano Lake salmon and steelhead 2022,1,2022-08-29,2022-09-04,35,weekday,Bank,Chinook|Coho_Adult|Jack_AD|UM|UNK_Kept,PE,catch,daily_mean,0,week
81F6F893-1C3B-40E3-A188-84F65DBCD2D0,CRM - Roving Creel Project,Drano Lake salmon and steelhead 2022,1,2022-08-29,2022-09-04,35,weekday,Bank,Chinook|Coho_Adult|Jack_AD|UM|UNK_Kept,PE,catch,daily_variance,0,week
81F6F893-1C3B-40E3-A188-84F65DBCD2D0,CRM - Roving Creel Project,Drano Lake salmon and steelhead 2022,1,2022-08-29,2022-09-04,35,weekday,Bank,Chinook|Coho_Adult|Jack_AD|UM|UNK_Kept,PE,catch,days_open,5,week
81F6F893-1C3B-40E3-A188-84F65DBCD2D0,CRM - Roving Creel Project,Drano Lake salmon and steelhead 2022,1,2022-08-29,2022-09-04,35,weekday,Bank,Chinook|Coho_Adult|Jack_AD|UM|UNK_Kept,PE,catch,degrees_freedom,19,week
81F6F893-1C3B-40E3-A188-84F65DBCD2D0,CRM - Roving Creel Project,Drano Lake salmon and steelhead 2022,1,2022-08-29,2022-09-04,35,weekday,Bank,Chinook|Coho_Adult|Jack_AD|UM|UNK_Kept,PE,catch,total_catch,0,week
81F6F893-1C3B-40E3-A188-84F65DBCD2D0,CRM - Roving Creel Project,Drano Lake salmon and steelhead 2022,1,2022-08-29,2022-09-04,35,weekday,Boat,Chinook|Coho_Adult|Jack_AD|UM|UNK_Kept,PE,catch,number_observations,2,week
81F6F893-1C3B-40E3-A188-84F65DBCD2D0,CRM - Roving Creel Project,Drano Lake salmon and steelhead 2022,1,2022-08-29,2022-09-04,35,weekday,Boat,Chinook|Coho_Adult|Jack_AD|UM|UNK_Kept,PE,catch,daily_mean,37.255,week
81F6F893-1C3B-40E3-A188-84F65DBCD2D0,CRM - Roving Creel Project,Drano Lake salmon and steelhead 2022,1,2022-08-29,2022-09-04,35,weekday,Boat,Chinook|Coho_Adult|Jack_AD|UM|UNK_Kept,PE,catch,daily_variance,112.95045000000007,week
81F6F893-1C3B-40E3-A188-84F65DBCD2D0,CRM - Roving Creel Project,Drano Lake salmon and steelhead 2022,1,2022-08-29,2022-09-04,35,weekday,Boat,Chinook|Coho_Adult|Jack_AD|UM|UNK_Kept,PE,catch,days_open,5,week
81F6F893-1C3B-40E3-A188-84F65DBCD2D0,CRM - Roving Creel Project,Drano Lake salmon and steelhead 2022,1,2022-08-29,2022-09-04,35,weekday,Boat,Chinook|Coho_Adult|Jack_AD|UM|UNK_Kept,PE,catch,degrees_freedom,19,week
81F6F893-1C3B-40E3-A188-84F65DBCD2D0,CRM - Roving Creel Project,Drano Lake salmon and steelhead 2022,1,2022-08-29,2022-09-04,35,weekday,Boat,Chinook|Coho_Adult|Jack_AD|UM|UNK_Kept,PE,catch,total_catch,186.275,week
81F6F893-1C3B-40E3-A188-84F65DBCD2D0,CRM - Roving Creel Project,Drano Lake salmon and steelhead 2022,1,2022-08-29,2022-09-04,35,weekend,Bank,Chinook|Coho_Adult|Jack_AD|UM|UNK_Kept,PE,catch,number_observations,1,week
81F6F893-1C3B-40E3-A188-84F65DBCD2D0,CRM - Roving Creel Project,Drano Lake salmon and steelhead 2022,1,2022-08-29,2022-09-04,35,weekend,Bank,Chinook|Coho_Adult|Jack_AD|UM|UNK_Kept,PE,catch,daily_mean,0,week
81F6F893-1C3B-40E3-A188-84F65DBCD2D0,CRM - Roving Creel Project,Drano Lake salmon and steelhead 2022,1,2022-08-29,2022-09-04,35,weekend,Bank,Chinook|Coho_Adult|Jack_AD|UM|UNK_Kept,PE,catch,daily_variance,0,week
81F6F893-1C3B-40E3-A188-84F65DBCD2D0,CRM - Roving Creel Project,Drano Lake salmon and steelhead 2022,1,2022-08-29,2022-09-04,35,weekend,Bank,Chinook|Coho_Adult|Jack_AD|UM|UNK_Kept,PE,catch,days_open,2,week
81F6F893-1C3B-40E3-A188-84F65DBCD2D0,CRM - Roving Creel Project,Drano Lake salmon and steelhead 2022,1,2022-08-29,2022-09-04,35,weekend,Bank,Chinook|Coho_Adult|Jack_AD|UM|UNK_Kept,PE,catch,degrees_freedom,19,week
81F6F893-1C3B-40E3-A188-84F65DBCD2D0,CRM - Roving Creel Project,Drano Lake salmon and steelhead 2022,1,2022-08-29,2022-09-04,35,weekend,Bank,Chinook|Coho_Adult|Jack_AD|UM|UNK_Kept,PE,catch,total_catch,0,week
81F6F893-1C3B-40E3-A188-84F65DBCD2D0,CRM - Roving Creel Project,Drano Lake salmon and steelhead 2022,1,2022-08-29,2022-09-04,35,weekend,Boat,Chinook|Coho_Adult|Jack_AD|UM|UNK_Kept,PE,catch,number_observations,2,week
81F6F893-1C3B-40E3-A188-84F65DBCD2D0,CRM - Roving Creel Project,Drano Lake salmon and steelhead 2022,1,2022-08-29,2022-09-04,35,weekend,Boat,Chinook|Coho_Adult|Jack_AD|UM|UNK_Kept,PE,catch,daily_mean,131.3965,week
81F6F893-1C3B-40E3-A188-84F65DBCD2D0,CRM - Roving Creel Project,Drano Lake salmon and steelhead 2022,1,2022-08-29,2022-09-04,35,weekend,Boat,Chinook|Coho_Adult|Jack_AD|UM|UNK_Kept,PE,catch,daily_variance,9.232104499999988,week
81F6F893-1C3B-40E3-A188-84F65DBCD2D0,CRM - Roving Creel Project,Drano Lake salmon and steelhead 2022,1,2022-08-29,2022-09-04,35,weekend,Boat,Chinook|Coho_Adult|Jack_AD|UM|UNK_Kept,PE,catch,days_open,2,week
81F6F893-1C3B-40E3-A188-84F65DBCD2D0,CRM - Roving Creel Project,Drano Lake salmon and steelhead 2022,1,2022-08-29,2022-09-04,35,weekend,Boat,Chinook|Coho_Adult|Jack_AD|UM|UNK_Kept,PE,catch,degrees_freedom,19,week
81F6F893-1C3B-40E3-A188-84F65DBCD2D0,CRM - Roving Creel Project,Drano Lake salmon and steelhead 2022,1,2022-08-29,2022-09-04,35,weekend,Boat,Chinook|Coho_Adult|Jack_AD|UM|UNK_Kept,PE,catch,total_catch,262.793,week
81F6F893-1C3B-40E3-A188-84F65DBCD2D0,CRM - Roving Creel Project,Drano Lake salmon and steelhead 2022,1,2022-09-05,2022-09-11,36,weekday,Boat,Chinook|Coho_Adult|Jack_AD|UM|UNK_Kept,PE,catch,number_observations,1,week
81F6F893-1C3B-40E3-A188-84F65DBCD2D0,CRM - Roving Creel Project,Drano Lake salmon and steelhead 2022,1,2022-09-05,2022-09-11,36,weekday,Boat,Chinook|Coho_Adult|Jack_AD|UM|UNK_Kept,PE,catch,daily_mean,103.159,week
81F6F893-1C3B-40E3-A188-84F65DBCD2D0,CRM - Roving Creel Project,Drano Lake salmon and steelhead 2022,1,2022-09-05,2022-09-11,36,weekday,Boat,Chinook|Coho_Adult|Jack_AD|UM|UNK_Kept,PE,catch,daily_variance,0,week
81F6F893-1C3B-40E3-A188-84F65DBCD2D0,CRM - Roving Creel Project,Drano Lake salmon and steelhead 2022,1,2022-09-05,2022-09-11,36,weekday,Boat,Chinook|Coho_Adult|Jack_AD|UM|UNK_Kept,PE,catch,days_open,4,week
81F6F893-1C3B-40E3-A188-84F65DBCD2D0,CRM - Roving Creel Project,Drano Lake salmon and steelhead 2022,1,2022-09-05,2022-09-11,36,weekday,Boat,Chinook|Coho_Adult|Jack_AD|UM|UNK_Kept,PE,catch,degrees_freedom,19,week
81F6F893-1C3B-40E3-A188-84F65DBCD2D0,CRM - Roving Creel Project,Drano Lake salmon and steelhead 2022,1,2022-09-05,2022-09-11,36,weekday,Boat,Chinook|Coho_Adult|Jack_AD|UM|UNK_Kept,PE,catch,total_catch,412.636,week
81F6F893-1C3B-40E3-A188-84F65DBCD2D0,CRM - Roving Creel Project,Drano Lake salmon and steelhead 2022,1,2022-09-05,2022-09-11,36,weekend,Bank,Chinook|Coho_Adult|Jack_AD|UM|UNK_Kept,PE,catch,number_observations,1,week
81F6F893-1C3B-40E3-A188-84F65DBCD2D0,CRM - Roving Creel Project,Drano Lake salmon and steelhead 2022,1,2022-09-05,2022-09-11,36,weekend,Bank,Chinook|Coho_Adult|Jack_AD|UM|UNK_Kept,PE,catch,daily_mean,0,week
81F6F893-1C3B-40E3-A188-84F65DBCD2D0,CRM - Roving Creel Project,Drano Lake salmon and steelhead 2022,1,2022-09-05,2022-09-11,36,weekend,Bank,Chinook|Coho_Adult|Jack_AD|UM|UNK_Kept,PE,catch,daily_variance,0,week
81F6F893-1C3B-40E3-A188-84F65DBCD2D0,CRM - Roving Creel Project,Drano Lake salmon and steelhead 2022,1,2022-09-05,2022-09-11,36,weekend,Bank,Chinook|Coho_Adult|Jack_AD|UM|UNK_Kept,PE,catch,days_open,3,week
81F6F893-1C3B-40E3-A188-84F65DBCD2D0,CRM - Roving Creel Project,Drano Lake salmon and steelhead 2022,1,2022-09-05,2022-09-11,36,weekend,Bank,Chinook|Coho_Adult|Jack_AD|UM|UNK_Kept,PE,catch,degrees_freedom,19,week
81F6F893-1C3B-40E3-A188-84F65DBCD2D0,CRM - Roving Creel Project,Drano Lake salmon and steelhead 2022,1,2022-09-05,2022-09-11,36,weekend,Bank,Chinook|Coho_Adult|Jack_AD|UM|UNK_Kept,PE,catch,total_catch,0,week
81F6F893-1C3B-40E3-A188-84F65DBCD2D0,CRM - Roving Creel Project,Drano Lake salmon and steelhead 2022,1,2022-09-05,2022-09-11,36,weekend,Boat,Chinook|Coho_Adult|Jack_AD|UM|UNK_Kept,PE,catch,number_observations,2,week
81F6F893-1C3B-40E3-A188-84F65DBCD2D0,CRM - Roving Creel Project,Drano Lake salmon and steelhead 2022,1,2022-09-05,2022-09-11,36,weekend,Boat,Chinook|Coho_Adult|Jack_AD|UM|UNK_Kept,PE,catch,daily_mean,112.66749999999999,week
81F6F893-1C3B-40E3-A188-84F65DBCD2D0,CRM - Roving Creel Project,Drano Lake salmon and steelhead 2022,1,2022-09-05,2022-09-11,36,weekend,Boat,Chinook|Coho_Adult|Jack_AD|UM|UNK_Kept,PE,catch,daily_variance,9268.2751005,week
81F6F893-1C3B-40E3-A188-84F65DBCD2D0,CRM - Roving Creel Project,Drano Lake salmon and steelhead 2022,1,2022-09-05,2022-09-11,36,weekend,Boat,Chinook|Coho_Adult|Jack_AD|UM|UNK_Kept,PE,catch,days_open,3,week
81F6F893-1C3B-40E3-A188-84F65DBCD2D0,CRM - Roving Creel Project,Drano Lake salmon and steelhead 2022,1,2022-09-05,2022-09-11,36,weekend,Boat,Chinook|Coho_Adult|Jack_AD|UM|UNK_Kept,PE,catch,degrees_freedom,19,week
81F6F893-1C3B-40E3-A188-84F65DBCD2D0,CRM - Roving Creel Project,Drano Lake salmon and steelhead 2022,1,2022-09-05,2022-09-11,36,weekend,Boat,Chinook|Coho_Adult|Jack_AD|UM|UNK_Kept,PE,catch,total_catch,338.00249999999994,week
81F6F893-1C3B-40E3-A188-84F65DBCD2D0,CRM - Roving Creel Project,Drano Lake salmon and steelhead 2022,1,2022-09-12,2022-09-18,37,weekday,Boat,Chinook|Coho_Adult|Jack_AD|UM|UNK_Kept,PE,catch,number_observations,1,week
81F6F893-1C3B-40E3-A188-84F65DBCD2D0,CRM - Roving Creel Project,Drano Lake salmon and steelhead 2022,1,2022-09-12,2022-09-18,37,weekday,Boat,Chinook|Coho_Adult|Jack_AD|UM|UNK_Kept,PE,catch,daily_mean,10.203,week
81F6F893-1C3B-40E3-A188-84F65DBCD2D0,CRM - Roving Creel Project,Drano Lake salmon and steelhead 2022,1,2022-09-12,2022-09-18,37,weekday,Boat,Chinook|Coho_Adult|Jack_AD|UM|UNK_Kept,PE,catch,daily_variance,0,week
81F6F893-1C3B-40E3-A188-84F65DBCD2D0,CRM - Roving Creel Project,Drano Lake salmon and steelhead 2022,1,2022-09-12,2022-09-18,37,weekday,Boat,Chinook|Coho_Adult|Jack_AD|UM|UNK_Kept,PE,catch,days_open,5,week
81F6F893-1C3B-40E3-A188-84F65DBCD2D0,CRM - Roving Creel Project,Drano Lake salmon and steelhead 2022,1,2022-09-12,2022-09-18,37,weekday,Boat,Chinook|Coho_Adult|Jack_AD|UM|UNK_Kept,PE,catch,degrees_freedom,19,week
81F6F893-1C3B-40E3-A188-84F65DBCD2D0,CRM - Roving Creel Project,Drano Lake salmon and steelhead 2022,1,2022-09-12,2022-09-18,37,weekday,Boat,Chinook|Coho_Adult|Jack_AD|UM|UNK_Kept,PE,catch,total_catch,51.015,week
81F6F893-1C3B-40E3-A188-84F65DBCD2D0,CRM - Roving Creel Project,Drano Lake salmon and steelhead 2022,1,2022-09-12,2022-09-18,37,weekend,Boat,Chinook|Coho_Adult|Jack_AD|UM|UNK_Kept,PE,catch,number_observations,1,week
81F6F893-1C3B-40E3-A188-84F65DBCD2D0,CRM - Roving Creel Project,Drano Lake salmon and steelhead 2022,1,2022-09-12,2022-09-18,37,weekend,Boat,Chinook|Coho_Adult|Jack_AD|UM|UNK_Kept,PE,catch,daily_mean,74.864,week
81F6F893-1C3B-40E3-A188-84F65DBCD2D0,CRM - Roving Creel Project,Drano Lake salmon and steelhead 2022,1,2022-09-12,2022-09-18,37,weekend,Boat,Chinook|Coho_Adult|Jack_AD|UM|UNK_Kept,PE,catch,daily_variance,0,week
81F6F893-1C3B-40E3-A188-84F65DBCD2D0,CRM - Roving Creel Project,Drano Lake salmon and steelhead 2022,1,2022-09-12,2022-09-18,37,weekend,Boat,Chinook|Coho_Adult|Jack_AD|UM|UNK_Kept,PE,catch,days_open,2,week
81F6F893-1C3B-40E3-A188-84F65DBCD2D0,CRM - Roving Creel Project,Drano Lake salmon and steelhead 2022,1,2022-09-12,2022-09-18,37,weekend,Boat,Chinook|Coho_Adult|Jack_AD|UM|UNK_Kept,PE,catch,degrees_freedom,19,week
81F6F893-1C3B-40E3-A188-84F65DBCD2D0,CRM - Roving Creel Project,Drano Lake salmon and steelhead 2022,1,2022-09-12,2022-09-18,37,weekend,Boat,Chinook|Coho_Adult|Jack_AD|UM|UNK_Kept,PE,catch,total_catch,149.728,week
81F6F893-1C3B-40E3-A188-84F65DBCD2D0,CRM - Roving Creel Project,Drano Lake salmon and steelhead 2022,1,2022-10-03,2022-10-09,40,weekday,Bank,Chinook|Coho_Adult|Jack_AD|UM|UNK_Kept,PE,catch,number_observations,1,week
81F6F893-1C3B-40E3-A188-84F65DBCD2D0,CRM - Roving Creel Project,Drano Lake salmon and steelhead 2022,1,2022-10-03,2022-10-09,40,weekday,Bank,Chinook|Coho_Adult|Jack_AD|UM|UNK_Kept,PE,catch,daily_mean,0,week
81F6F893-1C3B-40E3-A188-84F65DBCD2D0,CRM - Roving Creel Project,Drano Lake salmon and steelhead 2022,1,2022-10-03,2022-10-09,40,weekday,Bank,Chinook|Coho_Adult|Jack_AD|UM|UNK_Kept,PE,catch,daily_variance,0,week
81F6F893-1C3B-40E3-A188-84F65DBCD2D0,CRM - Roving Creel Project,Drano Lake salmon and steelhead 2022,1,2022-10-03,2022-10-09,40,weekday,Bank,Chinook|Coho_Adult|Jack_AD|UM|UNK_Kept,PE,catch,days_open,4,week
81F6F893-1C3B-40E3-A188-84F65DBCD2D0,CRM - Roving Creel Project,Drano Lake salmon and steelhead 2022,1,2022-10-03,2022-10-09,40,weekday,Bank,Chinook|Coho_Adult|Jack_AD|UM|UNK_Kept,PE,catch,degrees_freedom,19,week
81F6F893-1C3B-40E3-A188-84F65DBCD2D0,CRM - Roving Creel Project,Drano Lake salmon and steelhead 2022,1,2022-10-03,2022-10-09,40,weekday,Bank,Chinook|Coho_Adult|Jack_AD|UM|UNK_Kept,PE,catch,total_catch,0,week
81F6F893-1C3B-40E3-A188-84F65DBCD2D0,CRM - Roving Creel Project,Drano Lake salmon and steelhead 2022,1,2022-10-03,2022-10-09,40,weekday,Boat,Chinook|Coho_Adult|Jack_AD|UM|UNK_Kept,PE,catch,number_observations,2,week
81F6F893-1C3B-40E3-A188-84F65DBCD2D0,CRM - Roving Creel Project,Drano Lake salmon and steelhead 2022,1,2022-10-03,2022-10-09,40,weekday,Boat,Chinook|Coho_Adult|Jack_AD|UM|UNK_Kept,PE,catch,daily_mean,33.379000000000005,week
81F6F893-1C3B-40E3-A188-84F65DBCD2D0,CRM - Roving Creel Project,Drano Lake salmon and steelhead 2022,1,2022-10-03,2022-10-09,40,weekday,Boat,Chinook|Coho_Adult|Jack_AD|UM|UNK_Kept,PE,catch,daily_variance,265.3747220000001,week
81F6F893-1C3B-40E3-A188-84F65DBCD2D0,CRM - Roving Creel Project,Drano Lake salmon and steelhead 2022,1,2022-10-03,2022-10-09,40,weekday,Boat,Chinook|Coho_Adult|Jack_AD|UM|UNK_Kept,PE,catch,days_open,4,week
81F6F893-1C3B-40E3-A188-84F65DBCD2D0,CRM - Roving Creel Project,Drano Lake salmon and steelhead 2022,1,2022-10-03,2022-10-09,40,weekday,Boat,Chinook|Coho_Adult|Jack_AD|UM|UNK_Kept,PE,catch,degrees_freedom,19,week
81F6F893-1C3B-40E3-A188-84F65DBCD2D0,CRM - Roving Creel Project,Drano Lake salmon and steelhead 2022,1,2022-10-03,2022-10-09,40,weekday,Boat,Chinook|Coho_Adult|Jack_AD|UM|UNK_Kept,PE,catch,total_catch,133.51600000000002,week
81F6F893-1C3B-40E3-A188-84F65DBCD2D0,CRM - Roving Creel Project,Drano Lake salmon and steelhead 2022,1,2022-10-03,2022-10-09,40,weekend,Bank,Chinook|Coho_Adult|Jack_AD|UM|UNK_Kept,PE,catch,number_observations,2,week
81F6F893-1C3B-40E3-A188-84F65DBCD2D0,CRM - Roving Creel Project,Drano Lake salmon and steelhead 2022,1,2022-10-03,2022-10-09,40,weekend,Bank,Chinook|Coho_Adult|Jack_AD|UM|UNK_Kept,PE,catch,daily_mean,1.6795,week
81F6F893-1C3B-40E3-A188-84F65DBCD2D0,CRM - Roving Creel Project,Drano Lake salmon and steelhead 2022,1,2022-10-03,2022-10-09,40,weekend,Bank,Chinook|Coho_Adult|Jack_AD|UM|UNK_Kept,PE,catch,daily_variance,5.6414405,week
81F6F893-1C3B-40E3-A188-84F65DBCD2D0,CRM - Roving Creel Project,Drano Lake salmon and steelhead 2022,1,2022-10-03,2022-10-09,40,weekend,Bank,Chinook|Coho_Adult|Jack_AD|UM|UNK_Kept,PE,catch,days_open,2,week
81F6F893-1C3B-40E3-A188-84F65DBCD2D0,CRM - Roving Creel Project,Drano Lake salmon and steelhead 2022,1,2022-10-03,2022-10-09,40,weekend,Bank,Chinook|Coho_Adult|Jack_AD|UM|UNK_Kept,PE,catch,degrees_freedom,19,week
81F6F893-1C3B-40E3-A188-84F65DBCD2D0,CRM - Roving Creel Project,Drano Lake salmon and steelhead 2022,1,2022-10-03,2022-10-09,40,weekend,Bank,Chinook|Coho_Adult|Jack_AD|UM|UNK_Kept,PE,catch,total_catch,3.359,week
81F6F893-1C3B-40E3-A188-84F65DBCD2D0,CRM - Roving Creel Project,Drano Lake salmon and steelhead 2022,1,2022-10-03,2022-10-09,40,weekend,Boat,Chinook|Coho_Adult|Jack_AD|UM|UNK_Kept,PE,catch,number_observations,2,week
81F6F893-1C3B-40E3-A188-84F65DBCD2D0,CRM - Roving Creel Project,Drano Lake salmon and steelhead 2022,1,2022-10-03,2022-10-09,40,weekend,Boat,Chinook|Coho_Adult|Jack_AD|UM|UNK_Kept,PE,catch,daily_mean,64.90350000000001,week
81F6F893-1C3B-40E3-A188-84F65DBCD2D0,CRM - Roving Creel Project,Drano Lake salmon and steelhead 2022,1,2022-10-03,2022-10-09,40,weekend,Boat,Chinook|Coho_Adult|Jack_AD|UM|UNK_Kept,PE,catch,daily_variance,418.5592445000002,week
81F6F893-1C3B-40E3-A188-84F65DBCD2D0,CRM - Roving Creel Project,Drano Lake salmon and steelhead 2022,1,2022-10-03,2022-10-09,40,weekend,Boat,Chinook|Coho_Adult|Jack_AD|UM|UNK_Kept,PE,catch,days_open,2,week
81F6F893-1C3B-40E3-A188-84F65DBCD2D0,CRM - Roving Creel Project,Drano Lake salmon and steelhead 2022,1,2022-10-03,2022-10-09,40,weekend,Boat,Chinook|Coho_Adult|Jack_AD|UM|UNK_Kept,PE,catch,degrees_freedom,19,week
81F6F893-1C3B-40E3-A188-84F65DBCD2D0,CRM - Roving Creel Project,Drano Lake salmon and steelhead 2022,1,2022-10-03,2022-10-09,40,weekend,Boat,Chinook|Coho_Adult|Jack_AD|UM|UNK_Kept,PE,catch,total_catch,129.80700000000002,week
81F6F893-1C3B-40E3-A188-84F65DBCD2D0,CRM - Roving Creel Project,Drano Lake salmon and steelhead 2022,1,2022-10-10,2022-10-16,41,weekday,Bank,Chinook|Coho_Adult|Jack_AD|UM|UNK_Kept,PE,catch,number_observations,1,week
81F6F893-1C3B-40E3-A188-84F65DBCD2D0,CRM - Roving Creel Project,Drano Lake salmon and steelhead 2022,1,2022-10-10,2022-10-16,41,weekday,Bank,Chinook|Coho_Adult|Jack_AD|UM|UNK_Kept,PE,catch,daily_mean,0,week
81F6F893-1C3B-40E3-A188-84F65DBCD2D0,CRM - Roving Creel Project,Drano Lake salmon and steelhead 2022,1,2022-10-10,2022-10-16,41,weekday,Bank,Chinook|Coho_Adult|Jack_AD|UM|UNK_Kept,PE,catch,daily_variance,0,week
81F6F893-1C3B-40E3-A188-84F65DBCD2D0,CRM - Roving Creel Project,Drano Lake salmon and steelhead 2022,1,2022-10-10,2022-10-16,41,weekday,Bank,Chinook|Coho_Adult|Jack_AD|UM|UNK_Kept,PE,catch,days_open,4,week
81F6F893-1C3B-40E3-A188-84F65DBCD2D0,CRM - Roving Creel Project,Drano Lake salmon and steelhead 2022,1,2022-10-10,2022-10-16,41,weekday,Bank,Chinook|Coho_Adult|Jack_AD|UM|UNK_Kept,PE,catch,degrees_freedom,19,week
81F6F893-1C3B-40E3-A188-84F65DBCD2D0,CRM - Roving Creel Project,Drano Lake salmon and steelhead 2022,1,2022-10-10,2022-10-16,41,weekday,Bank,Chinook|Coho_Adult|Jack_AD|UM|UNK_Kept,PE,catch,total_catch,0,week
81F6F893-1C3B-40E3-A188-84F65DBCD2D0,CRM - Roving Creel Project,Drano Lake salmon and steelhead 2022,1,2022-10-10,2022-10-16,41,weekday,Boat,Chinook|Coho_Adult|Jack_AD|UM|UNK_Kept,PE,catch,number_observations,2,week
81F6F893-1C3B-40E3-A188-84F65DBCD2D0,CRM - Roving Creel Project,Drano Lake salmon and steelhead 2022,1,2022-10-10,2022-10-16,41,weekday,Boat,Chinook|Coho_Adult|Jack_AD|UM|UNK_Kept,PE,catch,daily_mean,24.235500000000002,week
81F6F893-1C3B-40E3-A188-84F65DBCD2D0,CRM - Roving Creel Project,Drano Lake salmon and steelhead 2022,1,2022-10-10,2022-10-16,41,weekday,Boat,Chinook|Coho_Adult|Jack_AD|UM|UNK_Kept,PE,catch,daily_variance,494.1424845,week
81F6F893-1C3B-40E3-A188-84F65DBCD2D0,CRM - Roving Creel Project,Drano Lake salmon and steelhead 2022,1,2022-10-10,2022-10-16,41,weekday,Boat,Chinook|Coho_Adult|Jack_AD|UM|UNK_Kept,PE,catch,days_open,4,week
81F6F893-1C3B-40E3-A188-84F65DBCD2D0,CRM - Roving Creel Project,Drano Lake salmon and steelhead 2022,1,2022-10-10,2022-10-16,41,weekday,Boat,Chinook|Coho_Adult|Jack_AD|UM|UNK_Kept,PE,catch,degrees_freedom,19,week
81F6F893-1C3B-40E3-A188-84F65DBCD2D0,CRM - Roving Creel Project,Drano Lake salmon and steelhead 2022,1,2022-10-10,2022-10-16,41,weekday,Boat,Chinook|Coho_Adult|Jack_AD|UM|UNK_Kept,PE,catch,total_catch,96.94200000000001,week
81F6F893-1C3B-40E3-A188-84F65DBCD2D0,CRM - Roving Creel Project,Drano Lake salmon and steelhead 2022,1,2022-10-10,2022-10-16,41,weekend,Bank,Chinook|Coho_Adult|Jack_AD|UM|UNK_Kept,PE,catch,number_observations,1,week
81F6F893-1C3B-40E3-A188-84F65DBCD2D0,CRM - Roving Creel Project,Drano Lake salmon and steelhead 2022,1,2022-10-10,2022-10-16,41,weekend,Bank,Chinook|Coho_Adult|Jack_AD|UM|UNK_Kept,PE,catch,daily_mean,0,week
81F6F893-1C3B-40E3-A188-84F65DBCD2D0,CRM - Roving Creel Project,Drano Lake salmon and steelhead 2022,1,2022-10-10,2022-10-16,41,weekend,Bank,Chinook|Coho_Adult|Jack_AD|UM|UNK_Kept,PE,catch,daily_variance,0,week
81F6F893-1C3B-40E3-A188-84F65DBCD2D0,CRM - Roving Creel Project,Drano Lake salmon and steelhead 2022,1,2022-10-10,2022-10-16,41,weekend,Bank,Chinook|Coho_Adult|Jack_AD|UM|UNK_Kept,PE,catch,days_open,2,week
81F6F893-1C3B-40E3-A188-84F65DBCD2D0,CRM - Roving Creel Project,Drano Lake salmon and steelhead 2022,1,2022-10-10,2022-10-16,41,weekend,Bank,Chinook|Coho_Adult|Jack_AD|UM|UNK_Kept,PE,catch,degrees_freedom,19,week
81F6F893-1C3B-40E3-A188-84F65DBCD2D0,CRM - Roving Creel Project,Drano Lake salmon and steelhead 2022,1,2022-10-10,2022-10-16,41,weekend,Bank,Chinook|Coho_Adult|Jack_AD|UM|UNK_Kept,PE,catch,total_catch,0,week
81F6F893-1C3B-40E3-A188-84F65DBCD2D0,CRM - Roving Creel Project,Drano Lake salmon and steelhead 2022,1,2022-10-10,2022-10-16,41,weekend,Boat,Chinook|Coho_Adult|Jack_AD|UM|UNK_Kept,PE,catch,number_observations,2,week
81F6F893-1C3B-40E3-A188-84F65DBCD2D0,CRM - Roving Creel Project,Drano Lake salmon and steelhead 2022,1,2022-10-10,2022-10-16,41,weekend,Boat,Chinook|Coho_Adult|Jack_AD|UM|UNK_Kept,PE,catch,daily_mean,33.534,week
81F6F893-1C3B-40E3-A188-84F65DBCD2D0,CRM - Roving Creel Project,Drano Lake salmon and steelhead 2022,1,2022-10-10,2022-10-16,41,weekend,Boat,Chinook|Coho_Adult|Jack_AD|UM|UNK_Kept,PE,catch,daily_variance,26.601217999999978,week
81F6F893-1C3B-40E3-A188-84F65DBCD2D0,CRM - Roving Creel Project,Drano Lake salmon and steelhead 2022,1,2022-10-10,2022-10-16,41,weekend,Boat,Chinook|Coho_Adult|Jack_AD|UM|UNK_Kept,PE,catch,days_open,2,week
81F6F893-1C3B-40E3-A188-84F65DBCD2D0,CRM - Roving Creel Project,Drano Lake salmon and steelhead 2022,1,2022-10-10,2022-10-16,41,weekend,Boat,Chinook|Coho_Adult|Jack_AD|UM|UNK_Kept,PE,catch,degrees_freedom,19,week
81F6F893-1C3B-40E3-A188-84F65DBCD2D0,CRM - Roving Creel Project,Drano Lake salmon and steelhead 2022,1,2022-10-10,2022-10-16,41,weekend,Boat,Chinook|Coho_Adult|Jack_AD|UM|UNK_Kept,PE,catch,total_catch,67.068,week
81F6F893-1C3B-40E3-A188-84F65DBCD2D0,CRM - Roving Creel Project,Drano Lake salmon and steelhead 2022,1,2022-10-17,2022-10-23,42,weekday,Bank,Chinook|Coho_Adult|Jack_AD|UM|UNK_Kept,PE,catch,number_observations,1,week
81F6F893-1C3B-40E3-A188-84F65DBCD2D0,CRM - Roving Creel Project,Drano Lake salmon and steelhead 2022,1,2022-10-17,2022-10-23,42,weekday,Bank,Chinook|Coho_Adult|Jack_AD|UM|UNK_Kept,PE,catch,daily_mean,0,week
81F6F893-1C3B-40E3-A188-84F65DBCD2D0,CRM - Roving Creel Project,Drano Lake salmon and steelhead 2022,1,2022-10-17,2022-10-23,42,weekday,Bank,Chinook|Coho_Adult|Jack_AD|UM|UNK_Kept,PE,catch,daily_variance,0,week
81F6F893-1C3B-40E3-A188-84F65DBCD2D0,CRM - Roving Creel Project,Drano Lake salmon and steelhead 2022,1,2022-10-17,2022-10-23,42,weekday,Bank,Chinook|Coho_Adult|Jack_AD|UM|UNK_Kept,PE,catch,days_open,4,week
81F6F893-1C3B-40E3-A188-84F65DBCD2D0,CRM - Roving Creel Project,Drano Lake salmon and steelhead 2022,1,2022-10-17,2022-10-23,42,weekday,Bank,Chinook|Coho_Adult|Jack_AD|UM|UNK_Kept,PE,catch,degrees_freedom,19,week
81F6F893-1C3B-40E3-A188-84F65DBCD2D0,CRM - Roving Creel Project,Drano Lake salmon and steelhead 2022,1,2022-10-17,2022-10-23,42,weekday,Bank,Chinook|Coho_Adult|Jack_AD|UM|UNK_Kept,PE,catch,total_catch,0,week
81F6F893-1C3B-40E3-A188-84F65DBCD2D0,CRM - Roving Creel Project,Drano Lake salmon and steelhead 2022,1,2022-10-17,2022-10-23,42,weekday,Boat,Chinook|Coho_Adult|Jack_AD|UM|UNK_Kept,PE,catch,number_observations,2,week
81F6F893-1C3B-40E3-A188-84F65DBCD2D0,CRM - Roving Creel Project,Drano Lake salmon and steelhead 2022,1,2022-10-17,2022-10-23,42,weekday,Boat,Chinook|Coho_Adult|Jack_AD|UM|UNK_Kept,PE,catch,daily_mean,6.561,week
81F6F893-1C3B-40E3-A188-84F65DBCD2D0,CRM - Roving Creel Project,Drano Lake salmon and steelhead 2022,1,2022-10-17,2022-10-23,42,weekday,Boat,Chinook|Coho_Adult|Jack_AD|UM|UNK_Kept,PE,catch,daily_variance,18.898951999999998,week
81F6F893-1C3B-40E3-A188-84F65DBCD2D0,CRM - Roving Creel Project,Drano Lake salmon and steelhead 2022,1,2022-10-17,2022-10-23,42,weekday,Boat,Chinook|Coho_Adult|Jack_AD|UM|UNK_Kept,PE,catch,days_open,4,week
81F6F893-1C3B-40E3-A188-84F65DBCD2D0,CRM - Roving Creel Project,Drano Lake salmon and steelhead 2022,1,2022-10-17,2022-10-23,42,weekday,Boat,Chinook|Coho_Adult|Jack_AD|UM|UNK_Kept,PE,catch,degrees_freedom,19,week
81F6F893-1C3B-40E3-A188-84F65DBCD2D0,CRM - Roving Creel Project,Drano Lake salmon and steelhead 2022,1,2022-10-17,2022-10-23,42,weekday,Boat,Chinook|Coho_Adult|Jack_AD|UM|UNK_Kept,PE,catch,total_catch,26.244,week
81F6F893-1C3B-40E3-A188-84F65DBCD2D0,CRM - Roving Creel Project,Drano Lake salmon and steelhead 2022,1,2022-10-17,2022-10-23,42,weekend,Bank,Chinook|Coho_Adult|Jack_AD|UM|UNK_Kept,PE,catch,number_observations,2,week
81F6F893-1C3B-40E3-A188-84F65DBCD2D0,CRM - Roving Creel Project,Drano Lake salmon and steelhead 2022,1,2022-10-17,2022-10-23,42,weekend,Bank,Chinook|Coho_Adult|Jack_AD|UM|UNK_Kept,PE,catch,daily_mean,3.7975,week
81F6F893-1C3B-40E3-A188-84F65DBCD2D0,CRM - Roving Creel Project,Drano Lake salmon and steelhead 2022,1,2022-10-17,2022-10-23,42,weekend,Bank,Chinook|Coho_Adult|Jack_AD|UM|UNK_Kept,PE,catch,daily_variance,28.8420125,week
81F6F893-1C3B-40E3-A188-84F65DBCD2D0,CRM - Roving Creel Project,Drano Lake salmon and steelhead 2022,1,2022-10-17,2022-10-23,42,weekend,Bank,Chinook|Coho_Adult|Jack_AD|UM|UNK_Kept,PE,catch,days_open,2,week
81F6F893-1C3B-40E3-A188-84F65DBCD2D0,CRM - Roving Creel Project,Drano Lake salmon and steelhead 2022,1,2022-10-17,2022-10-23,42,weekend,Bank,Chinook|Coho_Adult|Jack_AD|UM|UNK_Kept,PE,catch,degrees_freedom,19,week
81F6F893-1C3B-40E3-A188-84F65DBCD2D0,CRM - Roving Creel Project,Drano Lake salmon and steelhead 2022,1,2022-10-17,2022-10-23,42,weekend,Bank,Chinook|Coho_Adult|Jack_AD|UM|UNK_Kept,PE,catch,total_catch,7.595,week
81F6F893-1C3B-40E3-A188-84F65DBCD2D0,CRM - Roving Creel Project,Drano Lake salmon and steelhead 2022,1,2022-10-17,2022-10-23,42,weekend,Boat,Chinook|Coho_Adult|Jack_AD|UM|UNK_Kept,PE,catch,number_observations,2,week
81F6F893-1C3B-40E3-A188-84F65DBCD2D0,CRM - Roving Creel Project,Drano Lake salmon and steelhead 2022,1,2022-10-17,2022-10-23,42,weekend,Boat,Chinook|Coho_Adult|Jack_AD|UM|UNK_Kept,PE,catch,daily_mean,32.503,week
81F6F893-1C3B-40E3-A188-84F65DBCD2D0,CRM - Roving Creel Project,Drano Lake salmon and steelhead 2022,1,2022-10-17,2022-10-23,42,weekend,Boat,Chinook|Coho_Adult|Jack_AD|UM|UNK_Kept,PE,catch,daily_variance,738.4324500000001,week
81F6F893-1C3B-40E3-A188-84F65DBCD2D0,CRM - Roving Creel Project,Drano Lake salmon and steelhead 2022,1,2022-10-17,2022-10-23,42,weekend,Boat,Chinook|Coho_Adult|Jack_AD|UM|UNK_Kept,PE,catch,days_open,2,week
81F6F893-1C3B-40E3-A188-84F65DBCD2D0,CRM - Roving Creel Project,Drano Lake salmon and steelhead 2022,1,2022-10-17,2022-10-23,42,weekend,Boat,Chinook|Coho_Adult|Jack_AD|UM|UNK_Kept,PE,catch,degrees_freedom,19,week
81F6F893-1C3B-40E3-A188-84F65DBCD2D0,CRM - Roving Creel Project,Drano Lake salmon and steelhead 2022,1,2022-10-17,2022-10-23,42,weekend,Boat,Chinook|Coho_Adult|Jack_AD|UM|UNK_Kept,PE,catch,total_catch,65.006,week
81F6F893-1C3B-40E3-A188-84F65DBCD2D0,CRM - Roving Creel Project,Drano Lake salmon and steelhead 2022,1,2022-10-24,2022-10-30,43,weekday,Bank,Chinook|Coho_Adult|Jack_AD|UM|UNK_Kept,PE,catch,number_observations,1,week
81F6F893-1C3B-40E3-A188-84F65DBCD2D0,CRM - Roving Creel Project,Drano Lake salmon and steelhead 2022,1,2022-10-24,2022-10-30,43,weekday,Bank,Chinook|Coho_Adult|Jack_AD|UM|UNK_Kept,PE,catch,daily_mean,0,week
81F6F893-1C3B-40E3-A188-84F65DBCD2D0,CRM - Roving Creel Project,Drano Lake salmon and steelhead 2022,1,2022-10-24,2022-10-30,43,weekday,Bank,Chinook|Coho_Adult|Jack_AD|UM|UNK_Kept,PE,catch,daily_variance,0,week
81F6F893-1C3B-40E3-A188-84F65DBCD2D0,CRM - Roving Creel Project,Drano Lake salmon and steelhead 2022,1,2022-10-24,2022-10-30,43,weekday,Bank,Chinook|Coho_Adult|Jack_AD|UM|UNK_Kept,PE,catch,days_open,4,week
81F6F893-1C3B-40E3-A188-84F65DBCD2D0,CRM - Roving Creel Project,Drano Lake salmon and steelhead 2022,1,2022-10-24,2022-10-30,43,weekday,Bank,Chinook|Coho_Adult|Jack_AD|UM|UNK_Kept,PE,catch,degrees_freedom,19,week
81F6F893-1C3B-40E3-A188-84F65DBCD2D0,CRM - Roving Creel Project,Drano Lake salmon and steelhead 2022,1,2022-10-24,2022-10-30,43,weekday,Bank,Chinook|Coho_Adult|Jack_AD|UM|UNK_Kept,PE,catch,total_catch,0,week
81F6F893-1C3B-40E3-A188-84F65DBCD2D0,CRM - Roving Creel Project,Drano Lake salmon and steelhead 2022,1,2022-10-24,2022-10-30,43,weekday,Boat,Chinook|Coho_Adult|Jack_AD|UM|UNK_Kept,PE,catch,number_observations,2,week
81F6F893-1C3B-40E3-A188-84F65DBCD2D0,CRM - Roving Creel Project,Drano Lake salmon and steelhead 2022,1,2022-10-24,2022-10-30,43,weekday,Boat,Chinook|Coho_Adult|Jack_AD|UM|UNK_Kept,PE,catch,daily_mean,0.805,week
81F6F893-1C3B-40E3-A188-84F65DBCD2D0,CRM - Roving Creel Project,Drano Lake salmon and steelhead 2022,1,2022-10-24,2022-10-30,43,weekday,Boat,Chinook|Coho_Adult|Jack_AD|UM|UNK_Kept,PE,catch,daily_variance,1.2960500000000001,week
81F6F893-1C3B-40E3-A188-84F65DBCD2D0,CRM - Roving Creel Project,Drano Lake salmon and steelhead 2022,1,2022-10-24,2022-10-30,43,weekday,Boat,Chinook|Coho_Adult|Jack_AD|UM|UNK_Kept,PE,catch,days_open,4,week
81F6F893-1C3B-40E3-A188-84F65DBCD2D0,CRM - Roving Creel Project,Drano Lake salmon and steelhead 2022,1,2022-10-24,2022-10-30,43,weekday,Boat,Chinook|Coho_Adult|Jack_AD|UM|UNK_Kept,PE,catch,degrees_freedom,19,week
81F6F893-1C3B-40E3-A188-84F65DBCD2D0,CRM - Roving Creel Project,Drano Lake salmon and steelhead 2022,1,2022-10-24,2022-10-30,43,weekday,Boat,Chinook|Coho_Adult|Jack_AD|UM|UNK_Kept,PE,catch,total_catch,3.22,week
81F6F893-1C3B-40E3-A188-84F65DBCD2D0,CRM - Roving Creel Project,Drano Lake salmon and steelhead 2022,1,2022-10-24,2022-10-30,43,weekend,Bank,Chinook|Coho_Adult|Jack_AD|UM|UNK_Kept,PE,catch,number_observations,1,week
81F6F893-1C3B-40E3-A188-84F65DBCD2D0,CRM - Roving Creel Project,Drano Lake salmon and steelhead 2022,1,2022-10-24,2022-10-30,43,weekend,Bank,Chinook|Coho_Adult|Jack_AD|UM|UNK_Kept,PE,catch,daily_mean,2.221,week
81F6F893-1C3B-40E3-A188-84F65DBCD2D0,CRM - Roving Creel Project,Drano Lake salmon and steelhead 2022,1,2022-10-24,2022-10-30,43,weekend,Bank,Chinook|Coho_Adult|Jack_AD|UM|UNK_Kept,PE,catch,daily_variance,0,week
81F6F893-1C3B-40E3-A188-84F65DBCD2D0,CRM - Roving Creel Project,Drano Lake salmon and steelhead 2022,1,2022-10-24,2022-10-30,43,weekend,Bank,Chinook|Coho_Adult|Jack_AD|UM|UNK_Kept,PE,catch,days_open,2,week
81F6F893-1C3B-40E3-A188-84F65DBCD2D0,CRM - Roving Creel Project,Drano Lake salmon and steelhead 2022,1,2022-10-24,2022-10-30,43,weekend,Bank,Chinook|Coho_Adult|Jack_AD|UM|UNK_Kept,PE,catch,degrees_freedom,19,week
81F6F893-1C3B-40E3-A188-84F65DBCD2D0,CRM - Roving Creel Project,Drano Lake salmon and steelhead 2022,1,2022-10-24,2022-10-30,43,weekend,Bank,Chinook|Coho_Adult|Jack_AD|UM|UNK_Kept,PE,catch,total_catch,4.442,week
81F6F893-1C3B-40E3-A188-84F65DBCD2D0,CRM - Roving Creel Project,Drano Lake salmon and steelhead 2022,1,2022-10-24,2022-10-30,43,weekend,Boat,Chinook|Coho_Adult|Jack_AD|UM|UNK_Kept,PE,catch,number_observations,2,week
81F6F893-1C3B-40E3-A188-84F65DBCD2D0,CRM - Roving Creel Project,Drano Lake salmon and steelhead 2022,1,2022-10-24,2022-10-30,43,weekend,Boat,Chinook|Coho_Adult|Jack_AD|UM|UNK_Kept,PE,catch,daily_mean,2.6445,week
81F6F893-1C3B-40E3-A188-84F65DBCD2D0,CRM - Roving Creel Project,Drano Lake salmon and steelhead 2022,1,2022-10-24,2022-10-30,43,weekend,Boat,Chinook|Coho_Adult|Jack_AD|UM|UNK_Kept,PE,catch,daily_variance,4.684860499999999,week
81F6F893-1C3B-40E3-A188-84F65DBCD2D0,CRM - Roving Creel Project,Drano Lake salmon and steelhead 2022,1,2022-10-24,2022-10-30,43,weekend,Boat,Chinook|Coho_Adult|Jack_AD|UM|UNK_Kept,PE,catch,days_open,2,week
81F6F893-1C3B-40E3-A188-84F65DBCD2D0,CRM - Roving Creel Project,Drano Lake salmon and steelhead 2022,1,2022-10-24,2022-10-30,43,weekend,Boat,Chinook|Coho_Adult|Jack_AD|UM|UNK_Kept,PE,catch,degrees_freedom,19,week
81F6F893-1C3B-40E3-A188-84F65DBCD2D0,CRM - Roving Creel Project,Drano Lake salmon and steelhead 2022,1,2022-10-24,2022-10-30,43,weekend,Boat,Chinook|Coho_Adult|Jack_AD|UM|UNK_Kept,PE,catch,total_catch,5.289,week
81F6F893-1C3B-40E3-A188-84F65DBCD2D0,CRM - Roving Creel Project,Drano Lake salmon and steelhead 2022,2,2022-08-01,2022-08-07,31,weekday,Bank,Chinook|Coho_Adult|Jack_AD|UM|UNK_Kept,PE,catch,number_observations,2,week
81F6F893-1C3B-40E3-A188-84F65DBCD2D0,CRM - Roving Creel Project,Drano Lake salmon and steelhead 2022,2,2022-08-01,2022-08-07,31,weekday,Bank,Chinook|Coho_Adult|Jack_AD|UM|UNK_Kept,PE,catch,daily_mean,0,week
81F6F893-1C3B-40E3-A188-84F65DBCD2D0,CRM - Roving Creel Project,Drano Lake salmon and steelhead 2022,2,2022-08-01,2022-08-07,31,weekday,Bank,Chinook|Coho_Adult|Jack_AD|UM|UNK_Kept,PE,catch,daily_variance,0,week
81F6F893-1C3B-40E3-A188-84F65DBCD2D0,CRM - Roving Creel Project,Drano Lake salmon and steelhead 2022,2,2022-08-01,2022-08-07,31,weekday,Bank,Chinook|Coho_Adult|Jack_AD|UM|UNK_Kept,PE,catch,days_open,5,week
81F6F893-1C3B-40E3-A188-84F65DBCD2D0,CRM - Roving Creel Project,Drano Lake salmon and steelhead 2022,2,2022-08-01,2022-08-07,31,weekday,Bank,Chinook|Coho_Adult|Jack_AD|UM|UNK_Kept,PE,catch,degrees_freedom,18,week
81F6F893-1C3B-40E3-A188-84F65DBCD2D0,CRM - Roving Creel Project,Drano Lake salmon and steelhead 2022,2,2022-08-01,2022-08-07,31,weekday,Bank,Chinook|Coho_Adult|Jack_AD|UM|UNK_Kept,PE,catch,total_catch,0,week
81F6F893-1C3B-40E3-A188-84F65DBCD2D0,CRM - Roving Creel Project,Drano Lake salmon and steelhead 2022,2,2022-08-01,2022-08-07,31,weekend,Bank,Chinook|Coho_Adult|Jack_AD|UM|UNK_Kept,PE,catch,number_observations,1,week
81F6F893-1C3B-40E3-A188-84F65DBCD2D0,CRM - Roving Creel Project,Drano Lake salmon and steelhead 2022,2,2022-08-01,2022-08-07,31,weekend,Bank,Chinook|Coho_Adult|Jack_AD|UM|UNK_Kept,PE,catch,daily_mean,0,week
81F6F893-1C3B-40E3-A188-84F65DBCD2D0,CRM - Roving Creel Project,Drano Lake salmon and steelhead 2022,2,2022-08-01,2022-08-07,31,weekend,Bank,Chinook|Coho_Adult|Jack_AD|UM|UNK_Kept,PE,catch,daily_variance,0,week
81F6F893-1C3B-40E3-A188-84F65DBCD2D0,CRM - Roving Creel Project,Drano Lake salmon and steelhead 2022,2,2022-08-01,2022-08-07,31,weekend,Bank,Chinook|Coho_Adult|Jack_AD|UM|UNK_Kept,PE,catch,days_open,2,week
81F6F893-1C3B-40E3-A188-84F65DBCD2D0,CRM - Roving Creel Project,Drano Lake salmon and steelhead 2022,2,2022-08-01,2022-08-07,31,weekend,Bank,Chinook|Coho_Adult|Jack_AD|UM|UNK_Kept,PE,catch,degrees_freedom,18,week
81F6F893-1C3B-40E3-A188-84F65DBCD2D0,CRM - Roving Creel Project,Drano Lake salmon and steelhead 2022,2,2022-08-01,2022-08-07,31,weekend,Bank,Chinook|Coho_Adult|Jack_AD|UM|UNK_Kept,PE,catch,total_catch,0,week
81F6F893-1C3B-40E3-A188-84F65DBCD2D0,CRM - Roving Creel Project,Drano Lake salmon and steelhead 2022,2,2022-08-08,2022-08-14,32,weekend,Bank,Chinook|Coho_Adult|Jack_AD|UM|UNK_Kept,PE,catch,number_observations,2,week
81F6F893-1C3B-40E3-A188-84F65DBCD2D0,CRM - Roving Creel Project,Drano Lake salmon and steelhead 2022,2,2022-08-08,2022-08-14,32,weekend,Bank,Chinook|Coho_Adult|Jack_AD|UM|UNK_Kept,PE,catch,daily_mean,0,week
81F6F893-1C3B-40E3-A188-84F65DBCD2D0,CRM - Roving Creel Project,Drano Lake salmon and steelhead 2022,2,2022-08-08,2022-08-14,32,weekend,Bank,Chinook|Coho_Adult|Jack_AD|UM|UNK_Kept,PE,catch,daily_variance,0,week
81F6F893-1C3B-40E3-A188-84F65DBCD2D0,CRM - Roving Creel Project,Drano Lake salmon and steelhead 2022,2,2022-08-08,2022-08-14,32,weekend,Bank,Chinook|Coho_Adult|Jack_AD|UM|UNK_Kept,PE,catch,days_open,2,week
81F6F893-1C3B-40E3-A188-84F65DBCD2D0,CRM - Roving Creel Project,Drano Lake salmon and steelhead 2022,2,2022-08-08,2022-08-14,32,weekend,Bank,Chinook|Coho_Adult|Jack_AD|UM|UNK_Kept,PE,catch,degrees_freedom,18,week
81F6F893-1C3B-40E3-A188-84F65DBCD2D0,CRM - Roving Creel Project,Drano Lake salmon and steelhead 2022,2,2022-08-08,2022-08-14,32,weekend,Bank,Chinook|Coho_Adult|Jack_AD|UM|UNK_Kept,PE,catch,total_catch,0,week
81F6F893-1C3B-40E3-A188-84F65DBCD2D0,CRM - Roving Creel Project,Drano Lake salmon and steelhead 2022,2,2022-08-15,2022-08-21,33,weekday,Bank,Chinook|Coho_Adult|Jack_AD|UM|UNK_Kept,PE,catch,number_observations,2,week
81F6F893-1C3B-40E3-A188-84F65DBCD2D0,CRM - Roving Creel Project,Drano Lake salmon and steelhead 2022,2,2022-08-15,2022-08-21,33,weekday,Bank,Chinook|Coho_Adult|Jack_AD|UM|UNK_Kept,PE,catch,daily_mean,0,week
81F6F893-1C3B-40E3-A188-84F65DBCD2D0,CRM - Roving Creel Project,Drano Lake salmon and steelhead 2022,2,2022-08-15,2022-08-21,33,weekday,Bank,Chinook|Coho_Adult|Jack_AD|UM|UNK_Kept,PE,catch,daily_variance,0,week
81F6F893-1C3B-40E3-A188-84F65DBCD2D0,CRM - Roving Creel Project,Drano Lake salmon and steelhead 2022,2,2022-08-15,2022-08-21,33,weekday,Bank,Chinook|Coho_Adult|Jack_AD|UM|UNK_Kept,PE,catch,days_open,5,week
81F6F893-1C3B-40E3-A188-84F65DBCD2D0,CRM - Roving Creel Project,Drano Lake salmon and steelhead 2022,2,2022-08-15,2022-08-21,33,weekday,Bank,Chinook|Coho_Adult|Jack_AD|UM|UNK_Kept,PE,catch,degrees_freedom,18,week
81F6F893-1C3B-40E3-A188-84F65DBCD2D0,CRM - Roving Creel Project,Drano Lake salmon and steelhead 2022,2,2022-08-15,2022-08-21,33,weekday,Bank,Chinook|Coho_Adult|Jack_AD|UM|UNK_Kept,PE,catch,total_catch,0,week
81F6F893-1C3B-40E3-A188-84F65DBCD2D0,CRM - Roving Creel Project,Drano Lake salmon and steelhead 2022,2,2022-08-15,2022-08-21,33,weekend,Bank,Chinook|Coho_Adult|Jack_AD|UM|UNK_Kept,PE,catch,number_observations,1,week
81F6F893-1C3B-40E3-A188-84F65DBCD2D0,CRM - Roving Creel Project,Drano Lake salmon and steelhead 2022,2,2022-08-15,2022-08-21,33,weekend,Bank,Chinook|Coho_Adult|Jack_AD|UM|UNK_Kept,PE,catch,daily_mean,0,week
81F6F893-1C3B-40E3-A188-84F65DBCD2D0,CRM - Roving Creel Project,Drano Lake salmon and steelhead 2022,2,2022-08-15,2022-08-21,33,weekend,Bank,Chinook|Coho_Adult|Jack_AD|UM|UNK_Kept,PE,catch,daily_variance,0,week
81F6F893-1C3B-40E3-A188-84F65DBCD2D0,CRM - Roving Creel Project,Drano Lake salmon and steelhead 2022,2,2022-08-15,2022-08-21,33,weekend,Bank,Chinook|Coho_Adult|Jack_AD|UM|UNK_Kept,PE,catch,days_open,2,week
81F6F893-1C3B-40E3-A188-84F65DBCD2D0,CRM - Roving Creel Project,Drano Lake salmon and steelhead 2022,2,2022-08-15,2022-08-21,33,weekend,Bank,Chinook|Coho_Adult|Jack_AD|UM|UNK_Kept,PE,catch,degrees_freedom,18,week
81F6F893-1C3B-40E3-A188-84F65DBCD2D0,CRM - Roving Creel Project,Drano Lake salmon and steelhead 2022,2,2022-08-15,2022-08-21,33,weekend,Bank,Chinook|Coho_Adult|Jack_AD|UM|UNK_Kept,PE,catch,total_catch,0,week
81F6F893-1C3B-40E3-A188-84F65DBCD2D0,CRM - Roving Creel Project,Drano Lake salmon and steelhead 2022,2,2022-08-22,2022-08-28,34,weekday,Bank,Chinook|Coho_Adult|Jack_AD|UM|UNK_Kept,PE,catch,number_observations,2,week
81F6F893-1C3B-40E3-A188-84F65DBCD2D0,CRM - Roving Creel Project,Drano Lake salmon and steelhead 2022,2,2022-08-22,2022-08-28,34,weekday,Bank,Chinook|Coho_Adult|Jack_AD|UM|UNK_Kept,PE,catch,daily_mean,2.6245,week
81F6F893-1C3B-40E3-A188-84F65DBCD2D0,CRM - Roving Creel Project,Drano Lake salmon and steelhead 2022,2,2022-08-22,2022-08-28,34,weekday,Bank,Chinook|Coho_Adult|Jack_AD|UM|UNK_Kept,PE,catch,daily_variance,13.776000499999999,week
81F6F893-1C3B-40E3-A188-84F65DBCD2D0,CRM - Roving Creel Project,Drano Lake salmon and steelhead 2022,2,2022-08-22,2022-08-28,34,weekday,Bank,Chinook|Coho_Adult|Jack_AD|UM|UNK_Kept,PE,catch,days_open,5,week
81F6F893-1C3B-40E3-A188-84F65DBCD2D0,CRM - Roving Creel Project,Drano Lake salmon and steelhead 2022,2,2022-08-22,2022-08-28,34,weekday,Bank,Chinook|Coho_Adult|Jack_AD|UM|UNK_Kept,PE,catch,degrees_freedom,18,week
81F6F893-1C3B-40E3-A188-84F65DBCD2D0,CRM - Roving Creel Project,Drano Lake salmon and steelhead 2022,2,2022-08-22,2022-08-28,34,weekday,Bank,Chinook|Coho_Adult|Jack_AD|UM|UNK_Kept,PE,catch,total_catch,13.122499999999999,week
81F6F893-1C3B-40E3-A188-84F65DBCD2D0,CRM - Roving Creel Project,Drano Lake salmon and steelhead 2022,2,2022-08-22,2022-08-28,34,weekend,Bank,Chinook|Coho_Adult|Jack_AD|UM|UNK_Kept,PE,catch,number_observations,2,week
81F6F893-1C3B-40E3-A188-84F65DBCD2D0,CRM - Roving Creel Project,Drano Lake salmon and steelhead 2022,2,2022-08-22,2022-08-28,34,weekend,Bank,Chinook|Coho_Adult|Jack_AD|UM|UNK_Kept,PE,catch,daily_mean,2.111,week
81F6F893-1C3B-40E3-A188-84F65DBCD2D0,CRM - Roving Creel Project,Drano Lake salmon and steelhead 2022,2,2022-08-22,2022-08-28,34,weekend,Bank,Chinook|Coho_Adult|Jack_AD|UM|UNK_Kept,PE,catch,daily_variance,8.912642000000002,week
81F6F893-1C3B-40E3-A188-84F65DBCD2D0,CRM - Roving Creel Project,Drano Lake salmon and steelhead 2022,2,2022-08-22,2022-08-28,34,weekend,Bank,Chinook|Coho_Adult|Jack_AD|UM|UNK_Kept,PE,catch,days_open,2,week
81F6F893-1C3B-40E3-A188-84F65DBCD2D0,CRM - Roving Creel Project,Drano Lake salmon and steelhead 2022,2,2022-08-22,2022-08-28,34,weekend,Bank,Chinook|Coho_Adult|Jack_AD|UM|UNK_Kept,PE,catch,degrees_freedom,18,week
81F6F893-1C3B-40E3-A188-84F65DBCD2D0,CRM - Roving Creel Project,Drano Lake salmon and steelhead 2022,2,2022-08-22,2022-08-28,34,weekend,Bank,Chinook|Coho_Adult|Jack_AD|UM|UNK_Kept,PE,catch,total_catch,4.222,week
81F6F893-1C3B-40E3-A188-84F65DBCD2D0,CRM - Roving Creel Project,Drano Lake salmon and steelhead 2022,2,2022-08-22,2022-08-28,34,weekend,Boat,Chinook|Coho_Adult|Jack_AD|UM|UNK_Kept,PE,catch,number_observations,1,week
81F6F893-1C3B-40E3-A188-84F65DBCD2D0,CRM - Roving Creel Project,Drano Lake salmon and steelhead 2022,2,2022-08-22,2022-08-28,34,weekend,Boat,Chinook|Coho_Adult|Jack_AD|UM|UNK_Kept,PE,catch,daily_mean,0,week
81F6F893-1C3B-40E3-A188-84F65DBCD2D0,CRM - Roving Creel Project,Drano Lake salmon and steelhead 2022,2,2022-08-22,2022-08-28,34,weekend,Boat,Chinook|Coho_Adult|Jack_AD|UM|UNK_Kept,PE,catch,daily_variance,0,week
81F6F893-1C3B-40E3-A188-84F65DBCD2D0,CRM - Roving Creel Project,Drano Lake salmon and steelhead 2022,2,2022-08-22,2022-08-28,34,weekend,Boat,Chinook|Coho_Adult|Jack_AD|UM|UNK_Kept,PE,catch,days_open,2,week
81F6F893-1C3B-40E3-A188-84F65DBCD2D0,CRM - Roving Creel Project,Drano Lake salmon and steelhead 2022,2,2022-08-22,2022-08-28,34,weekend,Boat,Chinook|Coho_Adult|Jack_AD|UM|UNK_Kept,PE,catch,degrees_freedom,18,week
81F6F893-1C3B-40E3-A188-84F65DBCD2D0,CRM - Roving Creel Project,Drano Lake salmon and steelhead 2022,2,2022-08-22,2022-08-28,34,weekend,Boat,Chinook|Coho_Adult|Jack_AD|UM|UNK_Kept,PE,catch,total_catch,0,week
81F6F893-1C3B-40E3-A188-84F65DBCD2D0,CRM - Roving Creel Project,Drano Lake salmon and steelhead 2022,2,2022-08-29,2022-09-04,35,weekday,Bank,Chinook|Coho_Adult|Jack_AD|UM|UNK_Kept,PE,catch,number_observations,2,week
81F6F893-1C3B-40E3-A188-84F65DBCD2D0,CRM - Roving Creel Project,Drano Lake salmon and steelhead 2022,2,2022-08-29,2022-09-04,35,weekday,Bank,Chinook|Coho_Adult|Jack_AD|UM|UNK_Kept,PE,catch,daily_mean,4.3759999999999994,week
81F6F893-1C3B-40E3-A188-84F65DBCD2D0,CRM - Roving Creel Project,Drano Lake salmon and steelhead 2022,2,2022-08-29,2022-09-04,35,weekday,Bank,Chinook|Coho_Adult|Jack_AD|UM|UNK_Kept,PE,catch,daily_variance,4.3808,week
81F6F893-1C3B-40E3-A188-84F65DBCD2D0,CRM - Roving Creel Project,Drano Lake salmon and steelhead 2022,2,2022-08-29,2022-09-04,35,weekday,Bank,Chinook|Coho_Adult|Jack_AD|UM|UNK_Kept,PE,catch,days_open,5,week
81F6F893-1C3B-40E3-A188-84F65DBCD2D0,CRM - Roving Creel Project,Drano Lake salmon and steelhead 2022,2,2022-08-29,2022-09-04,35,weekday,Bank,Chinook|Coho_Adult|Jack_AD|UM|UNK_Kept,PE,catch,degrees_freedom,18,week
81F6F893-1C3B-40E3-A188-84F65DBCD2D0,CRM - Roving Creel Project,Drano Lake salmon and steelhead 2022,2,2022-08-29,2022-09-04,35,weekday,Bank,Chinook|Coho_Adult|Jack_AD|UM|UNK_Kept,PE,catch,total_catch,21.879999999999995,week
81F6F893-1C3B-40E3-A188-84F65DBCD2D0,CRM - Roving Creel Project,Drano Lake salmon and steelhead 2022,2,2022-08-29,2022-09-04,35,weekend,Bank,Chinook|Coho_Adult|Jack_AD|UM|UNK_Kept,PE,catch,number_observations,1,week
81F6F893-1C3B-40E3-A188-84F65DBCD2D0,CRM - Roving Creel Project,Drano Lake salmon and steelhead 2022,2,2022-08-29,2022-09-04,35,weekend,Bank,Chinook|Coho_Adult|Jack_AD|UM|UNK_Kept,PE,catch,daily_mean,12.564,week
81F6F893-1C3B-40E3-A188-84F65DBCD2D0,CRM - Roving Creel Project,Drano Lake salmon and steelhead 2022,2,2022-08-29,2022-09-04,35,weekend,Bank,Chinook|Coho_Adult|Jack_AD|UM|UNK_Kept,PE,catch,daily_variance,0,week
81F6F893-1C3B-40E3-A188-84F65DBCD2D0,CRM - Roving Creel Project,Drano Lake salmon and steelhead 2022,2,2022-08-29,2022-09-04,35,weekend,Bank,Chinook|Coho_Adult|Jack_AD|UM|UNK_Kept,PE,catch,days_open,2,week
81F6F893-1C3B-40E3-A188-84F65DBCD2D0,CRM - Roving Creel Project,Drano Lake salmon and steelhead 2022,2,2022-08-29,2022-09-04,35,weekend,Bank,Chinook|Coho_Adult|Jack_AD|UM|UNK_Kept,PE,catch,degrees_freedom,18,week
81F6F893-1C3B-40E3-A188-84F65DBCD2D0,CRM - Roving Creel Project,Drano Lake salmon and steelhead 2022,2,2022-08-29,2022-09-04,35,weekend,Bank,Chinook|Coho_Adult|Jack_AD|UM|UNK_Kept,PE,catch,total_catch,25.128,week
81F6F893-1C3B-40E3-A188-84F65DBCD2D0,CRM - Roving Creel Project,Drano Lake salmon and steelhead 2022,2,2022-08-29,2022-09-04,35,weekend,Boat,Chinook|Coho_Adult|Jack_AD|UM|UNK_Kept,PE,catch,number_observations,1,week
81F6F893-1C3B-40E3-A188-84F65DBCD2D0,CRM - Roving Creel Project,Drano Lake salmon and steelhead 2022,2,2022-08-29,2022-09-04,35,weekend,Boat,Chinook|Coho_Adult|Jack_AD|UM|UNK_Kept,PE,catch,daily_mean,0,week
81F6F893-1C3B-40E3-A188-84F65DBCD2D0,CRM - Roving Creel Project,Drano Lake salmon and steelhead 2022,2,2022-08-29,2022-09-04,35,weekend,Boat,Chinook|Coho_Adult|Jack_AD|UM|UNK_Kept,PE,catch,daily_variance,0,week
81F6F893-1C3B-40E3-A188-84F65DBCD2D0,CRM - Roving Creel Project,Drano Lake salmon and steelhead 2022,2,2022-08-29,2022-09-04,35,weekend,Boat,Chinook|Coho_Adult|Jack_AD|UM|UNK_Kept,PE,catch,days_open,2,week
81F6F893-1C3B-40E3-A188-84F65DBCD2D0,CRM - Roving Creel Project,Drano Lake salmon and steelhead 2022,2,2022-08-29,2022-09-04,35,weekend,Boat,Chinook|Coho_Adult|Jack_AD|UM|UNK_Kept,PE,catch,degrees_freedom,18,week
81F6F893-1C3B-40E3-A188-84F65DBCD2D0,CRM - Roving Creel Project,Drano Lake salmon and steelhead 2022,2,2022-08-29,2022-09-04,35,weekend,Boat,Chinook|Coho_Adult|Jack_AD|UM|UNK_Kept,PE,catch,total_catch,0,week
81F6F893-1C3B-40E3-A188-84F65DBCD2D0,CRM - Roving Creel Project,Drano Lake salmon and steelhead 2022,2,2022-09-05,2022-09-11,36,weekend,Bank,Chinook|Coho_Adult|Jack_AD|UM|UNK_Kept,PE,catch,number_observations,2,week
81F6F893-1C3B-40E3-A188-84F65DBCD2D0,CRM - Roving Creel Project,Drano Lake salmon and steelhead 2022,2,2022-09-05,2022-09-11,36,weekend,Bank,Chinook|Coho_Adult|Jack_AD|UM|UNK_Kept,PE,catch,daily_mean,0,week
81F6F893-1C3B-40E3-A188-84F65DBCD2D0,CRM - Roving Creel Project,Drano Lake salmon and steelhead 2022,2,2022-09-05,2022-09-11,36,weekend,Bank,Chinook|Coho_Adult|Jack_AD|UM|UNK_Kept,PE,catch,daily_variance,0,week
81F6F893-1C3B-40E3-A188-84F65DBCD2D0,CRM - Roving Creel Project,Drano Lake salmon and steelhead 2022,2,2022-09-05,2022-09-11,36,weekend,Bank,Chinook|Coho_Adult|Jack_AD|UM|UNK_Kept,PE,catch,days_open,3,week
81F6F893-1C3B-40E3-A188-84F65DBCD2D0,CRM - Roving Creel Project,Drano Lake salmon and steelhead 2022,2,2022-09-05,2022-09-11,36,weekend,Bank,Chinook|Coho_Adult|Jack_AD|UM|UNK_Kept,PE,catch,degrees_freedom,18,week
81F6F893-1C3B-40E3-A188-84F65DBCD2D0,CRM - Roving Creel Project,Drano Lake salmon and steelhead 2022,2,2022-09-05,2022-09-11,36,weekend,Bank,Chinook|Coho_Adult|Jack_AD|UM|UNK_Kept,PE,catch,total_catch,0,week
81F6F893-1C3B-40E3-A188-84F65DBCD2D0,CRM - Roving Creel Project,Drano Lake salmon and steelhead 2022,2,2022-09-05,2022-09-11,36,weekend,Boat,Chinook|Coho_Adult|Jack_AD|UM|UNK_Kept,PE,catch,number_observations,1,week
81F6F893-1C3B-40E3-A188-84F65DBCD2D0,CRM - Roving Creel Project,Drano Lake salmon and steelhead 2022,2,2022-09-05,2022-09-11,36,weekend,Boat,Chinook|Coho_Adult|Jack_AD|UM|UNK_Kept,PE,catch,daily_mean,0,week
81F6F893-1C3B-40E3-A188-84F65DBCD2D0,CRM - Roving Creel Project,Drano Lake salmon and steelhead 2022,2,2022-09-05,2022-09-11,36,weekend,Boat,Chinook|Coho_Adult|Jack_AD|UM|UNK_Kept,PE,catch,daily_variance,0,week
81F6F893-1C3B-40E3-A188-84F65DBCD2D0,CRM - Roving Creel Project,Drano Lake salmon and steelhead 2022,2,2022-09-05,2022-09-11,36,weekend,Boat,Chinook|Coho_Adult|Jack_AD|UM|UNK_Kept,PE,catch,days_open,3,week
81F6F893-1C3B-40E3-A188-84F65DBCD2D0,CRM - Roving Creel Project,Drano Lake salmon and steelhead 2022,2,2022-09-05,2022-09-11,36,weekend,Boat,Chinook|Coho_Adult|Jack_AD|UM|UNK_Kept,PE,catch,degrees_freedom,18,week
81F6F893-1C3B-40E3-A188-84F65DBCD2D0,CRM - Roving Creel Project,Drano Lake salmon and steelhead 2022,2,2022-09-05,2022-09-11,36,weekend,Boat,Chinook|Coho_Adult|Jack_AD|UM|UNK_Kept,PE,catch,total_catch,0,week
81F6F893-1C3B-40E3-A188-84F65DBCD2D0,CRM - Roving Creel Project,Drano Lake salmon and steelhead 2022,2,2022-09-12,2022-09-18,37,weekday,Bank,Chinook|Coho_Adult|Jack_AD|UM|UNK_Kept,PE,catch,number_observations,1,week
81F6F893-1C3B-40E3-A188-84F65DBCD2D0,CRM - Roving Creel Project,Drano Lake salmon and steelhead 2022,2,2022-09-12,2022-09-18,37,weekday,Bank,Chinook|Coho_Adult|Jack_AD|UM|UNK_Kept,PE,catch,daily_mean,0,week
81F6F893-1C3B-40E3-A188-84F65DBCD2D0,CRM - Roving Creel Project,Drano Lake salmon and steelhead 2022,2,2022-09-12,2022-09-18,37,weekday,Bank,Chinook|Coho_Adult|Jack_AD|UM|UNK_Kept,PE,catch,daily_variance,0,week
81F6F893-1C3B-40E3-A188-84F65DBCD2D0,CRM - Roving Creel Project,Drano Lake salmon and steelhead 2022,2,2022-09-12,2022-09-18,37,weekday,Bank,Chinook|Coho_Adult|Jack_AD|UM|UNK_Kept,PE,catch,days_open,5,week
81F6F893-1C3B-40E3-A188-84F65DBCD2D0,CRM - Roving Creel Project,Drano Lake salmon and steelhead 2022,2,2022-09-12,2022-09-18,37,weekday,Bank,Chinook|Coho_Adult|Jack_AD|UM|UNK_Kept,PE,catch,degrees_freedom,18,week
81F6F893-1C3B-40E3-A188-84F65DBCD2D0,CRM - Roving Creel Project,Drano Lake salmon and steelhead 2022,2,2022-09-12,2022-09-18,37,weekday,Bank,Chinook|Coho_Adult|Jack_AD|UM|UNK_Kept,PE,catch,total_catch,0,week
81F6F893-1C3B-40E3-A188-84F65DBCD2D0,CRM - Roving Creel Project,Drano Lake salmon and steelhead 2022,2,2022-09-12,2022-09-18,37,weekend,Bank,Chinook|Coho_Adult|Jack_AD|UM|UNK_Kept,PE,catch,number_observations,1,week
81F6F893-1C3B-40E3-A188-84F65DBCD2D0,CRM - Roving Creel Project,Drano Lake salmon and steelhead 2022,2,2022-09-12,2022-09-18,37,weekend,Bank,Chinook|Coho_Adult|Jack_AD|UM|UNK_Kept,PE,catch,daily_mean,5.738,week
81F6F893-1C3B-40E3-A188-84F65DBCD2D0,CRM - Roving Creel Project,Drano Lake salmon and steelhead 2022,2,2022-09-12,2022-09-18,37,weekend,Bank,Chinook|Coho_Adult|Jack_AD|UM|UNK_Kept,PE,catch,daily_variance,0,week
81F6F893-1C3B-40E3-A188-84F65DBCD2D0,CRM - Roving Creel Project,Drano Lake salmon and steelhead 2022,2,2022-09-12,2022-09-18,37,weekend,Bank,Chinook|Coho_Adult|Jack_AD|UM|UNK_Kept,PE,catch,days_open,2,week
81F6F893-1C3B-40E3-A188-84F65DBCD2D0,CRM - Roving Creel Project,Drano Lake salmon and steelhead 2022,2,2022-09-12,2022-09-18,37,weekend,Bank,Chinook|Coho_Adult|Jack_AD|UM|UNK_Kept,PE,catch,degrees_freedom,18,week
81F6F893-1C3B-40E3-A188-84F65DBCD2D0,CRM - Roving Creel Project,Drano Lake salmon and steelhead 2022,2,2022-09-12,2022-09-18,37,weekend,Bank,Chinook|Coho_Adult|Jack_AD|UM|UNK_Kept,PE,catch,total_catch,11.476,week
81F6F893-1C3B-40E3-A188-84F65DBCD2D0,CRM - Roving Creel Project,Drano Lake salmon and steelhead 2022,2,2022-10-03,2022-10-09,40,weekday,Bank,Chinook|Coho_Adult|Jack_AD|UM|UNK_Kept,PE,catch,number_observations,2,week
81F6F893-1C3B-40E3-A188-84F65DBCD2D0,CRM - Roving Creel Project,Drano Lake salmon and steelhead 2022,2,2022-10-03,2022-10-09,40,weekday,Bank,Chinook|Coho_Adult|Jack_AD|UM|UNK_Kept,PE,catch,daily_mean,10.886,week
81F6F893-1C3B-40E3-A188-84F65DBCD2D0,CRM - Roving Creel Project,Drano Lake salmon and steelhead 2022,2,2022-10-03,2022-10-09,40,weekday,Bank,Chinook|Coho_Adult|Jack_AD|UM|UNK_Kept,PE,catch,daily_variance,3.3282000000000003,week
81F6F893-1C3B-40E3-A188-84F65DBCD2D0,CRM - Roving Creel Project,Drano Lake salmon and steelhead 2022,2,2022-10-03,2022-10-09,40,weekday,Bank,Chinook|Coho_Adult|Jack_AD|UM|UNK_Kept,PE,catch,days_open,4,week
81F6F893-1C3B-40E3-A188-84F65DBCD2D0,CRM - Roving Creel Project,Drano Lake salmon and steelhead 2022,2,2022-10-03,2022-10-09,40,weekday,Bank,Chinook|Coho_Adult|Jack_AD|UM|UNK_Kept,PE,catch,degrees_freedom,18,week
81F6F893-1C3B-40E3-A188-84F65DBCD2D0,CRM - Roving Creel Project,Drano Lake salmon and steelhead 2022,2,2022-10-03,2022-10-09,40,weekday,Bank,Chinook|Coho_Adult|Jack_AD|UM|UNK_Kept,PE,catch,total_catch,43.544,week
81F6F893-1C3B-40E3-A188-84F65DBCD2D0,CRM - Roving Creel Project,Drano Lake salmon and steelhead 2022,2,2022-10-03,2022-10-09,40,weekday,Boat,Chinook|Coho_Adult|Jack_AD|UM|UNK_Kept,PE,catch,number_observations,2,week
81F6F893-1C3B-40E3-A188-84F65DBCD2D0,CRM - Roving Creel Project,Drano Lake salmon and steelhead 2022,2,2022-10-03,2022-10-09,40,weekday,Boat,Chinook|Coho_Adult|Jack_AD|UM|UNK_Kept,PE,catch,daily_mean,28.479,week
81F6F893-1C3B-40E3-A188-84F65DBCD2D0,CRM - Roving Creel Project,Drano Lake salmon and steelhead 2022,2,2022-10-03,2022-10-09,40,weekday,Boat,Chinook|Coho_Adult|Jack_AD|UM|UNK_Kept,PE,catch,daily_variance,232.84819999999996,week
81F6F893-1C3B-40E3-A188-84F65DBCD2D0,CRM - Roving Creel Project,Drano Lake salmon and steelhead 2022,2,2022-10-03,2022-10-09,40,weekday,Boat,Chinook|Coho_Adult|Jack_AD|UM|UNK_Kept,PE,catch,days_open,4,week
81F6F893-1C3B-40E3-A188-84F65DBCD2D0,CRM - Roving Creel Project,Drano Lake salmon and steelhead 2022,2,2022-10-03,2022-10-09,40,weekday,Boat,Chinook|Coho_Adult|Jack_AD|UM|UNK_Kept,PE,catch,degrees_freedom,18,week
81F6F893-1C3B-40E3-A188-84F65DBCD2D0,CRM - Roving Creel Project,Drano Lake salmon and steelhead 2022,2,2022-10-03,2022-10-09,40,weekday,Boat,Chinook|Coho_Adult|Jack_AD|UM|UNK_Kept,PE,catch,total_catch,113.916,week
81F6F893-1C3B-40E3-A188-84F65DBCD2D0,CRM - Roving Creel Project,Drano Lake salmon and steelhead 2022,2,2022-10-03,2022-10-09,40,weekend,Bank,Chinook|Coho_Adult|Jack_AD|UM|UNK_Kept,PE,catch,number_observations,2,week
81F6F893-1C3B-40E3-A188-84F65DBCD2D0,CRM - Roving Creel Project,Drano Lake salmon and steelhead 2022,2,2022-10-03,2022-10-09,40,weekend,Bank,Chinook|Coho_Adult|Jack_AD|UM|UNK_Kept,PE,catch,daily_mean,18.398,week
81F6F893-1C3B-40E3-A188-84F65DBCD2D0,CRM - Roving Creel Project,Drano Lake salmon and steelhead 2022,2,2022-10-03,2022-10-09,40,weekend,Bank,Chinook|Coho_Adult|Jack_AD|UM|UNK_Kept,PE,catch,daily_variance,437.6656980000001,week
81F6F893-1C3B-40E3-A188-84F65DBCD2D0,CRM - Roving Creel Project,Drano Lake salmon and steelhead 2022,2,2022-10-03,2022-10-09,40,weekend,Bank,Chinook|Coho_Adult|Jack_AD|UM|UNK_Kept,PE,catch,days_open,2,week
81F6F893-1C3B-40E3-A188-84F65DBCD2D0,CRM - Roving Creel Project,Drano Lake salmon and steelhead 2022,2,2022-10-03,2022-10-09,40,weekend,Bank,Chinook|Coho_Adult|Jack_AD|UM|UNK_Kept,PE,catch,degrees_freedom,18,week
81F6F893-1C3B-40E3-A188-84F65DBCD2D0,CRM - Roving Creel Project,Drano Lake salmon and steelhead 2022,2,2022-10-03,2022-10-09,40,weekend,Bank,Chinook|Coho_Adult|Jack_AD|UM|UNK_Kept,PE,catch,total_catch,36.796,week
81F6F893-1C3B-40E3-A188-84F65DBCD2D0,CRM - Roving Creel Project,Drano Lake salmon and steelhead 2022,2,2022-10-03,2022-10-09,40,weekend,Boat,Chinook|Coho_Adult|Jack_AD|UM|UNK_Kept,PE,catch,number_observations,2,week
81F6F893-1C3B-40E3-A188-84F65DBCD2D0,CRM - Roving Creel Project,Drano Lake salmon and steelhead 2022,2,2022-10-03,2022-10-09,40,weekend,Boat,Chinook|Coho_Adult|Jack_AD|UM|UNK_Kept,PE,catch,daily_mean,50.6485,week
81F6F893-1C3B-40E3-A188-84F65DBCD2D0,CRM - Roving Creel Project,Drano Lake salmon and steelhead 2022,2,2022-10-03,2022-10-09,40,weekend,Boat,Chinook|Coho_Adult|Jack_AD|UM|UNK_Kept,PE,catch,daily_variance,179.79768450000003,week
81F6F893-1C3B-40E3-A188-84F65DBCD2D0,CRM - Roving Creel Project,Drano Lake salmon and steelhead 2022,2,2022-10-03,2022-10-09,40,weekend,Boat,Chinook|Coho_Adult|Jack_AD|UM|UNK_Kept,PE,catch,days_open,2,week
81F6F893-1C3B-40E3-A188-84F65DBCD2D0,CRM - Roving Creel Project,Drano Lake salmon and steelhead 2022,2,2022-10-03,2022-10-09,40,weekend,Boat,Chinook|Coho_Adult|Jack_AD|UM|UNK_Kept,PE,catch,degrees_freedom,18,week
81F6F893-1C3B-40E3-A188-84F65DBCD2D0,CRM - Roving Creel Project,Drano Lake salmon and steelhead 2022,2,2022-10-03,2022-10-09,40,weekend,Boat,Chinook|Coho_Adult|Jack_AD|UM|UNK_Kept,PE,catch,total_catch,101.297,week
81F6F893-1C3B-40E3-A188-84F65DBCD2D0,CRM - Roving Creel Project,Drano Lake salmon and steelhead 2022,2,2022-10-10,2022-10-16,41,weekday,Bank,Chinook|Coho_Adult|Jack_AD|UM|UNK_Kept,PE,catch,number_observations,2,week
81F6F893-1C3B-40E3-A188-84F65DBCD2D0,CRM - Roving Creel Project,Drano Lake salmon and steelhead 2022,2,2022-10-10,2022-10-16,41,weekday,Bank,Chinook|Coho_Adult|Jack_AD|UM|UNK_Kept,PE,catch,daily_mean,6.5145,week
81F6F893-1C3B-40E3-A188-84F65DBCD2D0,CRM - Roving Creel Project,Drano Lake salmon and steelhead 2022,2,2022-10-10,2022-10-16,41,weekday,Bank,Chinook|Coho_Adult|Jack_AD|UM|UNK_Kept,PE,catch,daily_variance,3.1325045000000005,week
81F6F893-1C3B-40E3-A188-84F65DBCD2D0,CRM - Roving Creel Project,Drano Lake salmon and steelhead 2022,2,2022-10-10,2022-10-16,41,weekday,Bank,Chinook|Coho_Adult|Jack_AD|UM|UNK_Kept,PE,catch,days_open,4,week
81F6F893-1C3B-40E3-A188-84F65DBCD2D0,CRM - Roving Creel Project,Drano Lake salmon and steelhead 2022,2,2022-10-10,2022-10-16,41,weekday,Bank,Chinook|Coho_Adult|Jack_AD|UM|UNK_Kept,PE,catch,degrees_freedom,18,week
81F6F893-1C3B-40E3-A188-84F65DBCD2D0,CRM - Roving Creel Project,Drano Lake salmon and steelhead 2022,2,2022-10-10,2022-10-16,41,weekday,Bank,Chinook|Coho_Adult|Jack_AD|UM|UNK_Kept,PE,catch,total_catch,26.058,week
81F6F893-1C3B-40E3-A188-84F65DBCD2D0,CRM - Roving Creel Project,Drano Lake salmon and steelhead 2022,2,2022-10-10,2022-10-16,41,weekday,Boat,Chinook|Coho_Adult|Jack_AD|UM|UNK_Kept,PE,catch,number_observations,1,week
81F6F893-1C3B-40E3-A188-84F65DBCD2D0,CRM - Roving Creel Project,Drano Lake salmon and steelhead 2022,2,2022-10-10,2022-10-16,41,weekday,Boat,Chinook|Coho_Adult|Jack_AD|UM|UNK_Kept,PE,catch,daily_mean,59.153,week
81F6F893-1C3B-40E3-A188-84F65DBCD2D0,CRM - Roving Creel Project,Drano Lake salmon and steelhead 2022,2,2022-10-10,2022-10-16,41,weekday,Boat,Chinook|Coho_Adult|Jack_AD|UM|UNK_Kept,PE,catch,daily_variance,0,week
81F6F893-1C3B-40E3-A188-84F65DBCD2D0,CRM - Roving Creel Project,Drano Lake salmon and steelhead 2022,2,2022-10-10,2022-10-16,41,weekday,Boat,Chinook|Coho_Adult|Jack_AD|UM|UNK_Kept,PE,catch,days_open,4,week
81F6F893-1C3B-40E3-A188-84F65DBCD2D0,CRM - Roving Creel Project,Drano Lake salmon and steelhead 2022,2,2022-10-10,2022-10-16,41,weekday,Boat,Chinook|Coho_Adult|Jack_AD|UM|UNK_Kept,PE,catch,degrees_freedom,18,week
81F6F893-1C3B-40E3-A188-84F65DBCD2D0,CRM - Roving Creel Project,Drano Lake salmon and steelhead 2022,2,2022-10-10,2022-10-16,41,weekday,Boat,Chinook|Coho_Adult|Jack_AD|UM|UNK_Kept,PE,catch,total_catch,236.612,week
81F6F893-1C3B-40E3-A188-84F65DBCD2D0,CRM - Roving Creel Project,Drano Lake salmon and steelhead 2022,2,2022-10-10,2022-10-16,41,weekend,Bank,Chinook|Coho_Adult|Jack_AD|UM|UNK_Kept,PE,catch,number_observations,2,week
81F6F893-1C3B-40E3-A188-84F65DBCD2D0,CRM - Roving Creel Project,Drano Lake salmon and steelhead 2022,2,2022-10-10,2022-10-16,41,weekend,Bank,Chinook|Coho_Adult|Jack_AD|UM|UNK_Kept,PE,catch,daily_mean,4.8815,week
81F6F893-1C3B-40E3-A188-84F65DBCD2D0,CRM - Roving Creel Project,Drano Lake salmon and steelhead 2022,2,2022-10-10,2022-10-16,41,weekend,Bank,Chinook|Coho_Adult|Jack_AD|UM|UNK_Kept,PE,catch,daily_variance,5.3301125,week
81F6F893-1C3B-40E3-A188-84F65DBCD2D0,CRM - Roving Creel Project,Drano Lake salmon and steelhead 2022,2,2022-10-10,2022-10-16,41,weekend,Bank,Chinook|Coho_Adult|Jack_AD|UM|UNK_Kept,PE,catch,days_open,2,week
81F6F893-1C3B-40E3-A188-84F65DBCD2D0,CRM - Roving Creel Project,Drano Lake salmon and steelhead 2022,2,2022-10-10,2022-10-16,41,weekend,Bank,Chinook|Coho_Adult|Jack_AD|UM|UNK_Kept,PE,catch,degrees_freedom,18,week
81F6F893-1C3B-40E3-A188-84F65DBCD2D0,CRM - Roving Creel Project,Drano Lake salmon and steelhead 2022,2,2022-10-10,2022-10-16,41,weekend,Bank,Chinook|Coho_Adult|Jack_AD|UM|UNK_Kept,PE,catch,total_catch,9.763,week
81F6F893-1C3B-40E3-A188-84F65DBCD2D0,CRM - Roving Creel Project,Drano Lake salmon and steelhead 2022,2,2022-10-10,2022-10-16,41,weekend,Boat,Chinook|Coho_Adult|Jack_AD|UM|UNK_Kept,PE,catch,number_observations,2,week
81F6F893-1C3B-40E3-A188-84F65DBCD2D0,CRM - Roving Creel Project,Drano Lake salmon and steelhead 2022,2,2022-10-10,2022-10-16,41,weekend,Boat,Chinook|Coho_Adult|Jack_AD|UM|UNK_Kept,PE,catch,daily_mean,38.1555,week
81F6F893-1C3B-40E3-A188-84F65DBCD2D0,CRM - Roving Creel Project,Drano Lake salmon and steelhead 2022,2,2022-10-10,2022-10-16,41,weekend,Boat,Chinook|Coho_Adult|Jack_AD|UM|UNK_Kept,PE,catch,daily_variance,2911.6843605000004,week
81F6F893-1C3B-40E3-A188-84F65DBCD2D0,CRM - Roving Creel Project,Drano Lake salmon and steelhead 2022,2,2022-10-10,2022-10-16,41,weekend,Boat,Chinook|Coho_Adult|Jack_AD|UM|UNK_Kept,PE,catch,days_open,2,week
81F6F893-1C3B-40E3-A188-84F65DBCD2D0,CRM - Roving Creel Project,Drano Lake salmon and steelhead 2022,2,2022-10-10,2022-10-16,41,weekend,Boat,Chinook|Coho_Adult|Jack_AD|UM|UNK_Kept,PE,catch,degrees_freedom,18,week
81F6F893-1C3B-40E3-A188-84F65DBCD2D0,CRM - Roving Creel Project,Drano Lake salmon and steelhead 2022,2,2022-10-10,2022-10-16,41,weekend,Boat,Chinook|Coho_Adult|Jack_AD|UM|UNK_Kept,PE,catch,total_catch,76.311,week
81F6F893-1C3B-40E3-A188-84F65DBCD2D0,CRM - Roving Creel Project,Drano Lake salmon and steelhead 2022,2,2022-10-17,2022-10-23,42,weekday,Bank,Chinook|Coho_Adult|Jack_AD|UM|UNK_Kept,PE,catch,number_observations,2,week
81F6F893-1C3B-40E3-A188-84F65DBCD2D0,CRM - Roving Creel Project,Drano Lake salmon and steelhead 2022,2,2022-10-17,2022-10-23,42,weekday,Bank,Chinook|Coho_Adult|Jack_AD|UM|UNK_Kept,PE,catch,daily_mean,1.9005,week
81F6F893-1C3B-40E3-A188-84F65DBCD2D0,CRM - Roving Creel Project,Drano Lake salmon and steelhead 2022,2,2022-10-17,2022-10-23,42,weekday,Bank,Chinook|Coho_Adult|Jack_AD|UM|UNK_Kept,PE,catch,daily_variance,7.2238005,week
81F6F893-1C3B-40E3-A188-84F65DBCD2D0,CRM - Roving Creel Project,Drano Lake salmon and steelhead 2022,2,2022-10-17,2022-10-23,42,weekday,Bank,Chinook|Coho_Adult|Jack_AD|UM|UNK_Kept,PE,catch,days_open,4,week
81F6F893-1C3B-40E3-A188-84F65DBCD2D0,CRM - Roving Creel Project,Drano Lake salmon and steelhead 2022,2,2022-10-17,2022-10-23,42,weekday,Bank,Chinook|Coho_Adult|Jack_AD|UM|UNK_Kept,PE,catch,degrees_freedom,18,week
81F6F893-1C3B-40E3-A188-84F65DBCD2D0,CRM - Roving Creel Project,Drano Lake salmon and steelhead 2022,2,2022-10-17,2022-10-23,42,weekday,Bank,Chinook|Coho_Adult|Jack_AD|UM|UNK_Kept,PE,catch,total_catch,7.602,week
81F6F893-1C3B-40E3-A188-84F65DBCD2D0,CRM - Roving Creel Project,Drano Lake salmon and steelhead 2022,2,2022-10-17,2022-10-23,42,weekday,Boat,Chinook|Coho_Adult|Jack_AD|UM|UNK_Kept,PE,catch,number_observations,2,week
81F6F893-1C3B-40E3-A188-84F65DBCD2D0,CRM - Roving Creel Project,Drano Lake salmon and steelhead 2022,2,2022-10-17,2022-10-23,42,weekday,Boat,Chinook|Coho_Adult|Jack_AD|UM|UNK_Kept,PE,catch,daily_mean,7.3595,week
81F6F893-1C3B-40E3-A188-84F65DBCD2D0,CRM - Roving Creel Project,Drano Lake salmon and steelhead 2022,2,2022-10-17,2022-10-23,42,weekday,Boat,Chinook|Coho_Adult|Jack_AD|UM|UNK_Kept,PE,catch,daily_variance,108.32448049999999,week
81F6F893-1C3B-40E3-A188-84F65DBCD2D0,CRM - Roving Creel Project,Drano Lake salmon and steelhead 2022,2,2022-10-17,2022-10-23,42,weekday,Boat,Chinook|Coho_Adult|Jack_AD|UM|UNK_Kept,PE,catch,days_open,4,week
81F6F893-1C3B-40E3-A188-84F65DBCD2D0,CRM - Roving Creel Project,Drano Lake salmon and steelhead 2022,2,2022-10-17,2022-10-23,42,weekday,Boat,Chinook|Coho_Adult|Jack_AD|UM|UNK_Kept,PE,catch,degrees_freedom,18,week
81F6F893-1C3B-40E3-A188-84F65DBCD2D0,CRM - Roving Creel Project,Drano Lake salmon and steelhead 2022,2,2022-10-17,2022-10-23,42,weekday,Boat,Chinook|Coho_Adult|Jack_AD|UM|UNK_Kept,PE,catch,total_catch,29.438,week
81F6F893-1C3B-40E3-A188-84F65DBCD2D0,CRM - Roving Creel Project,Drano Lake salmon and steelhead 2022,2,2022-10-17,2022-10-23,42,weekend,Bank,Chinook|Coho_Adult|Jack_AD|UM|UNK_Kept,PE,catch,number_observations,2,week
81F6F893-1C3B-40E3-A188-84F65DBCD2D0,CRM - Roving Creel Project,Drano Lake salmon and steelhead 2022,2,2022-10-17,2022-10-23,42,weekend,Bank,Chinook|Coho_Adult|Jack_AD|UM|UNK_Kept,PE,catch,daily_mean,6.9905,week
81F6F893-1C3B-40E3-A188-84F65DBCD2D0,CRM - Roving Creel Project,Drano Lake salmon and steelhead 2022,2,2022-10-17,2022-10-23,42,weekend,Bank,Chinook|Coho_Adult|Jack_AD|UM|UNK_Kept,PE,catch,daily_variance,18.258924500000003,week
81F6F893-1C3B-40E3-A188-84F65DBCD2D0,CRM - Roving Creel Project,Drano Lake salmon and steelhead 2022,2,2022-10-17,2022-10-23,42,weekend,Bank,Chinook|Coho_Adult|Jack_AD|UM|UNK_Kept,PE,catch,days_open,2,week
81F6F893-1C3B-40E3-A188-84F65DBCD2D0,CRM - Roving Creel Project,Drano Lake salmon and steelhead 2022,2,2022-10-17,2022-10-23,42,weekend,Bank,Chinook|Coho_Adult|Jack_AD|UM|UNK_Kept,PE,catch,degrees_freedom,18,week
81F6F893-1C3B-40E3-A188-84F65DBCD2D0,CRM - Roving Creel Project,Drano Lake salmon and steelhead 2022,2,2022-10-17,2022-10-23,42,weekend,Bank,Chinook|Coho_Adult|Jack_AD|UM|UNK_Kept,PE,catch,total_catch,13.981,week
81F6F893-1C3B-40E3-A188-84F65DBCD2D0,CRM - Roving Creel Project,Drano Lake salmon and steelhead 2022,2,2022-10-17,2022-10-23,42,weekend,Boat,Chinook|Coho_Adult|Jack_AD|UM|UNK_Kept,PE,catch,number_observations,2,week
81F6F893-1C3B-40E3-A188-84F65DBCD2D0,CRM - Roving Creel Project,Drano Lake salmon and steelhead 2022,2,2022-10-17,2022-10-23,42,weekend,Boat,Chinook|Coho_Adult|Jack_AD|UM|UNK_Kept,PE,catch,daily_mean,21.1905,week
81F6F893-1C3B-40E3-A188-84F65DBCD2D0,CRM - Roving Creel Project,Drano Lake salmon and steelhead 2022,2,2022-10-17,2022-10-23,42,weekend,Boat,Chinook|Coho_Adult|Jack_AD|UM|UNK_Kept,PE,catch,daily_variance,99.58838449999999,week
81F6F893-1C3B-40E3-A188-84F65DBCD2D0,CRM - Roving Creel Project,Drano Lake salmon and steelhead 2022,2,2022-10-17,2022-10-23,42,weekend,Boat,Chinook|Coho_Adult|Jack_AD|UM|UNK_Kept,PE,catch,days_open,2,week
81F6F893-1C3B-40E3-A188-84F65DBCD2D0,CRM - Roving Creel Project,Drano Lake salmon and steelhead 2022,2,2022-10-17,2022-10-23,42,weekend,Boat,Chinook|Coho_Adult|Jack_AD|UM|UNK_Kept,PE,catch,degrees_freedom,18,week
81F6F893-1C3B-40E3-A188-84F65DBCD2D0,CRM - Roving Creel Project,Drano Lake salmon and steelhead 2022,2,2022-10-17,2022-10-23,42,weekend,Boat,Chinook|Coho_Adult|Jack_AD|UM|UNK_Kept,PE,catch,total_catch,42.381,week
81F6F893-1C3B-40E3-A188-84F65DBCD2D0,CRM - Roving Creel Project,Drano Lake salmon and steelhead 2022,2,2022-10-24,2022-10-30,43,weekday,Bank,Chinook|Coho_Adult|Jack_AD|UM|UNK_Kept,PE,catch,number_observations,2,week
81F6F893-1C3B-40E3-A188-84F65DBCD2D0,CRM - Roving Creel Project,Drano Lake salmon and steelhead 2022,2,2022-10-24,2022-10-30,43,weekday,Bank,Chinook|Coho_Adult|Jack_AD|UM|UNK_Kept,PE,catch,daily_mean,4.6955,week
81F6F893-1C3B-40E3-A188-84F65DBCD2D0,CRM - Roving Creel Project,Drano Lake salmon and steelhead 2022,2,2022-10-24,2022-10-30,43,weekday,Bank,Chinook|Coho_Adult|Jack_AD|UM|UNK_Kept,PE,catch,daily_variance,44.0954405,week
81F6F893-1C3B-40E3-A188-84F65DBCD2D0,CRM - Roving Creel Project,Drano Lake salmon and steelhead 2022,2,2022-10-24,2022-10-30,43,weekday,Bank,Chinook|Coho_Adult|Jack_AD|UM|UNK_Kept,PE,catch,days_open,4,week
81F6F893-1C3B-40E3-A188-84F65DBCD2D0,CRM - Roving Creel Project,Drano Lake salmon and steelhead 2022,2,2022-10-24,2022-10-30,43,weekday,Bank,Chinook|Coho_Adult|Jack_AD|UM|UNK_Kept,PE,catch,degrees_freedom,18,week
81F6F893-1C3B-40E3-A188-84F65DBCD2D0,CRM - Roving Creel Project,Drano Lake salmon and steelhead 2022,2,2022-10-24,2022-10-30,43,weekday,Bank,Chinook|Coho_Adult|Jack_AD|UM|UNK_Kept,PE,catch,total_catch,18.782,week
81F6F893-1C3B-40E3-A188-84F65DBCD2D0,CRM - Roving Creel Project,Drano Lake salmon and steelhead 2022,2,2022-10-24,2022-10-30,43,weekday,Boat,Chinook|Coho_Adult|Jack_AD|UM|UNK_Kept,PE,catch,number_observations,1,week
81F6F893-1C3B-40E3-A188-84F65DBCD2D0,CRM - Roving Creel Project,Drano Lake salmon and steelhead 2022,2,2022-10-24,2022-10-30,43,weekday,Boat,Chinook|Coho_Adult|Jack_AD|UM|UNK_Kept,PE,catch,daily_mean,12.003,week
81F6F893-1C3B-40E3-A188-84F65DBCD2D0,CRM - Roving Creel Project,Drano Lake salmon and steelhead 2022,2,2022-10-24,2022-10-30,43,weekday,Boat,Chinook|Coho_Adult|Jack_AD|UM|UNK_Kept,PE,catch,daily_variance,0,week
81F6F893-1C3B-40E3-A188-84F65DBCD2D0,CRM - Roving Creel Project,Drano Lake salmon and steelhead 2022,2,2022-10-24,2022-10-30,43,weekday,Boat,Chinook|Coho_Adult|Jack_AD|UM|UNK_Kept,PE,catch,days_open,4,week
81F6F893-1C3B-40E3-A188-84F65DBCD2D0,CRM - Roving Creel Project,Drano Lake salmon and steelhead 2022,2,2022-10-24,2022-10-30,43,weekday,Boat,Chinook|Coho_Adult|Jack_AD|UM|UNK_Kept,PE,catch,degrees_freedom,18,week
81F6F893-1C3B-40E3-A188-84F65DBCD2D0,CRM - Roving Creel Project,Drano Lake salmon and steelhead 2022,2,2022-10-24,2022-10-30,43,weekday,Boat,Chinook|Coho_Adult|Jack_AD|UM|UNK_Kept,PE,catch,total_catch,48.012,week
81F6F893-1C3B-40E3-A188-84F65DBCD2D0,CRM - Roving Creel Project,Drano Lake salmon and steelhead 2022,2,2022-10-24,2022-10-30,43,weekend,Bank,Chinook|Coho_Adult|Jack_AD|UM|UNK_Kept,PE,catch,number_observations,2,week
81F6F893-1C3B-40E3-A188-84F65DBCD2D0,CRM - Roving Creel Project,Drano Lake salmon and steelhead 2022,2,2022-10-24,2022-10-30,43,weekend,Bank,Chinook|Coho_Adult|Jack_AD|UM|UNK_Kept,PE,catch,daily_mean,2.504,week
81F6F893-1C3B-40E3-A188-84F65DBCD2D0,CRM - Roving Creel Project,Drano Lake salmon and steelhead 2022,2,2022-10-24,2022-10-30,43,weekend,Bank,Chinook|Coho_Adult|Jack_AD|UM|UNK_Kept,PE,catch,daily_variance,1.0195919999999998,week
81F6F893-1C3B-40E3-A188-84F65DBCD2D0,CRM - Roving Creel Project,Drano Lake salmon and steelhead 2022,2,2022-10-24,2022-10-30,43,weekend,Bank,Chinook|Coho_Adult|Jack_AD|UM|UNK_Kept,PE,catch,days_open,2,week
81F6F893-1C3B-40E3-A188-84F65DBCD2D0,CRM - Roving Creel Project,Drano Lake salmon and steelhead 2022,2,2022-10-24,2022-10-30,43,weekend,Bank,Chinook|Coho_Adult|Jack_AD|UM|UNK_Kept,PE,catch,degrees_freedom,18,week
81F6F893-1C3B-40E3-A188-84F65DBCD2D0,CRM - Roving Creel Project,Drano Lake salmon and steelhead 2022,2,2022-10-24,2022-10-30,43,weekend,Bank,Chinook|Coho_Adult|Jack_AD|UM|UNK_Kept,PE,catch,total_catch,5.008,week
81F6F893-1C3B-40E3-A188-84F65DBCD2D0,CRM - Roving Creel Project,Drano Lake salmon and steelhead 2022,2,2022-10-24,2022-10-30,43,weekend,Boat,Chinook|Coho_Adult|Jack_AD|UM|UNK_Kept,PE,catch,number_observations,2,week
81F6F893-1C3B-40E3-A188-84F65DBCD2D0,CRM - Roving Creel Project,Drano Lake salmon and steelhead 2022,2,2022-10-24,2022-10-30,43,weekend,Boat,Chinook|Coho_Adult|Jack_AD|UM|UNK_Kept,PE,catch,daily_mean,15.313,week
81F6F893-1C3B-40E3-A188-84F65DBCD2D0,CRM - Roving Creel Project,Drano Lake salmon and steelhead 2022,2,2022-10-24,2022-10-30,43,weekend,Boat,Chinook|Coho_Adult|Jack_AD|UM|UNK_Kept,PE,catch,daily_variance,352.876178,week
81F6F893-1C3B-40E3-A188-84F65DBCD2D0,CRM - Roving Creel Project,Drano Lake salmon and steelhead 2022,2,2022-10-24,2022-10-30,43,weekend,Boat,Chinook|Coho_Adult|Jack_AD|UM|UNK_Kept,PE,catch,days_open,2,week
81F6F893-1C3B-40E3-A188-84F65DBCD2D0,CRM - Roving Creel Project,Drano Lake salmon and steelhead 2022,2,2022-10-24,2022-10-30,43,weekend,Boat,Chinook|Coho_Adult|Jack_AD|UM|UNK_Kept,PE,catch,degrees_freedom,18,week
81F6F893-1C3B-40E3-A188-84F65DBCD2D0,CRM - Roving Creel Project,Drano Lake salmon and steelhead 2022,2,2022-10-24,2022-10-30,43,weekend,Boat,Chinook|Coho_Adult|Jack_AD|UM|UNK_Kept,PE,catch,total_catch,30.626,week
81F6F893-1C3B-40E3-A188-84F65DBCD2D0,CRM - Roving Creel Project,Drano Lake salmon and steelhead 2022,1,2022-07-01,2022-07-03,26,weekday,Bank,NA,PE,effort,number_observations,0,week
81F6F893-1C3B-40E3-A188-84F65DBCD2D0,CRM - Roving Creel Project,Drano Lake salmon and steelhead 2022,1,2022-07-01,2022-07-03,26,weekday,Bank,NA,PE,effort,daily_variance,0,week
81F6F893-1C3B-40E3-A188-84F65DBCD2D0,CRM - Roving Creel Project,Drano Lake salmon and steelhead 2022,1,2022-07-01,2022-07-03,26,weekday,Bank,NA,PE,effort,days_open,1,week
81F6F893-1C3B-40E3-A188-84F65DBCD2D0,CRM - Roving Creel Project,Drano Lake salmon and steelhead 2022,1,2022-07-01,2022-07-03,26,weekday,Bank,NA,PE,effort,degrees_freedom,19,week
81F6F893-1C3B-40E3-A188-84F65DBCD2D0,CRM - Roving Creel Project,Drano Lake salmon and steelhead 2022,1,2022-07-01,2022-07-03,26,weekday,Boat,NA,PE,effort,number_observations,0,week
81F6F893-1C3B-40E3-A188-84F65DBCD2D0,CRM - Roving Creel Project,Drano Lake salmon and steelhead 2022,1,2022-07-01,2022-07-03,26,weekday,Boat,NA,PE,effort,daily_variance,0,week
81F6F893-1C3B-40E3-A188-84F65DBCD2D0,CRM - Roving Creel Project,Drano Lake salmon and steelhead 2022,1,2022-07-01,2022-07-03,26,weekday,Boat,NA,PE,effort,days_open,1,week
81F6F893-1C3B-40E3-A188-84F65DBCD2D0,CRM - Roving Creel Project,Drano Lake salmon and steelhead 2022,1,2022-07-01,2022-07-03,26,weekday,Boat,NA,PE,effort,degrees_freedom,19,week
81F6F893-1C3B-40E3-A188-84F65DBCD2D0,CRM - Roving Creel Project,Drano Lake salmon and steelhead 2022,1,2022-07-01,2022-07-03,26,weekend,Bank,NA,PE,effort,number_observations,0,week
81F6F893-1C3B-40E3-A188-84F65DBCD2D0,CRM - Roving Creel Project,Drano Lake salmon and steelhead 2022,1,2022-07-01,2022-07-03,26,weekend,Bank,NA,PE,effort,daily_variance,0,week
81F6F893-1C3B-40E3-A188-84F65DBCD2D0,CRM - Roving Creel Project,Drano Lake salmon and steelhead 2022,1,2022-07-01,2022-07-03,26,weekend,Bank,NA,PE,effort,days_open,2,week
81F6F893-1C3B-40E3-A188-84F65DBCD2D0,CRM - Roving Creel Project,Drano Lake salmon and steelhead 2022,1,2022-07-01,2022-07-03,26,weekend,Bank,NA,PE,effort,degrees_freedom,19,week
81F6F893-1C3B-40E3-A188-84F65DBCD2D0,CRM - Roving Creel Project,Drano Lake salmon and steelhead 2022,1,2022-07-01,2022-07-03,26,weekend,Boat,NA,PE,effort,number_observations,0,week
81F6F893-1C3B-40E3-A188-84F65DBCD2D0,CRM - Roving Creel Project,Drano Lake salmon and steelhead 2022,1,2022-07-01,2022-07-03,26,weekend,Boat,NA,PE,effort,daily_variance,0,week
81F6F893-1C3B-40E3-A188-84F65DBCD2D0,CRM - Roving Creel Project,Drano Lake salmon and steelhead 2022,1,2022-07-01,2022-07-03,26,weekend,Boat,NA,PE,effort,days_open,2,week
81F6F893-1C3B-40E3-A188-84F65DBCD2D0,CRM - Roving Creel Project,Drano Lake salmon and steelhead 2022,1,2022-07-01,2022-07-03,26,weekend,Boat,NA,PE,effort,degrees_freedom,19,week
81F6F893-1C3B-40E3-A188-84F65DBCD2D0,CRM - Roving Creel Project,Drano Lake salmon and steelhead 2022,1,2022-07-04,2022-07-10,27,weekday,Bank,NA,PE,effort,number_observations,0,week
81F6F893-1C3B-40E3-A188-84F65DBCD2D0,CRM - Roving Creel Project,Drano Lake salmon and steelhead 2022,1,2022-07-04,2022-07-10,27,weekday,Bank,NA,PE,effort,daily_variance,0,week
81F6F893-1C3B-40E3-A188-84F65DBCD2D0,CRM - Roving Creel Project,Drano Lake salmon and steelhead 2022,1,2022-07-04,2022-07-10,27,weekday,Bank,NA,PE,effort,days_open,4,week
81F6F893-1C3B-40E3-A188-84F65DBCD2D0,CRM - Roving Creel Project,Drano Lake salmon and steelhead 2022,1,2022-07-04,2022-07-10,27,weekday,Bank,NA,PE,effort,degrees_freedom,19,week
81F6F893-1C3B-40E3-A188-84F65DBCD2D0,CRM - Roving Creel Project,Drano Lake salmon and steelhead 2022,1,2022-07-04,2022-07-10,27,weekday,Boat,NA,PE,effort,number_observations,0,week
81F6F893-1C3B-40E3-A188-84F65DBCD2D0,CRM - Roving Creel Project,Drano Lake salmon and steelhead 2022,1,2022-07-04,2022-07-10,27,weekday,Boat,NA,PE,effort,daily_variance,0,week
81F6F893-1C3B-40E3-A188-84F65DBCD2D0,CRM - Roving Creel Project,Drano Lake salmon and steelhead 2022,1,2022-07-04,2022-07-10,27,weekday,Boat,NA,PE,effort,days_open,4,week
81F6F893-1C3B-40E3-A188-84F65DBCD2D0,CRM - Roving Creel Project,Drano Lake salmon and steelhead 2022,1,2022-07-04,2022-07-10,27,weekday,Boat,NA,PE,effort,degrees_freedom,19,week
81F6F893-1C3B-40E3-A188-84F65DBCD2D0,CRM - Roving Creel Project,Drano Lake salmon and steelhead 2022,1,2022-07-04,2022-07-10,27,weekend,Bank,NA,PE,effort,number_observations,0,week
81F6F893-1C3B-40E3-A188-84F65DBCD2D0,CRM - Roving Creel Project,Drano Lake salmon and steelhead 2022,1,2022-07-04,2022-07-10,27,weekend,Bank,NA,PE,effort,daily_variance,0,week
81F6F893-1C3B-40E3-A188-84F65DBCD2D0,CRM - Roving Creel Project,Drano Lake salmon and steelhead 2022,1,2022-07-04,2022-07-10,27,weekend,Bank,NA,PE,effort,days_open,3,week
81F6F893-1C3B-40E3-A188-84F65DBCD2D0,CRM - Roving Creel Project,Drano Lake salmon and steelhead 2022,1,2022-07-04,2022-07-10,27,weekend,Bank,NA,PE,effort,degrees_freedom,19,week
81F6F893-1C3B-40E3-A188-84F65DBCD2D0,CRM - Roving Creel Project,Drano Lake salmon and steelhead 2022,1,2022-07-04,2022-07-10,27,weekend,Boat,NA,PE,effort,number_observations,0,week
81F6F893-1C3B-40E3-A188-84F65DBCD2D0,CRM - Roving Creel Project,Drano Lake salmon and steelhead 2022,1,2022-07-04,2022-07-10,27,weekend,Boat,NA,PE,effort,daily_variance,0,week
81F6F893-1C3B-40E3-A188-84F65DBCD2D0,CRM - Roving Creel Project,Drano Lake salmon and steelhead 2022,1,2022-07-04,2022-07-10,27,weekend,Boat,NA,PE,effort,days_open,3,week
81F6F893-1C3B-40E3-A188-84F65DBCD2D0,CRM - Roving Creel Project,Drano Lake salmon and steelhead 2022,1,2022-07-04,2022-07-10,27,weekend,Boat,NA,PE,effort,degrees_freedom,19,week
81F6F893-1C3B-40E3-A188-84F65DBCD2D0,CRM - Roving Creel Project,Drano Lake salmon and steelhead 2022,1,2022-07-11,2022-07-17,28,weekday,Bank,NA,PE,effort,number_observations,0,week
81F6F893-1C3B-40E3-A188-84F65DBCD2D0,CRM - Roving Creel Project,Drano Lake salmon and steelhead 2022,1,2022-07-11,2022-07-17,28,weekday,Bank,NA,PE,effort,daily_variance,0,week
81F6F893-1C3B-40E3-A188-84F65DBCD2D0,CRM - Roving Creel Project,Drano Lake salmon and steelhead 2022,1,2022-07-11,2022-07-17,28,weekday,Bank,NA,PE,effort,days_open,5,week
81F6F893-1C3B-40E3-A188-84F65DBCD2D0,CRM - Roving Creel Project,Drano Lake salmon and steelhead 2022,1,2022-07-11,2022-07-17,28,weekday,Bank,NA,PE,effort,degrees_freedom,19,week
81F6F893-1C3B-40E3-A188-84F65DBCD2D0,CRM - Roving Creel Project,Drano Lake salmon and steelhead 2022,1,2022-07-11,2022-07-17,28,weekday,Boat,NA,PE,effort,number_observations,0,week
81F6F893-1C3B-40E3-A188-84F65DBCD2D0,CRM - Roving Creel Project,Drano Lake salmon and steelhead 2022,1,2022-07-11,2022-07-17,28,weekday,Boat,NA,PE,effort,daily_variance,0,week
81F6F893-1C3B-40E3-A188-84F65DBCD2D0,CRM - Roving Creel Project,Drano Lake salmon and steelhead 2022,1,2022-07-11,2022-07-17,28,weekday,Boat,NA,PE,effort,days_open,5,week
81F6F893-1C3B-40E3-A188-84F65DBCD2D0,CRM - Roving Creel Project,Drano Lake salmon and steelhead 2022,1,2022-07-11,2022-07-17,28,weekday,Boat,NA,PE,effort,degrees_freedom,19,week
81F6F893-1C3B-40E3-A188-84F65DBCD2D0,CRM - Roving Creel Project,Drano Lake salmon and steelhead 2022,1,2022-07-11,2022-07-17,28,weekend,Bank,NA,PE,effort,number_observations,0,week
81F6F893-1C3B-40E3-A188-84F65DBCD2D0,CRM - Roving Creel Project,Drano Lake salmon and steelhead 2022,1,2022-07-11,2022-07-17,28,weekend,Bank,NA,PE,effort,daily_variance,0,week
81F6F893-1C3B-40E3-A188-84F65DBCD2D0,CRM - Roving Creel Project,Drano Lake salmon and steelhead 2022,1,2022-07-11,2022-07-17,28,weekend,Bank,NA,PE,effort,days_open,2,week
81F6F893-1C3B-40E3-A188-84F65DBCD2D0,CRM - Roving Creel Project,Drano Lake salmon and steelhead 2022,1,2022-07-11,2022-07-17,28,weekend,Bank,NA,PE,effort,degrees_freedom,19,week
81F6F893-1C3B-40E3-A188-84F65DBCD2D0,CRM - Roving Creel Project,Drano Lake salmon and steelhead 2022,1,2022-07-11,2022-07-17,28,weekend,Boat,NA,PE,effort,number_observations,0,week
81F6F893-1C3B-40E3-A188-84F65DBCD2D0,CRM - Roving Creel Project,Drano Lake salmon and steelhead 2022,1,2022-07-11,2022-07-17,28,weekend,Boat,NA,PE,effort,daily_variance,0,week
81F6F893-1C3B-40E3-A188-84F65DBCD2D0,CRM - Roving Creel Project,Drano Lake salmon and steelhead 2022,1,2022-07-11,2022-07-17,28,weekend,Boat,NA,PE,effort,days_open,2,week
81F6F893-1C3B-40E3-A188-84F65DBCD2D0,CRM - Roving Creel Project,Drano Lake salmon and steelhead 2022,1,2022-07-11,2022-07-17,28,weekend,Boat,NA,PE,effort,degrees_freedom,19,week
81F6F893-1C3B-40E3-A188-84F65DBCD2D0,CRM - Roving Creel Project,Drano Lake salmon and steelhead 2022,1,2022-07-18,2022-07-24,29,weekday,Bank,NA,PE,effort,number_observations,0,week
81F6F893-1C3B-40E3-A188-84F65DBCD2D0,CRM - Roving Creel Project,Drano Lake salmon and steelhead 2022,1,2022-07-18,2022-07-24,29,weekday,Bank,NA,PE,effort,daily_variance,0,week
81F6F893-1C3B-40E3-A188-84F65DBCD2D0,CRM - Roving Creel Project,Drano Lake salmon and steelhead 2022,1,2022-07-18,2022-07-24,29,weekday,Bank,NA,PE,effort,days_open,5,week
81F6F893-1C3B-40E3-A188-84F65DBCD2D0,CRM - Roving Creel Project,Drano Lake salmon and steelhead 2022,1,2022-07-18,2022-07-24,29,weekday,Bank,NA,PE,effort,degrees_freedom,19,week
81F6F893-1C3B-40E3-A188-84F65DBCD2D0,CRM - Roving Creel Project,Drano Lake salmon and steelhead 2022,1,2022-07-18,2022-07-24,29,weekday,Boat,NA,PE,effort,number_observations,0,week
81F6F893-1C3B-40E3-A188-84F65DBCD2D0,CRM - Roving Creel Project,Drano Lake salmon and steelhead 2022,1,2022-07-18,2022-07-24,29,weekday,Boat,NA,PE,effort,daily_variance,0,week
81F6F893-1C3B-40E3-A188-84F65DBCD2D0,CRM - Roving Creel Project,Drano Lake salmon and steelhead 2022,1,2022-07-18,2022-07-24,29,weekday,Boat,NA,PE,effort,days_open,5,week
81F6F893-1C3B-40E3-A188-84F65DBCD2D0,CRM - Roving Creel Project,Drano Lake salmon and steelhead 2022,1,2022-07-18,2022-07-24,29,weekday,Boat,NA,PE,effort,degrees_freedom,19,week
81F6F893-1C3B-40E3-A188-84F65DBCD2D0,CRM - Roving Creel Project,Drano Lake salmon and steelhead 2022,1,2022-07-18,2022-07-24,29,weekend,Bank,NA,PE,effort,number_observations,0,week
81F6F893-1C3B-40E3-A188-84F65DBCD2D0,CRM - Roving Creel Project,Drano Lake salmon and steelhead 2022,1,2022-07-18,2022-07-24,29,weekend,Bank,NA,PE,effort,daily_variance,0,week
81F6F893-1C3B-40E3-A188-84F65DBCD2D0,CRM - Roving Creel Project,Drano Lake salmon and steelhead 2022,1,2022-07-18,2022-07-24,29,weekend,Bank,NA,PE,effort,days_open,2,week
81F6F893-1C3B-40E3-A188-84F65DBCD2D0,CRM - Roving Creel Project,Drano Lake salmon and steelhead 2022,1,2022-07-18,2022-07-24,29,weekend,Bank,NA,PE,effort,degrees_freedom,19,week
81F6F893-1C3B-40E3-A188-84F65DBCD2D0,CRM - Roving Creel Project,Drano Lake salmon and steelhead 2022,1,2022-07-18,2022-07-24,29,weekend,Boat,NA,PE,effort,number_observations,0,week
81F6F893-1C3B-40E3-A188-84F65DBCD2D0,CRM - Roving Creel Project,Drano Lake salmon and steelhead 2022,1,2022-07-18,2022-07-24,29,weekend,Boat,NA,PE,effort,daily_variance,0,week
81F6F893-1C3B-40E3-A188-84F65DBCD2D0,CRM - Roving Creel Project,Drano Lake salmon and steelhead 2022,1,2022-07-18,2022-07-24,29,weekend,Boat,NA,PE,effort,days_open,2,week
81F6F893-1C3B-40E3-A188-84F65DBCD2D0,CRM - Roving Creel Project,Drano Lake salmon and steelhead 2022,1,2022-07-18,2022-07-24,29,weekend,Boat,NA,PE,effort,degrees_freedom,19,week
81F6F893-1C3B-40E3-A188-84F65DBCD2D0,CRM - Roving Creel Project,Drano Lake salmon and steelhead 2022,1,2022-07-25,2022-07-31,30,weekday,Bank,NA,PE,effort,number_observations,0,week
81F6F893-1C3B-40E3-A188-84F65DBCD2D0,CRM - Roving Creel Project,Drano Lake salmon and steelhead 2022,1,2022-07-25,2022-07-31,30,weekday,Bank,NA,PE,effort,daily_variance,0,week
81F6F893-1C3B-40E3-A188-84F65DBCD2D0,CRM - Roving Creel Project,Drano Lake salmon and steelhead 2022,1,2022-07-25,2022-07-31,30,weekday,Bank,NA,PE,effort,days_open,5,week
81F6F893-1C3B-40E3-A188-84F65DBCD2D0,CRM - Roving Creel Project,Drano Lake salmon and steelhead 2022,1,2022-07-25,2022-07-31,30,weekday,Bank,NA,PE,effort,degrees_freedom,19,week
81F6F893-1C3B-40E3-A188-84F65DBCD2D0,CRM - Roving Creel Project,Drano Lake salmon and steelhead 2022,1,2022-07-25,2022-07-31,30,weekday,Boat,NA,PE,effort,number_observations,0,week
81F6F893-1C3B-40E3-A188-84F65DBCD2D0,CRM - Roving Creel Project,Drano Lake salmon and steelhead 2022,1,2022-07-25,2022-07-31,30,weekday,Boat,NA,PE,effort,daily_variance,0,week
81F6F893-1C3B-40E3-A188-84F65DBCD2D0,CRM - Roving Creel Project,Drano Lake salmon and steelhead 2022,1,2022-07-25,2022-07-31,30,weekday,Boat,NA,PE,effort,days_open,5,week
81F6F893-1C3B-40E3-A188-84F65DBCD2D0,CRM - Roving Creel Project,Drano Lake salmon and steelhead 2022,1,2022-07-25,2022-07-31,30,weekday,Boat,NA,PE,effort,degrees_freedom,19,week
81F6F893-1C3B-40E3-A188-84F65DBCD2D0,CRM - Roving Creel Project,Drano Lake salmon and steelhead 2022,1,2022-07-25,2022-07-31,30,weekend,Bank,NA,PE,effort,number_observations,1,week
81F6F893-1C3B-40E3-A188-84F65DBCD2D0,CRM - Roving Creel Project,Drano Lake salmon and steelhead 2022,1,2022-07-25,2022-07-31,30,weekend,Bank,NA,PE,effort,daily_mean,0,week
81F6F893-1C3B-40E3-A188-84F65DBCD2D0,CRM - Roving Creel Project,Drano Lake salmon and steelhead 2022,1,2022-07-25,2022-07-31,30,weekend,Bank,NA,PE,effort,daily_variance,0,week
81F6F893-1C3B-40E3-A188-84F65DBCD2D0,CRM - Roving Creel Project,Drano Lake salmon and steelhead 2022,1,2022-07-25,2022-07-31,30,weekend,Bank,NA,PE,effort,days_open,2,week
81F6F893-1C3B-40E3-A188-84F65DBCD2D0,CRM - Roving Creel Project,Drano Lake salmon and steelhead 2022,1,2022-07-25,2022-07-31,30,weekend,Bank,NA,PE,effort,degrees_freedom,19,week
81F6F893-1C3B-40E3-A188-84F65DBCD2D0,CRM - Roving Creel Project,Drano Lake salmon and steelhead 2022,1,2022-07-25,2022-07-31,30,weekend,Bank,NA,PE,effort,total_effort,0,week
81F6F893-1C3B-40E3-A188-84F65DBCD2D0,CRM - Roving Creel Project,Drano Lake salmon and steelhead 2022,1,2022-07-25,2022-07-31,30,weekend,Boat,NA,PE,effort,number_observations,1,week
81F6F893-1C3B-40E3-A188-84F65DBCD2D0,CRM - Roving Creel Project,Drano Lake salmon and steelhead 2022,1,2022-07-25,2022-07-31,30,weekend,Boat,NA,PE,effort,daily_mean,315.42946859903384,week
81F6F893-1C3B-40E3-A188-84F65DBCD2D0,CRM - Roving Creel Project,Drano Lake salmon and steelhead 2022,1,2022-07-25,2022-07-31,30,weekend,Boat,NA,PE,effort,daily_variance,0,week
81F6F893-1C3B-40E3-A188-84F65DBCD2D0,CRM - Roving Creel Project,Drano Lake salmon and steelhead 2022,1,2022-07-25,2022-07-31,30,weekend,Boat,NA,PE,effort,days_open,2,week
81F6F893-1C3B-40E3-A188-84F65DBCD2D0,CRM - Roving Creel Project,Drano Lake salmon and steelhead 2022,1,2022-07-25,2022-07-31,30,weekend,Boat,NA,PE,effort,degrees_freedom,19,week
81F6F893-1C3B-40E3-A188-84F65DBCD2D0,CRM - Roving Creel Project,Drano Lake salmon and steelhead 2022,1,2022-07-25,2022-07-31,30,weekend,Boat,NA,PE,effort,total_effort,630.8589371980677,week
81F6F893-1C3B-40E3-A188-84F65DBCD2D0,CRM - Roving Creel Project,Drano Lake salmon and steelhead 2022,1,2022-08-01,2022-08-07,31,weekday,Bank,NA,PE,effort,number_observations,2,week
81F6F893-1C3B-40E3-A188-84F65DBCD2D0,CRM - Roving Creel Project,Drano Lake salmon and steelhead 2022,1,2022-08-01,2022-08-07,31,weekday,Bank,NA,PE,effort,daily_mean,0,week
81F6F893-1C3B-40E3-A188-84F65DBCD2D0,CRM - Roving Creel Project,Drano Lake salmon and steelhead 2022,1,2022-08-01,2022-08-07,31,weekday,Bank,NA,PE,effort,daily_variance,0,week
81F6F893-1C3B-40E3-A188-84F65DBCD2D0,CRM - Roving Creel Project,Drano Lake salmon and steelhead 2022,1,2022-08-01,2022-08-07,31,weekday,Bank,NA,PE,effort,days_open,5,week
81F6F893-1C3B-40E3-A188-84F65DBCD2D0,CRM - Roving Creel Project,Drano Lake salmon and steelhead 2022,1,2022-08-01,2022-08-07,31,weekday,Bank,NA,PE,effort,degrees_freedom,19,week
81F6F893-1C3B-40E3-A188-84F65DBCD2D0,CRM - Roving Creel Project,Drano Lake salmon and steelhead 2022,1,2022-08-01,2022-08-07,31,weekday,Bank,NA,PE,effort,total_effort,0,week
81F6F893-1C3B-40E3-A188-84F65DBCD2D0,CRM - Roving Creel Project,Drano Lake salmon and steelhead 2022,1,2022-08-01,2022-08-07,31,weekday,Boat,NA,PE,effort,number_observations,2,week
81F6F893-1C3B-40E3-A188-84F65DBCD2D0,CRM - Roving Creel Project,Drano Lake salmon and steelhead 2022,1,2022-08-01,2022-08-07,31,weekday,Boat,NA,PE,effort,daily_mean,267.63202999194846,week
81F6F893-1C3B-40E3-A188-84F65DBCD2D0,CRM - Roving Creel Project,Drano Lake salmon and steelhead 2022,1,2022-08-01,2022-08-07,31,weekday,Boat,NA,PE,effort,daily_variance,934.9787508120114,week
81F6F893-1C3B-40E3-A188-84F65DBCD2D0,CRM - Roving Creel Project,Drano Lake salmon and steelhead 2022,1,2022-08-01,2022-08-07,31,weekday,Boat,NA,PE,effort,days_open,5,week
81F6F893-1C3B-40E3-A188-84F65DBCD2D0,CRM - Roving Creel Project,Drano Lake salmon and steelhead 2022,1,2022-08-01,2022-08-07,31,weekday,Boat,NA,PE,effort,degrees_freedom,19,week
81F6F893-1C3B-40E3-A188-84F65DBCD2D0,CRM - Roving Creel Project,Drano Lake salmon and steelhead 2022,1,2022-08-01,2022-08-07,31,weekday,Boat,NA,PE,effort,total_effort,1338.1601499597423,week
81F6F893-1C3B-40E3-A188-84F65DBCD2D0,CRM - Roving Creel Project,Drano Lake salmon and steelhead 2022,1,2022-08-01,2022-08-07,31,weekend,Bank,NA,PE,effort,number_observations,1,week
81F6F893-1C3B-40E3-A188-84F65DBCD2D0,CRM - Roving Creel Project,Drano Lake salmon and steelhead 2022,1,2022-08-01,2022-08-07,31,weekend,Bank,NA,PE,effort,daily_mean,0,week
81F6F893-1C3B-40E3-A188-84F65DBCD2D0,CRM - Roving Creel Project,Drano Lake salmon and steelhead 2022,1,2022-08-01,2022-08-07,31,weekend,Bank,NA,PE,effort,daily_variance,0,week
81F6F893-1C3B-40E3-A188-84F65DBCD2D0,CRM - Roving Creel Project,Drano Lake salmon and steelhead 2022,1,2022-08-01,2022-08-07,31,weekend,Bank,NA,PE,effort,days_open,2,week
81F6F893-1C3B-40E3-A188-84F65DBCD2D0,CRM - Roving Creel Project,Drano Lake salmon and steelhead 2022,1,2022-08-01,2022-08-07,31,weekend,Bank,NA,PE,effort,degrees_freedom,19,week
81F6F893-1C3B-40E3-A188-84F65DBCD2D0,CRM - Roving Creel Project,Drano Lake salmon and steelhead 2022,1,2022-08-01,2022-08-07,31,weekend,Bank,NA,PE,effort,total_effort,0,week
81F6F893-1C3B-40E3-A188-84F65DBCD2D0,CRM - Roving Creel Project,Drano Lake salmon and steelhead 2022,1,2022-08-01,2022-08-07,31,weekend,Boat,NA,PE,effort,number_observations,1,week
81F6F893-1C3B-40E3-A188-84F65DBCD2D0,CRM - Roving Creel Project,Drano Lake salmon and steelhead 2022,1,2022-08-01,2022-08-07,31,weekend,Boat,NA,PE,effort,daily_mean,221.32598631239935,week
81F6F893-1C3B-40E3-A188-84F65DBCD2D0,CRM - Roving Creel Project,Drano Lake salmon and steelhead 2022,1,2022-08-01,2022-08-07,31,weekend,Boat,NA,PE,effort,daily_variance,0,week
81F6F893-1C3B-40E3-A188-84F65DBCD2D0,CRM - Roving Creel Project,Drano Lake salmon and steelhead 2022,1,2022-08-01,2022-08-07,31,weekend,Boat,NA,PE,effort,days_open,2,week
81F6F893-1C3B-40E3-A188-84F65DBCD2D0,CRM - Roving Creel Project,Drano Lake salmon and steelhead 2022,1,2022-08-01,2022-08-07,31,weekend,Boat,NA,PE,effort,degrees_freedom,19,week
81F6F893-1C3B-40E3-A188-84F65DBCD2D0,CRM - Roving Creel Project,Drano Lake salmon and steelhead 2022,1,2022-08-01,2022-08-07,31,weekend,Boat,NA,PE,effort,total_effort,442.6519726247987,week
81F6F893-1C3B-40E3-A188-84F65DBCD2D0,CRM - Roving Creel Project,Drano Lake salmon and steelhead 2022,1,2022-08-08,2022-08-14,32,weekday,Bank,NA,PE,effort,number_observations,0,week
81F6F893-1C3B-40E3-A188-84F65DBCD2D0,CRM - Roving Creel Project,Drano Lake salmon and steelhead 2022,1,2022-08-08,2022-08-14,32,weekday,Bank,NA,PE,effort,daily_variance,0,week
81F6F893-1C3B-40E3-A188-84F65DBCD2D0,CRM - Roving Creel Project,Drano Lake salmon and steelhead 2022,1,2022-08-08,2022-08-14,32,weekday,Bank,NA,PE,effort,days_open,5,week
81F6F893-1C3B-40E3-A188-84F65DBCD2D0,CRM - Roving Creel Project,Drano Lake salmon and steelhead 2022,1,2022-08-08,2022-08-14,32,weekday,Bank,NA,PE,effort,degrees_freedom,19,week
81F6F893-1C3B-40E3-A188-84F65DBCD2D0,CRM - Roving Creel Project,Drano Lake salmon and steelhead 2022,1,2022-08-08,2022-08-14,32,weekday,Boat,NA,PE,effort,number_observations,0,week
81F6F893-1C3B-40E3-A188-84F65DBCD2D0,CRM - Roving Creel Project,Drano Lake salmon and steelhead 2022,1,2022-08-08,2022-08-14,32,weekday,Boat,NA,PE,effort,daily_variance,0,week
81F6F893-1C3B-40E3-A188-84F65DBCD2D0,CRM - Roving Creel Project,Drano Lake salmon and steelhead 2022,1,2022-08-08,2022-08-14,32,weekday,Boat,NA,PE,effort,days_open,5,week
81F6F893-1C3B-40E3-A188-84F65DBCD2D0,CRM - Roving Creel Project,Drano Lake salmon and steelhead 2022,1,2022-08-08,2022-08-14,32,weekday,Boat,NA,PE,effort,degrees_freedom,19,week
81F6F893-1C3B-40E3-A188-84F65DBCD2D0,CRM - Roving Creel Project,Drano Lake salmon and steelhead 2022,1,2022-08-08,2022-08-14,32,weekend,Bank,NA,PE,effort,number_observations,2,week
81F6F893-1C3B-40E3-A188-84F65DBCD2D0,CRM - Roving Creel Project,Drano Lake salmon and steelhead 2022,1,2022-08-08,2022-08-14,32,weekend,Bank,NA,PE,effort,daily_mean,0,week
81F6F893-1C3B-40E3-A188-84F65DBCD2D0,CRM - Roving Creel Project,Drano Lake salmon and steelhead 2022,1,2022-08-08,2022-08-14,32,weekend,Bank,NA,PE,effort,daily_variance,0,week
81F6F893-1C3B-40E3-A188-84F65DBCD2D0,CRM - Roving Creel Project,Drano Lake salmon and steelhead 2022,1,2022-08-08,2022-08-14,32,weekend,Bank,NA,PE,effort,days_open,2,week
81F6F893-1C3B-40E3-A188-84F65DBCD2D0,CRM - Roving Creel Project,Drano Lake salmon and steelhead 2022,1,2022-08-08,2022-08-14,32,weekend,Bank,NA,PE,effort,degrees_freedom,19,week
81F6F893-1C3B-40E3-A188-84F65DBCD2D0,CRM - Roving Creel Project,Drano Lake salmon and steelhead 2022,1,2022-08-08,2022-08-14,32,weekend,Bank,NA,PE,effort,total_effort,0,week
81F6F893-1C3B-40E3-A188-84F65DBCD2D0,CRM - Roving Creel Project,Drano Lake salmon and steelhead 2022,1,2022-08-08,2022-08-14,32,weekend,Boat,NA,PE,effort,number_observations,2,week
81F6F893-1C3B-40E3-A188-84F65DBCD2D0,CRM - Roving Creel Project,Drano Lake salmon and steelhead 2022,1,2022-08-08,2022-08-14,32,weekend,Boat,NA,PE,effort,daily_mean,608.4144675925926,week
81F6F893-1C3B-40E3-A188-84F65DBCD2D0,CRM - Roving Creel Project,Drano Lake salmon and steelhead 2022,1,2022-08-08,2022-08-14,32,weekend,Boat,NA,PE,effort,daily_variance,23238.436131714025,week
81F6F893-1C3B-40E3-A188-84F65DBCD2D0,CRM - Roving Creel Project,Drano Lake salmon and steelhead 2022,1,2022-08-08,2022-08-14,32,weekend,Boat,NA,PE,effort,days_open,2,week
81F6F893-1C3B-40E3-A188-84F65DBCD2D0,CRM - Roving Creel Project,Drano Lake salmon and steelhead 2022,1,2022-08-08,2022-08-14,32,weekend,Boat,NA,PE,effort,degrees_freedom,19,week
81F6F893-1C3B-40E3-A188-84F65DBCD2D0,CRM - Roving Creel Project,Drano Lake salmon and steelhead 2022,1,2022-08-08,2022-08-14,32,weekend,Boat,NA,PE,effort,total_effort,1216.8289351851852,week
81F6F893-1C3B-40E3-A188-84F65DBCD2D0,CRM - Roving Creel Project,Drano Lake salmon and steelhead 2022,1,2022-08-15,2022-08-21,33,weekday,Bank,NA,PE,effort,number_observations,2,week
81F6F893-1C3B-40E3-A188-84F65DBCD2D0,CRM - Roving Creel Project,Drano Lake salmon and steelhead 2022,1,2022-08-15,2022-08-21,33,weekday,Bank,NA,PE,effort,daily_mean,0,week
81F6F893-1C3B-40E3-A188-84F65DBCD2D0,CRM - Roving Creel Project,Drano Lake salmon and steelhead 2022,1,2022-08-15,2022-08-21,33,weekday,Bank,NA,PE,effort,daily_variance,0,week
81F6F893-1C3B-40E3-A188-84F65DBCD2D0,CRM - Roving Creel Project,Drano Lake salmon and steelhead 2022,1,2022-08-15,2022-08-21,33,weekday,Bank,NA,PE,effort,days_open,5,week
81F6F893-1C3B-40E3-A188-84F65DBCD2D0,CRM - Roving Creel Project,Drano Lake salmon and steelhead 2022,1,2022-08-15,2022-08-21,33,weekday,Bank,NA,PE,effort,degrees_freedom,19,week
81F6F893-1C3B-40E3-A188-84F65DBCD2D0,CRM - Roving Creel Project,Drano Lake salmon and steelhead 2022,1,2022-08-15,2022-08-21,33,weekday,Bank,NA,PE,effort,total_effort,0,week
81F6F893-1C3B-40E3-A188-84F65DBCD2D0,CRM - Roving Creel Project,Drano Lake salmon and steelhead 2022,1,2022-08-15,2022-08-21,33,weekday,Boat,NA,PE,effort,number_observations,2,week
81F6F893-1C3B-40E3-A188-84F65DBCD2D0,CRM - Roving Creel Project,Drano Lake salmon and steelhead 2022,1,2022-08-15,2022-08-21,33,weekday,Boat,NA,PE,effort,daily_mean,666.6170390499194,week
81F6F893-1C3B-40E3-A188-84F65DBCD2D0,CRM - Roving Creel Project,Drano Lake salmon and steelhead 2022,1,2022-08-15,2022-08-21,33,weekday,Boat,NA,PE,effort,daily_variance,61139.80102024961,week
81F6F893-1C3B-40E3-A188-84F65DBCD2D0,CRM - Roving Creel Project,Drano Lake salmon and steelhead 2022,1,2022-08-15,2022-08-21,33,weekday,Boat,NA,PE,effort,days_open,5,week
81F6F893-1C3B-40E3-A188-84F65DBCD2D0,CRM - Roving Creel Project,Drano Lake salmon and steelhead 2022,1,2022-08-15,2022-08-21,33,weekday,Boat,NA,PE,effort,degrees_freedom,19,week
81F6F893-1C3B-40E3-A188-84F65DBCD2D0,CRM - Roving Creel Project,Drano Lake salmon and steelhead 2022,1,2022-08-15,2022-08-21,33,weekday,Boat,NA,PE,effort,total_effort,3333.085195249597,week
81F6F893-1C3B-40E3-A188-84F65DBCD2D0,CRM - Roving Creel Project,Drano Lake salmon and steelhead 2022,1,2022-08-15,2022-08-21,33,weekend,Bank,NA,PE,effort,number_observations,1,week
81F6F893-1C3B-40E3-A188-84F65DBCD2D0,CRM - Roving Creel Project,Drano Lake salmon and steelhead 2022,1,2022-08-15,2022-08-21,33,weekend,Bank,NA,PE,effort,daily_mean,0,week
81F6F893-1C3B-40E3-A188-84F65DBCD2D0,CRM - Roving Creel Project,Drano Lake salmon and steelhead 2022,1,2022-08-15,2022-08-21,33,weekend,Bank,NA,PE,effort,daily_variance,0,week
81F6F893-1C3B-40E3-A188-84F65DBCD2D0,CRM - Roving Creel Project,Drano Lake salmon and steelhead 2022,1,2022-08-15,2022-08-21,33,weekend,Bank,NA,PE,effort,days_open,2,week
81F6F893-1C3B-40E3-A188-84F65DBCD2D0,CRM - Roving Creel Project,Drano Lake salmon and steelhead 2022,1,2022-08-15,2022-08-21,33,weekend,Bank,NA,PE,effort,degrees_freedom,19,week
81F6F893-1C3B-40E3-A188-84F65DBCD2D0,CRM - Roving Creel Project,Drano Lake salmon and steelhead 2022,1,2022-08-15,2022-08-21,33,weekend,Bank,NA,PE,effort,total_effort,0,week
81F6F893-1C3B-40E3-A188-84F65DBCD2D0,CRM - Roving Creel Project,Drano Lake salmon and steelhead 2022,1,2022-08-15,2022-08-21,33,weekend,Boat,NA,PE,effort,number_observations,1,week
81F6F893-1C3B-40E3-A188-84F65DBCD2D0,CRM - Roving Creel Project,Drano Lake salmon and steelhead 2022,1,2022-08-15,2022-08-21,33,weekend,Boat,NA,PE,effort,daily_mean,1769.2248590982288,week
81F6F893-1C3B-40E3-A188-84F65DBCD2D0,CRM - Roving Creel Project,Drano Lake salmon and steelhead 2022,1,2022-08-15,2022-08-21,33,weekend,Boat,NA,PE,effort,daily_variance,0,week
81F6F893-1C3B-40E3-A188-84F65DBCD2D0,CRM - Roving Creel Project,Drano Lake salmon and steelhead 2022,1,2022-08-15,2022-08-21,33,weekend,Boat,NA,PE,effort,days_open,2,week
81F6F893-1C3B-40E3-A188-84F65DBCD2D0,CRM - Roving Creel Project,Drano Lake salmon and steelhead 2022,1,2022-08-15,2022-08-21,33,weekend,Boat,NA,PE,effort,degrees_freedom,19,week
81F6F893-1C3B-40E3-A188-84F65DBCD2D0,CRM - Roving Creel Project,Drano Lake salmon and steelhead 2022,1,2022-08-15,2022-08-21,33,weekend,Boat,NA,PE,effort,total_effort,3538.4497181964575,week
81F6F893-1C3B-40E3-A188-84F65DBCD2D0,CRM - Roving Creel Project,Drano Lake salmon and steelhead 2022,1,2022-08-22,2022-08-28,34,weekday,Bank,NA,PE,effort,number_observations,2,week
81F6F893-1C3B-40E3-A188-84F65DBCD2D0,CRM - Roving Creel Project,Drano Lake salmon and steelhead 2022,1,2022-08-22,2022-08-28,34,weekday,Bank,NA,PE,effort,daily_mean,11.776666666666667,week
81F6F893-1C3B-40E3-A188-84F65DBCD2D0,CRM - Roving Creel Project,Drano Lake salmon and steelhead 2022,1,2022-08-22,2022-08-28,34,weekday,Bank,NA,PE,effort,daily_variance,277.37975555555556,week
81F6F893-1C3B-40E3-A188-84F65DBCD2D0,CRM - Roving Creel Project,Drano Lake salmon and steelhead 2022,1,2022-08-22,2022-08-28,34,weekday,Bank,NA,PE,effort,days_open,5,week
81F6F893-1C3B-40E3-A188-84F65DBCD2D0,CRM - Roving Creel Project,Drano Lake salmon and steelhead 2022,1,2022-08-22,2022-08-28,34,weekday,Bank,NA,PE,effort,degrees_freedom,19,week
81F6F893-1C3B-40E3-A188-84F65DBCD2D0,CRM - Roving Creel Project,Drano Lake salmon and steelhead 2022,1,2022-08-22,2022-08-28,34,weekday,Bank,NA,PE,effort,total_effort,58.88333333333334,week
81F6F893-1C3B-40E3-A188-84F65DBCD2D0,CRM - Roving Creel Project,Drano Lake salmon and steelhead 2022,1,2022-08-22,2022-08-28,34,weekday,Boat,NA,PE,effort,number_observations,2,week
81F6F893-1C3B-40E3-A188-84F65DBCD2D0,CRM - Roving Creel Project,Drano Lake salmon and steelhead 2022,1,2022-08-22,2022-08-28,34,weekday,Boat,NA,PE,effort,daily_mean,231.8860305958132,week
81F6F893-1C3B-40E3-A188-84F65DBCD2D0,CRM - Roving Creel Project,Drano Lake salmon and steelhead 2022,1,2022-08-22,2022-08-28,34,weekday,Boat,NA,PE,effort,daily_variance,858.2171128102289,week
81F6F893-1C3B-40E3-A188-84F65DBCD2D0,CRM - Roving Creel Project,Drano Lake salmon and steelhead 2022,1,2022-08-22,2022-08-28,34,weekday,Boat,NA,PE,effort,days_open,5,week
81F6F893-1C3B-40E3-A188-84F65DBCD2D0,CRM - Roving Creel Project,Drano Lake salmon and steelhead 2022,1,2022-08-22,2022-08-28,34,weekday,Boat,NA,PE,effort,degrees_freedom,19,week
81F6F893-1C3B-40E3-A188-84F65DBCD2D0,CRM - Roving Creel Project,Drano Lake salmon and steelhead 2022,1,2022-08-22,2022-08-28,34,weekday,Boat,NA,PE,effort,total_effort,1159.430152979066,week
81F6F893-1C3B-40E3-A188-84F65DBCD2D0,CRM - Roving Creel Project,Drano Lake salmon and steelhead 2022,1,2022-08-22,2022-08-28,34,weekend,Bank,NA,PE,effort,number_observations,2,week
81F6F893-1C3B-40E3-A188-84F65DBCD2D0,CRM - Roving Creel Project,Drano Lake salmon and steelhead 2022,1,2022-08-22,2022-08-28,34,weekend,Bank,NA,PE,effort,daily_mean,19.413819444444446,week
81F6F893-1C3B-40E3-A188-84F65DBCD2D0,CRM - Roving Creel Project,Drano Lake salmon and steelhead 2022,1,2022-08-22,2022-08-28,34,weekend,Bank,NA,PE,effort,daily_variance,30.627268528163587,week
81F6F893-1C3B-40E3-A188-84F65DBCD2D0,CRM - Roving Creel Project,Drano Lake salmon and steelhead 2022,1,2022-08-22,2022-08-28,34,weekend,Bank,NA,PE,effort,days_open,2,week
81F6F893-1C3B-40E3-A188-84F65DBCD2D0,CRM - Roving Creel Project,Drano Lake salmon and steelhead 2022,1,2022-08-22,2022-08-28,34,weekend,Bank,NA,PE,effort,degrees_freedom,19,week
81F6F893-1C3B-40E3-A188-84F65DBCD2D0,CRM - Roving Creel Project,Drano Lake salmon and steelhead 2022,1,2022-08-22,2022-08-28,34,weekend,Bank,NA,PE,effort,total_effort,38.82763888888889,week
81F6F893-1C3B-40E3-A188-84F65DBCD2D0,CRM - Roving Creel Project,Drano Lake salmon and steelhead 2022,1,2022-08-22,2022-08-28,34,weekend,Boat,NA,PE,effort,number_observations,2,week
81F6F893-1C3B-40E3-A188-84F65DBCD2D0,CRM - Roving Creel Project,Drano Lake salmon and steelhead 2022,1,2022-08-22,2022-08-28,34,weekend,Boat,NA,PE,effort,daily_mean,1060.9928743961352,week
81F6F893-1C3B-40E3-A188-84F65DBCD2D0,CRM - Roving Creel Project,Drano Lake salmon and steelhead 2022,1,2022-08-22,2022-08-28,34,weekend,Boat,NA,PE,effort,daily_variance,192782.40188207434,week
81F6F893-1C3B-40E3-A188-84F65DBCD2D0,CRM - Roving Creel Project,Drano Lake salmon and steelhead 2022,1,2022-08-22,2022-08-28,34,weekend,Boat,NA,PE,effort,days_open,2,week
81F6F893-1C3B-40E3-A188-84F65DBCD2D0,CRM - Roving Creel Project,Drano Lake salmon and steelhead 2022,1,2022-08-22,2022-08-28,34,weekend,Boat,NA,PE,effort,degrees_freedom,19,week
81F6F893-1C3B-40E3-A188-84F65DBCD2D0,CRM - Roving Creel Project,Drano Lake salmon and steelhead 2022,1,2022-08-22,2022-08-28,34,weekend,Boat,NA,PE,effort,total_effort,2121.9857487922704,week
81F6F893-1C3B-40E3-A188-84F65DBCD2D0,CRM - Roving Creel Project,Drano Lake salmon and steelhead 2022,1,2022-08-29,2022-09-04,35,weekday,Bank,NA,PE,effort,number_observations,2,week
81F6F893-1C3B-40E3-A188-84F65DBCD2D0,CRM - Roving Creel Project,Drano Lake salmon and steelhead 2022,1,2022-08-29,2022-09-04,35,weekday,Bank,NA,PE,effort,daily_mean,11.497499999999999,week
81F6F893-1C3B-40E3-A188-84F65DBCD2D0,CRM - Roving Creel Project,Drano Lake salmon and steelhead 2022,1,2022-08-29,2022-09-04,35,weekday,Bank,NA,PE,effort,daily_variance,29.640722376543202,week
81F6F893-1C3B-40E3-A188-84F65DBCD2D0,CRM - Roving Creel Project,Drano Lake salmon and steelhead 2022,1,2022-08-29,2022-09-04,35,weekday,Bank,NA,PE,effort,days_open,5,week
81F6F893-1C3B-40E3-A188-84F65DBCD2D0,CRM - Roving Creel Project,Drano Lake salmon and steelhead 2022,1,2022-08-29,2022-09-04,35,weekday,Bank,NA,PE,effort,degrees_freedom,19,week
81F6F893-1C3B-40E3-A188-84F65DBCD2D0,CRM - Roving Creel Project,Drano Lake salmon and steelhead 2022,1,2022-08-29,2022-09-04,35,weekday,Bank,NA,PE,effort,total_effort,57.4875,week
81F6F893-1C3B-40E3-A188-84F65DBCD2D0,CRM - Roving Creel Project,Drano Lake salmon and steelhead 2022,1,2022-08-29,2022-09-04,35,weekday,Boat,NA,PE,effort,number_observations,2,week
81F6F893-1C3B-40E3-A188-84F65DBCD2D0,CRM - Roving Creel Project,Drano Lake salmon and steelhead 2022,1,2022-08-29,2022-09-04,35,weekday,Boat,NA,PE,effort,daily_mean,523.6025060386473,week
81F6F893-1C3B-40E3-A188-84F65DBCD2D0,CRM - Roving Creel Project,Drano Lake salmon and steelhead 2022,1,2022-08-29,2022-09-04,35,weekday,Boat,NA,PE,effort,daily_variance,16760.9143467923,week
81F6F893-1C3B-40E3-A188-84F65DBCD2D0,CRM - Roving Creel Project,Drano Lake salmon and steelhead 2022,1,2022-08-29,2022-09-04,35,weekday,Boat,NA,PE,effort,days_open,5,week
81F6F893-1C3B-40E3-A188-84F65DBCD2D0,CRM - Roving Creel Project,Drano Lake salmon and steelhead 2022,1,2022-08-29,2022-09-04,35,weekday,Boat,NA,PE,effort,degrees_freedom,19,week
81F6F893-1C3B-40E3-A188-84F65DBCD2D0,CRM - Roving Creel Project,Drano Lake salmon and steelhead 2022,1,2022-08-29,2022-09-04,35,weekday,Boat,NA,PE,effort,total_effort,2618.0125301932367,week
81F6F893-1C3B-40E3-A188-84F65DBCD2D0,CRM - Roving Creel Project,Drano Lake salmon and steelhead 2022,1,2022-08-29,2022-09-04,35,weekend,Bank,NA,PE,effort,number_observations,2,week
81F6F893-1C3B-40E3-A188-84F65DBCD2D0,CRM - Roving Creel Project,Drano Lake salmon and steelhead 2022,1,2022-08-29,2022-09-04,35,weekend,Bank,NA,PE,effort,daily_mean,41.713680555555555,week
81F6F893-1C3B-40E3-A188-84F65DBCD2D0,CRM - Roving Creel Project,Drano Lake salmon and steelhead 2022,1,2022-08-29,2022-09-04,35,weekend,Bank,NA,PE,effort,daily_variance,29.845323389274714,week
81F6F893-1C3B-40E3-A188-84F65DBCD2D0,CRM - Roving Creel Project,Drano Lake salmon and steelhead 2022,1,2022-08-29,2022-09-04,35,weekend,Bank,NA,PE,effort,days_open,2,week
81F6F893-1C3B-40E3-A188-84F65DBCD2D0,CRM - Roving Creel Project,Drano Lake salmon and steelhead 2022,1,2022-08-29,2022-09-04,35,weekend,Bank,NA,PE,effort,degrees_freedom,19,week
81F6F893-1C3B-40E3-A188-84F65DBCD2D0,CRM - Roving Creel Project,Drano Lake salmon and steelhead 2022,1,2022-08-29,2022-09-04,35,weekend,Bank,NA,PE,effort,total_effort,83.42736111111111,week
81F6F893-1C3B-40E3-A188-84F65DBCD2D0,CRM - Roving Creel Project,Drano Lake salmon and steelhead 2022,1,2022-08-29,2022-09-04,35,weekend,Boat,NA,PE,effort,number_observations,2,week
81F6F893-1C3B-40E3-A188-84F65DBCD2D0,CRM - Roving Creel Project,Drano Lake salmon and steelhead 2022,1,2022-08-29,2022-09-04,35,weekend,Boat,NA,PE,effort,daily_mean,2040.2240405260331,week
81F6F893-1C3B-40E3-A188-84F65DBCD2D0,CRM - Roving Creel Project,Drano Lake salmon and steelhead 2022,1,2022-08-29,2022-09-04,35,weekend,Boat,NA,PE,effort,daily_variance,59804.807126003754,week
81F6F893-1C3B-40E3-A188-84F65DBCD2D0,CRM - Roving Creel Project,Drano Lake salmon and steelhead 2022,1,2022-08-29,2022-09-04,35,weekend,Boat,NA,PE,effort,days_open,2,week
81F6F893-1C3B-40E3-A188-84F65DBCD2D0,CRM - Roving Creel Project,Drano Lake salmon and steelhead 2022,1,2022-08-29,2022-09-04,35,weekend,Boat,NA,PE,effort,degrees_freedom,19,week
81F6F893-1C3B-40E3-A188-84F65DBCD2D0,CRM - Roving Creel Project,Drano Lake salmon and steelhead 2022,1,2022-08-29,2022-09-04,35,weekend,Boat,NA,PE,effort,total_effort,4080.4480810520663,week
81F6F893-1C3B-40E3-A188-84F65DBCD2D0,CRM - Roving Creel Project,Drano Lake salmon and steelhead 2022,1,2022-09-05,2022-09-11,36,weekday,Bank,NA,PE,effort,number_observations,1,week
81F6F893-1C3B-40E3-A188-84F65DBCD2D0,CRM - Roving Creel Project,Drano Lake salmon and steelhead 2022,1,2022-09-05,2022-09-11,36,weekday,Bank,NA,PE,effort,daily_mean,0,week
81F6F893-1C3B-40E3-A188-84F65DBCD2D0,CRM - Roving Creel Project,Drano Lake salmon and steelhead 2022,1,2022-09-05,2022-09-11,36,weekday,Bank,NA,PE,effort,daily_variance,0,week
81F6F893-1C3B-40E3-A188-84F65DBCD2D0,CRM - Roving Creel Project,Drano Lake salmon and steelhead 2022,1,2022-09-05,2022-09-11,36,weekday,Bank,NA,PE,effort,days_open,4,week
81F6F893-1C3B-40E3-A188-84F65DBCD2D0,CRM - Roving Creel Project,Drano Lake salmon and steelhead 2022,1,2022-09-05,2022-09-11,36,weekday,Bank,NA,PE,effort,degrees_freedom,19,week
81F6F893-1C3B-40E3-A188-84F65DBCD2D0,CRM - Roving Creel Project,Drano Lake salmon and steelhead 2022,1,2022-09-05,2022-09-11,36,weekday,Bank,NA,PE,effort,total_effort,0,week
81F6F893-1C3B-40E3-A188-84F65DBCD2D0,CRM - Roving Creel Project,Drano Lake salmon and steelhead 2022,1,2022-09-05,2022-09-11,36,weekday,Boat,NA,PE,effort,number_observations,1,week
81F6F893-1C3B-40E3-A188-84F65DBCD2D0,CRM - Roving Creel Project,Drano Lake salmon and steelhead 2022,1,2022-09-05,2022-09-11,36,weekday,Boat,NA,PE,effort,daily_mean,1120.93615136876,week
81F6F893-1C3B-40E3-A188-84F65DBCD2D0,CRM - Roving Creel Project,Drano Lake salmon and steelhead 2022,1,2022-09-05,2022-09-11,36,weekday,Boat,NA,PE,effort,daily_variance,0,week
81F6F893-1C3B-40E3-A188-84F65DBCD2D0,CRM - Roving Creel Project,Drano Lake salmon and steelhead 2022,1,2022-09-05,2022-09-11,36,weekday,Boat,NA,PE,effort,days_open,4,week
81F6F893-1C3B-40E3-A188-84F65DBCD2D0,CRM - Roving Creel Project,Drano Lake salmon and steelhead 2022,1,2022-09-05,2022-09-11,36,weekday,Boat,NA,PE,effort,degrees_freedom,19,week
81F6F893-1C3B-40E3-A188-84F65DBCD2D0,CRM - Roving Creel Project,Drano Lake salmon and steelhead 2022,1,2022-09-05,2022-09-11,36,weekday,Boat,NA,PE,effort,total_effort,4483.74460547504,week
81F6F893-1C3B-40E3-A188-84F65DBCD2D0,CRM - Roving Creel Project,Drano Lake salmon and steelhead 2022,1,2022-09-05,2022-09-11,36,weekend,Bank,NA,PE,effort,number_observations,2,week
81F6F893-1C3B-40E3-A188-84F65DBCD2D0,CRM - Roving Creel Project,Drano Lake salmon and steelhead 2022,1,2022-09-05,2022-09-11,36,weekend,Bank,NA,PE,effort,daily_mean,0,week
81F6F893-1C3B-40E3-A188-84F65DBCD2D0,CRM - Roving Creel Project,Drano Lake salmon and steelhead 2022,1,2022-09-05,2022-09-11,36,weekend,Bank,NA,PE,effort,daily_variance,0,week
81F6F893-1C3B-40E3-A188-84F65DBCD2D0,CRM - Roving Creel Project,Drano Lake salmon and steelhead 2022,1,2022-09-05,2022-09-11,36,weekend,Bank,NA,PE,effort,days_open,3,week
81F6F893-1C3B-40E3-A188-84F65DBCD2D0,CRM - Roving Creel Project,Drano Lake salmon and steelhead 2022,1,2022-09-05,2022-09-11,36,weekend,Bank,NA,PE,effort,degrees_freedom,19,week
81F6F893-1C3B-40E3-A188-84F65DBCD2D0,CRM - Roving Creel Project,Drano Lake salmon and steelhead 2022,1,2022-09-05,2022-09-11,36,weekend,Bank,NA,PE,effort,total_effort,0,week
81F6F893-1C3B-40E3-A188-84F65DBCD2D0,CRM - Roving Creel Project,Drano Lake salmon and steelhead 2022,1,2022-09-05,2022-09-11,36,weekend,Boat,NA,PE,effort,number_observations,2,week
81F6F893-1C3B-40E3-A188-84F65DBCD2D0,CRM - Roving Creel Project,Drano Lake salmon and steelhead 2022,1,2022-09-05,2022-09-11,36,weekend,Boat,NA,PE,effort,daily_mean,1179.8468095813205,week
81F6F893-1C3B-40E3-A188-84F65DBCD2D0,CRM - Roving Creel Project,Drano Lake salmon and steelhead 2022,1,2022-09-05,2022-09-11,36,weekend,Boat,NA,PE,effort,daily_variance,296132.33615100425,week
81F6F893-1C3B-40E3-A188-84F65DBCD2D0,CRM - Roving Creel Project,Drano Lake salmon and steelhead 2022,1,2022-09-05,2022-09-11,36,weekend,Boat,NA,PE,effort,days_open,3,week
81F6F893-1C3B-40E3-A188-84F65DBCD2D0,CRM - Roving Creel Project,Drano Lake salmon and steelhead 2022,1,2022-09-05,2022-09-11,36,weekend,Boat,NA,PE,effort,degrees_freedom,19,week
81F6F893-1C3B-40E3-A188-84F65DBCD2D0,CRM - Roving Creel Project,Drano Lake salmon and steelhead 2022,1,2022-09-05,2022-09-11,36,weekend,Boat,NA,PE,effort,total_effort,3539.5404287439615,week
81F6F893-1C3B-40E3-A188-84F65DBCD2D0,CRM - Roving Creel Project,Drano Lake salmon and steelhead 2022,1,2022-09-12,2022-09-18,37,weekday,Bank,NA,PE,effort,number_observations,1,week
81F6F893-1C3B-40E3-A188-84F65DBCD2D0,CRM - Roving Creel Project,Drano Lake salmon and steelhead 2022,1,2022-09-12,2022-09-18,37,weekday,Bank,NA,PE,effort,daily_mean,0,week
81F6F893-1C3B-40E3-A188-84F65DBCD2D0,CRM - Roving Creel Project,Drano Lake salmon and steelhead 2022,1,2022-09-12,2022-09-18,37,weekday,Bank,NA,PE,effort,daily_variance,0,week
81F6F893-1C3B-40E3-A188-84F65DBCD2D0,CRM - Roving Creel Project,Drano Lake salmon and steelhead 2022,1,2022-09-12,2022-09-18,37,weekday,Bank,NA,PE,effort,days_open,5,week
81F6F893-1C3B-40E3-A188-84F65DBCD2D0,CRM - Roving Creel Project,Drano Lake salmon and steelhead 2022,1,2022-09-12,2022-09-18,37,weekday,Bank,NA,PE,effort,degrees_freedom,19,week
81F6F893-1C3B-40E3-A188-84F65DBCD2D0,CRM - Roving Creel Project,Drano Lake salmon and steelhead 2022,1,2022-09-12,2022-09-18,37,weekday,Bank,NA,PE,effort,total_effort,0,week
81F6F893-1C3B-40E3-A188-84F65DBCD2D0,CRM - Roving Creel Project,Drano Lake salmon and steelhead 2022,1,2022-09-12,2022-09-18,37,weekday,Boat,NA,PE,effort,number_observations,1,week
81F6F893-1C3B-40E3-A188-84F65DBCD2D0,CRM - Roving Creel Project,Drano Lake salmon and steelhead 2022,1,2022-09-12,2022-09-18,37,weekday,Boat,NA,PE,effort,daily_mean,783.7326892109501,week
81F6F893-1C3B-40E3-A188-84F65DBCD2D0,CRM - Roving Creel Project,Drano Lake salmon and steelhead 2022,1,2022-09-12,2022-09-18,37,weekday,Boat,NA,PE,effort,daily_variance,0,week
81F6F893-1C3B-40E3-A188-84F65DBCD2D0,CRM - Roving Creel Project,Drano Lake salmon and steelhead 2022,1,2022-09-12,2022-09-18,37,weekday,Boat,NA,PE,effort,days_open,5,week
81F6F893-1C3B-40E3-A188-84F65DBCD2D0,CRM - Roving Creel Project,Drano Lake salmon and steelhead 2022,1,2022-09-12,2022-09-18,37,weekday,Boat,NA,PE,effort,degrees_freedom,19,week
81F6F893-1C3B-40E3-A188-84F65DBCD2D0,CRM - Roving Creel Project,Drano Lake salmon and steelhead 2022,1,2022-09-12,2022-09-18,37,weekday,Boat,NA,PE,effort,total_effort,3918.6634460547502,week
81F6F893-1C3B-40E3-A188-84F65DBCD2D0,CRM - Roving Creel Project,Drano Lake salmon and steelhead 2022,1,2022-09-12,2022-09-18,37,weekend,Bank,NA,PE,effort,number_observations,1,week
81F6F893-1C3B-40E3-A188-84F65DBCD2D0,CRM - Roving Creel Project,Drano Lake salmon and steelhead 2022,1,2022-09-12,2022-09-18,37,weekend,Bank,NA,PE,effort,daily_mean,0,week
81F6F893-1C3B-40E3-A188-84F65DBCD2D0,CRM - Roving Creel Project,Drano Lake salmon and steelhead 2022,1,2022-09-12,2022-09-18,37,weekend,Bank,NA,PE,effort,daily_variance,0,week
81F6F893-1C3B-40E3-A188-84F65DBCD2D0,CRM - Roving Creel Project,Drano Lake salmon and steelhead 2022,1,2022-09-12,2022-09-18,37,weekend,Bank,NA,PE,effort,days_open,2,week
81F6F893-1C3B-40E3-A188-84F65DBCD2D0,CRM - Roving Creel Project,Drano Lake salmon and steelhead 2022,1,2022-09-12,2022-09-18,37,weekend,Bank,NA,PE,effort,degrees_freedom,19,week
81F6F893-1C3B-40E3-A188-84F65DBCD2D0,CRM - Roving Creel Project,Drano Lake salmon and steelhead 2022,1,2022-09-12,2022-09-18,37,weekend,Bank,NA,PE,effort,total_effort,0,week
81F6F893-1C3B-40E3-A188-84F65DBCD2D0,CRM - Roving Creel Project,Drano Lake salmon and steelhead 2022,1,2022-09-12,2022-09-18,37,weekend,Boat,NA,PE,effort,number_observations,1,week
81F6F893-1C3B-40E3-A188-84F65DBCD2D0,CRM - Roving Creel Project,Drano Lake salmon and steelhead 2022,1,2022-09-12,2022-09-18,37,weekend,Boat,NA,PE,effort,daily_mean,1279.1007246376812,week
81F6F893-1C3B-40E3-A188-84F65DBCD2D0,CRM - Roving Creel Project,Drano Lake salmon and steelhead 2022,1,2022-09-12,2022-09-18,37,weekend,Boat,NA,PE,effort,daily_variance,0,week
81F6F893-1C3B-40E3-A188-84F65DBCD2D0,CRM - Roving Creel Project,Drano Lake salmon and steelhead 2022,1,2022-09-12,2022-09-18,37,weekend,Boat,NA,PE,effort,days_open,2,week
81F6F893-1C3B-40E3-A188-84F65DBCD2D0,CRM - Roving Creel Project,Drano Lake salmon and steelhead 2022,1,2022-09-12,2022-09-18,37,weekend,Boat,NA,PE,effort,degrees_freedom,19,week
81F6F893-1C3B-40E3-A188-84F65DBCD2D0,CRM - Roving Creel Project,Drano Lake salmon and steelhead 2022,1,2022-09-12,2022-09-18,37,weekend,Boat,NA,PE,effort,total_effort,2558.2014492753624,week
81F6F893-1C3B-40E3-A188-84F65DBCD2D0,CRM - Roving Creel Project,Drano Lake salmon and steelhead 2022,1,2022-09-19,2022-09-25,38,weekday,Bank,NA,PE,effort,number_observations,0,week
81F6F893-1C3B-40E3-A188-84F65DBCD2D0,CRM - Roving Creel Project,Drano Lake salmon and steelhead 2022,1,2022-09-19,2022-09-25,38,weekday,Bank,NA,PE,effort,daily_variance,0,week
81F6F893-1C3B-40E3-A188-84F65DBCD2D0,CRM - Roving Creel Project,Drano Lake salmon and steelhead 2022,1,2022-09-19,2022-09-25,38,weekday,Bank,NA,PE,effort,days_open,5,week
81F6F893-1C3B-40E3-A188-84F65DBCD2D0,CRM - Roving Creel Project,Drano Lake salmon and steelhead 2022,1,2022-09-19,2022-09-25,38,weekday,Bank,NA,PE,effort,degrees_freedom,19,week
81F6F893-1C3B-40E3-A188-84F65DBCD2D0,CRM - Roving Creel Project,Drano Lake salmon and steelhead 2022,1,2022-09-19,2022-09-25,38,weekday,Boat,NA,PE,effort,number_observations,0,week
81F6F893-1C3B-40E3-A188-84F65DBCD2D0,CRM - Roving Creel Project,Drano Lake salmon and steelhead 2022,1,2022-09-19,2022-09-25,38,weekday,Boat,NA,PE,effort,daily_variance,0,week
81F6F893-1C3B-40E3-A188-84F65DBCD2D0,CRM - Roving Creel Project,Drano Lake salmon and steelhead 2022,1,2022-09-19,2022-09-25,38,weekday,Boat,NA,PE,effort,days_open,5,week
81F6F893-1C3B-40E3-A188-84F65DBCD2D0,CRM - Roving Creel Project,Drano Lake salmon and steelhead 2022,1,2022-09-19,2022-09-25,38,weekday,Boat,NA,PE,effort,degrees_freedom,19,week
81F6F893-1C3B-40E3-A188-84F65DBCD2D0,CRM - Roving Creel Project,Drano Lake salmon and steelhead 2022,1,2022-09-19,2022-09-25,38,weekend,Bank,NA,PE,effort,number_observations,0,week
81F6F893-1C3B-40E3-A188-84F65DBCD2D0,CRM - Roving Creel Project,Drano Lake salmon and steelhead 2022,1,2022-09-19,2022-09-25,38,weekend,Bank,NA,PE,effort,daily_variance,0,week
81F6F893-1C3B-40E3-A188-84F65DBCD2D0,CRM - Roving Creel Project,Drano Lake salmon and steelhead 2022,1,2022-09-19,2022-09-25,38,weekend,Bank,NA,PE,effort,days_open,2,week
81F6F893-1C3B-40E3-A188-84F65DBCD2D0,CRM - Roving Creel Project,Drano Lake salmon and steelhead 2022,1,2022-09-19,2022-09-25,38,weekend,Bank,NA,PE,effort,degrees_freedom,19,week
81F6F893-1C3B-40E3-A188-84F65DBCD2D0,CRM - Roving Creel Project,Drano Lake salmon and steelhead 2022,1,2022-09-19,2022-09-25,38,weekend,Boat,NA,PE,effort,number_observations,0,week
81F6F893-1C3B-40E3-A188-84F65DBCD2D0,CRM - Roving Creel Project,Drano Lake salmon and steelhead 2022,1,2022-09-19,2022-09-25,38,weekend,Boat,NA,PE,effort,daily_variance,0,week
81F6F893-1C3B-40E3-A188-84F65DBCD2D0,CRM - Roving Creel Project,Drano Lake salmon and steelhead 2022,1,2022-09-19,2022-09-25,38,weekend,Boat,NA,PE,effort,days_open,2,week
81F6F893-1C3B-40E3-A188-84F65DBCD2D0,CRM - Roving Creel Project,Drano Lake salmon and steelhead 2022,1,2022-09-19,2022-09-25,38,weekend,Boat,NA,PE,effort,degrees_freedom,19,week
81F6F893-1C3B-40E3-A188-84F65DBCD2D0,CRM - Roving Creel Project,Drano Lake salmon and steelhead 2022,1,2022-09-26,2022-10-02,39,weekday,Bank,NA,PE,effort,number_observations,0,week
81F6F893-1C3B-40E3-A188-84F65DBCD2D0,CRM - Roving Creel Project,Drano Lake salmon and steelhead 2022,1,2022-09-26,2022-10-02,39,weekday,Bank,NA,PE,effort,daily_variance,0,week
81F6F893-1C3B-40E3-A188-84F65DBCD2D0,CRM - Roving Creel Project,Drano Lake salmon and steelhead 2022,1,2022-09-26,2022-10-02,39,weekday,Bank,NA,PE,effort,days_open,5,week
81F6F893-1C3B-40E3-A188-84F65DBCD2D0,CRM - Roving Creel Project,Drano Lake salmon and steelhead 2022,1,2022-09-26,2022-10-02,39,weekday,Bank,NA,PE,effort,degrees_freedom,19,week
81F6F893-1C3B-40E3-A188-84F65DBCD2D0,CRM - Roving Creel Project,Drano Lake salmon and steelhead 2022,1,2022-09-26,2022-10-02,39,weekday,Boat,NA,PE,effort,number_observations,0,week
81F6F893-1C3B-40E3-A188-84F65DBCD2D0,CRM - Roving Creel Project,Drano Lake salmon and steelhead 2022,1,2022-09-26,2022-10-02,39,weekday,Boat,NA,PE,effort,daily_variance,0,week
81F6F893-1C3B-40E3-A188-84F65DBCD2D0,CRM - Roving Creel Project,Drano Lake salmon and steelhead 2022,1,2022-09-26,2022-10-02,39,weekday,Boat,NA,PE,effort,days_open,5,week
81F6F893-1C3B-40E3-A188-84F65DBCD2D0,CRM - Roving Creel Project,Drano Lake salmon and steelhead 2022,1,2022-09-26,2022-10-02,39,weekday,Boat,NA,PE,effort,degrees_freedom,19,week
81F6F893-1C3B-40E3-A188-84F65DBCD2D0,CRM - Roving Creel Project,Drano Lake salmon and steelhead 2022,1,2022-09-26,2022-10-02,39,weekend,Bank,NA,PE,effort,number_observations,0,week
81F6F893-1C3B-40E3-A188-84F65DBCD2D0,CRM - Roving Creel Project,Drano Lake salmon and steelhead 2022,1,2022-09-26,2022-10-02,39,weekend,Bank,NA,PE,effort,daily_variance,0,week
81F6F893-1C3B-40E3-A188-84F65DBCD2D0,CRM - Roving Creel Project,Drano Lake salmon and steelhead 2022,1,2022-09-26,2022-10-02,39,weekend,Bank,NA,PE,effort,days_open,2,week
81F6F893-1C3B-40E3-A188-84F65DBCD2D0,CRM - Roving Creel Project,Drano Lake salmon and steelhead 2022,1,2022-09-26,2022-10-02,39,weekend,Bank,NA,PE,effort,degrees_freedom,19,week
81F6F893-1C3B-40E3-A188-84F65DBCD2D0,CRM - Roving Creel Project,Drano Lake salmon and steelhead 2022,1,2022-09-26,2022-10-02,39,weekend,Boat,NA,PE,effort,number_observations,0,week
81F6F893-1C3B-40E3-A188-84F65DBCD2D0,CRM - Roving Creel Project,Drano Lake salmon and steelhead 2022,1,2022-09-26,2022-10-02,39,weekend,Boat,NA,PE,effort,daily_variance,0,week
81F6F893-1C3B-40E3-A188-84F65DBCD2D0,CRM - Roving Creel Project,Drano Lake salmon and steelhead 2022,1,2022-09-26,2022-10-02,39,weekend,Boat,NA,PE,effort,days_open,2,week
81F6F893-1C3B-40E3-A188-84F65DBCD2D0,CRM - Roving Creel Project,Drano Lake salmon and steelhead 2022,1,2022-09-26,2022-10-02,39,weekend,Boat,NA,PE,effort,degrees_freedom,19,week
81F6F893-1C3B-40E3-A188-84F65DBCD2D0,CRM - Roving Creel Project,Drano Lake salmon and steelhead 2022,1,2022-10-03,2022-10-09,40,weekday,Bank,NA,PE,effort,number_observations,2,week
81F6F893-1C3B-40E3-A188-84F65DBCD2D0,CRM - Roving Creel Project,Drano Lake salmon and steelhead 2022,1,2022-10-03,2022-10-09,40,weekday,Bank,NA,PE,effort,daily_mean,0,week
81F6F893-1C3B-40E3-A188-84F65DBCD2D0,CRM - Roving Creel Project,Drano Lake salmon and steelhead 2022,1,2022-10-03,2022-10-09,40,weekday,Bank,NA,PE,effort,daily_variance,0,week
81F6F893-1C3B-40E3-A188-84F65DBCD2D0,CRM - Roving Creel Project,Drano Lake salmon and steelhead 2022,1,2022-10-03,2022-10-09,40,weekday,Bank,NA,PE,effort,days_open,4,week
81F6F893-1C3B-40E3-A188-84F65DBCD2D0,CRM - Roving Creel Project,Drano Lake salmon and steelhead 2022,1,2022-10-03,2022-10-09,40,weekday,Bank,NA,PE,effort,degrees_freedom,19,week
81F6F893-1C3B-40E3-A188-84F65DBCD2D0,CRM - Roving Creel Project,Drano Lake salmon and steelhead 2022,1,2022-10-03,2022-10-09,40,weekday,Bank,NA,PE,effort,total_effort,0,week
81F6F893-1C3B-40E3-A188-84F65DBCD2D0,CRM - Roving Creel Project,Drano Lake salmon and steelhead 2022,1,2022-10-03,2022-10-09,40,weekday,Boat,NA,PE,effort,number_observations,2,week
81F6F893-1C3B-40E3-A188-84F65DBCD2D0,CRM - Roving Creel Project,Drano Lake salmon and steelhead 2022,1,2022-10-03,2022-10-09,40,weekday,Boat,NA,PE,effort,daily_mean,224.83383655394525,week
81F6F893-1C3B-40E3-A188-84F65DBCD2D0,CRM - Roving Creel Project,Drano Lake salmon and steelhead 2022,1,2022-10-03,2022-10-09,40,weekday,Boat,NA,PE,effort,daily_variance,1409.1915522540696,week
81F6F893-1C3B-40E3-A188-84F65DBCD2D0,CRM - Roving Creel Project,Drano Lake salmon and steelhead 2022,1,2022-10-03,2022-10-09,40,weekday,Boat,NA,PE,effort,days_open,4,week
81F6F893-1C3B-40E3-A188-84F65DBCD2D0,CRM - Roving Creel Project,Drano Lake salmon and steelhead 2022,1,2022-10-03,2022-10-09,40,weekday,Boat,NA,PE,effort,degrees_freedom,19,week
81F6F893-1C3B-40E3-A188-84F65DBCD2D0,CRM - Roving Creel Project,Drano Lake salmon and steelhead 2022,1,2022-10-03,2022-10-09,40,weekday,Boat,NA,PE,effort,total_effort,899.335346215781,week
81F6F893-1C3B-40E3-A188-84F65DBCD2D0,CRM - Roving Creel Project,Drano Lake salmon and steelhead 2022,1,2022-10-03,2022-10-09,40,weekend,Bank,NA,PE,effort,number_observations,2,week
81F6F893-1C3B-40E3-A188-84F65DBCD2D0,CRM - Roving Creel Project,Drano Lake salmon and steelhead 2022,1,2022-10-03,2022-10-09,40,weekend,Bank,NA,PE,effort,daily_mean,27.75402777777778,week
81F6F893-1C3B-40E3-A188-84F65DBCD2D0,CRM - Roving Creel Project,Drano Lake salmon and steelhead 2022,1,2022-10-03,2022-10-09,40,weekend,Bank,NA,PE,effort,daily_variance,122.35259355709871,week
81F6F893-1C3B-40E3-A188-84F65DBCD2D0,CRM - Roving Creel Project,Drano Lake salmon and steelhead 2022,1,2022-10-03,2022-10-09,40,weekend,Bank,NA,PE,effort,days_open,2,week
81F6F893-1C3B-40E3-A188-84F65DBCD2D0,CRM - Roving Creel Project,Drano Lake salmon and steelhead 2022,1,2022-10-03,2022-10-09,40,weekend,Bank,NA,PE,effort,degrees_freedom,19,week
81F6F893-1C3B-40E3-A188-84F65DBCD2D0,CRM - Roving Creel Project,Drano Lake salmon and steelhead 2022,1,2022-10-03,2022-10-09,40,weekend,Bank,NA,PE,effort,total_effort,55.50805555555556,week
81F6F893-1C3B-40E3-A188-84F65DBCD2D0,CRM - Roving Creel Project,Drano Lake salmon and steelhead 2022,1,2022-10-03,2022-10-09,40,weekend,Boat,NA,PE,effort,number_observations,2,week
81F6F893-1C3B-40E3-A188-84F65DBCD2D0,CRM - Roving Creel Project,Drano Lake salmon and steelhead 2022,1,2022-10-03,2022-10-09,40,weekend,Boat,NA,PE,effort,daily_mean,532.6730173107891,week
81F6F893-1C3B-40E3-A188-84F65DBCD2D0,CRM - Roving Creel Project,Drano Lake salmon and steelhead 2022,1,2022-10-03,2022-10-09,40,weekend,Boat,NA,PE,effort,daily_variance,15250.007027682681,week
81F6F893-1C3B-40E3-A188-84F65DBCD2D0,CRM - Roving Creel Project,Drano Lake salmon and steelhead 2022,1,2022-10-03,2022-10-09,40,weekend,Boat,NA,PE,effort,days_open,2,week
81F6F893-1C3B-40E3-A188-84F65DBCD2D0,CRM - Roving Creel Project,Drano Lake salmon and steelhead 2022,1,2022-10-03,2022-10-09,40,weekend,Boat,NA,PE,effort,degrees_freedom,19,week
81F6F893-1C3B-40E3-A188-84F65DBCD2D0,CRM - Roving Creel Project,Drano Lake salmon and steelhead 2022,1,2022-10-03,2022-10-09,40,weekend,Boat,NA,PE,effort,total_effort,1065.3460346215782,week
81F6F893-1C3B-40E3-A188-84F65DBCD2D0,CRM - Roving Creel Project,Drano Lake salmon and steelhead 2022,1,2022-10-10,2022-10-16,41,weekday,Bank,NA,PE,effort,number_observations,2,week
81F6F893-1C3B-40E3-A188-84F65DBCD2D0,CRM - Roving Creel Project,Drano Lake salmon and steelhead 2022,1,2022-10-10,2022-10-16,41,weekday,Bank,NA,PE,effort,daily_mean,0,week
81F6F893-1C3B-40E3-A188-84F65DBCD2D0,CRM - Roving Creel Project,Drano Lake salmon and steelhead 2022,1,2022-10-10,2022-10-16,41,weekday,Bank,NA,PE,effort,daily_variance,0,week
81F6F893-1C3B-40E3-A188-84F65DBCD2D0,CRM - Roving Creel Project,Drano Lake salmon and steelhead 2022,1,2022-10-10,2022-10-16,41,weekday,Bank,NA,PE,effort,days_open,4,week
81F6F893-1C3B-40E3-A188-84F65DBCD2D0,CRM - Roving Creel Project,Drano Lake salmon and steelhead 2022,1,2022-10-10,2022-10-16,41,weekday,Bank,NA,PE,effort,degrees_freedom,19,week
81F6F893-1C3B-40E3-A188-84F65DBCD2D0,CRM - Roving Creel Project,Drano Lake salmon and steelhead 2022,1,2022-10-10,2022-10-16,41,weekday,Bank,NA,PE,effort,total_effort,0,week
81F6F893-1C3B-40E3-A188-84F65DBCD2D0,CRM - Roving Creel Project,Drano Lake salmon and steelhead 2022,1,2022-10-10,2022-10-16,41,weekday,Boat,NA,PE,effort,number_observations,2,week
81F6F893-1C3B-40E3-A188-84F65DBCD2D0,CRM - Roving Creel Project,Drano Lake salmon and steelhead 2022,1,2022-10-10,2022-10-16,41,weekday,Boat,NA,PE,effort,daily_mean,192.78988526570046,week
81F6F893-1C3B-40E3-A188-84F65DBCD2D0,CRM - Roving Creel Project,Drano Lake salmon and steelhead 2022,1,2022-10-10,2022-10-16,41,weekday,Boat,NA,PE,effort,daily_variance,21662.503177082315,week
81F6F893-1C3B-40E3-A188-84F65DBCD2D0,CRM - Roving Creel Project,Drano Lake salmon and steelhead 2022,1,2022-10-10,2022-10-16,41,weekday,Boat,NA,PE,effort,days_open,4,week
81F6F893-1C3B-40E3-A188-84F65DBCD2D0,CRM - Roving Creel Project,Drano Lake salmon and steelhead 2022,1,2022-10-10,2022-10-16,41,weekday,Boat,NA,PE,effort,degrees_freedom,19,week
81F6F893-1C3B-40E3-A188-84F65DBCD2D0,CRM - Roving Creel Project,Drano Lake salmon and steelhead 2022,1,2022-10-10,2022-10-16,41,weekday,Boat,NA,PE,effort,total_effort,771.1595410628018,week
81F6F893-1C3B-40E3-A188-84F65DBCD2D0,CRM - Roving Creel Project,Drano Lake salmon and steelhead 2022,1,2022-10-10,2022-10-16,41,weekend,Bank,NA,PE,effort,number_observations,2,week
81F6F893-1C3B-40E3-A188-84F65DBCD2D0,CRM - Roving Creel Project,Drano Lake salmon and steelhead 2022,1,2022-10-10,2022-10-16,41,weekend,Bank,NA,PE,effort,daily_mean,9.691666666666666,week
81F6F893-1C3B-40E3-A188-84F65DBCD2D0,CRM - Roving Creel Project,Drano Lake salmon and steelhead 2022,1,2022-10-10,2022-10-16,41,weekend,Bank,NA,PE,effort,daily_variance,187.85680555555555,week
81F6F893-1C3B-40E3-A188-84F65DBCD2D0,CRM - Roving Creel Project,Drano Lake salmon and steelhead 2022,1,2022-10-10,2022-10-16,41,weekend,Bank,NA,PE,effort,days_open,2,week
81F6F893-1C3B-40E3-A188-84F65DBCD2D0,CRM - Roving Creel Project,Drano Lake salmon and steelhead 2022,1,2022-10-10,2022-10-16,41,weekend,Bank,NA,PE,effort,degrees_freedom,19,week
81F6F893-1C3B-40E3-A188-84F65DBCD2D0,CRM - Roving Creel Project,Drano Lake salmon and steelhead 2022,1,2022-10-10,2022-10-16,41,weekend,Bank,NA,PE,effort,total_effort,19.383333333333333,week
81F6F893-1C3B-40E3-A188-84F65DBCD2D0,CRM - Roving Creel Project,Drano Lake salmon and steelhead 2022,1,2022-10-10,2022-10-16,41,weekend,Boat,NA,PE,effort,number_observations,2,week
81F6F893-1C3B-40E3-A188-84F65DBCD2D0,CRM - Roving Creel Project,Drano Lake salmon and steelhead 2022,1,2022-10-10,2022-10-16,41,weekend,Boat,NA,PE,effort,daily_mean,182.3121376811594,week
81F6F893-1C3B-40E3-A188-84F65DBCD2D0,CRM - Roving Creel Project,Drano Lake salmon and steelhead 2022,1,2022-10-10,2022-10-16,41,weekend,Boat,NA,PE,effort,daily_variance,1394.2069712901703,week
81F6F893-1C3B-40E3-A188-84F65DBCD2D0,CRM - Roving Creel Project,Drano Lake salmon and steelhead 2022,1,2022-10-10,2022-10-16,41,weekend,Boat,NA,PE,effort,days_open,2,week
81F6F893-1C3B-40E3-A188-84F65DBCD2D0,CRM - Roving Creel Project,Drano Lake salmon and steelhead 2022,1,2022-10-10,2022-10-16,41,weekend,Boat,NA,PE,effort,degrees_freedom,19,week
81F6F893-1C3B-40E3-A188-84F65DBCD2D0,CRM - Roving Creel Project,Drano Lake salmon and steelhead 2022,1,2022-10-10,2022-10-16,41,weekend,Boat,NA,PE,effort,total_effort,364.6242753623188,week
81F6F893-1C3B-40E3-A188-84F65DBCD2D0,CRM - Roving Creel Project,Drano Lake salmon and steelhead 2022,1,2022-10-17,2022-10-23,42,weekday,Bank,NA,PE,effort,number_observations,2,week
81F6F893-1C3B-40E3-A188-84F65DBCD2D0,CRM - Roving Creel Project,Drano Lake salmon and steelhead 2022,1,2022-10-17,2022-10-23,42,weekday,Bank,NA,PE,effort,daily_mean,3.2176388888888887,week
81F6F893-1C3B-40E3-A188-84F65DBCD2D0,CRM - Roving Creel Project,Drano Lake salmon and steelhead 2022,1,2022-10-17,2022-10-23,42,weekday,Bank,NA,PE,effort,daily_variance,20.706400038580245,week
81F6F893-1C3B-40E3-A188-84F65DBCD2D0,CRM - Roving Creel Project,Drano Lake salmon and steelhead 2022,1,2022-10-17,2022-10-23,42,weekday,Bank,NA,PE,effort,days_open,4,week
81F6F893-1C3B-40E3-A188-84F65DBCD2D0,CRM - Roving Creel Project,Drano Lake salmon and steelhead 2022,1,2022-10-17,2022-10-23,42,weekday,Bank,NA,PE,effort,degrees_freedom,19,week
81F6F893-1C3B-40E3-A188-84F65DBCD2D0,CRM - Roving Creel Project,Drano Lake salmon and steelhead 2022,1,2022-10-17,2022-10-23,42,weekday,Bank,NA,PE,effort,total_effort,12.870555555555555,week
81F6F893-1C3B-40E3-A188-84F65DBCD2D0,CRM - Roving Creel Project,Drano Lake salmon and steelhead 2022,1,2022-10-17,2022-10-23,42,weekday,Boat,NA,PE,effort,number_observations,2,week
81F6F893-1C3B-40E3-A188-84F65DBCD2D0,CRM - Roving Creel Project,Drano Lake salmon and steelhead 2022,1,2022-10-17,2022-10-23,42,weekday,Boat,NA,PE,effort,daily_mean,42.9279690016103,week
81F6F893-1C3B-40E3-A188-84F65DBCD2D0,CRM - Roving Creel Project,Drano Lake salmon and steelhead 2022,1,2022-10-17,2022-10-23,42,weekday,Boat,NA,PE,effort,daily_variance,156.0808048322872,week
81F6F893-1C3B-40E3-A188-84F65DBCD2D0,CRM - Roving Creel Project,Drano Lake salmon and steelhead 2022,1,2022-10-17,2022-10-23,42,weekday,Boat,NA,PE,effort,days_open,4,week
81F6F893-1C3B-40E3-A188-84F65DBCD2D0,CRM - Roving Creel Project,Drano Lake salmon and steelhead 2022,1,2022-10-17,2022-10-23,42,weekday,Boat,NA,PE,effort,degrees_freedom,19,week
81F6F893-1C3B-40E3-A188-84F65DBCD2D0,CRM - Roving Creel Project,Drano Lake salmon and steelhead 2022,1,2022-10-17,2022-10-23,42,weekday,Boat,NA,PE,effort,total_effort,171.7118760064412,week
81F6F893-1C3B-40E3-A188-84F65DBCD2D0,CRM - Roving Creel Project,Drano Lake salmon and steelhead 2022,1,2022-10-17,2022-10-23,42,weekend,Bank,NA,PE,effort,number_observations,2,week
81F6F893-1C3B-40E3-A188-84F65DBCD2D0,CRM - Roving Creel Project,Drano Lake salmon and steelhead 2022,1,2022-10-17,2022-10-23,42,weekend,Bank,NA,PE,effort,daily_mean,28.281319444444442,week
81F6F893-1C3B-40E3-A188-84F65DBCD2D0,CRM - Roving Creel Project,Drano Lake salmon and steelhead 2022,1,2022-10-17,2022-10-23,42,weekend,Bank,NA,PE,effort,daily_variance,965.7341053337191,week
81F6F893-1C3B-40E3-A188-84F65DBCD2D0,CRM - Roving Creel Project,Drano Lake salmon and steelhead 2022,1,2022-10-17,2022-10-23,42,weekend,Bank,NA,PE,effort,days_open,2,week
81F6F893-1C3B-40E3-A188-84F65DBCD2D0,CRM - Roving Creel Project,Drano Lake salmon and steelhead 2022,1,2022-10-17,2022-10-23,42,weekend,Bank,NA,PE,effort,degrees_freedom,19,week
81F6F893-1C3B-40E3-A188-84F65DBCD2D0,CRM - Roving Creel Project,Drano Lake salmon and steelhead 2022,1,2022-10-17,2022-10-23,42,weekend,Bank,NA,PE,effort,total_effort,56.562638888888884,week
81F6F893-1C3B-40E3-A188-84F65DBCD2D0,CRM - Roving Creel Project,Drano Lake salmon and steelhead 2022,1,2022-10-17,2022-10-23,42,weekend,Boat,NA,PE,effort,number_observations,2,week
81F6F893-1C3B-40E3-A188-84F65DBCD2D0,CRM - Roving Creel Project,Drano Lake salmon and steelhead 2022,1,2022-10-17,2022-10-23,42,weekend,Boat,NA,PE,effort,daily_mean,140.69446121846482,week
81F6F893-1C3B-40E3-A188-84F65DBCD2D0,CRM - Roving Creel Project,Drano Lake salmon and steelhead 2022,1,2022-10-17,2022-10-23,42,weekend,Boat,NA,PE,effort,daily_variance,1614.0854852705406,week
81F6F893-1C3B-40E3-A188-84F65DBCD2D0,CRM - Roving Creel Project,Drano Lake salmon and steelhead 2022,1,2022-10-17,2022-10-23,42,weekend,Boat,NA,PE,effort,days_open,2,week
81F6F893-1C3B-40E3-A188-84F65DBCD2D0,CRM - Roving Creel Project,Drano Lake salmon and steelhead 2022,1,2022-10-17,2022-10-23,42,weekend,Boat,NA,PE,effort,degrees_freedom,19,week
81F6F893-1C3B-40E3-A188-84F65DBCD2D0,CRM - Roving Creel Project,Drano Lake salmon and steelhead 2022,1,2022-10-17,2022-10-23,42,weekend,Boat,NA,PE,effort,total_effort,281.38892243692965,week
81F6F893-1C3B-40E3-A188-84F65DBCD2D0,CRM - Roving Creel Project,Drano Lake salmon and steelhead 2022,1,2022-10-24,2022-10-30,43,weekday,Bank,NA,PE,effort,number_observations,2,week
81F6F893-1C3B-40E3-A188-84F65DBCD2D0,CRM - Roving Creel Project,Drano Lake salmon and steelhead 2022,1,2022-10-24,2022-10-30,43,weekday,Bank,NA,PE,effort,daily_mean,0,week
81F6F893-1C3B-40E3-A188-84F65DBCD2D0,CRM - Roving Creel Project,Drano Lake salmon and steelhead 2022,1,2022-10-24,2022-10-30,43,weekday,Bank,NA,PE,effort,daily_variance,0,week
81F6F893-1C3B-40E3-A188-84F65DBCD2D0,CRM - Roving Creel Project,Drano Lake salmon and steelhead 2022,1,2022-10-24,2022-10-30,43,weekday,Bank,NA,PE,effort,days_open,4,week
81F6F893-1C3B-40E3-A188-84F65DBCD2D0,CRM - Roving Creel Project,Drano Lake salmon and steelhead 2022,1,2022-10-24,2022-10-30,43,weekday,Bank,NA,PE,effort,degrees_freedom,19,week
81F6F893-1C3B-40E3-A188-84F65DBCD2D0,CRM - Roving Creel Project,Drano Lake salmon and steelhead 2022,1,2022-10-24,2022-10-30,43,weekday,Bank,NA,PE,effort,total_effort,0,week
81F6F893-1C3B-40E3-A188-84F65DBCD2D0,CRM - Roving Creel Project,Drano Lake salmon and steelhead 2022,1,2022-10-24,2022-10-30,43,weekday,Boat,NA,PE,effort,number_observations,2,week
81F6F893-1C3B-40E3-A188-84F65DBCD2D0,CRM - Roving Creel Project,Drano Lake salmon and steelhead 2022,1,2022-10-24,2022-10-30,43,weekday,Boat,NA,PE,effort,daily_mean,66.49945652173912,week
81F6F893-1C3B-40E3-A188-84F65DBCD2D0,CRM - Roving Creel Project,Drano Lake salmon and steelhead 2022,1,2022-10-24,2022-10-30,43,weekday,Boat,NA,PE,effort,daily_variance,2171.30153504895,week
81F6F893-1C3B-40E3-A188-84F65DBCD2D0,CRM - Roving Creel Project,Drano Lake salmon and steelhead 2022,1,2022-10-24,2022-10-30,43,weekday,Boat,NA,PE,effort,days_open,4,week
81F6F893-1C3B-40E3-A188-84F65DBCD2D0,CRM - Roving Creel Project,Drano Lake salmon and steelhead 2022,1,2022-10-24,2022-10-30,43,weekday,Boat,NA,PE,effort,degrees_freedom,19,week
81F6F893-1C3B-40E3-A188-84F65DBCD2D0,CRM - Roving Creel Project,Drano Lake salmon and steelhead 2022,1,2022-10-24,2022-10-30,43,weekday,Boat,NA,PE,effort,total_effort,265.9978260869565,week
81F6F893-1C3B-40E3-A188-84F65DBCD2D0,CRM - Roving Creel Project,Drano Lake salmon and steelhead 2022,1,2022-10-24,2022-10-30,43,weekend,Bank,NA,PE,effort,number_observations,2,week
81F6F893-1C3B-40E3-A188-84F65DBCD2D0,CRM - Roving Creel Project,Drano Lake salmon and steelhead 2022,1,2022-10-24,2022-10-30,43,weekend,Bank,NA,PE,effort,daily_mean,3.054236111111111,week
81F6F893-1C3B-40E3-A188-84F65DBCD2D0,CRM - Roving Creel Project,Drano Lake salmon and steelhead 2022,1,2022-10-24,2022-10-30,43,weekend,Bank,NA,PE,effort,daily_variance,18.656716444830245,week
81F6F893-1C3B-40E3-A188-84F65DBCD2D0,CRM - Roving Creel Project,Drano Lake salmon and steelhead 2022,1,2022-10-24,2022-10-30,43,weekend,Bank,NA,PE,effort,days_open,2,week
81F6F893-1C3B-40E3-A188-84F65DBCD2D0,CRM - Roving Creel Project,Drano Lake salmon and steelhead 2022,1,2022-10-24,2022-10-30,43,weekend,Bank,NA,PE,effort,degrees_freedom,19,week
81F6F893-1C3B-40E3-A188-84F65DBCD2D0,CRM - Roving Creel Project,Drano Lake salmon and steelhead 2022,1,2022-10-24,2022-10-30,43,weekend,Bank,NA,PE,effort,total_effort,6.108472222222222,week
81F6F893-1C3B-40E3-A188-84F65DBCD2D0,CRM - Roving Creel Project,Drano Lake salmon and steelhead 2022,1,2022-10-24,2022-10-30,43,weekend,Boat,NA,PE,effort,number_observations,2,week
81F6F893-1C3B-40E3-A188-84F65DBCD2D0,CRM - Roving Creel Project,Drano Lake salmon and steelhead 2022,1,2022-10-24,2022-10-30,43,weekend,Boat,NA,PE,effort,daily_mean,65.73923611111111,week
81F6F893-1C3B-40E3-A188-84F65DBCD2D0,CRM - Roving Creel Project,Drano Lake salmon and steelhead 2022,1,2022-10-24,2022-10-30,43,weekend,Boat,NA,PE,effort,daily_variance,4873.105150410747,week
81F6F893-1C3B-40E3-A188-84F65DBCD2D0,CRM - Roving Creel Project,Drano Lake salmon and steelhead 2022,1,2022-10-24,2022-10-30,43,weekend,Boat,NA,PE,effort,days_open,2,week
81F6F893-1C3B-40E3-A188-84F65DBCD2D0,CRM - Roving Creel Project,Drano Lake salmon and steelhead 2022,1,2022-10-24,2022-10-30,43,weekend,Boat,NA,PE,effort,degrees_freedom,19,week
81F6F893-1C3B-40E3-A188-84F65DBCD2D0,CRM - Roving Creel Project,Drano Lake salmon and steelhead 2022,1,2022-10-24,2022-10-30,43,weekend,Boat,NA,PE,effort,total_effort,131.47847222222222,week
81F6F893-1C3B-40E3-A188-84F65DBCD2D0,CRM - Roving Creel Project,Drano Lake salmon and steelhead 2022,1,2022-10-31,2022-10-31,44,weekday,Bank,NA,PE,effort,number_observations,0,week
81F6F893-1C3B-40E3-A188-84F65DBCD2D0,CRM - Roving Creel Project,Drano Lake salmon and steelhead 2022,1,2022-10-31,2022-10-31,44,weekday,Bank,NA,PE,effort,daily_variance,0,week
81F6F893-1C3B-40E3-A188-84F65DBCD2D0,CRM - Roving Creel Project,Drano Lake salmon and steelhead 2022,1,2022-10-31,2022-10-31,44,weekday,Bank,NA,PE,effort,days_open,1,week
81F6F893-1C3B-40E3-A188-84F65DBCD2D0,CRM - Roving Creel Project,Drano Lake salmon and steelhead 2022,1,2022-10-31,2022-10-31,44,weekday,Bank,NA,PE,effort,degrees_freedom,19,week
81F6F893-1C3B-40E3-A188-84F65DBCD2D0,CRM - Roving Creel Project,Drano Lake salmon and steelhead 2022,1,2022-10-31,2022-10-31,44,weekday,Boat,NA,PE,effort,number_observations,0,week
81F6F893-1C3B-40E3-A188-84F65DBCD2D0,CRM - Roving Creel Project,Drano Lake salmon and steelhead 2022,1,2022-10-31,2022-10-31,44,weekday,Boat,NA,PE,effort,daily_variance,0,week
81F6F893-1C3B-40E3-A188-84F65DBCD2D0,CRM - Roving Creel Project,Drano Lake salmon and steelhead 2022,1,2022-10-31,2022-10-31,44,weekday,Boat,NA,PE,effort,days_open,1,week
81F6F893-1C3B-40E3-A188-84F65DBCD2D0,CRM - Roving Creel Project,Drano Lake salmon and steelhead 2022,1,2022-10-31,2022-10-31,44,weekday,Boat,NA,PE,effort,degrees_freedom,19,week
81F6F893-1C3B-40E3-A188-84F65DBCD2D0,CRM - Roving Creel Project,Drano Lake salmon and steelhead 2022,2,2022-07-01,2022-07-03,26,weekday,Bank,NA,PE,effort,number_observations,0,week
81F6F893-1C3B-40E3-A188-84F65DBCD2D0,CRM - Roving Creel Project,Drano Lake salmon and steelhead 2022,2,2022-07-01,2022-07-03,26,weekday,Bank,NA,PE,effort,daily_variance,0,week
81F6F893-1C3B-40E3-A188-84F65DBCD2D0,CRM - Roving Creel Project,Drano Lake salmon and steelhead 2022,2,2022-07-01,2022-07-03,26,weekday,Bank,NA,PE,effort,days_open,1,week
81F6F893-1C3B-40E3-A188-84F65DBCD2D0,CRM - Roving Creel Project,Drano Lake salmon and steelhead 2022,2,2022-07-01,2022-07-03,26,weekday,Bank,NA,PE,effort,degrees_freedom,18,week
81F6F893-1C3B-40E3-A188-84F65DBCD2D0,CRM - Roving Creel Project,Drano Lake salmon and steelhead 2022,2,2022-07-01,2022-07-03,26,weekday,Boat,NA,PE,effort,number_observations,0,week
81F6F893-1C3B-40E3-A188-84F65DBCD2D0,CRM - Roving Creel Project,Drano Lake salmon and steelhead 2022,2,2022-07-01,2022-07-03,26,weekday,Boat,NA,PE,effort,daily_variance,0,week
81F6F893-1C3B-40E3-A188-84F65DBCD2D0,CRM - Roving Creel Project,Drano Lake salmon and steelhead 2022,2,2022-07-01,2022-07-03,26,weekday,Boat,NA,PE,effort,days_open,1,week
81F6F893-1C3B-40E3-A188-84F65DBCD2D0,CRM - Roving Creel Project,Drano Lake salmon and steelhead 2022,2,2022-07-01,2022-07-03,26,weekday,Boat,NA,PE,effort,degrees_freedom,18,week
81F6F893-1C3B-40E3-A188-84F65DBCD2D0,CRM - Roving Creel Project,Drano Lake salmon and steelhead 2022,2,2022-07-01,2022-07-03,26,weekend,Bank,NA,PE,effort,number_observations,0,week
81F6F893-1C3B-40E3-A188-84F65DBCD2D0,CRM - Roving Creel Project,Drano Lake salmon and steelhead 2022,2,2022-07-01,2022-07-03,26,weekend,Bank,NA,PE,effort,daily_variance,0,week
81F6F893-1C3B-40E3-A188-84F65DBCD2D0,CRM - Roving Creel Project,Drano Lake salmon and steelhead 2022,2,2022-07-01,2022-07-03,26,weekend,Bank,NA,PE,effort,days_open,2,week
81F6F893-1C3B-40E3-A188-84F65DBCD2D0,CRM - Roving Creel Project,Drano Lake salmon and steelhead 2022,2,2022-07-01,2022-07-03,26,weekend,Bank,NA,PE,effort,degrees_freedom,18,week
81F6F893-1C3B-40E3-A188-84F65DBCD2D0,CRM - Roving Creel Project,Drano Lake salmon and steelhead 2022,2,2022-07-01,2022-07-03,26,weekend,Boat,NA,PE,effort,number_observations,0,week
81F6F893-1C3B-40E3-A188-84F65DBCD2D0,CRM - Roving Creel Project,Drano Lake salmon and steelhead 2022,2,2022-07-01,2022-07-03,26,weekend,Boat,NA,PE,effort,daily_variance,0,week
81F6F893-1C3B-40E3-A188-84F65DBCD2D0,CRM - Roving Creel Project,Drano Lake salmon and steelhead 2022,2,2022-07-01,2022-07-03,26,weekend,Boat,NA,PE,effort,days_open,2,week
81F6F893-1C3B-40E3-A188-84F65DBCD2D0,CRM - Roving Creel Project,Drano Lake salmon and steelhead 2022,2,2022-07-01,2022-07-03,26,weekend,Boat,NA,PE,effort,degrees_freedom,18,week
81F6F893-1C3B-40E3-A188-84F65DBCD2D0,CRM - Roving Creel Project,Drano Lake salmon and steelhead 2022,2,2022-07-04,2022-07-10,27,weekday,Bank,NA,PE,effort,number_observations,0,week
81F6F893-1C3B-40E3-A188-84F65DBCD2D0,CRM - Roving Creel Project,Drano Lake salmon and steelhead 2022,2,2022-07-04,2022-07-10,27,weekday,Bank,NA,PE,effort,daily_variance,0,week
81F6F893-1C3B-40E3-A188-84F65DBCD2D0,CRM - Roving Creel Project,Drano Lake salmon and steelhead 2022,2,2022-07-04,2022-07-10,27,weekday,Bank,NA,PE,effort,days_open,4,week
81F6F893-1C3B-40E3-A188-84F65DBCD2D0,CRM - Roving Creel Project,Drano Lake salmon and steelhead 2022,2,2022-07-04,2022-07-10,27,weekday,Bank,NA,PE,effort,degrees_freedom,18,week
81F6F893-1C3B-40E3-A188-84F65DBCD2D0,CRM - Roving Creel Project,Drano Lake salmon and steelhead 2022,2,2022-07-04,2022-07-10,27,weekday,Boat,NA,PE,effort,number_observations,0,week
81F6F893-1C3B-40E3-A188-84F65DBCD2D0,CRM - Roving Creel Project,Drano Lake salmon and steelhead 2022,2,2022-07-04,2022-07-10,27,weekday,Boat,NA,PE,effort,daily_variance,0,week
81F6F893-1C3B-40E3-A188-84F65DBCD2D0,CRM - Roving Creel Project,Drano Lake salmon and steelhead 2022,2,2022-07-04,2022-07-10,27,weekday,Boat,NA,PE,effort,days_open,4,week
81F6F893-1C3B-40E3-A188-84F65DBCD2D0,CRM - Roving Creel Project,Drano Lake salmon and steelhead 2022,2,2022-07-04,2022-07-10,27,weekday,Boat,NA,PE,effort,degrees_freedom,18,week
81F6F893-1C3B-40E3-A188-84F65DBCD2D0,CRM - Roving Creel Project,Drano Lake salmon and steelhead 2022,2,2022-07-04,2022-07-10,27,weekend,Bank,NA,PE,effort,number_observations,0,week
81F6F893-1C3B-40E3-A188-84F65DBCD2D0,CRM - Roving Creel Project,Drano Lake salmon and steelhead 2022,2,2022-07-04,2022-07-10,27,weekend,Bank,NA,PE,effort,daily_variance,0,week
81F6F893-1C3B-40E3-A188-84F65DBCD2D0,CRM - Roving Creel Project,Drano Lake salmon and steelhead 2022,2,2022-07-04,2022-07-10,27,weekend,Bank,NA,PE,effort,days_open,3,week
81F6F893-1C3B-40E3-A188-84F65DBCD2D0,CRM - Roving Creel Project,Drano Lake salmon and steelhead 2022,2,2022-07-04,2022-07-10,27,weekend,Bank,NA,PE,effort,degrees_freedom,18,week
81F6F893-1C3B-40E3-A188-84F65DBCD2D0,CRM - Roving Creel Project,Drano Lake salmon and steelhead 2022,2,2022-07-04,2022-07-10,27,weekend,Boat,NA,PE,effort,number_observations,0,week
81F6F893-1C3B-40E3-A188-84F65DBCD2D0,CRM - Roving Creel Project,Drano Lake salmon and steelhead 2022,2,2022-07-04,2022-07-10,27,weekend,Boat,NA,PE,effort,daily_variance,0,week
81F6F893-1C3B-40E3-A188-84F65DBCD2D0,CRM - Roving Creel Project,Drano Lake salmon and steelhead 2022,2,2022-07-04,2022-07-10,27,weekend,Boat,NA,PE,effort,days_open,3,week
81F6F893-1C3B-40E3-A188-84F65DBCD2D0,CRM - Roving Creel Project,Drano Lake salmon and steelhead 2022,2,2022-07-04,2022-07-10,27,weekend,Boat,NA,PE,effort,degrees_freedom,18,week
81F6F893-1C3B-40E3-A188-84F65DBCD2D0,CRM - Roving Creel Project,Drano Lake salmon and steelhead 2022,2,2022-07-11,2022-07-17,28,weekday,Bank,NA,PE,effort,number_observations,0,week
81F6F893-1C3B-40E3-A188-84F65DBCD2D0,CRM - Roving Creel Project,Drano Lake salmon and steelhead 2022,2,2022-07-11,2022-07-17,28,weekday,Bank,NA,PE,effort,daily_variance,0,week
81F6F893-1C3B-40E3-A188-84F65DBCD2D0,CRM - Roving Creel Project,Drano Lake salmon and steelhead 2022,2,2022-07-11,2022-07-17,28,weekday,Bank,NA,PE,effort,days_open,5,week
81F6F893-1C3B-40E3-A188-84F65DBCD2D0,CRM - Roving Creel Project,Drano Lake salmon and steelhead 2022,2,2022-07-11,2022-07-17,28,weekday,Bank,NA,PE,effort,degrees_freedom,18,week
81F6F893-1C3B-40E3-A188-84F65DBCD2D0,CRM - Roving Creel Project,Drano Lake salmon and steelhead 2022,2,2022-07-11,2022-07-17,28,weekday,Boat,NA,PE,effort,number_observations,0,week
81F6F893-1C3B-40E3-A188-84F65DBCD2D0,CRM - Roving Creel Project,Drano Lake salmon and steelhead 2022,2,2022-07-11,2022-07-17,28,weekday,Boat,NA,PE,effort,daily_variance,0,week
81F6F893-1C3B-40E3-A188-84F65DBCD2D0,CRM - Roving Creel Project,Drano Lake salmon and steelhead 2022,2,2022-07-11,2022-07-17,28,weekday,Boat,NA,PE,effort,days_open,5,week
81F6F893-1C3B-40E3-A188-84F65DBCD2D0,CRM - Roving Creel Project,Drano Lake salmon and steelhead 2022,2,2022-07-11,2022-07-17,28,weekday,Boat,NA,PE,effort,degrees_freedom,18,week
81F6F893-1C3B-40E3-A188-84F65DBCD2D0,CRM - Roving Creel Project,Drano Lake salmon and steelhead 2022,2,2022-07-11,2022-07-17,28,weekend,Bank,NA,PE,effort,number_observations,0,week
81F6F893-1C3B-40E3-A188-84F65DBCD2D0,CRM - Roving Creel Project,Drano Lake salmon and steelhead 2022,2,2022-07-11,2022-07-17,28,weekend,Bank,NA,PE,effort,daily_variance,0,week
81F6F893-1C3B-40E3-A188-84F65DBCD2D0,CRM - Roving Creel Project,Drano Lake salmon and steelhead 2022,2,2022-07-11,2022-07-17,28,weekend,Bank,NA,PE,effort,days_open,2,week
81F6F893-1C3B-40E3-A188-84F65DBCD2D0,CRM - Roving Creel Project,Drano Lake salmon and steelhead 2022,2,2022-07-11,2022-07-17,28,weekend,Bank,NA,PE,effort,degrees_freedom,18,week
81F6F893-1C3B-40E3-A188-84F65DBCD2D0,CRM - Roving Creel Project,Drano Lake salmon and steelhead 2022,2,2022-07-11,2022-07-17,28,weekend,Boat,NA,PE,effort,number_observations,0,week
81F6F893-1C3B-40E3-A188-84F65DBCD2D0,CRM - Roving Creel Project,Drano Lake salmon and steelhead 2022,2,2022-07-11,2022-07-17,28,weekend,Boat,NA,PE,effort,daily_variance,0,week
81F6F893-1C3B-40E3-A188-84F65DBCD2D0,CRM - Roving Creel Project,Drano Lake salmon and steelhead 2022,2,2022-07-11,2022-07-17,28,weekend,Boat,NA,PE,effort,days_open,2,week
81F6F893-1C3B-40E3-A188-84F65DBCD2D0,CRM - Roving Creel Project,Drano Lake salmon and steelhead 2022,2,2022-07-11,2022-07-17,28,weekend,Boat,NA,PE,effort,degrees_freedom,18,week
81F6F893-1C3B-40E3-A188-84F65DBCD2D0,CRM - Roving Creel Project,Drano Lake salmon and steelhead 2022,2,2022-07-18,2022-07-24,29,weekday,Bank,NA,PE,effort,number_observations,0,week
81F6F893-1C3B-40E3-A188-84F65DBCD2D0,CRM - Roving Creel Project,Drano Lake salmon and steelhead 2022,2,2022-07-18,2022-07-24,29,weekday,Bank,NA,PE,effort,daily_variance,0,week
81F6F893-1C3B-40E3-A188-84F65DBCD2D0,CRM - Roving Creel Project,Drano Lake salmon and steelhead 2022,2,2022-07-18,2022-07-24,29,weekday,Bank,NA,PE,effort,days_open,5,week
81F6F893-1C3B-40E3-A188-84F65DBCD2D0,CRM - Roving Creel Project,Drano Lake salmon and steelhead 2022,2,2022-07-18,2022-07-24,29,weekday,Bank,NA,PE,effort,degrees_freedom,18,week
81F6F893-1C3B-40E3-A188-84F65DBCD2D0,CRM - Roving Creel Project,Drano Lake salmon and steelhead 2022,2,2022-07-18,2022-07-24,29,weekday,Boat,NA,PE,effort,number_observations,0,week
81F6F893-1C3B-40E3-A188-84F65DBCD2D0,CRM - Roving Creel Project,Drano Lake salmon and steelhead 2022,2,2022-07-18,2022-07-24,29,weekday,Boat,NA,PE,effort,daily_variance,0,week
81F6F893-1C3B-40E3-A188-84F65DBCD2D0,CRM - Roving Creel Project,Drano Lake salmon and steelhead 2022,2,2022-07-18,2022-07-24,29,weekday,Boat,NA,PE,effort,days_open,5,week
81F6F893-1C3B-40E3-A188-84F65DBCD2D0,CRM - Roving Creel Project,Drano Lake salmon and steelhead 2022,2,2022-07-18,2022-07-24,29,weekday,Boat,NA,PE,effort,degrees_freedom,18,week
81F6F893-1C3B-40E3-A188-84F65DBCD2D0,CRM - Roving Creel Project,Drano Lake salmon and steelhead 2022,2,2022-07-18,2022-07-24,29,weekend,Bank,NA,PE,effort,number_observations,0,week
81F6F893-1C3B-40E3-A188-84F65DBCD2D0,CRM - Roving Creel Project,Drano Lake salmon and steelhead 2022,2,2022-07-18,2022-07-24,29,weekend,Bank,NA,PE,effort,daily_variance,0,week
81F6F893-1C3B-40E3-A188-84F65DBCD2D0,CRM - Roving Creel Project,Drano Lake salmon and steelhead 2022,2,2022-07-18,2022-07-24,29,weekend,Bank,NA,PE,effort,days_open,2,week
81F6F893-1C3B-40E3-A188-84F65DBCD2D0,CRM - Roving Creel Project,Drano Lake salmon and steelhead 2022,2,2022-07-18,2022-07-24,29,weekend,Bank,NA,PE,effort,degrees_freedom,18,week
81F6F893-1C3B-40E3-A188-84F65DBCD2D0,CRM - Roving Creel Project,Drano Lake salmon and steelhead 2022,2,2022-07-18,2022-07-24,29,weekend,Boat,NA,PE,effort,number_observations,0,week
81F6F893-1C3B-40E3-A188-84F65DBCD2D0,CRM - Roving Creel Project,Drano Lake salmon and steelhead 2022,2,2022-07-18,2022-07-24,29,weekend,Boat,NA,PE,effort,daily_variance,0,week
81F6F893-1C3B-40E3-A188-84F65DBCD2D0,CRM - Roving Creel Project,Drano Lake salmon and steelhead 2022,2,2022-07-18,2022-07-24,29,weekend,Boat,NA,PE,effort,days_open,2,week
81F6F893-1C3B-40E3-A188-84F65DBCD2D0,CRM - Roving Creel Project,Drano Lake salmon and steelhead 2022,2,2022-07-18,2022-07-24,29,weekend,Boat,NA,PE,effort,degrees_freedom,18,week
81F6F893-1C3B-40E3-A188-84F65DBCD2D0,CRM - Roving Creel Project,Drano Lake salmon and steelhead 2022,2,2022-07-25,2022-07-31,30,weekday,Bank,NA,PE,effort,number_observations,0,week
81F6F893-1C3B-40E3-A188-84F65DBCD2D0,CRM - Roving Creel Project,Drano Lake salmon and steelhead 2022,2,2022-07-25,2022-07-31,30,weekday,Bank,NA,PE,effort,daily_variance,0,week
81F6F893-1C3B-40E3-A188-84F65DBCD2D0,CRM - Roving Creel Project,Drano Lake salmon and steelhead 2022,2,2022-07-25,2022-07-31,30,weekday,Bank,NA,PE,effort,days_open,5,week
81F6F893-1C3B-40E3-A188-84F65DBCD2D0,CRM - Roving Creel Project,Drano Lake salmon and steelhead 2022,2,2022-07-25,2022-07-31,30,weekday,Bank,NA,PE,effort,degrees_freedom,18,week
81F6F893-1C3B-40E3-A188-84F65DBCD2D0,CRM - Roving Creel Project,Drano Lake salmon and steelhead 2022,2,2022-07-25,2022-07-31,30,weekday,Boat,NA,PE,effort,number_observations,0,week
81F6F893-1C3B-40E3-A188-84F65DBCD2D0,CRM - Roving Creel Project,Drano Lake salmon and steelhead 2022,2,2022-07-25,2022-07-31,30,weekday,Boat,NA,PE,effort,daily_variance,0,week
81F6F893-1C3B-40E3-A188-84F65DBCD2D0,CRM - Roving Creel Project,Drano Lake salmon and steelhead 2022,2,2022-07-25,2022-07-31,30,weekday,Boat,NA,PE,effort,days_open,5,week
81F6F893-1C3B-40E3-A188-84F65DBCD2D0,CRM - Roving Creel Project,Drano Lake salmon and steelhead 2022,2,2022-07-25,2022-07-31,30,weekday,Boat,NA,PE,effort,degrees_freedom,18,week
81F6F893-1C3B-40E3-A188-84F65DBCD2D0,CRM - Roving Creel Project,Drano Lake salmon and steelhead 2022,2,2022-07-25,2022-07-31,30,weekend,Bank,NA,PE,effort,number_observations,0,week
81F6F893-1C3B-40E3-A188-84F65DBCD2D0,CRM - Roving Creel Project,Drano Lake salmon and steelhead 2022,2,2022-07-25,2022-07-31,30,weekend,Bank,NA,PE,effort,daily_variance,0,week
81F6F893-1C3B-40E3-A188-84F65DBCD2D0,CRM - Roving Creel Project,Drano Lake salmon and steelhead 2022,2,2022-07-25,2022-07-31,30,weekend,Bank,NA,PE,effort,days_open,2,week
81F6F893-1C3B-40E3-A188-84F65DBCD2D0,CRM - Roving Creel Project,Drano Lake salmon and steelhead 2022,2,2022-07-25,2022-07-31,30,weekend,Bank,NA,PE,effort,degrees_freedom,18,week
81F6F893-1C3B-40E3-A188-84F65DBCD2D0,CRM - Roving Creel Project,Drano Lake salmon and steelhead 2022,2,2022-07-25,2022-07-31,30,weekend,Boat,NA,PE,effort,number_observations,0,week
81F6F893-1C3B-40E3-A188-84F65DBCD2D0,CRM - Roving Creel Project,Drano Lake salmon and steelhead 2022,2,2022-07-25,2022-07-31,30,weekend,Boat,NA,PE,effort,daily_variance,0,week
81F6F893-1C3B-40E3-A188-84F65DBCD2D0,CRM - Roving Creel Project,Drano Lake salmon and steelhead 2022,2,2022-07-25,2022-07-31,30,weekend,Boat,NA,PE,effort,days_open,2,week
81F6F893-1C3B-40E3-A188-84F65DBCD2D0,CRM - Roving Creel Project,Drano Lake salmon and steelhead 2022,2,2022-07-25,2022-07-31,30,weekend,Boat,NA,PE,effort,degrees_freedom,18,week
81F6F893-1C3B-40E3-A188-84F65DBCD2D0,CRM - Roving Creel Project,Drano Lake salmon and steelhead 2022,2,2022-08-01,2022-08-07,31,weekday,Bank,NA,PE,effort,number_observations,2,week
81F6F893-1C3B-40E3-A188-84F65DBCD2D0,CRM - Roving Creel Project,Drano Lake salmon and steelhead 2022,2,2022-08-01,2022-08-07,31,weekday,Bank,NA,PE,effort,daily_mean,45.70708333333333,week
81F6F893-1C3B-40E3-A188-84F65DBCD2D0,CRM - Roving Creel Project,Drano Lake salmon and steelhead 2022,2,2022-08-01,2022-08-07,31,weekday,Bank,NA,PE,effort,daily_variance,855.5660836805556,week
81F6F893-1C3B-40E3-A188-84F65DBCD2D0,CRM - Roving Creel Project,Drano Lake salmon and steelhead 2022,2,2022-08-01,2022-08-07,31,weekday,Bank,NA,PE,effort,days_open,5,week
81F6F893-1C3B-40E3-A188-84F65DBCD2D0,CRM - Roving Creel Project,Drano Lake salmon and steelhead 2022,2,2022-08-01,2022-08-07,31,weekday,Bank,NA,PE,effort,degrees_freedom,18,week
81F6F893-1C3B-40E3-A188-84F65DBCD2D0,CRM - Roving Creel Project,Drano Lake salmon and steelhead 2022,2,2022-08-01,2022-08-07,31,weekday,Bank,NA,PE,effort,total_effort,228.53541666666666,week
81F6F893-1C3B-40E3-A188-84F65DBCD2D0,CRM - Roving Creel Project,Drano Lake salmon and steelhead 2022,2,2022-08-01,2022-08-07,31,weekday,Boat,NA,PE,effort,number_observations,2,week
81F6F893-1C3B-40E3-A188-84F65DBCD2D0,CRM - Roving Creel Project,Drano Lake salmon and steelhead 2022,2,2022-08-01,2022-08-07,31,weekday,Boat,NA,PE,effort,daily_mean,22.36459339774557,week
81F6F893-1C3B-40E3-A188-84F65DBCD2D0,CRM - Roving Creel Project,Drano Lake salmon and steelhead 2022,2,2022-08-01,2022-08-07,31,weekday,Boat,NA,PE,effort,daily_variance,1000.3500756929694,week
81F6F893-1C3B-40E3-A188-84F65DBCD2D0,CRM - Roving Creel Project,Drano Lake salmon and steelhead 2022,2,2022-08-01,2022-08-07,31,weekday,Boat,NA,PE,effort,days_open,5,week
81F6F893-1C3B-40E3-A188-84F65DBCD2D0,CRM - Roving Creel Project,Drano Lake salmon and steelhead 2022,2,2022-08-01,2022-08-07,31,weekday,Boat,NA,PE,effort,degrees_freedom,18,week
81F6F893-1C3B-40E3-A188-84F65DBCD2D0,CRM - Roving Creel Project,Drano Lake salmon and steelhead 2022,2,2022-08-01,2022-08-07,31,weekday,Boat,NA,PE,effort,total_effort,111.82296698872784,week
81F6F893-1C3B-40E3-A188-84F65DBCD2D0,CRM - Roving Creel Project,Drano Lake salmon and steelhead 2022,2,2022-08-01,2022-08-07,31,weekend,Bank,NA,PE,effort,number_observations,1,week
81F6F893-1C3B-40E3-A188-84F65DBCD2D0,CRM - Roving Creel Project,Drano Lake salmon and steelhead 2022,2,2022-08-01,2022-08-07,31,weekend,Bank,NA,PE,effort,daily_mean,82.54861111111111,week
81F6F893-1C3B-40E3-A188-84F65DBCD2D0,CRM - Roving Creel Project,Drano Lake salmon and steelhead 2022,2,2022-08-01,2022-08-07,31,weekend,Bank,NA,PE,effort,daily_variance,0,week
81F6F893-1C3B-40E3-A188-84F65DBCD2D0,CRM - Roving Creel Project,Drano Lake salmon and steelhead 2022,2,2022-08-01,2022-08-07,31,weekend,Bank,NA,PE,effort,days_open,2,week
81F6F893-1C3B-40E3-A188-84F65DBCD2D0,CRM - Roving Creel Project,Drano Lake salmon and steelhead 2022,2,2022-08-01,2022-08-07,31,weekend,Bank,NA,PE,effort,degrees_freedom,18,week
81F6F893-1C3B-40E3-A188-84F65DBCD2D0,CRM - Roving Creel Project,Drano Lake salmon and steelhead 2022,2,2022-08-01,2022-08-07,31,weekend,Bank,NA,PE,effort,total_effort,165.09722222222223,week
81F6F893-1C3B-40E3-A188-84F65DBCD2D0,CRM - Roving Creel Project,Drano Lake salmon and steelhead 2022,2,2022-08-01,2022-08-07,31,weekend,Boat,NA,PE,effort,number_observations,1,week
81F6F893-1C3B-40E3-A188-84F65DBCD2D0,CRM - Roving Creel Project,Drano Lake salmon and steelhead 2022,2,2022-08-01,2022-08-07,31,weekend,Boat,NA,PE,effort,daily_mean,0,week
81F6F893-1C3B-40E3-A188-84F65DBCD2D0,CRM - Roving Creel Project,Drano Lake salmon and steelhead 2022,2,2022-08-01,2022-08-07,31,weekend,Boat,NA,PE,effort,daily_variance,0,week
81F6F893-1C3B-40E3-A188-84F65DBCD2D0,CRM - Roving Creel Project,Drano Lake salmon and steelhead 2022,2,2022-08-01,2022-08-07,31,weekend,Boat,NA,PE,effort,days_open,2,week
81F6F893-1C3B-40E3-A188-84F65DBCD2D0,CRM - Roving Creel Project,Drano Lake salmon and steelhead 2022,2,2022-08-01,2022-08-07,31,weekend,Boat,NA,PE,effort,degrees_freedom,18,week
81F6F893-1C3B-40E3-A188-84F65DBCD2D0,CRM - Roving Creel Project,Drano Lake salmon and steelhead 2022,2,2022-08-01,2022-08-07,31,weekend,Boat,NA,PE,effort,total_effort,0,week
81F6F893-1C3B-40E3-A188-84F65DBCD2D0,CRM - Roving Creel Project,Drano Lake salmon and steelhead 2022,2,2022-08-08,2022-08-14,32,weekday,Bank,NA,PE,effort,number_observations,0,week
81F6F893-1C3B-40E3-A188-84F65DBCD2D0,CRM - Roving Creel Project,Drano Lake salmon and steelhead 2022,2,2022-08-08,2022-08-14,32,weekday,Bank,NA,PE,effort,daily_variance,0,week
81F6F893-1C3B-40E3-A188-84F65DBCD2D0,CRM - Roving Creel Project,Drano Lake salmon and steelhead 2022,2,2022-08-08,2022-08-14,32,weekday,Bank,NA,PE,effort,days_open,5,week
81F6F893-1C3B-40E3-A188-84F65DBCD2D0,CRM - Roving Creel Project,Drano Lake salmon and steelhead 2022,2,2022-08-08,2022-08-14,32,weekday,Bank,NA,PE,effort,degrees_freedom,18,week
81F6F893-1C3B-40E3-A188-84F65DBCD2D0,CRM - Roving Creel Project,Drano Lake salmon and steelhead 2022,2,2022-08-08,2022-08-14,32,weekday,Boat,NA,PE,effort,number_observations,0,week
81F6F893-1C3B-40E3-A188-84F65DBCD2D0,CRM - Roving Creel Project,Drano Lake salmon and steelhead 2022,2,2022-08-08,2022-08-14,32,weekday,Boat,NA,PE,effort,daily_variance,0,week
81F6F893-1C3B-40E3-A188-84F65DBCD2D0,CRM - Roving Creel Project,Drano Lake salmon and steelhead 2022,2,2022-08-08,2022-08-14,32,weekday,Boat,NA,PE,effort,days_open,5,week
81F6F893-1C3B-40E3-A188-84F65DBCD2D0,CRM - Roving Creel Project,Drano Lake salmon and steelhead 2022,2,2022-08-08,2022-08-14,32,weekday,Boat,NA,PE,effort,degrees_freedom,18,week
81F6F893-1C3B-40E3-A188-84F65DBCD2D0,CRM - Roving Creel Project,Drano Lake salmon and steelhead 2022,2,2022-08-08,2022-08-14,32,weekend,Bank,NA,PE,effort,number_observations,2,week
81F6F893-1C3B-40E3-A188-84F65DBCD2D0,CRM - Roving Creel Project,Drano Lake salmon and steelhead 2022,2,2022-08-08,2022-08-14,32,weekend,Bank,NA,PE,effort,daily_mean,113.52562499999999,week
81F6F893-1C3B-40E3-A188-84F65DBCD2D0,CRM - Roving Creel Project,Drano Lake salmon and steelhead 2022,2,2022-08-08,2022-08-14,32,weekend,Bank,NA,PE,effort,daily_variance,1198.9012270929786,week
81F6F893-1C3B-40E3-A188-84F65DBCD2D0,CRM - Roving Creel Project,Drano Lake salmon and steelhead 2022,2,2022-08-08,2022-08-14,32,weekend,Bank,NA,PE,effort,days_open,2,week
81F6F893-1C3B-40E3-A188-84F65DBCD2D0,CRM - Roving Creel Project,Drano Lake salmon and steelhead 2022,2,2022-08-08,2022-08-14,32,weekend,Bank,NA,PE,effort,degrees_freedom,18,week
81F6F893-1C3B-40E3-A188-84F65DBCD2D0,CRM - Roving Creel Project,Drano Lake salmon and steelhead 2022,2,2022-08-08,2022-08-14,32,weekend,Bank,NA,PE,effort,total_effort,227.05124999999998,week
81F6F893-1C3B-40E3-A188-84F65DBCD2D0,CRM - Roving Creel Project,Drano Lake salmon and steelhead 2022,2,2022-08-08,2022-08-14,32,weekend,Boat,NA,PE,effort,number_observations,2,week
81F6F893-1C3B-40E3-A188-84F65DBCD2D0,CRM - Roving Creel Project,Drano Lake salmon and steelhead 2022,2,2022-08-08,2022-08-14,32,weekend,Boat,NA,PE,effort,daily_mean,21.766173510466988,week
81F6F893-1C3B-40E3-A188-84F65DBCD2D0,CRM - Roving Creel Project,Drano Lake salmon and steelhead 2022,2,2022-08-08,2022-08-14,32,weekend,Boat,NA,PE,effort,daily_variance,947.5326185755096,week
81F6F893-1C3B-40E3-A188-84F65DBCD2D0,CRM - Roving Creel Project,Drano Lake salmon and steelhead 2022,2,2022-08-08,2022-08-14,32,weekend,Boat,NA,PE,effort,days_open,2,week
81F6F893-1C3B-40E3-A188-84F65DBCD2D0,CRM - Roving Creel Project,Drano Lake salmon and steelhead 2022,2,2022-08-08,2022-08-14,32,weekend,Boat,NA,PE,effort,degrees_freedom,18,week
81F6F893-1C3B-40E3-A188-84F65DBCD2D0,CRM - Roving Creel Project,Drano Lake salmon and steelhead 2022,2,2022-08-08,2022-08-14,32,weekend,Boat,NA,PE,effort,total_effort,43.532347020933976,week
81F6F893-1C3B-40E3-A188-84F65DBCD2D0,CRM - Roving Creel Project,Drano Lake salmon and steelhead 2022,2,2022-08-15,2022-08-21,33,weekday,Bank,NA,PE,effort,number_observations,2,week
81F6F893-1C3B-40E3-A188-84F65DBCD2D0,CRM - Roving Creel Project,Drano Lake salmon and steelhead 2022,2,2022-08-15,2022-08-21,33,weekday,Bank,NA,PE,effort,daily_mean,28.129027777777775,week
81F6F893-1C3B-40E3-A188-84F65DBCD2D0,CRM - Roving Creel Project,Drano Lake salmon and steelhead 2022,2,2022-08-15,2022-08-21,33,weekday,Bank,NA,PE,effort,daily_variance,812.392064853395,week
81F6F893-1C3B-40E3-A188-84F65DBCD2D0,CRM - Roving Creel Project,Drano Lake salmon and steelhead 2022,2,2022-08-15,2022-08-21,33,weekday,Bank,NA,PE,effort,days_open,5,week
81F6F893-1C3B-40E3-A188-84F65DBCD2D0,CRM - Roving Creel Project,Drano Lake salmon and steelhead 2022,2,2022-08-15,2022-08-21,33,weekday,Bank,NA,PE,effort,degrees_freedom,18,week
81F6F893-1C3B-40E3-A188-84F65DBCD2D0,CRM - Roving Creel Project,Drano Lake salmon and steelhead 2022,2,2022-08-15,2022-08-21,33,weekday,Bank,NA,PE,effort,total_effort,140.64513888888888,week
81F6F893-1C3B-40E3-A188-84F65DBCD2D0,CRM - Roving Creel Project,Drano Lake salmon and steelhead 2022,2,2022-08-15,2022-08-21,33,weekday,Boat,NA,PE,effort,number_observations,2,week
81F6F893-1C3B-40E3-A188-84F65DBCD2D0,CRM - Roving Creel Project,Drano Lake salmon and steelhead 2022,2,2022-08-15,2022-08-21,33,weekday,Boat,NA,PE,effort,daily_mean,0,week
81F6F893-1C3B-40E3-A188-84F65DBCD2D0,CRM - Roving Creel Project,Drano Lake salmon and steelhead 2022,2,2022-08-15,2022-08-21,33,weekday,Boat,NA,PE,effort,daily_variance,0,week
81F6F893-1C3B-40E3-A188-84F65DBCD2D0,CRM - Roving Creel Project,Drano Lake salmon and steelhead 2022,2,2022-08-15,2022-08-21,33,weekday,Boat,NA,PE,effort,days_open,5,week
81F6F893-1C3B-40E3-A188-84F65DBCD2D0,CRM - Roving Creel Project,Drano Lake salmon and steelhead 2022,2,2022-08-15,2022-08-21,33,weekday,Boat,NA,PE,effort,degrees_freedom,18,week
81F6F893-1C3B-40E3-A188-84F65DBCD2D0,CRM - Roving Creel Project,Drano Lake salmon and steelhead 2022,2,2022-08-15,2022-08-21,33,weekday,Boat,NA,PE,effort,total_effort,0,week
81F6F893-1C3B-40E3-A188-84F65DBCD2D0,CRM - Roving Creel Project,Drano Lake salmon and steelhead 2022,2,2022-08-15,2022-08-21,33,weekend,Bank,NA,PE,effort,number_observations,1,week
81F6F893-1C3B-40E3-A188-84F65DBCD2D0,CRM - Roving Creel Project,Drano Lake salmon and steelhead 2022,2,2022-08-15,2022-08-21,33,weekend,Bank,NA,PE,effort,daily_mean,95.40333333333334,week
81F6F893-1C3B-40E3-A188-84F65DBCD2D0,CRM - Roving Creel Project,Drano Lake salmon and steelhead 2022,2,2022-08-15,2022-08-21,33,weekend,Bank,NA,PE,effort,daily_variance,0,week
81F6F893-1C3B-40E3-A188-84F65DBCD2D0,CRM - Roving Creel Project,Drano Lake salmon and steelhead 2022,2,2022-08-15,2022-08-21,33,weekend,Bank,NA,PE,effort,days_open,2,week
81F6F893-1C3B-40E3-A188-84F65DBCD2D0,CRM - Roving Creel Project,Drano Lake salmon and steelhead 2022,2,2022-08-15,2022-08-21,33,weekend,Bank,NA,PE,effort,degrees_freedom,18,week
81F6F893-1C3B-40E3-A188-84F65DBCD2D0,CRM - Roving Creel Project,Drano Lake salmon and steelhead 2022,2,2022-08-15,2022-08-21,33,weekend,Bank,NA,PE,effort,total_effort,190.80666666666667,week
81F6F893-1C3B-40E3-A188-84F65DBCD2D0,CRM - Roving Creel Project,Drano Lake salmon and steelhead 2022,2,2022-08-15,2022-08-21,33,weekend,Boat,NA,PE,effort,number_observations,1,week
81F6F893-1C3B-40E3-A188-84F65DBCD2D0,CRM - Roving Creel Project,Drano Lake salmon and steelhead 2022,2,2022-08-15,2022-08-21,33,weekend,Boat,NA,PE,effort,daily_mean,106.57981078904993,week
81F6F893-1C3B-40E3-A188-84F65DBCD2D0,CRM - Roving Creel Project,Drano Lake salmon and steelhead 2022,2,2022-08-15,2022-08-21,33,weekend,Boat,NA,PE,effort,daily_variance,0,week
81F6F893-1C3B-40E3-A188-84F65DBCD2D0,CRM - Roving Creel Project,Drano Lake salmon and steelhead 2022,2,2022-08-15,2022-08-21,33,weekend,Boat,NA,PE,effort,days_open,2,week
81F6F893-1C3B-40E3-A188-84F65DBCD2D0,CRM - Roving Creel Project,Drano Lake salmon and steelhead 2022,2,2022-08-15,2022-08-21,33,weekend,Boat,NA,PE,effort,degrees_freedom,18,week
81F6F893-1C3B-40E3-A188-84F65DBCD2D0,CRM - Roving Creel Project,Drano Lake salmon and steelhead 2022,2,2022-08-15,2022-08-21,33,weekend,Boat,NA,PE,effort,total_effort,213.15962157809986,week
81F6F893-1C3B-40E3-A188-84F65DBCD2D0,CRM - Roving Creel Project,Drano Lake salmon and steelhead 2022,2,2022-08-22,2022-08-28,34,weekday,Bank,NA,PE,effort,number_observations,2,week
81F6F893-1C3B-40E3-A188-84F65DBCD2D0,CRM - Roving Creel Project,Drano Lake salmon and steelhead 2022,2,2022-08-22,2022-08-28,34,weekday,Bank,NA,PE,effort,daily_mean,129.70583333333332,week
81F6F893-1C3B-40E3-A188-84F65DBCD2D0,CRM - Roving Creel Project,Drano Lake salmon and steelhead 2022,2,2022-08-22,2022-08-28,34,weekday,Bank,NA,PE,effort,daily_variance,1492.3702038580238,week
81F6F893-1C3B-40E3-A188-84F65DBCD2D0,CRM - Roving Creel Project,Drano Lake salmon and steelhead 2022,2,2022-08-22,2022-08-28,34,weekday,Bank,NA,PE,effort,days_open,5,week
81F6F893-1C3B-40E3-A188-84F65DBCD2D0,CRM - Roving Creel Project,Drano Lake salmon and steelhead 2022,2,2022-08-22,2022-08-28,34,weekday,Bank,NA,PE,effort,degrees_freedom,18,week
81F6F893-1C3B-40E3-A188-84F65DBCD2D0,CRM - Roving Creel Project,Drano Lake salmon and steelhead 2022,2,2022-08-22,2022-08-28,34,weekday,Bank,NA,PE,effort,total_effort,648.5291666666666,week
81F6F893-1C3B-40E3-A188-84F65DBCD2D0,CRM - Roving Creel Project,Drano Lake salmon and steelhead 2022,2,2022-08-22,2022-08-28,34,weekday,Boat,NA,PE,effort,number_observations,2,week
81F6F893-1C3B-40E3-A188-84F65DBCD2D0,CRM - Roving Creel Project,Drano Lake salmon and steelhead 2022,2,2022-08-22,2022-08-28,34,weekday,Boat,NA,PE,effort,daily_mean,42.16719001610306,week
81F6F893-1C3B-40E3-A188-84F65DBCD2D0,CRM - Roving Creel Project,Drano Lake salmon and steelhead 2022,2,2022-08-22,2022-08-28,34,weekday,Boat,NA,PE,effort,daily_variance,0.008985769796261221,week
81F6F893-1C3B-40E3-A188-84F65DBCD2D0,CRM - Roving Creel Project,Drano Lake salmon and steelhead 2022,2,2022-08-22,2022-08-28,34,weekday,Boat,NA,PE,effort,days_open,5,week
81F6F893-1C3B-40E3-A188-84F65DBCD2D0,CRM - Roving Creel Project,Drano Lake salmon and steelhead 2022,2,2022-08-22,2022-08-28,34,weekday,Boat,NA,PE,effort,degrees_freedom,18,week
81F6F893-1C3B-40E3-A188-84F65DBCD2D0,CRM - Roving Creel Project,Drano Lake salmon and steelhead 2022,2,2022-08-22,2022-08-28,34,weekday,Boat,NA,PE,effort,total_effort,210.83595008051532,week
81F6F893-1C3B-40E3-A188-84F65DBCD2D0,CRM - Roving Creel Project,Drano Lake salmon and steelhead 2022,2,2022-08-22,2022-08-28,34,weekend,Bank,NA,PE,effort,number_observations,2,week
81F6F893-1C3B-40E3-A188-84F65DBCD2D0,CRM - Roving Creel Project,Drano Lake salmon and steelhead 2022,2,2022-08-22,2022-08-28,34,weekend,Bank,NA,PE,effort,daily_mean,228.98902777777778,week
81F6F893-1C3B-40E3-A188-84F65DBCD2D0,CRM - Roving Creel Project,Drano Lake salmon and steelhead 2022,2,2022-08-22,2022-08-28,34,weekend,Bank,NA,PE,effort,daily_variance,254.00701701388937,week
81F6F893-1C3B-40E3-A188-84F65DBCD2D0,CRM - Roving Creel Project,Drano Lake salmon and steelhead 2022,2,2022-08-22,2022-08-28,34,weekend,Bank,NA,PE,effort,days_open,2,week
81F6F893-1C3B-40E3-A188-84F65DBCD2D0,CRM - Roving Creel Project,Drano Lake salmon and steelhead 2022,2,2022-08-22,2022-08-28,34,weekend,Bank,NA,PE,effort,degrees_freedom,18,week
81F6F893-1C3B-40E3-A188-84F65DBCD2D0,CRM - Roving Creel Project,Drano Lake salmon and steelhead 2022,2,2022-08-22,2022-08-28,34,weekend,Bank,NA,PE,effort,total_effort,457.97805555555556,week
81F6F893-1C3B-40E3-A188-84F65DBCD2D0,CRM - Roving Creel Project,Drano Lake salmon and steelhead 2022,2,2022-08-22,2022-08-28,34,weekend,Boat,NA,PE,effort,number_observations,2,week
81F6F893-1C3B-40E3-A188-84F65DBCD2D0,CRM - Roving Creel Project,Drano Lake salmon and steelhead 2022,2,2022-08-22,2022-08-28,34,weekend,Boat,NA,PE,effort,daily_mean,301.81718498389694,week
81F6F893-1C3B-40E3-A188-84F65DBCD2D0,CRM - Roving Creel Project,Drano Lake salmon and steelhead 2022,2,2022-08-22,2022-08-28,34,weekend,Boat,NA,PE,effort,daily_variance,237.66190804730314,week
81F6F893-1C3B-40E3-A188-84F65DBCD2D0,CRM - Roving Creel Project,Drano Lake salmon and steelhead 2022,2,2022-08-22,2022-08-28,34,weekend,Boat,NA,PE,effort,days_open,2,week
81F6F893-1C3B-40E3-A188-84F65DBCD2D0,CRM - Roving Creel Project,Drano Lake salmon and steelhead 2022,2,2022-08-22,2022-08-28,34,weekend,Boat,NA,PE,effort,degrees_freedom,18,week
81F6F893-1C3B-40E3-A188-84F65DBCD2D0,CRM - Roving Creel Project,Drano Lake salmon and steelhead 2022,2,2022-08-22,2022-08-28,34,weekend,Boat,NA,PE,effort,total_effort,603.6343699677939,week
81F6F893-1C3B-40E3-A188-84F65DBCD2D0,CRM - Roving Creel Project,Drano Lake salmon and steelhead 2022,2,2022-08-29,2022-09-04,35,weekday,Bank,NA,PE,effort,number_observations,2,week
81F6F893-1C3B-40E3-A188-84F65DBCD2D0,CRM - Roving Creel Project,Drano Lake salmon and steelhead 2022,2,2022-08-29,2022-09-04,35,weekday,Bank,NA,PE,effort,daily_mean,88.10444444444444,week
81F6F893-1C3B-40E3-A188-84F65DBCD2D0,CRM - Roving Creel Project,Drano Lake salmon and steelhead 2022,2,2022-08-29,2022-09-04,35,weekday,Bank,NA,PE,effort,daily_variance,31.663113580246918,week
81F6F893-1C3B-40E3-A188-84F65DBCD2D0,CRM - Roving Creel Project,Drano Lake salmon and steelhead 2022,2,2022-08-29,2022-09-04,35,weekday,Bank,NA,PE,effort,days_open,5,week
81F6F893-1C3B-40E3-A188-84F65DBCD2D0,CRM - Roving Creel Project,Drano Lake salmon and steelhead 2022,2,2022-08-29,2022-09-04,35,weekday,Bank,NA,PE,effort,degrees_freedom,18,week
81F6F893-1C3B-40E3-A188-84F65DBCD2D0,CRM - Roving Creel Project,Drano Lake salmon and steelhead 2022,2,2022-08-29,2022-09-04,35,weekday,Bank,NA,PE,effort,total_effort,440.5222222222222,week
81F6F893-1C3B-40E3-A188-84F65DBCD2D0,CRM - Roving Creel Project,Drano Lake salmon and steelhead 2022,2,2022-08-29,2022-09-04,35,weekday,Boat,NA,PE,effort,number_observations,2,week
81F6F893-1C3B-40E3-A188-84F65DBCD2D0,CRM - Roving Creel Project,Drano Lake salmon and steelhead 2022,2,2022-08-29,2022-09-04,35,weekday,Boat,NA,PE,effort,daily_mean,61.583997584541066,week
81F6F893-1C3B-40E3-A188-84F65DBCD2D0,CRM - Roving Creel Project,Drano Lake salmon and steelhead 2022,2,2022-08-29,2022-09-04,35,weekday,Boat,NA,PE,effort,daily_variance,835.2314304698218,week
81F6F893-1C3B-40E3-A188-84F65DBCD2D0,CRM - Roving Creel Project,Drano Lake salmon and steelhead 2022,2,2022-08-29,2022-09-04,35,weekday,Boat,NA,PE,effort,days_open,5,week
81F6F893-1C3B-40E3-A188-84F65DBCD2D0,CRM - Roving Creel Project,Drano Lake salmon and steelhead 2022,2,2022-08-29,2022-09-04,35,weekday,Boat,NA,PE,effort,degrees_freedom,18,week
81F6F893-1C3B-40E3-A188-84F65DBCD2D0,CRM - Roving Creel Project,Drano Lake salmon and steelhead 2022,2,2022-08-29,2022-09-04,35,weekday,Boat,NA,PE,effort,total_effort,307.91998792270533,week
81F6F893-1C3B-40E3-A188-84F65DBCD2D0,CRM - Roving Creel Project,Drano Lake salmon and steelhead 2022,2,2022-08-29,2022-09-04,35,weekend,Bank,NA,PE,effort,number_observations,1,week
81F6F893-1C3B-40E3-A188-84F65DBCD2D0,CRM - Roving Creel Project,Drano Lake salmon and steelhead 2022,2,2022-08-29,2022-09-04,35,weekend,Bank,NA,PE,effort,daily_mean,166.54305555555555,week
81F6F893-1C3B-40E3-A188-84F65DBCD2D0,CRM - Roving Creel Project,Drano Lake salmon and steelhead 2022,2,2022-08-29,2022-09-04,35,weekend,Bank,NA,PE,effort,daily_variance,0,week
81F6F893-1C3B-40E3-A188-84F65DBCD2D0,CRM - Roving Creel Project,Drano Lake salmon and steelhead 2022,2,2022-08-29,2022-09-04,35,weekend,Bank,NA,PE,effort,days_open,2,week
81F6F893-1C3B-40E3-A188-84F65DBCD2D0,CRM - Roving Creel Project,Drano Lake salmon and steelhead 2022,2,2022-08-29,2022-09-04,35,weekend,Bank,NA,PE,effort,degrees_freedom,18,week
81F6F893-1C3B-40E3-A188-84F65DBCD2D0,CRM - Roving Creel Project,Drano Lake salmon and steelhead 2022,2,2022-08-29,2022-09-04,35,weekend,Bank,NA,PE,effort,total_effort,333.0861111111111,week
81F6F893-1C3B-40E3-A188-84F65DBCD2D0,CRM - Roving Creel Project,Drano Lake salmon and steelhead 2022,2,2022-08-29,2022-09-04,35,weekend,Boat,NA,PE,effort,number_observations,1,week
81F6F893-1C3B-40E3-A188-84F65DBCD2D0,CRM - Roving Creel Project,Drano Lake salmon and steelhead 2022,2,2022-08-29,2022-09-04,35,weekend,Boat,NA,PE,effort,daily_mean,466.82523148148147,week
81F6F893-1C3B-40E3-A188-84F65DBCD2D0,CRM - Roving Creel Project,Drano Lake salmon and steelhead 2022,2,2022-08-29,2022-09-04,35,weekend,Boat,NA,PE,effort,daily_variance,0,week
81F6F893-1C3B-40E3-A188-84F65DBCD2D0,CRM - Roving Creel Project,Drano Lake salmon and steelhead 2022,2,2022-08-29,2022-09-04,35,weekend,Boat,NA,PE,effort,days_open,2,week
81F6F893-1C3B-40E3-A188-84F65DBCD2D0,CRM - Roving Creel Project,Drano Lake salmon and steelhead 2022,2,2022-08-29,2022-09-04,35,weekend,Boat,NA,PE,effort,degrees_freedom,18,week
81F6F893-1C3B-40E3-A188-84F65DBCD2D0,CRM - Roving Creel Project,Drano Lake salmon and steelhead 2022,2,2022-08-29,2022-09-04,35,weekend,Boat,NA,PE,effort,total_effort,933.6504629629629,week
81F6F893-1C3B-40E3-A188-84F65DBCD2D0,CRM - Roving Creel Project,Drano Lake salmon and steelhead 2022,2,2022-09-05,2022-09-11,36,weekday,Bank,NA,PE,effort,number_observations,1,week
81F6F893-1C3B-40E3-A188-84F65DBCD2D0,CRM - Roving Creel Project,Drano Lake salmon and steelhead 2022,2,2022-09-05,2022-09-11,36,weekday,Bank,NA,PE,effort,daily_mean,0,week
81F6F893-1C3B-40E3-A188-84F65DBCD2D0,CRM - Roving Creel Project,Drano Lake salmon and steelhead 2022,2,2022-09-05,2022-09-11,36,weekday,Bank,NA,PE,effort,daily_variance,0,week
81F6F893-1C3B-40E3-A188-84F65DBCD2D0,CRM - Roving Creel Project,Drano Lake salmon and steelhead 2022,2,2022-09-05,2022-09-11,36,weekday,Bank,NA,PE,effort,days_open,4,week
81F6F893-1C3B-40E3-A188-84F65DBCD2D0,CRM - Roving Creel Project,Drano Lake salmon and steelhead 2022,2,2022-09-05,2022-09-11,36,weekday,Bank,NA,PE,effort,degrees_freedom,18,week
81F6F893-1C3B-40E3-A188-84F65DBCD2D0,CRM - Roving Creel Project,Drano Lake salmon and steelhead 2022,2,2022-09-05,2022-09-11,36,weekday,Bank,NA,PE,effort,total_effort,0,week
81F6F893-1C3B-40E3-A188-84F65DBCD2D0,CRM - Roving Creel Project,Drano Lake salmon and steelhead 2022,2,2022-09-05,2022-09-11,36,weekday,Boat,NA,PE,effort,number_observations,1,week
81F6F893-1C3B-40E3-A188-84F65DBCD2D0,CRM - Roving Creel Project,Drano Lake salmon and steelhead 2022,2,2022-09-05,2022-09-11,36,weekday,Boat,NA,PE,effort,daily_mean,0,week
81F6F893-1C3B-40E3-A188-84F65DBCD2D0,CRM - Roving Creel Project,Drano Lake salmon and steelhead 2022,2,2022-09-05,2022-09-11,36,weekday,Boat,NA,PE,effort,daily_variance,0,week
81F6F893-1C3B-40E3-A188-84F65DBCD2D0,CRM - Roving Creel Project,Drano Lake salmon and steelhead 2022,2,2022-09-05,2022-09-11,36,weekday,Boat,NA,PE,effort,days_open,4,week
81F6F893-1C3B-40E3-A188-84F65DBCD2D0,CRM - Roving Creel Project,Drano Lake salmon and steelhead 2022,2,2022-09-05,2022-09-11,36,weekday,Boat,NA,PE,effort,degrees_freedom,18,week
81F6F893-1C3B-40E3-A188-84F65DBCD2D0,CRM - Roving Creel Project,Drano Lake salmon and steelhead 2022,2,2022-09-05,2022-09-11,36,weekday,Boat,NA,PE,effort,total_effort,0,week
81F6F893-1C3B-40E3-A188-84F65DBCD2D0,CRM - Roving Creel Project,Drano Lake salmon and steelhead 2022,2,2022-09-05,2022-09-11,36,weekend,Bank,NA,PE,effort,number_observations,2,week
81F6F893-1C3B-40E3-A188-84F65DBCD2D0,CRM - Roving Creel Project,Drano Lake salmon and steelhead 2022,2,2022-09-05,2022-09-11,36,weekend,Bank,NA,PE,effort,daily_mean,37.00069444444444,week
81F6F893-1C3B-40E3-A188-84F65DBCD2D0,CRM - Roving Creel Project,Drano Lake salmon and steelhead 2022,2,2022-09-05,2022-09-11,36,weekend,Bank,NA,PE,effort,daily_variance,0.008704668209876336,week
81F6F893-1C3B-40E3-A188-84F65DBCD2D0,CRM - Roving Creel Project,Drano Lake salmon and steelhead 2022,2,2022-09-05,2022-09-11,36,weekend,Bank,NA,PE,effort,days_open,3,week
81F6F893-1C3B-40E3-A188-84F65DBCD2D0,CRM - Roving Creel Project,Drano Lake salmon and steelhead 2022,2,2022-09-05,2022-09-11,36,weekend,Bank,NA,PE,effort,degrees_freedom,18,week
81F6F893-1C3B-40E3-A188-84F65DBCD2D0,CRM - Roving Creel Project,Drano Lake salmon and steelhead 2022,2,2022-09-05,2022-09-11,36,weekend,Bank,NA,PE,effort,total_effort,111.00208333333333,week
81F6F893-1C3B-40E3-A188-84F65DBCD2D0,CRM - Roving Creel Project,Drano Lake salmon and steelhead 2022,2,2022-09-05,2022-09-11,36,weekend,Boat,NA,PE,effort,number_observations,2,week
81F6F893-1C3B-40E3-A188-84F65DBCD2D0,CRM - Roving Creel Project,Drano Lake salmon and steelhead 2022,2,2022-09-05,2022-09-11,36,weekend,Boat,NA,PE,effort,daily_mean,19.876328502415458,week
81F6F893-1C3B-40E3-A188-84F65DBCD2D0,CRM - Roving Creel Project,Drano Lake salmon and steelhead 2022,2,2022-09-05,2022-09-11,36,weekend,Boat,NA,PE,effort,daily_variance,790.1368694718662,week
81F6F893-1C3B-40E3-A188-84F65DBCD2D0,CRM - Roving Creel Project,Drano Lake salmon and steelhead 2022,2,2022-09-05,2022-09-11,36,weekend,Boat,NA,PE,effort,days_open,3,week
81F6F893-1C3B-40E3-A188-84F65DBCD2D0,CRM - Roving Creel Project,Drano Lake salmon and steelhead 2022,2,2022-09-05,2022-09-11,36,weekend,Boat,NA,PE,effort,degrees_freedom,18,week
81F6F893-1C3B-40E3-A188-84F65DBCD2D0,CRM - Roving Creel Project,Drano Lake salmon and steelhead 2022,2,2022-09-05,2022-09-11,36,weekend,Boat,NA,PE,effort,total_effort,59.62898550724637,week
81F6F893-1C3B-40E3-A188-84F65DBCD2D0,CRM - Roving Creel Project,Drano Lake salmon and steelhead 2022,2,2022-09-12,2022-09-18,37,weekday,Bank,NA,PE,effort,number_observations,1,week
81F6F893-1C3B-40E3-A188-84F65DBCD2D0,CRM - Roving Creel Project,Drano Lake salmon and steelhead 2022,2,2022-09-12,2022-09-18,37,weekday,Bank,NA,PE,effort,daily_mean,51.154444444444444,week
81F6F893-1C3B-40E3-A188-84F65DBCD2D0,CRM - Roving Creel Project,Drano Lake salmon and steelhead 2022,2,2022-09-12,2022-09-18,37,weekday,Bank,NA,PE,effort,daily_variance,0,week
81F6F893-1C3B-40E3-A188-84F65DBCD2D0,CRM - Roving Creel Project,Drano Lake salmon and steelhead 2022,2,2022-09-12,2022-09-18,37,weekday,Bank,NA,PE,effort,days_open,5,week
81F6F893-1C3B-40E3-A188-84F65DBCD2D0,CRM - Roving Creel Project,Drano Lake salmon and steelhead 2022,2,2022-09-12,2022-09-18,37,weekday,Bank,NA,PE,effort,degrees_freedom,18,week
81F6F893-1C3B-40E3-A188-84F65DBCD2D0,CRM - Roving Creel Project,Drano Lake salmon and steelhead 2022,2,2022-09-12,2022-09-18,37,weekday,Bank,NA,PE,effort,total_effort,255.7722222222222,week
81F6F893-1C3B-40E3-A188-84F65DBCD2D0,CRM - Roving Creel Project,Drano Lake salmon and steelhead 2022,2,2022-09-12,2022-09-18,37,weekday,Boat,NA,PE,effort,number_observations,1,week
81F6F893-1C3B-40E3-A188-84F65DBCD2D0,CRM - Roving Creel Project,Drano Lake salmon and steelhead 2022,2,2022-09-12,2022-09-18,37,weekday,Boat,NA,PE,effort,daily_mean,0,week
81F6F893-1C3B-40E3-A188-84F65DBCD2D0,CRM - Roving Creel Project,Drano Lake salmon and steelhead 2022,2,2022-09-12,2022-09-18,37,weekday,Boat,NA,PE,effort,daily_variance,0,week
81F6F893-1C3B-40E3-A188-84F65DBCD2D0,CRM - Roving Creel Project,Drano Lake salmon and steelhead 2022,2,2022-09-12,2022-09-18,37,weekday,Boat,NA,PE,effort,days_open,5,week
81F6F893-1C3B-40E3-A188-84F65DBCD2D0,CRM - Roving Creel Project,Drano Lake salmon and steelhead 2022,2,2022-09-12,2022-09-18,37,weekday,Boat,NA,PE,effort,degrees_freedom,18,week
81F6F893-1C3B-40E3-A188-84F65DBCD2D0,CRM - Roving Creel Project,Drano Lake salmon and steelhead 2022,2,2022-09-12,2022-09-18,37,weekday,Boat,NA,PE,effort,total_effort,0,week
81F6F893-1C3B-40E3-A188-84F65DBCD2D0,CRM - Roving Creel Project,Drano Lake salmon and steelhead 2022,2,2022-09-12,2022-09-18,37,weekend,Bank,NA,PE,effort,number_observations,1,week
81F6F893-1C3B-40E3-A188-84F65DBCD2D0,CRM - Roving Creel Project,Drano Lake salmon and steelhead 2022,2,2022-09-12,2022-09-18,37,weekend,Bank,NA,PE,effort,daily_mean,86.74000000000001,week
81F6F893-1C3B-40E3-A188-84F65DBCD2D0,CRM - Roving Creel Project,Drano Lake salmon and steelhead 2022,2,2022-09-12,2022-09-18,37,weekend,Bank,NA,PE,effort,daily_variance,0,week
81F6F893-1C3B-40E3-A188-84F65DBCD2D0,CRM - Roving Creel Project,Drano Lake salmon and steelhead 2022,2,2022-09-12,2022-09-18,37,weekend,Bank,NA,PE,effort,days_open,2,week
81F6F893-1C3B-40E3-A188-84F65DBCD2D0,CRM - Roving Creel Project,Drano Lake salmon and steelhead 2022,2,2022-09-12,2022-09-18,37,weekend,Bank,NA,PE,effort,degrees_freedom,18,week
81F6F893-1C3B-40E3-A188-84F65DBCD2D0,CRM - Roving Creel Project,Drano Lake salmon and steelhead 2022,2,2022-09-12,2022-09-18,37,weekend,Bank,NA,PE,effort,total_effort,173.48000000000002,week
81F6F893-1C3B-40E3-A188-84F65DBCD2D0,CRM - Roving Creel Project,Drano Lake salmon and steelhead 2022,2,2022-09-12,2022-09-18,37,weekend,Boat,NA,PE,effort,number_observations,1,week
81F6F893-1C3B-40E3-A188-84F65DBCD2D0,CRM - Roving Creel Project,Drano Lake salmon and steelhead 2022,2,2022-09-12,2022-09-18,37,weekend,Boat,NA,PE,effort,daily_mean,58.140942028985506,week
81F6F893-1C3B-40E3-A188-84F65DBCD2D0,CRM - Roving Creel Project,Drano Lake salmon and steelhead 2022,2,2022-09-12,2022-09-18,37,weekend,Boat,NA,PE,effort,daily_variance,0,week
81F6F893-1C3B-40E3-A188-84F65DBCD2D0,CRM - Roving Creel Project,Drano Lake salmon and steelhead 2022,2,2022-09-12,2022-09-18,37,weekend,Boat,NA,PE,effort,days_open,2,week
81F6F893-1C3B-40E3-A188-84F65DBCD2D0,CRM - Roving Creel Project,Drano Lake salmon and steelhead 2022,2,2022-09-12,2022-09-18,37,weekend,Boat,NA,PE,effort,degrees_freedom,18,week
81F6F893-1C3B-40E3-A188-84F65DBCD2D0,CRM - Roving Creel Project,Drano Lake salmon and steelhead 2022,2,2022-09-12,2022-09-18,37,weekend,Boat,NA,PE,effort,total_effort,116.28188405797101,week
81F6F893-1C3B-40E3-A188-84F65DBCD2D0,CRM - Roving Creel Project,Drano Lake salmon and steelhead 2022,2,2022-09-19,2022-09-25,38,weekday,Bank,NA,PE,effort,number_observations,0,week
81F6F893-1C3B-40E3-A188-84F65DBCD2D0,CRM - Roving Creel Project,Drano Lake salmon and steelhead 2022,2,2022-09-19,2022-09-25,38,weekday,Bank,NA,PE,effort,daily_variance,0,week
81F6F893-1C3B-40E3-A188-84F65DBCD2D0,CRM - Roving Creel Project,Drano Lake salmon and steelhead 2022,2,2022-09-19,2022-09-25,38,weekday,Bank,NA,PE,effort,days_open,5,week
81F6F893-1C3B-40E3-A188-84F65DBCD2D0,CRM - Roving Creel Project,Drano Lake salmon and steelhead 2022,2,2022-09-19,2022-09-25,38,weekday,Bank,NA,PE,effort,degrees_freedom,18,week
81F6F893-1C3B-40E3-A188-84F65DBCD2D0,CRM - Roving Creel Project,Drano Lake salmon and steelhead 2022,2,2022-09-19,2022-09-25,38,weekday,Boat,NA,PE,effort,number_observations,0,week
81F6F893-1C3B-40E3-A188-84F65DBCD2D0,CRM - Roving Creel Project,Drano Lake salmon and steelhead 2022,2,2022-09-19,2022-09-25,38,weekday,Boat,NA,PE,effort,daily_variance,0,week
81F6F893-1C3B-40E3-A188-84F65DBCD2D0,CRM - Roving Creel Project,Drano Lake salmon and steelhead 2022,2,2022-09-19,2022-09-25,38,weekday,Boat,NA,PE,effort,days_open,5,week
81F6F893-1C3B-40E3-A188-84F65DBCD2D0,CRM - Roving Creel Project,Drano Lake salmon and steelhead 2022,2,2022-09-19,2022-09-25,38,weekday,Boat,NA,PE,effort,degrees_freedom,18,week
81F6F893-1C3B-40E3-A188-84F65DBCD2D0,CRM - Roving Creel Project,Drano Lake salmon and steelhead 2022,2,2022-09-19,2022-09-25,38,weekend,Bank,NA,PE,effort,number_observations,0,week
81F6F893-1C3B-40E3-A188-84F65DBCD2D0,CRM - Roving Creel Project,Drano Lake salmon and steelhead 2022,2,2022-09-19,2022-09-25,38,weekend,Bank,NA,PE,effort,daily_variance,0,week
81F6F893-1C3B-40E3-A188-84F65DBCD2D0,CRM - Roving Creel Project,Drano Lake salmon and steelhead 2022,2,2022-09-19,2022-09-25,38,weekend,Bank,NA,PE,effort,days_open,2,week
81F6F893-1C3B-40E3-A188-84F65DBCD2D0,CRM - Roving Creel Project,Drano Lake salmon and steelhead 2022,2,2022-09-19,2022-09-25,38,weekend,Bank,NA,PE,effort,degrees_freedom,18,week
81F6F893-1C3B-40E3-A188-84F65DBCD2D0,CRM - Roving Creel Project,Drano Lake salmon and steelhead 2022,2,2022-09-19,2022-09-25,38,weekend,Boat,NA,PE,effort,number_observations,0,week
81F6F893-1C3B-40E3-A188-84F65DBCD2D0,CRM - Roving Creel Project,Drano Lake salmon and steelhead 2022,2,2022-09-19,2022-09-25,38,weekend,Boat,NA,PE,effort,daily_variance,0,week
81F6F893-1C3B-40E3-A188-84F65DBCD2D0,CRM - Roving Creel Project,Drano Lake salmon and steelhead 2022,2,2022-09-19,2022-09-25,38,weekend,Boat,NA,PE,effort,days_open,2,week
81F6F893-1C3B-40E3-A188-84F65DBCD2D0,CRM - Roving Creel Project,Drano Lake salmon and steelhead 2022,2,2022-09-19,2022-09-25,38,weekend,Boat,NA,PE,effort,degrees_freedom,18,week
81F6F893-1C3B-40E3-A188-84F65DBCD2D0,CRM - Roving Creel Project,Drano Lake salmon and steelhead 2022,2,2022-09-26,2022-10-02,39,weekday,Bank,NA,PE,effort,number_observations,0,week
81F6F893-1C3B-40E3-A188-84F65DBCD2D0,CRM - Roving Creel Project,Drano Lake salmon and steelhead 2022,2,2022-09-26,2022-10-02,39,weekday,Bank,NA,PE,effort,daily_variance,0,week
81F6F893-1C3B-40E3-A188-84F65DBCD2D0,CRM - Roving Creel Project,Drano Lake salmon and steelhead 2022,2,2022-09-26,2022-10-02,39,weekday,Bank,NA,PE,effort,days_open,5,week
81F6F893-1C3B-40E3-A188-84F65DBCD2D0,CRM - Roving Creel Project,Drano Lake salmon and steelhead 2022,2,2022-09-26,2022-10-02,39,weekday,Bank,NA,PE,effort,degrees_freedom,18,week
81F6F893-1C3B-40E3-A188-84F65DBCD2D0,CRM - Roving Creel Project,Drano Lake salmon and steelhead 2022,2,2022-09-26,2022-10-02,39,weekday,Boat,NA,PE,effort,number_observations,0,week
81F6F893-1C3B-40E3-A188-84F65DBCD2D0,CRM - Roving Creel Project,Drano Lake salmon and steelhead 2022,2,2022-09-26,2022-10-02,39,weekday,Boat,NA,PE,effort,daily_variance,0,week
81F6F893-1C3B-40E3-A188-84F65DBCD2D0,CRM - Roving Creel Project,Drano Lake salmon and steelhead 2022,2,2022-09-26,2022-10-02,39,weekday,Boat,NA,PE,effort,days_open,5,week
81F6F893-1C3B-40E3-A188-84F65DBCD2D0,CRM - Roving Creel Project,Drano Lake salmon and steelhead 2022,2,2022-09-26,2022-10-02,39,weekday,Boat,NA,PE,effort,degrees_freedom,18,week
81F6F893-1C3B-40E3-A188-84F65DBCD2D0,CRM - Roving Creel Project,Drano Lake salmon and steelhead 2022,2,2022-09-26,2022-10-02,39,weekend,Bank,NA,PE,effort,number_observations,0,week
81F6F893-1C3B-40E3-A188-84F65DBCD2D0,CRM - Roving Creel Project,Drano Lake salmon and steelhead 2022,2,2022-09-26,2022-10-02,39,weekend,Bank,NA,PE,effort,daily_variance,0,week
81F6F893-1C3B-40E3-A188-84F65DBCD2D0,CRM - Roving Creel Project,Drano Lake salmon and steelhead 2022,2,2022-09-26,2022-10-02,39,weekend,Bank,NA,PE,effort,days_open,2,week
81F6F893-1C3B-40E3-A188-84F65DBCD2D0,CRM - Roving Creel Project,Drano Lake salmon and steelhead 2022,2,2022-09-26,2022-10-02,39,weekend,Bank,NA,PE,effort,degrees_freedom,18,week
81F6F893-1C3B-40E3-A188-84F65DBCD2D0,CRM - Roving Creel Project,Drano Lake salmon and steelhead 2022,2,2022-09-26,2022-10-02,39,weekend,Boat,NA,PE,effort,number_observations,0,week
81F6F893-1C3B-40E3-A188-84F65DBCD2D0,CRM - Roving Creel Project,Drano Lake salmon and steelhead 2022,2,2022-09-26,2022-10-02,39,weekend,Boat,NA,PE,effort,daily_variance,0,week
81F6F893-1C3B-40E3-A188-84F65DBCD2D0,CRM - Roving Creel Project,Drano Lake salmon and steelhead 2022,2,2022-09-26,2022-10-02,39,weekend,Boat,NA,PE,effort,days_open,2,week
81F6F893-1C3B-40E3-A188-84F65DBCD2D0,CRM - Roving Creel Project,Drano Lake salmon and steelhead 2022,2,2022-09-26,2022-10-02,39,weekend,Boat,NA,PE,effort,degrees_freedom,18,week
81F6F893-1C3B-40E3-A188-84F65DBCD2D0,CRM - Roving Creel Project,Drano Lake salmon and steelhead 2022,2,2022-10-03,2022-10-09,40,weekday,Bank,NA,PE,effort,number_observations,2,week
81F6F893-1C3B-40E3-A188-84F65DBCD2D0,CRM - Roving Creel Project,Drano Lake salmon and steelhead 2022,2,2022-10-03,2022-10-09,40,weekday,Bank,NA,PE,effort,daily_mean,211.2836111111111,week
81F6F893-1C3B-40E3-A188-84F65DBCD2D0,CRM - Roving Creel Project,Drano Lake salmon and steelhead 2022,2,2022-10-03,2022-10-09,40,weekday,Bank,NA,PE,effort,daily_variance,3732.5280001543197,week
81F6F893-1C3B-40E3-A188-84F65DBCD2D0,CRM - Roving Creel Project,Drano Lake salmon and steelhead 2022,2,2022-10-03,2022-10-09,40,weekday,Bank,NA,PE,effort,days_open,4,week
81F6F893-1C3B-40E3-A188-84F65DBCD2D0,CRM - Roving Creel Project,Drano Lake salmon and steelhead 2022,2,2022-10-03,2022-10-09,40,weekday,Bank,NA,PE,effort,degrees_freedom,18,week
81F6F893-1C3B-40E3-A188-84F65DBCD2D0,CRM - Roving Creel Project,Drano Lake salmon and steelhead 2022,2,2022-10-03,2022-10-09,40,weekday,Bank,NA,PE,effort,total_effort,845.1344444444444,week
81F6F893-1C3B-40E3-A188-84F65DBCD2D0,CRM - Roving Creel Project,Drano Lake salmon and steelhead 2022,2,2022-10-03,2022-10-09,40,weekday,Boat,NA,PE,effort,number_observations,2,week
81F6F893-1C3B-40E3-A188-84F65DBCD2D0,CRM - Roving Creel Project,Drano Lake salmon and steelhead 2022,2,2022-10-03,2022-10-09,40,weekday,Boat,NA,PE,effort,daily_mean,269.5812701288245,week
81F6F893-1C3B-40E3-A188-84F65DBCD2D0,CRM - Roving Creel Project,Drano Lake salmon and steelhead 2022,2,2022-10-03,2022-10-09,40,weekday,Boat,NA,PE,effort,daily_variance,41125.38236134955,week
81F6F893-1C3B-40E3-A188-84F65DBCD2D0,CRM - Roving Creel Project,Drano Lake salmon and steelhead 2022,2,2022-10-03,2022-10-09,40,weekday,Boat,NA,PE,effort,days_open,4,week
81F6F893-1C3B-40E3-A188-84F65DBCD2D0,CRM - Roving Creel Project,Drano Lake salmon and steelhead 2022,2,2022-10-03,2022-10-09,40,weekday,Boat,NA,PE,effort,degrees_freedom,18,week
81F6F893-1C3B-40E3-A188-84F65DBCD2D0,CRM - Roving Creel Project,Drano Lake salmon and steelhead 2022,2,2022-10-03,2022-10-09,40,weekday,Boat,NA,PE,effort,total_effort,1078.325080515298,week
81F6F893-1C3B-40E3-A188-84F65DBCD2D0,CRM - Roving Creel Project,Drano Lake salmon and steelhead 2022,2,2022-10-03,2022-10-09,40,weekend,Bank,NA,PE,effort,number_observations,2,week
81F6F893-1C3B-40E3-A188-84F65DBCD2D0,CRM - Roving Creel Project,Drano Lake salmon and steelhead 2022,2,2022-10-03,2022-10-09,40,weekend,Bank,NA,PE,effort,daily_mean,277.3827777777778,week
81F6F893-1C3B-40E3-A188-84F65DBCD2D0,CRM - Roving Creel Project,Drano Lake salmon and steelhead 2022,2,2022-10-03,2022-10-09,40,weekend,Bank,NA,PE,effort,daily_variance,5.592654320987621,week
81F6F893-1C3B-40E3-A188-84F65DBCD2D0,CRM - Roving Creel Project,Drano Lake salmon and steelhead 2022,2,2022-10-03,2022-10-09,40,weekend,Bank,NA,PE,effort,days_open,2,week
81F6F893-1C3B-40E3-A188-84F65DBCD2D0,CRM - Roving Creel Project,Drano Lake salmon and steelhead 2022,2,2022-10-03,2022-10-09,40,weekend,Bank,NA,PE,effort,degrees_freedom,18,week
81F6F893-1C3B-40E3-A188-84F65DBCD2D0,CRM - Roving Creel Project,Drano Lake salmon and steelhead 2022,2,2022-10-03,2022-10-09,40,weekend,Bank,NA,PE,effort,total_effort,554.7655555555556,week
81F6F893-1C3B-40E3-A188-84F65DBCD2D0,CRM - Roving Creel Project,Drano Lake salmon and steelhead 2022,2,2022-10-03,2022-10-09,40,weekend,Boat,NA,PE,effort,number_observations,2,week
81F6F893-1C3B-40E3-A188-84F65DBCD2D0,CRM - Roving Creel Project,Drano Lake salmon and steelhead 2022,2,2022-10-03,2022-10-09,40,weekend,Boat,NA,PE,effort,daily_mean,294.63596014492754,week
81F6F893-1C3B-40E3-A188-84F65DBCD2D0,CRM - Roving Creel Project,Drano Lake salmon and steelhead 2022,2,2022-10-03,2022-10-09,40,weekend,Boat,NA,PE,effort,daily_variance,7951.374106763359,week
81F6F893-1C3B-40E3-A188-84F65DBCD2D0,CRM - Roving Creel Project,Drano Lake salmon and steelhead 2022,2,2022-10-03,2022-10-09,40,weekend,Boat,NA,PE,effort,days_open,2,week
81F6F893-1C3B-40E3-A188-84F65DBCD2D0,CRM - Roving Creel Project,Drano Lake salmon and steelhead 2022,2,2022-10-03,2022-10-09,40,weekend,Boat,NA,PE,effort,degrees_freedom,18,week
81F6F893-1C3B-40E3-A188-84F65DBCD2D0,CRM - Roving Creel Project,Drano Lake salmon and steelhead 2022,2,2022-10-03,2022-10-09,40,weekend,Boat,NA,PE,effort,total_effort,589.2719202898551,week
81F6F893-1C3B-40E3-A188-84F65DBCD2D0,CRM - Roving Creel Project,Drano Lake salmon and steelhead 2022,2,2022-10-10,2022-10-16,41,weekday,Bank,NA,PE,effort,number_observations,2,week
81F6F893-1C3B-40E3-A188-84F65DBCD2D0,CRM - Roving Creel Project,Drano Lake salmon and steelhead 2022,2,2022-10-10,2022-10-16,41,weekday,Bank,NA,PE,effort,daily_mean,144.33444444444444,week
81F6F893-1C3B-40E3-A188-84F65DBCD2D0,CRM - Roving Creel Project,Drano Lake salmon and steelhead 2022,2,2022-10-10,2022-10-16,41,weekday,Bank,NA,PE,effort,daily_variance,286.9875580246914,week
81F6F893-1C3B-40E3-A188-84F65DBCD2D0,CRM - Roving Creel Project,Drano Lake salmon and steelhead 2022,2,2022-10-10,2022-10-16,41,weekday,Bank,NA,PE,effort,days_open,4,week
81F6F893-1C3B-40E3-A188-84F65DBCD2D0,CRM - Roving Creel Project,Drano Lake salmon and steelhead 2022,2,2022-10-10,2022-10-16,41,weekday,Bank,NA,PE,effort,degrees_freedom,18,week
81F6F893-1C3B-40E3-A188-84F65DBCD2D0,CRM - Roving Creel Project,Drano Lake salmon and steelhead 2022,2,2022-10-10,2022-10-16,41,weekday,Bank,NA,PE,effort,total_effort,577.3377777777778,week
81F6F893-1C3B-40E3-A188-84F65DBCD2D0,CRM - Roving Creel Project,Drano Lake salmon and steelhead 2022,2,2022-10-10,2022-10-16,41,weekday,Boat,NA,PE,effort,number_observations,2,week
81F6F893-1C3B-40E3-A188-84F65DBCD2D0,CRM - Roving Creel Project,Drano Lake salmon and steelhead 2022,2,2022-10-10,2022-10-16,41,weekday,Boat,NA,PE,effort,daily_mean,183.6374496779388,week
81F6F893-1C3B-40E3-A188-84F65DBCD2D0,CRM - Roving Creel Project,Drano Lake salmon and steelhead 2022,2,2022-10-10,2022-10-16,41,weekday,Boat,NA,PE,effort,daily_variance,43897.32809915524,week
81F6F893-1C3B-40E3-A188-84F65DBCD2D0,CRM - Roving Creel Project,Drano Lake salmon and steelhead 2022,2,2022-10-10,2022-10-16,41,weekday,Boat,NA,PE,effort,days_open,4,week
81F6F893-1C3B-40E3-A188-84F65DBCD2D0,CRM - Roving Creel Project,Drano Lake salmon and steelhead 2022,2,2022-10-10,2022-10-16,41,weekday,Boat,NA,PE,effort,degrees_freedom,18,week
81F6F893-1C3B-40E3-A188-84F65DBCD2D0,CRM - Roving Creel Project,Drano Lake salmon and steelhead 2022,2,2022-10-10,2022-10-16,41,weekday,Boat,NA,PE,effort,total_effort,734.5497987117552,week
81F6F893-1C3B-40E3-A188-84F65DBCD2D0,CRM - Roving Creel Project,Drano Lake salmon and steelhead 2022,2,2022-10-10,2022-10-16,41,weekend,Bank,NA,PE,effort,number_observations,2,week
81F6F893-1C3B-40E3-A188-84F65DBCD2D0,CRM - Roving Creel Project,Drano Lake salmon and steelhead 2022,2,2022-10-10,2022-10-16,41,weekend,Bank,NA,PE,effort,daily_mean,203.9535416666667,week
81F6F893-1C3B-40E3-A188-84F65DBCD2D0,CRM - Roving Creel Project,Drano Lake salmon and steelhead 2022,2,2022-10-10,2022-10-16,41,weekend,Bank,NA,PE,effort,daily_variance,204.83723342013906,week
81F6F893-1C3B-40E3-A188-84F65DBCD2D0,CRM - Roving Creel Project,Drano Lake salmon and steelhead 2022,2,2022-10-10,2022-10-16,41,weekend,Bank,NA,PE,effort,days_open,2,week
81F6F893-1C3B-40E3-A188-84F65DBCD2D0,CRM - Roving Creel Project,Drano Lake salmon and steelhead 2022,2,2022-10-10,2022-10-16,41,weekend,Bank,NA,PE,effort,degrees_freedom,18,week
81F6F893-1C3B-40E3-A188-84F65DBCD2D0,CRM - Roving Creel Project,Drano Lake salmon and steelhead 2022,2,2022-10-10,2022-10-16,41,weekend,Bank,NA,PE,effort,total_effort,407.9070833333334,week
81F6F893-1C3B-40E3-A188-84F65DBCD2D0,CRM - Roving Creel Project,Drano Lake salmon and steelhead 2022,2,2022-10-10,2022-10-16,41,weekend,Boat,NA,PE,effort,number_observations,2,week
81F6F893-1C3B-40E3-A188-84F65DBCD2D0,CRM - Roving Creel Project,Drano Lake salmon and steelhead 2022,2,2022-10-10,2022-10-16,41,weekend,Boat,NA,PE,effort,daily_mean,329.62955917874393,week
81F6F893-1C3B-40E3-A188-84F65DBCD2D0,CRM - Roving Creel Project,Drano Lake salmon and steelhead 2022,2,2022-10-10,2022-10-16,41,weekend,Boat,NA,PE,effort,daily_variance,14836.37308287715,week
81F6F893-1C3B-40E3-A188-84F65DBCD2D0,CRM - Roving Creel Project,Drano Lake salmon and steelhead 2022,2,2022-10-10,2022-10-16,41,weekend,Boat,NA,PE,effort,days_open,2,week
81F6F893-1C3B-40E3-A188-84F65DBCD2D0,CRM - Roving Creel Project,Drano Lake salmon and steelhead 2022,2,2022-10-10,2022-10-16,41,weekend,Boat,NA,PE,effort,degrees_freedom,18,week
81F6F893-1C3B-40E3-A188-84F65DBCD2D0,CRM - Roving Creel Project,Drano Lake salmon and steelhead 2022,2,2022-10-10,2022-10-16,41,weekend,Boat,NA,PE,effort,total_effort,659.2591183574879,week
81F6F893-1C3B-40E3-A188-84F65DBCD2D0,CRM - Roving Creel Project,Drano Lake salmon and steelhead 2022,2,2022-10-17,2022-10-23,42,weekday,Bank,NA,PE,effort,number_observations,2,week
81F6F893-1C3B-40E3-A188-84F65DBCD2D0,CRM - Roving Creel Project,Drano Lake salmon and steelhead 2022,2,2022-10-17,2022-10-23,42,weekday,Bank,NA,PE,effort,daily_mean,67.41597222222222,week
81F6F893-1C3B-40E3-A188-84F65DBCD2D0,CRM - Roving Creel Project,Drano Lake salmon and steelhead 2022,2,2022-10-17,2022-10-23,42,weekday,Bank,NA,PE,effort,daily_variance,3525.2705281249987,week
81F6F893-1C3B-40E3-A188-84F65DBCD2D0,CRM - Roving Creel Project,Drano Lake salmon and steelhead 2022,2,2022-10-17,2022-10-23,42,weekday,Bank,NA,PE,effort,days_open,4,week
81F6F893-1C3B-40E3-A188-84F65DBCD2D0,CRM - Roving Creel Project,Drano Lake salmon and steelhead 2022,2,2022-10-17,2022-10-23,42,weekday,Bank,NA,PE,effort,degrees_freedom,18,week
81F6F893-1C3B-40E3-A188-84F65DBCD2D0,CRM - Roving Creel Project,Drano Lake salmon and steelhead 2022,2,2022-10-17,2022-10-23,42,weekday,Bank,NA,PE,effort,total_effort,269.6638888888889,week
81F6F893-1C3B-40E3-A188-84F65DBCD2D0,CRM - Roving Creel Project,Drano Lake salmon and steelhead 2022,2,2022-10-17,2022-10-23,42,weekday,Boat,NA,PE,effort,number_observations,2,week
81F6F893-1C3B-40E3-A188-84F65DBCD2D0,CRM - Roving Creel Project,Drano Lake salmon and steelhead 2022,2,2022-10-17,2022-10-23,42,weekday,Boat,NA,PE,effort,daily_mean,94.37941827697261,week
81F6F893-1C3B-40E3-A188-84F65DBCD2D0,CRM - Roving Creel Project,Drano Lake salmon and steelhead 2022,2,2022-10-17,2022-10-23,42,weekday,Boat,NA,PE,effort,daily_variance,167.24798672879183,week
81F6F893-1C3B-40E3-A188-84F65DBCD2D0,CRM - Roving Creel Project,Drano Lake salmon and steelhead 2022,2,2022-10-17,2022-10-23,42,weekday,Boat,NA,PE,effort,days_open,4,week
81F6F893-1C3B-40E3-A188-84F65DBCD2D0,CRM - Roving Creel Project,Drano Lake salmon and steelhead 2022,2,2022-10-17,2022-10-23,42,weekday,Boat,NA,PE,effort,degrees_freedom,18,week
81F6F893-1C3B-40E3-A188-84F65DBCD2D0,CRM - Roving Creel Project,Drano Lake salmon and steelhead 2022,2,2022-10-17,2022-10-23,42,weekday,Boat,NA,PE,effort,total_effort,377.51767310789046,week
81F6F893-1C3B-40E3-A188-84F65DBCD2D0,CRM - Roving Creel Project,Drano Lake salmon and steelhead 2022,2,2022-10-17,2022-10-23,42,weekend,Bank,NA,PE,effort,number_observations,2,week
81F6F893-1C3B-40E3-A188-84F65DBCD2D0,CRM - Roving Creel Project,Drano Lake salmon and steelhead 2022,2,2022-10-17,2022-10-23,42,weekend,Bank,NA,PE,effort,daily_mean,188.7097222222222,week
81F6F893-1C3B-40E3-A188-84F65DBCD2D0,CRM - Roving Creel Project,Drano Lake salmon and steelhead 2022,2,2022-10-17,2022-10-23,42,weekend,Bank,NA,PE,effort,daily_variance,7829.523152006174,week
81F6F893-1C3B-40E3-A188-84F65DBCD2D0,CRM - Roving Creel Project,Drano Lake salmon and steelhead 2022,2,2022-10-17,2022-10-23,42,weekend,Bank,NA,PE,effort,days_open,2,week
81F6F893-1C3B-40E3-A188-84F65DBCD2D0,CRM - Roving Creel Project,Drano Lake salmon and steelhead 2022,2,2022-10-17,2022-10-23,42,weekend,Bank,NA,PE,effort,degrees_freedom,18,week
81F6F893-1C3B-40E3-A188-84F65DBCD2D0,CRM - Roving Creel Project,Drano Lake salmon and steelhead 2022,2,2022-10-17,2022-10-23,42,weekend,Bank,NA,PE,effort,total_effort,377.4194444444444,week
81F6F893-1C3B-40E3-A188-84F65DBCD2D0,CRM - Roving Creel Project,Drano Lake salmon and steelhead 2022,2,2022-10-17,2022-10-23,42,weekend,Boat,NA,PE,effort,number_observations,2,week
81F6F893-1C3B-40E3-A188-84F65DBCD2D0,CRM - Roving Creel Project,Drano Lake salmon and steelhead 2022,2,2022-10-17,2022-10-23,42,weekend,Boat,NA,PE,effort,daily_mean,151.923057568438,week
81F6F893-1C3B-40E3-A188-84F65DBCD2D0,CRM - Roving Creel Project,Drano Lake salmon and steelhead 2022,2,2022-10-17,2022-10-23,42,weekend,Boat,NA,PE,effort,daily_variance,590.2980220806473,week
81F6F893-1C3B-40E3-A188-84F65DBCD2D0,CRM - Roving Creel Project,Drano Lake salmon and steelhead 2022,2,2022-10-17,2022-10-23,42,weekend,Boat,NA,PE,effort,days_open,2,week
81F6F893-1C3B-40E3-A188-84F65DBCD2D0,CRM - Roving Creel Project,Drano Lake salmon and steelhead 2022,2,2022-10-17,2022-10-23,42,weekend,Boat,NA,PE,effort,degrees_freedom,18,week
81F6F893-1C3B-40E3-A188-84F65DBCD2D0,CRM - Roving Creel Project,Drano Lake salmon and steelhead 2022,2,2022-10-17,2022-10-23,42,weekend,Boat,NA,PE,effort,total_effort,303.846115136876,week
81F6F893-1C3B-40E3-A188-84F65DBCD2D0,CRM - Roving Creel Project,Drano Lake salmon and steelhead 2022,2,2022-10-24,2022-10-30,43,weekday,Bank,NA,PE,effort,number_observations,2,week
81F6F893-1C3B-40E3-A188-84F65DBCD2D0,CRM - Roving Creel Project,Drano Lake salmon and steelhead 2022,2,2022-10-24,2022-10-30,43,weekday,Bank,NA,PE,effort,daily_mean,77.79736111111112,week
81F6F893-1C3B-40E3-A188-84F65DBCD2D0,CRM - Roving Creel Project,Drano Lake salmon and steelhead 2022,2,2022-10-24,2022-10-30,43,weekday,Bank,NA,PE,effort,daily_variance,191.92214355709888,week
81F6F893-1C3B-40E3-A188-84F65DBCD2D0,CRM - Roving Creel Project,Drano Lake salmon and steelhead 2022,2,2022-10-24,2022-10-30,43,weekday,Bank,NA,PE,effort,days_open,4,week
81F6F893-1C3B-40E3-A188-84F65DBCD2D0,CRM - Roving Creel Project,Drano Lake salmon and steelhead 2022,2,2022-10-24,2022-10-30,43,weekday,Bank,NA,PE,effort,degrees_freedom,18,week
81F6F893-1C3B-40E3-A188-84F65DBCD2D0,CRM - Roving Creel Project,Drano Lake salmon and steelhead 2022,2,2022-10-24,2022-10-30,43,weekday,Bank,NA,PE,effort,total_effort,311.18944444444446,week
81F6F893-1C3B-40E3-A188-84F65DBCD2D0,CRM - Roving Creel Project,Drano Lake salmon and steelhead 2022,2,2022-10-24,2022-10-30,43,weekday,Boat,NA,PE,effort,number_observations,2,week
81F6F893-1C3B-40E3-A188-84F65DBCD2D0,CRM - Roving Creel Project,Drano Lake salmon and steelhead 2022,2,2022-10-24,2022-10-30,43,weekday,Boat,NA,PE,effort,daily_mean,49.82450684380032,week
81F6F893-1C3B-40E3-A188-84F65DBCD2D0,CRM - Roving Creel Project,Drano Lake salmon and steelhead 2022,2,2022-10-24,2022-10-30,43,weekday,Boat,NA,PE,effort,daily_variance,2184.5238393206455,week
81F6F893-1C3B-40E3-A188-84F65DBCD2D0,CRM - Roving Creel Project,Drano Lake salmon and steelhead 2022,2,2022-10-24,2022-10-30,43,weekday,Boat,NA,PE,effort,days_open,4,week
81F6F893-1C3B-40E3-A188-84F65DBCD2D0,CRM - Roving Creel Project,Drano Lake salmon and steelhead 2022,2,2022-10-24,2022-10-30,43,weekday,Boat,NA,PE,effort,degrees_freedom,18,week
81F6F893-1C3B-40E3-A188-84F65DBCD2D0,CRM - Roving Creel Project,Drano Lake salmon and steelhead 2022,2,2022-10-24,2022-10-30,43,weekday,Boat,NA,PE,effort,total_effort,199.2980273752013,week
81F6F893-1C3B-40E3-A188-84F65DBCD2D0,CRM - Roving Creel Project,Drano Lake salmon and steelhead 2022,2,2022-10-24,2022-10-30,43,weekend,Bank,NA,PE,effort,number_observations,2,week
81F6F893-1C3B-40E3-A188-84F65DBCD2D0,CRM - Roving Creel Project,Drano Lake salmon and steelhead 2022,2,2022-10-24,2022-10-30,43,weekend,Bank,NA,PE,effort,daily_mean,79.568125,week
81F6F893-1C3B-40E3-A188-84F65DBCD2D0,CRM - Roving Creel Project,Drano Lake salmon and steelhead 2022,2,2022-10-24,2022-10-30,43,weekend,Bank,NA,PE,effort,daily_variance,0.049919222608026684,week
81F6F893-1C3B-40E3-A188-84F65DBCD2D0,CRM - Roving Creel Project,Drano Lake salmon and steelhead 2022,2,2022-10-24,2022-10-30,43,weekend,Bank,NA,PE,effort,days_open,2,week
81F6F893-1C3B-40E3-A188-84F65DBCD2D0,CRM - Roving Creel Project,Drano Lake salmon and steelhead 2022,2,2022-10-24,2022-10-30,43,weekend,Bank,NA,PE,effort,degrees_freedom,18,week
81F6F893-1C3B-40E3-A188-84F65DBCD2D0,CRM - Roving Creel Project,Drano Lake salmon and steelhead 2022,2,2022-10-24,2022-10-30,43,weekend,Bank,NA,PE,effort,total_effort,159.13625,week
81F6F893-1C3B-40E3-A188-84F65DBCD2D0,CRM - Roving Creel Project,Drano Lake salmon and steelhead 2022,2,2022-10-24,2022-10-30,43,weekend,Boat,NA,PE,effort,number_observations,2,week
81F6F893-1C3B-40E3-A188-84F65DBCD2D0,CRM - Roving Creel Project,Drano Lake salmon and steelhead 2022,2,2022-10-24,2022-10-30,43,weekend,Boat,NA,PE,effort,daily_mean,57.51775865539452,week
81F6F893-1C3B-40E3-A188-84F65DBCD2D0,CRM - Roving Creel Project,Drano Lake salmon and steelhead 2022,2,2022-10-24,2022-10-30,43,weekend,Boat,NA,PE,effort,daily_variance,3384.9943970226377,week
81F6F893-1C3B-40E3-A188-84F65DBCD2D0,CRM - Roving Creel Project,Drano Lake salmon and steelhead 2022,2,2022-10-24,2022-10-30,43,weekend,Boat,NA,PE,effort,days_open,2,week
81F6F893-1C3B-40E3-A188-84F65DBCD2D0,CRM - Roving Creel Project,Drano Lake salmon and steelhead 2022,2,2022-10-24,2022-10-30,43,weekend,Boat,NA,PE,effort,degrees_freedom,18,week
81F6F893-1C3B-40E3-A188-84F65DBCD2D0,CRM - Roving Creel Project,Drano Lake salmon and steelhead 2022,2,2022-10-24,2022-10-30,43,weekend,Boat,NA,PE,effort,total_effort,115.03551731078905,week
81F6F893-1C3B-40E3-A188-84F65DBCD2D0,CRM - Roving Creel Project,Drano Lake salmon and steelhead 2022,2,2022-10-31,2022-10-31,44,weekday,Bank,NA,PE,effort,number_observations,0,week
81F6F893-1C3B-40E3-A188-84F65DBCD2D0,CRM - Roving Creel Project,Drano Lake salmon and steelhead 2022,2,2022-10-31,2022-10-31,44,weekday,Bank,NA,PE,effort,daily_variance,0,week
81F6F893-1C3B-40E3-A188-84F65DBCD2D0,CRM - Roving Creel Project,Drano Lake salmon and steelhead 2022,2,2022-10-31,2022-10-31,44,weekday,Bank,NA,PE,effort,days_open,1,week
81F6F893-1C3B-40E3-A188-84F65DBCD2D0,CRM - Roving Creel Project,Drano Lake salmon and steelhead 2022,2,2022-10-31,2022-10-31,44,weekday,Bank,NA,PE,effort,degrees_freedom,18,week
81F6F893-1C3B-40E3-A188-84F65DBCD2D0,CRM - Roving Creel Project,Drano Lake salmon and steelhead 2022,2,2022-10-31,2022-10-31,44,weekday,Boat,NA,PE,effort,number_observations,0,week
81F6F893-1C3B-40E3-A188-84F65DBCD2D0,CRM - Roving Creel Project,Drano Lake salmon and steelhead 2022,2,2022-10-31,2022-10-31,44,weekday,Boat,NA,PE,effort,daily_variance,0,week
81F6F893-1C3B-40E3-A188-84F65DBCD2D0,CRM - Roving Creel Project,Drano Lake salmon and steelhead 2022,2,2022-10-31,2022-10-31,44,weekday,Boat,NA,PE,effort,days_open,1,week
81F6F893-1C3B-40E3-A188-84F65DBCD2D0,CRM - Roving Creel Project,Drano Lake salmon and steelhead 2022,2,2022-10-31,2022-10-31,44,weekday,Boat,NA,PE,effort,degrees_freedom,18,week
