analysis_id,project_name,fishery_name,section_num,min_event_date,max_event_date,period,day_type,angler_final,est_cg,model_type,estimate_category,estimate_type,estimate_value,estimate_time_period
3DCA7252-D6C4-468B-A69E-5A97CA4F7E0C,District 11,Nisqually salmon 2022,1,2022-07-01,2022-07-03,26,weekday,Bank,Chinook|Coho_Adult|Jack_AD|UM|UNK_Kept,PE,catch,number_observations,1,week
3DCA7252-D6C4-468B-A69E-5A97CA4F7E0C,District 11,Nisqually salmon 2022,1,2022-07-01,2022-07-03,26,weekday,Bank,Chinook|Coho_Adult|Jack_AD|UM|UNK_Kept,PE,catch,daily_mean,0,week
3DCA7252-D6C4-468B-A69E-5A97CA4F7E0C,District 11,Nisqually salmon 2022,1,2022-07-01,2022-07-03,26,weekday,Bank,Chinook|Coho_Adult|Jack_AD|UM|UNK_Kept,PE,catch,daily_variance,0,week
3DCA7252-D6C4-468B-A69E-5A97CA4F7E0C,District 11,Nisqually salmon 2022,1,2022-07-01,2022-07-03,26,weekday,Bank,Chinook|Coho_Adult|Jack_AD|UM|UNK_Kept,PE,catch,days_open,1,week
3DCA7252-D6C4-468B-A69E-5A97CA4F7E0C,District 11,Nisqually salmon 2022,1,2022-07-01,2022-07-03,26,weekday,Bank,Chinook|Coho_Adult|Jack_AD|UM|UNK_Kept,PE,catch,degrees_freedom,39,week
3DCA7252-D6C4-468B-A69E-5A97CA4F7E0C,District 11,Nisqually salmon 2022,1,2022-07-01,2022-07-03,26,weekday,Bank,Chinook|Coho_Adult|Jack_AD|UM|UNK_Kept,PE,catch,total_catch,0,week
3DCA7252-D6C4-468B-A69E-5A97CA4F7E0C,District 11,Nisqually salmon 2022,1,2022-07-04,2022-07-10,27,weekday,Bank,Chinook|Coho_Adult|Jack_AD|UM|UNK_Kept,PE,catch,number_observations,3,week
3DCA7252-D6C4-468B-A69E-5A97CA4F7E0C,District 11,Nisqually salmon 2022,1,2022-07-04,2022-07-10,27,weekday,Bank,Chinook|Coho_Adult|Jack_AD|UM|UNK_Kept,PE,catch,daily_mean,0,week
3DCA7252-D6C4-468B-A69E-5A97CA4F7E0C,District 11,Nisqually salmon 2022,1,2022-07-04,2022-07-10,27,weekday,Bank,Chinook|Coho_Adult|Jack_AD|UM|UNK_Kept,PE,catch,daily_variance,0,week
3DCA7252-D6C4-468B-A69E-5A97CA4F7E0C,District 11,Nisqually salmon 2022,1,2022-07-04,2022-07-10,27,weekday,Bank,Chinook|Coho_Adult|Jack_AD|UM|UNK_Kept,PE,catch,days_open,4,week
3DCA7252-D6C4-468B-A69E-5A97CA4F7E0C,District 11,Nisqually salmon 2022,1,2022-07-04,2022-07-10,27,weekday,Bank,Chinook|Coho_Adult|Jack_AD|UM|UNK_Kept,PE,catch,degrees_freedom,39,week
3DCA7252-D6C4-468B-A69E-5A97CA4F7E0C,District 11,Nisqually salmon 2022,1,2022-07-04,2022-07-10,27,weekday,Bank,Chinook|Coho_Adult|Jack_AD|UM|UNK_Kept,PE,catch,total_catch,0,week
3DCA7252-D6C4-468B-A69E-5A97CA4F7E0C,District 11,Nisqually salmon 2022,1,2022-07-04,2022-07-10,27,weekday,Boat,Chinook|Coho_Adult|Jack_AD|UM|UNK_Kept,PE,catch,number_observations,1,week
3DCA7252-D6C4-468B-A69E-5A97CA4F7E0C,District 11,Nisqually salmon 2022,1,2022-07-04,2022-07-10,27,weekday,Boat,Chinook|Coho_Adult|Jack_AD|UM|UNK_Kept,PE,catch,daily_mean,0,week
3DCA7252-D6C4-468B-A69E-5A97CA4F7E0C,District 11,Nisqually salmon 2022,1,2022-07-04,2022-07-10,27,weekday,Boat,Chinook|Coho_Adult|Jack_AD|UM|UNK_Kept,PE,catch,daily_variance,0,week
3DCA7252-D6C4-468B-A69E-5A97CA4F7E0C,District 11,Nisqually salmon 2022,1,2022-07-04,2022-07-10,27,weekday,Boat,Chinook|Coho_Adult|Jack_AD|UM|UNK_Kept,PE,catch,days_open,4,week
3DCA7252-D6C4-468B-A69E-5A97CA4F7E0C,District 11,Nisqually salmon 2022,1,2022-07-04,2022-07-10,27,weekday,Boat,Chinook|Coho_Adult|Jack_AD|UM|UNK_Kept,PE,catch,degrees_freedom,39,week
3DCA7252-D6C4-468B-A69E-5A97CA4F7E0C,District 11,Nisqually salmon 2022,1,2022-07-04,2022-07-10,27,weekday,Boat,Chinook|Coho_Adult|Jack_AD|UM|UNK_Kept,PE,catch,total_catch,0,week
3DCA7252-D6C4-468B-A69E-5A97CA4F7E0C,District 11,Nisqually salmon 2022,1,2022-07-04,2022-07-10,27,weekend,Bank,Chinook|Coho_Adult|Jack_AD|UM|UNK_Kept,PE,catch,number_observations,1,week
3DCA7252-D6C4-468B-A69E-5A97CA4F7E0C,District 11,Nisqually salmon 2022,1,2022-07-04,2022-07-10,27,weekend,Bank,Chinook|Coho_Adult|Jack_AD|UM|UNK_Kept,PE,catch,daily_mean,0,week
3DCA7252-D6C4-468B-A69E-5A97CA4F7E0C,District 11,Nisqually salmon 2022,1,2022-07-04,2022-07-10,27,weekend,Bank,Chinook|Coho_Adult|Jack_AD|UM|UNK_Kept,PE,catch,daily_variance,0,week
3DCA7252-D6C4-468B-A69E-5A97CA4F7E0C,District 11,Nisqually salmon 2022,1,2022-07-04,2022-07-10,27,weekend,Bank,Chinook|Coho_Adult|Jack_AD|UM|UNK_Kept,PE,catch,days_open,3,week
3DCA7252-D6C4-468B-A69E-5A97CA4F7E0C,District 11,Nisqually salmon 2022,1,2022-07-04,2022-07-10,27,weekend,Bank,Chinook|Coho_Adult|Jack_AD|UM|UNK_Kept,PE,catch,degrees_freedom,39,week
3DCA7252-D6C4-468B-A69E-5A97CA4F7E0C,District 11,Nisqually salmon 2022,1,2022-07-04,2022-07-10,27,weekend,Bank,Chinook|Coho_Adult|Jack_AD|UM|UNK_Kept,PE,catch,total_catch,0,week
3DCA7252-D6C4-468B-A69E-5A97CA4F7E0C,District 11,Nisqually salmon 2022,1,2022-07-11,2022-07-17,28,weekday,Bank,Chinook|Coho_Adult|Jack_AD|UM|UNK_Kept,PE,catch,number_observations,2,week
3DCA7252-D6C4-468B-A69E-5A97CA4F7E0C,District 11,Nisqually salmon 2022,1,2022-07-11,2022-07-17,28,weekday,Bank,Chinook|Coho_Adult|Jack_AD|UM|UNK_Kept,PE,catch,daily_mean,0,week
3DCA7252-D6C4-468B-A69E-5A97CA4F7E0C,District 11,Nisqually salmon 2022,1,2022-07-11,2022-07-17,28,weekday,Bank,Chinook|Coho_Adult|Jack_AD|UM|UNK_Kept,PE,catch,daily_variance,0,week
3DCA7252-D6C4-468B-A69E-5A97CA4F7E0C,District 11,Nisqually salmon 2022,1,2022-07-11,2022-07-17,28,weekday,Bank,Chinook|Coho_Adult|Jack_AD|UM|UNK_Kept,PE,catch,days_open,5,week
3DCA7252-D6C4-468B-A69E-5A97CA4F7E0C,District 11,Nisqually salmon 2022,1,2022-07-11,2022-07-17,28,weekday,Bank,Chinook|Coho_Adult|Jack_AD|UM|UNK_Kept,PE,catch,degrees_freedom,39,week
3DCA7252-D6C4-468B-A69E-5A97CA4F7E0C,District 11,Nisqually salmon 2022,1,2022-07-11,2022-07-17,28,weekday,Bank,Chinook|Coho_Adult|Jack_AD|UM|UNK_Kept,PE,catch,total_catch,0,week
3DCA7252-D6C4-468B-A69E-5A97CA4F7E0C,District 11,Nisqually salmon 2022,1,2022-07-11,2022-07-17,28,weekday,Boat,Chinook|Coho_Adult|Jack_AD|UM|UNK_Kept,PE,catch,number_observations,1,week
3DCA7252-D6C4-468B-A69E-5A97CA4F7E0C,District 11,Nisqually salmon 2022,1,2022-07-11,2022-07-17,28,weekday,Boat,Chinook|Coho_Adult|Jack_AD|UM|UNK_Kept,PE,catch,daily_mean,0,week
3DCA7252-D6C4-468B-A69E-5A97CA4F7E0C,District 11,Nisqually salmon 2022,1,2022-07-11,2022-07-17,28,weekday,Boat,Chinook|Coho_Adult|Jack_AD|UM|UNK_Kept,PE,catch,daily_variance,0,week
3DCA7252-D6C4-468B-A69E-5A97CA4F7E0C,District 11,Nisqually salmon 2022,1,2022-07-11,2022-07-17,28,weekday,Boat,Chinook|Coho_Adult|Jack_AD|UM|UNK_Kept,PE,catch,days_open,5,week
3DCA7252-D6C4-468B-A69E-5A97CA4F7E0C,District 11,Nisqually salmon 2022,1,2022-07-11,2022-07-17,28,weekday,Boat,Chinook|Coho_Adult|Jack_AD|UM|UNK_Kept,PE,catch,degrees_freedom,39,week
3DCA7252-D6C4-468B-A69E-5A97CA4F7E0C,District 11,Nisqually salmon 2022,1,2022-07-11,2022-07-17,28,weekday,Boat,Chinook|Coho_Adult|Jack_AD|UM|UNK_Kept,PE,catch,total_catch,0,week
3DCA7252-D6C4-468B-A69E-5A97CA4F7E0C,District 11,Nisqually salmon 2022,1,2022-07-11,2022-07-17,28,weekend,Bank,Chinook|Coho_Adult|Jack_AD|UM|UNK_Kept,PE,catch,number_observations,2,week
3DCA7252-D6C4-468B-A69E-5A97CA4F7E0C,District 11,Nisqually salmon 2022,1,2022-07-11,2022-07-17,28,weekend,Bank,Chinook|Coho_Adult|Jack_AD|UM|UNK_Kept,PE,catch,daily_mean,0,week
3DCA7252-D6C4-468B-A69E-5A97CA4F7E0C,District 11,Nisqually salmon 2022,1,2022-07-11,2022-07-17,28,weekend,Bank,Chinook|Coho_Adult|Jack_AD|UM|UNK_Kept,PE,catch,daily_variance,0,week
3DCA7252-D6C4-468B-A69E-5A97CA4F7E0C,District 11,Nisqually salmon 2022,1,2022-07-11,2022-07-17,28,weekend,Bank,Chinook|Coho_Adult|Jack_AD|UM|UNK_Kept,PE,catch,days_open,2,week
3DCA7252-D6C4-468B-A69E-5A97CA4F7E0C,District 11,Nisqually salmon 2022,1,2022-07-11,2022-07-17,28,weekend,Bank,Chinook|Coho_Adult|Jack_AD|UM|UNK_Kept,PE,catch,degrees_freedom,39,week
3DCA7252-D6C4-468B-A69E-5A97CA4F7E0C,District 11,Nisqually salmon 2022,1,2022-07-11,2022-07-17,28,weekend,Bank,Chinook|Coho_Adult|Jack_AD|UM|UNK_Kept,PE,catch,total_catch,0,week
3DCA7252-D6C4-468B-A69E-5A97CA4F7E0C,District 11,Nisqually salmon 2022,1,2022-07-18,2022-07-24,29,weekday,Bank,Chinook|Coho_Adult|Jack_AD|UM|UNK_Kept,PE,catch,number_observations,3,week
3DCA7252-D6C4-468B-A69E-5A97CA4F7E0C,District 11,Nisqually salmon 2022,1,2022-07-18,2022-07-24,29,weekday,Bank,Chinook|Coho_Adult|Jack_AD|UM|UNK_Kept,PE,catch,daily_mean,0,week
3DCA7252-D6C4-468B-A69E-5A97CA4F7E0C,District 11,Nisqually salmon 2022,1,2022-07-18,2022-07-24,29,weekday,Bank,Chinook|Coho_Adult|Jack_AD|UM|UNK_Kept,PE,catch,daily_variance,0,week
3DCA7252-D6C4-468B-A69E-5A97CA4F7E0C,District 11,Nisqually salmon 2022,1,2022-07-18,2022-07-24,29,weekday,Bank,Chinook|Coho_Adult|Jack_AD|UM|UNK_Kept,PE,catch,days_open,5,week
3DCA7252-D6C4-468B-A69E-5A97CA4F7E0C,District 11,Nisqually salmon 2022,1,2022-07-18,2022-07-24,29,weekday,Bank,Chinook|Coho_Adult|Jack_AD|UM|UNK_Kept,PE,catch,degrees_freedom,39,week
3DCA7252-D6C4-468B-A69E-5A97CA4F7E0C,District 11,Nisqually salmon 2022,1,2022-07-18,2022-07-24,29,weekday,Bank,Chinook|Coho_Adult|Jack_AD|UM|UNK_Kept,PE,catch,total_catch,0,week
3DCA7252-D6C4-468B-A69E-5A97CA4F7E0C,District 11,Nisqually salmon 2022,1,2022-07-18,2022-07-24,29,weekday,Boat,Chinook|Coho_Adult|Jack_AD|UM|UNK_Kept,PE,catch,number_observations,1,week
3DCA7252-D6C4-468B-A69E-5A97CA4F7E0C,District 11,Nisqually salmon 2022,1,2022-07-18,2022-07-24,29,weekday,Boat,Chinook|Coho_Adult|Jack_AD|UM|UNK_Kept,PE,catch,daily_mean,0,week
3DCA7252-D6C4-468B-A69E-5A97CA4F7E0C,District 11,Nisqually salmon 2022,1,2022-07-18,2022-07-24,29,weekday,Boat,Chinook|Coho_Adult|Jack_AD|UM|UNK_Kept,PE,catch,daily_variance,0,week
3DCA7252-D6C4-468B-A69E-5A97CA4F7E0C,District 11,Nisqually salmon 2022,1,2022-07-18,2022-07-24,29,weekday,Boat,Chinook|Coho_Adult|Jack_AD|UM|UNK_Kept,PE,catch,days_open,5,week
3DCA7252-D6C4-468B-A69E-5A97CA4F7E0C,District 11,Nisqually salmon 2022,1,2022-07-18,2022-07-24,29,weekday,Boat,Chinook|Coho_Adult|Jack_AD|UM|UNK_Kept,PE,catch,degrees_freedom,39,week
3DCA7252-D6C4-468B-A69E-5A97CA4F7E0C,District 11,Nisqually salmon 2022,1,2022-07-18,2022-07-24,29,weekday,Boat,Chinook|Coho_Adult|Jack_AD|UM|UNK_Kept,PE,catch,total_catch,0,week
3DCA7252-D6C4-468B-A69E-5A97CA4F7E0C,District 11,Nisqually salmon 2022,1,2022-07-18,2022-07-24,29,weekend,Bank,Chinook|Coho_Adult|Jack_AD|UM|UNK_Kept,PE,catch,number_observations,2,week
3DCA7252-D6C4-468B-A69E-5A97CA4F7E0C,District 11,Nisqually salmon 2022,1,2022-07-18,2022-07-24,29,weekend,Bank,Chinook|Coho_Adult|Jack_AD|UM|UNK_Kept,PE,catch,daily_mean,0,week
3DCA7252-D6C4-468B-A69E-5A97CA4F7E0C,District 11,Nisqually salmon 2022,1,2022-07-18,2022-07-24,29,weekend,Bank,Chinook|Coho_Adult|Jack_AD|UM|UNK_Kept,PE,catch,daily_variance,0,week
3DCA7252-D6C4-468B-A69E-5A97CA4F7E0C,District 11,Nisqually salmon 2022,1,2022-07-18,2022-07-24,29,weekend,Bank,Chinook|Coho_Adult|Jack_AD|UM|UNK_Kept,PE,catch,days_open,2,week
3DCA7252-D6C4-468B-A69E-5A97CA4F7E0C,District 11,Nisqually salmon 2022,1,2022-07-18,2022-07-24,29,weekend,Bank,Chinook|Coho_Adult|Jack_AD|UM|UNK_Kept,PE,catch,degrees_freedom,39,week
3DCA7252-D6C4-468B-A69E-5A97CA4F7E0C,District 11,Nisqually salmon 2022,1,2022-07-18,2022-07-24,29,weekend,Bank,Chinook|Coho_Adult|Jack_AD|UM|UNK_Kept,PE,catch,total_catch,0,week
3DCA7252-D6C4-468B-A69E-5A97CA4F7E0C,District 11,Nisqually salmon 2022,1,2022-07-25,2022-07-31,30,weekday,Bank,Chinook|Coho_Adult|Jack_AD|UM|UNK_Kept,PE,catch,number_observations,2,week
3DCA7252-D6C4-468B-A69E-5A97CA4F7E0C,District 11,Nisqually salmon 2022,1,2022-07-25,2022-07-31,30,weekday,Bank,Chinook|Coho_Adult|Jack_AD|UM|UNK_Kept,PE,catch,daily_mean,0,week
3DCA7252-D6C4-468B-A69E-5A97CA4F7E0C,District 11,Nisqually salmon 2022,1,2022-07-25,2022-07-31,30,weekday,Bank,Chinook|Coho_Adult|Jack_AD|UM|UNK_Kept,PE,catch,daily_variance,0,week
3DCA7252-D6C4-468B-A69E-5A97CA4F7E0C,District 11,Nisqually salmon 2022,1,2022-07-25,2022-07-31,30,weekday,Bank,Chinook|Coho_Adult|Jack_AD|UM|UNK_Kept,PE,catch,days_open,5,week
3DCA7252-D6C4-468B-A69E-5A97CA4F7E0C,District 11,Nisqually salmon 2022,1,2022-07-25,2022-07-31,30,weekday,Bank,Chinook|Coho_Adult|Jack_AD|UM|UNK_Kept,PE,catch,degrees_freedom,39,week
3DCA7252-D6C4-468B-A69E-5A97CA4F7E0C,District 11,Nisqually salmon 2022,1,2022-07-25,2022-07-31,30,weekday,Bank,Chinook|Coho_Adult|Jack_AD|UM|UNK_Kept,PE,catch,total_catch,0,week
3DCA7252-D6C4-468B-A69E-5A97CA4F7E0C,District 11,Nisqually salmon 2022,1,2022-07-25,2022-07-31,30,weekend,Bank,Chinook|Coho_Adult|Jack_AD|UM|UNK_Kept,PE,catch,number_observations,2,week
3DCA7252-D6C4-468B-A69E-5A97CA4F7E0C,District 11,Nisqually salmon 2022,1,2022-07-25,2022-07-31,30,weekend,Bank,Chinook|Coho_Adult|Jack_AD|UM|UNK_Kept,PE,catch,daily_mean,0,week
3DCA7252-D6C4-468B-A69E-5A97CA4F7E0C,District 11,Nisqually salmon 2022,1,2022-07-25,2022-07-31,30,weekend,Bank,Chinook|Coho_Adult|Jack_AD|UM|UNK_Kept,PE,catch,daily_variance,0,week
3DCA7252-D6C4-468B-A69E-5A97CA4F7E0C,District 11,Nisqually salmon 2022,1,2022-07-25,2022-07-31,30,weekend,Bank,Chinook|Coho_Adult|Jack_AD|UM|UNK_Kept,PE,catch,days_open,2,week
3DCA7252-D6C4-468B-A69E-5A97CA4F7E0C,District 11,Nisqually salmon 2022,1,2022-07-25,2022-07-31,30,weekend,Bank,Chinook|Coho_Adult|Jack_AD|UM|UNK_Kept,PE,catch,degrees_freedom,39,week
3DCA7252-D6C4-468B-A69E-5A97CA4F7E0C,District 11,Nisqually salmon 2022,1,2022-07-25,2022-07-31,30,weekend,Bank,Chinook|Coho_Adult|Jack_AD|UM|UNK_Kept,PE,catch,total_catch,0,week
3DCA7252-D6C4-468B-A69E-5A97CA4F7E0C,District 11,Nisqually salmon 2022,1,2022-07-25,2022-07-31,30,weekend,Boat,Chinook|Coho_Adult|Jack_AD|UM|UNK_Kept,PE,catch,number_observations,1,week
3DCA7252-D6C4-468B-A69E-5A97CA4F7E0C,District 11,Nisqually salmon 2022,1,2022-07-25,2022-07-31,30,weekend,Boat,Chinook|Coho_Adult|Jack_AD|UM|UNK_Kept,PE,catch,daily_mean,0,week
3DCA7252-D6C4-468B-A69E-5A97CA4F7E0C,District 11,Nisqually salmon 2022,1,2022-07-25,2022-07-31,30,weekend,Boat,Chinook|Coho_Adult|Jack_AD|UM|UNK_Kept,PE,catch,daily_variance,0,week
3DCA7252-D6C4-468B-A69E-5A97CA4F7E0C,District 11,Nisqually salmon 2022,1,2022-07-25,2022-07-31,30,weekend,Boat,Chinook|Coho_Adult|Jack_AD|UM|UNK_Kept,PE,catch,days_open,2,week
3DCA7252-D6C4-468B-A69E-5A97CA4F7E0C,District 11,Nisqually salmon 2022,1,2022-07-25,2022-07-31,30,weekend,Boat,Chinook|Coho_Adult|Jack_AD|UM|UNK_Kept,PE,catch,degrees_freedom,39,week
3DCA7252-D6C4-468B-A69E-5A97CA4F7E0C,District 11,Nisqually salmon 2022,1,2022-07-25,2022-07-31,30,weekend,Boat,Chinook|Coho_Adult|Jack_AD|UM|UNK_Kept,PE,catch,total_catch,0,week
3DCA7252-D6C4-468B-A69E-5A97CA4F7E0C,District 11,Nisqually salmon 2022,1,2022-08-01,2022-08-07,31,weekday,Bank,Chinook|Coho_Adult|Jack_AD|UM|UNK_Kept,PE,catch,number_observations,3,week
3DCA7252-D6C4-468B-A69E-5A97CA4F7E0C,District 11,Nisqually salmon 2022,1,2022-08-01,2022-08-07,31,weekday,Bank,Chinook|Coho_Adult|Jack_AD|UM|UNK_Kept,PE,catch,daily_mean,0,week
3DCA7252-D6C4-468B-A69E-5A97CA4F7E0C,District 11,Nisqually salmon 2022,1,2022-08-01,2022-08-07,31,weekday,Bank,Chinook|Coho_Adult|Jack_AD|UM|UNK_Kept,PE,catch,daily_variance,0,week
3DCA7252-D6C4-468B-A69E-5A97CA4F7E0C,District 11,Nisqually salmon 2022,1,2022-08-01,2022-08-07,31,weekday,Bank,Chinook|Coho_Adult|Jack_AD|UM|UNK_Kept,PE,catch,days_open,5,week
3DCA7252-D6C4-468B-A69E-5A97CA4F7E0C,District 11,Nisqually salmon 2022,1,2022-08-01,2022-08-07,31,weekday,Bank,Chinook|Coho_Adult|Jack_AD|UM|UNK_Kept,PE,catch,degrees_freedom,39,week
3DCA7252-D6C4-468B-A69E-5A97CA4F7E0C,District 11,Nisqually salmon 2022,1,2022-08-01,2022-08-07,31,weekday,Bank,Chinook|Coho_Adult|Jack_AD|UM|UNK_Kept,PE,catch,total_catch,0,week
3DCA7252-D6C4-468B-A69E-5A97CA4F7E0C,District 11,Nisqually salmon 2022,1,2022-08-01,2022-08-07,31,weekday,Boat,Chinook|Coho_Adult|Jack_AD|UM|UNK_Kept,PE,catch,number_observations,1,week
3DCA7252-D6C4-468B-A69E-5A97CA4F7E0C,District 11,Nisqually salmon 2022,1,2022-08-01,2022-08-07,31,weekday,Boat,Chinook|Coho_Adult|Jack_AD|UM|UNK_Kept,PE,catch,daily_mean,0,week
3DCA7252-D6C4-468B-A69E-5A97CA4F7E0C,District 11,Nisqually salmon 2022,1,2022-08-01,2022-08-07,31,weekday,Boat,Chinook|Coho_Adult|Jack_AD|UM|UNK_Kept,PE,catch,daily_variance,0,week
3DCA7252-D6C4-468B-A69E-5A97CA4F7E0C,District 11,Nisqually salmon 2022,1,2022-08-01,2022-08-07,31,weekday,Boat,Chinook|Coho_Adult|Jack_AD|UM|UNK_Kept,PE,catch,days_open,5,week
3DCA7252-D6C4-468B-A69E-5A97CA4F7E0C,District 11,Nisqually salmon 2022,1,2022-08-01,2022-08-07,31,weekday,Boat,Chinook|Coho_Adult|Jack_AD|UM|UNK_Kept,PE,catch,degrees_freedom,39,week
3DCA7252-D6C4-468B-A69E-5A97CA4F7E0C,District 11,Nisqually salmon 2022,1,2022-08-01,2022-08-07,31,weekday,Boat,Chinook|Coho_Adult|Jack_AD|UM|UNK_Kept,PE,catch,total_catch,0,week
3DCA7252-D6C4-468B-A69E-5A97CA4F7E0C,District 11,Nisqually salmon 2022,1,2022-08-01,2022-08-07,31,weekend,Bank,Chinook|Coho_Adult|Jack_AD|UM|UNK_Kept,PE,catch,number_observations,1,week
3DCA7252-D6C4-468B-A69E-5A97CA4F7E0C,District 11,Nisqually salmon 2022,1,2022-08-01,2022-08-07,31,weekend,Bank,Chinook|Coho_Adult|Jack_AD|UM|UNK_Kept,PE,catch,daily_mean,0,week
3DCA7252-D6C4-468B-A69E-5A97CA4F7E0C,District 11,Nisqually salmon 2022,1,2022-08-01,2022-08-07,31,weekend,Bank,Chinook|Coho_Adult|Jack_AD|UM|UNK_Kept,PE,catch,daily_variance,0,week
3DCA7252-D6C4-468B-A69E-5A97CA4F7E0C,District 11,Nisqually salmon 2022,1,2022-08-01,2022-08-07,31,weekend,Bank,Chinook|Coho_Adult|Jack_AD|UM|UNK_Kept,PE,catch,days_open,1,week
3DCA7252-D6C4-468B-A69E-5A97CA4F7E0C,District 11,Nisqually salmon 2022,1,2022-08-01,2022-08-07,31,weekend,Bank,Chinook|Coho_Adult|Jack_AD|UM|UNK_Kept,PE,catch,degrees_freedom,39,week
3DCA7252-D6C4-468B-A69E-5A97CA4F7E0C,District 11,Nisqually salmon 2022,1,2022-08-01,2022-08-07,31,weekend,Bank,Chinook|Coho_Adult|Jack_AD|UM|UNK_Kept,PE,catch,total_catch,0,week
3DCA7252-D6C4-468B-A69E-5A97CA4F7E0C,District 11,Nisqually salmon 2022,1,2022-08-08,2022-08-14,32,weekday,Bank,Chinook|Coho_Adult|Jack_AD|UM|UNK_Kept,PE,catch,number_observations,3,week
3DCA7252-D6C4-468B-A69E-5A97CA4F7E0C,District 11,Nisqually salmon 2022,1,2022-08-08,2022-08-14,32,weekday,Bank,Chinook|Coho_Adult|Jack_AD|UM|UNK_Kept,PE,catch,daily_mean,0,week
3DCA7252-D6C4-468B-A69E-5A97CA4F7E0C,District 11,Nisqually salmon 2022,1,2022-08-08,2022-08-14,32,weekday,Bank,Chinook|Coho_Adult|Jack_AD|UM|UNK_Kept,PE,catch,daily_variance,0,week
3DCA7252-D6C4-468B-A69E-5A97CA4F7E0C,District 11,Nisqually salmon 2022,1,2022-08-08,2022-08-14,32,weekday,Bank,Chinook|Coho_Adult|Jack_AD|UM|UNK_Kept,PE,catch,days_open,3,week
3DCA7252-D6C4-468B-A69E-5A97CA4F7E0C,District 11,Nisqually salmon 2022,1,2022-08-08,2022-08-14,32,weekday,Bank,Chinook|Coho_Adult|Jack_AD|UM|UNK_Kept,PE,catch,degrees_freedom,39,week
3DCA7252-D6C4-468B-A69E-5A97CA4F7E0C,District 11,Nisqually salmon 2022,1,2022-08-08,2022-08-14,32,weekday,Bank,Chinook|Coho_Adult|Jack_AD|UM|UNK_Kept,PE,catch,total_catch,0,week
3DCA7252-D6C4-468B-A69E-5A97CA4F7E0C,District 11,Nisqually salmon 2022,1,2022-08-08,2022-08-14,32,weekday,Boat,Chinook|Coho_Adult|Jack_AD|UM|UNK_Kept,PE,catch,number_observations,3,week
3DCA7252-D6C4-468B-A69E-5A97CA4F7E0C,District 11,Nisqually salmon 2022,1,2022-08-08,2022-08-14,32,weekday,Boat,Chinook|Coho_Adult|Jack_AD|UM|UNK_Kept,PE,catch,daily_mean,0,week
3DCA7252-D6C4-468B-A69E-5A97CA4F7E0C,District 11,Nisqually salmon 2022,1,2022-08-08,2022-08-14,32,weekday,Boat,Chinook|Coho_Adult|Jack_AD|UM|UNK_Kept,PE,catch,daily_variance,0,week
3DCA7252-D6C4-468B-A69E-5A97CA4F7E0C,District 11,Nisqually salmon 2022,1,2022-08-08,2022-08-14,32,weekday,Boat,Chinook|Coho_Adult|Jack_AD|UM|UNK_Kept,PE,catch,days_open,3,week
3DCA7252-D6C4-468B-A69E-5A97CA4F7E0C,District 11,Nisqually salmon 2022,1,2022-08-08,2022-08-14,32,weekday,Boat,Chinook|Coho_Adult|Jack_AD|UM|UNK_Kept,PE,catch,degrees_freedom,39,week
3DCA7252-D6C4-468B-A69E-5A97CA4F7E0C,District 11,Nisqually salmon 2022,1,2022-08-08,2022-08-14,32,weekday,Boat,Chinook|Coho_Adult|Jack_AD|UM|UNK_Kept,PE,catch,total_catch,0,week
3DCA7252-D6C4-468B-A69E-5A97CA4F7E0C,District 11,Nisqually salmon 2022,1,2022-08-08,2022-08-14,32,weekend,Bank,Chinook|Coho_Adult|Jack_AD|UM|UNK_Kept,PE,catch,number_observations,1,week
3DCA7252-D6C4-468B-A69E-5A97CA4F7E0C,District 11,Nisqually salmon 2022,1,2022-08-08,2022-08-14,32,weekend,Bank,Chinook|Coho_Adult|Jack_AD|UM|UNK_Kept,PE,catch,daily_mean,0,week
3DCA7252-D6C4-468B-A69E-5A97CA4F7E0C,District 11,Nisqually salmon 2022,1,2022-08-08,2022-08-14,32,weekend,Bank,Chinook|Coho_Adult|Jack_AD|UM|UNK_Kept,PE,catch,daily_variance,0,week
3DCA7252-D6C4-468B-A69E-5A97CA4F7E0C,District 11,Nisqually salmon 2022,1,2022-08-08,2022-08-14,32,weekend,Bank,Chinook|Coho_Adult|Jack_AD|UM|UNK_Kept,PE,catch,days_open,1,week
3DCA7252-D6C4-468B-A69E-5A97CA4F7E0C,District 11,Nisqually salmon 2022,1,2022-08-08,2022-08-14,32,weekend,Bank,Chinook|Coho_Adult|Jack_AD|UM|UNK_Kept,PE,catch,degrees_freedom,39,week
3DCA7252-D6C4-468B-A69E-5A97CA4F7E0C,District 11,Nisqually salmon 2022,1,2022-08-08,2022-08-14,32,weekend,Bank,Chinook|Coho_Adult|Jack_AD|UM|UNK_Kept,PE,catch,total_catch,0,week
3DCA7252-D6C4-468B-A69E-5A97CA4F7E0C,District 11,Nisqually salmon 2022,1,2022-08-08,2022-08-14,32,weekend,Boat,Chinook|Coho_Adult|Jack_AD|UM|UNK_Kept,PE,catch,number_observations,1,week
3DCA7252-D6C4-468B-A69E-5A97CA4F7E0C,District 11,Nisqually salmon 2022,1,2022-08-08,2022-08-14,32,weekend,Boat,Chinook|Coho_Adult|Jack_AD|UM|UNK_Kept,PE,catch,daily_mean,0,week
3DCA7252-D6C4-468B-A69E-5A97CA4F7E0C,District 11,Nisqually salmon 2022,1,2022-08-08,2022-08-14,32,weekend,Boat,Chinook|Coho_Adult|Jack_AD|UM|UNK_Kept,PE,catch,daily_variance,0,week
3DCA7252-D6C4-468B-A69E-5A97CA4F7E0C,District 11,Nisqually salmon 2022,1,2022-08-08,2022-08-14,32,weekend,Boat,Chinook|Coho_Adult|Jack_AD|UM|UNK_Kept,PE,catch,days_open,1,week
3DCA7252-D6C4-468B-A69E-5A97CA4F7E0C,District 11,Nisqually salmon 2022,1,2022-08-08,2022-08-14,32,weekend,Boat,Chinook|Coho_Adult|Jack_AD|UM|UNK_Kept,PE,catch,degrees_freedom,39,week
3DCA7252-D6C4-468B-A69E-5A97CA4F7E0C,District 11,Nisqually salmon 2022,1,2022-08-08,2022-08-14,32,weekend,Boat,Chinook|Coho_Adult|Jack_AD|UM|UNK_Kept,PE,catch,total_catch,0,week
3DCA7252-D6C4-468B-A69E-5A97CA4F7E0C,District 11,Nisqually salmon 2022,1,2022-08-15,2022-08-21,33,weekday,Bank,Chinook|Coho_Adult|Jack_AD|UM|UNK_Kept,PE,catch,number_observations,3,week
3DCA7252-D6C4-468B-A69E-5A97CA4F7E0C,District 11,Nisqually salmon 2022,1,2022-08-15,2022-08-21,33,weekday,Bank,Chinook|Coho_Adult|Jack_AD|UM|UNK_Kept,PE,catch,daily_mean,4.580666666666667,week
3DCA7252-D6C4-468B-A69E-5A97CA4F7E0C,District 11,Nisqually salmon 2022,1,2022-08-15,2022-08-21,33,weekday,Bank,Chinook|Coho_Adult|Jack_AD|UM|UNK_Kept,PE,catch,daily_variance,18.99851633333333,week
3DCA7252-D6C4-468B-A69E-5A97CA4F7E0C,District 11,Nisqually salmon 2022,1,2022-08-15,2022-08-21,33,weekday,Bank,Chinook|Coho_Adult|Jack_AD|UM|UNK_Kept,PE,catch,days_open,3,week
3DCA7252-D6C4-468B-A69E-5A97CA4F7E0C,District 11,Nisqually salmon 2022,1,2022-08-15,2022-08-21,33,weekday,Bank,Chinook|Coho_Adult|Jack_AD|UM|UNK_Kept,PE,catch,degrees_freedom,39,week
3DCA7252-D6C4-468B-A69E-5A97CA4F7E0C,District 11,Nisqually salmon 2022,1,2022-08-15,2022-08-21,33,weekday,Bank,Chinook|Coho_Adult|Jack_AD|UM|UNK_Kept,PE,catch,total_catch,13.742,week
3DCA7252-D6C4-468B-A69E-5A97CA4F7E0C,District 11,Nisqually salmon 2022,1,2022-08-15,2022-08-21,33,weekday,Boat,Chinook|Coho_Adult|Jack_AD|UM|UNK_Kept,PE,catch,number_observations,1,week
3DCA7252-D6C4-468B-A69E-5A97CA4F7E0C,District 11,Nisqually salmon 2022,1,2022-08-15,2022-08-21,33,weekday,Boat,Chinook|Coho_Adult|Jack_AD|UM|UNK_Kept,PE,catch,daily_mean,0,week
3DCA7252-D6C4-468B-A69E-5A97CA4F7E0C,District 11,Nisqually salmon 2022,1,2022-08-15,2022-08-21,33,weekday,Boat,Chinook|Coho_Adult|Jack_AD|UM|UNK_Kept,PE,catch,daily_variance,0,week
3DCA7252-D6C4-468B-A69E-5A97CA4F7E0C,District 11,Nisqually salmon 2022,1,2022-08-15,2022-08-21,33,weekday,Boat,Chinook|Coho_Adult|Jack_AD|UM|UNK_Kept,PE,catch,days_open,3,week
3DCA7252-D6C4-468B-A69E-5A97CA4F7E0C,District 11,Nisqually salmon 2022,1,2022-08-15,2022-08-21,33,weekday,Boat,Chinook|Coho_Adult|Jack_AD|UM|UNK_Kept,PE,catch,degrees_freedom,39,week
3DCA7252-D6C4-468B-A69E-5A97CA4F7E0C,District 11,Nisqually salmon 2022,1,2022-08-15,2022-08-21,33,weekday,Boat,Chinook|Coho_Adult|Jack_AD|UM|UNK_Kept,PE,catch,total_catch,0,week
3DCA7252-D6C4-468B-A69E-5A97CA4F7E0C,District 11,Nisqually salmon 2022,1,2022-08-15,2022-08-21,33,weekend,Bank,Chinook|Coho_Adult|Jack_AD|UM|UNK_Kept,PE,catch,number_observations,1,week
3DCA7252-D6C4-468B-A69E-5A97CA4F7E0C,District 11,Nisqually salmon 2022,1,2022-08-15,2022-08-21,33,weekend,Bank,Chinook|Coho_Adult|Jack_AD|UM|UNK_Kept,PE,catch,daily_mean,9.969,week
3DCA7252-D6C4-468B-A69E-5A97CA4F7E0C,District 11,Nisqually salmon 2022,1,2022-08-15,2022-08-21,33,weekend,Bank,Chinook|Coho_Adult|Jack_AD|UM|UNK_Kept,PE,catch,daily_variance,0,week
3DCA7252-D6C4-468B-A69E-5A97CA4F7E0C,District 11,Nisqually salmon 2022,1,2022-08-15,2022-08-21,33,weekend,Bank,Chinook|Coho_Adult|Jack_AD|UM|UNK_Kept,PE,catch,days_open,1,week
3DCA7252-D6C4-468B-A69E-5A97CA4F7E0C,District 11,Nisqually salmon 2022,1,2022-08-15,2022-08-21,33,weekend,Bank,Chinook|Coho_Adult|Jack_AD|UM|UNK_Kept,PE,catch,degrees_freedom,39,week
3DCA7252-D6C4-468B-A69E-5A97CA4F7E0C,District 11,Nisqually salmon 2022,1,2022-08-15,2022-08-21,33,weekend,Bank,Chinook|Coho_Adult|Jack_AD|UM|UNK_Kept,PE,catch,total_catch,9.969,week
3DCA7252-D6C4-468B-A69E-5A97CA4F7E0C,District 11,Nisqually salmon 2022,1,2022-08-15,2022-08-21,33,weekend,Boat,Chinook|Coho_Adult|Jack_AD|UM|UNK_Kept,PE,catch,number_observations,1,week
3DCA7252-D6C4-468B-A69E-5A97CA4F7E0C,District 11,Nisqually salmon 2022,1,2022-08-15,2022-08-21,33,weekend,Boat,Chinook|Coho_Adult|Jack_AD|UM|UNK_Kept,PE,catch,daily_mean,5.314,week
3DCA7252-D6C4-468B-A69E-5A97CA4F7E0C,District 11,Nisqually salmon 2022,1,2022-08-15,2022-08-21,33,weekend,Boat,Chinook|Coho_Adult|Jack_AD|UM|UNK_Kept,PE,catch,daily_variance,0,week
3DCA7252-D6C4-468B-A69E-5A97CA4F7E0C,District 11,Nisqually salmon 2022,1,2022-08-15,2022-08-21,33,weekend,Boat,Chinook|Coho_Adult|Jack_AD|UM|UNK_Kept,PE,catch,days_open,1,week
3DCA7252-D6C4-468B-A69E-5A97CA4F7E0C,District 11,Nisqually salmon 2022,1,2022-08-15,2022-08-21,33,weekend,Boat,Chinook|Coho_Adult|Jack_AD|UM|UNK_Kept,PE,catch,degrees_freedom,39,week
3DCA7252-D6C4-468B-A69E-5A97CA4F7E0C,District 11,Nisqually salmon 2022,1,2022-08-15,2022-08-21,33,weekend,Boat,Chinook|Coho_Adult|Jack_AD|UM|UNK_Kept,PE,catch,total_catch,5.314,week
3DCA7252-D6C4-468B-A69E-5A97CA4F7E0C,District 11,Nisqually salmon 2022,1,2022-08-22,2022-08-28,34,weekday,Bank,Chinook|Coho_Adult|Jack_AD|UM|UNK_Kept,PE,catch,number_observations,2,week
3DCA7252-D6C4-468B-A69E-5A97CA4F7E0C,District 11,Nisqually salmon 2022,1,2022-08-22,2022-08-28,34,weekday,Bank,Chinook|Coho_Adult|Jack_AD|UM|UNK_Kept,PE,catch,daily_mean,10.477,week
3DCA7252-D6C4-468B-A69E-5A97CA4F7E0C,District 11,Nisqually salmon 2022,1,2022-08-22,2022-08-28,34,weekday,Bank,Chinook|Coho_Adult|Jack_AD|UM|UNK_Kept,PE,catch,daily_variance,3.251250000000002,week
3DCA7252-D6C4-468B-A69E-5A97CA4F7E0C,District 11,Nisqually salmon 2022,1,2022-08-22,2022-08-28,34,weekday,Bank,Chinook|Coho_Adult|Jack_AD|UM|UNK_Kept,PE,catch,days_open,2,week
3DCA7252-D6C4-468B-A69E-5A97CA4F7E0C,District 11,Nisqually salmon 2022,1,2022-08-22,2022-08-28,34,weekday,Bank,Chinook|Coho_Adult|Jack_AD|UM|UNK_Kept,PE,catch,degrees_freedom,39,week
3DCA7252-D6C4-468B-A69E-5A97CA4F7E0C,District 11,Nisqually salmon 2022,1,2022-08-22,2022-08-28,34,weekday,Bank,Chinook|Coho_Adult|Jack_AD|UM|UNK_Kept,PE,catch,total_catch,20.954,week
3DCA7252-D6C4-468B-A69E-5A97CA4F7E0C,District 11,Nisqually salmon 2022,1,2022-08-22,2022-08-28,34,weekday,Boat,Chinook|Coho_Adult|Jack_AD|UM|UNK_Kept,PE,catch,number_observations,1,week
3DCA7252-D6C4-468B-A69E-5A97CA4F7E0C,District 11,Nisqually salmon 2022,1,2022-08-22,2022-08-28,34,weekday,Boat,Chinook|Coho_Adult|Jack_AD|UM|UNK_Kept,PE,catch,daily_mean,11.237,week
3DCA7252-D6C4-468B-A69E-5A97CA4F7E0C,District 11,Nisqually salmon 2022,1,2022-08-22,2022-08-28,34,weekday,Boat,Chinook|Coho_Adult|Jack_AD|UM|UNK_Kept,PE,catch,daily_variance,0,week
3DCA7252-D6C4-468B-A69E-5A97CA4F7E0C,District 11,Nisqually salmon 2022,1,2022-08-22,2022-08-28,34,weekday,Boat,Chinook|Coho_Adult|Jack_AD|UM|UNK_Kept,PE,catch,days_open,2,week
3DCA7252-D6C4-468B-A69E-5A97CA4F7E0C,District 11,Nisqually salmon 2022,1,2022-08-22,2022-08-28,34,weekday,Boat,Chinook|Coho_Adult|Jack_AD|UM|UNK_Kept,PE,catch,degrees_freedom,39,week
3DCA7252-D6C4-468B-A69E-5A97CA4F7E0C,District 11,Nisqually salmon 2022,1,2022-08-22,2022-08-28,34,weekday,Boat,Chinook|Coho_Adult|Jack_AD|UM|UNK_Kept,PE,catch,total_catch,22.474,week
3DCA7252-D6C4-468B-A69E-5A97CA4F7E0C,District 11,Nisqually salmon 2022,1,2022-08-22,2022-08-28,34,weekend,Bank,Chinook|Coho_Adult|Jack_AD|UM|UNK_Kept,PE,catch,number_observations,1,week
3DCA7252-D6C4-468B-A69E-5A97CA4F7E0C,District 11,Nisqually salmon 2022,1,2022-08-22,2022-08-28,34,weekend,Bank,Chinook|Coho_Adult|Jack_AD|UM|UNK_Kept,PE,catch,daily_mean,19.585,week
3DCA7252-D6C4-468B-A69E-5A97CA4F7E0C,District 11,Nisqually salmon 2022,1,2022-08-22,2022-08-28,34,weekend,Bank,Chinook|Coho_Adult|Jack_AD|UM|UNK_Kept,PE,catch,daily_variance,0,week
3DCA7252-D6C4-468B-A69E-5A97CA4F7E0C,District 11,Nisqually salmon 2022,1,2022-08-22,2022-08-28,34,weekend,Bank,Chinook|Coho_Adult|Jack_AD|UM|UNK_Kept,PE,catch,days_open,1,week
3DCA7252-D6C4-468B-A69E-5A97CA4F7E0C,District 11,Nisqually salmon 2022,1,2022-08-22,2022-08-28,34,weekend,Bank,Chinook|Coho_Adult|Jack_AD|UM|UNK_Kept,PE,catch,degrees_freedom,39,week
3DCA7252-D6C4-468B-A69E-5A97CA4F7E0C,District 11,Nisqually salmon 2022,1,2022-08-22,2022-08-28,34,weekend,Bank,Chinook|Coho_Adult|Jack_AD|UM|UNK_Kept,PE,catch,total_catch,19.585,week
3DCA7252-D6C4-468B-A69E-5A97CA4F7E0C,District 11,Nisqually salmon 2022,1,2022-08-22,2022-08-28,34,weekend,Boat,Chinook|Coho_Adult|Jack_AD|UM|UNK_Kept,PE,catch,number_observations,1,week
3DCA7252-D6C4-468B-A69E-5A97CA4F7E0C,District 11,Nisqually salmon 2022,1,2022-08-22,2022-08-28,34,weekend,Boat,Chinook|Coho_Adult|Jack_AD|UM|UNK_Kept,PE,catch,daily_mean,8.099,week
3DCA7252-D6C4-468B-A69E-5A97CA4F7E0C,District 11,Nisqually salmon 2022,1,2022-08-22,2022-08-28,34,weekend,Boat,Chinook|Coho_Adult|Jack_AD|UM|UNK_Kept,PE,catch,daily_variance,0,week
3DCA7252-D6C4-468B-A69E-5A97CA4F7E0C,District 11,Nisqually salmon 2022,1,2022-08-22,2022-08-28,34,weekend,Boat,Chinook|Coho_Adult|Jack_AD|UM|UNK_Kept,PE,catch,days_open,1,week
3DCA7252-D6C4-468B-A69E-5A97CA4F7E0C,District 11,Nisqually salmon 2022,1,2022-08-22,2022-08-28,34,weekend,Boat,Chinook|Coho_Adult|Jack_AD|UM|UNK_Kept,PE,catch,degrees_freedom,39,week
3DCA7252-D6C4-468B-A69E-5A97CA4F7E0C,District 11,Nisqually salmon 2022,1,2022-08-22,2022-08-28,34,weekend,Boat,Chinook|Coho_Adult|Jack_AD|UM|UNK_Kept,PE,catch,total_catch,8.099,week
3DCA7252-D6C4-468B-A69E-5A97CA4F7E0C,District 11,Nisqually salmon 2022,1,2022-08-29,2022-09-04,35,weekday,Bank,Chinook|Coho_Adult|Jack_AD|UM|UNK_Kept,PE,catch,number_observations,1,week
3DCA7252-D6C4-468B-A69E-5A97CA4F7E0C,District 11,Nisqually salmon 2022,1,2022-08-29,2022-09-04,35,weekday,Bank,Chinook|Coho_Adult|Jack_AD|UM|UNK_Kept,PE,catch,daily_mean,0,week
3DCA7252-D6C4-468B-A69E-5A97CA4F7E0C,District 11,Nisqually salmon 2022,1,2022-08-29,2022-09-04,35,weekday,Bank,Chinook|Coho_Adult|Jack_AD|UM|UNK_Kept,PE,catch,daily_variance,0,week
3DCA7252-D6C4-468B-A69E-5A97CA4F7E0C,District 11,Nisqually salmon 2022,1,2022-08-29,2022-09-04,35,weekday,Bank,Chinook|Coho_Adult|Jack_AD|UM|UNK_Kept,PE,catch,days_open,1,week
3DCA7252-D6C4-468B-A69E-5A97CA4F7E0C,District 11,Nisqually salmon 2022,1,2022-08-29,2022-09-04,35,weekday,Bank,Chinook|Coho_Adult|Jack_AD|UM|UNK_Kept,PE,catch,degrees_freedom,39,week
3DCA7252-D6C4-468B-A69E-5A97CA4F7E0C,District 11,Nisqually salmon 2022,1,2022-08-29,2022-09-04,35,weekday,Bank,Chinook|Coho_Adult|Jack_AD|UM|UNK_Kept,PE,catch,total_catch,0,week
3DCA7252-D6C4-468B-A69E-5A97CA4F7E0C,District 11,Nisqually salmon 2022,1,2022-08-29,2022-09-04,35,weekend,Bank,Chinook|Coho_Adult|Jack_AD|UM|UNK_Kept,PE,catch,number_observations,1,week
3DCA7252-D6C4-468B-A69E-5A97CA4F7E0C,District 11,Nisqually salmon 2022,1,2022-08-29,2022-09-04,35,weekend,Bank,Chinook|Coho_Adult|Jack_AD|UM|UNK_Kept,PE,catch,daily_mean,40.087,week
3DCA7252-D6C4-468B-A69E-5A97CA4F7E0C,District 11,Nisqually salmon 2022,1,2022-08-29,2022-09-04,35,weekend,Bank,Chinook|Coho_Adult|Jack_AD|UM|UNK_Kept,PE,catch,daily_variance,0,week
3DCA7252-D6C4-468B-A69E-5A97CA4F7E0C,District 11,Nisqually salmon 2022,1,2022-08-29,2022-09-04,35,weekend,Bank,Chinook|Coho_Adult|Jack_AD|UM|UNK_Kept,PE,catch,days_open,1,week
3DCA7252-D6C4-468B-A69E-5A97CA4F7E0C,District 11,Nisqually salmon 2022,1,2022-08-29,2022-09-04,35,weekend,Bank,Chinook|Coho_Adult|Jack_AD|UM|UNK_Kept,PE,catch,degrees_freedom,39,week
3DCA7252-D6C4-468B-A69E-5A97CA4F7E0C,District 11,Nisqually salmon 2022,1,2022-08-29,2022-09-04,35,weekend,Bank,Chinook|Coho_Adult|Jack_AD|UM|UNK_Kept,PE,catch,total_catch,40.087,week
3DCA7252-D6C4-468B-A69E-5A97CA4F7E0C,District 11,Nisqually salmon 2022,1,2022-08-29,2022-09-04,35,weekend,Boat,Chinook|Coho_Adult|Jack_AD|UM|UNK_Kept,PE,catch,number_observations,1,week
3DCA7252-D6C4-468B-A69E-5A97CA4F7E0C,District 11,Nisqually salmon 2022,1,2022-08-29,2022-09-04,35,weekend,Boat,Chinook|Coho_Adult|Jack_AD|UM|UNK_Kept,PE,catch,daily_mean,5.583,week
3DCA7252-D6C4-468B-A69E-5A97CA4F7E0C,District 11,Nisqually salmon 2022,1,2022-08-29,2022-09-04,35,weekend,Boat,Chinook|Coho_Adult|Jack_AD|UM|UNK_Kept,PE,catch,daily_variance,0,week
3DCA7252-D6C4-468B-A69E-5A97CA4F7E0C,District 11,Nisqually salmon 2022,1,2022-08-29,2022-09-04,35,weekend,Boat,Chinook|Coho_Adult|Jack_AD|UM|UNK_Kept,PE,catch,days_open,1,week
3DCA7252-D6C4-468B-A69E-5A97CA4F7E0C,District 11,Nisqually salmon 2022,1,2022-08-29,2022-09-04,35,weekend,Boat,Chinook|Coho_Adult|Jack_AD|UM|UNK_Kept,PE,catch,degrees_freedom,39,week
3DCA7252-D6C4-468B-A69E-5A97CA4F7E0C,District 11,Nisqually salmon 2022,1,2022-08-29,2022-09-04,35,weekend,Boat,Chinook|Coho_Adult|Jack_AD|UM|UNK_Kept,PE,catch,total_catch,5.583,week
3DCA7252-D6C4-468B-A69E-5A97CA4F7E0C,District 11,Nisqually salmon 2022,1,2022-09-05,2022-09-11,36,weekday,Bank,Chinook|Coho_Adult|Jack_AD|UM|UNK_Kept,PE,catch,number_observations,2,week
3DCA7252-D6C4-468B-A69E-5A97CA4F7E0C,District 11,Nisqually salmon 2022,1,2022-09-05,2022-09-11,36,weekday,Bank,Chinook|Coho_Adult|Jack_AD|UM|UNK_Kept,PE,catch,daily_mean,76.735,week
3DCA7252-D6C4-468B-A69E-5A97CA4F7E0C,District 11,Nisqually salmon 2022,1,2022-09-05,2022-09-11,36,weekday,Bank,Chinook|Coho_Adult|Jack_AD|UM|UNK_Kept,PE,catch,daily_variance,261.9302720000001,week
3DCA7252-D6C4-468B-A69E-5A97CA4F7E0C,District 11,Nisqually salmon 2022,1,2022-09-05,2022-09-11,36,weekday,Bank,Chinook|Coho_Adult|Jack_AD|UM|UNK_Kept,PE,catch,days_open,4,week
3DCA7252-D6C4-468B-A69E-5A97CA4F7E0C,District 11,Nisqually salmon 2022,1,2022-09-05,2022-09-11,36,weekday,Bank,Chinook|Coho_Adult|Jack_AD|UM|UNK_Kept,PE,catch,degrees_freedom,39,week
3DCA7252-D6C4-468B-A69E-5A97CA4F7E0C,District 11,Nisqually salmon 2022,1,2022-09-05,2022-09-11,36,weekday,Bank,Chinook|Coho_Adult|Jack_AD|UM|UNK_Kept,PE,catch,total_catch,306.94,week
3DCA7252-D6C4-468B-A69E-5A97CA4F7E0C,District 11,Nisqually salmon 2022,1,2022-09-05,2022-09-11,36,weekday,Boat,Chinook|Coho_Adult|Jack_AD|UM|UNK_Kept,PE,catch,number_observations,1,week
3DCA7252-D6C4-468B-A69E-5A97CA4F7E0C,District 11,Nisqually salmon 2022,1,2022-09-05,2022-09-11,36,weekday,Boat,Chinook|Coho_Adult|Jack_AD|UM|UNK_Kept,PE,catch,daily_mean,5.468,week
3DCA7252-D6C4-468B-A69E-5A97CA4F7E0C,District 11,Nisqually salmon 2022,1,2022-09-05,2022-09-11,36,weekday,Boat,Chinook|Coho_Adult|Jack_AD|UM|UNK_Kept,PE,catch,daily_variance,0,week
3DCA7252-D6C4-468B-A69E-5A97CA4F7E0C,District 11,Nisqually salmon 2022,1,2022-09-05,2022-09-11,36,weekday,Boat,Chinook|Coho_Adult|Jack_AD|UM|UNK_Kept,PE,catch,days_open,4,week
3DCA7252-D6C4-468B-A69E-5A97CA4F7E0C,District 11,Nisqually salmon 2022,1,2022-09-05,2022-09-11,36,weekday,Boat,Chinook|Coho_Adult|Jack_AD|UM|UNK_Kept,PE,catch,degrees_freedom,39,week
3DCA7252-D6C4-468B-A69E-5A97CA4F7E0C,District 11,Nisqually salmon 2022,1,2022-09-05,2022-09-11,36,weekday,Boat,Chinook|Coho_Adult|Jack_AD|UM|UNK_Kept,PE,catch,total_catch,21.872,week
3DCA7252-D6C4-468B-A69E-5A97CA4F7E0C,District 11,Nisqually salmon 2022,1,2022-09-05,2022-09-11,36,weekend,Bank,Chinook|Coho_Adult|Jack_AD|UM|UNK_Kept,PE,catch,number_observations,1,week
3DCA7252-D6C4-468B-A69E-5A97CA4F7E0C,District 11,Nisqually salmon 2022,1,2022-09-05,2022-09-11,36,weekend,Bank,Chinook|Coho_Adult|Jack_AD|UM|UNK_Kept,PE,catch,daily_mean,134.672,week
3DCA7252-D6C4-468B-A69E-5A97CA4F7E0C,District 11,Nisqually salmon 2022,1,2022-09-05,2022-09-11,36,weekend,Bank,Chinook|Coho_Adult|Jack_AD|UM|UNK_Kept,PE,catch,daily_variance,0,week
3DCA7252-D6C4-468B-A69E-5A97CA4F7E0C,District 11,Nisqually salmon 2022,1,2022-09-05,2022-09-11,36,weekend,Bank,Chinook|Coho_Adult|Jack_AD|UM|UNK_Kept,PE,catch,days_open,1,week
3DCA7252-D6C4-468B-A69E-5A97CA4F7E0C,District 11,Nisqually salmon 2022,1,2022-09-05,2022-09-11,36,weekend,Bank,Chinook|Coho_Adult|Jack_AD|UM|UNK_Kept,PE,catch,degrees_freedom,39,week
3DCA7252-D6C4-468B-A69E-5A97CA4F7E0C,District 11,Nisqually salmon 2022,1,2022-09-05,2022-09-11,36,weekend,Bank,Chinook|Coho_Adult|Jack_AD|UM|UNK_Kept,PE,catch,total_catch,134.672,week
3DCA7252-D6C4-468B-A69E-5A97CA4F7E0C,District 11,Nisqually salmon 2022,1,2022-09-12,2022-09-18,37,weekday,Bank,Chinook|Coho_Adult|Jack_AD|UM|UNK_Kept,PE,catch,number_observations,3,week
3DCA7252-D6C4-468B-A69E-5A97CA4F7E0C,District 11,Nisqually salmon 2022,1,2022-09-12,2022-09-18,37,weekday,Bank,Chinook|Coho_Adult|Jack_AD|UM|UNK_Kept,PE,catch,daily_mean,64.668,week
3DCA7252-D6C4-468B-A69E-5A97CA4F7E0C,District 11,Nisqually salmon 2022,1,2022-09-12,2022-09-18,37,weekday,Bank,Chinook|Coho_Adult|Jack_AD|UM|UNK_Kept,PE,catch,daily_variance,208.43317199999996,week
3DCA7252-D6C4-468B-A69E-5A97CA4F7E0C,District 11,Nisqually salmon 2022,1,2022-09-12,2022-09-18,37,weekday,Bank,Chinook|Coho_Adult|Jack_AD|UM|UNK_Kept,PE,catch,days_open,4,week
3DCA7252-D6C4-468B-A69E-5A97CA4F7E0C,District 11,Nisqually salmon 2022,1,2022-09-12,2022-09-18,37,weekday,Bank,Chinook|Coho_Adult|Jack_AD|UM|UNK_Kept,PE,catch,degrees_freedom,39,week
3DCA7252-D6C4-468B-A69E-5A97CA4F7E0C,District 11,Nisqually salmon 2022,1,2022-09-12,2022-09-18,37,weekday,Bank,Chinook|Coho_Adult|Jack_AD|UM|UNK_Kept,PE,catch,total_catch,258.672,week
3DCA7252-D6C4-468B-A69E-5A97CA4F7E0C,District 11,Nisqually salmon 2022,1,2022-09-12,2022-09-18,37,weekday,Boat,Chinook|Coho_Adult|Jack_AD|UM|UNK_Kept,PE,catch,number_observations,1,week
3DCA7252-D6C4-468B-A69E-5A97CA4F7E0C,District 11,Nisqually salmon 2022,1,2022-09-12,2022-09-18,37,weekday,Boat,Chinook|Coho_Adult|Jack_AD|UM|UNK_Kept,PE,catch,daily_mean,0,week
3DCA7252-D6C4-468B-A69E-5A97CA4F7E0C,District 11,Nisqually salmon 2022,1,2022-09-12,2022-09-18,37,weekday,Boat,Chinook|Coho_Adult|Jack_AD|UM|UNK_Kept,PE,catch,daily_variance,0,week
3DCA7252-D6C4-468B-A69E-5A97CA4F7E0C,District 11,Nisqually salmon 2022,1,2022-09-12,2022-09-18,37,weekday,Boat,Chinook|Coho_Adult|Jack_AD|UM|UNK_Kept,PE,catch,days_open,4,week
3DCA7252-D6C4-468B-A69E-5A97CA4F7E0C,District 11,Nisqually salmon 2022,1,2022-09-12,2022-09-18,37,weekday,Boat,Chinook|Coho_Adult|Jack_AD|UM|UNK_Kept,PE,catch,degrees_freedom,39,week
3DCA7252-D6C4-468B-A69E-5A97CA4F7E0C,District 11,Nisqually salmon 2022,1,2022-09-12,2022-09-18,37,weekday,Boat,Chinook|Coho_Adult|Jack_AD|UM|UNK_Kept,PE,catch,total_catch,0,week
3DCA7252-D6C4-468B-A69E-5A97CA4F7E0C,District 11,Nisqually salmon 2022,1,2022-09-12,2022-09-18,37,weekend,Bank,Chinook|Coho_Adult|Jack_AD|UM|UNK_Kept,PE,catch,number_observations,1,week
3DCA7252-D6C4-468B-A69E-5A97CA4F7E0C,District 11,Nisqually salmon 2022,1,2022-09-12,2022-09-18,37,weekend,Bank,Chinook|Coho_Adult|Jack_AD|UM|UNK_Kept,PE,catch,daily_mean,64.297,week
3DCA7252-D6C4-468B-A69E-5A97CA4F7E0C,District 11,Nisqually salmon 2022,1,2022-09-12,2022-09-18,37,weekend,Bank,Chinook|Coho_Adult|Jack_AD|UM|UNK_Kept,PE,catch,daily_variance,0,week
3DCA7252-D6C4-468B-A69E-5A97CA4F7E0C,District 11,Nisqually salmon 2022,1,2022-09-12,2022-09-18,37,weekend,Bank,Chinook|Coho_Adult|Jack_AD|UM|UNK_Kept,PE,catch,days_open,1,week
3DCA7252-D6C4-468B-A69E-5A97CA4F7E0C,District 11,Nisqually salmon 2022,1,2022-09-12,2022-09-18,37,weekend,Bank,Chinook|Coho_Adult|Jack_AD|UM|UNK_Kept,PE,catch,degrees_freedom,39,week
3DCA7252-D6C4-468B-A69E-5A97CA4F7E0C,District 11,Nisqually salmon 2022,1,2022-09-12,2022-09-18,37,weekend,Bank,Chinook|Coho_Adult|Jack_AD|UM|UNK_Kept,PE,catch,total_catch,64.297,week
3DCA7252-D6C4-468B-A69E-5A97CA4F7E0C,District 11,Nisqually salmon 2022,1,2022-09-12,2022-09-18,37,weekend,Boat,Chinook|Coho_Adult|Jack_AD|UM|UNK_Kept,PE,catch,number_observations,1,week
3DCA7252-D6C4-468B-A69E-5A97CA4F7E0C,District 11,Nisqually salmon 2022,1,2022-09-12,2022-09-18,37,weekend,Boat,Chinook|Coho_Adult|Jack_AD|UM|UNK_Kept,PE,catch,daily_mean,2.909,week
3DCA7252-D6C4-468B-A69E-5A97CA4F7E0C,District 11,Nisqually salmon 2022,1,2022-09-12,2022-09-18,37,weekend,Boat,Chinook|Coho_Adult|Jack_AD|UM|UNK_Kept,PE,catch,daily_variance,0,week
3DCA7252-D6C4-468B-A69E-5A97CA4F7E0C,District 11,Nisqually salmon 2022,1,2022-09-12,2022-09-18,37,weekend,Boat,Chinook|Coho_Adult|Jack_AD|UM|UNK_Kept,PE,catch,days_open,1,week
3DCA7252-D6C4-468B-A69E-5A97CA4F7E0C,District 11,Nisqually salmon 2022,1,2022-09-12,2022-09-18,37,weekend,Boat,Chinook|Coho_Adult|Jack_AD|UM|UNK_Kept,PE,catch,degrees_freedom,39,week
3DCA7252-D6C4-468B-A69E-5A97CA4F7E0C,District 11,Nisqually salmon 2022,1,2022-09-12,2022-09-18,37,weekend,Boat,Chinook|Coho_Adult|Jack_AD|UM|UNK_Kept,PE,catch,total_catch,2.909,week
3DCA7252-D6C4-468B-A69E-5A97CA4F7E0C,District 11,Nisqually salmon 2022,1,2022-09-19,2022-09-25,38,weekday,Bank,Chinook|Coho_Adult|Jack_AD|UM|UNK_Kept,PE,catch,number_observations,3,week
3DCA7252-D6C4-468B-A69E-5A97CA4F7E0C,District 11,Nisqually salmon 2022,1,2022-09-19,2022-09-25,38,weekday,Bank,Chinook|Coho_Adult|Jack_AD|UM|UNK_Kept,PE,catch,daily_mean,98.21066666666667,week
3DCA7252-D6C4-468B-A69E-5A97CA4F7E0C,District 11,Nisqually salmon 2022,1,2022-09-19,2022-09-25,38,weekday,Bank,Chinook|Coho_Adult|Jack_AD|UM|UNK_Kept,PE,catch,daily_variance,123.2540413333333,week
3DCA7252-D6C4-468B-A69E-5A97CA4F7E0C,District 11,Nisqually salmon 2022,1,2022-09-19,2022-09-25,38,weekday,Bank,Chinook|Coho_Adult|Jack_AD|UM|UNK_Kept,PE,catch,days_open,4,week
3DCA7252-D6C4-468B-A69E-5A97CA4F7E0C,District 11,Nisqually salmon 2022,1,2022-09-19,2022-09-25,38,weekday,Bank,Chinook|Coho_Adult|Jack_AD|UM|UNK_Kept,PE,catch,degrees_freedom,39,week
3DCA7252-D6C4-468B-A69E-5A97CA4F7E0C,District 11,Nisqually salmon 2022,1,2022-09-19,2022-09-25,38,weekday,Bank,Chinook|Coho_Adult|Jack_AD|UM|UNK_Kept,PE,catch,total_catch,392.8426666666667,week
3DCA7252-D6C4-468B-A69E-5A97CA4F7E0C,District 11,Nisqually salmon 2022,1,2022-09-19,2022-09-25,38,weekday,Boat,Chinook|Coho_Adult|Jack_AD|UM|UNK_Kept,PE,catch,number_observations,2,week
3DCA7252-D6C4-468B-A69E-5A97CA4F7E0C,District 11,Nisqually salmon 2022,1,2022-09-19,2022-09-25,38,weekday,Boat,Chinook|Coho_Adult|Jack_AD|UM|UNK_Kept,PE,catch,daily_mean,1.4685,week
3DCA7252-D6C4-468B-A69E-5A97CA4F7E0C,District 11,Nisqually salmon 2022,1,2022-09-19,2022-09-25,38,weekday,Boat,Chinook|Coho_Adult|Jack_AD|UM|UNK_Kept,PE,catch,daily_variance,4.3129845,week
3DCA7252-D6C4-468B-A69E-5A97CA4F7E0C,District 11,Nisqually salmon 2022,1,2022-09-19,2022-09-25,38,weekday,Boat,Chinook|Coho_Adult|Jack_AD|UM|UNK_Kept,PE,catch,days_open,4,week
3DCA7252-D6C4-468B-A69E-5A97CA4F7E0C,District 11,Nisqually salmon 2022,1,2022-09-19,2022-09-25,38,weekday,Boat,Chinook|Coho_Adult|Jack_AD|UM|UNK_Kept,PE,catch,degrees_freedom,39,week
3DCA7252-D6C4-468B-A69E-5A97CA4F7E0C,District 11,Nisqually salmon 2022,1,2022-09-19,2022-09-25,38,weekday,Boat,Chinook|Coho_Adult|Jack_AD|UM|UNK_Kept,PE,catch,total_catch,5.874,week
3DCA7252-D6C4-468B-A69E-5A97CA4F7E0C,District 11,Nisqually salmon 2022,1,2022-09-19,2022-09-25,38,weekend,Bank,Chinook|Coho_Adult|Jack_AD|UM|UNK_Kept,PE,catch,number_observations,1,week
3DCA7252-D6C4-468B-A69E-5A97CA4F7E0C,District 11,Nisqually salmon 2022,1,2022-09-19,2022-09-25,38,weekend,Bank,Chinook|Coho_Adult|Jack_AD|UM|UNK_Kept,PE,catch,daily_mean,73.492,week
3DCA7252-D6C4-468B-A69E-5A97CA4F7E0C,District 11,Nisqually salmon 2022,1,2022-09-19,2022-09-25,38,weekend,Bank,Chinook|Coho_Adult|Jack_AD|UM|UNK_Kept,PE,catch,daily_variance,0,week
3DCA7252-D6C4-468B-A69E-5A97CA4F7E0C,District 11,Nisqually salmon 2022,1,2022-09-19,2022-09-25,38,weekend,Bank,Chinook|Coho_Adult|Jack_AD|UM|UNK_Kept,PE,catch,days_open,1,week
3DCA7252-D6C4-468B-A69E-5A97CA4F7E0C,District 11,Nisqually salmon 2022,1,2022-09-19,2022-09-25,38,weekend,Bank,Chinook|Coho_Adult|Jack_AD|UM|UNK_Kept,PE,catch,degrees_freedom,39,week
3DCA7252-D6C4-468B-A69E-5A97CA4F7E0C,District 11,Nisqually salmon 2022,1,2022-09-19,2022-09-25,38,weekend,Bank,Chinook|Coho_Adult|Jack_AD|UM|UNK_Kept,PE,catch,total_catch,73.492,week
3DCA7252-D6C4-468B-A69E-5A97CA4F7E0C,District 11,Nisqually salmon 2022,1,2022-09-26,2022-10-02,39,weekday,Bank,Chinook|Coho_Adult|Jack_AD|UM|UNK_Kept,PE,catch,number_observations,3,week
3DCA7252-D6C4-468B-A69E-5A97CA4F7E0C,District 11,Nisqually salmon 2022,1,2022-09-26,2022-10-02,39,weekday,Bank,Chinook|Coho_Adult|Jack_AD|UM|UNK_Kept,PE,catch,daily_mean,78.71033333333332,week
3DCA7252-D6C4-468B-A69E-5A97CA4F7E0C,District 11,Nisqually salmon 2022,1,2022-09-26,2022-10-02,39,weekday,Bank,Chinook|Coho_Adult|Jack_AD|UM|UNK_Kept,PE,catch,daily_variance,441.62396033333334,week
3DCA7252-D6C4-468B-A69E-5A97CA4F7E0C,District 11,Nisqually salmon 2022,1,2022-09-26,2022-10-02,39,weekday,Bank,Chinook|Coho_Adult|Jack_AD|UM|UNK_Kept,PE,catch,days_open,4,week
3DCA7252-D6C4-468B-A69E-5A97CA4F7E0C,District 11,Nisqually salmon 2022,1,2022-09-26,2022-10-02,39,weekday,Bank,Chinook|Coho_Adult|Jack_AD|UM|UNK_Kept,PE,catch,degrees_freedom,39,week
3DCA7252-D6C4-468B-A69E-5A97CA4F7E0C,District 11,Nisqually salmon 2022,1,2022-09-26,2022-10-02,39,weekday,Bank,Chinook|Coho_Adult|Jack_AD|UM|UNK_Kept,PE,catch,total_catch,314.8413333333333,week
3DCA7252-D6C4-468B-A69E-5A97CA4F7E0C,District 11,Nisqually salmon 2022,1,2022-09-26,2022-10-02,39,weekday,Boat,Chinook|Coho_Adult|Jack_AD|UM|UNK_Kept,PE,catch,number_observations,2,week
3DCA7252-D6C4-468B-A69E-5A97CA4F7E0C,District 11,Nisqually salmon 2022,1,2022-09-26,2022-10-02,39,weekday,Boat,Chinook|Coho_Adult|Jack_AD|UM|UNK_Kept,PE,catch,daily_mean,15.1675,week
3DCA7252-D6C4-468B-A69E-5A97CA4F7E0C,District 11,Nisqually salmon 2022,1,2022-09-26,2022-10-02,39,weekday,Boat,Chinook|Coho_Adult|Jack_AD|UM|UNK_Kept,PE,catch,daily_variance,61.416444500000004,week
3DCA7252-D6C4-468B-A69E-5A97CA4F7E0C,District 11,Nisqually salmon 2022,1,2022-09-26,2022-10-02,39,weekday,Boat,Chinook|Coho_Adult|Jack_AD|UM|UNK_Kept,PE,catch,days_open,4,week
3DCA7252-D6C4-468B-A69E-5A97CA4F7E0C,District 11,Nisqually salmon 2022,1,2022-09-26,2022-10-02,39,weekday,Boat,Chinook|Coho_Adult|Jack_AD|UM|UNK_Kept,PE,catch,degrees_freedom,39,week
3DCA7252-D6C4-468B-A69E-5A97CA4F7E0C,District 11,Nisqually salmon 2022,1,2022-09-26,2022-10-02,39,weekday,Boat,Chinook|Coho_Adult|Jack_AD|UM|UNK_Kept,PE,catch,total_catch,60.67,week
3DCA7252-D6C4-468B-A69E-5A97CA4F7E0C,District 11,Nisqually salmon 2022,1,2022-09-26,2022-10-02,39,weekend,Bank,Chinook|Coho_Adult|Jack_AD|UM|UNK_Kept,PE,catch,number_observations,1,week
3DCA7252-D6C4-468B-A69E-5A97CA4F7E0C,District 11,Nisqually salmon 2022,1,2022-09-26,2022-10-02,39,weekend,Bank,Chinook|Coho_Adult|Jack_AD|UM|UNK_Kept,PE,catch,daily_mean,67.996,week
3DCA7252-D6C4-468B-A69E-5A97CA4F7E0C,District 11,Nisqually salmon 2022,1,2022-09-26,2022-10-02,39,weekend,Bank,Chinook|Coho_Adult|Jack_AD|UM|UNK_Kept,PE,catch,daily_variance,0,week
3DCA7252-D6C4-468B-A69E-5A97CA4F7E0C,District 11,Nisqually salmon 2022,1,2022-09-26,2022-10-02,39,weekend,Bank,Chinook|Coho_Adult|Jack_AD|UM|UNK_Kept,PE,catch,days_open,1,week
3DCA7252-D6C4-468B-A69E-5A97CA4F7E0C,District 11,Nisqually salmon 2022,1,2022-09-26,2022-10-02,39,weekend,Bank,Chinook|Coho_Adult|Jack_AD|UM|UNK_Kept,PE,catch,degrees_freedom,39,week
3DCA7252-D6C4-468B-A69E-5A97CA4F7E0C,District 11,Nisqually salmon 2022,1,2022-09-26,2022-10-02,39,weekend,Bank,Chinook|Coho_Adult|Jack_AD|UM|UNK_Kept,PE,catch,total_catch,67.996,week
3DCA7252-D6C4-468B-A69E-5A97CA4F7E0C,District 11,Nisqually salmon 2022,1,2022-09-26,2022-10-02,39,weekend,Boat,Chinook|Coho_Adult|Jack_AD|UM|UNK_Kept,PE,catch,number_observations,1,week
3DCA7252-D6C4-468B-A69E-5A97CA4F7E0C,District 11,Nisqually salmon 2022,1,2022-09-26,2022-10-02,39,weekend,Boat,Chinook|Coho_Adult|Jack_AD|UM|UNK_Kept,PE,catch,daily_mean,9.958,week
3DCA7252-D6C4-468B-A69E-5A97CA4F7E0C,District 11,Nisqually salmon 2022,1,2022-09-26,2022-10-02,39,weekend,Boat,Chinook|Coho_Adult|Jack_AD|UM|UNK_Kept,PE,catch,daily_variance,0,week
3DCA7252-D6C4-468B-A69E-5A97CA4F7E0C,District 11,Nisqually salmon 2022,1,2022-09-26,2022-10-02,39,weekend,Boat,Chinook|Coho_Adult|Jack_AD|UM|UNK_Kept,PE,catch,days_open,1,week
3DCA7252-D6C4-468B-A69E-5A97CA4F7E0C,District 11,Nisqually salmon 2022,1,2022-09-26,2022-10-02,39,weekend,Boat,Chinook|Coho_Adult|Jack_AD|UM|UNK_Kept,PE,catch,degrees_freedom,39,week
3DCA7252-D6C4-468B-A69E-5A97CA4F7E0C,District 11,Nisqually salmon 2022,1,2022-09-26,2022-10-02,39,weekend,Boat,Chinook|Coho_Adult|Jack_AD|UM|UNK_Kept,PE,catch,total_catch,9.958,week
3DCA7252-D6C4-468B-A69E-5A97CA4F7E0C,District 11,Nisqually salmon 2022,1,2022-10-03,2022-10-09,40,weekday,Bank,Chinook|Coho_Adult|Jack_AD|UM|UNK_Kept,PE,catch,number_observations,3,week
3DCA7252-D6C4-468B-A69E-5A97CA4F7E0C,District 11,Nisqually salmon 2022,1,2022-10-03,2022-10-09,40,weekday,Bank,Chinook|Coho_Adult|Jack_AD|UM|UNK_Kept,PE,catch,daily_mean,31.863999999999997,week
3DCA7252-D6C4-468B-A69E-5A97CA4F7E0C,District 11,Nisqually salmon 2022,1,2022-10-03,2022-10-09,40,weekday,Bank,Chinook|Coho_Adult|Jack_AD|UM|UNK_Kept,PE,catch,daily_variance,0.32808699999999885,week
3DCA7252-D6C4-468B-A69E-5A97CA4F7E0C,District 11,Nisqually salmon 2022,1,2022-10-03,2022-10-09,40,weekday,Bank,Chinook|Coho_Adult|Jack_AD|UM|UNK_Kept,PE,catch,days_open,4,week
3DCA7252-D6C4-468B-A69E-5A97CA4F7E0C,District 11,Nisqually salmon 2022,1,2022-10-03,2022-10-09,40,weekday,Bank,Chinook|Coho_Adult|Jack_AD|UM|UNK_Kept,PE,catch,degrees_freedom,39,week
3DCA7252-D6C4-468B-A69E-5A97CA4F7E0C,District 11,Nisqually salmon 2022,1,2022-10-03,2022-10-09,40,weekday,Bank,Chinook|Coho_Adult|Jack_AD|UM|UNK_Kept,PE,catch,total_catch,127.45599999999999,week
3DCA7252-D6C4-468B-A69E-5A97CA4F7E0C,District 11,Nisqually salmon 2022,1,2022-10-03,2022-10-09,40,weekday,Boat,Chinook|Coho_Adult|Jack_AD|UM|UNK_Kept,PE,catch,number_observations,2,week
3DCA7252-D6C4-468B-A69E-5A97CA4F7E0C,District 11,Nisqually salmon 2022,1,2022-10-03,2022-10-09,40,weekday,Boat,Chinook|Coho_Adult|Jack_AD|UM|UNK_Kept,PE,catch,daily_mean,12.3205,week
3DCA7252-D6C4-468B-A69E-5A97CA4F7E0C,District 11,Nisqually salmon 2022,1,2022-10-03,2022-10-09,40,weekday,Boat,Chinook|Coho_Adult|Jack_AD|UM|UNK_Kept,PE,catch,daily_variance,0.19034449999999944,week
3DCA7252-D6C4-468B-A69E-5A97CA4F7E0C,District 11,Nisqually salmon 2022,1,2022-10-03,2022-10-09,40,weekday,Boat,Chinook|Coho_Adult|Jack_AD|UM|UNK_Kept,PE,catch,days_open,4,week
3DCA7252-D6C4-468B-A69E-5A97CA4F7E0C,District 11,Nisqually salmon 2022,1,2022-10-03,2022-10-09,40,weekday,Boat,Chinook|Coho_Adult|Jack_AD|UM|UNK_Kept,PE,catch,degrees_freedom,39,week
3DCA7252-D6C4-468B-A69E-5A97CA4F7E0C,District 11,Nisqually salmon 2022,1,2022-10-03,2022-10-09,40,weekday,Boat,Chinook|Coho_Adult|Jack_AD|UM|UNK_Kept,PE,catch,total_catch,49.282,week
3DCA7252-D6C4-468B-A69E-5A97CA4F7E0C,District 11,Nisqually salmon 2022,1,2022-10-03,2022-10-09,40,weekend,Bank,Chinook|Coho_Adult|Jack_AD|UM|UNK_Kept,PE,catch,number_observations,1,week
3DCA7252-D6C4-468B-A69E-5A97CA4F7E0C,District 11,Nisqually salmon 2022,1,2022-10-03,2022-10-09,40,weekend,Bank,Chinook|Coho_Adult|Jack_AD|UM|UNK_Kept,PE,catch,daily_mean,36.492,week
3DCA7252-D6C4-468B-A69E-5A97CA4F7E0C,District 11,Nisqually salmon 2022,1,2022-10-03,2022-10-09,40,weekend,Bank,Chinook|Coho_Adult|Jack_AD|UM|UNK_Kept,PE,catch,daily_variance,0,week
3DCA7252-D6C4-468B-A69E-5A97CA4F7E0C,District 11,Nisqually salmon 2022,1,2022-10-03,2022-10-09,40,weekend,Bank,Chinook|Coho_Adult|Jack_AD|UM|UNK_Kept,PE,catch,days_open,1,week
3DCA7252-D6C4-468B-A69E-5A97CA4F7E0C,District 11,Nisqually salmon 2022,1,2022-10-03,2022-10-09,40,weekend,Bank,Chinook|Coho_Adult|Jack_AD|UM|UNK_Kept,PE,catch,degrees_freedom,39,week
3DCA7252-D6C4-468B-A69E-5A97CA4F7E0C,District 11,Nisqually salmon 2022,1,2022-10-03,2022-10-09,40,weekend,Bank,Chinook|Coho_Adult|Jack_AD|UM|UNK_Kept,PE,catch,total_catch,36.492,week
3DCA7252-D6C4-468B-A69E-5A97CA4F7E0C,District 11,Nisqually salmon 2022,1,2022-10-03,2022-10-09,40,weekend,Boat,Chinook|Coho_Adult|Jack_AD|UM|UNK_Kept,PE,catch,number_observations,1,week
3DCA7252-D6C4-468B-A69E-5A97CA4F7E0C,District 11,Nisqually salmon 2022,1,2022-10-03,2022-10-09,40,weekend,Boat,Chinook|Coho_Adult|Jack_AD|UM|UNK_Kept,PE,catch,daily_mean,26.858,week
3DCA7252-D6C4-468B-A69E-5A97CA4F7E0C,District 11,Nisqually salmon 2022,1,2022-10-03,2022-10-09,40,weekend,Boat,Chinook|Coho_Adult|Jack_AD|UM|UNK_Kept,PE,catch,daily_variance,0,week
3DCA7252-D6C4-468B-A69E-5A97CA4F7E0C,District 11,Nisqually salmon 2022,1,2022-10-03,2022-10-09,40,weekend,Boat,Chinook|Coho_Adult|Jack_AD|UM|UNK_Kept,PE,catch,days_open,1,week
3DCA7252-D6C4-468B-A69E-5A97CA4F7E0C,District 11,Nisqually salmon 2022,1,2022-10-03,2022-10-09,40,weekend,Boat,Chinook|Coho_Adult|Jack_AD|UM|UNK_Kept,PE,catch,degrees_freedom,39,week
3DCA7252-D6C4-468B-A69E-5A97CA4F7E0C,District 11,Nisqually salmon 2022,1,2022-10-03,2022-10-09,40,weekend,Boat,Chinook|Coho_Adult|Jack_AD|UM|UNK_Kept,PE,catch,total_catch,26.858,week
3DCA7252-D6C4-468B-A69E-5A97CA4F7E0C,District 11,Nisqually salmon 2022,1,2022-10-10,2022-10-16,41,weekday,Bank,Chinook|Coho_Adult|Jack_AD|UM|UNK_Kept,PE,catch,number_observations,3,week
3DCA7252-D6C4-468B-A69E-5A97CA4F7E0C,District 11,Nisqually salmon 2022,1,2022-10-10,2022-10-16,41,weekday,Bank,Chinook|Coho_Adult|Jack_AD|UM|UNK_Kept,PE,catch,daily_mean,9.464333333333334,week
3DCA7252-D6C4-468B-A69E-5A97CA4F7E0C,District 11,Nisqually salmon 2022,1,2022-10-10,2022-10-16,41,weekday,Bank,Chinook|Coho_Adult|Jack_AD|UM|UNK_Kept,PE,catch,daily_variance,0.6818403333333336,week
3DCA7252-D6C4-468B-A69E-5A97CA4F7E0C,District 11,Nisqually salmon 2022,1,2022-10-10,2022-10-16,41,weekday,Bank,Chinook|Coho_Adult|Jack_AD|UM|UNK_Kept,PE,catch,days_open,4,week
3DCA7252-D6C4-468B-A69E-5A97CA4F7E0C,District 11,Nisqually salmon 2022,1,2022-10-10,2022-10-16,41,weekday,Bank,Chinook|Coho_Adult|Jack_AD|UM|UNK_Kept,PE,catch,degrees_freedom,39,week
3DCA7252-D6C4-468B-A69E-5A97CA4F7E0C,District 11,Nisqually salmon 2022,1,2022-10-10,2022-10-16,41,weekday,Bank,Chinook|Coho_Adult|Jack_AD|UM|UNK_Kept,PE,catch,total_catch,37.85733333333334,week
3DCA7252-D6C4-468B-A69E-5A97CA4F7E0C,District 11,Nisqually salmon 2022,1,2022-10-10,2022-10-16,41,weekday,Boat,Chinook|Coho_Adult|Jack_AD|UM|UNK_Kept,PE,catch,number_observations,3,week
3DCA7252-D6C4-468B-A69E-5A97CA4F7E0C,District 11,Nisqually salmon 2022,1,2022-10-10,2022-10-16,41,weekday,Boat,Chinook|Coho_Adult|Jack_AD|UM|UNK_Kept,PE,catch,daily_mean,23.575666666666667,week
3DCA7252-D6C4-468B-A69E-5A97CA4F7E0C,District 11,Nisqually salmon 2022,1,2022-10-10,2022-10-16,41,weekday,Boat,Chinook|Coho_Adult|Jack_AD|UM|UNK_Kept,PE,catch,daily_variance,399.8034903333333,week
3DCA7252-D6C4-468B-A69E-5A97CA4F7E0C,District 11,Nisqually salmon 2022,1,2022-10-10,2022-10-16,41,weekday,Boat,Chinook|Coho_Adult|Jack_AD|UM|UNK_Kept,PE,catch,days_open,4,week
3DCA7252-D6C4-468B-A69E-5A97CA4F7E0C,District 11,Nisqually salmon 2022,1,2022-10-10,2022-10-16,41,weekday,Boat,Chinook|Coho_Adult|Jack_AD|UM|UNK_Kept,PE,catch,degrees_freedom,39,week
3DCA7252-D6C4-468B-A69E-5A97CA4F7E0C,District 11,Nisqually salmon 2022,1,2022-10-10,2022-10-16,41,weekday,Boat,Chinook|Coho_Adult|Jack_AD|UM|UNK_Kept,PE,catch,total_catch,94.30266666666667,week
3DCA7252-D6C4-468B-A69E-5A97CA4F7E0C,District 11,Nisqually salmon 2022,1,2022-10-10,2022-10-16,41,weekend,Bank,Chinook|Coho_Adult|Jack_AD|UM|UNK_Kept,PE,catch,number_observations,1,week
3DCA7252-D6C4-468B-A69E-5A97CA4F7E0C,District 11,Nisqually salmon 2022,1,2022-10-10,2022-10-16,41,weekend,Bank,Chinook|Coho_Adult|Jack_AD|UM|UNK_Kept,PE,catch,daily_mean,1.926,week
3DCA7252-D6C4-468B-A69E-5A97CA4F7E0C,District 11,Nisqually salmon 2022,1,2022-10-10,2022-10-16,41,weekend,Bank,Chinook|Coho_Adult|Jack_AD|UM|UNK_Kept,PE,catch,daily_variance,0,week
3DCA7252-D6C4-468B-A69E-5A97CA4F7E0C,District 11,Nisqually salmon 2022,1,2022-10-10,2022-10-16,41,weekend,Bank,Chinook|Coho_Adult|Jack_AD|UM|UNK_Kept,PE,catch,days_open,1,week
3DCA7252-D6C4-468B-A69E-5A97CA4F7E0C,District 11,Nisqually salmon 2022,1,2022-10-10,2022-10-16,41,weekend,Bank,Chinook|Coho_Adult|Jack_AD|UM|UNK_Kept,PE,catch,degrees_freedom,39,week
3DCA7252-D6C4-468B-A69E-5A97CA4F7E0C,District 11,Nisqually salmon 2022,1,2022-10-10,2022-10-16,41,weekend,Bank,Chinook|Coho_Adult|Jack_AD|UM|UNK_Kept,PE,catch,total_catch,1.926,week
3DCA7252-D6C4-468B-A69E-5A97CA4F7E0C,District 11,Nisqually salmon 2022,1,2022-10-10,2022-10-16,41,weekend,Boat,Chinook|Coho_Adult|Jack_AD|UM|UNK_Kept,PE,catch,number_observations,1,week
3DCA7252-D6C4-468B-A69E-5A97CA4F7E0C,District 11,Nisqually salmon 2022,1,2022-10-10,2022-10-16,41,weekend,Boat,Chinook|Coho_Adult|Jack_AD|UM|UNK_Kept,PE,catch,daily_mean,8.384,week
3DCA7252-D6C4-468B-A69E-5A97CA4F7E0C,District 11,Nisqually salmon 2022,1,2022-10-10,2022-10-16,41,weekend,Boat,Chinook|Coho_Adult|Jack_AD|UM|UNK_Kept,PE,catch,daily_variance,0,week
3DCA7252-D6C4-468B-A69E-5A97CA4F7E0C,District 11,Nisqually salmon 2022,1,2022-10-10,2022-10-16,41,weekend,Boat,Chinook|Coho_Adult|Jack_AD|UM|UNK_Kept,PE,catch,days_open,1,week
3DCA7252-D6C4-468B-A69E-5A97CA4F7E0C,District 11,Nisqually salmon 2022,1,2022-10-10,2022-10-16,41,weekend,Boat,Chinook|Coho_Adult|Jack_AD|UM|UNK_Kept,PE,catch,degrees_freedom,39,week
3DCA7252-D6C4-468B-A69E-5A97CA4F7E0C,District 11,Nisqually salmon 2022,1,2022-10-10,2022-10-16,41,weekend,Boat,Chinook|Coho_Adult|Jack_AD|UM|UNK_Kept,PE,catch,total_catch,8.384,week
3DCA7252-D6C4-468B-A69E-5A97CA4F7E0C,District 11,Nisqually salmon 2022,1,2022-10-17,2022-10-23,42,weekday,Bank,Chinook|Coho_Adult|Jack_AD|UM|UNK_Kept,PE,catch,number_observations,3,week
3DCA7252-D6C4-468B-A69E-5A97CA4F7E0C,District 11,Nisqually salmon 2022,1,2022-10-17,2022-10-23,42,weekday,Bank,Chinook|Coho_Adult|Jack_AD|UM|UNK_Kept,PE,catch,daily_mean,0.5599999999999999,week
3DCA7252-D6C4-468B-A69E-5A97CA4F7E0C,District 11,Nisqually salmon 2022,1,2022-10-17,2022-10-23,42,weekday,Bank,Chinook|Coho_Adult|Jack_AD|UM|UNK_Kept,PE,catch,daily_variance,0.9408,week
3DCA7252-D6C4-468B-A69E-5A97CA4F7E0C,District 11,Nisqually salmon 2022,1,2022-10-17,2022-10-23,42,weekday,Bank,Chinook|Coho_Adult|Jack_AD|UM|UNK_Kept,PE,catch,days_open,4,week
3DCA7252-D6C4-468B-A69E-5A97CA4F7E0C,District 11,Nisqually salmon 2022,1,2022-10-17,2022-10-23,42,weekday,Bank,Chinook|Coho_Adult|Jack_AD|UM|UNK_Kept,PE,catch,degrees_freedom,39,week
3DCA7252-D6C4-468B-A69E-5A97CA4F7E0C,District 11,Nisqually salmon 2022,1,2022-10-17,2022-10-23,42,weekday,Bank,Chinook|Coho_Adult|Jack_AD|UM|UNK_Kept,PE,catch,total_catch,2.2399999999999998,week
3DCA7252-D6C4-468B-A69E-5A97CA4F7E0C,District 11,Nisqually salmon 2022,1,2022-10-17,2022-10-23,42,weekday,Boat,Chinook|Coho_Adult|Jack_AD|UM|UNK_Kept,PE,catch,number_observations,2,week
3DCA7252-D6C4-468B-A69E-5A97CA4F7E0C,District 11,Nisqually salmon 2022,1,2022-10-17,2022-10-23,42,weekday,Boat,Chinook|Coho_Adult|Jack_AD|UM|UNK_Kept,PE,catch,daily_mean,8.2685,week
3DCA7252-D6C4-468B-A69E-5A97CA4F7E0C,District 11,Nisqually salmon 2022,1,2022-10-17,2022-10-23,42,weekday,Boat,Chinook|Coho_Adult|Jack_AD|UM|UNK_Kept,PE,catch,daily_variance,136.73618449999998,week
3DCA7252-D6C4-468B-A69E-5A97CA4F7E0C,District 11,Nisqually salmon 2022,1,2022-10-17,2022-10-23,42,weekday,Boat,Chinook|Coho_Adult|Jack_AD|UM|UNK_Kept,PE,catch,days_open,4,week
3DCA7252-D6C4-468B-A69E-5A97CA4F7E0C,District 11,Nisqually salmon 2022,1,2022-10-17,2022-10-23,42,weekday,Boat,Chinook|Coho_Adult|Jack_AD|UM|UNK_Kept,PE,catch,degrees_freedom,39,week
3DCA7252-D6C4-468B-A69E-5A97CA4F7E0C,District 11,Nisqually salmon 2022,1,2022-10-17,2022-10-23,42,weekday,Boat,Chinook|Coho_Adult|Jack_AD|UM|UNK_Kept,PE,catch,total_catch,33.074,week
3DCA7252-D6C4-468B-A69E-5A97CA4F7E0C,District 11,Nisqually salmon 2022,1,2022-10-17,2022-10-23,42,weekend,Bank,Chinook|Coho_Adult|Jack_AD|UM|UNK_Kept,PE,catch,number_observations,1,week
3DCA7252-D6C4-468B-A69E-5A97CA4F7E0C,District 11,Nisqually salmon 2022,1,2022-10-17,2022-10-23,42,weekend,Bank,Chinook|Coho_Adult|Jack_AD|UM|UNK_Kept,PE,catch,daily_mean,3.375,week
3DCA7252-D6C4-468B-A69E-5A97CA4F7E0C,District 11,Nisqually salmon 2022,1,2022-10-17,2022-10-23,42,weekend,Bank,Chinook|Coho_Adult|Jack_AD|UM|UNK_Kept,PE,catch,daily_variance,0,week
3DCA7252-D6C4-468B-A69E-5A97CA4F7E0C,District 11,Nisqually salmon 2022,1,2022-10-17,2022-10-23,42,weekend,Bank,Chinook|Coho_Adult|Jack_AD|UM|UNK_Kept,PE,catch,days_open,1,week
3DCA7252-D6C4-468B-A69E-5A97CA4F7E0C,District 11,Nisqually salmon 2022,1,2022-10-17,2022-10-23,42,weekend,Bank,Chinook|Coho_Adult|Jack_AD|UM|UNK_Kept,PE,catch,degrees_freedom,39,week
3DCA7252-D6C4-468B-A69E-5A97CA4F7E0C,District 11,Nisqually salmon 2022,1,2022-10-17,2022-10-23,42,weekend,Bank,Chinook|Coho_Adult|Jack_AD|UM|UNK_Kept,PE,catch,total_catch,3.375,week
3DCA7252-D6C4-468B-A69E-5A97CA4F7E0C,District 11,Nisqually salmon 2022,1,2022-10-17,2022-10-23,42,weekend,Boat,Chinook|Coho_Adult|Jack_AD|UM|UNK_Kept,PE,catch,number_observations,1,week
3DCA7252-D6C4-468B-A69E-5A97CA4F7E0C,District 11,Nisqually salmon 2022,1,2022-10-17,2022-10-23,42,weekend,Boat,Chinook|Coho_Adult|Jack_AD|UM|UNK_Kept,PE,catch,daily_mean,21.509,week
3DCA7252-D6C4-468B-A69E-5A97CA4F7E0C,District 11,Nisqually salmon 2022,1,2022-10-17,2022-10-23,42,weekend,Boat,Chinook|Coho_Adult|Jack_AD|UM|UNK_Kept,PE,catch,daily_variance,0,week
3DCA7252-D6C4-468B-A69E-5A97CA4F7E0C,District 11,Nisqually salmon 2022,1,2022-10-17,2022-10-23,42,weekend,Boat,Chinook|Coho_Adult|Jack_AD|UM|UNK_Kept,PE,catch,days_open,1,week
3DCA7252-D6C4-468B-A69E-5A97CA4F7E0C,District 11,Nisqually salmon 2022,1,2022-10-17,2022-10-23,42,weekend,Boat,Chinook|Coho_Adult|Jack_AD|UM|UNK_Kept,PE,catch,degrees_freedom,39,week
3DCA7252-D6C4-468B-A69E-5A97CA4F7E0C,District 11,Nisqually salmon 2022,1,2022-10-17,2022-10-23,42,weekend,Boat,Chinook|Coho_Adult|Jack_AD|UM|UNK_Kept,PE,catch,total_catch,21.509,week
3DCA7252-D6C4-468B-A69E-5A97CA4F7E0C,District 11,Nisqually salmon 2022,1,2022-10-24,2022-10-30,43,weekday,Bank,Chinook|Coho_Adult|Jack_AD|UM|UNK_Kept,PE,catch,number_observations,3,week
3DCA7252-D6C4-468B-A69E-5A97CA4F7E0C,District 11,Nisqually salmon 2022,1,2022-10-24,2022-10-30,43,weekday,Bank,Chinook|Coho_Adult|Jack_AD|UM|UNK_Kept,PE,catch,daily_mean,0,week
3DCA7252-D6C4-468B-A69E-5A97CA4F7E0C,District 11,Nisqually salmon 2022,1,2022-10-24,2022-10-30,43,weekday,Bank,Chinook|Coho_Adult|Jack_AD|UM|UNK_Kept,PE,catch,daily_variance,0,week
3DCA7252-D6C4-468B-A69E-5A97CA4F7E0C,District 11,Nisqually salmon 2022,1,2022-10-24,2022-10-30,43,weekday,Bank,Chinook|Coho_Adult|Jack_AD|UM|UNK_Kept,PE,catch,days_open,4,week
3DCA7252-D6C4-468B-A69E-5A97CA4F7E0C,District 11,Nisqually salmon 2022,1,2022-10-24,2022-10-30,43,weekday,Bank,Chinook|Coho_Adult|Jack_AD|UM|UNK_Kept,PE,catch,degrees_freedom,39,week
3DCA7252-D6C4-468B-A69E-5A97CA4F7E0C,District 11,Nisqually salmon 2022,1,2022-10-24,2022-10-30,43,weekday,Bank,Chinook|Coho_Adult|Jack_AD|UM|UNK_Kept,PE,catch,total_catch,0,week
3DCA7252-D6C4-468B-A69E-5A97CA4F7E0C,District 11,Nisqually salmon 2022,1,2022-10-24,2022-10-30,43,weekend,Bank,Chinook|Coho_Adult|Jack_AD|UM|UNK_Kept,PE,catch,number_observations,1,week
3DCA7252-D6C4-468B-A69E-5A97CA4F7E0C,District 11,Nisqually salmon 2022,1,2022-10-24,2022-10-30,43,weekend,Bank,Chinook|Coho_Adult|Jack_AD|UM|UNK_Kept,PE,catch,daily_mean,0,week
3DCA7252-D6C4-468B-A69E-5A97CA4F7E0C,District 11,Nisqually salmon 2022,1,2022-10-24,2022-10-30,43,weekend,Bank,Chinook|Coho_Adult|Jack_AD|UM|UNK_Kept,PE,catch,daily_variance,0,week
3DCA7252-D6C4-468B-A69E-5A97CA4F7E0C,District 11,Nisqually salmon 2022,1,2022-10-24,2022-10-30,43,weekend,Bank,Chinook|Coho_Adult|Jack_AD|UM|UNK_Kept,PE,catch,days_open,1,week
3DCA7252-D6C4-468B-A69E-5A97CA4F7E0C,District 11,Nisqually salmon 2022,1,2022-10-24,2022-10-30,43,weekend,Bank,Chinook|Coho_Adult|Jack_AD|UM|UNK_Kept,PE,catch,degrees_freedom,39,week
3DCA7252-D6C4-468B-A69E-5A97CA4F7E0C,District 11,Nisqually salmon 2022,1,2022-10-24,2022-10-30,43,weekend,Bank,Chinook|Coho_Adult|Jack_AD|UM|UNK_Kept,PE,catch,total_catch,0,week
3DCA7252-D6C4-468B-A69E-5A97CA4F7E0C,District 11,Nisqually salmon 2022,1,2022-10-24,2022-10-30,43,weekend,Boat,Chinook|Coho_Adult|Jack_AD|UM|UNK_Kept,PE,catch,number_observations,1,week
3DCA7252-D6C4-468B-A69E-5A97CA4F7E0C,District 11,Nisqually salmon 2022,1,2022-10-24,2022-10-30,43,weekend,Boat,Chinook|Coho_Adult|Jack_AD|UM|UNK_Kept,PE,catch,daily_mean,28.493,week
3DCA7252-D6C4-468B-A69E-5A97CA4F7E0C,District 11,Nisqually salmon 2022,1,2022-10-24,2022-10-30,43,weekend,Boat,Chinook|Coho_Adult|Jack_AD|UM|UNK_Kept,PE,catch,daily_variance,0,week
3DCA7252-D6C4-468B-A69E-5A97CA4F7E0C,District 11,Nisqually salmon 2022,1,2022-10-24,2022-10-30,43,weekend,Boat,Chinook|Coho_Adult|Jack_AD|UM|UNK_Kept,PE,catch,days_open,1,week
3DCA7252-D6C4-468B-A69E-5A97CA4F7E0C,District 11,Nisqually salmon 2022,1,2022-10-24,2022-10-30,43,weekend,Boat,Chinook|Coho_Adult|Jack_AD|UM|UNK_Kept,PE,catch,degrees_freedom,39,week
3DCA7252-D6C4-468B-A69E-5A97CA4F7E0C,District 11,Nisqually salmon 2022,1,2022-10-24,2022-10-30,43,weekend,Boat,Chinook|Coho_Adult|Jack_AD|UM|UNK_Kept,PE,catch,total_catch,28.493,week
3DCA7252-D6C4-468B-A69E-5A97CA4F7E0C,District 11,Nisqually salmon 2022,1,2022-10-31,2022-11-06,44,weekday,Bank,Chinook|Coho_Adult|Jack_AD|UM|UNK_Kept,PE,catch,number_observations,2,week
3DCA7252-D6C4-468B-A69E-5A97CA4F7E0C,District 11,Nisqually salmon 2022,1,2022-10-31,2022-11-06,44,weekday,Bank,Chinook|Coho_Adult|Jack_AD|UM|UNK_Kept,PE,catch,daily_mean,0,week
3DCA7252-D6C4-468B-A69E-5A97CA4F7E0C,District 11,Nisqually salmon 2022,1,2022-10-31,2022-11-06,44,weekday,Bank,Chinook|Coho_Adult|Jack_AD|UM|UNK_Kept,PE,catch,daily_variance,0,week
3DCA7252-D6C4-468B-A69E-5A97CA4F7E0C,District 11,Nisqually salmon 2022,1,2022-10-31,2022-11-06,44,weekday,Bank,Chinook|Coho_Adult|Jack_AD|UM|UNK_Kept,PE,catch,days_open,4,week
3DCA7252-D6C4-468B-A69E-5A97CA4F7E0C,District 11,Nisqually salmon 2022,1,2022-10-31,2022-11-06,44,weekday,Bank,Chinook|Coho_Adult|Jack_AD|UM|UNK_Kept,PE,catch,degrees_freedom,39,week
3DCA7252-D6C4-468B-A69E-5A97CA4F7E0C,District 11,Nisqually salmon 2022,1,2022-10-31,2022-11-06,44,weekday,Bank,Chinook|Coho_Adult|Jack_AD|UM|UNK_Kept,PE,catch,total_catch,0,week
3DCA7252-D6C4-468B-A69E-5A97CA4F7E0C,District 11,Nisqually salmon 2022,1,2022-10-31,2022-11-06,44,weekend,Bank,Chinook|Coho_Adult|Jack_AD|UM|UNK_Kept,PE,catch,number_observations,1,week
3DCA7252-D6C4-468B-A69E-5A97CA4F7E0C,District 11,Nisqually salmon 2022,1,2022-10-31,2022-11-06,44,weekend,Bank,Chinook|Coho_Adult|Jack_AD|UM|UNK_Kept,PE,catch,daily_mean,0,week
3DCA7252-D6C4-468B-A69E-5A97CA4F7E0C,District 11,Nisqually salmon 2022,1,2022-10-31,2022-11-06,44,weekend,Bank,Chinook|Coho_Adult|Jack_AD|UM|UNK_Kept,PE,catch,daily_variance,0,week
3DCA7252-D6C4-468B-A69E-5A97CA4F7E0C,District 11,Nisqually salmon 2022,1,2022-10-31,2022-11-06,44,weekend,Bank,Chinook|Coho_Adult|Jack_AD|UM|UNK_Kept,PE,catch,days_open,1,week
3DCA7252-D6C4-468B-A69E-5A97CA4F7E0C,District 11,Nisqually salmon 2022,1,2022-10-31,2022-11-06,44,weekend,Bank,Chinook|Coho_Adult|Jack_AD|UM|UNK_Kept,PE,catch,degrees_freedom,39,week
3DCA7252-D6C4-468B-A69E-5A97CA4F7E0C,District 11,Nisqually salmon 2022,1,2022-10-31,2022-11-06,44,weekend,Bank,Chinook|Coho_Adult|Jack_AD|UM|UNK_Kept,PE,catch,total_catch,0,week
3DCA7252-D6C4-468B-A69E-5A97CA4F7E0C,District 11,Nisqually salmon 2022,1,2022-11-07,2022-11-13,45,weekday,Bank,Chinook|Coho_Adult|Jack_AD|UM|UNK_Kept,PE,catch,number_observations,1,week
3DCA7252-D6C4-468B-A69E-5A97CA4F7E0C,District 11,Nisqually salmon 2022,1,2022-11-07,2022-11-13,45,weekday,Bank,Chinook|Coho_Adult|Jack_AD|UM|UNK_Kept,PE,catch,daily_mean,0,week
3DCA7252-D6C4-468B-A69E-5A97CA4F7E0C,District 11,Nisqually salmon 2022,1,2022-11-07,2022-11-13,45,weekday,Bank,Chinook|Coho_Adult|Jack_AD|UM|UNK_Kept,PE,catch,daily_variance,0,week
3DCA7252-D6C4-468B-A69E-5A97CA4F7E0C,District 11,Nisqually salmon 2022,1,2022-11-07,2022-11-13,45,weekday,Bank,Chinook|Coho_Adult|Jack_AD|UM|UNK_Kept,PE,catch,days_open,3,week
3DCA7252-D6C4-468B-A69E-5A97CA4F7E0C,District 11,Nisqually salmon 2022,1,2022-11-07,2022-11-13,45,weekday,Bank,Chinook|Coho_Adult|Jack_AD|UM|UNK_Kept,PE,catch,degrees_freedom,39,week
3DCA7252-D6C4-468B-A69E-5A97CA4F7E0C,District 11,Nisqually salmon 2022,1,2022-11-07,2022-11-13,45,weekday,Bank,Chinook|Coho_Adult|Jack_AD|UM|UNK_Kept,PE,catch,total_catch,0,week
3DCA7252-D6C4-468B-A69E-5A97CA4F7E0C,District 11,Nisqually salmon 2022,1,2022-07-01,2022-07-03,26,weekday,Bank,NA,PE,effort,number_observations,1,week
3DCA7252-D6C4-468B-A69E-5A97CA4F7E0C,District 11,Nisqually salmon 2022,1,2022-07-01,2022-07-03,26,weekday,Bank,NA,PE,effort,daily_mean,71.00623197904207,week
3DCA7252-D6C4-468B-A69E-5A97CA4F7E0C,District 11,Nisqually salmon 2022,1,2022-07-01,2022-07-03,26,weekday,Bank,NA,PE,effort,daily_variance,0,week
3DCA7252-D6C4-468B-A69E-5A97CA4F7E0C,District 11,Nisqually salmon 2022,1,2022-07-01,2022-07-03,26,weekday,Bank,NA,PE,effort,days_open,1,week
3DCA7252-D6C4-468B-A69E-5A97CA4F7E0C,District 11,Nisqually salmon 2022,1,2022-07-01,2022-07-03,26,weekday,Bank,NA,PE,effort,degrees_freedom,39,week
3DCA7252-D6C4-468B-A69E-5A97CA4F7E0C,District 11,Nisqually salmon 2022,1,2022-07-01,2022-07-03,26,weekday,Bank,NA,PE,effort,total_effort,71.00623197904207,week
3DCA7252-D6C4-468B-A69E-5A97CA4F7E0C,District 11,Nisqually salmon 2022,1,2022-07-01,2022-07-03,26,weekday,Boat,NA,PE,effort,number_observations,1,week
3DCA7252-D6C4-468B-A69E-5A97CA4F7E0C,District 11,Nisqually salmon 2022,1,2022-07-01,2022-07-03,26,weekday,Boat,NA,PE,effort,daily_mean,0,week
3DCA7252-D6C4-468B-A69E-5A97CA4F7E0C,District 11,Nisqually salmon 2022,1,2022-07-01,2022-07-03,26,weekday,Boat,NA,PE,effort,daily_variance,0,week
3DCA7252-D6C4-468B-A69E-5A97CA4F7E0C,District 11,Nisqually salmon 2022,1,2022-07-01,2022-07-03,26,weekday,Boat,NA,PE,effort,days_open,1,week
3DCA7252-D6C4-468B-A69E-5A97CA4F7E0C,District 11,Nisqually salmon 2022,1,2022-07-01,2022-07-03,26,weekday,Boat,NA,PE,effort,degrees_freedom,39,week
3DCA7252-D6C4-468B-A69E-5A97CA4F7E0C,District 11,Nisqually salmon 2022,1,2022-07-01,2022-07-03,26,weekday,Boat,NA,PE,effort,total_effort,0,week
3DCA7252-D6C4-468B-A69E-5A97CA4F7E0C,District 11,Nisqually salmon 2022,1,2022-07-01,2022-07-03,26,weekend,Bank,NA,PE,effort,number_observations,0,week
3DCA7252-D6C4-468B-A69E-5A97CA4F7E0C,District 11,Nisqually salmon 2022,1,2022-07-01,2022-07-03,26,weekend,Bank,NA,PE,effort,daily_variance,0,week
3DCA7252-D6C4-468B-A69E-5A97CA4F7E0C,District 11,Nisqually salmon 2022,1,2022-07-01,2022-07-03,26,weekend,Bank,NA,PE,effort,days_open,2,week
3DCA7252-D6C4-468B-A69E-5A97CA4F7E0C,District 11,Nisqually salmon 2022,1,2022-07-01,2022-07-03,26,weekend,Bank,NA,PE,effort,degrees_freedom,39,week
3DCA7252-D6C4-468B-A69E-5A97CA4F7E0C,District 11,Nisqually salmon 2022,1,2022-07-01,2022-07-03,26,weekend,Boat,NA,PE,effort,number_observations,0,week
3DCA7252-D6C4-468B-A69E-5A97CA4F7E0C,District 11,Nisqually salmon 2022,1,2022-07-01,2022-07-03,26,weekend,Boat,NA,PE,effort,daily_variance,0,week
3DCA7252-D6C4-468B-A69E-5A97CA4F7E0C,District 11,Nisqually salmon 2022,1,2022-07-01,2022-07-03,26,weekend,Boat,NA,PE,effort,days_open,2,week
3DCA7252-D6C4-468B-A69E-5A97CA4F7E0C,District 11,Nisqually salmon 2022,1,2022-07-01,2022-07-03,26,weekend,Boat,NA,PE,effort,degrees_freedom,39,week
3DCA7252-D6C4-468B-A69E-5A97CA4F7E0C,District 11,Nisqually salmon 2022,1,2022-07-04,2022-07-10,27,weekday,Bank,NA,PE,effort,number_observations,3,week
3DCA7252-D6C4-468B-A69E-5A97CA4F7E0C,District 11,Nisqually salmon 2022,1,2022-07-04,2022-07-10,27,weekday,Bank,NA,PE,effort,daily_mean,45.738426289535994,week
3DCA7252-D6C4-468B-A69E-5A97CA4F7E0C,District 11,Nisqually salmon 2022,1,2022-07-04,2022-07-10,27,weekday,Bank,NA,PE,effort,daily_variance,985.5362368750237,week
3DCA7252-D6C4-468B-A69E-5A97CA4F7E0C,District 11,Nisqually salmon 2022,1,2022-07-04,2022-07-10,27,weekday,Bank,NA,PE,effort,days_open,4,week
3DCA7252-D6C4-468B-A69E-5A97CA4F7E0C,District 11,Nisqually salmon 2022,1,2022-07-04,2022-07-10,27,weekday,Bank,NA,PE,effort,degrees_freedom,39,week
3DCA7252-D6C4-468B-A69E-5A97CA4F7E0C,District 11,Nisqually salmon 2022,1,2022-07-04,2022-07-10,27,weekday,Bank,NA,PE,effort,total_effort,182.95370515814398,week
3DCA7252-D6C4-468B-A69E-5A97CA4F7E0C,District 11,Nisqually salmon 2022,1,2022-07-04,2022-07-10,27,weekday,Boat,NA,PE,effort,number_observations,3,week
3DCA7252-D6C4-468B-A69E-5A97CA4F7E0C,District 11,Nisqually salmon 2022,1,2022-07-04,2022-07-10,27,weekday,Boat,NA,PE,effort,daily_mean,0,week
3DCA7252-D6C4-468B-A69E-5A97CA4F7E0C,District 11,Nisqually salmon 2022,1,2022-07-04,2022-07-10,27,weekday,Boat,NA,PE,effort,daily_variance,0,week
3DCA7252-D6C4-468B-A69E-5A97CA4F7E0C,District 11,Nisqually salmon 2022,1,2022-07-04,2022-07-10,27,weekday,Boat,NA,PE,effort,days_open,4,week
3DCA7252-D6C4-468B-A69E-5A97CA4F7E0C,District 11,Nisqually salmon 2022,1,2022-07-04,2022-07-10,27,weekday,Boat,NA,PE,effort,degrees_freedom,39,week
3DCA7252-D6C4-468B-A69E-5A97CA4F7E0C,District 11,Nisqually salmon 2022,1,2022-07-04,2022-07-10,27,weekday,Boat,NA,PE,effort,total_effort,0,week
3DCA7252-D6C4-468B-A69E-5A97CA4F7E0C,District 11,Nisqually salmon 2022,1,2022-07-04,2022-07-10,27,weekend,Bank,NA,PE,effort,number_observations,1,week
3DCA7252-D6C4-468B-A69E-5A97CA4F7E0C,District 11,Nisqually salmon 2022,1,2022-07-04,2022-07-10,27,weekend,Bank,NA,PE,effort,daily_mean,21.97310621856883,week
3DCA7252-D6C4-468B-A69E-5A97CA4F7E0C,District 11,Nisqually salmon 2022,1,2022-07-04,2022-07-10,27,weekend,Bank,NA,PE,effort,daily_variance,0,week
3DCA7252-D6C4-468B-A69E-5A97CA4F7E0C,District 11,Nisqually salmon 2022,1,2022-07-04,2022-07-10,27,weekend,Bank,NA,PE,effort,days_open,3,week
3DCA7252-D6C4-468B-A69E-5A97CA4F7E0C,District 11,Nisqually salmon 2022,1,2022-07-04,2022-07-10,27,weekend,Bank,NA,PE,effort,degrees_freedom,39,week
3DCA7252-D6C4-468B-A69E-5A97CA4F7E0C,District 11,Nisqually salmon 2022,1,2022-07-04,2022-07-10,27,weekend,Bank,NA,PE,effort,total_effort,65.91931865570649,week
3DCA7252-D6C4-468B-A69E-5A97CA4F7E0C,District 11,Nisqually salmon 2022,1,2022-07-04,2022-07-10,27,weekend,Boat,NA,PE,effort,number_observations,1,week
3DCA7252-D6C4-468B-A69E-5A97CA4F7E0C,District 11,Nisqually salmon 2022,1,2022-07-04,2022-07-10,27,weekend,Boat,NA,PE,effort,daily_mean,30.899166666666666,week
3DCA7252-D6C4-468B-A69E-5A97CA4F7E0C,District 11,Nisqually salmon 2022,1,2022-07-04,2022-07-10,27,weekend,Boat,NA,PE,effort,daily_variance,0,week
3DCA7252-D6C4-468B-A69E-5A97CA4F7E0C,District 11,Nisqually salmon 2022,1,2022-07-04,2022-07-10,27,weekend,Boat,NA,PE,effort,days_open,3,week
3DCA7252-D6C4-468B-A69E-5A97CA4F7E0C,District 11,Nisqually salmon 2022,1,2022-07-04,2022-07-10,27,weekend,Boat,NA,PE,effort,degrees_freedom,39,week
3DCA7252-D6C4-468B-A69E-5A97CA4F7E0C,District 11,Nisqually salmon 2022,1,2022-07-04,2022-07-10,27,weekend,Boat,NA,PE,effort,total_effort,92.69749999999999,week
3DCA7252-D6C4-468B-A69E-5A97CA4F7E0C,District 11,Nisqually salmon 2022,1,2022-07-11,2022-07-17,28,weekday,Bank,NA,PE,effort,number_observations,3,week
3DCA7252-D6C4-468B-A69E-5A97CA4F7E0C,District 11,Nisqually salmon 2022,1,2022-07-11,2022-07-17,28,weekday,Bank,NA,PE,effort,daily_mean,47.905382119699325,week
3DCA7252-D6C4-468B-A69E-5A97CA4F7E0C,District 11,Nisqually salmon 2022,1,2022-07-11,2022-07-17,28,weekday,Bank,NA,PE,effort,daily_variance,842.7806520312449,week
3DCA7252-D6C4-468B-A69E-5A97CA4F7E0C,District 11,Nisqually salmon 2022,1,2022-07-11,2022-07-17,28,weekday,Bank,NA,PE,effort,days_open,5,week
3DCA7252-D6C4-468B-A69E-5A97CA4F7E0C,District 11,Nisqually salmon 2022,1,2022-07-11,2022-07-17,28,weekday,Bank,NA,PE,effort,degrees_freedom,39,week
3DCA7252-D6C4-468B-A69E-5A97CA4F7E0C,District 11,Nisqually salmon 2022,1,2022-07-11,2022-07-17,28,weekday,Bank,NA,PE,effort,total_effort,239.5269105984966,week
3DCA7252-D6C4-468B-A69E-5A97CA4F7E0C,District 11,Nisqually salmon 2022,1,2022-07-11,2022-07-17,28,weekday,Boat,NA,PE,effort,number_observations,3,week
3DCA7252-D6C4-468B-A69E-5A97CA4F7E0C,District 11,Nisqually salmon 2022,1,2022-07-11,2022-07-17,28,weekday,Boat,NA,PE,effort,daily_mean,0,week
3DCA7252-D6C4-468B-A69E-5A97CA4F7E0C,District 11,Nisqually salmon 2022,1,2022-07-11,2022-07-17,28,weekday,Boat,NA,PE,effort,daily_variance,0,week
3DCA7252-D6C4-468B-A69E-5A97CA4F7E0C,District 11,Nisqually salmon 2022,1,2022-07-11,2022-07-17,28,weekday,Boat,NA,PE,effort,days_open,5,week
3DCA7252-D6C4-468B-A69E-5A97CA4F7E0C,District 11,Nisqually salmon 2022,1,2022-07-11,2022-07-17,28,weekday,Boat,NA,PE,effort,degrees_freedom,39,week
3DCA7252-D6C4-468B-A69E-5A97CA4F7E0C,District 11,Nisqually salmon 2022,1,2022-07-11,2022-07-17,28,weekday,Boat,NA,PE,effort,total_effort,0,week
3DCA7252-D6C4-468B-A69E-5A97CA4F7E0C,District 11,Nisqually salmon 2022,1,2022-07-11,2022-07-17,28,weekend,Bank,NA,PE,effort,number_observations,2,week
3DCA7252-D6C4-468B-A69E-5A97CA4F7E0C,District 11,Nisqually salmon 2022,1,2022-07-11,2022-07-17,28,weekend,Bank,NA,PE,effort,daily_mean,117.58985528397692,week
3DCA7252-D6C4-468B-A69E-5A97CA4F7E0C,District 11,Nisqually salmon 2022,1,2022-07-11,2022-07-17,28,weekend,Bank,NA,PE,effort,daily_variance,9.617273360969998,week
3DCA7252-D6C4-468B-A69E-5A97CA4F7E0C,District 11,Nisqually salmon 2022,1,2022-07-11,2022-07-17,28,weekend,Bank,NA,PE,effort,days_open,2,week
3DCA7252-D6C4-468B-A69E-5A97CA4F7E0C,District 11,Nisqually salmon 2022,1,2022-07-11,2022-07-17,28,weekend,Bank,NA,PE,effort,degrees_freedom,39,week
3DCA7252-D6C4-468B-A69E-5A97CA4F7E0C,District 11,Nisqually salmon 2022,1,2022-07-11,2022-07-17,28,weekend,Bank,NA,PE,effort,total_effort,235.17971056795383,week
3DCA7252-D6C4-468B-A69E-5A97CA4F7E0C,District 11,Nisqually salmon 2022,1,2022-07-11,2022-07-17,28,weekend,Boat,NA,PE,effort,number_observations,2,week
3DCA7252-D6C4-468B-A69E-5A97CA4F7E0C,District 11,Nisqually salmon 2022,1,2022-07-11,2022-07-17,28,weekend,Boat,NA,PE,effort,daily_mean,7.6528472222222215,week
3DCA7252-D6C4-468B-A69E-5A97CA4F7E0C,District 11,Nisqually salmon 2022,1,2022-07-11,2022-07-17,28,weekend,Boat,NA,PE,effort,daily_variance,117.13214121334875,week
3DCA7252-D6C4-468B-A69E-5A97CA4F7E0C,District 11,Nisqually salmon 2022,1,2022-07-11,2022-07-17,28,weekend,Boat,NA,PE,effort,days_open,2,week
3DCA7252-D6C4-468B-A69E-5A97CA4F7E0C,District 11,Nisqually salmon 2022,1,2022-07-11,2022-07-17,28,weekend,Boat,NA,PE,effort,degrees_freedom,39,week
3DCA7252-D6C4-468B-A69E-5A97CA4F7E0C,District 11,Nisqually salmon 2022,1,2022-07-11,2022-07-17,28,weekend,Boat,NA,PE,effort,total_effort,15.305694444444443,week
3DCA7252-D6C4-468B-A69E-5A97CA4F7E0C,District 11,Nisqually salmon 2022,1,2022-07-18,2022-07-24,29,weekday,Bank,NA,PE,effort,number_observations,3,week
3DCA7252-D6C4-468B-A69E-5A97CA4F7E0C,District 11,Nisqually salmon 2022,1,2022-07-18,2022-07-24,29,weekday,Bank,NA,PE,effort,daily_mean,48.646414708758186,week
3DCA7252-D6C4-468B-A69E-5A97CA4F7E0C,District 11,Nisqually salmon 2022,1,2022-07-18,2022-07-24,29,weekday,Bank,NA,PE,effort,daily_variance,501.2209713497352,week
3DCA7252-D6C4-468B-A69E-5A97CA4F7E0C,District 11,Nisqually salmon 2022,1,2022-07-18,2022-07-24,29,weekday,Bank,NA,PE,effort,days_open,5,week
3DCA7252-D6C4-468B-A69E-5A97CA4F7E0C,District 11,Nisqually salmon 2022,1,2022-07-18,2022-07-24,29,weekday,Bank,NA,PE,effort,degrees_freedom,39,week
3DCA7252-D6C4-468B-A69E-5A97CA4F7E0C,District 11,Nisqually salmon 2022,1,2022-07-18,2022-07-24,29,weekday,Bank,NA,PE,effort,total_effort,243.23207354379093,week
3DCA7252-D6C4-468B-A69E-5A97CA4F7E0C,District 11,Nisqually salmon 2022,1,2022-07-18,2022-07-24,29,weekday,Boat,NA,PE,effort,number_observations,3,week
3DCA7252-D6C4-468B-A69E-5A97CA4F7E0C,District 11,Nisqually salmon 2022,1,2022-07-18,2022-07-24,29,weekday,Boat,NA,PE,effort,daily_mean,0,week
3DCA7252-D6C4-468B-A69E-5A97CA4F7E0C,District 11,Nisqually salmon 2022,1,2022-07-18,2022-07-24,29,weekday,Boat,NA,PE,effort,daily_variance,0,week
3DCA7252-D6C4-468B-A69E-5A97CA4F7E0C,District 11,Nisqually salmon 2022,1,2022-07-18,2022-07-24,29,weekday,Boat,NA,PE,effort,days_open,5,week
3DCA7252-D6C4-468B-A69E-5A97CA4F7E0C,District 11,Nisqually salmon 2022,1,2022-07-18,2022-07-24,29,weekday,Boat,NA,PE,effort,degrees_freedom,39,week
3DCA7252-D6C4-468B-A69E-5A97CA4F7E0C,District 11,Nisqually salmon 2022,1,2022-07-18,2022-07-24,29,weekday,Boat,NA,PE,effort,total_effort,0,week
3DCA7252-D6C4-468B-A69E-5A97CA4F7E0C,District 11,Nisqually salmon 2022,1,2022-07-18,2022-07-24,29,weekend,Bank,NA,PE,effort,number_observations,2,week
3DCA7252-D6C4-468B-A69E-5A97CA4F7E0C,District 11,Nisqually salmon 2022,1,2022-07-18,2022-07-24,29,weekend,Bank,NA,PE,effort,daily_mean,187.27767208658346,week
3DCA7252-D6C4-468B-A69E-5A97CA4F7E0C,District 11,Nisqually salmon 2022,1,2022-07-18,2022-07-24,29,weekend,Bank,NA,PE,effort,daily_variance,1065.4432133715723,week
3DCA7252-D6C4-468B-A69E-5A97CA4F7E0C,District 11,Nisqually salmon 2022,1,2022-07-18,2022-07-24,29,weekend,Bank,NA,PE,effort,days_open,2,week
3DCA7252-D6C4-468B-A69E-5A97CA4F7E0C,District 11,Nisqually salmon 2022,1,2022-07-18,2022-07-24,29,weekend,Bank,NA,PE,effort,degrees_freedom,39,week
3DCA7252-D6C4-468B-A69E-5A97CA4F7E0C,District 11,Nisqually salmon 2022,1,2022-07-18,2022-07-24,29,weekend,Bank,NA,PE,effort,total_effort,374.55534417316693,week
3DCA7252-D6C4-468B-A69E-5A97CA4F7E0C,District 11,Nisqually salmon 2022,1,2022-07-18,2022-07-24,29,weekend,Boat,NA,PE,effort,number_observations,2,week
3DCA7252-D6C4-468B-A69E-5A97CA4F7E0C,District 11,Nisqually salmon 2022,1,2022-07-18,2022-07-24,29,weekend,Boat,NA,PE,effort,daily_mean,5.022094907407407,week
3DCA7252-D6C4-468B-A69E-5A97CA4F7E0C,District 11,Nisqually salmon 2022,1,2022-07-18,2022-07-24,29,weekend,Boat,NA,PE,effort,daily_variance,50.442874518014825,week
3DCA7252-D6C4-468B-A69E-5A97CA4F7E0C,District 11,Nisqually salmon 2022,1,2022-07-18,2022-07-24,29,weekend,Boat,NA,PE,effort,days_open,2,week
3DCA7252-D6C4-468B-A69E-5A97CA4F7E0C,District 11,Nisqually salmon 2022,1,2022-07-18,2022-07-24,29,weekend,Boat,NA,PE,effort,degrees_freedom,39,week
3DCA7252-D6C4-468B-A69E-5A97CA4F7E0C,District 11,Nisqually salmon 2022,1,2022-07-18,2022-07-24,29,weekend,Boat,NA,PE,effort,total_effort,10.044189814814814,week
3DCA7252-D6C4-468B-A69E-5A97CA4F7E0C,District 11,Nisqually salmon 2022,1,2022-07-25,2022-07-31,30,weekday,Bank,NA,PE,effort,number_observations,3,week
3DCA7252-D6C4-468B-A69E-5A97CA4F7E0C,District 11,Nisqually salmon 2022,1,2022-07-25,2022-07-31,30,weekday,Bank,NA,PE,effort,daily_mean,122.71380550702523,week
3DCA7252-D6C4-468B-A69E-5A97CA4F7E0C,District 11,Nisqually salmon 2022,1,2022-07-25,2022-07-31,30,weekday,Bank,NA,PE,effort,daily_variance,2386.238869556115,week
3DCA7252-D6C4-468B-A69E-5A97CA4F7E0C,District 11,Nisqually salmon 2022,1,2022-07-25,2022-07-31,30,weekday,Bank,NA,PE,effort,days_open,5,week
3DCA7252-D6C4-468B-A69E-5A97CA4F7E0C,District 11,Nisqually salmon 2022,1,2022-07-25,2022-07-31,30,weekday,Bank,NA,PE,effort,degrees_freedom,39,week
3DCA7252-D6C4-468B-A69E-5A97CA4F7E0C,District 11,Nisqually salmon 2022,1,2022-07-25,2022-07-31,30,weekday,Bank,NA,PE,effort,total_effort,613.5690275351261,week
3DCA7252-D6C4-468B-A69E-5A97CA4F7E0C,District 11,Nisqually salmon 2022,1,2022-07-25,2022-07-31,30,weekday,Boat,NA,PE,effort,number_observations,3,week
3DCA7252-D6C4-468B-A69E-5A97CA4F7E0C,District 11,Nisqually salmon 2022,1,2022-07-25,2022-07-31,30,weekday,Boat,NA,PE,effort,daily_mean,2.48224537037037,week
3DCA7252-D6C4-468B-A69E-5A97CA4F7E0C,District 11,Nisqually salmon 2022,1,2022-07-25,2022-07-31,30,weekday,Boat,NA,PE,effort,daily_variance,18.484626236175412,week
3DCA7252-D6C4-468B-A69E-5A97CA4F7E0C,District 11,Nisqually salmon 2022,1,2022-07-25,2022-07-31,30,weekday,Boat,NA,PE,effort,days_open,5,week
3DCA7252-D6C4-468B-A69E-5A97CA4F7E0C,District 11,Nisqually salmon 2022,1,2022-07-25,2022-07-31,30,weekday,Boat,NA,PE,effort,degrees_freedom,39,week
3DCA7252-D6C4-468B-A69E-5A97CA4F7E0C,District 11,Nisqually salmon 2022,1,2022-07-25,2022-07-31,30,weekday,Boat,NA,PE,effort,total_effort,12.41122685185185,week
3DCA7252-D6C4-468B-A69E-5A97CA4F7E0C,District 11,Nisqually salmon 2022,1,2022-07-25,2022-07-31,30,weekend,Bank,NA,PE,effort,number_observations,2,week
3DCA7252-D6C4-468B-A69E-5A97CA4F7E0C,District 11,Nisqually salmon 2022,1,2022-07-25,2022-07-31,30,weekend,Bank,NA,PE,effort,daily_mean,234.63147902397367,week
3DCA7252-D6C4-468B-A69E-5A97CA4F7E0C,District 11,Nisqually salmon 2022,1,2022-07-25,2022-07-31,30,weekend,Bank,NA,PE,effort,daily_variance,1367.887722954261,week
3DCA7252-D6C4-468B-A69E-5A97CA4F7E0C,District 11,Nisqually salmon 2022,1,2022-07-25,2022-07-31,30,weekend,Bank,NA,PE,effort,days_open,2,week
3DCA7252-D6C4-468B-A69E-5A97CA4F7E0C,District 11,Nisqually salmon 2022,1,2022-07-25,2022-07-31,30,weekend,Bank,NA,PE,effort,degrees_freedom,39,week
3DCA7252-D6C4-468B-A69E-5A97CA4F7E0C,District 11,Nisqually salmon 2022,1,2022-07-25,2022-07-31,30,weekend,Bank,NA,PE,effort,total_effort,469.26295804794734,week
3DCA7252-D6C4-468B-A69E-5A97CA4F7E0C,District 11,Nisqually salmon 2022,1,2022-07-25,2022-07-31,30,weekend,Boat,NA,PE,effort,number_observations,2,week
3DCA7252-D6C4-468B-A69E-5A97CA4F7E0C,District 11,Nisqually salmon 2022,1,2022-07-25,2022-07-31,30,weekend,Boat,NA,PE,effort,daily_mean,18.534322916666667,week
3DCA7252-D6C4-468B-A69E-5A97CA4F7E0C,District 11,Nisqually salmon 2022,1,2022-07-25,2022-07-31,30,weekend,Boat,NA,PE,effort,daily_variance,246.67829681773244,week
3DCA7252-D6C4-468B-A69E-5A97CA4F7E0C,District 11,Nisqually salmon 2022,1,2022-07-25,2022-07-31,30,weekend,Boat,NA,PE,effort,days_open,2,week
3DCA7252-D6C4-468B-A69E-5A97CA4F7E0C,District 11,Nisqually salmon 2022,1,2022-07-25,2022-07-31,30,weekend,Boat,NA,PE,effort,degrees_freedom,39,week
3DCA7252-D6C4-468B-A69E-5A97CA4F7E0C,District 11,Nisqually salmon 2022,1,2022-07-25,2022-07-31,30,weekend,Boat,NA,PE,effort,total_effort,37.068645833333335,week
3DCA7252-D6C4-468B-A69E-5A97CA4F7E0C,District 11,Nisqually salmon 2022,1,2022-08-01,2022-08-07,31,weekday,Bank,NA,PE,effort,number_observations,3,week
3DCA7252-D6C4-468B-A69E-5A97CA4F7E0C,District 11,Nisqually salmon 2022,1,2022-08-01,2022-08-07,31,weekday,Bank,NA,PE,effort,daily_mean,270.70142108319567,week
3DCA7252-D6C4-468B-A69E-5A97CA4F7E0C,District 11,Nisqually salmon 2022,1,2022-08-01,2022-08-07,31,weekday,Bank,NA,PE,effort,daily_variance,1391.1903240596484,week
3DCA7252-D6C4-468B-A69E-5A97CA4F7E0C,District 11,Nisqually salmon 2022,1,2022-08-01,2022-08-07,31,weekday,Bank,NA,PE,effort,days_open,5,week
3DCA7252-D6C4-468B-A69E-5A97CA4F7E0C,District 11,Nisqually salmon 2022,1,2022-08-01,2022-08-07,31,weekday,Bank,NA,PE,effort,degrees_freedom,39,week
3DCA7252-D6C4-468B-A69E-5A97CA4F7E0C,District 11,Nisqually salmon 2022,1,2022-08-01,2022-08-07,31,weekday,Bank,NA,PE,effort,total_effort,1353.5071054159785,week
3DCA7252-D6C4-468B-A69E-5A97CA4F7E0C,District 11,Nisqually salmon 2022,1,2022-08-01,2022-08-07,31,weekday,Boat,NA,PE,effort,number_observations,3,week
3DCA7252-D6C4-468B-A69E-5A97CA4F7E0C,District 11,Nisqually salmon 2022,1,2022-08-01,2022-08-07,31,weekday,Boat,NA,PE,effort,daily_mean,15.47276813271605,week
3DCA7252-D6C4-468B-A69E-5A97CA4F7E0C,District 11,Nisqually salmon 2022,1,2022-08-01,2022-08-07,31,weekday,Boat,NA,PE,effort,daily_variance,360.6619472936337,week
3DCA7252-D6C4-468B-A69E-5A97CA4F7E0C,District 11,Nisqually salmon 2022,1,2022-08-01,2022-08-07,31,weekday,Boat,NA,PE,effort,days_open,5,week
3DCA7252-D6C4-468B-A69E-5A97CA4F7E0C,District 11,Nisqually salmon 2022,1,2022-08-01,2022-08-07,31,weekday,Boat,NA,PE,effort,degrees_freedom,39,week
3DCA7252-D6C4-468B-A69E-5A97CA4F7E0C,District 11,Nisqually salmon 2022,1,2022-08-01,2022-08-07,31,weekday,Boat,NA,PE,effort,total_effort,77.36384066358025,week
3DCA7252-D6C4-468B-A69E-5A97CA4F7E0C,District 11,Nisqually salmon 2022,1,2022-08-01,2022-08-07,31,weekend,Bank,NA,PE,effort,number_observations,1,week
3DCA7252-D6C4-468B-A69E-5A97CA4F7E0C,District 11,Nisqually salmon 2022,1,2022-08-01,2022-08-07,31,weekend,Bank,NA,PE,effort,daily_mean,364.64003514611426,week
3DCA7252-D6C4-468B-A69E-5A97CA4F7E0C,District 11,Nisqually salmon 2022,1,2022-08-01,2022-08-07,31,weekend,Bank,NA,PE,effort,daily_variance,0,week
3DCA7252-D6C4-468B-A69E-5A97CA4F7E0C,District 11,Nisqually salmon 2022,1,2022-08-01,2022-08-07,31,weekend,Bank,NA,PE,effort,days_open,1,week
3DCA7252-D6C4-468B-A69E-5A97CA4F7E0C,District 11,Nisqually salmon 2022,1,2022-08-01,2022-08-07,31,weekend,Bank,NA,PE,effort,degrees_freedom,39,week
3DCA7252-D6C4-468B-A69E-5A97CA4F7E0C,District 11,Nisqually salmon 2022,1,2022-08-01,2022-08-07,31,weekend,Bank,NA,PE,effort,total_effort,364.64003514611426,week
3DCA7252-D6C4-468B-A69E-5A97CA4F7E0C,District 11,Nisqually salmon 2022,1,2022-08-01,2022-08-07,31,weekend,Boat,NA,PE,effort,number_observations,1,week
3DCA7252-D6C4-468B-A69E-5A97CA4F7E0C,District 11,Nisqually salmon 2022,1,2022-08-01,2022-08-07,31,weekend,Boat,NA,PE,effort,daily_mean,51.05527777777777,week
3DCA7252-D6C4-468B-A69E-5A97CA4F7E0C,District 11,Nisqually salmon 2022,1,2022-08-01,2022-08-07,31,weekend,Boat,NA,PE,effort,daily_variance,0,week
3DCA7252-D6C4-468B-A69E-5A97CA4F7E0C,District 11,Nisqually salmon 2022,1,2022-08-01,2022-08-07,31,weekend,Boat,NA,PE,effort,days_open,1,week
3DCA7252-D6C4-468B-A69E-5A97CA4F7E0C,District 11,Nisqually salmon 2022,1,2022-08-01,2022-08-07,31,weekend,Boat,NA,PE,effort,degrees_freedom,39,week
3DCA7252-D6C4-468B-A69E-5A97CA4F7E0C,District 11,Nisqually salmon 2022,1,2022-08-01,2022-08-07,31,weekend,Boat,NA,PE,effort,total_effort,51.05527777777777,week
3DCA7252-D6C4-468B-A69E-5A97CA4F7E0C,District 11,Nisqually salmon 2022,1,2022-08-08,2022-08-14,32,weekday,Bank,NA,PE,effort,number_observations,3,week
3DCA7252-D6C4-468B-A69E-5A97CA4F7E0C,District 11,Nisqually salmon 2022,1,2022-08-08,2022-08-14,32,weekday,Bank,NA,PE,effort,daily_mean,548.5747167601166,week
3DCA7252-D6C4-468B-A69E-5A97CA4F7E0C,District 11,Nisqually salmon 2022,1,2022-08-08,2022-08-14,32,weekday,Bank,NA,PE,effort,daily_variance,2139.641387820254,week
3DCA7252-D6C4-468B-A69E-5A97CA4F7E0C,District 11,Nisqually salmon 2022,1,2022-08-08,2022-08-14,32,weekday,Bank,NA,PE,effort,days_open,3,week
3DCA7252-D6C4-468B-A69E-5A97CA4F7E0C,District 11,Nisqually salmon 2022,1,2022-08-08,2022-08-14,32,weekday,Bank,NA,PE,effort,degrees_freedom,39,week
3DCA7252-D6C4-468B-A69E-5A97CA4F7E0C,District 11,Nisqually salmon 2022,1,2022-08-08,2022-08-14,32,weekday,Bank,NA,PE,effort,total_effort,1645.72415028035,week
3DCA7252-D6C4-468B-A69E-5A97CA4F7E0C,District 11,Nisqually salmon 2022,1,2022-08-08,2022-08-14,32,weekday,Boat,NA,PE,effort,number_observations,3,week
3DCA7252-D6C4-468B-A69E-5A97CA4F7E0C,District 11,Nisqually salmon 2022,1,2022-08-08,2022-08-14,32,weekday,Boat,NA,PE,effort,daily_mean,26.37124421296296,week
3DCA7252-D6C4-468B-A69E-5A97CA4F7E0C,District 11,Nisqually salmon 2022,1,2022-08-08,2022-08-14,32,weekday,Boat,NA,PE,effort,daily_variance,17.746433872351634,week
3DCA7252-D6C4-468B-A69E-5A97CA4F7E0C,District 11,Nisqually salmon 2022,1,2022-08-08,2022-08-14,32,weekday,Boat,NA,PE,effort,days_open,3,week
3DCA7252-D6C4-468B-A69E-5A97CA4F7E0C,District 11,Nisqually salmon 2022,1,2022-08-08,2022-08-14,32,weekday,Boat,NA,PE,effort,degrees_freedom,39,week
3DCA7252-D6C4-468B-A69E-5A97CA4F7E0C,District 11,Nisqually salmon 2022,1,2022-08-08,2022-08-14,32,weekday,Boat,NA,PE,effort,total_effort,79.11373263888888,week
3DCA7252-D6C4-468B-A69E-5A97CA4F7E0C,District 11,Nisqually salmon 2022,1,2022-08-08,2022-08-14,32,weekend,Bank,NA,PE,effort,number_observations,1,week
3DCA7252-D6C4-468B-A69E-5A97CA4F7E0C,District 11,Nisqually salmon 2022,1,2022-08-08,2022-08-14,32,weekend,Bank,NA,PE,effort,daily_mean,794.7962610719806,week
3DCA7252-D6C4-468B-A69E-5A97CA4F7E0C,District 11,Nisqually salmon 2022,1,2022-08-08,2022-08-14,32,weekend,Bank,NA,PE,effort,daily_variance,0,week
3DCA7252-D6C4-468B-A69E-5A97CA4F7E0C,District 11,Nisqually salmon 2022,1,2022-08-08,2022-08-14,32,weekend,Bank,NA,PE,effort,days_open,1,week
3DCA7252-D6C4-468B-A69E-5A97CA4F7E0C,District 11,Nisqually salmon 2022,1,2022-08-08,2022-08-14,32,weekend,Bank,NA,PE,effort,degrees_freedom,39,week
3DCA7252-D6C4-468B-A69E-5A97CA4F7E0C,District 11,Nisqually salmon 2022,1,2022-08-08,2022-08-14,32,weekend,Bank,NA,PE,effort,total_effort,794.7962610719806,week
3DCA7252-D6C4-468B-A69E-5A97CA4F7E0C,District 11,Nisqually salmon 2022,1,2022-08-08,2022-08-14,32,weekend,Boat,NA,PE,effort,number_observations,1,week
3DCA7252-D6C4-468B-A69E-5A97CA4F7E0C,District 11,Nisqually salmon 2022,1,2022-08-08,2022-08-14,32,weekend,Boat,NA,PE,effort,daily_mean,50.033593749999994,week
3DCA7252-D6C4-468B-A69E-5A97CA4F7E0C,District 11,Nisqually salmon 2022,1,2022-08-08,2022-08-14,32,weekend,Boat,NA,PE,effort,daily_variance,0,week
3DCA7252-D6C4-468B-A69E-5A97CA4F7E0C,District 11,Nisqually salmon 2022,1,2022-08-08,2022-08-14,32,weekend,Boat,NA,PE,effort,days_open,1,week
3DCA7252-D6C4-468B-A69E-5A97CA4F7E0C,District 11,Nisqually salmon 2022,1,2022-08-08,2022-08-14,32,weekend,Boat,NA,PE,effort,degrees_freedom,39,week
3DCA7252-D6C4-468B-A69E-5A97CA4F7E0C,District 11,Nisqually salmon 2022,1,2022-08-08,2022-08-14,32,weekend,Boat,NA,PE,effort,total_effort,50.033593749999994,week
3DCA7252-D6C4-468B-A69E-5A97CA4F7E0C,District 11,Nisqually salmon 2022,1,2022-08-15,2022-08-21,33,weekday,Bank,NA,PE,effort,number_observations,3,week
3DCA7252-D6C4-468B-A69E-5A97CA4F7E0C,District 11,Nisqually salmon 2022,1,2022-08-15,2022-08-21,33,weekday,Bank,NA,PE,effort,daily_mean,677.3081390152569,week
3DCA7252-D6C4-468B-A69E-5A97CA4F7E0C,District 11,Nisqually salmon 2022,1,2022-08-15,2022-08-21,33,weekday,Bank,NA,PE,effort,daily_variance,4885.4595673601525,week
3DCA7252-D6C4-468B-A69E-5A97CA4F7E0C,District 11,Nisqually salmon 2022,1,2022-08-15,2022-08-21,33,weekday,Bank,NA,PE,effort,days_open,3,week
3DCA7252-D6C4-468B-A69E-5A97CA4F7E0C,District 11,Nisqually salmon 2022,1,2022-08-15,2022-08-21,33,weekday,Bank,NA,PE,effort,degrees_freedom,39,week
3DCA7252-D6C4-468B-A69E-5A97CA4F7E0C,District 11,Nisqually salmon 2022,1,2022-08-15,2022-08-21,33,weekday,Bank,NA,PE,effort,total_effort,2031.9244170457705,week
3DCA7252-D6C4-468B-A69E-5A97CA4F7E0C,District 11,Nisqually salmon 2022,1,2022-08-15,2022-08-21,33,weekday,Boat,NA,PE,effort,number_observations,3,week
3DCA7252-D6C4-468B-A69E-5A97CA4F7E0C,District 11,Nisqually salmon 2022,1,2022-08-15,2022-08-21,33,weekday,Boat,NA,PE,effort,daily_mean,36.53975694444444,week
3DCA7252-D6C4-468B-A69E-5A97CA4F7E0C,District 11,Nisqually salmon 2022,1,2022-08-15,2022-08-21,33,weekday,Boat,NA,PE,effort,daily_variance,792.5472462709779,week
3DCA7252-D6C4-468B-A69E-5A97CA4F7E0C,District 11,Nisqually salmon 2022,1,2022-08-15,2022-08-21,33,weekday,Boat,NA,PE,effort,days_open,3,week
3DCA7252-D6C4-468B-A69E-5A97CA4F7E0C,District 11,Nisqually salmon 2022,1,2022-08-15,2022-08-21,33,weekday,Boat,NA,PE,effort,degrees_freedom,39,week
3DCA7252-D6C4-468B-A69E-5A97CA4F7E0C,District 11,Nisqually salmon 2022,1,2022-08-15,2022-08-21,33,weekday,Boat,NA,PE,effort,total_effort,109.61927083333333,week
3DCA7252-D6C4-468B-A69E-5A97CA4F7E0C,District 11,Nisqually salmon 2022,1,2022-08-15,2022-08-21,33,weekend,Bank,NA,PE,effort,number_observations,1,week
3DCA7252-D6C4-468B-A69E-5A97CA4F7E0C,District 11,Nisqually salmon 2022,1,2022-08-15,2022-08-21,33,weekend,Bank,NA,PE,effort,daily_mean,1121.766204566649,week
3DCA7252-D6C4-468B-A69E-5A97CA4F7E0C,District 11,Nisqually salmon 2022,1,2022-08-15,2022-08-21,33,weekend,Bank,NA,PE,effort,daily_variance,0,week
3DCA7252-D6C4-468B-A69E-5A97CA4F7E0C,District 11,Nisqually salmon 2022,1,2022-08-15,2022-08-21,33,weekend,Bank,NA,PE,effort,days_open,1,week
3DCA7252-D6C4-468B-A69E-5A97CA4F7E0C,District 11,Nisqually salmon 2022,1,2022-08-15,2022-08-21,33,weekend,Bank,NA,PE,effort,degrees_freedom,39,week
3DCA7252-D6C4-468B-A69E-5A97CA4F7E0C,District 11,Nisqually salmon 2022,1,2022-08-15,2022-08-21,33,weekend,Bank,NA,PE,effort,total_effort,1121.766204566649,week
3DCA7252-D6C4-468B-A69E-5A97CA4F7E0C,District 11,Nisqually salmon 2022,1,2022-08-15,2022-08-21,33,weekend,Boat,NA,PE,effort,number_observations,1,week
3DCA7252-D6C4-468B-A69E-5A97CA4F7E0C,District 11,Nisqually salmon 2022,1,2022-08-15,2022-08-21,33,weekend,Boat,NA,PE,effort,daily_mean,139.87118055555555,week
3DCA7252-D6C4-468B-A69E-5A97CA4F7E0C,District 11,Nisqually salmon 2022,1,2022-08-15,2022-08-21,33,weekend,Boat,NA,PE,effort,daily_variance,0,week
3DCA7252-D6C4-468B-A69E-5A97CA4F7E0C,District 11,Nisqually salmon 2022,1,2022-08-15,2022-08-21,33,weekend,Boat,NA,PE,effort,days_open,1,week
3DCA7252-D6C4-468B-A69E-5A97CA4F7E0C,District 11,Nisqually salmon 2022,1,2022-08-15,2022-08-21,33,weekend,Boat,NA,PE,effort,degrees_freedom,39,week
3DCA7252-D6C4-468B-A69E-5A97CA4F7E0C,District 11,Nisqually salmon 2022,1,2022-08-15,2022-08-21,33,weekend,Boat,NA,PE,effort,total_effort,139.87118055555555,week
3DCA7252-D6C4-468B-A69E-5A97CA4F7E0C,District 11,Nisqually salmon 2022,1,2022-08-22,2022-08-28,34,weekday,Bank,NA,PE,effort,number_observations,2,week
3DCA7252-D6C4-468B-A69E-5A97CA4F7E0C,District 11,Nisqually salmon 2022,1,2022-08-22,2022-08-28,34,weekday,Bank,NA,PE,effort,daily_mean,1037.0674465160887,week
3DCA7252-D6C4-468B-A69E-5A97CA4F7E0C,District 11,Nisqually salmon 2022,1,2022-08-22,2022-08-28,34,weekday,Bank,NA,PE,effort,daily_variance,20453.92402270853,week
3DCA7252-D6C4-468B-A69E-5A97CA4F7E0C,District 11,Nisqually salmon 2022,1,2022-08-22,2022-08-28,34,weekday,Bank,NA,PE,effort,days_open,2,week
3DCA7252-D6C4-468B-A69E-5A97CA4F7E0C,District 11,Nisqually salmon 2022,1,2022-08-22,2022-08-28,34,weekday,Bank,NA,PE,effort,degrees_freedom,39,week
3DCA7252-D6C4-468B-A69E-5A97CA4F7E0C,District 11,Nisqually salmon 2022,1,2022-08-22,2022-08-28,34,weekday,Bank,NA,PE,effort,total_effort,2074.1348930321774,week
3DCA7252-D6C4-468B-A69E-5A97CA4F7E0C,District 11,Nisqually salmon 2022,1,2022-08-22,2022-08-28,34,weekday,Boat,NA,PE,effort,number_observations,2,week
3DCA7252-D6C4-468B-A69E-5A97CA4F7E0C,District 11,Nisqually salmon 2022,1,2022-08-22,2022-08-28,34,weekday,Boat,NA,PE,effort,daily_mean,92.73723958333332,week
3DCA7252-D6C4-468B-A69E-5A97CA4F7E0C,District 11,Nisqually salmon 2022,1,2022-08-22,2022-08-28,34,weekday,Boat,NA,PE,effort,daily_variance,218.74257826063393,week
3DCA7252-D6C4-468B-A69E-5A97CA4F7E0C,District 11,Nisqually salmon 2022,1,2022-08-22,2022-08-28,34,weekday,Boat,NA,PE,effort,days_open,2,week
3DCA7252-D6C4-468B-A69E-5A97CA4F7E0C,District 11,Nisqually salmon 2022,1,2022-08-22,2022-08-28,34,weekday,Boat,NA,PE,effort,degrees_freedom,39,week
3DCA7252-D6C4-468B-A69E-5A97CA4F7E0C,District 11,Nisqually salmon 2022,1,2022-08-22,2022-08-28,34,weekday,Boat,NA,PE,effort,total_effort,185.47447916666664,week
3DCA7252-D6C4-468B-A69E-5A97CA4F7E0C,District 11,Nisqually salmon 2022,1,2022-08-22,2022-08-28,34,weekend,Bank,NA,PE,effort,number_observations,1,week
3DCA7252-D6C4-468B-A69E-5A97CA4F7E0C,District 11,Nisqually salmon 2022,1,2022-08-22,2022-08-28,34,weekend,Bank,NA,PE,effort,daily_mean,1211.4347407778062,week
3DCA7252-D6C4-468B-A69E-5A97CA4F7E0C,District 11,Nisqually salmon 2022,1,2022-08-22,2022-08-28,34,weekend,Bank,NA,PE,effort,daily_variance,0,week
3DCA7252-D6C4-468B-A69E-5A97CA4F7E0C,District 11,Nisqually salmon 2022,1,2022-08-22,2022-08-28,34,weekend,Bank,NA,PE,effort,days_open,1,week
3DCA7252-D6C4-468B-A69E-5A97CA4F7E0C,District 11,Nisqually salmon 2022,1,2022-08-22,2022-08-28,34,weekend,Bank,NA,PE,effort,degrees_freedom,39,week
3DCA7252-D6C4-468B-A69E-5A97CA4F7E0C,District 11,Nisqually salmon 2022,1,2022-08-22,2022-08-28,34,weekend,Bank,NA,PE,effort,total_effort,1211.4347407778062,week
3DCA7252-D6C4-468B-A69E-5A97CA4F7E0C,District 11,Nisqually salmon 2022,1,2022-08-22,2022-08-28,34,weekend,Boat,NA,PE,effort,number_observations,1,week
3DCA7252-D6C4-468B-A69E-5A97CA4F7E0C,District 11,Nisqually salmon 2022,1,2022-08-22,2022-08-28,34,weekend,Boat,NA,PE,effort,daily_mean,109.33416666666668,week
3DCA7252-D6C4-468B-A69E-5A97CA4F7E0C,District 11,Nisqually salmon 2022,1,2022-08-22,2022-08-28,34,weekend,Boat,NA,PE,effort,daily_variance,0,week
3DCA7252-D6C4-468B-A69E-5A97CA4F7E0C,District 11,Nisqually salmon 2022,1,2022-08-22,2022-08-28,34,weekend,Boat,NA,PE,effort,days_open,1,week
3DCA7252-D6C4-468B-A69E-5A97CA4F7E0C,District 11,Nisqually salmon 2022,1,2022-08-22,2022-08-28,34,weekend,Boat,NA,PE,effort,degrees_freedom,39,week
3DCA7252-D6C4-468B-A69E-5A97CA4F7E0C,District 11,Nisqually salmon 2022,1,2022-08-22,2022-08-28,34,weekend,Boat,NA,PE,effort,total_effort,109.33416666666668,week
3DCA7252-D6C4-468B-A69E-5A97CA4F7E0C,District 11,Nisqually salmon 2022,1,2022-08-29,2022-09-04,35,weekday,Bank,NA,PE,effort,number_observations,1,week
3DCA7252-D6C4-468B-A69E-5A97CA4F7E0C,District 11,Nisqually salmon 2022,1,2022-08-29,2022-09-04,35,weekday,Bank,NA,PE,effort,daily_mean,1491.7886392753162,week
3DCA7252-D6C4-468B-A69E-5A97CA4F7E0C,District 11,Nisqually salmon 2022,1,2022-08-29,2022-09-04,35,weekday,Bank,NA,PE,effort,daily_variance,0,week
3DCA7252-D6C4-468B-A69E-5A97CA4F7E0C,District 11,Nisqually salmon 2022,1,2022-08-29,2022-09-04,35,weekday,Bank,NA,PE,effort,days_open,1,week
3DCA7252-D6C4-468B-A69E-5A97CA4F7E0C,District 11,Nisqually salmon 2022,1,2022-08-29,2022-09-04,35,weekday,Bank,NA,PE,effort,degrees_freedom,39,week
3DCA7252-D6C4-468B-A69E-5A97CA4F7E0C,District 11,Nisqually salmon 2022,1,2022-08-29,2022-09-04,35,weekday,Bank,NA,PE,effort,total_effort,1491.7886392753162,week
3DCA7252-D6C4-468B-A69E-5A97CA4F7E0C,District 11,Nisqually salmon 2022,1,2022-08-29,2022-09-04,35,weekday,Boat,NA,PE,effort,number_observations,1,week
3DCA7252-D6C4-468B-A69E-5A97CA4F7E0C,District 11,Nisqually salmon 2022,1,2022-08-29,2022-09-04,35,weekday,Boat,NA,PE,effort,daily_mean,93.6971875,week
3DCA7252-D6C4-468B-A69E-5A97CA4F7E0C,District 11,Nisqually salmon 2022,1,2022-08-29,2022-09-04,35,weekday,Boat,NA,PE,effort,daily_variance,0,week
3DCA7252-D6C4-468B-A69E-5A97CA4F7E0C,District 11,Nisqually salmon 2022,1,2022-08-29,2022-09-04,35,weekday,Boat,NA,PE,effort,days_open,1,week
3DCA7252-D6C4-468B-A69E-5A97CA4F7E0C,District 11,Nisqually salmon 2022,1,2022-08-29,2022-09-04,35,weekday,Boat,NA,PE,effort,degrees_freedom,39,week
3DCA7252-D6C4-468B-A69E-5A97CA4F7E0C,District 11,Nisqually salmon 2022,1,2022-08-29,2022-09-04,35,weekday,Boat,NA,PE,effort,total_effort,93.6971875,week
3DCA7252-D6C4-468B-A69E-5A97CA4F7E0C,District 11,Nisqually salmon 2022,1,2022-08-29,2022-09-04,35,weekend,Bank,NA,PE,effort,number_observations,1,week
3DCA7252-D6C4-468B-A69E-5A97CA4F7E0C,District 11,Nisqually salmon 2022,1,2022-08-29,2022-09-04,35,weekend,Bank,NA,PE,effort,daily_mean,1883.3281573315414,week
3DCA7252-D6C4-468B-A69E-5A97CA4F7E0C,District 11,Nisqually salmon 2022,1,2022-08-29,2022-09-04,35,weekend,Bank,NA,PE,effort,daily_variance,0,week
3DCA7252-D6C4-468B-A69E-5A97CA4F7E0C,District 11,Nisqually salmon 2022,1,2022-08-29,2022-09-04,35,weekend,Bank,NA,PE,effort,days_open,1,week
3DCA7252-D6C4-468B-A69E-5A97CA4F7E0C,District 11,Nisqually salmon 2022,1,2022-08-29,2022-09-04,35,weekend,Bank,NA,PE,effort,degrees_freedom,39,week
3DCA7252-D6C4-468B-A69E-5A97CA4F7E0C,District 11,Nisqually salmon 2022,1,2022-08-29,2022-09-04,35,weekend,Bank,NA,PE,effort,total_effort,1883.3281573315414,week
3DCA7252-D6C4-468B-A69E-5A97CA4F7E0C,District 11,Nisqually salmon 2022,1,2022-08-29,2022-09-04,35,weekend,Boat,NA,PE,effort,number_observations,1,week
3DCA7252-D6C4-468B-A69E-5A97CA4F7E0C,District 11,Nisqually salmon 2022,1,2022-08-29,2022-09-04,35,weekend,Boat,NA,PE,effort,daily_mean,213.40666666666667,week
3DCA7252-D6C4-468B-A69E-5A97CA4F7E0C,District 11,Nisqually salmon 2022,1,2022-08-29,2022-09-04,35,weekend,Boat,NA,PE,effort,daily_variance,0,week
3DCA7252-D6C4-468B-A69E-5A97CA4F7E0C,District 11,Nisqually salmon 2022,1,2022-08-29,2022-09-04,35,weekend,Boat,NA,PE,effort,days_open,1,week
3DCA7252-D6C4-468B-A69E-5A97CA4F7E0C,District 11,Nisqually salmon 2022,1,2022-08-29,2022-09-04,35,weekend,Boat,NA,PE,effort,degrees_freedom,39,week
3DCA7252-D6C4-468B-A69E-5A97CA4F7E0C,District 11,Nisqually salmon 2022,1,2022-08-29,2022-09-04,35,weekend,Boat,NA,PE,effort,total_effort,213.40666666666667,week
3DCA7252-D6C4-468B-A69E-5A97CA4F7E0C,District 11,Nisqually salmon 2022,1,2022-09-05,2022-09-11,36,weekday,Bank,NA,PE,effort,number_observations,2,week
3DCA7252-D6C4-468B-A69E-5A97CA4F7E0C,District 11,Nisqually salmon 2022,1,2022-09-05,2022-09-11,36,weekday,Bank,NA,PE,effort,daily_mean,1219.324463842103,week
3DCA7252-D6C4-468B-A69E-5A97CA4F7E0C,District 11,Nisqually salmon 2022,1,2022-09-05,2022-09-11,36,weekday,Bank,NA,PE,effort,daily_variance,10231.551820402676,week
3DCA7252-D6C4-468B-A69E-5A97CA4F7E0C,District 11,Nisqually salmon 2022,1,2022-09-05,2022-09-11,36,weekday,Bank,NA,PE,effort,days_open,4,week
3DCA7252-D6C4-468B-A69E-5A97CA4F7E0C,District 11,Nisqually salmon 2022,1,2022-09-05,2022-09-11,36,weekday,Bank,NA,PE,effort,degrees_freedom,39,week
3DCA7252-D6C4-468B-A69E-5A97CA4F7E0C,District 11,Nisqually salmon 2022,1,2022-09-05,2022-09-11,36,weekday,Bank,NA,PE,effort,total_effort,4877.297855368412,week
3DCA7252-D6C4-468B-A69E-5A97CA4F7E0C,District 11,Nisqually salmon 2022,1,2022-09-05,2022-09-11,36,weekday,Boat,NA,PE,effort,number_observations,2,week
3DCA7252-D6C4-468B-A69E-5A97CA4F7E0C,District 11,Nisqually salmon 2022,1,2022-09-05,2022-09-11,36,weekday,Boat,NA,PE,effort,daily_mean,84.965234375,week
3DCA7252-D6C4-468B-A69E-5A97CA4F7E0C,District 11,Nisqually salmon 2022,1,2022-09-05,2022-09-11,36,weekday,Boat,NA,PE,effort,daily_variance,333.7545613945858,week
3DCA7252-D6C4-468B-A69E-5A97CA4F7E0C,District 11,Nisqually salmon 2022,1,2022-09-05,2022-09-11,36,weekday,Boat,NA,PE,effort,days_open,4,week
3DCA7252-D6C4-468B-A69E-5A97CA4F7E0C,District 11,Nisqually salmon 2022,1,2022-09-05,2022-09-11,36,weekday,Boat,NA,PE,effort,degrees_freedom,39,week
3DCA7252-D6C4-468B-A69E-5A97CA4F7E0C,District 11,Nisqually salmon 2022,1,2022-09-05,2022-09-11,36,weekday,Boat,NA,PE,effort,total_effort,339.8609375,week
3DCA7252-D6C4-468B-A69E-5A97CA4F7E0C,District 11,Nisqually salmon 2022,1,2022-09-05,2022-09-11,36,weekend,Bank,NA,PE,effort,number_observations,1,week
3DCA7252-D6C4-468B-A69E-5A97CA4F7E0C,District 11,Nisqually salmon 2022,1,2022-09-05,2022-09-11,36,weekend,Bank,NA,PE,effort,daily_mean,1621.9041820839052,week
3DCA7252-D6C4-468B-A69E-5A97CA4F7E0C,District 11,Nisqually salmon 2022,1,2022-09-05,2022-09-11,36,weekend,Bank,NA,PE,effort,daily_variance,0,week
3DCA7252-D6C4-468B-A69E-5A97CA4F7E0C,District 11,Nisqually salmon 2022,1,2022-09-05,2022-09-11,36,weekend,Bank,NA,PE,effort,days_open,1,week
3DCA7252-D6C4-468B-A69E-5A97CA4F7E0C,District 11,Nisqually salmon 2022,1,2022-09-05,2022-09-11,36,weekend,Bank,NA,PE,effort,degrees_freedom,39,week
3DCA7252-D6C4-468B-A69E-5A97CA4F7E0C,District 11,Nisqually salmon 2022,1,2022-09-05,2022-09-11,36,weekend,Bank,NA,PE,effort,total_effort,1621.9041820839052,week
3DCA7252-D6C4-468B-A69E-5A97CA4F7E0C,District 11,Nisqually salmon 2022,1,2022-09-05,2022-09-11,36,weekend,Boat,NA,PE,effort,number_observations,1,week
3DCA7252-D6C4-468B-A69E-5A97CA4F7E0C,District 11,Nisqually salmon 2022,1,2022-09-05,2022-09-11,36,weekend,Boat,NA,PE,effort,daily_mean,227.55225694444445,week
3DCA7252-D6C4-468B-A69E-5A97CA4F7E0C,District 11,Nisqually salmon 2022,1,2022-09-05,2022-09-11,36,weekend,Boat,NA,PE,effort,daily_variance,0,week
3DCA7252-D6C4-468B-A69E-5A97CA4F7E0C,District 11,Nisqually salmon 2022,1,2022-09-05,2022-09-11,36,weekend,Boat,NA,PE,effort,days_open,1,week
3DCA7252-D6C4-468B-A69E-5A97CA4F7E0C,District 11,Nisqually salmon 2022,1,2022-09-05,2022-09-11,36,weekend,Boat,NA,PE,effort,degrees_freedom,39,week
3DCA7252-D6C4-468B-A69E-5A97CA4F7E0C,District 11,Nisqually salmon 2022,1,2022-09-05,2022-09-11,36,weekend,Boat,NA,PE,effort,total_effort,227.55225694444445,week
3DCA7252-D6C4-468B-A69E-5A97CA4F7E0C,District 11,Nisqually salmon 2022,1,2022-09-12,2022-09-18,37,weekday,Bank,NA,PE,effort,number_observations,3,week
3DCA7252-D6C4-468B-A69E-5A97CA4F7E0C,District 11,Nisqually salmon 2022,1,2022-09-12,2022-09-18,37,weekday,Bank,NA,PE,effort,daily_mean,1200.6894332037289,week
3DCA7252-D6C4-468B-A69E-5A97CA4F7E0C,District 11,Nisqually salmon 2022,1,2022-09-12,2022-09-18,37,weekday,Bank,NA,PE,effort,daily_variance,10307.041787963804,week
3DCA7252-D6C4-468B-A69E-5A97CA4F7E0C,District 11,Nisqually salmon 2022,1,2022-09-12,2022-09-18,37,weekday,Bank,NA,PE,effort,days_open,4,week
3DCA7252-D6C4-468B-A69E-5A97CA4F7E0C,District 11,Nisqually salmon 2022,1,2022-09-12,2022-09-18,37,weekday,Bank,NA,PE,effort,degrees_freedom,39,week
3DCA7252-D6C4-468B-A69E-5A97CA4F7E0C,District 11,Nisqually salmon 2022,1,2022-09-12,2022-09-18,37,weekday,Bank,NA,PE,effort,total_effort,4802.7577328149155,week
3DCA7252-D6C4-468B-A69E-5A97CA4F7E0C,District 11,Nisqually salmon 2022,1,2022-09-12,2022-09-18,37,weekday,Boat,NA,PE,effort,number_observations,3,week
3DCA7252-D6C4-468B-A69E-5A97CA4F7E0C,District 11,Nisqually salmon 2022,1,2022-09-12,2022-09-18,37,weekday,Boat,NA,PE,effort,daily_mean,65.99898148148148,week
3DCA7252-D6C4-468B-A69E-5A97CA4F7E0C,District 11,Nisqually salmon 2022,1,2022-09-12,2022-09-18,37,weekday,Boat,NA,PE,effort,daily_variance,685.9554317389845,week
3DCA7252-D6C4-468B-A69E-5A97CA4F7E0C,District 11,Nisqually salmon 2022,1,2022-09-12,2022-09-18,37,weekday,Boat,NA,PE,effort,days_open,4,week
3DCA7252-D6C4-468B-A69E-5A97CA4F7E0C,District 11,Nisqually salmon 2022,1,2022-09-12,2022-09-18,37,weekday,Boat,NA,PE,effort,degrees_freedom,39,week
3DCA7252-D6C4-468B-A69E-5A97CA4F7E0C,District 11,Nisqually salmon 2022,1,2022-09-12,2022-09-18,37,weekday,Boat,NA,PE,effort,total_effort,263.9959259259259,week
3DCA7252-D6C4-468B-A69E-5A97CA4F7E0C,District 11,Nisqually salmon 2022,1,2022-09-12,2022-09-18,37,weekend,Bank,NA,PE,effort,number_observations,1,week
3DCA7252-D6C4-468B-A69E-5A97CA4F7E0C,District 11,Nisqually salmon 2022,1,2022-09-12,2022-09-18,37,weekend,Bank,NA,PE,effort,daily_mean,1553.7947754101187,week
3DCA7252-D6C4-468B-A69E-5A97CA4F7E0C,District 11,Nisqually salmon 2022,1,2022-09-12,2022-09-18,37,weekend,Bank,NA,PE,effort,daily_variance,0,week
3DCA7252-D6C4-468B-A69E-5A97CA4F7E0C,District 11,Nisqually salmon 2022,1,2022-09-12,2022-09-18,37,weekend,Bank,NA,PE,effort,days_open,1,week
3DCA7252-D6C4-468B-A69E-5A97CA4F7E0C,District 11,Nisqually salmon 2022,1,2022-09-12,2022-09-18,37,weekend,Bank,NA,PE,effort,degrees_freedom,39,week
3DCA7252-D6C4-468B-A69E-5A97CA4F7E0C,District 11,Nisqually salmon 2022,1,2022-09-12,2022-09-18,37,weekend,Bank,NA,PE,effort,total_effort,1553.7947754101187,week
3DCA7252-D6C4-468B-A69E-5A97CA4F7E0C,District 11,Nisqually salmon 2022,1,2022-09-12,2022-09-18,37,weekend,Boat,NA,PE,effort,number_observations,1,week
3DCA7252-D6C4-468B-A69E-5A97CA4F7E0C,District 11,Nisqually salmon 2022,1,2022-09-12,2022-09-18,37,weekend,Boat,NA,PE,effort,daily_mean,126.64652777777776,week
3DCA7252-D6C4-468B-A69E-5A97CA4F7E0C,District 11,Nisqually salmon 2022,1,2022-09-12,2022-09-18,37,weekend,Boat,NA,PE,effort,daily_variance,0,week
3DCA7252-D6C4-468B-A69E-5A97CA4F7E0C,District 11,Nisqually salmon 2022,1,2022-09-12,2022-09-18,37,weekend,Boat,NA,PE,effort,days_open,1,week
3DCA7252-D6C4-468B-A69E-5A97CA4F7E0C,District 11,Nisqually salmon 2022,1,2022-09-12,2022-09-18,37,weekend,Boat,NA,PE,effort,degrees_freedom,39,week
3DCA7252-D6C4-468B-A69E-5A97CA4F7E0C,District 11,Nisqually salmon 2022,1,2022-09-12,2022-09-18,37,weekend,Boat,NA,PE,effort,total_effort,126.64652777777776,week
3DCA7252-D6C4-468B-A69E-5A97CA4F7E0C,District 11,Nisqually salmon 2022,1,2022-09-19,2022-09-25,38,weekday,Bank,NA,PE,effort,number_observations,3,week
3DCA7252-D6C4-468B-A69E-5A97CA4F7E0C,District 11,Nisqually salmon 2022,1,2022-09-19,2022-09-25,38,weekday,Bank,NA,PE,effort,daily_mean,1305.0134759141374,week
3DCA7252-D6C4-468B-A69E-5A97CA4F7E0C,District 11,Nisqually salmon 2022,1,2022-09-19,2022-09-25,38,weekday,Bank,NA,PE,effort,daily_variance,1596.626012038636,week
3DCA7252-D6C4-468B-A69E-5A97CA4F7E0C,District 11,Nisqually salmon 2022,1,2022-09-19,2022-09-25,38,weekday,Bank,NA,PE,effort,days_open,4,week
3DCA7252-D6C4-468B-A69E-5A97CA4F7E0C,District 11,Nisqually salmon 2022,1,2022-09-19,2022-09-25,38,weekday,Bank,NA,PE,effort,degrees_freedom,39,week
3DCA7252-D6C4-468B-A69E-5A97CA4F7E0C,District 11,Nisqually salmon 2022,1,2022-09-19,2022-09-25,38,weekday,Bank,NA,PE,effort,total_effort,5220.05390365655,week
3DCA7252-D6C4-468B-A69E-5A97CA4F7E0C,District 11,Nisqually salmon 2022,1,2022-09-19,2022-09-25,38,weekday,Boat,NA,PE,effort,number_observations,3,week
3DCA7252-D6C4-468B-A69E-5A97CA4F7E0C,District 11,Nisqually salmon 2022,1,2022-09-19,2022-09-25,38,weekday,Boat,NA,PE,effort,daily_mean,43.531695601851844,week
3DCA7252-D6C4-468B-A69E-5A97CA4F7E0C,District 11,Nisqually salmon 2022,1,2022-09-19,2022-09-25,38,weekday,Boat,NA,PE,effort,daily_variance,269.74639848160587,week
3DCA7252-D6C4-468B-A69E-5A97CA4F7E0C,District 11,Nisqually salmon 2022,1,2022-09-19,2022-09-25,38,weekday,Boat,NA,PE,effort,days_open,4,week
3DCA7252-D6C4-468B-A69E-5A97CA4F7E0C,District 11,Nisqually salmon 2022,1,2022-09-19,2022-09-25,38,weekday,Boat,NA,PE,effort,degrees_freedom,39,week
3DCA7252-D6C4-468B-A69E-5A97CA4F7E0C,District 11,Nisqually salmon 2022,1,2022-09-19,2022-09-25,38,weekday,Boat,NA,PE,effort,total_effort,174.12678240740738,week
3DCA7252-D6C4-468B-A69E-5A97CA4F7E0C,District 11,Nisqually salmon 2022,1,2022-09-19,2022-09-25,38,weekend,Bank,NA,PE,effort,number_observations,1,week
3DCA7252-D6C4-468B-A69E-5A97CA4F7E0C,District 11,Nisqually salmon 2022,1,2022-09-19,2022-09-25,38,weekend,Bank,NA,PE,effort,daily_mean,1778.0828653034594,week
3DCA7252-D6C4-468B-A69E-5A97CA4F7E0C,District 11,Nisqually salmon 2022,1,2022-09-19,2022-09-25,38,weekend,Bank,NA,PE,effort,daily_variance,0,week
3DCA7252-D6C4-468B-A69E-5A97CA4F7E0C,District 11,Nisqually salmon 2022,1,2022-09-19,2022-09-25,38,weekend,Bank,NA,PE,effort,days_open,1,week
3DCA7252-D6C4-468B-A69E-5A97CA4F7E0C,District 11,Nisqually salmon 2022,1,2022-09-19,2022-09-25,38,weekend,Bank,NA,PE,effort,degrees_freedom,39,week
3DCA7252-D6C4-468B-A69E-5A97CA4F7E0C,District 11,Nisqually salmon 2022,1,2022-09-19,2022-09-25,38,weekend,Bank,NA,PE,effort,total_effort,1778.0828653034594,week
3DCA7252-D6C4-468B-A69E-5A97CA4F7E0C,District 11,Nisqually salmon 2022,1,2022-09-19,2022-09-25,38,weekend,Boat,NA,PE,effort,number_observations,1,week
3DCA7252-D6C4-468B-A69E-5A97CA4F7E0C,District 11,Nisqually salmon 2022,1,2022-09-19,2022-09-25,38,weekend,Boat,NA,PE,effort,daily_mean,98.59111111111112,week
3DCA7252-D6C4-468B-A69E-5A97CA4F7E0C,District 11,Nisqually salmon 2022,1,2022-09-19,2022-09-25,38,weekend,Boat,NA,PE,effort,daily_variance,0,week
3DCA7252-D6C4-468B-A69E-5A97CA4F7E0C,District 11,Nisqually salmon 2022,1,2022-09-19,2022-09-25,38,weekend,Boat,NA,PE,effort,days_open,1,week
3DCA7252-D6C4-468B-A69E-5A97CA4F7E0C,District 11,Nisqually salmon 2022,1,2022-09-19,2022-09-25,38,weekend,Boat,NA,PE,effort,degrees_freedom,39,week
3DCA7252-D6C4-468B-A69E-5A97CA4F7E0C,District 11,Nisqually salmon 2022,1,2022-09-19,2022-09-25,38,weekend,Boat,NA,PE,effort,total_effort,98.59111111111112,week
3DCA7252-D6C4-468B-A69E-5A97CA4F7E0C,District 11,Nisqually salmon 2022,1,2022-09-26,2022-10-02,39,weekday,Bank,NA,PE,effort,number_observations,3,week
3DCA7252-D6C4-468B-A69E-5A97CA4F7E0C,District 11,Nisqually salmon 2022,1,2022-09-26,2022-10-02,39,weekday,Bank,NA,PE,effort,daily_mean,1219.6246319407674,week
3DCA7252-D6C4-468B-A69E-5A97CA4F7E0C,District 11,Nisqually salmon 2022,1,2022-09-26,2022-10-02,39,weekday,Bank,NA,PE,effort,daily_variance,2814.3153384098023,week
3DCA7252-D6C4-468B-A69E-5A97CA4F7E0C,District 11,Nisqually salmon 2022,1,2022-09-26,2022-10-02,39,weekday,Bank,NA,PE,effort,days_open,4,week
3DCA7252-D6C4-468B-A69E-5A97CA4F7E0C,District 11,Nisqually salmon 2022,1,2022-09-26,2022-10-02,39,weekday,Bank,NA,PE,effort,degrees_freedom,39,week
3DCA7252-D6C4-468B-A69E-5A97CA4F7E0C,District 11,Nisqually salmon 2022,1,2022-09-26,2022-10-02,39,weekday,Bank,NA,PE,effort,total_effort,4878.498527763069,week
3DCA7252-D6C4-468B-A69E-5A97CA4F7E0C,District 11,Nisqually salmon 2022,1,2022-09-26,2022-10-02,39,weekday,Boat,NA,PE,effort,number_observations,3,week
3DCA7252-D6C4-468B-A69E-5A97CA4F7E0C,District 11,Nisqually salmon 2022,1,2022-09-26,2022-10-02,39,weekday,Boat,NA,PE,effort,daily_mean,42.34667824074074,week
3DCA7252-D6C4-468B-A69E-5A97CA4F7E0C,District 11,Nisqually salmon 2022,1,2022-09-26,2022-10-02,39,weekday,Boat,NA,PE,effort,daily_variance,703.836997931536,week
3DCA7252-D6C4-468B-A69E-5A97CA4F7E0C,District 11,Nisqually salmon 2022,1,2022-09-26,2022-10-02,39,weekday,Boat,NA,PE,effort,days_open,4,week
3DCA7252-D6C4-468B-A69E-5A97CA4F7E0C,District 11,Nisqually salmon 2022,1,2022-09-26,2022-10-02,39,weekday,Boat,NA,PE,effort,degrees_freedom,39,week
3DCA7252-D6C4-468B-A69E-5A97CA4F7E0C,District 11,Nisqually salmon 2022,1,2022-09-26,2022-10-02,39,weekday,Boat,NA,PE,effort,total_effort,169.38671296296295,week
3DCA7252-D6C4-468B-A69E-5A97CA4F7E0C,District 11,Nisqually salmon 2022,1,2022-09-26,2022-10-02,39,weekend,Bank,NA,PE,effort,number_observations,1,week
3DCA7252-D6C4-468B-A69E-5A97CA4F7E0C,District 11,Nisqually salmon 2022,1,2022-09-26,2022-10-02,39,weekend,Bank,NA,PE,effort,daily_mean,1519.839981790415,week
3DCA7252-D6C4-468B-A69E-5A97CA4F7E0C,District 11,Nisqually salmon 2022,1,2022-09-26,2022-10-02,39,weekend,Bank,NA,PE,effort,daily_variance,0,week
3DCA7252-D6C4-468B-A69E-5A97CA4F7E0C,District 11,Nisqually salmon 2022,1,2022-09-26,2022-10-02,39,weekend,Bank,NA,PE,effort,days_open,1,week
3DCA7252-D6C4-468B-A69E-5A97CA4F7E0C,District 11,Nisqually salmon 2022,1,2022-09-26,2022-10-02,39,weekend,Bank,NA,PE,effort,degrees_freedom,39,week
3DCA7252-D6C4-468B-A69E-5A97CA4F7E0C,District 11,Nisqually salmon 2022,1,2022-09-26,2022-10-02,39,weekend,Bank,NA,PE,effort,total_effort,1519.839981790415,week
3DCA7252-D6C4-468B-A69E-5A97CA4F7E0C,District 11,Nisqually salmon 2022,1,2022-09-26,2022-10-02,39,weekend,Boat,NA,PE,effort,number_observations,1,week
3DCA7252-D6C4-468B-A69E-5A97CA4F7E0C,District 11,Nisqually salmon 2022,1,2022-09-26,2022-10-02,39,weekend,Boat,NA,PE,effort,daily_mean,95.86694444444444,week
3DCA7252-D6C4-468B-A69E-5A97CA4F7E0C,District 11,Nisqually salmon 2022,1,2022-09-26,2022-10-02,39,weekend,Boat,NA,PE,effort,daily_variance,0,week
3DCA7252-D6C4-468B-A69E-5A97CA4F7E0C,District 11,Nisqually salmon 2022,1,2022-09-26,2022-10-02,39,weekend,Boat,NA,PE,effort,days_open,1,week
3DCA7252-D6C4-468B-A69E-5A97CA4F7E0C,District 11,Nisqually salmon 2022,1,2022-09-26,2022-10-02,39,weekend,Boat,NA,PE,effort,degrees_freedom,39,week
3DCA7252-D6C4-468B-A69E-5A97CA4F7E0C,District 11,Nisqually salmon 2022,1,2022-09-26,2022-10-02,39,weekend,Boat,NA,PE,effort,total_effort,95.86694444444444,week
3DCA7252-D6C4-468B-A69E-5A97CA4F7E0C,District 11,Nisqually salmon 2022,1,2022-10-03,2022-10-09,40,weekday,Bank,NA,PE,effort,number_observations,3,week
3DCA7252-D6C4-468B-A69E-5A97CA4F7E0C,District 11,Nisqually salmon 2022,1,2022-10-03,2022-10-09,40,weekday,Bank,NA,PE,effort,daily_mean,707.7677023816553,week
3DCA7252-D6C4-468B-A69E-5A97CA4F7E0C,District 11,Nisqually salmon 2022,1,2022-10-03,2022-10-09,40,weekday,Bank,NA,PE,effort,daily_variance,2778.568271531659,week
3DCA7252-D6C4-468B-A69E-5A97CA4F7E0C,District 11,Nisqually salmon 2022,1,2022-10-03,2022-10-09,40,weekday,Bank,NA,PE,effort,days_open,4,week
3DCA7252-D6C4-468B-A69E-5A97CA4F7E0C,District 11,Nisqually salmon 2022,1,2022-10-03,2022-10-09,40,weekday,Bank,NA,PE,effort,degrees_freedom,39,week
3DCA7252-D6C4-468B-A69E-5A97CA4F7E0C,District 11,Nisqually salmon 2022,1,2022-10-03,2022-10-09,40,weekday,Bank,NA,PE,effort,total_effort,2831.0708095266214,week
3DCA7252-D6C4-468B-A69E-5A97CA4F7E0C,District 11,Nisqually salmon 2022,1,2022-10-03,2022-10-09,40,weekday,Boat,NA,PE,effort,number_observations,3,week
3DCA7252-D6C4-468B-A69E-5A97CA4F7E0C,District 11,Nisqually salmon 2022,1,2022-10-03,2022-10-09,40,weekday,Boat,NA,PE,effort,daily_mean,39.10269675925925,week
3DCA7252-D6C4-468B-A69E-5A97CA4F7E0C,District 11,Nisqually salmon 2022,1,2022-10-03,2022-10-09,40,weekday,Boat,NA,PE,effort,daily_variance,872.2466667538736,week
3DCA7252-D6C4-468B-A69E-5A97CA4F7E0C,District 11,Nisqually salmon 2022,1,2022-10-03,2022-10-09,40,weekday,Boat,NA,PE,effort,days_open,4,week
3DCA7252-D6C4-468B-A69E-5A97CA4F7E0C,District 11,Nisqually salmon 2022,1,2022-10-03,2022-10-09,40,weekday,Boat,NA,PE,effort,degrees_freedom,39,week
3DCA7252-D6C4-468B-A69E-5A97CA4F7E0C,District 11,Nisqually salmon 2022,1,2022-10-03,2022-10-09,40,weekday,Boat,NA,PE,effort,total_effort,156.410787037037,week
3DCA7252-D6C4-468B-A69E-5A97CA4F7E0C,District 11,Nisqually salmon 2022,1,2022-10-03,2022-10-09,40,weekend,Bank,NA,PE,effort,number_observations,1,week
3DCA7252-D6C4-468B-A69E-5A97CA4F7E0C,District 11,Nisqually salmon 2022,1,2022-10-03,2022-10-09,40,weekend,Bank,NA,PE,effort,daily_mean,757.8774753339685,week
3DCA7252-D6C4-468B-A69E-5A97CA4F7E0C,District 11,Nisqually salmon 2022,1,2022-10-03,2022-10-09,40,weekend,Bank,NA,PE,effort,daily_variance,0,week
3DCA7252-D6C4-468B-A69E-5A97CA4F7E0C,District 11,Nisqually salmon 2022,1,2022-10-03,2022-10-09,40,weekend,Bank,NA,PE,effort,days_open,1,week
3DCA7252-D6C4-468B-A69E-5A97CA4F7E0C,District 11,Nisqually salmon 2022,1,2022-10-03,2022-10-09,40,weekend,Bank,NA,PE,effort,degrees_freedom,39,week
3DCA7252-D6C4-468B-A69E-5A97CA4F7E0C,District 11,Nisqually salmon 2022,1,2022-10-03,2022-10-09,40,weekend,Bank,NA,PE,effort,total_effort,757.8774753339685,week
3DCA7252-D6C4-468B-A69E-5A97CA4F7E0C,District 11,Nisqually salmon 2022,1,2022-10-03,2022-10-09,40,weekend,Boat,NA,PE,effort,number_observations,1,week
3DCA7252-D6C4-468B-A69E-5A97CA4F7E0C,District 11,Nisqually salmon 2022,1,2022-10-03,2022-10-09,40,weekend,Boat,NA,PE,effort,daily_mean,163.01347222222222,week
3DCA7252-D6C4-468B-A69E-5A97CA4F7E0C,District 11,Nisqually salmon 2022,1,2022-10-03,2022-10-09,40,weekend,Boat,NA,PE,effort,daily_variance,0,week
3DCA7252-D6C4-468B-A69E-5A97CA4F7E0C,District 11,Nisqually salmon 2022,1,2022-10-03,2022-10-09,40,weekend,Boat,NA,PE,effort,days_open,1,week
3DCA7252-D6C4-468B-A69E-5A97CA4F7E0C,District 11,Nisqually salmon 2022,1,2022-10-03,2022-10-09,40,weekend,Boat,NA,PE,effort,degrees_freedom,39,week
3DCA7252-D6C4-468B-A69E-5A97CA4F7E0C,District 11,Nisqually salmon 2022,1,2022-10-03,2022-10-09,40,weekend,Boat,NA,PE,effort,total_effort,163.01347222222222,week
3DCA7252-D6C4-468B-A69E-5A97CA4F7E0C,District 11,Nisqually salmon 2022,1,2022-10-10,2022-10-16,41,weekday,Bank,NA,PE,effort,number_observations,3,week
3DCA7252-D6C4-468B-A69E-5A97CA4F7E0C,District 11,Nisqually salmon 2022,1,2022-10-10,2022-10-16,41,weekday,Bank,NA,PE,effort,daily_mean,317.5786888080212,week
3DCA7252-D6C4-468B-A69E-5A97CA4F7E0C,District 11,Nisqually salmon 2022,1,2022-10-10,2022-10-16,41,weekday,Bank,NA,PE,effort,daily_variance,3346.8477717490355,week
3DCA7252-D6C4-468B-A69E-5A97CA4F7E0C,District 11,Nisqually salmon 2022,1,2022-10-10,2022-10-16,41,weekday,Bank,NA,PE,effort,days_open,4,week
3DCA7252-D6C4-468B-A69E-5A97CA4F7E0C,District 11,Nisqually salmon 2022,1,2022-10-10,2022-10-16,41,weekday,Bank,NA,PE,effort,degrees_freedom,39,week
3DCA7252-D6C4-468B-A69E-5A97CA4F7E0C,District 11,Nisqually salmon 2022,1,2022-10-10,2022-10-16,41,weekday,Bank,NA,PE,effort,total_effort,1270.3147552320847,week
3DCA7252-D6C4-468B-A69E-5A97CA4F7E0C,District 11,Nisqually salmon 2022,1,2022-10-10,2022-10-16,41,weekday,Boat,NA,PE,effort,number_observations,3,week
3DCA7252-D6C4-468B-A69E-5A97CA4F7E0C,District 11,Nisqually salmon 2022,1,2022-10-10,2022-10-16,41,weekday,Boat,NA,PE,effort,daily_mean,53.45545138888889,week
3DCA7252-D6C4-468B-A69E-5A97CA4F7E0C,District 11,Nisqually salmon 2022,1,2022-10-10,2022-10-16,41,weekday,Boat,NA,PE,effort,daily_variance,480.28831277609,week
3DCA7252-D6C4-468B-A69E-5A97CA4F7E0C,District 11,Nisqually salmon 2022,1,2022-10-10,2022-10-16,41,weekday,Boat,NA,PE,effort,days_open,4,week
3DCA7252-D6C4-468B-A69E-5A97CA4F7E0C,District 11,Nisqually salmon 2022,1,2022-10-10,2022-10-16,41,weekday,Boat,NA,PE,effort,degrees_freedom,39,week
3DCA7252-D6C4-468B-A69E-5A97CA4F7E0C,District 11,Nisqually salmon 2022,1,2022-10-10,2022-10-16,41,weekday,Boat,NA,PE,effort,total_effort,213.82180555555556,week
3DCA7252-D6C4-468B-A69E-5A97CA4F7E0C,District 11,Nisqually salmon 2022,1,2022-10-10,2022-10-16,41,weekend,Bank,NA,PE,effort,number_observations,1,week
3DCA7252-D6C4-468B-A69E-5A97CA4F7E0C,District 11,Nisqually salmon 2022,1,2022-10-10,2022-10-16,41,weekend,Bank,NA,PE,effort,daily_mean,207.94763886549362,week
3DCA7252-D6C4-468B-A69E-5A97CA4F7E0C,District 11,Nisqually salmon 2022,1,2022-10-10,2022-10-16,41,weekend,Bank,NA,PE,effort,daily_variance,0,week
3DCA7252-D6C4-468B-A69E-5A97CA4F7E0C,District 11,Nisqually salmon 2022,1,2022-10-10,2022-10-16,41,weekend,Bank,NA,PE,effort,days_open,1,week
3DCA7252-D6C4-468B-A69E-5A97CA4F7E0C,District 11,Nisqually salmon 2022,1,2022-10-10,2022-10-16,41,weekend,Bank,NA,PE,effort,degrees_freedom,39,week
3DCA7252-D6C4-468B-A69E-5A97CA4F7E0C,District 11,Nisqually salmon 2022,1,2022-10-10,2022-10-16,41,weekend,Bank,NA,PE,effort,total_effort,207.94763886549362,week
3DCA7252-D6C4-468B-A69E-5A97CA4F7E0C,District 11,Nisqually salmon 2022,1,2022-10-10,2022-10-16,41,weekend,Boat,NA,PE,effort,number_observations,1,week
3DCA7252-D6C4-468B-A69E-5A97CA4F7E0C,District 11,Nisqually salmon 2022,1,2022-10-10,2022-10-16,41,weekend,Boat,NA,PE,effort,daily_mean,107.4275173611111,week
3DCA7252-D6C4-468B-A69E-5A97CA4F7E0C,District 11,Nisqually salmon 2022,1,2022-10-10,2022-10-16,41,weekend,Boat,NA,PE,effort,daily_variance,0,week
3DCA7252-D6C4-468B-A69E-5A97CA4F7E0C,District 11,Nisqually salmon 2022,1,2022-10-10,2022-10-16,41,weekend,Boat,NA,PE,effort,days_open,1,week
3DCA7252-D6C4-468B-A69E-5A97CA4F7E0C,District 11,Nisqually salmon 2022,1,2022-10-10,2022-10-16,41,weekend,Boat,NA,PE,effort,degrees_freedom,39,week
3DCA7252-D6C4-468B-A69E-5A97CA4F7E0C,District 11,Nisqually salmon 2022,1,2022-10-10,2022-10-16,41,weekend,Boat,NA,PE,effort,total_effort,107.4275173611111,week
3DCA7252-D6C4-468B-A69E-5A97CA4F7E0C,District 11,Nisqually salmon 2022,1,2022-10-17,2022-10-23,42,weekday,Bank,NA,PE,effort,number_observations,3,week
3DCA7252-D6C4-468B-A69E-5A97CA4F7E0C,District 11,Nisqually salmon 2022,1,2022-10-17,2022-10-23,42,weekday,Bank,NA,PE,effort,daily_mean,96.9264350207569,week
3DCA7252-D6C4-468B-A69E-5A97CA4F7E0C,District 11,Nisqually salmon 2022,1,2022-10-17,2022-10-23,42,weekday,Bank,NA,PE,effort,daily_variance,5.169702955723569,week
3DCA7252-D6C4-468B-A69E-5A97CA4F7E0C,District 11,Nisqually salmon 2022,1,2022-10-17,2022-10-23,42,weekday,Bank,NA,PE,effort,days_open,4,week
3DCA7252-D6C4-468B-A69E-5A97CA4F7E0C,District 11,Nisqually salmon 2022,1,2022-10-17,2022-10-23,42,weekday,Bank,NA,PE,effort,degrees_freedom,39,week
3DCA7252-D6C4-468B-A69E-5A97CA4F7E0C,District 11,Nisqually salmon 2022,1,2022-10-17,2022-10-23,42,weekday,Bank,NA,PE,effort,total_effort,387.7057400830276,week
3DCA7252-D6C4-468B-A69E-5A97CA4F7E0C,District 11,Nisqually salmon 2022,1,2022-10-17,2022-10-23,42,weekday,Boat,NA,PE,effort,number_observations,3,week
3DCA7252-D6C4-468B-A69E-5A97CA4F7E0C,District 11,Nisqually salmon 2022,1,2022-10-17,2022-10-23,42,weekday,Boat,NA,PE,effort,daily_mean,35.05298611111111,week
3DCA7252-D6C4-468B-A69E-5A97CA4F7E0C,District 11,Nisqually salmon 2022,1,2022-10-17,2022-10-23,42,weekday,Boat,NA,PE,effort,daily_variance,188.59745331307866,week
3DCA7252-D6C4-468B-A69E-5A97CA4F7E0C,District 11,Nisqually salmon 2022,1,2022-10-17,2022-10-23,42,weekday,Boat,NA,PE,effort,days_open,4,week
3DCA7252-D6C4-468B-A69E-5A97CA4F7E0C,District 11,Nisqually salmon 2022,1,2022-10-17,2022-10-23,42,weekday,Boat,NA,PE,effort,degrees_freedom,39,week
3DCA7252-D6C4-468B-A69E-5A97CA4F7E0C,District 11,Nisqually salmon 2022,1,2022-10-17,2022-10-23,42,weekday,Boat,NA,PE,effort,total_effort,140.21194444444444,week
3DCA7252-D6C4-468B-A69E-5A97CA4F7E0C,District 11,Nisqually salmon 2022,1,2022-10-17,2022-10-23,42,weekend,Bank,NA,PE,effort,number_observations,1,week
3DCA7252-D6C4-468B-A69E-5A97CA4F7E0C,District 11,Nisqually salmon 2022,1,2022-10-17,2022-10-23,42,weekend,Bank,NA,PE,effort,daily_mean,183.93628034470063,week
3DCA7252-D6C4-468B-A69E-5A97CA4F7E0C,District 11,Nisqually salmon 2022,1,2022-10-17,2022-10-23,42,weekend,Bank,NA,PE,effort,daily_variance,0,week
3DCA7252-D6C4-468B-A69E-5A97CA4F7E0C,District 11,Nisqually salmon 2022,1,2022-10-17,2022-10-23,42,weekend,Bank,NA,PE,effort,days_open,1,week
3DCA7252-D6C4-468B-A69E-5A97CA4F7E0C,District 11,Nisqually salmon 2022,1,2022-10-17,2022-10-23,42,weekend,Bank,NA,PE,effort,degrees_freedom,39,week
3DCA7252-D6C4-468B-A69E-5A97CA4F7E0C,District 11,Nisqually salmon 2022,1,2022-10-17,2022-10-23,42,weekend,Bank,NA,PE,effort,total_effort,183.93628034470063,week
3DCA7252-D6C4-468B-A69E-5A97CA4F7E0C,District 11,Nisqually salmon 2022,1,2022-10-17,2022-10-23,42,weekend,Boat,NA,PE,effort,number_observations,1,week
3DCA7252-D6C4-468B-A69E-5A97CA4F7E0C,District 11,Nisqually salmon 2022,1,2022-10-17,2022-10-23,42,weekend,Boat,NA,PE,effort,daily_mean,43.91430555555555,week
3DCA7252-D6C4-468B-A69E-5A97CA4F7E0C,District 11,Nisqually salmon 2022,1,2022-10-17,2022-10-23,42,weekend,Boat,NA,PE,effort,daily_variance,0,week
3DCA7252-D6C4-468B-A69E-5A97CA4F7E0C,District 11,Nisqually salmon 2022,1,2022-10-17,2022-10-23,42,weekend,Boat,NA,PE,effort,days_open,1,week
3DCA7252-D6C4-468B-A69E-5A97CA4F7E0C,District 11,Nisqually salmon 2022,1,2022-10-17,2022-10-23,42,weekend,Boat,NA,PE,effort,degrees_freedom,39,week
3DCA7252-D6C4-468B-A69E-5A97CA4F7E0C,District 11,Nisqually salmon 2022,1,2022-10-17,2022-10-23,42,weekend,Boat,NA,PE,effort,total_effort,43.91430555555555,week
3DCA7252-D6C4-468B-A69E-5A97CA4F7E0C,District 11,Nisqually salmon 2022,1,2022-10-24,2022-10-30,43,weekday,Bank,NA,PE,effort,number_observations,3,week
3DCA7252-D6C4-468B-A69E-5A97CA4F7E0C,District 11,Nisqually salmon 2022,1,2022-10-24,2022-10-30,43,weekday,Bank,NA,PE,effort,daily_mean,80.7492149896464,week
3DCA7252-D6C4-468B-A69E-5A97CA4F7E0C,District 11,Nisqually salmon 2022,1,2022-10-24,2022-10-30,43,weekday,Bank,NA,PE,effort,daily_variance,380.2228443338903,week
3DCA7252-D6C4-468B-A69E-5A97CA4F7E0C,District 11,Nisqually salmon 2022,1,2022-10-24,2022-10-30,43,weekday,Bank,NA,PE,effort,days_open,4,week
3DCA7252-D6C4-468B-A69E-5A97CA4F7E0C,District 11,Nisqually salmon 2022,1,2022-10-24,2022-10-30,43,weekday,Bank,NA,PE,effort,degrees_freedom,39,week
3DCA7252-D6C4-468B-A69E-5A97CA4F7E0C,District 11,Nisqually salmon 2022,1,2022-10-24,2022-10-30,43,weekday,Bank,NA,PE,effort,total_effort,322.9968599585856,week
3DCA7252-D6C4-468B-A69E-5A97CA4F7E0C,District 11,Nisqually salmon 2022,1,2022-10-24,2022-10-30,43,weekday,Boat,NA,PE,effort,number_observations,3,week
3DCA7252-D6C4-468B-A69E-5A97CA4F7E0C,District 11,Nisqually salmon 2022,1,2022-10-24,2022-10-30,43,weekday,Boat,NA,PE,effort,daily_mean,17.899421296296296,week
3DCA7252-D6C4-468B-A69E-5A97CA4F7E0C,District 11,Nisqually salmon 2022,1,2022-10-24,2022-10-30,43,weekday,Boat,NA,PE,effort,daily_variance,37.86626644161524,week
3DCA7252-D6C4-468B-A69E-5A97CA4F7E0C,District 11,Nisqually salmon 2022,1,2022-10-24,2022-10-30,43,weekday,Boat,NA,PE,effort,days_open,4,week
3DCA7252-D6C4-468B-A69E-5A97CA4F7E0C,District 11,Nisqually salmon 2022,1,2022-10-24,2022-10-30,43,weekday,Boat,NA,PE,effort,degrees_freedom,39,week
3DCA7252-D6C4-468B-A69E-5A97CA4F7E0C,District 11,Nisqually salmon 2022,1,2022-10-24,2022-10-30,43,weekday,Boat,NA,PE,effort,total_effort,71.59768518518518,week
3DCA7252-D6C4-468B-A69E-5A97CA4F7E0C,District 11,Nisqually salmon 2022,1,2022-10-24,2022-10-30,43,weekend,Bank,NA,PE,effort,number_observations,1,week
3DCA7252-D6C4-468B-A69E-5A97CA4F7E0C,District 11,Nisqually salmon 2022,1,2022-10-24,2022-10-30,43,weekend,Bank,NA,PE,effort,daily_mean,77.23648814961595,week
3DCA7252-D6C4-468B-A69E-5A97CA4F7E0C,District 11,Nisqually salmon 2022,1,2022-10-24,2022-10-30,43,weekend,Bank,NA,PE,effort,daily_variance,0,week
3DCA7252-D6C4-468B-A69E-5A97CA4F7E0C,District 11,Nisqually salmon 2022,1,2022-10-24,2022-10-30,43,weekend,Bank,NA,PE,effort,days_open,1,week
3DCA7252-D6C4-468B-A69E-5A97CA4F7E0C,District 11,Nisqually salmon 2022,1,2022-10-24,2022-10-30,43,weekend,Bank,NA,PE,effort,degrees_freedom,39,week
3DCA7252-D6C4-468B-A69E-5A97CA4F7E0C,District 11,Nisqually salmon 2022,1,2022-10-24,2022-10-30,43,weekend,Bank,NA,PE,effort,total_effort,77.23648814961595,week
3DCA7252-D6C4-468B-A69E-5A97CA4F7E0C,District 11,Nisqually salmon 2022,1,2022-10-24,2022-10-30,43,weekend,Boat,NA,PE,effort,number_observations,1,week
3DCA7252-D6C4-468B-A69E-5A97CA4F7E0C,District 11,Nisqually salmon 2022,1,2022-10-24,2022-10-30,43,weekend,Boat,NA,PE,effort,daily_mean,47.963125000000005,week
3DCA7252-D6C4-468B-A69E-5A97CA4F7E0C,District 11,Nisqually salmon 2022,1,2022-10-24,2022-10-30,43,weekend,Boat,NA,PE,effort,daily_variance,0,week
3DCA7252-D6C4-468B-A69E-5A97CA4F7E0C,District 11,Nisqually salmon 2022,1,2022-10-24,2022-10-30,43,weekend,Boat,NA,PE,effort,days_open,1,week
3DCA7252-D6C4-468B-A69E-5A97CA4F7E0C,District 11,Nisqually salmon 2022,1,2022-10-24,2022-10-30,43,weekend,Boat,NA,PE,effort,degrees_freedom,39,week
3DCA7252-D6C4-468B-A69E-5A97CA4F7E0C,District 11,Nisqually salmon 2022,1,2022-10-24,2022-10-30,43,weekend,Boat,NA,PE,effort,total_effort,47.963125000000005,week
3DCA7252-D6C4-468B-A69E-5A97CA4F7E0C,District 11,Nisqually salmon 2022,1,2022-10-31,2022-11-06,44,weekday,Bank,NA,PE,effort,number_observations,3,week
3DCA7252-D6C4-468B-A69E-5A97CA4F7E0C,District 11,Nisqually salmon 2022,1,2022-10-31,2022-11-06,44,weekday,Bank,NA,PE,effort,daily_mean,28.960610877369735,week
3DCA7252-D6C4-468B-A69E-5A97CA4F7E0C,District 11,Nisqually salmon 2022,1,2022-10-31,2022-11-06,44,weekday,Bank,NA,PE,effort,daily_variance,513.291025506155,week
3DCA7252-D6C4-468B-A69E-5A97CA4F7E0C,District 11,Nisqually salmon 2022,1,2022-10-31,2022-11-06,44,weekday,Bank,NA,PE,effort,days_open,4,week
3DCA7252-D6C4-468B-A69E-5A97CA4F7E0C,District 11,Nisqually salmon 2022,1,2022-10-31,2022-11-06,44,weekday,Bank,NA,PE,effort,degrees_freedom,39,week
3DCA7252-D6C4-468B-A69E-5A97CA4F7E0C,District 11,Nisqually salmon 2022,1,2022-10-31,2022-11-06,44,weekday,Bank,NA,PE,effort,total_effort,115.84244350947894,week
3DCA7252-D6C4-468B-A69E-5A97CA4F7E0C,District 11,Nisqually salmon 2022,1,2022-10-31,2022-11-06,44,weekday,Boat,NA,PE,effort,number_observations,3,week
3DCA7252-D6C4-468B-A69E-5A97CA4F7E0C,District 11,Nisqually salmon 2022,1,2022-10-31,2022-11-06,44,weekday,Boat,NA,PE,effort,daily_mean,12.156707175925925,week
3DCA7252-D6C4-468B-A69E-5A97CA4F7E0C,District 11,Nisqually salmon 2022,1,2022-10-31,2022-11-06,44,weekday,Boat,NA,PE,effort,daily_variance,62.66608541315025,week
3DCA7252-D6C4-468B-A69E-5A97CA4F7E0C,District 11,Nisqually salmon 2022,1,2022-10-31,2022-11-06,44,weekday,Boat,NA,PE,effort,days_open,4,week
3DCA7252-D6C4-468B-A69E-5A97CA4F7E0C,District 11,Nisqually salmon 2022,1,2022-10-31,2022-11-06,44,weekday,Boat,NA,PE,effort,degrees_freedom,39,week
3DCA7252-D6C4-468B-A69E-5A97CA4F7E0C,District 11,Nisqually salmon 2022,1,2022-10-31,2022-11-06,44,weekday,Boat,NA,PE,effort,total_effort,48.6268287037037,week
3DCA7252-D6C4-468B-A69E-5A97CA4F7E0C,District 11,Nisqually salmon 2022,1,2022-10-31,2022-11-06,44,weekend,Bank,NA,PE,effort,number_observations,1,week
3DCA7252-D6C4-468B-A69E-5A97CA4F7E0C,District 11,Nisqually salmon 2022,1,2022-10-31,2022-11-06,44,weekend,Bank,NA,PE,effort,daily_mean,52.36567460757991,week
3DCA7252-D6C4-468B-A69E-5A97CA4F7E0C,District 11,Nisqually salmon 2022,1,2022-10-31,2022-11-06,44,weekend,Bank,NA,PE,effort,daily_variance,0,week
3DCA7252-D6C4-468B-A69E-5A97CA4F7E0C,District 11,Nisqually salmon 2022,1,2022-10-31,2022-11-06,44,weekend,Bank,NA,PE,effort,days_open,1,week
3DCA7252-D6C4-468B-A69E-5A97CA4F7E0C,District 11,Nisqually salmon 2022,1,2022-10-31,2022-11-06,44,weekend,Bank,NA,PE,effort,degrees_freedom,39,week
3DCA7252-D6C4-468B-A69E-5A97CA4F7E0C,District 11,Nisqually salmon 2022,1,2022-10-31,2022-11-06,44,weekend,Bank,NA,PE,effort,total_effort,52.36567460757991,week
3DCA7252-D6C4-468B-A69E-5A97CA4F7E0C,District 11,Nisqually salmon 2022,1,2022-10-31,2022-11-06,44,weekend,Boat,NA,PE,effort,number_observations,1,week
3DCA7252-D6C4-468B-A69E-5A97CA4F7E0C,District 11,Nisqually salmon 2022,1,2022-10-31,2022-11-06,44,weekend,Boat,NA,PE,effort,daily_mean,0,week
3DCA7252-D6C4-468B-A69E-5A97CA4F7E0C,District 11,Nisqually salmon 2022,1,2022-10-31,2022-11-06,44,weekend,Boat,NA,PE,effort,daily_variance,0,week
3DCA7252-D6C4-468B-A69E-5A97CA4F7E0C,District 11,Nisqually salmon 2022,1,2022-10-31,2022-11-06,44,weekend,Boat,NA,PE,effort,days_open,1,week
3DCA7252-D6C4-468B-A69E-5A97CA4F7E0C,District 11,Nisqually salmon 2022,1,2022-10-31,2022-11-06,44,weekend,Boat,NA,PE,effort,degrees_freedom,39,week
3DCA7252-D6C4-468B-A69E-5A97CA4F7E0C,District 11,Nisqually salmon 2022,1,2022-10-31,2022-11-06,44,weekend,Boat,NA,PE,effort,total_effort,0,week
3DCA7252-D6C4-468B-A69E-5A97CA4F7E0C,District 11,Nisqually salmon 2022,1,2022-11-07,2022-11-13,45,weekday,Bank,NA,PE,effort,number_observations,2,week
3DCA7252-D6C4-468B-A69E-5A97CA4F7E0C,District 11,Nisqually salmon 2022,1,2022-11-07,2022-11-13,45,weekday,Bank,NA,PE,effort,daily_mean,8.573980228857469,week
3DCA7252-D6C4-468B-A69E-5A97CA4F7E0C,District 11,Nisqually salmon 2022,1,2022-11-07,2022-11-13,45,weekday,Bank,NA,PE,effort,daily_variance,5.994249779719671,week
3DCA7252-D6C4-468B-A69E-5A97CA4F7E0C,District 11,Nisqually salmon 2022,1,2022-11-07,2022-11-13,45,weekday,Bank,NA,PE,effort,days_open,3,week
3DCA7252-D6C4-468B-A69E-5A97CA4F7E0C,District 11,Nisqually salmon 2022,1,2022-11-07,2022-11-13,45,weekday,Bank,NA,PE,effort,degrees_freedom,39,week
3DCA7252-D6C4-468B-A69E-5A97CA4F7E0C,District 11,Nisqually salmon 2022,1,2022-11-07,2022-11-13,45,weekday,Bank,NA,PE,effort,total_effort,25.721940686572406,week
3DCA7252-D6C4-468B-A69E-5A97CA4F7E0C,District 11,Nisqually salmon 2022,1,2022-11-07,2022-11-13,45,weekday,Boat,NA,PE,effort,number_observations,2,week
3DCA7252-D6C4-468B-A69E-5A97CA4F7E0C,District 11,Nisqually salmon 2022,1,2022-11-07,2022-11-13,45,weekday,Boat,NA,PE,effort,daily_mean,0,week
3DCA7252-D6C4-468B-A69E-5A97CA4F7E0C,District 11,Nisqually salmon 2022,1,2022-11-07,2022-11-13,45,weekday,Boat,NA,PE,effort,daily_variance,0,week
3DCA7252-D6C4-468B-A69E-5A97CA4F7E0C,District 11,Nisqually salmon 2022,1,2022-11-07,2022-11-13,45,weekday,Boat,NA,PE,effort,days_open,3,week
3DCA7252-D6C4-468B-A69E-5A97CA4F7E0C,District 11,Nisqually salmon 2022,1,2022-11-07,2022-11-13,45,weekday,Boat,NA,PE,effort,degrees_freedom,39,week
3DCA7252-D6C4-468B-A69E-5A97CA4F7E0C,District 11,Nisqually salmon 2022,1,2022-11-07,2022-11-13,45,weekday,Boat,NA,PE,effort,total_effort,0,week
3DCA7252-D6C4-468B-A69E-5A97CA4F7E0C,District 11,Nisqually salmon 2022,1,2022-11-07,2022-11-13,45,weekend,Bank,NA,PE,effort,number_observations,2,week
3DCA7252-D6C4-468B-A69E-5A97CA4F7E0C,District 11,Nisqually salmon 2022,1,2022-11-07,2022-11-13,45,weekend,Bank,NA,PE,effort,daily_mean,10.164559165523436,week
3DCA7252-D6C4-468B-A69E-5A97CA4F7E0C,District 11,Nisqually salmon 2022,1,2022-11-07,2022-11-13,45,weekend,Bank,NA,PE,effort,daily_variance,7.738309956894141e-4,week
3DCA7252-D6C4-468B-A69E-5A97CA4F7E0C,District 11,Nisqually salmon 2022,1,2022-11-07,2022-11-13,45,weekend,Bank,NA,PE,effort,days_open,3,week
3DCA7252-D6C4-468B-A69E-5A97CA4F7E0C,District 11,Nisqually salmon 2022,1,2022-11-07,2022-11-13,45,weekend,Bank,NA,PE,effort,degrees_freedom,39,week
3DCA7252-D6C4-468B-A69E-5A97CA4F7E0C,District 11,Nisqually salmon 2022,1,2022-11-07,2022-11-13,45,weekend,Bank,NA,PE,effort,total_effort,30.493677496570307,week
3DCA7252-D6C4-468B-A69E-5A97CA4F7E0C,District 11,Nisqually salmon 2022,1,2022-11-07,2022-11-13,45,weekend,Boat,NA,PE,effort,number_observations,2,week
3DCA7252-D6C4-468B-A69E-5A97CA4F7E0C,District 11,Nisqually salmon 2022,1,2022-11-07,2022-11-13,45,weekend,Boat,NA,PE,effort,daily_mean,0,week
3DCA7252-D6C4-468B-A69E-5A97CA4F7E0C,District 11,Nisqually salmon 2022,1,2022-11-07,2022-11-13,45,weekend,Boat,NA,PE,effort,daily_variance,0,week
3DCA7252-D6C4-468B-A69E-5A97CA4F7E0C,District 11,Nisqually salmon 2022,1,2022-11-07,2022-11-13,45,weekend,Boat,NA,PE,effort,days_open,3,week
3DCA7252-D6C4-468B-A69E-5A97CA4F7E0C,District 11,Nisqually salmon 2022,1,2022-11-07,2022-11-13,45,weekend,Boat,NA,PE,effort,degrees_freedom,39,week
3DCA7252-D6C4-468B-A69E-5A97CA4F7E0C,District 11,Nisqually salmon 2022,1,2022-11-07,2022-11-13,45,weekend,Boat,NA,PE,effort,total_effort,0,week
3DCA7252-D6C4-468B-A69E-5A97CA4F7E0C,District 11,Nisqually salmon 2022,1,2022-11-14,2022-11-15,46,weekday,Bank,NA,PE,effort,number_observations,2,week
3DCA7252-D6C4-468B-A69E-5A97CA4F7E0C,District 11,Nisqually salmon 2022,1,2022-11-14,2022-11-15,46,weekday,Bank,NA,PE,effort,daily_mean,21.0076366683439,week
3DCA7252-D6C4-468B-A69E-5A97CA4F7E0C,District 11,Nisqually salmon 2022,1,2022-11-14,2022-11-15,46,weekday,Bank,NA,PE,effort,daily_variance,34.6680719685475,week
3DCA7252-D6C4-468B-A69E-5A97CA4F7E0C,District 11,Nisqually salmon 2022,1,2022-11-14,2022-11-15,46,weekday,Bank,NA,PE,effort,days_open,2,week
3DCA7252-D6C4-468B-A69E-5A97CA4F7E0C,District 11,Nisqually salmon 2022,1,2022-11-14,2022-11-15,46,weekday,Bank,NA,PE,effort,degrees_freedom,39,week
3DCA7252-D6C4-468B-A69E-5A97CA4F7E0C,District 11,Nisqually salmon 2022,1,2022-11-14,2022-11-15,46,weekday,Bank,NA,PE,effort,total_effort,42.0152733366878,week
3DCA7252-D6C4-468B-A69E-5A97CA4F7E0C,District 11,Nisqually salmon 2022,1,2022-11-14,2022-11-15,46,weekday,Boat,NA,PE,effort,number_observations,2,week
3DCA7252-D6C4-468B-A69E-5A97CA4F7E0C,District 11,Nisqually salmon 2022,1,2022-11-14,2022-11-15,46,weekday,Boat,NA,PE,effort,daily_mean,0,week
3DCA7252-D6C4-468B-A69E-5A97CA4F7E0C,District 11,Nisqually salmon 2022,1,2022-11-14,2022-11-15,46,weekday,Boat,NA,PE,effort,daily_variance,0,week
3DCA7252-D6C4-468B-A69E-5A97CA4F7E0C,District 11,Nisqually salmon 2022,1,2022-11-14,2022-11-15,46,weekday,Boat,NA,PE,effort,days_open,2,week
3DCA7252-D6C4-468B-A69E-5A97CA4F7E0C,District 11,Nisqually salmon 2022,1,2022-11-14,2022-11-15,46,weekday,Boat,NA,PE,effort,degrees_freedom,39,week
3DCA7252-D6C4-468B-A69E-5A97CA4F7E0C,District 11,Nisqually salmon 2022,1,2022-11-14,2022-11-15,46,weekday,Boat,NA,PE,effort,total_effort,0,week
