fishery_name,month,combined_type,n,total,prop
Baker summer sockeye 2022,2022-07-01,Guided-Bank,0,345,0
Baker summer sockeye 2022,2022-07-01,Guided-Boat,5,345,0.014492753623188406
Baker summer sockeye 2022,2022-07-01,Unguided-Bank,1,345,0.002898550724637681
Baker summer sockeye 2022,2022-07-01,Unguided-Boat,339,345,0.9826086956521739
Baker summer sockeye 2022,2022-08-01,Guided-Bank,0,221,0
Baker summer sockeye 2022,2022-08-01,Guided-Boat,4,221,0.01809954751131222
Baker summer sockeye 2022,2022-08-01,Unguided-Bank,3,221,0.013574660633484163
Baker summer sockeye 2022,2022-08-01,Unguided-Boat,214,221,0.9683257918552036
Baker summer sockeye 2023,2023-07-01,Guided-Bank,0,336,0
Baker summer sockeye 2023,2023-07-01,Guided-Boat,3,336,0.008928571428571428
Baker summer sockeye 2023,2023-07-01,Unguided-Bank,8,336,0.023809523809523808
Baker summer sockeye 2023,2023-07-01,Unguided-Boat,325,336,0.9672619047619048
Baker summer sockeye 2023,2023-08-01,Guided-Bank,0,148,0
Baker summer sockeye 2023,2023-08-01,Guided-Boat,6,148,0.04054054054054054
Baker summer sockeye 2023,2023-08-01,Unguided-Bank,1,148,0.006756756756756757
Baker summer sockeye 2023,2023-08-01,Unguided-Boat,141,148,0.9527027027027027
Cascade fall salmon 2021,2021-09-01,Guided-Bank,0,13,0
Cascade fall salmon 2021,2021-09-01,Guided-Boat,0,13,0
Cascade fall salmon 2021,2021-09-01,Unguided-Bank,13,13,1
Cascade fall salmon 2021,2021-09-01,Unguided-Boat,0,13,0
Cascade fall salmon 2021,2021-10-01,Guided-Bank,0,59,0
Cascade fall salmon 2021,2021-10-01,Guided-Boat,0,59,0
Cascade fall salmon 2021,2021-10-01,Unguided-Bank,59,59,1
Cascade fall salmon 2021,2021-10-01,Unguided-Boat,0,59,0
Cascade fall salmon 2021,2021-11-01,Guided-Bank,0,34,0
Cascade fall salmon 2021,2021-11-01,Guided-Boat,0,34,0
Cascade fall salmon 2021,2021-11-01,Unguided-Bank,34,34,1
Cascade fall salmon 2021,2021-11-01,Unguided-Boat,0,34,0
Cascade fall salmon 2022,2022-09-01,Guided-Bank,0,19,0
Cascade fall salmon 2022,2022-09-01,Guided-Boat,0,19,0
Cascade fall salmon 2022,2022-09-01,Unguided-Bank,19,19,1
Cascade fall salmon 2022,2022-09-01,Unguided-Boat,0,19,0
Cascade fall salmon 2022,2022-10-01,Guided-Bank,0,121,0
Cascade fall salmon 2022,2022-10-01,Guided-Boat,0,121,0
Cascade fall salmon 2022,2022-10-01,Unguided-Bank,121,121,1
Cascade fall salmon 2022,2022-10-01,Unguided-Boat,0,121,0
Cascade fall salmon 2022,2022-11-01,Guided-Bank,0,42,0
Cascade fall salmon 2022,2022-11-01,Guided-Boat,0,42,0
Cascade fall salmon 2022,2022-11-01,Unguided-Bank,42,42,1
Cascade fall salmon 2022,2022-11-01,Unguided-Boat,0,42,0
Cascade fall salmon 2023,2023-09-01,Guided-Bank,0,42,0
Cascade fall salmon 2023,2023-09-01,Guided-Boat,0,42,0
Cascade fall salmon 2023,2023-09-01,Unguided-Bank,42,42,1
Cascade fall salmon 2023,2023-09-01,Unguided-Boat,0,42,0
Cascade fall salmon 2023,2023-10-01,Guided-Bank,1,158,0.006329113924050633
Cascade fall salmon 2023,2023-10-01,Guided-Boat,0,158,0
Cascade fall salmon 2023,2023-10-01,Unguided-Bank,157,158,0.9936708860759493
Cascade fall salmon 2023,2023-10-01,Unguided-Boat,0,158,0
Cascade fall salmon 2023,2023-11-01,Guided-Bank,0,73,0
Cascade fall salmon 2023,2023-11-01,Guided-Boat,0,73,0
Cascade fall salmon 2023,2023-11-01,Unguided-Bank,73,73,1
Cascade fall salmon 2023,2023-11-01,Unguided-Boat,0,73,0
Cascade fall salmon 2024,2024-09-01,Guided-Bank,0,30,0
Cascade fall salmon 2024,2024-09-01,Guided-Boat,0,30,0
Cascade fall salmon 2024,2024-09-01,Unguided-Bank,30,30,1
Cascade fall salmon 2024,2024-09-01,Unguided-Boat,0,30,0
Cascade fall salmon 2024,2024-10-01,Guided-Bank,0,135,0
Cascade fall salmon 2024,2024-10-01,Guided-Boat,0,135,0
Cascade fall salmon 2024,2024-10-01,Unguided-Bank,135,135,1
Cascade fall salmon 2024,2024-10-01,Unguided-Boat,0,135,0
Cascade fall salmon 2024,2024-11-01,Guided-Bank,0,35,0
Cascade fall salmon 2024,2024-11-01,Guided-Boat,0,35,0
Cascade fall salmon 2024,2024-11-01,Unguided-Bank,35,35,1
Cascade fall salmon 2024,2024-11-01,Unguided-Boat,0,35,0
Cascade spring Chinook 2022,2022-06-01,Guided-Bank,0,303,0
Cascade spring Chinook 2022,2022-06-01,Guided-Boat,0,303,0
Cascade spring Chinook 2022,2022-06-01,Unguided-Bank,303,303,1
Cascade spring Chinook 2022,2022-06-01,Unguided-Boat,0,303,0
Cascade spring Chinook 2022,2022-07-01,Guided-Bank,0,106,0
Cascade spring Chinook 2022,2022-07-01,Guided-Boat,0,106,0
Cascade spring Chinook 2022,2022-07-01,Unguided-Bank,106,106,1
Cascade spring Chinook 2022,2022-07-01,Unguided-Boat,0,106,0
Cascade spring Chinook 2023,2023-06-01,Guided-Bank,0,120,0
Cascade spring Chinook 2023,2023-06-01,Guided-Boat,0,120,0
Cascade spring Chinook 2023,2023-06-01,Unguided-Bank,120,120,1
Cascade spring Chinook 2023,2023-06-01,Unguided-Boat,0,120,0
Cascade spring Chinook 2023,2023-07-01,Guided-Bank,0,38,0
Cascade spring Chinook 2023,2023-07-01,Guided-Boat,0,38,0
Cascade spring Chinook 2023,2023-07-01,Unguided-Bank,38,38,1
Cascade spring Chinook 2023,2023-07-01,Unguided-Boat,0,38,0
Cascade spring Chinook 2024,2024-05-01,Guided-Bank,0,12,0
Cascade spring Chinook 2024,2024-05-01,Guided-Boat,0,12,0
Cascade spring Chinook 2024,2024-05-01,Unguided-Bank,12,12,1
Cascade spring Chinook 2024,2024-05-01,Unguided-Boat,0,12,0
Cascade spring Chinook 2024,2024-06-01,Guided-Bank,0,134,0
Cascade spring Chinook 2024,2024-06-01,Guided-Boat,0,134,0
Cascade spring Chinook 2024,2024-06-01,Unguided-Bank,134,134,1
Cascade spring Chinook 2024,2024-06-01,Unguided-Boat,0,134,0
Cascade spring Chinook 2024,2024-07-01,Guided-Bank,0,8,0
Cascade spring Chinook 2024,2024-07-01,Guided-Boat,0,8,0
Cascade spring Chinook 2024,2024-07-01,Unguided-Bank,8,8,1
Cascade spring Chinook 2024,2024-07-01,Unguided-Boat,0,8,0
Cascade winter gamefish 2021-22,2021-12-01,Guided-Bank,0,10,0
Cascade winter gamefish 2021-22,2021-12-01,Guided-Boat,0,10,0
Cascade winter gamefish 2021-22,2021-12-01,Unguided-Bank,10,10,1
Cascade winter gamefish 2021-22,2021-12-01,Unguided-Boat,0,10,0
Cascade winter gamefish 2021-22,2022-01-01,Guided-Bank,0,5,0
Cascade winter gamefish 2021-22,2022-01-01,Guided-Boat,0,5,0
Cascade winter gamefish 2021-22,2022-01-01,Unguided-Bank,5,5,1
Cascade winter gamefish 2021-22,2022-01-01,Unguided-Boat,0,5,0
Cascade winter gamefish 2023,2023-01-01,Guided-Bank,0,7,0
Cascade winter gamefish 2023,2023-01-01,Guided-Boat,0,7,0
Cascade winter gamefish 2023,2023-01-01,Unguided-Bank,7,7,1
Cascade winter gamefish 2023,2023-01-01,Unguided-Boat,0,7,0
Chehalis salmon 2022,2022-09-01,Guided-Bank,0,268,0
Chehalis salmon 2022,2022-09-01,Guided-Boat,12,268,0.04477611940298507
Chehalis salmon 2022,2022-09-01,Unguided-Bank,37,268,0.13805970149253732
Chehalis salmon 2022,2022-09-01,Unguided-Boat,219,268,0.8171641791044776
Chehalis salmon 2022,2022-10-01,Guided-Bank,0,531,0
Chehalis salmon 2022,2022-10-01,Guided-Boat,68,531,0.128060263653484
Chehalis salmon 2022,2022-10-01,Unguided-Bank,39,531,0.07344632768361582
Chehalis salmon 2022,2022-10-01,Unguided-Boat,424,531,0.7984934086629002
Chehalis salmon 2022,2022-11-01,Guided-Bank,0,72,0
Chehalis salmon 2022,2022-11-01,Guided-Boat,10,72,0.1388888888888889
Chehalis salmon 2022,2022-11-01,Unguided-Bank,6,72,0.08333333333333333
Chehalis salmon 2022,2022-11-01,Unguided-Boat,56,72,0.7777777777777778
Chehalis salmon 2022,2022-12-01,Guided-Bank,0,12,0
Chehalis salmon 2022,2022-12-01,Guided-Boat,0,12,0
Chehalis salmon 2022,2022-12-01,Unguided-Bank,12,12,1
Chehalis salmon 2022,2022-12-01,Unguided-Boat,0,12,0
Chehalis salmon 2024,2024-09-01,Guided-Bank,0,419,0
Chehalis salmon 2024,2024-09-01,Guided-Boat,8,419,0.01909307875894988
Chehalis salmon 2024,2024-09-01,Unguided-Bank,88,419,0.2100238663484487
Chehalis salmon 2024,2024-09-01,Unguided-Boat,323,419,0.7708830548926014
Chehalis salmon 2024,2024-10-01,Guided-Bank,0,570,0
Chehalis salmon 2024,2024-10-01,Guided-Boat,32,570,0.056140350877192984
Chehalis salmon 2024,2024-10-01,Unguided-Bank,211,570,0.3701754385964912
Chehalis salmon 2024,2024-10-01,Unguided-Boat,327,570,0.5736842105263158
Chehalis salmon 2024,2024-11-01,Guided-Bank,0,299,0
Chehalis salmon 2024,2024-11-01,Guided-Boat,12,299,0.04013377926421405
Chehalis salmon 2024,2024-11-01,Unguided-Bank,137,299,0.45819397993311034
Chehalis salmon 2024,2024-11-01,Unguided-Boat,150,299,0.5016722408026756
Chehalis salmon 2024,2024-12-01,Guided-Bank,0,53,0
Chehalis salmon 2024,2024-12-01,Guided-Boat,2,53,0.03773584905660377
Chehalis salmon 2024,2024-12-01,Unguided-Bank,12,53,0.22641509433962265
Chehalis salmon 2024,2024-12-01,Unguided-Boat,39,53,0.7358490566037735
Chehalis salmon 2025,2025-09-01,Guided-Bank,0,443,0
Chehalis salmon 2025,2025-09-01,Guided-Boat,8,443,0.01805869074492099
Chehalis salmon 2025,2025-09-01,Unguided-Bank,66,443,0.1489841986455982
Chehalis salmon 2025,2025-09-01,Unguided-Boat,369,443,0.8329571106094809
Chehalis salmon 2025,2025-10-01,Guided-Bank,1,600,0.0016666666666666668
Chehalis salmon 2025,2025-10-01,Guided-Boat,48,600,0.08
Chehalis salmon 2025,2025-10-01,Unguided-Bank,187,600,0.31166666666666665
Chehalis salmon 2025,2025-10-01,Unguided-Boat,364,600,0.6066666666666667
Chehalis salmon 2025,2025-11-01,Guided-Bank,0,294,0
Chehalis salmon 2025,2025-11-01,Guided-Boat,20,294,0.06802721088435375
Chehalis salmon 2025,2025-11-01,Unguided-Bank,83,294,0.282312925170068
Chehalis salmon 2025,2025-11-01,Unguided-Boat,191,294,0.6496598639455783
Chehalis salmon 2025,2025-12-01,Guided-Bank,0,18,0
Chehalis salmon 2025,2025-12-01,Guided-Boat,1,18,0.05555555555555555
Chehalis salmon 2025,2025-12-01,Unguided-Bank,2,18,0.1111111111111111
Chehalis salmon 2025,2025-12-01,Unguided-Boat,15,18,0.8333333333333334
Chehalis winter steelhead 2024-25,2024-11-01,Guided-Bank,0,277,0
Chehalis winter steelhead 2024-25,2024-11-01,Guided-Boat,12,277,0.04332129963898917
Chehalis winter steelhead 2024-25,2024-11-01,Unguided-Bank,137,277,0.49458483754512633
Chehalis winter steelhead 2024-25,2024-11-01,Unguided-Boat,128,277,0.4620938628158845
Chehalis winter steelhead 2024-25,2024-12-01,Guided-Bank,0,53,0
Chehalis winter steelhead 2024-25,2024-12-01,Guided-Boat,2,53,0.03773584905660377
Chehalis winter steelhead 2024-25,2024-12-01,Unguided-Bank,12,53,0.22641509433962265
Chehalis winter steelhead 2024-25,2024-12-01,Unguided-Boat,39,53,0.7358490566037735
Chehalis winter steelhead 2024-25,2025-01-01,Guided-Bank,0,26,0
Chehalis winter steelhead 2024-25,2025-01-01,Guided-Boat,0,26,0
Chehalis winter steelhead 2024-25,2025-01-01,Unguided-Bank,4,26,0.15384615384615385
Chehalis winter steelhead 2024-25,2025-01-01,Unguided-Boat,22,26,0.8461538461538461
Chehalis winter steelhead 2024-25,2025-02-01,Guided-Bank,0,21,0
Chehalis winter steelhead 2024-25,2025-02-01,Guided-Boat,0,21,0
Chehalis winter steelhead 2024-25,2025-02-01,Unguided-Bank,6,21,0.2857142857142857
Chehalis winter steelhead 2024-25,2025-02-01,Unguided-Boat,15,21,0.7142857142857143
Chehalis winter steelhead 2025-26,2025-12-01,Guided-Bank,0,18,0
Chehalis winter steelhead 2025-26,2025-12-01,Guided-Boat,1,18,0.05555555555555555
Chehalis winter steelhead 2025-26,2025-12-01,Unguided-Bank,2,18,0.1111111111111111
Chehalis winter steelhead 2025-26,2025-12-01,Unguided-Boat,15,18,0.8333333333333334
Chehalis winter steelhead 2025-26,2026-01-01,Guided-Bank,0,28,0
Chehalis winter steelhead 2025-26,2026-01-01,Guided-Boat,2,28,0.07142857142857142
Chehalis winter steelhead 2025-26,2026-01-01,Unguided-Bank,9,28,0.32142857142857145
Chehalis winter steelhead 2025-26,2026-01-01,Unguided-Boat,17,28,0.6071428571428571
Chehalis winter steelhead 2025-26,2026-02-01,Guided-Bank,0,11,0
Chehalis winter steelhead 2025-26,2026-02-01,Guided-Boat,0,11,0
Chehalis winter steelhead 2025-26,2026-02-01,Unguided-Bank,0,11,0
Chehalis winter steelhead 2025-26,2026-02-01,Unguided-Boat,11,11,1
Drano Lake salmon and steelhead 2023,2023-07-01,Guided-Bank,0,23,0
Drano Lake salmon and steelhead 2023,2023-07-01,Guided-Boat,2,23,0.08695652173913043
Drano Lake salmon and steelhead 2023,2023-07-01,Unguided-Bank,0,23,0
Drano Lake salmon and steelhead 2023,2023-07-01,Unguided-Boat,21,23,0.9130434782608695
Drano Lake salmon and steelhead 2023,2023-08-01,Guided-Bank,0,375,0
Drano Lake salmon and steelhead 2023,2023-08-01,Guided-Boat,27,375,0.072
Drano Lake salmon and steelhead 2023,2023-08-01,Unguided-Bank,41,375,0.10933333333333334
Drano Lake salmon and steelhead 2023,2023-08-01,Unguided-Boat,307,375,0.8186666666666667
Drano Lake salmon and steelhead 2023,2023-09-01,Guided-Bank,0,380,0
Drano Lake salmon and steelhead 2023,2023-09-01,Guided-Boat,56,380,0.14736842105263157
Drano Lake salmon and steelhead 2023,2023-09-01,Unguided-Bank,29,380,0.07631578947368421
Drano Lake salmon and steelhead 2023,2023-09-01,Unguided-Boat,295,380,0.7763157894736842
Drano Lake salmon and steelhead 2023,2023-10-01,Guided-Bank,0,201,0
Drano Lake salmon and steelhead 2023,2023-10-01,Guided-Boat,33,201,0.16417910447761194
Drano Lake salmon and steelhead 2023,2023-10-01,Unguided-Bank,31,201,0.15422885572139303
Drano Lake salmon and steelhead 2023,2023-10-01,Unguided-Boat,137,201,0.681592039800995
Drano Lake salmon and steelhead 2024,2024-07-01,Guided-Bank,0,49,0
Drano Lake salmon and steelhead 2024,2024-07-01,Guided-Boat,4,49,0.08163265306122448
Drano Lake salmon and steelhead 2024,2024-07-01,Unguided-Bank,10,49,0.20408163265306123
Drano Lake salmon and steelhead 2024,2024-07-01,Unguided-Boat,35,49,0.7142857142857143
Drano Lake salmon and steelhead 2024,2024-08-01,Guided-Bank,0,227,0
Drano Lake salmon and steelhead 2024,2024-08-01,Guided-Boat,10,227,0.04405286343612335
Drano Lake salmon and steelhead 2024,2024-08-01,Unguided-Bank,20,227,0.0881057268722467
Drano Lake salmon and steelhead 2024,2024-08-01,Unguided-Boat,197,227,0.8678414096916299
Drano Lake salmon and steelhead 2024,2024-09-01,Guided-Bank,1,491,0.002036659877800407
Drano Lake salmon and steelhead 2024,2024-09-01,Guided-Boat,84,491,0.1710794297352342
Drano Lake salmon and steelhead 2024,2024-09-01,Unguided-Bank,62,491,0.12627291242362526
Drano Lake salmon and steelhead 2024,2024-09-01,Unguided-Boat,344,491,0.7006109979633401
Drano Lake salmon and steelhead 2024,2024-10-01,Guided-Bank,0,243,0
Drano Lake salmon and steelhead 2024,2024-10-01,Guided-Boat,21,243,0.08641975308641975
Drano Lake salmon and steelhead 2024,2024-10-01,Unguided-Bank,63,243,0.25925925925925924
Drano Lake salmon and steelhead 2024,2024-10-01,Unguided-Boat,159,243,0.654320987654321
Drano Lake salmon and steelhead 2025,2025-07-01,Guided-Bank,0,54,0
Drano Lake salmon and steelhead 2025,2025-07-01,Guided-Boat,3,54,0.05555555555555555
Drano Lake salmon and steelhead 2025,2025-07-01,Unguided-Bank,11,54,0.2037037037037037
Drano Lake salmon and steelhead 2025,2025-07-01,Unguided-Boat,40,54,0.7407407407407407
Drano Lake salmon and steelhead 2025,2025-08-01,Guided-Bank,0,283,0
Drano Lake salmon and steelhead 2025,2025-08-01,Guided-Boat,17,283,0.06007067137809187
Drano Lake salmon and steelhead 2025,2025-08-01,Unguided-Bank,66,283,0.2332155477031802
Drano Lake salmon and steelhead 2025,2025-08-01,Unguided-Boat,200,283,0.7067137809187279
Drano Lake salmon and steelhead 2025,2025-09-01,Guided-Bank,0,405,0
Drano Lake salmon and steelhead 2025,2025-09-01,Guided-Boat,74,405,0.18271604938271604
Drano Lake salmon and steelhead 2025,2025-09-01,Unguided-Bank,98,405,0.2419753086419753
Drano Lake salmon and steelhead 2025,2025-09-01,Unguided-Boat,233,405,0.5753086419753086
Drano Lake salmon and steelhead 2025,2025-10-01,Guided-Bank,0,224,0
Drano Lake salmon and steelhead 2025,2025-10-01,Guided-Boat,28,224,0.125
Drano Lake salmon and steelhead 2025,2025-10-01,Unguided-Bank,74,224,0.33035714285714285
Drano Lake salmon and steelhead 2025,2025-10-01,Unguided-Boat,122,224,0.5446428571428571
Drano Lake salmon and steelhead 2026,2026-07-01,Guided-Bank,0,20,0
Drano Lake salmon and steelhead 2026,2026-07-01,Guided-Boat,0,20,0
Drano Lake salmon and steelhead 2026,2026-07-01,Unguided-Bank,5,20,0.25
Drano Lake salmon and steelhead 2026,2026-07-01,Unguided-Boat,15,20,0.75
Drano Lake salmon and steelhead 2026,2026-08-01,Guided-Bank,0,50,0
Drano Lake salmon and steelhead 2026,2026-08-01,Guided-Boat,0,50,0
Drano Lake salmon and steelhead 2026,2026-08-01,Unguided-Bank,11,50,0.22
Drano Lake salmon and steelhead 2026,2026-08-01,Unguided-Boat,39,50,0.78
Drano Lake spring Chinook 2026,2026-04-01,Guided-Bank,0,316,0
Drano Lake spring Chinook 2026,2026-04-01,Guided-Boat,44,316,0.13924050632911392
Drano Lake spring Chinook 2026,2026-04-01,Unguided-Bank,53,316,0.16772151898734178
Drano Lake spring Chinook 2026,2026-04-01,Unguided-Boat,219,316,0.6930379746835443
Drano Lake spring Chinook 2026,2026-05-01,Guided-Bank,0,474,0
Drano Lake spring Chinook 2026,2026-05-01,Guided-Boat,100,474,0.2109704641350211
Drano Lake spring Chinook 2026,2026-05-01,Unguided-Bank,109,474,0.229957805907173
Drano Lake spring Chinook 2026,2026-05-01,Unguided-Boat,265,474,0.5590717299578059
Drano Lake spring Chinook 2026,2026-06-01,Guided-Bank,0,23,0
Drano Lake spring Chinook 2026,2026-06-01,Guided-Boat,1,23,0.043478260869565216
Drano Lake spring Chinook 2026,2026-06-01,Unguided-Bank,7,23,0.30434782608695654
Drano Lake spring Chinook 2026,2026-06-01,Unguided-Boat,15,23,0.6521739130434783
Drano Lake spring Chinook 2026,2026-07-01,Guided-Bank,0,20,0
Drano Lake spring Chinook 2026,2026-07-01,Guided-Boat,0,20,0
Drano Lake spring Chinook 2026,2026-07-01,Unguided-Bank,5,20,0.25
Drano Lake spring Chinook 2026,2026-07-01,Unguided-Boat,15,20,0.75
Hoh fall salmon 2023,2023-09-01,Guided-Bank,2,62,0.03225806451612903
Hoh fall salmon 2023,2023-09-01,Guided-Boat,10,62,0.16129032258064516
Hoh fall salmon 2023,2023-09-01,Unguided-Bank,40,62,0.6451612903225806
Hoh fall salmon 2023,2023-09-01,Unguided-Boat,10,62,0.16129032258064516
Hoh fall salmon 2025,2025-09-01,Guided-Bank,0,63,0
Hoh fall salmon 2025,2025-09-01,Guided-Boat,12,63,0.19047619047619047
Hoh fall salmon 2025,2025-09-01,Unguided-Bank,37,63,0.5873015873015873
Hoh fall salmon 2025,2025-09-01,Unguided-Boat,14,63,0.2222222222222222
Hoh fall salmon 2025,2025-10-01,Guided-Bank,0,109,0
Hoh fall salmon 2025,2025-10-01,Guided-Boat,30,109,0.27522935779816515
Hoh fall salmon 2025,2025-10-01,Unguided-Bank,52,109,0.47706422018348627
Hoh fall salmon 2025,2025-10-01,Unguided-Boat,27,109,0.24770642201834864
Hoh fall salmon 2025,2025-11-01,Guided-Bank,0,41,0
Hoh fall salmon 2025,2025-11-01,Guided-Boat,8,41,0.1951219512195122
Hoh fall salmon 2025,2025-11-01,Unguided-Bank,24,41,0.5853658536585366
Hoh fall salmon 2025,2025-11-01,Unguided-Boat,9,41,0.21951219512195122
Hoh fall salmon 2025,2025-12-01,Guided-Bank,0,1,0
Hoh fall salmon 2025,2025-12-01,Guided-Boat,0,1,0
Hoh fall salmon 2025,2025-12-01,Unguided-Bank,0,1,0
Hoh fall salmon 2025,2025-12-01,Unguided-Boat,1,1,1
Hoh winter steelhead 2022-23,2022-12-01,Guided-Bank,0,18,0
Hoh winter steelhead 2022-23,2022-12-01,Guided-Boat,0,18,0
Hoh winter steelhead 2022-23,2022-12-01,Unguided-Bank,18,18,1
Hoh winter steelhead 2022-23,2022-12-01,Unguided-Boat,0,18,0
Hoh winter steelhead 2022-23,2023-01-01,Guided-Bank,13,109,0.11926605504587157
Hoh winter steelhead 2022-23,2023-01-01,Guided-Boat,3,109,0.027522935779816515
Hoh winter steelhead 2022-23,2023-01-01,Unguided-Bank,92,109,0.8440366972477065
Hoh winter steelhead 2022-23,2023-01-01,Unguided-Boat,1,109,0.009174311926605505
Hoh winter steelhead 2022-23,2023-02-01,Guided-Bank,65,228,0.2850877192982456
Hoh winter steelhead 2022-23,2023-02-01,Guided-Boat,3,228,0.013157894736842105
Hoh winter steelhead 2022-23,2023-02-01,Unguided-Bank,157,228,0.6885964912280702
Hoh winter steelhead 2022-23,2023-02-01,Unguided-Boat,3,228,0.013157894736842105
Hoh winter steelhead 2022-23,2023-03-01,Guided-Bank,97,311,0.31189710610932475
Hoh winter steelhead 2022-23,2023-03-01,Guided-Boat,0,311,0
Hoh winter steelhead 2022-23,2023-03-01,Unguided-Bank,213,311,0.684887459807074
Hoh winter steelhead 2022-23,2023-03-01,Unguided-Boat,1,311,0.003215434083601286
Hoh winter steelhead 2023-24,2023-12-01,Guided-Bank,1,46,0.021739130434782608
Hoh winter steelhead 2023-24,2023-12-01,Guided-Boat,0,46,0
Hoh winter steelhead 2023-24,2023-12-01,Unguided-Bank,42,46,0.9130434782608695
Hoh winter steelhead 2023-24,2023-12-01,Unguided-Boat,3,46,0.06521739130434782
Hoh winter steelhead 2023-24,2024-01-01,Guided-Bank,14,91,0.15384615384615385
Hoh winter steelhead 2023-24,2024-01-01,Guided-Boat,4,91,0.04395604395604396
Hoh winter steelhead 2023-24,2024-01-01,Unguided-Bank,66,91,0.7252747252747253
Hoh winter steelhead 2023-24,2024-01-01,Unguided-Boat,7,91,0.07692307692307693
Hoh winter steelhead 2023-24,2024-02-01,Guided-Bank,42,298,0.14093959731543623
Hoh winter steelhead 2023-24,2024-02-01,Guided-Boat,49,298,0.1644295302013423
Hoh winter steelhead 2023-24,2024-02-01,Unguided-Bank,165,298,0.5536912751677853
Hoh winter steelhead 2023-24,2024-02-01,Unguided-Boat,42,298,0.14093959731543623
Hoh winter steelhead 2023-24,2024-03-01,Guided-Bank,48,321,0.14953271028037382
Hoh winter steelhead 2023-24,2024-03-01,Guided-Boat,62,321,0.19314641744548286
Hoh winter steelhead 2023-24,2024-03-01,Unguided-Bank,163,321,0.5077881619937694
Hoh winter steelhead 2023-24,2024-03-01,Unguided-Boat,48,321,0.14953271028037382
Hoh winter steelhead 2024-25,2024-12-01,Guided-Bank,0,10,0
Hoh winter steelhead 2024-25,2024-12-01,Guided-Boat,1,10,0.1
Hoh winter steelhead 2024-25,2024-12-01,Unguided-Bank,9,10,0.9
Hoh winter steelhead 2024-25,2024-12-01,Unguided-Boat,0,10,0
Hoh winter steelhead 2024-25,2025-01-01,Guided-Bank,16,154,0.1038961038961039
Hoh winter steelhead 2024-25,2025-01-01,Guided-Boat,23,154,0.14935064935064934
Hoh winter steelhead 2024-25,2025-01-01,Unguided-Bank,74,154,0.4805194805194805
Hoh winter steelhead 2024-25,2025-01-01,Unguided-Boat,41,154,0.2662337662337662
Hoh winter steelhead 2024-25,2025-02-01,Guided-Bank,29,199,0.1457286432160804
Hoh winter steelhead 2024-25,2025-02-01,Guided-Boat,56,199,0.2814070351758794
Hoh winter steelhead 2024-25,2025-02-01,Unguided-Bank,79,199,0.3969849246231156
Hoh winter steelhead 2024-25,2025-02-01,Unguided-Boat,35,199,0.17587939698492464
Hoh winter steelhead 2024-25,2025-03-01,Guided-Bank,28,190,0.14736842105263157
Hoh winter steelhead 2024-25,2025-03-01,Guided-Boat,35,190,0.18421052631578946
Hoh winter steelhead 2024-25,2025-03-01,Unguided-Bank,103,190,0.5421052631578948
Hoh winter steelhead 2024-25,2025-03-01,Unguided-Boat,24,190,0.12631578947368421
Hoh winter steelhead 2025-26,2025-12-01,Guided-Bank,0,22,0
Hoh winter steelhead 2025-26,2025-12-01,Guided-Boat,0,22,0
Hoh winter steelhead 2025-26,2025-12-01,Unguided-Bank,21,22,0.9545454545454546
Hoh winter steelhead 2025-26,2025-12-01,Unguided-Boat,1,22,0.045454545454545456
Hoh winter steelhead 2025-26,2026-01-01,Guided-Bank,8,105,0.0761904761904762
Hoh winter steelhead 2025-26,2026-01-01,Guided-Boat,11,105,0.10476190476190476
Hoh winter steelhead 2025-26,2026-01-01,Unguided-Bank,71,105,0.6761904761904762
Hoh winter steelhead 2025-26,2026-01-01,Unguided-Boat,15,105,0.14285714285714285
Hoh winter steelhead 2025-26,2026-02-01,Guided-Bank,26,291,0.08934707903780069
Hoh winter steelhead 2025-26,2026-02-01,Guided-Boat,65,291,0.22336769759450173
Hoh winter steelhead 2025-26,2026-02-01,Unguided-Bank,153,291,0.5257731958762887
Hoh winter steelhead 2025-26,2026-02-01,Unguided-Boat,47,291,0.16151202749140894
Hoh winter steelhead 2025-26,2026-03-01,Guided-Bank,32,353,0.0906515580736544
Hoh winter steelhead 2025-26,2026-03-01,Guided-Boat,107,353,0.3031161473087819
Hoh winter steelhead 2025-26,2026-03-01,Unguided-Bank,150,353,0.42492917847025496
Hoh winter steelhead 2025-26,2026-03-01,Unguided-Boat,64,353,0.1813031161473088
Humptulips salmon 2020,2020-09-01,Guided-Bank,0,423,0
Humptulips salmon 2020,2020-09-01,Guided-Boat,82,423,0.1938534278959811
Humptulips salmon 2020,2020-09-01,Unguided-Bank,177,423,0.41843971631205673
Humptulips salmon 2020,2020-09-01,Unguided-Boat,164,423,0.3877068557919622
Humptulips salmon 2020,2020-10-01,Guided-Bank,0,260,0
Humptulips salmon 2020,2020-10-01,Guided-Boat,47,260,0.18076923076923077
Humptulips salmon 2020,2020-10-01,Unguided-Bank,157,260,0.6038461538461538
Humptulips salmon 2020,2020-10-01,Unguided-Boat,56,260,0.2153846153846154
Humptulips salmon 2020,2020-11-01,Guided-Bank,0,162,0
Humptulips salmon 2020,2020-11-01,Guided-Boat,24,162,0.14814814814814814
Humptulips salmon 2020,2020-11-01,Unguided-Bank,108,162,0.6666666666666666
Humptulips salmon 2020,2020-11-01,Unguided-Boat,30,162,0.18518518518518517
Humptulips salmon 2021,2021-09-01,Guided-Bank,0,327,0
Humptulips salmon 2021,2021-09-01,Guided-Boat,38,327,0.1162079510703364
Humptulips salmon 2021,2021-09-01,Unguided-Bank,134,327,0.40978593272171254
Humptulips salmon 2021,2021-09-01,Unguided-Boat,155,327,0.4740061162079511
Humptulips salmon 2021,2021-10-01,Guided-Bank,1,283,0.0035335689045936395
Humptulips salmon 2021,2021-10-01,Guided-Boat,33,283,0.1166077738515901
Humptulips salmon 2021,2021-10-01,Unguided-Bank,173,283,0.6113074204946997
Humptulips salmon 2021,2021-10-01,Unguided-Boat,76,283,0.26855123674911663
Humptulips salmon 2021,2021-11-01,Guided-Bank,0,113,0
Humptulips salmon 2021,2021-11-01,Guided-Boat,23,113,0.20353982300884957
Humptulips salmon 2021,2021-11-01,Unguided-Bank,77,113,0.6814159292035398
Humptulips salmon 2021,2021-11-01,Unguided-Boat,13,113,0.11504424778761062
Humptulips salmon 2022,2022-09-01,Guided-Bank,1,266,0.0037593984962406013
Humptulips salmon 2022,2022-09-01,Guided-Boat,30,266,0.11278195488721804
Humptulips salmon 2022,2022-09-01,Unguided-Bank,147,266,0.5526315789473685
Humptulips salmon 2022,2022-09-01,Unguided-Boat,88,266,0.3308270676691729
Humptulips salmon 2022,2022-10-01,Guided-Bank,0,95,0
Humptulips salmon 2022,2022-10-01,Guided-Boat,5,95,0.05263157894736842
Humptulips salmon 2022,2022-10-01,Unguided-Bank,61,95,0.6421052631578947
Humptulips salmon 2022,2022-10-01,Unguided-Boat,29,95,0.30526315789473685
Humptulips salmon 2022,2022-11-01,Guided-Bank,0,212,0
Humptulips salmon 2022,2022-11-01,Guided-Boat,15,212,0.07075471698113207
Humptulips salmon 2022,2022-11-01,Unguided-Bank,146,212,0.6886792452830188
Humptulips salmon 2022,2022-11-01,Unguided-Boat,51,212,0.24056603773584906
Humptulips salmon 2022,2022-12-01,Guided-Bank,0,96,0
Humptulips salmon 2022,2022-12-01,Guided-Boat,0,96,0
Humptulips salmon 2022,2022-12-01,Unguided-Bank,96,96,1
Humptulips salmon 2022,2022-12-01,Unguided-Boat,0,96,0
Humptulips salmon 2023,2023-09-01,Guided-Bank,3,312,0.009615384615384616
Humptulips salmon 2023,2023-09-01,Guided-Boat,23,312,0.07371794871794872
Humptulips salmon 2023,2023-09-01,Unguided-Bank,193,312,0.6185897435897436
Humptulips salmon 2023,2023-09-01,Unguided-Boat,93,312,0.2980769230769231
Humptulips salmon 2023,2023-10-01,Guided-Bank,1,344,0.0029069767441860465
Humptulips salmon 2023,2023-10-01,Guided-Boat,24,344,0.06976744186046512
Humptulips salmon 2023,2023-10-01,Unguided-Bank,215,344,0.625
Humptulips salmon 2023,2023-10-01,Unguided-Boat,104,344,0.3023255813953488
Humptulips salmon 2023,2023-11-01,Guided-Bank,0,212,0
Humptulips salmon 2023,2023-11-01,Guided-Boat,22,212,0.10377358490566038
Humptulips salmon 2023,2023-11-01,Unguided-Bank,155,212,0.7311320754716981
Humptulips salmon 2023,2023-11-01,Unguided-Boat,35,212,0.1650943396226415
Humptulips salmon 2024,2024-09-01,Guided-Bank,2,321,0.006230529595015576
Humptulips salmon 2024,2024-09-01,Guided-Boat,20,321,0.06230529595015576
Humptulips salmon 2024,2024-09-01,Unguided-Bank,200,321,0.6230529595015576
Humptulips salmon 2024,2024-09-01,Unguided-Boat,99,321,0.308411214953271
Humptulips salmon 2024,2024-10-01,Guided-Bank,0,317,0
Humptulips salmon 2024,2024-10-01,Guided-Boat,35,317,0.11041009463722397
Humptulips salmon 2024,2024-10-01,Unguided-Bank,222,317,0.7003154574132492
Humptulips salmon 2024,2024-10-01,Unguided-Boat,60,317,0.1892744479495268
Humptulips salmon 2024,2024-11-01,Guided-Bank,0,156,0
Humptulips salmon 2024,2024-11-01,Guided-Boat,6,156,0.038461538461538464
Humptulips salmon 2024,2024-11-01,Unguided-Bank,130,156,0.8333333333333334
Humptulips salmon 2024,2024-11-01,Unguided-Boat,20,156,0.1282051282051282
Humptulips salmon 2024,2024-12-01,Guided-Bank,1,107,0.009345794392523364
Humptulips salmon 2024,2024-12-01,Guided-Boat,3,107,0.028037383177570093
Humptulips salmon 2024,2024-12-01,Unguided-Bank,92,107,0.8598130841121495
Humptulips salmon 2024,2024-12-01,Unguided-Boat,11,107,0.102803738317757
Humptulips salmon 2025,2025-09-01,Guided-Bank,1,183,0.00546448087431694
Humptulips salmon 2025,2025-09-01,Guided-Boat,11,183,0.060109289617486336
Humptulips salmon 2025,2025-09-01,Unguided-Bank,109,183,0.5956284153005464
Humptulips salmon 2025,2025-09-01,Unguided-Boat,62,183,0.33879781420765026
Humptulips salmon 2025,2025-10-01,Guided-Bank,1,327,0.0030581039755351682
Humptulips salmon 2025,2025-10-01,Guided-Boat,14,327,0.04281345565749235
Humptulips salmon 2025,2025-10-01,Unguided-Bank,247,327,0.7553516819571865
Humptulips salmon 2025,2025-10-01,Unguided-Boat,65,327,0.19877675840978593
Humptulips salmon 2025,2025-11-01,Guided-Bank,0,253,0
Humptulips salmon 2025,2025-11-01,Guided-Boat,14,253,0.05533596837944664
Humptulips salmon 2025,2025-11-01,Unguided-Bank,193,253,0.7628458498023716
Humptulips salmon 2025,2025-11-01,Unguided-Boat,46,253,0.18181818181818182
Humptulips salmon 2025,2025-12-01,Guided-Bank,0,147,0
Humptulips salmon 2025,2025-12-01,Guided-Boat,1,147,0.006802721088435374
Humptulips salmon 2025,2025-12-01,Unguided-Bank,142,147,0.9659863945578231
Humptulips salmon 2025,2025-12-01,Unguided-Boat,4,147,0.027210884353741496
Humptulips winter steelhead 2024-25,2024-11-01,Guided-Bank,0,153,0
Humptulips winter steelhead 2024-25,2024-11-01,Guided-Boat,6,153,0.0392156862745098
Humptulips winter steelhead 2024-25,2024-11-01,Unguided-Bank,127,153,0.8300653594771242
Humptulips winter steelhead 2024-25,2024-11-01,Unguided-Boat,20,153,0.13071895424836602
Humptulips winter steelhead 2024-25,2024-12-01,Guided-Bank,1,107,0.009345794392523364
Humptulips winter steelhead 2024-25,2024-12-01,Guided-Boat,3,107,0.028037383177570093
Humptulips winter steelhead 2024-25,2024-12-01,Unguided-Bank,92,107,0.8598130841121495
Humptulips winter steelhead 2024-25,2024-12-01,Unguided-Boat,11,107,0.102803738317757
Humptulips winter steelhead 2024-25,2025-01-01,Guided-Bank,0,102,0
Humptulips winter steelhead 2024-25,2025-01-01,Guided-Boat,4,102,0.0392156862745098
Humptulips winter steelhead 2024-25,2025-01-01,Unguided-Bank,85,102,0.8333333333333334
Humptulips winter steelhead 2024-25,2025-01-01,Unguided-Boat,13,102,0.12745098039215685
Humptulips winter steelhead 2024-25,2025-02-01,Guided-Bank,0,3,0
Humptulips winter steelhead 2024-25,2025-02-01,Guided-Boat,0,3,0
Humptulips winter steelhead 2024-25,2025-02-01,Unguided-Bank,3,3,1
Humptulips winter steelhead 2024-25,2025-02-01,Unguided-Boat,0,3,0
Humptulips winter steelhead 2025-26,2025-11-01,Guided-Bank,0,253,0
Humptulips winter steelhead 2025-26,2025-11-01,Guided-Boat,14,253,0.05533596837944664
Humptulips winter steelhead 2025-26,2025-11-01,Unguided-Bank,193,253,0.7628458498023716
Humptulips winter steelhead 2025-26,2025-11-01,Unguided-Boat,46,253,0.18181818181818182
Humptulips winter steelhead 2025-26,2025-12-01,Guided-Bank,0,147,0
Humptulips winter steelhead 2025-26,2025-12-01,Guided-Boat,1,147,0.006802721088435374
Humptulips winter steelhead 2025-26,2025-12-01,Unguided-Bank,142,147,0.9659863945578231
Humptulips winter steelhead 2025-26,2025-12-01,Unguided-Boat,4,147,0.027210884353741496
Humptulips winter steelhead 2025-26,2026-01-01,Guided-Bank,1,132,0.007575757575757576
Humptulips winter steelhead 2025-26,2026-01-01,Guided-Boat,1,132,0.007575757575757576
Humptulips winter steelhead 2025-26,2026-01-01,Unguided-Bank,116,132,0.8787878787878788
Humptulips winter steelhead 2025-26,2026-01-01,Unguided-Boat,14,132,0.10606060606060606
Humptulips winter steelhead 2025-26,2026-02-01,Guided-Bank,0,3,0
Humptulips winter steelhead 2025-26,2026-02-01,Guided-Boat,0,3,0
Humptulips winter steelhead 2025-26,2026-02-01,Unguided-Bank,3,3,1
Humptulips winter steelhead 2025-26,2026-02-01,Unguided-Boat,0,3,0
Lower Chehalis salmon 2023,2023-09-01,Guided-Bank,0,309,0
Lower Chehalis salmon 2023,2023-09-01,Guided-Boat,4,309,0.012944983818770227
Lower Chehalis salmon 2023,2023-09-01,Unguided-Bank,68,309,0.22006472491909385
Lower Chehalis salmon 2023,2023-09-01,Unguided-Boat,237,309,0.7669902912621359
Lower Chehalis salmon 2023,2023-10-01,Guided-Bank,0,322,0
Lower Chehalis salmon 2023,2023-10-01,Guided-Boat,4,322,0.012422360248447204
Lower Chehalis salmon 2023,2023-10-01,Unguided-Bank,82,322,0.2546583850931677
Lower Chehalis salmon 2023,2023-10-01,Unguided-Boat,236,322,0.7329192546583851
Lower Chehalis salmon 2023,2023-11-01,Guided-Bank,0,112,0
Lower Chehalis salmon 2023,2023-11-01,Guided-Boat,1,112,0.008928571428571428
Lower Chehalis salmon 2023,2023-11-01,Unguided-Bank,77,112,0.6875
Lower Chehalis salmon 2023,2023-11-01,Unguided-Boat,34,112,0.30357142857142855
Lower Cowlitz salmon and steelhead 2022-23,2022-08-01,Guided-Bank,0,37,0
Lower Cowlitz salmon and steelhead 2022-23,2022-08-01,Guided-Boat,17,37,0.4594594594594595
Lower Cowlitz salmon and steelhead 2022-23,2022-08-01,Unguided-Bank,0,37,0
Lower Cowlitz salmon and steelhead 2022-23,2022-08-01,Unguided-Boat,20,37,0.5405405405405406
Lower Cowlitz salmon and steelhead 2022-23,2022-09-01,Guided-Bank,0,45,0
Lower Cowlitz salmon and steelhead 2022-23,2022-09-01,Guided-Boat,4,45,0.08888888888888889
Lower Cowlitz salmon and steelhead 2022-23,2022-09-01,Unguided-Bank,0,45,0
Lower Cowlitz salmon and steelhead 2022-23,2022-09-01,Unguided-Boat,41,45,0.9111111111111111
Lower Cowlitz salmon and steelhead 2022-23,2022-10-01,Guided-Bank,0,19,0
Lower Cowlitz salmon and steelhead 2022-23,2022-10-01,Guided-Boat,1,19,0.05263157894736842
Lower Cowlitz salmon and steelhead 2022-23,2022-10-01,Unguided-Bank,1,19,0.05263157894736842
Lower Cowlitz salmon and steelhead 2022-23,2022-10-01,Unguided-Boat,17,19,0.8947368421052632
Lower Cowlitz salmon and steelhead 2022-23,2022-11-01,Guided-Bank,0,7,0
Lower Cowlitz salmon and steelhead 2022-23,2022-11-01,Guided-Boat,1,7,0.14285714285714285
Lower Cowlitz salmon and steelhead 2022-23,2022-11-01,Unguided-Bank,0,7,0
Lower Cowlitz salmon and steelhead 2022-23,2022-11-01,Unguided-Boat,6,7,0.8571428571428571
Lower Cowlitz salmon and steelhead 2022-23,2023-02-01,Guided-Bank,0,19,0
Lower Cowlitz salmon and steelhead 2022-23,2023-02-01,Guided-Boat,10,19,0.5263157894736842
Lower Cowlitz salmon and steelhead 2022-23,2023-02-01,Unguided-Bank,1,19,0.05263157894736842
Lower Cowlitz salmon and steelhead 2022-23,2023-02-01,Unguided-Boat,8,19,0.42105263157894735
Lower Cowlitz salmon and steelhead 2022-23,2023-03-01,Guided-Bank,0,31,0
Lower Cowlitz salmon and steelhead 2022-23,2023-03-01,Guided-Boat,17,31,0.5483870967741935
Lower Cowlitz salmon and steelhead 2022-23,2023-03-01,Unguided-Bank,3,31,0.0967741935483871
Lower Cowlitz salmon and steelhead 2022-23,2023-03-01,Unguided-Boat,11,31,0.3548387096774194
Lower Cowlitz salmon and steelhead 2022-23,2023-04-01,Guided-Bank,0,14,0
Lower Cowlitz salmon and steelhead 2022-23,2023-04-01,Guided-Boat,6,14,0.42857142857142855
Lower Cowlitz salmon and steelhead 2022-23,2023-04-01,Unguided-Bank,2,14,0.14285714285714285
Lower Cowlitz salmon and steelhead 2022-23,2023-04-01,Unguided-Boat,6,14,0.42857142857142855
Lower Cowlitz salmon and steelhead 2022-23,2023-05-01,Guided-Bank,0,14,0
Lower Cowlitz salmon and steelhead 2022-23,2023-05-01,Guided-Boat,3,14,0.21428571428571427
Lower Cowlitz salmon and steelhead 2022-23,2023-05-01,Unguided-Bank,0,14,0
Lower Cowlitz salmon and steelhead 2022-23,2023-05-01,Unguided-Boat,11,14,0.7857142857142857
Lower Cowlitz salmon and steelhead 2022-23,2023-06-01,Guided-Bank,0,32,0
Lower Cowlitz salmon and steelhead 2022-23,2023-06-01,Guided-Boat,15,32,0.46875
Lower Cowlitz salmon and steelhead 2022-23,2023-06-01,Unguided-Bank,3,32,0.09375
Lower Cowlitz salmon and steelhead 2022-23,2023-06-01,Unguided-Boat,14,32,0.4375
Lower Cowlitz salmon and steelhead 2022-23,2023-07-01,Guided-Bank,0,91,0
Lower Cowlitz salmon and steelhead 2022-23,2023-07-01,Guided-Boat,45,91,0.4945054945054945
Lower Cowlitz salmon and steelhead 2022-23,2023-07-01,Unguided-Bank,16,91,0.17582417582417584
Lower Cowlitz salmon and steelhead 2022-23,2023-07-01,Unguided-Boat,30,91,0.32967032967032966
Lower Cowlitz salmon and steelhead 2023-24,2023-08-01,Guided-Bank,0,79,0
Lower Cowlitz salmon and steelhead 2023-24,2023-08-01,Guided-Boat,15,79,0.189873417721519
Lower Cowlitz salmon and steelhead 2023-24,2023-08-01,Unguided-Bank,51,79,0.6455696202531646
Lower Cowlitz salmon and steelhead 2023-24,2023-08-01,Unguided-Boat,13,79,0.16455696202531644
Lower Cowlitz salmon and steelhead 2023-24,2023-09-01,Guided-Bank,0,214,0
Lower Cowlitz salmon and steelhead 2023-24,2023-09-01,Guided-Boat,2,214,0.009345794392523364
Lower Cowlitz salmon and steelhead 2023-24,2023-09-01,Unguided-Bank,181,214,0.8457943925233645
Lower Cowlitz salmon and steelhead 2023-24,2023-09-01,Unguided-Boat,31,214,0.14485981308411214
Lower Cowlitz salmon and steelhead 2023-24,2023-10-01,Guided-Bank,1,216,0.004629629629629629
Lower Cowlitz salmon and steelhead 2023-24,2023-10-01,Guided-Boat,6,216,0.027777777777777776
Lower Cowlitz salmon and steelhead 2023-24,2023-10-01,Unguided-Bank,194,216,0.8981481481481481
Lower Cowlitz salmon and steelhead 2023-24,2023-10-01,Unguided-Boat,15,216,0.06944444444444445
Lower Cowlitz salmon and steelhead 2023-24,2023-11-01,Guided-Bank,0,100,0
Lower Cowlitz salmon and steelhead 2023-24,2023-11-01,Guided-Boat,2,100,0.02
Lower Cowlitz salmon and steelhead 2023-24,2023-11-01,Unguided-Bank,93,100,0.93
Lower Cowlitz salmon and steelhead 2023-24,2023-11-01,Unguided-Boat,5,100,0.05
Lower Cowlitz salmon and steelhead 2023-24,2023-12-01,Guided-Bank,1,50,0.02
Lower Cowlitz salmon and steelhead 2023-24,2023-12-01,Guided-Boat,0,50,0
Lower Cowlitz salmon and steelhead 2023-24,2023-12-01,Unguided-Bank,45,50,0.9
Lower Cowlitz salmon and steelhead 2023-24,2023-12-01,Unguided-Boat,4,50,0.08
Lower Cowlitz salmon and steelhead 2023-24,2024-01-01,Guided-Bank,0,165,0
Lower Cowlitz salmon and steelhead 2023-24,2024-01-01,Guided-Boat,21,165,0.12727272727272726
Lower Cowlitz salmon and steelhead 2023-24,2024-01-01,Unguided-Bank,127,165,0.7696969696969697
Lower Cowlitz salmon and steelhead 2023-24,2024-01-01,Unguided-Boat,17,165,0.10303030303030303
Lower Cowlitz salmon and steelhead 2023-24,2024-02-01,Guided-Bank,0,244,0
Lower Cowlitz salmon and steelhead 2023-24,2024-02-01,Guided-Boat,53,244,0.21721311475409835
Lower Cowlitz salmon and steelhead 2023-24,2024-02-01,Unguided-Bank,149,244,0.610655737704918
Lower Cowlitz salmon and steelhead 2023-24,2024-02-01,Unguided-Boat,42,244,0.1721311475409836
Lower Cowlitz salmon and steelhead 2023-24,2024-03-01,Guided-Bank,0,279,0
Lower Cowlitz salmon and steelhead 2023-24,2024-03-01,Guided-Boat,93,279,0.3333333333333333
Lower Cowlitz salmon and steelhead 2023-24,2024-03-01,Unguided-Bank,144,279,0.5161290322580645
Lower Cowlitz salmon and steelhead 2023-24,2024-03-01,Unguided-Boat,42,279,0.15053763440860216
Lower Cowlitz salmon and steelhead 2023-24,2024-04-01,Guided-Bank,0,150,0
Lower Cowlitz salmon and steelhead 2023-24,2024-04-01,Guided-Boat,11,150,0.07333333333333333
Lower Cowlitz salmon and steelhead 2023-24,2024-04-01,Unguided-Bank,131,150,0.8733333333333333
Lower Cowlitz salmon and steelhead 2023-24,2024-04-01,Unguided-Boat,8,150,0.05333333333333334
Lower Cowlitz salmon and steelhead 2023-24,2024-05-01,Guided-Bank,0,89,0
Lower Cowlitz salmon and steelhead 2023-24,2024-05-01,Guided-Boat,3,89,0.033707865168539325
Lower Cowlitz salmon and steelhead 2023-24,2024-05-01,Unguided-Bank,82,89,0.9213483146067416
Lower Cowlitz salmon and steelhead 2023-24,2024-05-01,Unguided-Boat,4,89,0.0449438202247191
Lower Cowlitz salmon and steelhead 2023-24,2024-06-01,Guided-Bank,0,112,0
Lower Cowlitz salmon and steelhead 2023-24,2024-06-01,Guided-Boat,26,112,0.23214285714285715
Lower Cowlitz salmon and steelhead 2023-24,2024-06-01,Unguided-Bank,74,112,0.6607142857142857
Lower Cowlitz salmon and steelhead 2023-24,2024-06-01,Unguided-Boat,12,112,0.10714285714285714
Lower Cowlitz salmon and steelhead 2023-24,2024-07-01,Guided-Bank,2,118,0.01694915254237288
Lower Cowlitz salmon and steelhead 2023-24,2024-07-01,Guided-Boat,27,118,0.2288135593220339
Lower Cowlitz salmon and steelhead 2023-24,2024-07-01,Unguided-Bank,70,118,0.5932203389830508
Lower Cowlitz salmon and steelhead 2023-24,2024-07-01,Unguided-Boat,19,118,0.16101694915254236
Naselle winter steelhead 2022,2022-01-01,Guided-Bank,0,106,0
Naselle winter steelhead 2022,2022-01-01,Guided-Boat,2,106,0.018867924528301886
Naselle winter steelhead 2022,2022-01-01,Unguided-Bank,104,106,0.9811320754716981
Naselle winter steelhead 2022,2022-01-01,Unguided-Boat,0,106,0
Naselle winter steelhead 2022,2022-02-01,Guided-Bank,0,60,0
Naselle winter steelhead 2022,2022-02-01,Guided-Boat,0,60,0
Naselle winter steelhead 2022,2022-02-01,Unguided-Bank,58,60,0.9666666666666667
Naselle winter steelhead 2022,2022-02-01,Unguided-Boat,2,60,0.03333333333333333
Naselle winter steelhead 2022-23,2022-12-01,Guided-Bank,0,17,0
Naselle winter steelhead 2022-23,2022-12-01,Guided-Boat,0,17,0
Naselle winter steelhead 2022-23,2022-12-01,Unguided-Bank,17,17,1
Naselle winter steelhead 2022-23,2022-12-01,Unguided-Boat,0,17,0
Naselle winter steelhead 2022-23,2023-01-01,Guided-Bank,0,58,0
Naselle winter steelhead 2022-23,2023-01-01,Guided-Boat,0,58,0
Naselle winter steelhead 2022-23,2023-01-01,Unguided-Bank,58,58,1
Naselle winter steelhead 2022-23,2023-01-01,Unguided-Boat,0,58,0
Naselle winter steelhead 2022-23,2023-02-01,Guided-Bank,0,66,0
Naselle winter steelhead 2022-23,2023-02-01,Guided-Boat,0,66,0
Naselle winter steelhead 2022-23,2023-02-01,Unguided-Bank,66,66,1
Naselle winter steelhead 2022-23,2023-02-01,Unguided-Boat,0,66,0
Naselle winter steelhead 2022-23,2023-03-01,Guided-Bank,0,60,0
Naselle winter steelhead 2022-23,2023-03-01,Guided-Boat,0,60,0
Naselle winter steelhead 2022-23,2023-03-01,Unguided-Bank,60,60,1
Naselle winter steelhead 2022-23,2023-03-01,Unguided-Boat,0,60,0
Naselle winter steelhead 2023-24,2023-12-01,Guided-Bank,0,127,0
Naselle winter steelhead 2023-24,2023-12-01,Guided-Boat,1,127,0.007874015748031496
Naselle winter steelhead 2023-24,2023-12-01,Unguided-Bank,118,127,0.9291338582677166
Naselle winter steelhead 2023-24,2023-12-01,Unguided-Boat,8,127,0.06299212598425197
Naselle winter steelhead 2023-24,2024-01-01,Guided-Bank,0,66,0
Naselle winter steelhead 2023-24,2024-01-01,Guided-Boat,0,66,0
Naselle winter steelhead 2023-24,2024-01-01,Unguided-Bank,59,66,0.8939393939393939
Naselle winter steelhead 2023-24,2024-01-01,Unguided-Boat,7,66,0.10606060606060606
Naselle winter steelhead 2023-24,2024-02-01,Guided-Bank,1,71,0.014084507042253521
Naselle winter steelhead 2023-24,2024-02-01,Guided-Boat,1,71,0.014084507042253521
Naselle winter steelhead 2023-24,2024-02-01,Unguided-Bank,56,71,0.7887323943661971
Naselle winter steelhead 2023-24,2024-02-01,Unguided-Boat,13,71,0.18309859154929578
Naselle winter steelhead 2023-24,2024-03-01,Guided-Bank,1,47,0.02127659574468085
Naselle winter steelhead 2023-24,2024-03-01,Guided-Boat,1,47,0.02127659574468085
Naselle winter steelhead 2023-24,2024-03-01,Unguided-Bank,37,47,0.7872340425531915
Naselle winter steelhead 2023-24,2024-03-01,Unguided-Boat,8,47,0.1702127659574468
Nooksack fall salmon 2023,2023-11-01,Guided-Bank,0,27,0
Nooksack fall salmon 2023,2023-11-01,Guided-Boat,0,27,0
Nooksack fall salmon 2023,2023-11-01,Unguided-Bank,23,27,0.8518518518518519
Nooksack fall salmon 2023,2023-11-01,Unguided-Boat,4,27,0.14814814814814814
Nooksack fall salmon 2024,2024-11-01,Guided-Bank,0,58,0
Nooksack fall salmon 2024,2024-11-01,Guided-Boat,0,58,0
Nooksack fall salmon 2024,2024-11-01,Unguided-Bank,55,58,0.9482758620689655
Nooksack fall salmon 2024,2024-11-01,Unguided-Boat,3,58,0.05172413793103448
Nooksack spring Chinook 2022,2022-05-01,Guided-Bank,0,35,0
Nooksack spring Chinook 2022,2022-05-01,Guided-Boat,0,35,0
Nooksack spring Chinook 2022,2022-05-01,Unguided-Bank,34,35,0.9714285714285714
Nooksack spring Chinook 2022,2022-05-01,Unguided-Boat,1,35,0.02857142857142857
Nooksack spring Chinook 2022,2022-06-01,Guided-Bank,0,93,0
Nooksack spring Chinook 2022,2022-06-01,Guided-Boat,0,93,0
Nooksack spring Chinook 2022,2022-06-01,Unguided-Bank,93,93,1
Nooksack spring Chinook 2022,2022-06-01,Unguided-Boat,0,93,0
Nooksack spring Chinook 2022,2022-07-01,Guided-Bank,0,32,0
Nooksack spring Chinook 2022,2022-07-01,Guided-Boat,0,32,0
Nooksack spring Chinook 2022,2022-07-01,Unguided-Bank,29,32,0.90625
Nooksack spring Chinook 2022,2022-07-01,Unguided-Boat,3,32,0.09375
Nooksack spring Chinook 2026,2026-05-01,Guided-Bank,0,123,0
Nooksack spring Chinook 2026,2026-05-01,Guided-Boat,0,123,0
Nooksack spring Chinook 2026,2026-05-01,Unguided-Bank,108,123,0.8780487804878049
Nooksack spring Chinook 2026,2026-05-01,Unguided-Boat,15,123,0.12195121951219512
Nooksack spring Chinook 2026,2026-06-01,Guided-Bank,0,113,0
Nooksack spring Chinook 2026,2026-06-01,Guided-Boat,2,113,0.017699115044247787
Nooksack spring Chinook 2026,2026-06-01,Unguided-Bank,104,113,0.9203539823008849
Nooksack spring Chinook 2026,2026-06-01,Unguided-Boat,7,113,0.061946902654867256
Nooksack winter gamefish 2021-22,2022-01-01,Guided-Bank,0,63,0
Nooksack winter gamefish 2021-22,2022-01-01,Guided-Boat,0,63,0
Nooksack winter gamefish 2021-22,2022-01-01,Unguided-Bank,51,63,0.8095238095238095
Nooksack winter gamefish 2021-22,2022-01-01,Unguided-Boat,12,63,0.19047619047619047
Nooksack winter gamefish 2021-22,2022-02-01,Guided-Bank,0,191,0
Nooksack winter gamefish 2021-22,2022-02-01,Guided-Boat,0,191,0
Nooksack winter gamefish 2021-22,2022-02-01,Unguided-Bank,157,191,0.8219895287958116
Nooksack winter gamefish 2021-22,2022-02-01,Unguided-Boat,34,191,0.17801047120418848
Nooksack winter gamefish 2022-23,2022-12-01,Guided-Bank,0,87,0
Nooksack winter gamefish 2022-23,2022-12-01,Guided-Boat,0,87,0
Nooksack winter gamefish 2022-23,2022-12-01,Unguided-Bank,77,87,0.8850574712643678
Nooksack winter gamefish 2022-23,2022-12-01,Unguided-Boat,10,87,0.11494252873563218
Nooksack winter gamefish 2022-23,2023-01-01,Guided-Bank,0,24,0
Nooksack winter gamefish 2022-23,2023-01-01,Guided-Boat,0,24,0
Nooksack winter gamefish 2022-23,2023-01-01,Unguided-Bank,23,24,0.9583333333333334
Nooksack winter gamefish 2022-23,2023-01-01,Unguided-Boat,1,24,0.041666666666666664
Nooksack winter gamefish 2022-23,2023-02-01,Guided-Bank,2,182,0.01098901098901099
Nooksack winter gamefish 2022-23,2023-02-01,Guided-Boat,1,182,0.005494505494505495
Nooksack winter gamefish 2022-23,2023-02-01,Unguided-Bank,148,182,0.8131868131868132
Nooksack winter gamefish 2022-23,2023-02-01,Unguided-Boat,31,182,0.17032967032967034
Post Quillayute winter steelhead 2023-24,2024-01-01,Guided-Bank,2,20,0.1
Post Quillayute winter steelhead 2023-24,2024-01-01,Guided-Boat,7,20,0.35
Post Quillayute winter steelhead 2023-24,2024-01-01,Unguided-Bank,9,20,0.45
Post Quillayute winter steelhead 2023-24,2024-01-01,Unguided-Boat,2,20,0.1
Post Quillayute winter steelhead 2023-24,2024-02-01,Guided-Bank,22,136,0.16176470588235295
Post Quillayute winter steelhead 2023-24,2024-02-01,Guided-Boat,53,136,0.3897058823529412
Post Quillayute winter steelhead 2023-24,2024-02-01,Unguided-Bank,26,136,0.19117647058823528
Post Quillayute winter steelhead 2023-24,2024-02-01,Unguided-Boat,35,136,0.25735294117647056
Post Quillayute winter steelhead 2023-24,2024-03-01,Guided-Bank,21,183,0.11475409836065574
Post Quillayute winter steelhead 2023-24,2024-03-01,Guided-Boat,58,183,0.31693989071038253
Post Quillayute winter steelhead 2023-24,2024-03-01,Unguided-Bank,43,183,0.23497267759562843
Post Quillayute winter steelhead 2023-24,2024-03-01,Unguided-Boat,61,183,0.3333333333333333
Pre Quillayute winter steelhead 2023-24,2023-12-01,Guided-Bank,2,28,0.07142857142857142
Pre Quillayute winter steelhead 2023-24,2023-12-01,Guided-Boat,3,28,0.10714285714285714
Pre Quillayute winter steelhead 2023-24,2023-12-01,Unguided-Bank,20,28,0.7142857142857143
Pre Quillayute winter steelhead 2023-24,2023-12-01,Unguided-Boat,3,28,0.10714285714285714
Pre Quillayute winter steelhead 2023-24,2024-01-01,Guided-Bank,13,97,0.13402061855670103
Pre Quillayute winter steelhead 2023-24,2024-01-01,Guided-Boat,37,97,0.38144329896907214
Pre Quillayute winter steelhead 2023-24,2024-01-01,Unguided-Bank,25,97,0.25773195876288657
Pre Quillayute winter steelhead 2023-24,2024-01-01,Unguided-Boat,22,97,0.2268041237113402
Puyallup Carbon salmon 2024,2024-09-01,Guided-Bank,0,1,0
Puyallup Carbon salmon 2024,2024-09-01,Guided-Boat,0,1,0
Puyallup Carbon salmon 2024,2024-09-01,Unguided-Bank,0,1,0
Puyallup Carbon salmon 2024,2024-09-01,Unguided-Boat,1,1,1
Queets winter steelhead 2024-25,2025-01-01,Guided-Bank,1,21,0.047619047619047616
Queets winter steelhead 2024-25,2025-01-01,Guided-Boat,0,21,0
Queets winter steelhead 2024-25,2025-01-01,Unguided-Bank,16,21,0.7619047619047619
Queets winter steelhead 2024-25,2025-01-01,Unguided-Boat,4,21,0.19047619047619047
Queets winter steelhead 2024-25,2025-02-01,Guided-Bank,1,38,0.02631578947368421
Queets winter steelhead 2024-25,2025-02-01,Guided-Boat,5,38,0.13157894736842105
Queets winter steelhead 2024-25,2025-02-01,Unguided-Bank,20,38,0.5263157894736842
Queets winter steelhead 2024-25,2025-02-01,Unguided-Boat,12,38,0.3157894736842105
Queets winter steelhead 2025-26,2025-12-01,Guided-Bank,0,4,0
Queets winter steelhead 2025-26,2025-12-01,Guided-Boat,0,4,0
Queets winter steelhead 2025-26,2025-12-01,Unguided-Bank,4,4,1
Queets winter steelhead 2025-26,2025-12-01,Unguided-Boat,0,4,0
Queets winter steelhead 2025-26,2026-01-01,Guided-Bank,0,13,0
Queets winter steelhead 2025-26,2026-01-01,Guided-Boat,0,13,0
Queets winter steelhead 2025-26,2026-01-01,Unguided-Bank,13,13,1
Queets winter steelhead 2025-26,2026-01-01,Unguided-Boat,0,13,0
Queets winter steelhead 2025-26,2026-02-01,Guided-Bank,3,15,0.2
Queets winter steelhead 2025-26,2026-02-01,Guided-Boat,1,15,0.06666666666666667
Queets winter steelhead 2025-26,2026-02-01,Unguided-Bank,7,15,0.4666666666666667
Queets winter steelhead 2025-26,2026-02-01,Unguided-Boat,4,15,0.26666666666666666
Queets winter steelhead 2025-26,2026-03-01,Guided-Bank,0,8,0
Queets winter steelhead 2025-26,2026-03-01,Guided-Boat,1,8,0.125
Queets winter steelhead 2025-26,2026-03-01,Unguided-Bank,3,8,0.375
Queets winter steelhead 2025-26,2026-03-01,Unguided-Boat,4,8,0.5
Quillayute fall salmon 2022,2022-09-01,Guided-Bank,0,6,0
Quillayute fall salmon 2022,2022-09-01,Guided-Boat,0,6,0
Quillayute fall salmon 2022,2022-09-01,Unguided-Bank,4,6,0.6666666666666666
Quillayute fall salmon 2022,2022-09-01,Unguided-Boat,2,6,0.3333333333333333
Quillayute fall salmon 2022,2022-10-01,Guided-Bank,0,16,0
Quillayute fall salmon 2022,2022-10-01,Guided-Boat,0,16,0
Quillayute fall salmon 2022,2022-10-01,Unguided-Bank,14,16,0.875
Quillayute fall salmon 2022,2022-10-01,Unguided-Boat,2,16,0.125
Quillayute fall salmon 2022,2022-11-01,Guided-Bank,2,213,0.009389671361502348
Quillayute fall salmon 2022,2022-11-01,Guided-Boat,30,213,0.14084507042253522
Quillayute fall salmon 2022,2022-11-01,Unguided-Bank,117,213,0.5492957746478874
Quillayute fall salmon 2022,2022-11-01,Unguided-Boat,64,213,0.3004694835680751
Quillayute fall salmon 2022,2022-12-01,Guided-Bank,2,144,0.013888888888888888
Quillayute fall salmon 2022,2022-12-01,Guided-Boat,17,144,0.11805555555555555
Quillayute fall salmon 2022,2022-12-01,Unguided-Bank,93,144,0.6458333333333334
Quillayute fall salmon 2022,2022-12-01,Unguided-Boat,32,144,0.2222222222222222
Quillayute fall salmon 2023,2023-10-01,Guided-Bank,0,250,0
Quillayute fall salmon 2023,2023-10-01,Guided-Boat,24,250,0.096
Quillayute fall salmon 2023,2023-10-01,Unguided-Bank,178,250,0.712
Quillayute fall salmon 2023,2023-10-01,Unguided-Boat,48,250,0.192
Quillayute fall salmon 2023,2023-11-01,Guided-Bank,0,66,0
Quillayute fall salmon 2023,2023-11-01,Guided-Boat,7,66,0.10606060606060606
Quillayute fall salmon 2023,2023-11-01,Unguided-Bank,41,66,0.6212121212121212
Quillayute fall salmon 2023,2023-11-01,Unguided-Boat,18,66,0.2727272727272727
Quillayute fall salmon 2023,2023-12-01,Guided-Bank,0,1,0
Quillayute fall salmon 2023,2023-12-01,Guided-Boat,0,1,0
Quillayute fall salmon 2023,2023-12-01,Unguided-Bank,1,1,1
Quillayute fall salmon 2023,2023-12-01,Unguided-Boat,0,1,0
Quillayute fall salmon 2024,2024-09-01,Guided-Bank,2,197,0.01015228426395939
Quillayute fall salmon 2024,2024-09-01,Guided-Boat,14,197,0.07106598984771574
Quillayute fall salmon 2024,2024-09-01,Unguided-Bank,149,197,0.7563451776649747
Quillayute fall salmon 2024,2024-09-01,Unguided-Boat,32,197,0.16243654822335024
Quillayute fall salmon 2024,2024-10-01,Guided-Bank,3,300,0.01
Quillayute fall salmon 2024,2024-10-01,Guided-Boat,43,300,0.14333333333333334
Quillayute fall salmon 2024,2024-10-01,Unguided-Bank,183,300,0.61
Quillayute fall salmon 2024,2024-10-01,Unguided-Boat,71,300,0.23666666666666666
Quillayute fall salmon 2024,2024-11-01,Guided-Bank,1,165,0.006060606060606061
Quillayute fall salmon 2024,2024-11-01,Guided-Boat,39,165,0.23636363636363636
Quillayute fall salmon 2024,2024-11-01,Unguided-Bank,88,165,0.5333333333333333
Quillayute fall salmon 2024,2024-11-01,Unguided-Boat,37,165,0.22424242424242424
Quillayute fall salmon 2025,2025-09-01,Guided-Bank,2,155,0.012903225806451613
Quillayute fall salmon 2025,2025-09-01,Guided-Boat,11,155,0.07096774193548387
Quillayute fall salmon 2025,2025-09-01,Unguided-Bank,116,155,0.7483870967741936
Quillayute fall salmon 2025,2025-09-01,Unguided-Boat,26,155,0.16774193548387098
Quillayute fall salmon 2025,2025-10-01,Guided-Bank,0,296,0
Quillayute fall salmon 2025,2025-10-01,Guided-Boat,40,296,0.13513513513513514
Quillayute fall salmon 2025,2025-10-01,Unguided-Bank,186,296,0.6283783783783784
Quillayute fall salmon 2025,2025-10-01,Unguided-Boat,70,296,0.23648648648648649
Quillayute fall salmon 2025,2025-11-01,Guided-Bank,1,154,0.006493506493506494
Quillayute fall salmon 2025,2025-11-01,Guided-Boat,14,154,0.09090909090909091
Quillayute fall salmon 2025,2025-11-01,Unguided-Bank,98,154,0.6363636363636364
Quillayute fall salmon 2025,2025-11-01,Unguided-Boat,41,154,0.2662337662337662
Quillayute fall salmon 2025,2025-12-01,Guided-Bank,0,1,0
Quillayute fall salmon 2025,2025-12-01,Guided-Boat,0,1,0
Quillayute fall salmon 2025,2025-12-01,Unguided-Bank,1,1,1
Quillayute fall salmon 2025,2025-12-01,Unguided-Boat,0,1,0
Quillayute spring chinook 2025,2025-05-01,Guided-Bank,1,102,0.00980392156862745
Quillayute spring chinook 2025,2025-05-01,Guided-Boat,40,102,0.39215686274509803
Quillayute spring chinook 2025,2025-05-01,Unguided-Bank,37,102,0.3627450980392157
Quillayute spring chinook 2025,2025-05-01,Unguided-Boat,24,102,0.23529411764705882
Quillayute spring chinook 2025,2025-06-01,Guided-Bank,1,38,0.02631578947368421
Quillayute spring chinook 2025,2025-06-01,Guided-Boat,9,38,0.23684210526315788
Quillayute spring chinook 2025,2025-06-01,Unguided-Bank,19,38,0.5
Quillayute spring chinook 2025,2025-06-01,Unguided-Boat,9,38,0.23684210526315788
Quillayute spring chinook 2026,2026-05-01,Guided-Bank,2,133,0.015037593984962405
Quillayute spring chinook 2026,2026-05-01,Guided-Boat,27,133,0.20300751879699247
Quillayute spring chinook 2026,2026-05-01,Unguided-Bank,68,133,0.5112781954887218
Quillayute spring chinook 2026,2026-05-01,Unguided-Boat,36,133,0.2706766917293233
Quillayute winter steelhead 2022-23,2022-12-01,Guided-Bank,1,12,0.08333333333333333
Quillayute winter steelhead 2022-23,2022-12-01,Guided-Boat,1,12,0.08333333333333333
Quillayute winter steelhead 2022-23,2022-12-01,Unguided-Bank,9,12,0.75
Quillayute winter steelhead 2022-23,2022-12-01,Unguided-Boat,1,12,0.08333333333333333
Quillayute winter steelhead 2022-23,2023-01-01,Guided-Bank,23,91,0.25274725274725274
Quillayute winter steelhead 2022-23,2023-01-01,Guided-Boat,17,91,0.18681318681318682
Quillayute winter steelhead 2022-23,2023-01-01,Unguided-Bank,39,91,0.42857142857142855
Quillayute winter steelhead 2022-23,2023-01-01,Unguided-Boat,12,91,0.13186813186813187
Quillayute winter steelhead 2022-23,2023-02-01,Guided-Bank,18,109,0.1651376146788991
Quillayute winter steelhead 2022-23,2023-02-01,Guided-Boat,26,109,0.23853211009174313
Quillayute winter steelhead 2022-23,2023-02-01,Unguided-Bank,42,109,0.3853211009174312
Quillayute winter steelhead 2022-23,2023-02-01,Unguided-Boat,23,109,0.21100917431192662
Quillayute winter steelhead 2022-23,2023-03-01,Guided-Bank,5,36,0.1388888888888889
Quillayute winter steelhead 2022-23,2023-03-01,Guided-Boat,21,36,0.5833333333333334
Quillayute winter steelhead 2022-23,2023-03-01,Unguided-Bank,8,36,0.2222222222222222
Quillayute winter steelhead 2022-23,2023-03-01,Unguided-Boat,2,36,0.05555555555555555
Quillayute winter steelhead 2024-25,2024-12-01,Guided-Bank,3,194,0.015463917525773196
Quillayute winter steelhead 2024-25,2024-12-01,Guided-Boat,21,194,0.10824742268041238
Quillayute winter steelhead 2024-25,2024-12-01,Unguided-Bank,148,194,0.7628865979381443
Quillayute winter steelhead 2024-25,2024-12-01,Unguided-Boat,22,194,0.1134020618556701
Quillayute winter steelhead 2024-25,2025-01-01,Guided-Bank,5,137,0.0364963503649635
Quillayute winter steelhead 2024-25,2025-01-01,Guided-Boat,26,137,0.1897810218978102
Quillayute winter steelhead 2024-25,2025-01-01,Unguided-Bank,70,137,0.5109489051094891
Quillayute winter steelhead 2024-25,2025-01-01,Unguided-Boat,36,137,0.26277372262773724
Quillayute winter steelhead 2024-25,2025-02-01,Guided-Bank,19,139,0.1366906474820144
Quillayute winter steelhead 2024-25,2025-02-01,Guided-Boat,37,139,0.26618705035971224
Quillayute winter steelhead 2024-25,2025-02-01,Unguided-Bank,56,139,0.4028776978417266
Quillayute winter steelhead 2024-25,2025-02-01,Unguided-Boat,27,139,0.19424460431654678
Quillayute winter steelhead 2024-25,2025-03-01,Guided-Bank,48,281,0.1708185053380783
Quillayute winter steelhead 2024-25,2025-03-01,Guided-Boat,107,281,0.3807829181494662
Quillayute winter steelhead 2024-25,2025-03-01,Unguided-Bank,76,281,0.2704626334519573
Quillayute winter steelhead 2024-25,2025-03-01,Unguided-Boat,50,281,0.17793594306049823
Quillayute winter steelhead 2025-26,2025-12-01,Guided-Bank,2,198,0.010101010101010102
Quillayute winter steelhead 2025-26,2025-12-01,Guided-Boat,7,198,0.03535353535353535
Quillayute winter steelhead 2025-26,2025-12-01,Unguided-Bank,170,198,0.8585858585858586
Quillayute winter steelhead 2025-26,2025-12-01,Unguided-Boat,19,198,0.09595959595959595
Quillayute winter steelhead 2025-26,2026-01-01,Guided-Bank,10,243,0.0411522633744856
Quillayute winter steelhead 2025-26,2026-01-01,Guided-Boat,29,243,0.11934156378600823
Quillayute winter steelhead 2025-26,2026-01-01,Unguided-Bank,159,243,0.654320987654321
Quillayute winter steelhead 2025-26,2026-01-01,Unguided-Boat,45,243,0.18518518518518517
Quillayute winter steelhead 2025-26,2026-02-01,Guided-Bank,33,303,0.10891089108910891
Quillayute winter steelhead 2025-26,2026-02-01,Guided-Boat,67,303,0.22112211221122113
Quillayute winter steelhead 2025-26,2026-02-01,Unguided-Bank,133,303,0.4389438943894389
Quillayute winter steelhead 2025-26,2026-02-01,Unguided-Boat,70,303,0.23102310231023102
Quillayute winter steelhead 2025-26,2026-03-01,Guided-Bank,27,330,0.08181818181818182
Quillayute winter steelhead 2025-26,2026-03-01,Guided-Boat,111,330,0.33636363636363636
Quillayute winter steelhead 2025-26,2026-03-01,Unguided-Bank,121,330,0.36666666666666664
Quillayute winter steelhead 2025-26,2026-03-01,Unguided-Boat,71,330,0.21515151515151515
Quinault winter steelhead 2024-25,2025-03-01,Guided-Bank,1,46,0.021739130434782608
Quinault winter steelhead 2024-25,2025-03-01,Guided-Boat,9,46,0.1956521739130435
Quinault winter steelhead 2024-25,2025-03-01,Unguided-Bank,27,46,0.5869565217391305
Quinault winter steelhead 2024-25,2025-03-01,Unguided-Boat,9,46,0.1956521739130435
Quinault winter steelhead 2025-26,2026-01-01,Guided-Bank,0,2,0
Quinault winter steelhead 2025-26,2026-01-01,Guided-Boat,0,2,0
Quinault winter steelhead 2025-26,2026-01-01,Unguided-Bank,2,2,1
Quinault winter steelhead 2025-26,2026-01-01,Unguided-Boat,0,2,0
Quinault winter steelhead 2025-26,2026-02-01,Guided-Bank,0,6,0
Quinault winter steelhead 2025-26,2026-02-01,Guided-Boat,0,6,0
Quinault winter steelhead 2025-26,2026-02-01,Unguided-Bank,6,6,1
Quinault winter steelhead 2025-26,2026-02-01,Unguided-Boat,0,6,0
Quinault winter steelhead 2025-26,2026-03-01,Guided-Bank,0,12,0
Quinault winter steelhead 2025-26,2026-03-01,Guided-Boat,0,12,0
Quinault winter steelhead 2025-26,2026-03-01,Unguided-Bank,8,12,0.6666666666666666
Quinault winter steelhead 2025-26,2026-03-01,Unguided-Boat,4,12,0.3333333333333333
Satsop salmon 2022,2022-10-01,Guided-Bank,0,73,0
Satsop salmon 2022,2022-10-01,Guided-Boat,0,73,0
Satsop salmon 2022,2022-10-01,Unguided-Bank,40,73,0.547945205479452
Satsop salmon 2022,2022-10-01,Unguided-Boat,33,73,0.4520547945205479
Satsop salmon 2022,2022-11-01,Guided-Bank,0,209,0
Satsop salmon 2022,2022-11-01,Guided-Boat,5,209,0.023923444976076555
Satsop salmon 2022,2022-11-01,Unguided-Bank,145,209,0.69377990430622
Satsop salmon 2022,2022-11-01,Unguided-Boat,59,209,0.2822966507177033
Satsop salmon 2022,2022-12-01,Guided-Bank,0,45,0
Satsop salmon 2022,2022-12-01,Guided-Boat,0,45,0
Satsop salmon 2022,2022-12-01,Unguided-Bank,44,45,0.9777777777777777
Satsop salmon 2022,2022-12-01,Unguided-Boat,1,45,0.022222222222222223
Satsop salmon 2023,2023-10-01,Guided-Bank,0,169,0
Satsop salmon 2023,2023-10-01,Guided-Boat,2,169,0.011834319526627219
Satsop salmon 2023,2023-10-01,Unguided-Bank,128,169,0.757396449704142
Satsop salmon 2023,2023-10-01,Unguided-Boat,39,169,0.23076923076923078
Satsop salmon 2023,2023-11-01,Guided-Bank,0,198,0
Satsop salmon 2023,2023-11-01,Guided-Boat,6,198,0.030303030303030304
Satsop salmon 2023,2023-11-01,Unguided-Bank,134,198,0.6767676767676768
Satsop salmon 2023,2023-11-01,Unguided-Boat,58,198,0.29292929292929293
Satsop salmon 2024,2024-10-01,Guided-Bank,0,283,0
Satsop salmon 2024,2024-10-01,Guided-Boat,2,283,0.007067137809187279
Satsop salmon 2024,2024-10-01,Unguided-Bank,225,283,0.7950530035335689
Satsop salmon 2024,2024-10-01,Unguided-Boat,56,283,0.1978798586572438
Satsop salmon 2024,2024-11-01,Guided-Bank,0,147,0
Satsop salmon 2024,2024-11-01,Guided-Boat,5,147,0.034013605442176874
Satsop salmon 2024,2024-11-01,Unguided-Bank,89,147,0.6054421768707483
Satsop salmon 2024,2024-11-01,Unguided-Boat,53,147,0.36054421768707484
Satsop salmon 2024,2024-12-01,Guided-Bank,0,45,0
Satsop salmon 2024,2024-12-01,Guided-Boat,2,45,0.044444444444444446
Satsop salmon 2024,2024-12-01,Unguided-Bank,27,45,0.6
Satsop salmon 2024,2024-12-01,Unguided-Boat,16,45,0.35555555555555557
Satsop salmon 2025,2025-10-01,Guided-Bank,0,140,0
Satsop salmon 2025,2025-10-01,Guided-Boat,8,140,0.05714285714285714
Satsop salmon 2025,2025-10-01,Unguided-Bank,104,140,0.7428571428571429
Satsop salmon 2025,2025-10-01,Unguided-Boat,28,140,0.2
Satsop salmon 2025,2025-11-01,Guided-Bank,0,161,0
Satsop salmon 2025,2025-11-01,Guided-Boat,10,161,0.062111801242236024
Satsop salmon 2025,2025-11-01,Unguided-Bank,89,161,0.5527950310559007
Satsop salmon 2025,2025-11-01,Unguided-Boat,62,161,0.38509316770186336
Satsop salmon 2025,2025-12-01,Guided-Bank,0,29,0
Satsop salmon 2025,2025-12-01,Guided-Boat,1,29,0.034482758620689655
Satsop salmon 2025,2025-12-01,Unguided-Bank,17,29,0.5862068965517241
Satsop salmon 2025,2025-12-01,Unguided-Boat,11,29,0.3793103448275862
Satsop winter steelhead 2024-25,2024-11-01,Guided-Bank,0,147,0
Satsop winter steelhead 2024-25,2024-11-01,Guided-Boat,5,147,0.034013605442176874
Satsop winter steelhead 2024-25,2024-11-01,Unguided-Bank,89,147,0.6054421768707483
Satsop winter steelhead 2024-25,2024-11-01,Unguided-Boat,53,147,0.36054421768707484
Satsop winter steelhead 2024-25,2024-12-01,Guided-Bank,0,45,0
Satsop winter steelhead 2024-25,2024-12-01,Guided-Boat,2,45,0.044444444444444446
Satsop winter steelhead 2024-25,2024-12-01,Unguided-Bank,27,45,0.6
Satsop winter steelhead 2024-25,2024-12-01,Unguided-Boat,16,45,0.35555555555555557
Satsop winter steelhead 2024-25,2025-01-01,Guided-Bank,0,56,0
Satsop winter steelhead 2024-25,2025-01-01,Guided-Boat,1,56,0.017857142857142856
Satsop winter steelhead 2024-25,2025-01-01,Unguided-Bank,26,56,0.4642857142857143
Satsop winter steelhead 2024-25,2025-01-01,Unguided-Boat,29,56,0.5178571428571429
Satsop winter steelhead 2024-25,2025-02-01,Guided-Bank,0,94,0
Satsop winter steelhead 2024-25,2025-02-01,Guided-Boat,3,94,0.031914893617021274
Satsop winter steelhead 2024-25,2025-02-01,Unguided-Bank,39,94,0.4148936170212766
Satsop winter steelhead 2024-25,2025-02-01,Unguided-Boat,52,94,0.5531914893617021
Satsop winter steelhead 2025-26,2025-12-01,Guided-Bank,0,29,0
Satsop winter steelhead 2025-26,2025-12-01,Guided-Boat,1,29,0.034482758620689655
Satsop winter steelhead 2025-26,2025-12-01,Unguided-Bank,17,29,0.5862068965517241
Satsop winter steelhead 2025-26,2025-12-01,Unguided-Boat,11,29,0.3793103448275862
Satsop winter steelhead 2025-26,2026-01-01,Guided-Bank,0,60,0
Satsop winter steelhead 2025-26,2026-01-01,Guided-Boat,2,60,0.03333333333333333
Satsop winter steelhead 2025-26,2026-01-01,Unguided-Bank,36,60,0.6
Satsop winter steelhead 2025-26,2026-01-01,Unguided-Boat,22,60,0.36666666666666664
Satsop winter steelhead 2025-26,2026-02-01,Guided-Bank,0,72,0
Satsop winter steelhead 2025-26,2026-02-01,Guided-Boat,8,72,0.1111111111111111
Satsop winter steelhead 2025-26,2026-02-01,Unguided-Bank,35,72,0.4861111111111111
Satsop winter steelhead 2025-26,2026-02-01,Unguided-Boat,29,72,0.4027777777777778
Skagit fall salmon 2021,2021-08-01,Guided-Bank,0,130,0
Skagit fall salmon 2021,2021-08-01,Guided-Boat,0,130,0
Skagit fall salmon 2021,2021-08-01,Unguided-Bank,70,130,0.5384615384615384
Skagit fall salmon 2021,2021-08-01,Unguided-Boat,60,130,0.46153846153846156
Skagit fall salmon 2021,2021-09-01,Guided-Bank,0,472,0
Skagit fall salmon 2021,2021-09-01,Guided-Boat,2,472,0.00423728813559322
Skagit fall salmon 2021,2021-09-01,Unguided-Bank,312,472,0.6610169491525424
Skagit fall salmon 2021,2021-09-01,Unguided-Boat,158,472,0.3347457627118644
Skagit fall salmon 2021,2021-10-01,Guided-Bank,0,194,0
Skagit fall salmon 2021,2021-10-01,Guided-Boat,6,194,0.030927835051546393
Skagit fall salmon 2021,2021-10-01,Unguided-Bank,109,194,0.5618556701030928
Skagit fall salmon 2021,2021-10-01,Unguided-Boat,79,194,0.4072164948453608
Skagit fall salmon 2021,2021-11-01,Guided-Bank,0,49,0
Skagit fall salmon 2021,2021-11-01,Guided-Boat,2,49,0.04081632653061224
Skagit fall salmon 2021,2021-11-01,Unguided-Bank,31,49,0.6326530612244898
Skagit fall salmon 2021,2021-11-01,Unguided-Boat,16,49,0.32653061224489793
Skagit fall salmon 2021,2021-12-01,Guided-Bank,0,46,0
Skagit fall salmon 2021,2021-12-01,Guided-Boat,1,46,0.021739130434782608
Skagit fall salmon 2021,2021-12-01,Unguided-Bank,36,46,0.782608695652174
Skagit fall salmon 2021,2021-12-01,Unguided-Boat,9,46,0.1956521739130435
Skagit fall salmon 2022,2022-09-01,Guided-Bank,0,815,0
Skagit fall salmon 2022,2022-09-01,Guided-Boat,12,815,0.014723926380368098
Skagit fall salmon 2022,2022-09-01,Unguided-Bank,336,815,0.41226993865030676
Skagit fall salmon 2022,2022-09-01,Unguided-Boat,467,815,0.5730061349693252
Skagit fall salmon 2022,2022-10-01,Guided-Bank,2,670,0.0029850746268656717
Skagit fall salmon 2022,2022-10-01,Guided-Boat,29,670,0.04328358208955224
Skagit fall salmon 2022,2022-10-01,Unguided-Bank,265,670,0.39552238805970147
Skagit fall salmon 2022,2022-10-01,Unguided-Boat,374,670,0.5582089552238806
Skagit fall salmon 2022,2022-11-01,Guided-Bank,0,188,0
Skagit fall salmon 2022,2022-11-01,Guided-Boat,8,188,0.0425531914893617
Skagit fall salmon 2022,2022-11-01,Unguided-Bank,99,188,0.526595744680851
Skagit fall salmon 2022,2022-11-01,Unguided-Boat,81,188,0.4308510638297872
Skagit fall salmon 2023,2023-08-01,Guided-Bank,1,581,0.0017211703958691911
Skagit fall salmon 2023,2023-08-01,Guided-Boat,0,581,0
Skagit fall salmon 2023,2023-08-01,Unguided-Bank,396,581,0.6815834767641996
Skagit fall salmon 2023,2023-08-01,Unguided-Boat,184,581,0.31669535283993117
Skagit fall salmon 2023,2023-09-01,Guided-Bank,2,1199,0.0016680567139282735
Skagit fall salmon 2023,2023-09-01,Guided-Boat,15,1199,0.012510425354462052
Skagit fall salmon 2023,2023-09-01,Unguided-Bank,798,1199,0.6655546288573811
Skagit fall salmon 2023,2023-09-01,Unguided-Boat,384,1199,0.3202668890742285
Skagit fall salmon 2023,2023-10-01,Guided-Bank,1,694,0.001440922190201729
Skagit fall salmon 2023,2023-10-01,Guided-Boat,18,694,0.025936599423631124
Skagit fall salmon 2023,2023-10-01,Unguided-Bank,345,694,0.49711815561959655
Skagit fall salmon 2023,2023-10-01,Unguided-Boat,330,694,0.4755043227665706
Skagit fall salmon 2023,2023-11-01,Guided-Bank,1,203,0.0049261083743842365
Skagit fall salmon 2023,2023-11-01,Guided-Boat,10,203,0.04926108374384237
Skagit fall salmon 2023,2023-11-01,Unguided-Bank,148,203,0.729064039408867
Skagit fall salmon 2023,2023-11-01,Unguided-Boat,44,203,0.21674876847290642
Skagit fall salmon 2024,2024-09-01,Guided-Bank,0,1005,0
Skagit fall salmon 2024,2024-09-01,Guided-Boat,2,1005,0.001990049751243781
Skagit fall salmon 2024,2024-09-01,Unguided-Bank,559,1005,0.5562189054726369
Skagit fall salmon 2024,2024-09-01,Unguided-Boat,444,1005,0.4417910447761194
Skagit fall salmon 2024,2024-10-01,Guided-Bank,2,565,0.0035398230088495575
Skagit fall salmon 2024,2024-10-01,Guided-Boat,20,565,0.035398230088495575
Skagit fall salmon 2024,2024-10-01,Unguided-Bank,341,565,0.6035398230088496
Skagit fall salmon 2024,2024-10-01,Unguided-Boat,202,565,0.35752212389380533
Skagit fall salmon 2024,2024-11-01,Guided-Bank,2,209,0.009569377990430622
Skagit fall salmon 2024,2024-11-01,Guided-Boat,7,209,0.03349282296650718
Skagit fall salmon 2024,2024-11-01,Unguided-Bank,165,209,0.7894736842105263
Skagit fall salmon 2024,2024-11-01,Unguided-Boat,35,209,0.1674641148325359
Skagit fall salmon 2025,2025-08-01,Guided-Bank,0,451,0
Skagit fall salmon 2025,2025-08-01,Guided-Boat,2,451,0.004434589800443459
Skagit fall salmon 2025,2025-08-01,Unguided-Bank,342,451,0.7583148558758315
Skagit fall salmon 2025,2025-08-01,Unguided-Boat,107,451,0.23725055432372505
Skagit fall salmon 2025,2025-09-01,Guided-Bank,2,1192,0.0016778523489932886
Skagit fall salmon 2025,2025-09-01,Guided-Boat,13,1192,0.010906040268456376
Skagit fall salmon 2025,2025-09-01,Unguided-Bank,828,1192,0.6946308724832215
Skagit fall salmon 2025,2025-09-01,Unguided-Boat,349,1192,0.29278523489932884
Skagit fall salmon 2025,2025-10-01,Guided-Bank,6,869,0.006904487917146145
Skagit fall salmon 2025,2025-10-01,Guided-Boat,35,869,0.04027617951668585
Skagit fall salmon 2025,2025-10-01,Unguided-Bank,606,869,0.6973532796317606
Skagit fall salmon 2025,2025-10-01,Unguided-Boat,222,869,0.2554660529344074
Skagit fall salmon 2025,2025-11-01,Guided-Bank,2,121,0.01652892561983471
Skagit fall salmon 2025,2025-11-01,Guided-Boat,11,121,0.09090909090909091
Skagit fall salmon 2025,2025-11-01,Unguided-Bank,87,121,0.71900826446281
Skagit fall salmon 2025,2025-11-01,Unguided-Boat,21,121,0.17355371900826447
Skagit spring Chinook 2021 lower,2021-05-01,Guided-Bank,0,121,0
Skagit spring Chinook 2021 lower,2021-05-01,Guided-Boat,0,121,0
Skagit spring Chinook 2021 lower,2021-05-01,Unguided-Bank,87,121,0.71900826446281
Skagit spring Chinook 2021 lower,2021-05-01,Unguided-Boat,34,121,0.2809917355371901
Skagit spring Chinook 2022 lower,2022-05-01,Guided-Bank,0,336,0
Skagit spring Chinook 2022 lower,2022-05-01,Guided-Boat,0,336,0
Skagit spring Chinook 2022 lower,2022-05-01,Unguided-Bank,281,336,0.8363095238095238
Skagit spring Chinook 2022 lower,2022-05-01,Unguided-Boat,55,336,0.1636904761904762
Skagit spring Chinook 2022 upper,2022-06-01,Guided-Bank,0,92,0
Skagit spring Chinook 2022 upper,2022-06-01,Guided-Boat,10,92,0.10869565217391304
Skagit spring Chinook 2022 upper,2022-06-01,Unguided-Bank,67,92,0.7282608695652174
Skagit spring Chinook 2022 upper,2022-06-01,Unguided-Boat,15,92,0.16304347826086957
Skagit spring Chinook 2022 upper,2022-07-01,Guided-Bank,0,18,0
Skagit spring Chinook 2022 upper,2022-07-01,Guided-Boat,0,18,0
Skagit spring Chinook 2022 upper,2022-07-01,Unguided-Bank,17,18,0.9444444444444444
Skagit spring Chinook 2022 upper,2022-07-01,Unguided-Boat,1,18,0.05555555555555555
Skagit spring Chinook 2023 lower,2023-05-01,Guided-Bank,0,180,0
Skagit spring Chinook 2023 lower,2023-05-01,Guided-Boat,0,180,0
Skagit spring Chinook 2023 lower,2023-05-01,Unguided-Bank,127,180,0.7055555555555556
Skagit spring Chinook 2023 lower,2023-05-01,Unguided-Boat,53,180,0.29444444444444445
Skagit spring Chinook 2023 upper,2023-06-01,Guided-Bank,1,112,0.008928571428571428
Skagit spring Chinook 2023 upper,2023-06-01,Guided-Boat,7,112,0.0625
Skagit spring Chinook 2023 upper,2023-06-01,Unguided-Bank,78,112,0.6964285714285714
Skagit spring Chinook 2023 upper,2023-06-01,Unguided-Boat,26,112,0.23214285714285715
Skagit spring Chinook 2023 upper,2023-07-01,Guided-Bank,0,15,0
Skagit spring Chinook 2023 upper,2023-07-01,Guided-Boat,2,15,0.13333333333333333
Skagit spring Chinook 2023 upper,2023-07-01,Unguided-Bank,9,15,0.6
Skagit spring Chinook 2023 upper,2023-07-01,Unguided-Boat,4,15,0.26666666666666666
Skagit spring Chinook 2024 lower,2024-04-01,Guided-Bank,0,87,0
Skagit spring Chinook 2024 lower,2024-04-01,Guided-Boat,0,87,0
Skagit spring Chinook 2024 lower,2024-04-01,Unguided-Bank,61,87,0.7011494252873564
Skagit spring Chinook 2024 lower,2024-04-01,Unguided-Boat,26,87,0.2988505747126437
Skagit spring Chinook 2024 lower,2024-05-01,Guided-Bank,0,243,0
Skagit spring Chinook 2024 lower,2024-05-01,Guided-Boat,0,243,0
Skagit spring Chinook 2024 lower,2024-05-01,Unguided-Bank,165,243,0.6790123456790124
Skagit spring Chinook 2024 lower,2024-05-01,Unguided-Boat,78,243,0.32098765432098764
Skagit spring Chinook 2024 upper,2024-05-01,Guided-Bank,0,14,0
Skagit spring Chinook 2024 upper,2024-05-01,Guided-Boat,0,14,0
Skagit spring Chinook 2024 upper,2024-05-01,Unguided-Bank,14,14,1
Skagit spring Chinook 2024 upper,2024-05-01,Unguided-Boat,0,14,0
Skagit spring Chinook 2024 upper,2024-06-01,Guided-Bank,0,298,0
Skagit spring Chinook 2024 upper,2024-06-01,Guided-Boat,7,298,0.02348993288590604
Skagit spring Chinook 2024 upper,2024-06-01,Unguided-Bank,269,298,0.9026845637583892
Skagit spring Chinook 2024 upper,2024-06-01,Unguided-Boat,22,298,0.0738255033557047
Skagit spring Chinook 2024 upper,2024-07-01,Guided-Bank,0,53,0
Skagit spring Chinook 2024 upper,2024-07-01,Guided-Boat,1,53,0.018867924528301886
Skagit spring Chinook 2024 upper,2024-07-01,Unguided-Bank,46,53,0.8679245283018868
Skagit spring Chinook 2024 upper,2024-07-01,Unguided-Boat,6,53,0.11320754716981132
Skagit spring Chinook 2025 lower,2025-04-01,Guided-Bank,0,71,0
Skagit spring Chinook 2025 lower,2025-04-01,Guided-Boat,0,71,0
Skagit spring Chinook 2025 lower,2025-04-01,Unguided-Bank,48,71,0.676056338028169
Skagit spring Chinook 2025 lower,2025-04-01,Unguided-Boat,23,71,0.323943661971831
Skagit spring Chinook 2025 lower,2025-05-01,Guided-Bank,1,92,0.010869565217391304
Skagit spring Chinook 2025 lower,2025-05-01,Guided-Boat,0,92,0
Skagit spring Chinook 2025 lower,2025-05-01,Unguided-Bank,62,92,0.6739130434782609
Skagit spring Chinook 2025 lower,2025-05-01,Unguided-Boat,29,92,0.31521739130434784
Skagit spring Chinook 2025 upper,2025-05-01,Guided-Bank,0,94,0
Skagit spring Chinook 2025 upper,2025-05-01,Guided-Boat,6,94,0.06382978723404255
Skagit spring Chinook 2025 upper,2025-05-01,Unguided-Bank,77,94,0.8191489361702128
Skagit spring Chinook 2025 upper,2025-05-01,Unguided-Boat,11,94,0.11702127659574468
Skagit spring Chinook 2025 upper,2025-06-01,Guided-Bank,1,271,0.0036900369003690036
Skagit spring Chinook 2025 upper,2025-06-01,Guided-Boat,4,271,0.014760147601476014
Skagit spring Chinook 2025 upper,2025-06-01,Unguided-Bank,244,271,0.9003690036900369
Skagit spring Chinook 2025 upper,2025-06-01,Unguided-Boat,22,271,0.08118081180811808
Skagit spring Chinook 2025 upper,2025-07-01,Guided-Bank,0,48,0
Skagit spring Chinook 2025 upper,2025-07-01,Guided-Boat,0,48,0
Skagit spring Chinook 2025 upper,2025-07-01,Unguided-Bank,46,48,0.9583333333333334
Skagit spring Chinook 2025 upper,2025-07-01,Unguided-Boat,2,48,0.041666666666666664
Skagit spring Chinook 2026 lower,2026-04-01,Guided-Bank,0,156,0
Skagit spring Chinook 2026 lower,2026-04-01,Guided-Boat,1,156,0.00641025641025641
Skagit spring Chinook 2026 lower,2026-04-01,Unguided-Bank,92,156,0.5897435897435898
Skagit spring Chinook 2026 lower,2026-04-01,Unguided-Boat,63,156,0.40384615384615385
Skagit spring Chinook 2026 lower,2026-05-01,Guided-Bank,0,86,0
Skagit spring Chinook 2026 lower,2026-05-01,Guided-Boat,0,86,0
Skagit spring Chinook 2026 lower,2026-05-01,Unguided-Bank,43,86,0.5
Skagit spring Chinook 2026 lower,2026-05-01,Unguided-Boat,43,86,0.5
Skagit spring Chinook 2026 upper,2026-05-01,Guided-Bank,0,136,0
Skagit spring Chinook 2026 upper,2026-05-01,Guided-Boat,7,136,0.051470588235294115
Skagit spring Chinook 2026 upper,2026-05-01,Unguided-Bank,87,136,0.6397058823529411
Skagit spring Chinook 2026 upper,2026-05-01,Unguided-Boat,42,136,0.3088235294117647
Skagit spring Chinook 2026 upper,2026-06-01,Guided-Bank,1,132,0.007575757575757576
Skagit spring Chinook 2026 upper,2026-06-01,Guided-Boat,7,132,0.05303030303030303
Skagit spring Chinook 2026 upper,2026-06-01,Unguided-Bank,113,132,0.8560606060606061
Skagit spring Chinook 2026 upper,2026-06-01,Unguided-Boat,11,132,0.08333333333333333
Skagit spring Chinook 2026 upper,2026-07-01,Guided-Bank,0,21,0
Skagit spring Chinook 2026 upper,2026-07-01,Guided-Boat,0,21,0
Skagit spring Chinook 2026 upper,2026-07-01,Unguided-Bank,17,21,0.8095238095238095
Skagit spring Chinook 2026 upper,2026-07-01,Unguided-Boat,4,21,0.19047619047619047
Skagit spring gamefish 2025,2025-04-01,Guided-Bank,0,2,0
Skagit spring gamefish 2025,2025-04-01,Guided-Boat,0,2,0
Skagit spring gamefish 2025,2025-04-01,Unguided-Bank,1,2,0.5
Skagit spring gamefish 2025,2025-04-01,Unguided-Boat,1,2,0.5
Skagit summer gamefish 2022,2022-07-01,Guided-Bank,0,21,0
Skagit summer gamefish 2022,2022-07-01,Guided-Boat,1,21,0.047619047619047616
Skagit summer gamefish 2022,2022-07-01,Unguided-Bank,15,21,0.7142857142857143
Skagit summer gamefish 2022,2022-07-01,Unguided-Boat,5,21,0.23809523809523808
Skagit summer gamefish 2022,2022-08-01,Guided-Bank,0,56,0
Skagit summer gamefish 2022,2022-08-01,Guided-Boat,1,56,0.017857142857142856
Skagit summer gamefish 2022,2022-08-01,Unguided-Bank,45,56,0.8035714285714286
Skagit summer gamefish 2022,2022-08-01,Unguided-Boat,10,56,0.17857142857142858
Skagit summer gamefish 2024,2024-08-01,Guided-Bank,0,41,0
Skagit summer gamefish 2024,2024-08-01,Guided-Boat,0,41,0
Skagit summer gamefish 2024,2024-08-01,Unguided-Bank,29,41,0.7073170731707317
Skagit summer gamefish 2024,2024-08-01,Unguided-Boat,12,41,0.2926829268292683
Skagit summer sockeye 2022,2022-06-01,Guided-Bank,0,174,0
Skagit summer sockeye 2022,2022-06-01,Guided-Boat,0,174,0
Skagit summer sockeye 2022,2022-06-01,Unguided-Bank,148,174,0.8505747126436781
Skagit summer sockeye 2022,2022-06-01,Unguided-Boat,26,174,0.14942528735632185
Skagit summer sockeye 2022,2022-07-01,Guided-Bank,0,347,0
Skagit summer sockeye 2022,2022-07-01,Guided-Boat,0,347,0
Skagit summer sockeye 2022,2022-07-01,Unguided-Bank,295,347,0.8501440922190202
Skagit summer sockeye 2022,2022-07-01,Unguided-Boat,52,347,0.14985590778097982
Skagit summer sockeye 2023,2023-06-01,Guided-Bank,0,102,0
Skagit summer sockeye 2023,2023-06-01,Guided-Boat,3,102,0.029411764705882353
Skagit summer sockeye 2023,2023-06-01,Unguided-Bank,85,102,0.8333333333333334
Skagit summer sockeye 2023,2023-06-01,Unguided-Boat,14,102,0.13725490196078433
Skagit summer sockeye 2023,2023-07-01,Guided-Bank,0,114,0
Skagit summer sockeye 2023,2023-07-01,Guided-Boat,2,114,0.017543859649122806
Skagit summer sockeye 2023,2023-07-01,Unguided-Bank,91,114,0.7982456140350878
Skagit summer sockeye 2023,2023-07-01,Unguided-Boat,21,114,0.18421052631578946
Skagit summer sockeye 2024,2024-06-01,Guided-Bank,0,306,0
Skagit summer sockeye 2024,2024-06-01,Guided-Boat,2,306,0.006535947712418301
Skagit summer sockeye 2024,2024-06-01,Unguided-Bank,227,306,0.7418300653594772
Skagit summer sockeye 2024,2024-06-01,Unguided-Boat,77,306,0.25163398692810457
Skagit summer sockeye 2024,2024-07-01,Guided-Bank,0,403,0
Skagit summer sockeye 2024,2024-07-01,Guided-Boat,3,403,0.007444168734491315
Skagit summer sockeye 2024,2024-07-01,Unguided-Bank,323,403,0.8014888337468983
Skagit summer sockeye 2024,2024-07-01,Unguided-Boat,77,403,0.19106699751861042
Skagit summer sockeye 2025,2025-06-01,Guided-Bank,0,304,0
Skagit summer sockeye 2025,2025-06-01,Guided-Boat,2,304,0.006578947368421052
Skagit summer sockeye 2025,2025-06-01,Unguided-Bank,185,304,0.6085526315789473
Skagit summer sockeye 2025,2025-06-01,Unguided-Boat,117,304,0.3848684210526316
Skagit summer sockeye 2025,2025-07-01,Guided-Bank,0,303,0
Skagit summer sockeye 2025,2025-07-01,Guided-Boat,0,303,0
Skagit summer sockeye 2025,2025-07-01,Unguided-Bank,209,303,0.6897689768976898
Skagit summer sockeye 2025,2025-07-01,Unguided-Boat,94,303,0.3102310231023102
Skagit summer sockeye 2026,2026-06-01,Guided-Bank,0,196,0
Skagit summer sockeye 2026,2026-06-01,Guided-Boat,4,196,0.02040816326530612
Skagit summer sockeye 2026,2026-06-01,Unguided-Bank,113,196,0.576530612244898
Skagit summer sockeye 2026,2026-06-01,Unguided-Boat,79,196,0.4030612244897959
Skagit summer sockeye 2026,2026-07-01,Guided-Bank,0,287,0
Skagit summer sockeye 2026,2026-07-01,Guided-Boat,4,287,0.013937282229965157
Skagit summer sockeye 2026,2026-07-01,Unguided-Bank,176,287,0.6132404181184669
Skagit summer sockeye 2026,2026-07-01,Unguided-Boat,107,287,0.37282229965156793
Skagit winter gamefish 2021-22,2022-01-01,Guided-Bank,3,141,0.02127659574468085
Skagit winter gamefish 2021-22,2022-01-01,Guided-Boat,2,141,0.014184397163120567
Skagit winter gamefish 2021-22,2022-01-01,Unguided-Bank,101,141,0.7163120567375887
Skagit winter gamefish 2021-22,2022-01-01,Unguided-Boat,35,141,0.24822695035460993
Skagit winter gamefish 2022-23,2022-12-01,Guided-Bank,0,22,0
Skagit winter gamefish 2022-23,2022-12-01,Guided-Boat,0,22,0
Skagit winter gamefish 2022-23,2022-12-01,Unguided-Bank,17,22,0.7727272727272727
Skagit winter gamefish 2022-23,2022-12-01,Unguided-Boat,5,22,0.22727272727272727
Skagit winter gamefish 2022-23,2023-01-01,Guided-Bank,2,226,0.008849557522123894
Skagit winter gamefish 2022-23,2023-01-01,Guided-Boat,2,226,0.008849557522123894
Skagit winter gamefish 2022-23,2023-01-01,Unguided-Bank,168,226,0.7433628318584071
Skagit winter gamefish 2022-23,2023-01-01,Unguided-Boat,54,226,0.23893805309734514
Skagit winter gamefish 2024,2024-01-01,Guided-Bank,0,70,0
Skagit winter gamefish 2024,2024-01-01,Guided-Boat,1,70,0.014285714285714285
Skagit winter gamefish 2024,2024-01-01,Unguided-Bank,58,70,0.8285714285714286
Skagit winter gamefish 2024,2024-01-01,Unguided-Boat,11,70,0.15714285714285714
Skagit winter gamefish 2025,2025-01-01,Guided-Bank,1,94,0.010638297872340425
Skagit winter gamefish 2025,2025-01-01,Guided-Boat,0,94,0
Skagit winter gamefish 2025,2025-01-01,Unguided-Bank,71,94,0.7553191489361702
Skagit winter gamefish 2025,2025-01-01,Unguided-Boat,22,94,0.23404255319148937
Skagit winter steelhead 2021,2021-02-01,Guided-Bank,0,429,0
Skagit winter steelhead 2021,2021-02-01,Guided-Boat,26,429,0.06060606060606061
Skagit winter steelhead 2021,2021-02-01,Unguided-Bank,254,429,0.5920745920745921
Skagit winter steelhead 2021,2021-02-01,Unguided-Boat,149,429,0.3473193473193473
Skagit winter steelhead 2021,2021-03-01,Guided-Bank,3,985,0.003045685279187817
Skagit winter steelhead 2021,2021-03-01,Guided-Boat,64,985,0.0649746192893401
Skagit winter steelhead 2021,2021-03-01,Unguided-Bank,476,985,0.483248730964467
Skagit winter steelhead 2021,2021-03-01,Unguided-Boat,442,985,0.44873096446700506
Skagit winter steelhead 2021,2021-04-01,Guided-Bank,2,446,0.004484304932735426
Skagit winter steelhead 2021,2021-04-01,Guided-Boat,38,446,0.08520179372197309
Skagit winter steelhead 2021,2021-04-01,Unguided-Bank,174,446,0.3901345291479821
Skagit winter steelhead 2021,2021-04-01,Unguided-Boat,232,446,0.5201793721973094
Skagit winter steelhead 2023,2023-03-01,Guided-Bank,0,149,0
Skagit winter steelhead 2023,2023-03-01,Guided-Boat,5,149,0.03355704697986577
Skagit winter steelhead 2023,2023-03-01,Unguided-Bank,82,149,0.5503355704697986
Skagit winter steelhead 2023,2023-03-01,Unguided-Boat,62,149,0.4161073825503356
Skagit winter steelhead 2023,2023-04-01,Guided-Bank,10,576,0.017361111111111112
Skagit winter steelhead 2023,2023-04-01,Guided-Boat,17,576,0.029513888888888888
Skagit winter steelhead 2023,2023-04-01,Unguided-Bank,394,576,0.6840277777777778
Skagit winter steelhead 2023,2023-04-01,Unguided-Boat,155,576,0.2690972222222222
Skagit winter steelhead 2024,2024-02-01,Guided-Bank,4,334,0.011976047904191617
Skagit winter steelhead 2024,2024-02-01,Guided-Boat,17,334,0.05089820359281437
Skagit winter steelhead 2024,2024-02-01,Unguided-Bank,225,334,0.6736526946107785
Skagit winter steelhead 2024,2024-02-01,Unguided-Boat,88,334,0.2634730538922156
Skagit winter steelhead 2024,2024-03-01,Guided-Bank,9,546,0.016483516483516484
Skagit winter steelhead 2024,2024-03-01,Guided-Boat,39,546,0.07142857142857142
Skagit winter steelhead 2024,2024-03-01,Unguided-Bank,323,546,0.5915750915750916
Skagit winter steelhead 2024,2024-03-01,Unguided-Boat,175,546,0.32051282051282054
Skagit winter steelhead 2024,2024-04-01,Guided-Bank,8,343,0.023323615160349854
Skagit winter steelhead 2024,2024-04-01,Guided-Boat,18,343,0.052478134110787174
Skagit winter steelhead 2024,2024-04-01,Unguided-Bank,203,343,0.5918367346938775
Skagit winter steelhead 2024,2024-04-01,Unguided-Boat,114,343,0.3323615160349854
Skagit winter steelhead 2025,2025-02-01,Guided-Bank,5,202,0.024752475247524754
Skagit winter steelhead 2025,2025-02-01,Guided-Boat,6,202,0.0297029702970297
Skagit winter steelhead 2025,2025-02-01,Unguided-Bank,138,202,0.6831683168316832
Skagit winter steelhead 2025,2025-02-01,Unguided-Boat,53,202,0.2623762376237624
Skagit winter steelhead 2025,2025-03-01,Guided-Bank,11,676,0.016272189349112426
Skagit winter steelhead 2025,2025-03-01,Guided-Boat,49,676,0.07248520710059171
Skagit winter steelhead 2025,2025-03-01,Unguided-Bank,415,676,0.613905325443787
Skagit winter steelhead 2025,2025-03-01,Unguided-Boat,201,676,0.2973372781065089
Skagit winter steelhead 2025,2025-04-01,Guided-Bank,8,287,0.027874564459930314
Skagit winter steelhead 2025,2025-04-01,Guided-Boat,27,287,0.09407665505226481
Skagit winter steelhead 2025,2025-04-01,Unguided-Bank,163,287,0.5679442508710801
Skagit winter steelhead 2025,2025-04-01,Unguided-Boat,89,287,0.31010452961672474
Skookumchuck winter steelhead 2024-25,2024-12-01,Guided-Bank,0,144,0
Skookumchuck winter steelhead 2024-25,2024-12-01,Guided-Boat,0,144,0
Skookumchuck winter steelhead 2024-25,2024-12-01,Unguided-Bank,144,144,1
Skookumchuck winter steelhead 2024-25,2024-12-01,Unguided-Boat,0,144,0
Skookumchuck winter steelhead 2024-25,2025-01-01,Guided-Bank,0,184,0
Skookumchuck winter steelhead 2024-25,2025-01-01,Guided-Boat,0,184,0
Skookumchuck winter steelhead 2024-25,2025-01-01,Unguided-Bank,183,184,0.9945652173913043
Skookumchuck winter steelhead 2024-25,2025-01-01,Unguided-Boat,1,184,0.005434782608695652
Skookumchuck winter steelhead 2024-25,2025-02-01,Guided-Bank,0,148,0
Skookumchuck winter steelhead 2024-25,2025-02-01,Guided-Boat,0,148,0
Skookumchuck winter steelhead 2024-25,2025-02-01,Unguided-Bank,148,148,1
Skookumchuck winter steelhead 2024-25,2025-02-01,Unguided-Boat,0,148,0
Skookumchuck winter steelhead 2025-26,2025-12-01,Guided-Bank,0,39,0
Skookumchuck winter steelhead 2025-26,2025-12-01,Guided-Boat,0,39,0
Skookumchuck winter steelhead 2025-26,2025-12-01,Unguided-Bank,39,39,1
Skookumchuck winter steelhead 2025-26,2025-12-01,Unguided-Boat,0,39,0
Skookumchuck winter steelhead 2025-26,2026-01-01,Guided-Bank,0,118,0
Skookumchuck winter steelhead 2025-26,2026-01-01,Guided-Boat,0,118,0
Skookumchuck winter steelhead 2025-26,2026-01-01,Unguided-Bank,118,118,1
Skookumchuck winter steelhead 2025-26,2026-01-01,Unguided-Boat,0,118,0
Skookumchuck winter steelhead 2025-26,2026-02-01,Guided-Bank,0,84,0
Skookumchuck winter steelhead 2025-26,2026-02-01,Guided-Boat,0,84,0
Skookumchuck winter steelhead 2025-26,2026-02-01,Unguided-Bank,84,84,1
Skookumchuck winter steelhead 2025-26,2026-02-01,Unguided-Boat,0,84,0
Skykomish summer Chinook 2020,2020-05-01,Guided-Bank,0,23,0
Skykomish summer Chinook 2020,2020-05-01,Guided-Boat,1,23,0.043478260869565216
Skykomish summer Chinook 2020,2020-05-01,Unguided-Bank,8,23,0.34782608695652173
Skykomish summer Chinook 2020,2020-05-01,Unguided-Boat,14,23,0.6086956521739131
Skykomish summer Chinook 2020,2020-06-01,Guided-Bank,0,33,0
Skykomish summer Chinook 2020,2020-06-01,Guided-Boat,30,33,0.9090909090909091
Skykomish summer Chinook 2020,2020-06-01,Unguided-Bank,0,33,0
Skykomish summer Chinook 2020,2020-06-01,Unguided-Boat,3,33,0.09090909090909091
Skykomish summer Chinook 2020,2020-07-01,Guided-Bank,0,5,0
Skykomish summer Chinook 2020,2020-07-01,Guided-Boat,4,5,0.8
Skykomish summer Chinook 2020,2020-07-01,Unguided-Bank,0,5,0
Skykomish summer Chinook 2020,2020-07-01,Unguided-Boat,1,5,0.2
Skykomish summer Chinook 2021,2021-05-01,Guided-Bank,0,2,0
Skykomish summer Chinook 2021,2021-05-01,Guided-Boat,2,2,1
Skykomish summer Chinook 2021,2021-05-01,Unguided-Bank,0,2,0
Skykomish summer Chinook 2021,2021-05-01,Unguided-Boat,0,2,0
Skykomish summer Chinook 2021,2021-06-01,Guided-Bank,0,101,0
Skykomish summer Chinook 2021,2021-06-01,Guided-Boat,27,101,0.26732673267326734
Skykomish summer Chinook 2021,2021-06-01,Unguided-Bank,9,101,0.0891089108910891
Skykomish summer Chinook 2021,2021-06-01,Unguided-Boat,65,101,0.6435643564356436
Skykomish summer Chinook 2021,2021-07-01,Guided-Bank,0,45,0
Skykomish summer Chinook 2021,2021-07-01,Guided-Boat,18,45,0.4
Skykomish summer Chinook 2021,2021-07-01,Unguided-Bank,8,45,0.17777777777777778
Skykomish summer Chinook 2021,2021-07-01,Unguided-Boat,19,45,0.4222222222222222
Skykomish summer Chinook and gamefish 2022,2022-05-01,Guided-Bank,0,28,0
Skykomish summer Chinook and gamefish 2022,2022-05-01,Guided-Boat,1,28,0.03571428571428571
Skykomish summer Chinook and gamefish 2022,2022-05-01,Unguided-Bank,16,28,0.5714285714285714
Skykomish summer Chinook and gamefish 2022,2022-05-01,Unguided-Boat,11,28,0.39285714285714285
Skykomish summer Chinook and gamefish 2022,2022-06-01,Guided-Bank,0,357,0
Skykomish summer Chinook and gamefish 2022,2022-06-01,Guided-Boat,42,357,0.11764705882352941
Skykomish summer Chinook and gamefish 2022,2022-06-01,Unguided-Bank,207,357,0.5798319327731093
Skykomish summer Chinook and gamefish 2022,2022-06-01,Unguided-Boat,108,357,0.3025210084033613
Skykomish summer Chinook and gamefish 2022,2022-07-01,Guided-Bank,1,325,0.003076923076923077
Skykomish summer Chinook and gamefish 2022,2022-07-01,Guided-Boat,22,325,0.06769230769230769
Skykomish summer Chinook and gamefish 2022,2022-07-01,Unguided-Bank,221,325,0.68
Skykomish summer Chinook and gamefish 2022,2022-07-01,Unguided-Boat,81,325,0.24923076923076923
Skykomish summer Chinook and gamefish 2022,2022-08-01,Guided-Bank,0,14,0
Skykomish summer Chinook and gamefish 2022,2022-08-01,Guided-Boat,0,14,0
Skykomish summer Chinook and gamefish 2022,2022-08-01,Unguided-Bank,14,14,1
Skykomish summer Chinook and gamefish 2022,2022-08-01,Unguided-Boat,0,14,0
Skykomish summer Chinook and gamefish 2025,2025-06-01,Guided-Bank,0,205,0
Skykomish summer Chinook and gamefish 2025,2025-06-01,Guided-Boat,9,205,0.04390243902439024
Skykomish summer Chinook and gamefish 2025,2025-06-01,Unguided-Bank,146,205,0.7121951219512195
Skykomish summer Chinook and gamefish 2025,2025-06-01,Unguided-Boat,50,205,0.24390243902439024
Skykomish summer Chinook and gamefish 2025,2025-07-01,Guided-Bank,0,45,0
Skykomish summer Chinook and gamefish 2025,2025-07-01,Guided-Boat,3,45,0.06666666666666667
Skykomish summer Chinook and gamefish 2025,2025-07-01,Unguided-Bank,37,45,0.8222222222222222
Skykomish summer Chinook and gamefish 2025,2025-07-01,Unguided-Boat,5,45,0.1111111111111111
Skykomish winter gamefish 2021-22,2021-12-01,Guided-Bank,0,108,0
Skykomish winter gamefish 2021-22,2021-12-01,Guided-Boat,0,108,0
Skykomish winter gamefish 2021-22,2021-12-01,Unguided-Bank,108,108,1
Skykomish winter gamefish 2021-22,2021-12-01,Unguided-Boat,0,108,0
Skykomish winter gamefish 2021-22,2022-01-01,Guided-Bank,0,95,0
Skykomish winter gamefish 2021-22,2022-01-01,Guided-Boat,0,95,0
Skykomish winter gamefish 2021-22,2022-01-01,Unguided-Bank,94,95,0.9894736842105263
Skykomish winter gamefish 2021-22,2022-01-01,Unguided-Boat,1,95,0.010526315789473684
Skykomish winter gamefish 2021-22,2022-02-01,Guided-Bank,0,45,0
Skykomish winter gamefish 2021-22,2022-02-01,Guided-Boat,0,45,0
Skykomish winter gamefish 2021-22,2022-02-01,Unguided-Bank,45,45,1
Skykomish winter gamefish 2021-22,2022-02-01,Unguided-Boat,0,45,0
Skykomish winter gamefish 2022-23,2022-10-01,Guided-Bank,0,1,0
Skykomish winter gamefish 2022-23,2022-10-01,Guided-Boat,0,1,0
Skykomish winter gamefish 2022-23,2022-10-01,Unguided-Bank,1,1,1
Skykomish winter gamefish 2022-23,2022-10-01,Unguided-Boat,0,1,0
Snohomish fall salmon 2021,2021-08-01,Guided-Bank,0,114,0
Snohomish fall salmon 2021,2021-08-01,Guided-Boat,1,114,0.008771929824561403
Snohomish fall salmon 2021,2021-08-01,Unguided-Bank,55,114,0.4824561403508772
Snohomish fall salmon 2021,2021-08-01,Unguided-Boat,58,114,0.5087719298245614
Snohomish fall salmon 2021,2021-09-01,Guided-Bank,0,456,0
Snohomish fall salmon 2021,2021-09-01,Guided-Boat,4,456,0.008771929824561403
Snohomish fall salmon 2021,2021-09-01,Unguided-Bank,221,456,0.48464912280701755
Snohomish fall salmon 2021,2021-09-01,Unguided-Boat,231,456,0.506578947368421
Snohomish fall salmon 2021,2021-10-01,Guided-Bank,0,48,0
Snohomish fall salmon 2021,2021-10-01,Guided-Boat,0,48,0
Snohomish fall salmon 2021,2021-10-01,Unguided-Bank,19,48,0.3958333333333333
Snohomish fall salmon 2021,2021-10-01,Unguided-Boat,29,48,0.6041666666666666
Snohomish fall salmon 2023,2023-09-01,Guided-Bank,0,4,0
Snohomish fall salmon 2023,2023-09-01,Guided-Boat,4,4,1
Snohomish fall salmon 2023,2023-09-01,Unguided-Bank,0,4,0
Snohomish fall salmon 2023,2023-09-01,Unguided-Boat,0,4,0
Snohomish fall salmon 2023,2023-10-01,Guided-Bank,0,7,0
Snohomish fall salmon 2023,2023-10-01,Guided-Boat,7,7,1
Snohomish fall salmon 2023,2023-10-01,Unguided-Bank,0,7,0
Snohomish fall salmon 2023,2023-10-01,Unguided-Boat,0,7,0
Snohomish fall salmon 2023,2023-11-01,Guided-Bank,0,2,0
Snohomish fall salmon 2023,2023-11-01,Guided-Boat,2,2,1
Snohomish fall salmon 2023,2023-11-01,Unguided-Bank,0,2,0
Snohomish fall salmon 2023,2023-11-01,Unguided-Boat,0,2,0
Snohomish fall salmon 2024,2024-10-01,Guided-Bank,0,5,0
Snohomish fall salmon 2024,2024-10-01,Guided-Boat,5,5,1
Snohomish fall salmon 2024,2024-10-01,Unguided-Bank,0,5,0
Snohomish fall salmon 2024,2024-10-01,Unguided-Boat,0,5,0
Snohomish fall salmon 2025,2025-08-01,Guided-Bank,0,444,0
Snohomish fall salmon 2025,2025-08-01,Guided-Boat,1,444,0.0022522522522522522
Snohomish fall salmon 2025,2025-08-01,Unguided-Bank,273,444,0.6148648648648649
Snohomish fall salmon 2025,2025-08-01,Unguided-Boat,170,444,0.38288288288288286
Snohomish fall salmon 2025,2025-09-01,Guided-Bank,0,657,0
Snohomish fall salmon 2025,2025-09-01,Guided-Boat,5,657,0.0076103500761035
Snohomish fall salmon 2025,2025-09-01,Unguided-Bank,461,657,0.7016742770167428
Snohomish fall salmon 2025,2025-09-01,Unguided-Boat,191,657,0.2907153729071537
Snohomish fall salmon 2025,2025-10-01,Guided-Bank,0,51,0
Snohomish fall salmon 2025,2025-10-01,Guided-Boat,0,51,0
Snohomish fall salmon 2025,2025-10-01,Unguided-Bank,24,51,0.47058823529411764
Snohomish fall salmon 2025,2025-10-01,Unguided-Boat,27,51,0.5294117647058824
Snohomish fall salmon 2025,2025-11-01,Guided-Bank,1,120,0.008333333333333333
Snohomish fall salmon 2025,2025-11-01,Guided-Boat,5,120,0.041666666666666664
Snohomish fall salmon 2025,2025-11-01,Unguided-Bank,96,120,0.8
Snohomish fall salmon 2025,2025-11-01,Unguided-Boat,18,120,0.15
South Fork Willapa winter steelhead 2022-23,2022-12-01,Guided-Bank,0,1,0
South Fork Willapa winter steelhead 2022-23,2022-12-01,Guided-Boat,0,1,0
South Fork Willapa winter steelhead 2022-23,2022-12-01,Unguided-Bank,1,1,1
South Fork Willapa winter steelhead 2022-23,2022-12-01,Unguided-Boat,0,1,0
South Fork Willapa winter steelhead 2022-23,2023-01-01,Guided-Bank,0,7,0
South Fork Willapa winter steelhead 2022-23,2023-01-01,Guided-Boat,0,7,0
South Fork Willapa winter steelhead 2022-23,2023-01-01,Unguided-Bank,7,7,1
South Fork Willapa winter steelhead 2022-23,2023-01-01,Unguided-Boat,0,7,0
South Fork Willapa winter steelhead 2022-23,2023-02-01,Guided-Bank,0,4,0
South Fork Willapa winter steelhead 2022-23,2023-02-01,Guided-Boat,0,4,0
South Fork Willapa winter steelhead 2022-23,2023-02-01,Unguided-Bank,4,4,1
South Fork Willapa winter steelhead 2022-23,2023-02-01,Unguided-Boat,0,4,0
South Fork Willapa winter steelhead 2023-24,2023-12-01,Guided-Bank,0,3,0
South Fork Willapa winter steelhead 2023-24,2023-12-01,Guided-Boat,0,3,0
South Fork Willapa winter steelhead 2023-24,2023-12-01,Unguided-Bank,3,3,1
South Fork Willapa winter steelhead 2023-24,2023-12-01,Unguided-Boat,0,3,0
South Fork Willapa winter steelhead 2023-24,2024-01-01,Guided-Bank,0,9,0
South Fork Willapa winter steelhead 2023-24,2024-01-01,Guided-Boat,0,9,0
South Fork Willapa winter steelhead 2023-24,2024-01-01,Unguided-Bank,9,9,1
South Fork Willapa winter steelhead 2023-24,2024-01-01,Unguided-Boat,0,9,0
South Fork Willapa winter steelhead 2023-24,2024-02-01,Guided-Bank,0,5,0
South Fork Willapa winter steelhead 2023-24,2024-02-01,Guided-Boat,0,5,0
South Fork Willapa winter steelhead 2023-24,2024-02-01,Unguided-Bank,5,5,1
South Fork Willapa winter steelhead 2023-24,2024-02-01,Unguided-Boat,0,5,0
Stillaguamish salmon and gamefish 2024-25,2024-10-01,Guided-Bank,1,1,1
Stillaguamish salmon and gamefish 2024-25,2024-10-01,Guided-Boat,0,1,0
Stillaguamish salmon and gamefish 2024-25,2024-10-01,Unguided-Bank,0,1,0
Stillaguamish salmon and gamefish 2024-25,2024-10-01,Unguided-Boat,0,1,0
Stillaguamish salmon and gamefish 2025-26,2025-09-01,Guided-Bank,0,193,0
Stillaguamish salmon and gamefish 2025-26,2025-09-01,Guided-Boat,0,193,0
Stillaguamish salmon and gamefish 2025-26,2025-09-01,Unguided-Bank,187,193,0.9689119170984456
Stillaguamish salmon and gamefish 2025-26,2025-09-01,Unguided-Boat,6,193,0.031088082901554404
Stillaguamish salmon and gamefish 2025-26,2025-10-01,Guided-Bank,0,452,0
Stillaguamish salmon and gamefish 2025-26,2025-10-01,Guided-Boat,0,452,0
Stillaguamish salmon and gamefish 2025-26,2025-10-01,Unguided-Bank,445,452,0.9845132743362832
Stillaguamish salmon and gamefish 2025-26,2025-10-01,Unguided-Boat,7,452,0.015486725663716814
Upper Chehalis salmon 2023,2023-10-01,Guided-Bank,0,123,0
Upper Chehalis salmon 2023,2023-10-01,Guided-Boat,17,123,0.13821138211382114
Upper Chehalis salmon 2023,2023-10-01,Unguided-Bank,17,123,0.13821138211382114
Upper Chehalis salmon 2023,2023-10-01,Unguided-Boat,89,123,0.7235772357723578
Upper Chehalis salmon 2023,2023-11-01,Guided-Bank,0,119,0
Upper Chehalis salmon 2023,2023-11-01,Guided-Boat,16,119,0.13445378151260504
Upper Chehalis salmon 2023,2023-11-01,Unguided-Bank,12,119,0.10084033613445378
Upper Chehalis salmon 2023,2023-11-01,Unguided-Boat,91,119,0.7647058823529411
Willapa winter steelhead 2022,2022-01-01,Guided-Bank,0,169,0
Willapa winter steelhead 2022,2022-01-01,Guided-Boat,0,169,0
Willapa winter steelhead 2022,2022-01-01,Unguided-Bank,169,169,1
Willapa winter steelhead 2022,2022-01-01,Unguided-Boat,0,169,0
Willapa winter steelhead 2022,2022-02-01,Guided-Bank,5,116,0.04310344827586207
Willapa winter steelhead 2022,2022-02-01,Guided-Boat,0,116,0
Willapa winter steelhead 2022,2022-02-01,Unguided-Bank,109,116,0.9396551724137931
Willapa winter steelhead 2022,2022-02-01,Unguided-Boat,2,116,0.017241379310344827
Willapa winter steelhead 2022-23,2022-12-01,Guided-Bank,0,29,0
Willapa winter steelhead 2022-23,2022-12-01,Guided-Boat,0,29,0
Willapa winter steelhead 2022-23,2022-12-01,Unguided-Bank,29,29,1
Willapa winter steelhead 2022-23,2022-12-01,Unguided-Boat,0,29,0
Willapa winter steelhead 2022-23,2023-01-01,Guided-Bank,0,123,0
Willapa winter steelhead 2022-23,2023-01-01,Guided-Boat,0,123,0
Willapa winter steelhead 2022-23,2023-01-01,Unguided-Bank,122,123,0.991869918699187
Willapa winter steelhead 2022-23,2023-01-01,Unguided-Boat,1,123,0.008130081300813009
Willapa winter steelhead 2022-23,2023-02-01,Guided-Bank,0,78,0
Willapa winter steelhead 2022-23,2023-02-01,Guided-Boat,0,78,0
Willapa winter steelhead 2022-23,2023-02-01,Unguided-Bank,78,78,1
Willapa winter steelhead 2022-23,2023-02-01,Unguided-Boat,0,78,0
Willapa winter steelhead 2022-23,2023-03-01,Guided-Bank,0,59,0
Willapa winter steelhead 2022-23,2023-03-01,Guided-Boat,0,59,0
Willapa winter steelhead 2022-23,2023-03-01,Unguided-Bank,58,59,0.9830508474576272
Willapa winter steelhead 2022-23,2023-03-01,Unguided-Boat,1,59,0.01694915254237288
Willapa winter steelhead 2023-24,2023-12-01,Guided-Bank,0,263,0
Willapa winter steelhead 2023-24,2023-12-01,Guided-Boat,0,263,0
Willapa winter steelhead 2023-24,2023-12-01,Unguided-Bank,255,263,0.9695817490494296
Willapa winter steelhead 2023-24,2023-12-01,Unguided-Boat,8,263,0.030418250950570342
Willapa winter steelhead 2023-24,2024-01-01,Guided-Bank,0,112,0
Willapa winter steelhead 2023-24,2024-01-01,Guided-Boat,0,112,0
Willapa winter steelhead 2023-24,2024-01-01,Unguided-Bank,111,112,0.9910714285714286
Willapa winter steelhead 2023-24,2024-01-01,Unguided-Boat,1,112,0.008928571428571428
Willapa winter steelhead 2023-24,2024-02-01,Guided-Bank,0,76,0
Willapa winter steelhead 2023-24,2024-02-01,Guided-Boat,0,76,0
Willapa winter steelhead 2023-24,2024-02-01,Unguided-Bank,72,76,0.9473684210526315
Willapa winter steelhead 2023-24,2024-02-01,Unguided-Boat,4,76,0.05263157894736842
Willapa winter steelhead 2023-24,2024-03-01,Guided-Bank,1,83,0.012048192771084338
Willapa winter steelhead 2023-24,2024-03-01,Guided-Boat,0,83,0
Willapa winter steelhead 2023-24,2024-03-01,Unguided-Bank,76,83,0.9156626506024096
Willapa winter steelhead 2023-24,2024-03-01,Unguided-Boat,6,83,0.07228915662650602
Wynoochee winter steelhead 2024-25,2024-12-01,Guided-Bank,0,113,0
Wynoochee winter steelhead 2024-25,2024-12-01,Guided-Boat,3,113,0.02654867256637168
Wynoochee winter steelhead 2024-25,2024-12-01,Unguided-Bank,68,113,0.6017699115044248
Wynoochee winter steelhead 2024-25,2024-12-01,Unguided-Boat,42,113,0.37168141592920356
Wynoochee winter steelhead 2024-25,2025-01-01,Guided-Bank,1,249,0.004016064257028112
Wynoochee winter steelhead 2024-25,2025-01-01,Guided-Boat,29,249,0.11646586345381527
Wynoochee winter steelhead 2024-25,2025-01-01,Unguided-Bank,108,249,0.43373493975903615
Wynoochee winter steelhead 2024-25,2025-01-01,Unguided-Boat,111,249,0.4457831325301205
Wynoochee winter steelhead 2024-25,2025-02-01,Guided-Bank,0,183,0
Wynoochee winter steelhead 2024-25,2025-02-01,Guided-Boat,21,183,0.11475409836065574
Wynoochee winter steelhead 2024-25,2025-02-01,Unguided-Bank,108,183,0.5901639344262295
Wynoochee winter steelhead 2024-25,2025-02-01,Unguided-Boat,54,183,0.29508196721311475
Wynoochee winter steelhead 2025-26,2025-12-01,Guided-Bank,0,84,0
Wynoochee winter steelhead 2025-26,2025-12-01,Guided-Boat,3,84,0.03571428571428571
Wynoochee winter steelhead 2025-26,2025-12-01,Unguided-Bank,50,84,0.5952380952380952
Wynoochee winter steelhead 2025-26,2025-12-01,Unguided-Boat,31,84,0.36904761904761907
Wynoochee winter steelhead 2025-26,2026-01-01,Guided-Bank,0,199,0
Wynoochee winter steelhead 2025-26,2026-01-01,Guided-Boat,34,199,0.1708542713567839
Wynoochee winter steelhead 2025-26,2026-01-01,Unguided-Bank,78,199,0.39195979899497485
Wynoochee winter steelhead 2025-26,2026-01-01,Unguided-Boat,87,199,0.4371859296482412
Wynoochee winter steelhead 2025-26,2026-02-01,Guided-Bank,1,144,0.006944444444444444
Wynoochee winter steelhead 2025-26,2026-02-01,Guided-Boat,19,144,0.13194444444444445
Wynoochee winter steelhead 2025-26,2026-02-01,Unguided-Bank,74,144,0.5138888888888888
Wynoochee winter steelhead 2025-26,2026-02-01,Unguided-Boat,50,144,0.3472222222222222
