fishery_name,week,combined_type,hours,total_hours,prop
Baker summer sockeye 2022,2022-07-10,Guided-Bank,0,1403.7,0
Baker summer sockeye 2022,2022-07-10,Guided-Boat,70.55,1403.7,0.05026002707131153
Baker summer sockeye 2022,2022-07-10,Unguided-Bank,11.166666666666668,1403.7,0.007955166108617701
Baker summer sockeye 2022,2022-07-10,Unguided-Boat,1321.9833333333333,1403.7,0.9417848068200707
Baker summer sockeye 2022,2022-07-17,Guided-Bank,0,2054.883333333333,0
Baker summer sockeye 2022,2022-07-17,Guided-Boat,77.33333333333334,2054.883333333333,0.0376339289335161
Baker summer sockeye 2022,2022-07-17,Unguided-Bank,0,2054.883333333333,0
Baker summer sockeye 2022,2022-07-17,Unguided-Boat,1977.55,2054.883333333333,0.962366071066484
Baker summer sockeye 2022,2022-07-24,Guided-Bank,0,907.4499999999999,0
Baker summer sockeye 2022,2022-07-24,Guided-Boat,14.166666666666666,907.4499999999999,0.015611512112696752
Baker summer sockeye 2022,2022-07-24,Unguided-Bank,0,907.4499999999999,0
Baker summer sockeye 2022,2022-07-24,Unguided-Boat,893.2833333333333,907.4499999999999,0.9843884878873033
Baker summer sockeye 2022,2022-07-31,Guided-Bank,0,1162.3666666666668,0
Baker summer sockeye 2022,2022-07-31,Guided-Boat,19.900000000000002,1162.3666666666668,0.017120243182013706
Baker summer sockeye 2022,2022-07-31,Unguided-Bank,0,1162.3666666666668,0
Baker summer sockeye 2022,2022-07-31,Unguided-Boat,1142.4666666666667,1162.3666666666668,0.9828797568179862
Baker summer sockeye 2022,2022-08-07,Guided-Bank,0,818.1166666666667,0
Baker summer sockeye 2022,2022-08-07,Guided-Boat,0,818.1166666666667,0
Baker summer sockeye 2022,2022-08-07,Unguided-Bank,0,818.1166666666667,0
Baker summer sockeye 2022,2022-08-07,Unguided-Boat,818.1166666666667,818.1166666666667,1
Baker summer sockeye 2022,2022-08-14,Guided-Bank,0,575.6666666666666,0
Baker summer sockeye 2022,2022-08-14,Guided-Boat,62.78333333333333,575.6666666666666,0.10906195715112912
Baker summer sockeye 2022,2022-08-14,Unguided-Bank,0,575.6666666666666,0
Baker summer sockeye 2022,2022-08-14,Unguided-Boat,512.8833333333333,575.6666666666666,0.8909380428488709
Baker summer sockeye 2022,2022-08-21,Guided-Bank,0,224.05,0
Baker summer sockeye 2022,2022-08-21,Guided-Boat,0,224.05,0
Baker summer sockeye 2022,2022-08-21,Unguided-Bank,14.8,224.05,0.06605668377594287
Baker summer sockeye 2022,2022-08-21,Unguided-Boat,209.25,224.05,0.9339433162240571
Baker summer sockeye 2022,2022-08-28,Guided-Bank,0,52.9,0
Baker summer sockeye 2022,2022-08-28,Guided-Boat,0,52.9,0
Baker summer sockeye 2022,2022-08-28,Unguided-Bank,3.7666666666666666,52.9,0.07120352867044738
Baker summer sockeye 2022,2022-08-28,Unguided-Boat,49.13333333333333,52.9,0.9287964713295527
Baker summer sockeye 2023,2023-07-16,Guided-Bank,0,2643.083333333333,0
Baker summer sockeye 2023,2023-07-16,Guided-Boat,64.25,2643.083333333333,0.024308730333890347
Baker summer sockeye 2023,2023-07-16,Unguided-Bank,71.95,2643.083333333333,0.027221994513983043
Baker summer sockeye 2023,2023-07-16,Unguided-Boat,2506.883333333333,2643.083333333333,0.9484692751521266
Baker summer sockeye 2023,2023-07-23,Guided-Bank,0,1319.1499999999999,0
Baker summer sockeye 2023,2023-07-23,Guided-Boat,36,1319.1499999999999,0.02729030057233825
Baker summer sockeye 2023,2023-07-23,Unguided-Bank,15.566666666666666,1319.1499999999999,0.011800528117853669
Baker summer sockeye 2023,2023-07-23,Unguided-Boat,1267.5833333333333,1319.1499999999999,0.9609091713098081
Baker summer sockeye 2023,2023-07-30,Guided-Bank,0,1011.6166666666667,0
Baker summer sockeye 2023,2023-07-30,Guided-Boat,27.366666666666667,1011.6166666666667,0.027052407862003063
Baker summer sockeye 2023,2023-07-30,Unguided-Bank,0,1011.6166666666667,0
Baker summer sockeye 2023,2023-07-30,Unguided-Boat,984.25,1011.6166666666667,0.972947592137997
Baker summer sockeye 2023,2023-08-06,Guided-Bank,0,806.0166666666667,0
Baker summer sockeye 2023,2023-08-06,Guided-Boat,79.36666666666667,806.0166666666667,0.09846777361923865
Baker summer sockeye 2023,2023-08-06,Unguided-Bank,0,806.0166666666667,0
Baker summer sockeye 2023,2023-08-06,Unguided-Boat,726.65,806.0166666666667,0.9015322263807614
Baker summer sockeye 2023,2023-08-13,Guided-Bank,0,131.76666666666665,0
Baker summer sockeye 2023,2023-08-13,Guided-Boat,0,131.76666666666665,0
Baker summer sockeye 2023,2023-08-13,Unguided-Bank,17.166666666666668,131.76666666666665,0.13028079939286621
Baker summer sockeye 2023,2023-08-13,Unguided-Boat,114.6,131.76666666666665,0.8697192006071339
Cascade fall salmon 2021,2021-09-19,Guided-Bank,0,26.55,0
Cascade fall salmon 2021,2021-09-19,Guided-Boat,0,26.55,0
Cascade fall salmon 2021,2021-09-19,Unguided-Bank,26.55,26.55,1
Cascade fall salmon 2021,2021-09-19,Unguided-Boat,0,26.55,0
Cascade fall salmon 2021,2021-09-26,Guided-Bank,0,69.58333333333333,0
Cascade fall salmon 2021,2021-09-26,Guided-Boat,0,69.58333333333333,0
Cascade fall salmon 2021,2021-09-26,Unguided-Bank,69.58333333333333,69.58333333333333,1
Cascade fall salmon 2021,2021-09-26,Unguided-Boat,0,69.58333333333333,0
Cascade fall salmon 2021,2021-10-03,Guided-Bank,0,67.78333333333333,0
Cascade fall salmon 2021,2021-10-03,Guided-Boat,0,67.78333333333333,0
Cascade fall salmon 2021,2021-10-03,Unguided-Bank,67.78333333333333,67.78333333333333,1
Cascade fall salmon 2021,2021-10-03,Unguided-Boat,0,67.78333333333333,0
Cascade fall salmon 2021,2021-10-10,Guided-Bank,0,87.06666666666666,0
Cascade fall salmon 2021,2021-10-10,Guided-Boat,0,87.06666666666666,0
Cascade fall salmon 2021,2021-10-10,Unguided-Bank,87.06666666666666,87.06666666666666,1
Cascade fall salmon 2021,2021-10-10,Unguided-Boat,0,87.06666666666666,0
Cascade fall salmon 2021,2021-10-17,Guided-Bank,0,81.23333333333333,0
Cascade fall salmon 2021,2021-10-17,Guided-Boat,0,81.23333333333333,0
Cascade fall salmon 2021,2021-10-17,Unguided-Bank,81.23333333333333,81.23333333333333,1
Cascade fall salmon 2021,2021-10-17,Unguided-Boat,0,81.23333333333333,0
Cascade fall salmon 2021,2021-10-24,Guided-Bank,0,26.366666666666667,0
Cascade fall salmon 2021,2021-10-24,Guided-Boat,0,26.366666666666667,0
Cascade fall salmon 2021,2021-10-24,Unguided-Bank,26.366666666666667,26.366666666666667,1
Cascade fall salmon 2021,2021-10-24,Unguided-Boat,0,26.366666666666667,0
Cascade fall salmon 2021,2021-10-31,Guided-Bank,0,70.6,0
Cascade fall salmon 2021,2021-10-31,Guided-Boat,0,70.6,0
Cascade fall salmon 2021,2021-10-31,Unguided-Bank,70.6,70.6,1
Cascade fall salmon 2021,2021-10-31,Unguided-Boat,0,70.6,0
Cascade fall salmon 2021,2021-11-07,Guided-Bank,0,24.583333333333336,0
Cascade fall salmon 2021,2021-11-07,Guided-Boat,0,24.583333333333336,0
Cascade fall salmon 2021,2021-11-07,Unguided-Bank,24.583333333333336,24.583333333333336,1
Cascade fall salmon 2021,2021-11-07,Unguided-Boat,0,24.583333333333336,0
Cascade fall salmon 2021,2021-11-14,Guided-Bank,0,18.233333333333334,0
Cascade fall salmon 2021,2021-11-14,Guided-Boat,0,18.233333333333334,0
Cascade fall salmon 2021,2021-11-14,Unguided-Bank,18.233333333333334,18.233333333333334,1
Cascade fall salmon 2021,2021-11-14,Unguided-Boat,0,18.233333333333334,0
Cascade fall salmon 2021,2021-11-21,Guided-Bank,0,21.900000000000002,0
Cascade fall salmon 2021,2021-11-21,Guided-Boat,0,21.900000000000002,0
Cascade fall salmon 2021,2021-11-21,Unguided-Bank,21.900000000000002,21.900000000000002,1
Cascade fall salmon 2021,2021-11-21,Unguided-Boat,0,21.900000000000002,0
Cascade fall salmon 2021,2021-11-28,Guided-Bank,0,1.8833333333333333,0
Cascade fall salmon 2021,2021-11-28,Guided-Boat,0,1.8833333333333333,0
Cascade fall salmon 2021,2021-11-28,Unguided-Bank,1.8833333333333333,1.8833333333333333,1
Cascade fall salmon 2021,2021-11-28,Unguided-Boat,0,1.8833333333333333,0
Cascade fall salmon 2022,2022-09-18,Guided-Bank,0,47,0
Cascade fall salmon 2022,2022-09-18,Guided-Boat,0,47,0
Cascade fall salmon 2022,2022-09-18,Unguided-Bank,47,47,1
Cascade fall salmon 2022,2022-09-18,Unguided-Boat,0,47,0
Cascade fall salmon 2022,2022-09-25,Guided-Bank,0,152.56666666666666,0
Cascade fall salmon 2022,2022-09-25,Guided-Boat,0,152.56666666666666,0
Cascade fall salmon 2022,2022-09-25,Unguided-Bank,152.56666666666666,152.56666666666666,1
Cascade fall salmon 2022,2022-09-25,Unguided-Boat,0,152.56666666666666,0
Cascade fall salmon 2022,2022-10-02,Guided-Bank,0,232.31666666666666,0
Cascade fall salmon 2022,2022-10-02,Guided-Boat,0,232.31666666666666,0
Cascade fall salmon 2022,2022-10-02,Unguided-Bank,232.31666666666666,232.31666666666666,1
Cascade fall salmon 2022,2022-10-02,Unguided-Boat,0,232.31666666666666,0
Cascade fall salmon 2022,2022-10-09,Guided-Bank,0,202.75,0
Cascade fall salmon 2022,2022-10-09,Guided-Boat,0,202.75,0
Cascade fall salmon 2022,2022-10-09,Unguided-Bank,202.75,202.75,1
Cascade fall salmon 2022,2022-10-09,Unguided-Boat,0,202.75,0
Cascade fall salmon 2022,2022-10-16,Guided-Bank,0,157.35,0
Cascade fall salmon 2022,2022-10-16,Guided-Boat,0,157.35,0
Cascade fall salmon 2022,2022-10-16,Unguided-Bank,157.35,157.35,1
Cascade fall salmon 2022,2022-10-16,Unguided-Boat,0,157.35,0
Cascade fall salmon 2022,2022-10-23,Guided-Bank,0,58.766666666666666,0
Cascade fall salmon 2022,2022-10-23,Guided-Boat,0,58.766666666666666,0
Cascade fall salmon 2022,2022-10-23,Unguided-Bank,58.766666666666666,58.766666666666666,1
Cascade fall salmon 2022,2022-10-23,Unguided-Boat,0,58.766666666666666,0
Cascade fall salmon 2022,2022-10-30,Guided-Bank,0,131.06666666666666,0
Cascade fall salmon 2022,2022-10-30,Guided-Boat,0,131.06666666666666,0
Cascade fall salmon 2022,2022-10-30,Unguided-Bank,131.06666666666666,131.06666666666666,1
Cascade fall salmon 2022,2022-10-30,Unguided-Boat,0,131.06666666666666,0
Cascade fall salmon 2022,2022-11-06,Guided-Bank,0,88.63333333333333,0
Cascade fall salmon 2022,2022-11-06,Guided-Boat,0,88.63333333333333,0
Cascade fall salmon 2022,2022-11-06,Unguided-Bank,88.63333333333333,88.63333333333333,1
Cascade fall salmon 2022,2022-11-06,Unguided-Boat,0,88.63333333333333,0
Cascade fall salmon 2022,2022-11-13,Guided-Bank,0,75.78333333333333,0
Cascade fall salmon 2022,2022-11-13,Guided-Boat,0,75.78333333333333,0
Cascade fall salmon 2022,2022-11-13,Unguided-Bank,75.78333333333333,75.78333333333333,1
Cascade fall salmon 2022,2022-11-13,Unguided-Boat,0,75.78333333333333,0
Cascade fall salmon 2022,2022-11-20,Guided-Bank,0,6.766666666666667,0
Cascade fall salmon 2022,2022-11-20,Guided-Boat,0,6.766666666666667,0
Cascade fall salmon 2022,2022-11-20,Unguided-Bank,6.766666666666667,6.766666666666667,1
Cascade fall salmon 2022,2022-11-20,Unguided-Boat,0,6.766666666666667,0
Cascade fall salmon 2022,2022-11-27,Guided-Bank,0,16.733333333333334,0
Cascade fall salmon 2022,2022-11-27,Guided-Boat,0,16.733333333333334,0
Cascade fall salmon 2022,2022-11-27,Unguided-Bank,16.733333333333334,16.733333333333334,1
Cascade fall salmon 2022,2022-11-27,Unguided-Boat,0,16.733333333333334,0
Cascade fall salmon 2023,2023-09-10,Guided-Bank,0,27.96666666666667,0
Cascade fall salmon 2023,2023-09-10,Guided-Boat,0,27.96666666666667,0
Cascade fall salmon 2023,2023-09-10,Unguided-Bank,27.96666666666667,27.96666666666667,1
Cascade fall salmon 2023,2023-09-10,Unguided-Boat,0,27.96666666666667,0
Cascade fall salmon 2023,2023-09-17,Guided-Bank,0,34.86666666666667,0
Cascade fall salmon 2023,2023-09-17,Guided-Boat,0,34.86666666666667,0
Cascade fall salmon 2023,2023-09-17,Unguided-Bank,34.86666666666667,34.86666666666667,1
Cascade fall salmon 2023,2023-09-17,Unguided-Boat,0,34.86666666666667,0
Cascade fall salmon 2023,2023-09-24,Guided-Bank,0,316.53333333333336,0
Cascade fall salmon 2023,2023-09-24,Guided-Boat,0,316.53333333333336,0
Cascade fall salmon 2023,2023-09-24,Unguided-Bank,316.53333333333336,316.53333333333336,1
Cascade fall salmon 2023,2023-09-24,Unguided-Boat,0,316.53333333333336,0
Cascade fall salmon 2023,2023-10-01,Guided-Bank,0,311.43333333333334,0
Cascade fall salmon 2023,2023-10-01,Guided-Boat,0,311.43333333333334,0
Cascade fall salmon 2023,2023-10-01,Unguided-Bank,311.43333333333334,311.43333333333334,1
Cascade fall salmon 2023,2023-10-01,Unguided-Boat,0,311.43333333333334,0
Cascade fall salmon 2023,2023-10-08,Guided-Bank,0,414.2833333333333,0
Cascade fall salmon 2023,2023-10-08,Guided-Boat,0,414.2833333333333,0
Cascade fall salmon 2023,2023-10-08,Unguided-Bank,414.2833333333333,414.2833333333333,1
Cascade fall salmon 2023,2023-10-08,Unguided-Boat,0,414.2833333333333,0
Cascade fall salmon 2023,2023-10-15,Guided-Bank,5.683333333333334,204.35,0.02781176086779219
Cascade fall salmon 2023,2023-10-15,Guided-Boat,0,204.35,0
Cascade fall salmon 2023,2023-10-15,Unguided-Bank,198.66666666666666,204.35,0.9721882391322078
Cascade fall salmon 2023,2023-10-15,Unguided-Boat,0,204.35,0
Cascade fall salmon 2023,2023-10-22,Guided-Bank,0,196.11666666666667,0
Cascade fall salmon 2023,2023-10-22,Guided-Boat,0,196.11666666666667,0
Cascade fall salmon 2023,2023-10-22,Unguided-Bank,196.11666666666667,196.11666666666667,1
Cascade fall salmon 2023,2023-10-22,Unguided-Boat,0,196.11666666666667,0
Cascade fall salmon 2023,2023-10-29,Guided-Bank,0,133.15,0
Cascade fall salmon 2023,2023-10-29,Guided-Boat,0,133.15,0
Cascade fall salmon 2023,2023-10-29,Unguided-Bank,133.15,133.15,1
Cascade fall salmon 2023,2023-10-29,Unguided-Boat,0,133.15,0
Cascade fall salmon 2023,2023-11-05,Guided-Bank,0,59.68333333333334,0
Cascade fall salmon 2023,2023-11-05,Guided-Boat,0,59.68333333333334,0
Cascade fall salmon 2023,2023-11-05,Unguided-Bank,59.68333333333334,59.68333333333334,1
Cascade fall salmon 2023,2023-11-05,Unguided-Boat,0,59.68333333333334,0
Cascade fall salmon 2023,2023-11-12,Guided-Bank,0,43.88333333333333,0
Cascade fall salmon 2023,2023-11-12,Guided-Boat,0,43.88333333333333,0
Cascade fall salmon 2023,2023-11-12,Unguided-Bank,43.88333333333333,43.88333333333333,1
Cascade fall salmon 2023,2023-11-12,Unguided-Boat,0,43.88333333333333,0
Cascade fall salmon 2023,2023-11-19,Guided-Bank,0,12.066666666666666,0
Cascade fall salmon 2023,2023-11-19,Guided-Boat,0,12.066666666666666,0
Cascade fall salmon 2023,2023-11-19,Unguided-Bank,12.066666666666666,12.066666666666666,1
Cascade fall salmon 2023,2023-11-19,Unguided-Boat,0,12.066666666666666,0
Cascade fall salmon 2023,2023-11-26,Guided-Bank,0,9.416666666666668,0
Cascade fall salmon 2023,2023-11-26,Guided-Boat,0,9.416666666666668,0
Cascade fall salmon 2023,2023-11-26,Unguided-Bank,9.416666666666668,9.416666666666668,1
Cascade fall salmon 2023,2023-11-26,Unguided-Boat,0,9.416666666666668,0
Cascade fall salmon 2024,2024-09-15,Guided-Bank,0,78.66666666666666,0
Cascade fall salmon 2024,2024-09-15,Guided-Boat,0,78.66666666666666,0
Cascade fall salmon 2024,2024-09-15,Unguided-Bank,78.66666666666666,78.66666666666666,1
Cascade fall salmon 2024,2024-09-15,Unguided-Boat,0,78.66666666666666,0
Cascade fall salmon 2024,2024-09-22,Guided-Bank,0,103.13333333333334,0
Cascade fall salmon 2024,2024-09-22,Guided-Boat,0,103.13333333333334,0
Cascade fall salmon 2024,2024-09-22,Unguided-Bank,103.13333333333334,103.13333333333334,1
Cascade fall salmon 2024,2024-09-22,Unguided-Boat,0,103.13333333333334,0
Cascade fall salmon 2024,2024-09-29,Guided-Bank,0,146.56666666666666,0
Cascade fall salmon 2024,2024-09-29,Guided-Boat,0,146.56666666666666,0
Cascade fall salmon 2024,2024-09-29,Unguided-Bank,146.56666666666666,146.56666666666666,1
Cascade fall salmon 2024,2024-09-29,Unguided-Boat,0,146.56666666666666,0
Cascade fall salmon 2024,2024-10-06,Guided-Bank,0,116.61666666666666,0
Cascade fall salmon 2024,2024-10-06,Guided-Boat,0,116.61666666666666,0
Cascade fall salmon 2024,2024-10-06,Unguided-Bank,116.61666666666666,116.61666666666666,1
Cascade fall salmon 2024,2024-10-06,Unguided-Boat,0,116.61666666666666,0
Cascade fall salmon 2024,2024-10-13,Guided-Bank,0,280.1166666666667,0
Cascade fall salmon 2024,2024-10-13,Guided-Boat,0,280.1166666666667,0
Cascade fall salmon 2024,2024-10-13,Unguided-Bank,280.1166666666667,280.1166666666667,1
Cascade fall salmon 2024,2024-10-13,Unguided-Boat,0,280.1166666666667,0
Cascade fall salmon 2024,2024-10-20,Guided-Bank,0,222.68333333333334,0
Cascade fall salmon 2024,2024-10-20,Guided-Boat,0,222.68333333333334,0
Cascade fall salmon 2024,2024-10-20,Unguided-Bank,222.68333333333334,222.68333333333334,1
Cascade fall salmon 2024,2024-10-20,Unguided-Boat,0,222.68333333333334,0
Cascade fall salmon 2024,2024-10-27,Guided-Bank,0,263.3333333333333,0
Cascade fall salmon 2024,2024-10-27,Guided-Boat,0,263.3333333333333,0
Cascade fall salmon 2024,2024-10-27,Unguided-Bank,263.3333333333333,263.3333333333333,1
Cascade fall salmon 2024,2024-10-27,Unguided-Boat,0,263.3333333333333,0
Cascade fall salmon 2024,2024-11-03,Guided-Bank,0,91.55,0
Cascade fall salmon 2024,2024-11-03,Guided-Boat,0,91.55,0
Cascade fall salmon 2024,2024-11-03,Unguided-Bank,91.55,91.55,1
Cascade fall salmon 2024,2024-11-03,Unguided-Boat,0,91.55,0
Cascade fall salmon 2024,2024-11-10,Guided-Bank,0,17.25,0
Cascade fall salmon 2024,2024-11-10,Guided-Boat,0,17.25,0
Cascade fall salmon 2024,2024-11-10,Unguided-Bank,17.25,17.25,1
Cascade fall salmon 2024,2024-11-10,Unguided-Boat,0,17.25,0
Cascade fall salmon 2024,2024-11-17,Guided-Bank,0,29.35,0
Cascade fall salmon 2024,2024-11-17,Guided-Boat,0,29.35,0
Cascade fall salmon 2024,2024-11-17,Unguided-Bank,29.35,29.35,1
Cascade fall salmon 2024,2024-11-17,Unguided-Boat,0,29.35,0
Cascade fall salmon 2024,2024-11-24,Guided-Bank,0,17.083333333333332,0
Cascade fall salmon 2024,2024-11-24,Guided-Boat,0,17.083333333333332,0
Cascade fall salmon 2024,2024-11-24,Unguided-Bank,17.083333333333332,17.083333333333332,1
Cascade fall salmon 2024,2024-11-24,Unguided-Boat,0,17.083333333333332,0
Cascade spring Chinook 2022,2022-05-29,Guided-Bank,0,278.4166666666667,0
Cascade spring Chinook 2022,2022-05-29,Guided-Boat,0,278.4166666666667,0
Cascade spring Chinook 2022,2022-05-29,Unguided-Bank,278.4166666666667,278.4166666666667,1
Cascade spring Chinook 2022,2022-05-29,Unguided-Boat,0,278.4166666666667,0
Cascade spring Chinook 2022,2022-06-05,Guided-Bank,0,560.9666666666667,0
Cascade spring Chinook 2022,2022-06-05,Guided-Boat,0,560.9666666666667,0
Cascade spring Chinook 2022,2022-06-05,Unguided-Bank,560.9666666666667,560.9666666666667,1
Cascade spring Chinook 2022,2022-06-05,Unguided-Boat,0,560.9666666666667,0
Cascade spring Chinook 2022,2022-06-12,Guided-Bank,0,344.95,0
Cascade spring Chinook 2022,2022-06-12,Guided-Boat,0,344.95,0
Cascade spring Chinook 2022,2022-06-12,Unguided-Bank,344.95,344.95,1
Cascade spring Chinook 2022,2022-06-12,Unguided-Boat,0,344.95,0
Cascade spring Chinook 2022,2022-06-19,Guided-Bank,0,582.6166666666667,0
Cascade spring Chinook 2022,2022-06-19,Guided-Boat,0,582.6166666666667,0
Cascade spring Chinook 2022,2022-06-19,Unguided-Bank,582.6166666666667,582.6166666666667,1
Cascade spring Chinook 2022,2022-06-19,Unguided-Boat,0,582.6166666666667,0
Cascade spring Chinook 2022,2022-06-26,Guided-Bank,0,719.5166666666667,0
Cascade spring Chinook 2022,2022-06-26,Guided-Boat,0,719.5166666666667,0
Cascade spring Chinook 2022,2022-06-26,Unguided-Bank,719.5166666666667,719.5166666666667,1
Cascade spring Chinook 2022,2022-06-26,Unguided-Boat,0,719.5166666666667,0
Cascade spring Chinook 2022,2022-07-03,Guided-Bank,0,223.53333333333333,0
Cascade spring Chinook 2022,2022-07-03,Guided-Boat,0,223.53333333333333,0
Cascade spring Chinook 2022,2022-07-03,Unguided-Bank,223.53333333333333,223.53333333333333,1
Cascade spring Chinook 2022,2022-07-03,Unguided-Boat,0,223.53333333333333,0
Cascade spring Chinook 2022,2022-07-10,Guided-Bank,0,164.96666666666667,0
Cascade spring Chinook 2022,2022-07-10,Guided-Boat,0,164.96666666666667,0
Cascade spring Chinook 2022,2022-07-10,Unguided-Bank,164.96666666666667,164.96666666666667,1
Cascade spring Chinook 2022,2022-07-10,Unguided-Boat,0,164.96666666666667,0
Cascade spring Chinook 2023,2023-05-28,Guided-Bank,0,110.45,0
Cascade spring Chinook 2023,2023-05-28,Guided-Boat,0,110.45,0
Cascade spring Chinook 2023,2023-05-28,Unguided-Bank,110.45,110.45,1
Cascade spring Chinook 2023,2023-05-28,Unguided-Boat,0,110.45,0
Cascade spring Chinook 2023,2023-06-04,Guided-Bank,0,128.61666666666667,0
Cascade spring Chinook 2023,2023-06-04,Guided-Boat,0,128.61666666666667,0
Cascade spring Chinook 2023,2023-06-04,Unguided-Bank,128.61666666666667,128.61666666666667,1
Cascade spring Chinook 2023,2023-06-04,Unguided-Boat,0,128.61666666666667,0
Cascade spring Chinook 2023,2023-06-11,Guided-Bank,0,257.9,0
Cascade spring Chinook 2023,2023-06-11,Guided-Boat,0,257.9,0
Cascade spring Chinook 2023,2023-06-11,Unguided-Bank,257.9,257.9,1
Cascade spring Chinook 2023,2023-06-11,Unguided-Boat,0,257.9,0
Cascade spring Chinook 2023,2023-06-18,Guided-Bank,0,59.7,0
Cascade spring Chinook 2023,2023-06-18,Guided-Boat,0,59.7,0
Cascade spring Chinook 2023,2023-06-18,Unguided-Bank,59.7,59.7,1
Cascade spring Chinook 2023,2023-06-18,Unguided-Boat,0,59.7,0
Cascade spring Chinook 2023,2023-06-25,Guided-Bank,0,127.96666666666667,0
Cascade spring Chinook 2023,2023-06-25,Guided-Boat,0,127.96666666666667,0
Cascade spring Chinook 2023,2023-06-25,Unguided-Bank,127.96666666666667,127.96666666666667,1
Cascade spring Chinook 2023,2023-06-25,Unguided-Boat,0,127.96666666666667,0
Cascade spring Chinook 2023,2023-07-02,Guided-Bank,0,34.5,0
Cascade spring Chinook 2023,2023-07-02,Guided-Boat,0,34.5,0
Cascade spring Chinook 2023,2023-07-02,Unguided-Bank,34.5,34.5,1
Cascade spring Chinook 2023,2023-07-02,Unguided-Boat,0,34.5,0
Cascade spring Chinook 2023,2023-07-09,Guided-Bank,0,83.36666666666667,0
Cascade spring Chinook 2023,2023-07-09,Guided-Boat,0,83.36666666666667,0
Cascade spring Chinook 2023,2023-07-09,Unguided-Bank,83.36666666666667,83.36666666666667,1
Cascade spring Chinook 2023,2023-07-09,Unguided-Boat,0,83.36666666666667,0
Cascade spring Chinook 2024,2024-05-26,Guided-Bank,0,224.71666666666667,0
Cascade spring Chinook 2024,2024-05-26,Guided-Boat,0,224.71666666666667,0
Cascade spring Chinook 2024,2024-05-26,Unguided-Bank,224.71666666666667,224.71666666666667,1
Cascade spring Chinook 2024,2024-05-26,Unguided-Boat,0,224.71666666666667,0
Cascade spring Chinook 2024,2024-06-02,Guided-Bank,0,346.45,0
Cascade spring Chinook 2024,2024-06-02,Guided-Boat,0,346.45,0
Cascade spring Chinook 2024,2024-06-02,Unguided-Bank,346.45,346.45,1
Cascade spring Chinook 2024,2024-06-02,Unguided-Boat,0,346.45,0
Cascade spring Chinook 2024,2024-06-09,Guided-Bank,0,297.71666666666664,0
Cascade spring Chinook 2024,2024-06-09,Guided-Boat,0,297.71666666666664,0
Cascade spring Chinook 2024,2024-06-09,Unguided-Bank,297.71666666666664,297.71666666666664,1
Cascade spring Chinook 2024,2024-06-09,Unguided-Boat,0,297.71666666666664,0
Cascade spring Chinook 2024,2024-06-16,Guided-Bank,0,0.3333333333333333,0
Cascade spring Chinook 2024,2024-06-16,Guided-Boat,0,0.3333333333333333,0
Cascade spring Chinook 2024,2024-06-16,Unguided-Bank,0.3333333333333333,0.3333333333333333,1
Cascade spring Chinook 2024,2024-06-16,Unguided-Boat,0,0.3333333333333333,0
Cascade spring Chinook 2024,2024-06-23,Guided-Bank,0,106.65,0
Cascade spring Chinook 2024,2024-06-23,Guided-Boat,0,106.65,0
Cascade spring Chinook 2024,2024-06-23,Unguided-Bank,106.65,106.65,1
Cascade spring Chinook 2024,2024-06-23,Unguided-Boat,0,106.65,0
Cascade spring Chinook 2024,2024-06-30,Guided-Bank,0,90.46666666666667,0
Cascade spring Chinook 2024,2024-06-30,Guided-Boat,0,90.46666666666667,0
Cascade spring Chinook 2024,2024-06-30,Unguided-Bank,90.46666666666667,90.46666666666667,1
Cascade spring Chinook 2024,2024-06-30,Unguided-Boat,0,90.46666666666667,0
Cascade spring Chinook 2024,2024-07-07,Guided-Bank,0,28.05,0
Cascade spring Chinook 2024,2024-07-07,Guided-Boat,0,28.05,0
Cascade spring Chinook 2024,2024-07-07,Unguided-Bank,28.05,28.05,1
Cascade spring Chinook 2024,2024-07-07,Unguided-Boat,0,28.05,0
Cascade spring Chinook 2024,2024-07-14,Guided-Bank,0,7.266666666666667,0
Cascade spring Chinook 2024,2024-07-14,Guided-Boat,0,7.266666666666667,0
Cascade spring Chinook 2024,2024-07-14,Unguided-Bank,7.266666666666667,7.266666666666667,1
Cascade spring Chinook 2024,2024-07-14,Unguided-Boat,0,7.266666666666667,0
Cascade winter gamefish 2021-22,2021-11-28,Guided-Bank,0,5.283333333333333,0
Cascade winter gamefish 2021-22,2021-11-28,Guided-Boat,0,5.283333333333333,0
Cascade winter gamefish 2021-22,2021-11-28,Unguided-Bank,5.283333333333333,5.283333333333333,1
Cascade winter gamefish 2021-22,2021-11-28,Unguided-Boat,0,5.283333333333333,0
Cascade winter gamefish 2021-22,2021-12-05,Guided-Bank,0,32.483333333333334,0
Cascade winter gamefish 2021-22,2021-12-05,Guided-Boat,0,32.483333333333334,0
Cascade winter gamefish 2021-22,2021-12-05,Unguided-Bank,32.483333333333334,32.483333333333334,1
Cascade winter gamefish 2021-22,2021-12-05,Unguided-Boat,0,32.483333333333334,0
Cascade winter gamefish 2021-22,2021-12-12,Guided-Bank,0,3.283333333333333,0
Cascade winter gamefish 2021-22,2021-12-12,Guided-Boat,0,3.283333333333333,0
Cascade winter gamefish 2021-22,2021-12-12,Unguided-Bank,3.283333333333333,3.283333333333333,1
Cascade winter gamefish 2021-22,2021-12-12,Unguided-Boat,0,3.283333333333333,0
Cascade winter gamefish 2021-22,2021-12-19,Guided-Bank,0,5.5,0
Cascade winter gamefish 2021-22,2021-12-19,Guided-Boat,0,5.5,0
Cascade winter gamefish 2021-22,2021-12-19,Unguided-Bank,5.5,5.5,1
Cascade winter gamefish 2021-22,2021-12-19,Unguided-Boat,0,5.5,0
Cascade winter gamefish 2021-22,2021-12-26,Guided-Bank,0,3.5,0
Cascade winter gamefish 2021-22,2021-12-26,Guided-Boat,0,3.5,0
Cascade winter gamefish 2021-22,2021-12-26,Unguided-Bank,3.5,3.5,1
Cascade winter gamefish 2021-22,2021-12-26,Unguided-Boat,0,3.5,0
Cascade winter gamefish 2021-22,2022-01-02,Guided-Bank,0,3.1,0
Cascade winter gamefish 2021-22,2022-01-02,Guided-Boat,0,3.1,0
Cascade winter gamefish 2021-22,2022-01-02,Unguided-Bank,3.1,3.1,1
Cascade winter gamefish 2021-22,2022-01-02,Unguided-Boat,0,3.1,0
Cascade winter gamefish 2021-22,2022-01-09,Guided-Bank,0,8.45,0
Cascade winter gamefish 2021-22,2022-01-09,Guided-Boat,0,8.45,0
Cascade winter gamefish 2021-22,2022-01-09,Unguided-Bank,8.45,8.45,1
Cascade winter gamefish 2021-22,2022-01-09,Unguided-Boat,0,8.45,0
Cascade winter gamefish 2021-22,2022-01-16,Guided-Bank,0,2,0
Cascade winter gamefish 2021-22,2022-01-16,Guided-Boat,0,2,0
Cascade winter gamefish 2021-22,2022-01-16,Unguided-Bank,2,2,1
Cascade winter gamefish 2021-22,2022-01-16,Unguided-Boat,0,2,0
Cascade winter gamefish 2023,2023-01-08,Guided-Bank,0,12.4,0
Cascade winter gamefish 2023,2023-01-08,Guided-Boat,0,12.4,0
Cascade winter gamefish 2023,2023-01-08,Unguided-Bank,12.4,12.4,1
Cascade winter gamefish 2023,2023-01-08,Unguided-Boat,0,12.4,0
Cascade winter gamefish 2023,2023-01-15,Guided-Bank,0,13.166666666666666,0
Cascade winter gamefish 2023,2023-01-15,Guided-Boat,0,13.166666666666666,0
Cascade winter gamefish 2023,2023-01-15,Unguided-Bank,13.166666666666666,13.166666666666666,1
Cascade winter gamefish 2023,2023-01-15,Unguided-Boat,0,13.166666666666666,0
Chehalis salmon 2022,2022-09-11,Guided-Bank,0,588.25,0
Chehalis salmon 2022,2022-09-11,Guided-Boat,23.3,588.25,0.039609009774755635
Chehalis salmon 2022,2022-09-11,Unguided-Bank,6.9,588.25,0.011729706757331067
Chehalis salmon 2022,2022-09-11,Unguided-Boat,558.05,588.25,0.9486612834679132
Chehalis salmon 2022,2022-09-18,Guided-Bank,0,1022.6666666666666,0
Chehalis salmon 2022,2022-09-18,Guided-Boat,57.21666666666667,1022.6666666666666,0.055948500651890484
Chehalis salmon 2022,2022-09-18,Unguided-Bank,79.31666666666666,1022.6666666666666,0.0775586701434159
Chehalis salmon 2022,2022-09-18,Unguided-Boat,886.1333333333333,1022.6666666666666,0.8664928292046936
Chehalis salmon 2022,2022-09-25,Guided-Bank,0,1148.9833333333333,0
Chehalis salmon 2022,2022-09-25,Guided-Boat,189.79999999999998,1148.9833333333333,0.16518951536865922
Chehalis salmon 2022,2022-09-25,Unguided-Bank,75.6,1148.9833333333333,0.06579729906148914
Chehalis salmon 2022,2022-09-25,Unguided-Boat,883.5833333333334,1148.9833333333333,0.7690131855698517
Chehalis salmon 2022,2022-10-02,Guided-Bank,0,869.9,0
Chehalis salmon 2022,2022-10-02,Guided-Boat,85.93333333333334,869.9,0.09878530099245125
Chehalis salmon 2022,2022-10-02,Unguided-Bank,78.81666666666666,869.9,0.09060428401732
Chehalis salmon 2022,2022-10-02,Unguided-Boat,705.15,869.9,0.8106104149902288
Chehalis salmon 2022,2022-10-09,Guided-Bank,0,1317.25,0
Chehalis salmon 2022,2022-10-09,Guided-Boat,263.75,1317.25,0.20022774720060732
Chehalis salmon 2022,2022-10-09,Unguided-Bank,30.383333333333333,1317.25,0.023065730372619726
Chehalis salmon 2022,2022-10-09,Unguided-Boat,1023.1166666666667,1317.25,0.776706522426773
Chehalis salmon 2022,2022-10-16,Guided-Bank,0,1529.8666666666666,0
Chehalis salmon 2022,2022-10-16,Guided-Boat,513.6666666666666,1529.8666666666666,0.3357591075474987
Chehalis salmon 2022,2022-10-16,Unguided-Bank,20.65,1529.8666666666666,0.013497908314450061
Chehalis salmon 2022,2022-10-16,Unguided-Boat,995.55,1529.8666666666666,0.6507429841380513
Chehalis salmon 2022,2022-10-23,Guided-Bank,0,1528.9666666666667,0
Chehalis salmon 2022,2022-10-23,Guided-Boat,347.78333333333336,1528.9666666666667,0.2274629924349779
Chehalis salmon 2022,2022-10-23,Unguided-Bank,60.45,1528.9666666666667,0.039536506137042446
Chehalis salmon 2022,2022-10-23,Unguided-Boat,1120.7333333333333,1528.9666666666667,0.7330005014279797
Chehalis salmon 2022,2022-10-30,Guided-Bank,0,399.98333333333335,0
Chehalis salmon 2022,2022-10-30,Guided-Boat,198.43333333333334,399.98333333333335,0.49610400433351387
Chehalis salmon 2022,2022-10-30,Unguided-Bank,1.9333333333333333,399.98333333333335,0.004833534730613776
Chehalis salmon 2022,2022-10-30,Unguided-Boat,199.61666666666667,399.98333333333335,0.4990624609358723
Chehalis salmon 2022,2022-11-06,Guided-Bank,0,111.33333333333333,0
Chehalis salmon 2022,2022-11-06,Guided-Boat,35.25,111.33333333333333,0.3166167664670659
Chehalis salmon 2022,2022-11-06,Unguided-Bank,33.266666666666666,111.33333333333333,0.29880239520958085
Chehalis salmon 2022,2022-11-06,Unguided-Boat,42.81666666666666,111.33333333333333,0.38458083832335327
Chehalis salmon 2022,2022-11-13,Guided-Bank,0,154.81666666666666,0
Chehalis salmon 2022,2022-11-13,Guided-Boat,25.333333333333332,154.81666666666666,0.16363440628700612
Chehalis salmon 2022,2022-11-13,Unguided-Bank,1.3166666666666667,154.81666666666666,0.008504682958337818
Chehalis salmon 2022,2022-11-13,Unguided-Boat,128.16666666666666,154.81666666666666,0.827860910754656
Chehalis salmon 2022,2022-11-20,Guided-Bank,0,209.08333333333334,0
Chehalis salmon 2022,2022-11-20,Guided-Boat,35.28333333333333,209.08333333333334,0.16875249103228376
Chehalis salmon 2022,2022-11-20,Unguided-Bank,0,209.08333333333334,0
Chehalis salmon 2022,2022-11-20,Unguided-Boat,173.8,209.08333333333334,0.8312475089677163
Chehalis salmon 2022,2022-11-27,Guided-Bank,0,33.833333333333336,0
Chehalis salmon 2022,2022-11-27,Guided-Boat,0,33.833333333333336,0
Chehalis salmon 2022,2022-11-27,Unguided-Bank,0,33.833333333333336,0
Chehalis salmon 2022,2022-11-27,Unguided-Boat,33.833333333333336,33.833333333333336,1
Chehalis salmon 2022,2022-12-04,Guided-Bank,0,59.63333333333333,0
Chehalis salmon 2022,2022-12-04,Guided-Boat,0,59.63333333333333,0
Chehalis salmon 2022,2022-12-04,Unguided-Bank,59.63333333333333,59.63333333333333,1
Chehalis salmon 2022,2022-12-04,Unguided-Boat,0,59.63333333333333,0
Chehalis salmon 2022,2022-12-11,Guided-Bank,0,15.85,0
Chehalis salmon 2022,2022-12-11,Guided-Boat,0,15.85,0
Chehalis salmon 2022,2022-12-11,Unguided-Bank,15.85,15.85,1
Chehalis salmon 2022,2022-12-11,Unguided-Boat,0,15.85,0
Chehalis salmon 2024,2024-09-15,Guided-Bank,0,1749.3999999999999,0
Chehalis salmon 2024,2024-09-15,Guided-Boat,16.633333333333333,1749.3999999999999,0.009508021797949774
Chehalis salmon 2024,2024-09-15,Unguided-Bank,147.21666666666667,1749.3999999999999,0.08415266186502039
Chehalis salmon 2024,2024-09-15,Unguided-Boat,1585.55,1749.3999999999999,0.9063393163370299
Chehalis salmon 2024,2024-09-22,Guided-Bank,0,2387.75,0
Chehalis salmon 2024,2024-09-22,Guided-Boat,177.41666666666669,2387.75,0.0743028653195128
Chehalis salmon 2024,2024-09-22,Unguided-Bank,242.71666666666667,2387.75,0.10165078700310613
Chehalis salmon 2024,2024-09-22,Unguided-Boat,1967.6166666666666,2387.75,0.824046347677381
Chehalis salmon 2024,2024-09-29,Guided-Bank,0,1271.9,0
Chehalis salmon 2024,2024-09-29,Guided-Boat,71.81666666666666,1271.9,0.0564640826060749
Chehalis salmon 2024,2024-09-29,Unguided-Bank,52.88333333333333,1271.9,0.04157821631679639
Chehalis salmon 2024,2024-09-29,Unguided-Boat,1147.2,1271.9,0.9019577010771287
Chehalis salmon 2024,2024-10-06,Guided-Bank,0,1251.4833333333333,0
Chehalis salmon 2024,2024-10-06,Guided-Boat,151.2,1251.4833333333333,0.12081663093129485
Chehalis salmon 2024,2024-10-06,Unguided-Bank,100.86666666666666,1251.4833333333333,0.08059769074032148
Chehalis salmon 2024,2024-10-06,Unguided-Boat,999.4166666666666,1251.4833333333333,0.7985856783283836
Chehalis salmon 2024,2024-10-13,Guided-Bank,0,1003.8666666666667,0
Chehalis salmon 2024,2024-10-13,Guided-Boat,272.3833333333333,1003.8666666666667,0.27133417452516934
Chehalis salmon 2024,2024-10-13,Unguided-Bank,161.61666666666667,1003.8666666666667,0.16099415593040245
Chehalis salmon 2024,2024-10-13,Unguided-Boat,569.8666666666667,1003.8666666666667,0.5676716695444282
Chehalis salmon 2024,2024-10-20,Guided-Bank,0,655.5,0
Chehalis salmon 2024,2024-10-20,Guided-Boat,79.48333333333333,655.5,0.121256038647343
Chehalis salmon 2024,2024-10-20,Unguided-Bank,101.73333333333333,655.5,0.1551995931858632
Chehalis salmon 2024,2024-10-20,Unguided-Boat,474.2833333333333,655.5,0.7235443681667938
Chehalis salmon 2024,2024-10-27,Guided-Bank,0,889,0
Chehalis salmon 2024,2024-10-27,Guided-Boat,176.56666666666666,889,0.198612673415823
Chehalis salmon 2024,2024-10-27,Unguided-Bank,335.93333333333334,889,0.3778777652793401
Chehalis salmon 2024,2024-10-27,Unguided-Boat,376.5,889,0.4235095613048369
Chehalis salmon 2024,2024-11-03,Guided-Bank,0,1143.2166666666667,0
Chehalis salmon 2024,2024-11-03,Guided-Boat,154.9,1143.2166666666667,0.13549487557039347
Chehalis salmon 2024,2024-11-03,Unguided-Bank,228.66666666666666,1143.2166666666667,0.20002041024594344
Chehalis salmon 2024,2024-11-03,Unguided-Boat,759.65,1143.2166666666667,0.6644847141836631
Chehalis salmon 2024,2024-11-10,Guided-Bank,0,366.59999999999997,0
Chehalis salmon 2024,2024-11-10,Guided-Boat,14.15,366.59999999999997,0.03859792689579924
Chehalis salmon 2024,2024-11-10,Unguided-Bank,65.3,366.59999999999997,0.17812329514457176
Chehalis salmon 2024,2024-11-10,Unguided-Boat,287.15,366.59999999999997,0.7832787779596291
Chehalis salmon 2024,2024-11-17,Guided-Bank,0,71.93333333333334,0
Chehalis salmon 2024,2024-11-17,Guided-Boat,0,71.93333333333334,0
Chehalis salmon 2024,2024-11-17,Unguided-Bank,35.516666666666666,71.93333333333334,0.4937442075996292
Chehalis salmon 2024,2024-11-17,Unguided-Boat,36.41666666666667,71.93333333333334,0.5062557924003708
Chehalis salmon 2024,2024-11-24,Guided-Bank,0,262.09999999999997,0
Chehalis salmon 2024,2024-11-24,Guided-Boat,0,262.09999999999997,0
Chehalis salmon 2024,2024-11-24,Unguided-Bank,58.61666666666667,262.09999999999997,0.22364237568358136
Chehalis salmon 2024,2024-11-24,Unguided-Boat,203.48333333333332,262.09999999999997,0.7763576243164187
Chehalis salmon 2024,2024-12-01,Guided-Bank,0,249.51666666666668,0
Chehalis salmon 2024,2024-12-01,Guided-Boat,47.18333333333334,249.51666666666668,0.1890989245875359
Chehalis salmon 2024,2024-12-01,Unguided-Bank,6.816666666666666,249.51666666666668,0.027319484336383672
Chehalis salmon 2024,2024-12-01,Unguided-Boat,195.51666666666668,249.51666666666668,0.7835815910760804
Chehalis salmon 2024,2024-12-08,Guided-Bank,0,151.43333333333334,0
Chehalis salmon 2024,2024-12-08,Guided-Boat,0,151.43333333333334,0
Chehalis salmon 2024,2024-12-08,Unguided-Bank,3.6166666666666667,151.43333333333334,0.023882896764252697
Chehalis salmon 2024,2024-12-08,Unguided-Boat,147.81666666666666,151.43333333333334,0.9761171032357473
Chehalis salmon 2024,2024-12-15,Guided-Bank,0,54.35,0
Chehalis salmon 2024,2024-12-15,Guided-Boat,0,54.35,0
Chehalis salmon 2024,2024-12-15,Unguided-Bank,0,54.35,0
Chehalis salmon 2024,2024-12-15,Unguided-Boat,54.35,54.35,1
Chehalis salmon 2024,2024-12-22,Guided-Bank,0,0.43333333333333335,0
Chehalis salmon 2024,2024-12-22,Guided-Boat,0,0.43333333333333335,0
Chehalis salmon 2024,2024-12-22,Unguided-Bank,0.43333333333333335,0.43333333333333335,1
Chehalis salmon 2024,2024-12-22,Unguided-Boat,0,0.43333333333333335,0
Chehalis salmon 2025,2025-09-14,Guided-Bank,0,2012.45,0
Chehalis salmon 2025,2025-09-14,Guided-Boat,86.66666666666666,2012.45,0.04306525213876949
Chehalis salmon 2025,2025-09-14,Unguided-Bank,117.38333333333334,2012.45,0.0583285713102603
Chehalis salmon 2025,2025-09-14,Unguided-Boat,1808.4,2012.45,0.8986061765509702
Chehalis salmon 2025,2025-09-21,Guided-Bank,0,1730.3500000000001,0
Chehalis salmon 2025,2025-09-21,Guided-Boat,23.916666666666664,1730.3500000000001,0.01382186648173298
Chehalis salmon 2025,2025-09-21,Unguided-Bank,89.3,1730.3500000000001,0.05160805617360649
Chehalis salmon 2025,2025-09-21,Unguided-Boat,1617.1333333333334,1730.3500000000001,0.9345700773446605
Chehalis salmon 2025,2025-09-28,Guided-Bank,0,1540.1499999999999,0
Chehalis salmon 2025,2025-09-28,Guided-Boat,79.78333333333333,1540.1499999999999,0.05180231362746053
Chehalis salmon 2025,2025-09-28,Unguided-Bank,152.5,1540.1499999999999,0.09901632957828783
Chehalis salmon 2025,2025-09-28,Unguided-Boat,1307.8666666666666,1540.1499999999999,0.8491813567942517
Chehalis salmon 2025,2025-10-05,Guided-Bank,0,1012.3333333333334,0
Chehalis salmon 2025,2025-10-05,Guided-Boat,157.6,1012.3333333333334,0.15567994731643067
Chehalis salmon 2025,2025-10-05,Unguided-Bank,96.86666666666666,1012.3333333333334,0.09568653276259466
Chehalis salmon 2025,2025-10-05,Unguided-Boat,757.8666666666667,1012.3333333333334,0.7486335199209746
Chehalis salmon 2025,2025-10-12,Guided-Bank,12.5,1586.2666666666667,0.00788013784987812
Chehalis salmon 2025,2025-10-12,Guided-Boat,417.75,1586.2666666666667,0.26335420694292677
Chehalis salmon 2025,2025-10-12,Unguided-Bank,185.76666666666668,1586.2666666666667,0.11710935529965538
Chehalis salmon 2025,2025-10-12,Unguided-Boat,970.25,1586.2666666666667,0.6116562999075397
Chehalis salmon 2025,2025-10-19,Guided-Bank,0,845.8166666666666,0
Chehalis salmon 2025,2025-10-19,Guided-Boat,343.4,845.8166666666666,0.40599814774675363
Chehalis salmon 2025,2025-10-19,Unguided-Bank,50.9,845.8166666666666,0.06017852568523518
Chehalis salmon 2025,2025-10-19,Unguided-Boat,451.51666666666665,845.8166666666666,0.5338233265680112
Chehalis salmon 2025,2025-10-26,Guided-Bank,0,853.1333333333333,0
Chehalis salmon 2025,2025-10-26,Guided-Boat,185.35,853.1333333333333,0.2172579510822849
Chehalis salmon 2025,2025-10-26,Unguided-Bank,167.55,853.1333333333333,0.196393686020161
Chehalis salmon 2025,2025-10-26,Unguided-Boat,500.23333333333335,853.1333333333333,0.5863483628975541
Chehalis salmon 2025,2025-11-02,Guided-Bank,0,464.55,0
Chehalis salmon 2025,2025-11-02,Guided-Boat,19,464.55,0.0408997955010225
Chehalis salmon 2025,2025-11-02,Unguided-Bank,74.16666666666667,464.55,0.1596527105083773
Chehalis salmon 2025,2025-11-02,Unguided-Boat,371.3833333333333,464.55,0.7994474939906002
Chehalis salmon 2025,2025-11-09,Guided-Bank,0,294.56666666666666,0
Chehalis salmon 2025,2025-11-09,Guided-Boat,106.95,294.56666666666666,0.3630757044245785
Chehalis salmon 2025,2025-11-09,Unguided-Bank,30.166666666666668,294.56666666666666,0.10241032024442685
Chehalis salmon 2025,2025-11-09,Unguided-Boat,157.45,294.56666666666666,0.5345139753309947
Chehalis salmon 2025,2025-11-16,Guided-Bank,0,937.7166666666667,0
Chehalis salmon 2025,2025-11-16,Guided-Boat,185.26666666666665,937.7166666666667,0.19757211666637042
Chehalis salmon 2025,2025-11-16,Unguided-Bank,86.7,937.7166666666667,0.09245863178287685
Chehalis salmon 2025,2025-11-16,Unguided-Boat,665.75,937.7166666666667,0.7099692515507527
Chehalis salmon 2025,2025-11-23,Guided-Bank,0,452.3666666666667,0
Chehalis salmon 2025,2025-11-23,Guided-Boat,42.61666666666667,452.3666666666667,0.0942082381548891
Chehalis salmon 2025,2025-11-23,Unguided-Bank,41.916666666666664,452.3666666666667,0.0926608208680274
Chehalis salmon 2025,2025-11-23,Unguided-Boat,367.8333333333333,452.3666666666667,0.8131309409770834
Chehalis salmon 2025,2025-11-30,Guided-Bank,0,110.73333333333333,0
Chehalis salmon 2025,2025-11-30,Guided-Boat,13.950000000000001,110.73333333333333,0.12597832630945213
Chehalis salmon 2025,2025-11-30,Unguided-Bank,0,110.73333333333333,0
Chehalis salmon 2025,2025-11-30,Unguided-Boat,96.78333333333333,110.73333333333333,0.8740216736905478
Chehalis salmon 2025,2025-12-07,Guided-Bank,0,16.21666666666667,0
Chehalis salmon 2025,2025-12-07,Guided-Boat,0,16.21666666666667,0
Chehalis salmon 2025,2025-12-07,Unguided-Bank,3.283333333333333,16.21666666666667,0.20246659815005136
Chehalis salmon 2025,2025-12-07,Unguided-Boat,12.933333333333334,16.21666666666667,0.7975334018499486
Chehalis salmon 2025,2025-12-21,Guided-Bank,0,29.799999999999997,0
Chehalis salmon 2025,2025-12-21,Guided-Boat,0,29.799999999999997,0
Chehalis salmon 2025,2025-12-21,Unguided-Bank,22.7,29.799999999999997,0.7617449664429531
Chehalis salmon 2025,2025-12-21,Unguided-Boat,7.1,29.799999999999997,0.238255033557047
Chehalis salmon 2025,2025-12-28,Guided-Bank,0,14.233333333333333,0
Chehalis salmon 2025,2025-12-28,Guided-Boat,0,14.233333333333333,0
Chehalis salmon 2025,2025-12-28,Unguided-Bank,0,14.233333333333333,0
Chehalis salmon 2025,2025-12-28,Unguided-Boat,14.233333333333333,14.233333333333333,1
Chehalis winter steelhead 2024-25,2024-10-27,Guided-Bank,0,331.8,0
Chehalis winter steelhead 2024-25,2024-10-27,Guided-Boat,40.9,331.8,0.12326702833031947
Chehalis winter steelhead 2024-25,2024-10-27,Unguided-Bank,131.85,331.8,0.397377938517179
Chehalis winter steelhead 2024-25,2024-10-27,Unguided-Boat,159.05,331.8,0.4793550331525015
Chehalis winter steelhead 2024-25,2024-11-03,Guided-Bank,0,1061.7666666666667,0
Chehalis winter steelhead 2024-25,2024-11-03,Guided-Boat,154.9,1061.7666666666667,0.1458889272595988
Chehalis winter steelhead 2024-25,2024-11-03,Unguided-Bank,228.66666666666666,1061.7666666666667,0.21536432989043416
Chehalis winter steelhead 2024-25,2024-11-03,Unguided-Boat,678.2,1061.7666666666667,0.6387467428499671
Chehalis winter steelhead 2024-25,2024-11-10,Guided-Bank,0,313.8,0
Chehalis winter steelhead 2024-25,2024-11-10,Guided-Boat,14.15,313.8,0.04509241555130657
Chehalis winter steelhead 2024-25,2024-11-10,Unguided-Bank,65.3,313.8,0.20809432759719565
Chehalis winter steelhead 2024-25,2024-11-10,Unguided-Boat,234.35,313.8,0.7468132568514977
Chehalis winter steelhead 2024-25,2024-11-17,Guided-Bank,0,71.93333333333334,0
Chehalis winter steelhead 2024-25,2024-11-17,Guided-Boat,0,71.93333333333334,0
Chehalis winter steelhead 2024-25,2024-11-17,Unguided-Bank,35.516666666666666,71.93333333333334,0.4937442075996292
Chehalis winter steelhead 2024-25,2024-11-17,Unguided-Boat,36.41666666666667,71.93333333333334,0.5062557924003708
Chehalis winter steelhead 2024-25,2024-11-24,Guided-Bank,0,262.09999999999997,0
Chehalis winter steelhead 2024-25,2024-11-24,Guided-Boat,0,262.09999999999997,0
Chehalis winter steelhead 2024-25,2024-11-24,Unguided-Bank,58.61666666666667,262.09999999999997,0.22364237568358136
Chehalis winter steelhead 2024-25,2024-11-24,Unguided-Boat,203.48333333333332,262.09999999999997,0.7763576243164187
Chehalis winter steelhead 2024-25,2024-12-01,Guided-Bank,0,249.51666666666668,0
Chehalis winter steelhead 2024-25,2024-12-01,Guided-Boat,47.18333333333334,249.51666666666668,0.1890989245875359
Chehalis winter steelhead 2024-25,2024-12-01,Unguided-Bank,6.816666666666666,249.51666666666668,0.027319484336383672
Chehalis winter steelhead 2024-25,2024-12-01,Unguided-Boat,195.51666666666668,249.51666666666668,0.7835815910760804
Chehalis winter steelhead 2024-25,2024-12-08,Guided-Bank,0,151.43333333333334,0
Chehalis winter steelhead 2024-25,2024-12-08,Guided-Boat,0,151.43333333333334,0
Chehalis winter steelhead 2024-25,2024-12-08,Unguided-Bank,3.6166666666666667,151.43333333333334,0.023882896764252697
Chehalis winter steelhead 2024-25,2024-12-08,Unguided-Boat,147.81666666666666,151.43333333333334,0.9761171032357473
Chehalis winter steelhead 2024-25,2024-12-15,Guided-Bank,0,54.35,0
Chehalis winter steelhead 2024-25,2024-12-15,Guided-Boat,0,54.35,0
Chehalis winter steelhead 2024-25,2024-12-15,Unguided-Bank,0,54.35,0
Chehalis winter steelhead 2024-25,2024-12-15,Unguided-Boat,54.35,54.35,1
Chehalis winter steelhead 2024-25,2024-12-22,Guided-Bank,0,0.43333333333333335,0
Chehalis winter steelhead 2024-25,2024-12-22,Guided-Boat,0,0.43333333333333335,0
Chehalis winter steelhead 2024-25,2024-12-22,Unguided-Bank,0.43333333333333335,0.43333333333333335,1
Chehalis winter steelhead 2024-25,2024-12-22,Unguided-Boat,0,0.43333333333333335,0
Chehalis winter steelhead 2024-25,2024-12-29,Guided-Bank,0,3.6,0
Chehalis winter steelhead 2024-25,2024-12-29,Guided-Boat,0,3.6,0
Chehalis winter steelhead 2024-25,2024-12-29,Unguided-Bank,0,3.6,0
Chehalis winter steelhead 2024-25,2024-12-29,Unguided-Boat,3.6,3.6,1
Chehalis winter steelhead 2024-25,2025-01-05,Guided-Bank,0,68.7,0
Chehalis winter steelhead 2024-25,2025-01-05,Guided-Boat,0,68.7,0
Chehalis winter steelhead 2024-25,2025-01-05,Unguided-Bank,31.866666666666667,68.7,0.4638524987869966
Chehalis winter steelhead 2024-25,2025-01-05,Unguided-Boat,36.833333333333336,68.7,0.5361475012130034
Chehalis winter steelhead 2024-25,2025-01-12,Guided-Bank,0,80.53333333333333,0
Chehalis winter steelhead 2024-25,2025-01-12,Guided-Boat,0,80.53333333333333,0
Chehalis winter steelhead 2024-25,2025-01-12,Unguided-Bank,5.550000000000001,80.53333333333333,0.0689155629139073
Chehalis winter steelhead 2024-25,2025-01-12,Unguided-Boat,74.98333333333333,80.53333333333333,0.9310844370860928
Chehalis winter steelhead 2024-25,2025-01-19,Guided-Bank,0,78.68333333333332,0
Chehalis winter steelhead 2024-25,2025-01-19,Guided-Boat,0,78.68333333333332,0
Chehalis winter steelhead 2024-25,2025-01-19,Unguided-Bank,0,78.68333333333332,0
Chehalis winter steelhead 2024-25,2025-01-19,Unguided-Boat,78.68333333333332,78.68333333333332,1
Chehalis winter steelhead 2024-25,2025-01-26,Guided-Bank,0,50.11666666666667,0
Chehalis winter steelhead 2024-25,2025-01-26,Guided-Boat,0,50.11666666666667,0
Chehalis winter steelhead 2024-25,2025-01-26,Unguided-Bank,18.7,50.11666666666667,0.37312936481543063
Chehalis winter steelhead 2024-25,2025-01-26,Unguided-Boat,31.416666666666668,50.11666666666667,0.6268706351845693
Chehalis winter steelhead 2024-25,2025-02-02,Guided-Bank,0,103.46666666666667,0
Chehalis winter steelhead 2024-25,2025-02-02,Guided-Boat,0,103.46666666666667,0
Chehalis winter steelhead 2024-25,2025-02-02,Unguided-Bank,4.433333333333334,103.46666666666667,0.0428479381443299
Chehalis winter steelhead 2024-25,2025-02-02,Unguided-Boat,99.03333333333333,103.46666666666667,0.95715206185567
Chehalis winter steelhead 2024-25,2025-02-09,Guided-Bank,0,21.45,0
Chehalis winter steelhead 2024-25,2025-02-09,Guided-Boat,0,21.45,0
Chehalis winter steelhead 2024-25,2025-02-09,Unguided-Bank,0,21.45,0
Chehalis winter steelhead 2024-25,2025-02-09,Unguided-Boat,21.45,21.45,1
Chehalis winter steelhead 2024-25,2025-02-16,Guided-Bank,0,30.866666666666667,0
Chehalis winter steelhead 2024-25,2025-02-16,Guided-Boat,0,30.866666666666667,0
Chehalis winter steelhead 2024-25,2025-02-16,Unguided-Bank,5.283333333333333,30.866666666666667,0.17116630669546434
Chehalis winter steelhead 2024-25,2025-02-16,Unguided-Boat,25.583333333333332,30.866666666666667,0.8288336933045356
Chehalis winter steelhead 2025-26,2025-11-30,Guided-Bank,0,110.73333333333333,0
Chehalis winter steelhead 2025-26,2025-11-30,Guided-Boat,13.950000000000001,110.73333333333333,0.12597832630945213
Chehalis winter steelhead 2025-26,2025-11-30,Unguided-Bank,0,110.73333333333333,0
Chehalis winter steelhead 2025-26,2025-11-30,Unguided-Boat,96.78333333333333,110.73333333333333,0.8740216736905478
Chehalis winter steelhead 2025-26,2025-12-07,Guided-Bank,0,16.21666666666667,0
Chehalis winter steelhead 2025-26,2025-12-07,Guided-Boat,0,16.21666666666667,0
Chehalis winter steelhead 2025-26,2025-12-07,Unguided-Bank,3.283333333333333,16.21666666666667,0.20246659815005136
Chehalis winter steelhead 2025-26,2025-12-07,Unguided-Boat,12.933333333333334,16.21666666666667,0.7975334018499486
Chehalis winter steelhead 2025-26,2025-12-21,Guided-Bank,0,29.799999999999997,0
Chehalis winter steelhead 2025-26,2025-12-21,Guided-Boat,0,29.799999999999997,0
Chehalis winter steelhead 2025-26,2025-12-21,Unguided-Bank,22.7,29.799999999999997,0.7617449664429531
Chehalis winter steelhead 2025-26,2025-12-21,Unguided-Boat,7.1,29.799999999999997,0.238255033557047
Chehalis winter steelhead 2025-26,2025-12-28,Guided-Bank,0,31.583333333333336,0
Chehalis winter steelhead 2025-26,2025-12-28,Guided-Boat,13.900000000000002,31.583333333333336,0.44010554089709764
Chehalis winter steelhead 2025-26,2025-12-28,Unguided-Bank,3.4499999999999997,31.583333333333336,0.1092348284960422
Chehalis winter steelhead 2025-26,2025-12-28,Unguided-Boat,14.233333333333333,31.583333333333336,0.4506596306068601
Chehalis winter steelhead 2025-26,2026-01-04,Guided-Bank,0,22.833333333333336,0
Chehalis winter steelhead 2025-26,2026-01-04,Guided-Boat,0,22.833333333333336,0
Chehalis winter steelhead 2025-26,2026-01-04,Unguided-Bank,2.1166666666666667,22.833333333333336,0.09270072992700729
Chehalis winter steelhead 2025-26,2026-01-04,Unguided-Boat,20.71666666666667,22.833333333333336,0.9072992700729927
Chehalis winter steelhead 2025-26,2026-01-11,Guided-Bank,0,68.81666666666666,0
Chehalis winter steelhead 2025-26,2026-01-11,Guided-Boat,0,68.81666666666666,0
Chehalis winter steelhead 2025-26,2026-01-11,Unguided-Bank,5.333333333333333,68.81666666666666,0.07750060547348026
Chehalis winter steelhead 2025-26,2026-01-11,Unguided-Boat,63.483333333333334,68.81666666666666,0.9224993945265199
Chehalis winter steelhead 2025-26,2026-01-18,Guided-Bank,0,122.75,0
Chehalis winter steelhead 2025-26,2026-01-18,Guided-Boat,42.3,122.75,0.3446028513238289
Chehalis winter steelhead 2025-26,2026-01-18,Unguided-Bank,5.083333333333334,122.75,0.04141208418194162
Chehalis winter steelhead 2025-26,2026-01-18,Unguided-Boat,75.36666666666667,122.75,0.6139850644942295
Chehalis winter steelhead 2025-26,2026-01-25,Guided-Bank,0,33.4,0
Chehalis winter steelhead 2025-26,2026-01-25,Guided-Boat,0,33.4,0
Chehalis winter steelhead 2025-26,2026-01-25,Unguided-Bank,8.6,33.4,0.25748502994011974
Chehalis winter steelhead 2025-26,2026-01-25,Unguided-Boat,24.8,33.4,0.7425149700598803
Chehalis winter steelhead 2025-26,2026-02-01,Guided-Bank,0,47.86666666666667,0
Chehalis winter steelhead 2025-26,2026-02-01,Guided-Boat,0,47.86666666666667,0
Chehalis winter steelhead 2025-26,2026-02-01,Unguided-Bank,0,47.86666666666667,0
Chehalis winter steelhead 2025-26,2026-02-01,Unguided-Boat,47.86666666666667,47.86666666666667,1
Chehalis winter steelhead 2025-26,2026-02-08,Guided-Bank,0,28.866666666666667,0
Chehalis winter steelhead 2025-26,2026-02-08,Guided-Boat,0,28.866666666666667,0
Chehalis winter steelhead 2025-26,2026-02-08,Unguided-Bank,0,28.866666666666667,0
Chehalis winter steelhead 2025-26,2026-02-08,Unguided-Boat,28.866666666666667,28.866666666666667,1
Chehalis winter steelhead 2025-26,2026-02-15,Guided-Bank,0,23.1,0
Chehalis winter steelhead 2025-26,2026-02-15,Guided-Boat,0,23.1,0
Chehalis winter steelhead 2025-26,2026-02-15,Unguided-Bank,0,23.1,0
Chehalis winter steelhead 2025-26,2026-02-15,Unguided-Boat,23.1,23.1,1
Drano Lake salmon and steelhead 2023,2023-07-09,Guided-Bank,0,5.5,0
Drano Lake salmon and steelhead 2023,2023-07-09,Guided-Boat,0,5.5,0
Drano Lake salmon and steelhead 2023,2023-07-09,Unguided-Bank,0,5.5,0
Drano Lake salmon and steelhead 2023,2023-07-09,Unguided-Boat,5.5,5.5,1
Drano Lake salmon and steelhead 2023,2023-07-16,Guided-Bank,0,51.300000000000004,0
Drano Lake salmon and steelhead 2023,2023-07-16,Guided-Boat,13.950000000000001,51.300000000000004,0.2719298245614035
Drano Lake salmon and steelhead 2023,2023-07-16,Unguided-Bank,0,51.300000000000004,0
Drano Lake salmon and steelhead 2023,2023-07-16,Unguided-Boat,37.35,51.300000000000004,0.7280701754385964
Drano Lake salmon and steelhead 2023,2023-07-23,Guided-Bank,0,194.18333333333334,0
Drano Lake salmon and steelhead 2023,2023-07-23,Guided-Boat,15.3,194.18333333333334,0.07879152004119819
Drano Lake salmon and steelhead 2023,2023-07-23,Unguided-Bank,0,194.18333333333334,0
Drano Lake salmon and steelhead 2023,2023-07-23,Unguided-Boat,178.88333333333333,194.18333333333334,0.9212084799588017
Drano Lake salmon and steelhead 2023,2023-07-30,Guided-Bank,0,368.5,0
Drano Lake salmon and steelhead 2023,2023-07-30,Guided-Boat,18.95,368.5,0.0514246947082768
Drano Lake salmon and steelhead 2023,2023-07-30,Unguided-Bank,17.366666666666667,368.5,0.047127996381727724
Drano Lake salmon and steelhead 2023,2023-07-30,Unguided-Boat,332.18333333333334,368.5,0.9014473089099955
Drano Lake salmon and steelhead 2023,2023-08-06,Guided-Bank,0,901.9333333333334,0
Drano Lake salmon and steelhead 2023,2023-08-06,Guided-Boat,59.39999999999999,901.9333333333334,0.06585852612905609
Drano Lake salmon and steelhead 2023,2023-08-06,Unguided-Bank,13.466666666666667,901.9333333333334,0.014930889200975682
Drano Lake salmon and steelhead 2023,2023-08-06,Unguided-Boat,829.0666666666667,901.9333333333334,0.9192105846699682
Drano Lake salmon and steelhead 2023,2023-08-13,Guided-Bank,0,1275.6166666666668,0
Drano Lake salmon and steelhead 2023,2023-08-13,Guided-Boat,165.15,1275.6166666666668,0.12946679383827428
Drano Lake salmon and steelhead 2023,2023-08-13,Unguided-Bank,44.5,1275.6166666666668,0.03488508825796673
Drano Lake salmon and steelhead 2023,2023-08-13,Unguided-Boat,1065.9666666666667,1275.6166666666668,0.8356481179037589
Drano Lake salmon and steelhead 2023,2023-08-20,Guided-Bank,0,1353.1,0
Drano Lake salmon and steelhead 2023,2023-08-20,Guided-Boat,91.23333333333333,1353.1,0.06742541817554751
Drano Lake salmon and steelhead 2023,2023-08-20,Unguided-Bank,23.833333333333332,1353.1,0.01761387431330525
Drano Lake salmon and steelhead 2023,2023-08-20,Unguided-Boat,1238.0333333333333,1353.1,0.9149607075111473
Drano Lake salmon and steelhead 2023,2023-08-27,Guided-Bank,0,1518.1333333333334,0
Drano Lake salmon and steelhead 2023,2023-08-27,Guided-Boat,505.03333333333336,1518.1333333333334,0.33266731073247846
Drano Lake salmon and steelhead 2023,2023-08-27,Unguided-Bank,97.11666666666666,1518.1333333333334,0.06397110486562445
Drano Lake salmon and steelhead 2023,2023-08-27,Unguided-Boat,915.9833333333333,1518.1333333333334,0.603361584401897
Drano Lake salmon and steelhead 2023,2023-09-03,Guided-Bank,0,2654.2333333333336,0
Drano Lake salmon and steelhead 2023,2023-09-03,Guided-Boat,368.03333333333336,2654.2333333333336,0.13865899757619904
Drano Lake salmon and steelhead 2023,2023-09-03,Unguided-Bank,92.98333333333333,2654.2333333333336,0.03503208710613234
Drano Lake salmon and steelhead 2023,2023-09-03,Unguided-Boat,2193.2166666666667,2654.2333333333336,0.8263089153176686
Drano Lake salmon and steelhead 2023,2023-09-10,Guided-Bank,0,1168.2166666666667,0
Drano Lake salmon and steelhead 2023,2023-09-10,Guided-Boat,163.16666666666666,1168.2166666666667,0.1396715791876507
Drano Lake salmon and steelhead 2023,2023-09-10,Unguided-Bank,12.9,1168.2166666666667,0.011042472144151341
Drano Lake salmon and steelhead 2023,2023-09-10,Unguided-Boat,992.15,1168.2166666666667,0.849285948668198
Drano Lake salmon and steelhead 2023,2023-09-17,Guided-Bank,0,977.7666666666667,0
Drano Lake salmon and steelhead 2023,2023-09-17,Guided-Boat,439.7,977.7666666666667,0.4496982920260457
Drano Lake salmon and steelhead 2023,2023-09-17,Unguided-Bank,6.783333333333334,977.7666666666667,0.006937578836123138
Drano Lake salmon and steelhead 2023,2023-09-17,Unguided-Boat,531.2833333333333,977.7666666666667,0.543364129137831
Drano Lake salmon and steelhead 2023,2023-09-24,Guided-Bank,0,562.5333333333333,0
Drano Lake salmon and steelhead 2023,2023-09-24,Guided-Boat,290.25,562.5333333333333,0.5159694240341314
Drano Lake salmon and steelhead 2023,2023-09-24,Unguided-Bank,14.466666666666665,562.5333333333333,0.0257169945484712
Drano Lake salmon and steelhead 2023,2023-09-24,Unguided-Boat,257.81666666666666,562.5333333333333,0.45831358141739753
Drano Lake salmon and steelhead 2023,2023-10-01,Guided-Bank,0,922.5,0
Drano Lake salmon and steelhead 2023,2023-10-01,Guided-Boat,246.71666666666667,922.5,0.2674435411020777
Drano Lake salmon and steelhead 2023,2023-10-01,Unguided-Bank,17.21666666666667,922.5,0.018663053297199642
Drano Lake salmon and steelhead 2023,2023-10-01,Unguided-Boat,658.5666666666667,922.5,0.7138934056007228
Drano Lake salmon and steelhead 2023,2023-10-08,Guided-Bank,0,562.8166666666667,0
Drano Lake salmon and steelhead 2023,2023-10-08,Guided-Boat,170.23333333333335,562.8166666666667,0.30246675945393703
Drano Lake salmon and steelhead 2023,2023-10-08,Unguided-Bank,62.333333333333336,562.8166666666667,0.110752465278806
Drano Lake salmon and steelhead 2023,2023-10-08,Unguided-Boat,330.25,562.8166666666667,0.5867807752672569
Drano Lake salmon and steelhead 2023,2023-10-15,Guided-Bank,0,525.7166666666667,0
Drano Lake salmon and steelhead 2023,2023-10-15,Guided-Boat,260.1666666666667,525.7166666666667,0.4948800050724408
Drano Lake salmon and steelhead 2023,2023-10-15,Unguided-Bank,8.466666666666667,525.7166666666667,0.016104999524458676
Drano Lake salmon and steelhead 2023,2023-10-15,Unguided-Boat,257.0833333333333,525.7166666666667,0.48901499540310045
Drano Lake salmon and steelhead 2023,2023-10-22,Guided-Bank,0,298.45,0
Drano Lake salmon and steelhead 2023,2023-10-22,Guided-Boat,128.41666666666666,298.45,0.43027866197576364
Drano Lake salmon and steelhead 2023,2023-10-22,Unguided-Bank,32.71666666666667,298.45,0.10962193555592786
Drano Lake salmon and steelhead 2023,2023-10-22,Unguided-Boat,137.31666666666666,298.45,0.4600994024683085
Drano Lake salmon and steelhead 2023,2023-10-29,Guided-Bank,0,36.13333333333333,0
Drano Lake salmon and steelhead 2023,2023-10-29,Guided-Boat,17.066666666666666,36.13333333333333,0.47232472324723246
Drano Lake salmon and steelhead 2023,2023-10-29,Unguided-Bank,5.65,36.13333333333333,0.15636531365313655
Drano Lake salmon and steelhead 2023,2023-10-29,Unguided-Boat,13.416666666666668,36.13333333333333,0.37130996309963105
Drano Lake salmon and steelhead 2024,2024-07-14,Guided-Bank,0,65.61666666666667,0
Drano Lake salmon and steelhead 2024,2024-07-14,Guided-Boat,0,65.61666666666667,0
Drano Lake salmon and steelhead 2024,2024-07-14,Unguided-Bank,2,65.61666666666667,0.030480060960121916
Drano Lake salmon and steelhead 2024,2024-07-14,Unguided-Boat,63.61666666666667,65.61666666666667,0.969519939039878
Drano Lake salmon and steelhead 2024,2024-07-21,Guided-Bank,0,115.08333333333333,0
Drano Lake salmon and steelhead 2024,2024-07-21,Guided-Boat,51.266666666666666,115.08333333333333,0.44547429398986244
Drano Lake salmon and steelhead 2024,2024-07-21,Unguided-Bank,1.7333333333333334,115.08333333333333,0.015061549601737872
Drano Lake salmon and steelhead 2024,2024-07-21,Unguided-Boat,62.083333333333336,115.08333333333333,0.5394641564083997
Drano Lake salmon and steelhead 2024,2024-07-28,Guided-Bank,0,480.35,0
Drano Lake salmon and steelhead 2024,2024-07-28,Guided-Boat,77.4,480.35,0.16113250754658062
Drano Lake salmon and steelhead 2024,2024-07-28,Unguided-Bank,36.7,480.35,0.07640262308733216
Drano Lake salmon and steelhead 2024,2024-07-28,Unguided-Boat,366.25,480.35,0.7624648693660872
Drano Lake salmon and steelhead 2024,2024-08-04,Guided-Bank,0,848.5500000000001,0
Drano Lake salmon and steelhead 2024,2024-08-04,Guided-Boat,83.81666666666666,848.5500000000001,0.09877634395930311
Drano Lake salmon and steelhead 2024,2024-08-04,Unguided-Bank,2.7666666666666666,848.5500000000001,0.0032604639286626202
Drano Lake salmon and steelhead 2024,2024-08-04,Unguided-Boat,761.9666666666667,848.5500000000001,0.8979631921120342
Drano Lake salmon and steelhead 2024,2024-08-11,Guided-Bank,0,436.33333333333337,0
Drano Lake salmon and steelhead 2024,2024-08-11,Guided-Boat,0,436.33333333333337,0
Drano Lake salmon and steelhead 2024,2024-08-11,Unguided-Bank,26.416666666666668,436.33333333333337,0.060542398777692893
Drano Lake salmon and steelhead 2024,2024-08-11,Unguided-Boat,409.9166666666667,436.33333333333337,0.939457601222307
Drano Lake salmon and steelhead 2024,2024-08-18,Guided-Bank,0,1098.4166666666667,0
Drano Lake salmon and steelhead 2024,2024-08-18,Guided-Boat,110.63333333333333,1098.4166666666667,0.10072073439041042
Drano Lake salmon and steelhead 2024,2024-08-18,Unguided-Bank,44.46666666666667,1098.4166666666667,0.040482512707685304
Drano Lake salmon and steelhead 2024,2024-08-18,Unguided-Boat,943.3166666666667,1098.4166666666667,0.8587967529019043
Drano Lake salmon and steelhead 2024,2024-08-25,Guided-Bank,0,405.81666666666666,0
Drano Lake salmon and steelhead 2024,2024-08-25,Guided-Boat,0,405.81666666666666,0
Drano Lake salmon and steelhead 2024,2024-08-25,Unguided-Bank,19.883333333333333,405.81666666666666,0.04899585198570783
Drano Lake salmon and steelhead 2024,2024-08-25,Unguided-Boat,385.93333333333334,405.81666666666666,0.9510041480142922
Drano Lake salmon and steelhead 2024,2024-09-01,Guided-Bank,0,1345.9666666666667,0
Drano Lake salmon and steelhead 2024,2024-09-01,Guided-Boat,161.48333333333335,1345.9666666666667,0.11997572995864188
Drano Lake salmon and steelhead 2024,2024-09-01,Unguided-Bank,112.98333333333333,1345.9666666666667,0.08394214814631368
Drano Lake salmon and steelhead 2024,2024-09-01,Unguided-Boat,1071.5,1345.9666666666667,0.7960821218950445
Drano Lake salmon and steelhead 2024,2024-09-08,Guided-Bank,0,2558.3,0
Drano Lake salmon and steelhead 2024,2024-09-08,Guided-Boat,864.1,2558.3,0.33776335848024075
Drano Lake salmon and steelhead 2024,2024-09-08,Unguided-Bank,53.05,2558.3,0.020736426533244732
Drano Lake salmon and steelhead 2024,2024-09-08,Unguided-Boat,1641.15,2558.3,0.6415002149865144
Drano Lake salmon and steelhead 2024,2024-09-15,Guided-Bank,45.733333333333334,1905.3833333333334,0.024002169292268397
Drano Lake salmon and steelhead 2024,2024-09-15,Guided-Boat,831.25,1905.3833333333334,0.43626391889646
Drano Lake salmon and steelhead 2024,2024-09-15,Unguided-Bank,55.833333333333336,1905.3833333333334,0.029302939915852453
Drano Lake salmon and steelhead 2024,2024-09-15,Unguided-Boat,972.5666666666667,1905.3833333333334,0.5104309718954191
Drano Lake salmon and steelhead 2024,2024-09-22,Guided-Bank,0,890.15,0
Drano Lake salmon and steelhead 2024,2024-09-22,Guided-Boat,275.5833333333333,890.15,0.3095920163268363
Drano Lake salmon and steelhead 2024,2024-09-22,Unguided-Bank,46.15,890.15,0.05184519463011852
Drano Lake salmon and steelhead 2024,2024-09-22,Unguided-Boat,568.4166666666666,890.15,0.6385627890430452
Drano Lake salmon and steelhead 2024,2024-09-29,Guided-Bank,0,1110.6,0
Drano Lake salmon and steelhead 2024,2024-09-29,Guided-Boat,277.15,1110.6,0.24954979290473617
Drano Lake salmon and steelhead 2024,2024-09-29,Unguided-Bank,96.88333333333334,1110.6,0.08723512815895314
Drano Lake salmon and steelhead 2024,2024-09-29,Unguided-Boat,736.5666666666666,1110.6,0.6632150789363107
Drano Lake salmon and steelhead 2024,2024-10-06,Guided-Bank,0,1102.4166666666667,0
Drano Lake salmon and steelhead 2024,2024-10-06,Guided-Boat,154.48333333333332,1102.4166666666667,0.14013152921611607
Drano Lake salmon and steelhead 2024,2024-10-06,Unguided-Bank,80.16666666666667,1102.4166666666667,0.07271902638143472
Drano Lake salmon and steelhead 2024,2024-10-06,Unguided-Boat,867.7666666666667,1102.4166666666667,0.787149444402449
Drano Lake salmon and steelhead 2024,2024-10-13,Guided-Bank,0,832.1166666666667,0
Drano Lake salmon and steelhead 2024,2024-10-13,Guided-Boat,212.78333333333333,832.1166666666667,0.2557133414785587
Drano Lake salmon and steelhead 2024,2024-10-13,Unguided-Bank,66.13333333333334,832.1166666666667,0.07947603501111623
Drano Lake salmon and steelhead 2024,2024-10-13,Unguided-Boat,553.2,832.1166666666667,0.6648106235103252
Drano Lake salmon and steelhead 2024,2024-10-20,Guided-Bank,0,231.76666666666668,0
Drano Lake salmon and steelhead 2024,2024-10-20,Guided-Boat,68.65,231.76666666666668,0.29620307780814037
Drano Lake salmon and steelhead 2024,2024-10-20,Unguided-Bank,50.93333333333333,231.76666666666668,0.21976125413490577
Drano Lake salmon and steelhead 2024,2024-10-20,Unguided-Boat,112.18333333333334,231.76666666666668,0.4840356680569538
Drano Lake salmon and steelhead 2024,2024-10-27,Guided-Bank,0,67.75,0
Drano Lake salmon and steelhead 2024,2024-10-27,Guided-Boat,0,67.75,0
Drano Lake salmon and steelhead 2024,2024-10-27,Unguided-Bank,38.833333333333336,67.75,0.5731857318573186
Drano Lake salmon and steelhead 2024,2024-10-27,Unguided-Boat,28.916666666666664,67.75,0.4268142681426814
Drano Lake salmon and steelhead 2025,2025-06-29,Guided-Bank,0,65.85,0
Drano Lake salmon and steelhead 2025,2025-06-29,Guided-Boat,0,65.85,0
Drano Lake salmon and steelhead 2025,2025-06-29,Unguided-Bank,23.7,65.85,0.3599088838268793
Drano Lake salmon and steelhead 2025,2025-06-29,Unguided-Boat,42.15,65.85,0.6400911161731208
Drano Lake salmon and steelhead 2025,2025-07-06,Guided-Bank,0,24.066666666666666,0
Drano Lake salmon and steelhead 2025,2025-07-06,Guided-Boat,0,24.066666666666666,0
Drano Lake salmon and steelhead 2025,2025-07-06,Unguided-Bank,0,24.066666666666666,0
Drano Lake salmon and steelhead 2025,2025-07-06,Unguided-Boat,24.066666666666666,24.066666666666666,1
Drano Lake salmon and steelhead 2025,2025-07-13,Guided-Bank,0,96.51666666666667,0
Drano Lake salmon and steelhead 2025,2025-07-13,Guided-Boat,0,96.51666666666667,0
Drano Lake salmon and steelhead 2025,2025-07-13,Unguided-Bank,0,96.51666666666667,0
Drano Lake salmon and steelhead 2025,2025-07-13,Unguided-Boat,96.51666666666667,96.51666666666667,1
Drano Lake salmon and steelhead 2025,2025-07-20,Guided-Bank,0,339.4,0
Drano Lake salmon and steelhead 2025,2025-07-20,Guided-Boat,73.8,339.4,0.21744254566882734
Drano Lake salmon and steelhead 2025,2025-07-20,Unguided-Bank,35.983333333333334,339.4,0.10602042820663918
Drano Lake salmon and steelhead 2025,2025-07-20,Unguided-Boat,229.61666666666667,339.4,0.6765370261245336
Drano Lake salmon and steelhead 2025,2025-07-27,Guided-Bank,0,302.06666666666666,0
Drano Lake salmon and steelhead 2025,2025-07-27,Guided-Boat,0,302.06666666666666,0
Drano Lake salmon and steelhead 2025,2025-07-27,Unguided-Bank,32.38333333333333,302.06666666666666,0.10720591480909292
Drano Lake salmon and steelhead 2025,2025-07-27,Unguided-Boat,269.68333333333334,302.06666666666666,0.8927940851909071
Drano Lake salmon and steelhead 2025,2025-08-03,Guided-Bank,0,708.3000000000001,0
Drano Lake salmon and steelhead 2025,2025-08-03,Guided-Boat,104.78333333333333,708.3000000000001,0.14793637347639887
Drano Lake salmon and steelhead 2025,2025-08-03,Unguided-Bank,34.416666666666664,708.3000000000001,0.04859052190691326
Drano Lake salmon and steelhead 2025,2025-08-03,Unguided-Boat,569.1,708.3000000000001,0.80347310461668775
Drano Lake salmon and steelhead 2025,2025-08-10,Guided-Bank,0,1056.7833333333333,0
Drano Lake salmon and steelhead 2025,2025-08-10,Guided-Boat,106.38333333333333,1056.7833333333333,0.10066711877237529
Drano Lake salmon and steelhead 2025,2025-08-10,Unguided-Bank,85.2,1056.7833333333333,0.08062201334237545
Drano Lake salmon and steelhead 2025,2025-08-10,Unguided-Boat,865.2,1056.7833333333333,0.8187108678852494
Drano Lake salmon and steelhead 2025,2025-08-17,Guided-Bank,0,693.9166666666666,0
Drano Lake salmon and steelhead 2025,2025-08-17,Guided-Boat,88.1,693.9166666666666,0.12696048997237902
Drano Lake salmon and steelhead 2025,2025-08-17,Unguided-Bank,78.45,693.9166666666666,0.11305392097994477
Drano Lake salmon and steelhead 2025,2025-08-17,Unguided-Boat,527.3666666666667,693.9166666666666,0.7599855890476763
Drano Lake salmon and steelhead 2025,2025-08-24,Guided-Bank,0,526.2333333333333,0
Drano Lake salmon and steelhead 2025,2025-08-24,Guided-Boat,46.11666666666667,526.2333333333333,0.08763539621207322
Drano Lake salmon and steelhead 2025,2025-08-24,Unguided-Bank,63.666666666666664,526.2333333333333,0.12098562108063596
Drano Lake salmon and steelhead 2025,2025-08-24,Unguided-Boat,416.45,526.2333333333333,0.7913789827072908
Drano Lake salmon and steelhead 2025,2025-08-31,Guided-Bank,0,706.95,0
Drano Lake salmon and steelhead 2025,2025-08-31,Guided-Boat,127.58333333333333,706.95,0.18047009453756746
Drano Lake salmon and steelhead 2025,2025-08-31,Unguided-Bank,74.48333333333333,706.95,0.1053587005210175
Drano Lake salmon and steelhead 2025,2025-08-31,Unguided-Boat,504.8833333333333,706.95,0.714171204941415
Drano Lake salmon and steelhead 2025,2025-09-07,Guided-Bank,0,1801.7666666666669,0
Drano Lake salmon and steelhead 2025,2025-09-07,Guided-Boat,375.2,1801.7666666666669,0.20824006068118325
Drano Lake salmon and steelhead 2025,2025-09-07,Unguided-Bank,159.93333333333334,1801.7666666666669,0.08876473091225279
Drano Lake salmon and steelhead 2025,2025-09-07,Unguided-Boat,1266.6333333333334,1801.7666666666669,0.7029952084065639
Drano Lake salmon and steelhead 2025,2025-09-14,Guided-Bank,0,1161.4333333333334,0
Drano Lake salmon and steelhead 2025,2025-09-14,Guided-Boat,372.6,1161.4333333333334,0.32081049278190743
Drano Lake salmon and steelhead 2025,2025-09-14,Unguided-Bank,155.48333333333332,1161.4333333333334,0.13387193984444506
Drano Lake salmon and steelhead 2025,2025-09-14,Unguided-Boat,633.35,1161.4333333333334,0.5453175673736474
Drano Lake salmon and steelhead 2025,2025-09-21,Guided-Bank,0,1380.7833333333333,0
Drano Lake salmon and steelhead 2025,2025-09-21,Guided-Boat,613.6166666666667,1380.7833333333333,0.4443975038323657
Drano Lake salmon and steelhead 2025,2025-09-21,Unguided-Bank,137.56666666666666,1380.7833333333333,0.09962943739664683
Drano Lake salmon and steelhead 2025,2025-09-21,Unguided-Boat,629.6,1380.7833333333333,0.4559730587709875
Drano Lake salmon and steelhead 2025,2025-09-28,Guided-Bank,0,885.4,0
Drano Lake salmon and steelhead 2025,2025-09-28,Guided-Boat,384.7,885.4,0.4344928845719449
Drano Lake salmon and steelhead 2025,2025-09-28,Unguided-Bank,63.18333333333334,885.4,0.07136134327234396
Drano Lake salmon and steelhead 2025,2025-09-28,Unguided-Boat,437.51666666666665,885.4,0.49414577215571115
Drano Lake salmon and steelhead 2025,2025-10-05,Guided-Bank,0,1008.5833333333333,0
Drano Lake salmon and steelhead 2025,2025-10-05,Guided-Boat,299.2,1008.5833333333333,0.296653722217632
Drano Lake salmon and steelhead 2025,2025-10-05,Unguided-Bank,134.11666666666667,1008.5833333333333,0.13297529538131045
Drano Lake salmon and steelhead 2025,2025-10-05,Unguided-Boat,575.2666666666667,1008.5833333333333,0.5703709824010577
Drano Lake salmon and steelhead 2025,2025-10-12,Guided-Bank,0,737.8333333333334,0
Drano Lake salmon and steelhead 2025,2025-10-12,Guided-Boat,217.45,737.8333333333334,0.2947142534447707
Drano Lake salmon and steelhead 2025,2025-10-12,Unguided-Bank,123.78333333333333,737.8333333333334,0.16776598147729838
Drano Lake salmon and steelhead 2025,2025-10-12,Unguided-Boat,396.6,737.8333333333334,0.5375197650779309
Drano Lake salmon and steelhead 2025,2025-10-19,Guided-Bank,0,231.25,0
Drano Lake salmon and steelhead 2025,2025-10-19,Guided-Boat,0,231.25,0
Drano Lake salmon and steelhead 2025,2025-10-19,Unguided-Bank,77.26666666666667,231.25,0.33412612612612613
Drano Lake salmon and steelhead 2025,2025-10-19,Unguided-Boat,153.98333333333335,231.25,0.665873873873874
Drano Lake salmon and steelhead 2025,2025-10-26,Guided-Bank,0,101.58333333333334,0
Drano Lake salmon and steelhead 2025,2025-10-26,Guided-Boat,25,101.58333333333334,0.24610336341263328
Drano Lake salmon and steelhead 2025,2025-10-26,Unguided-Bank,34.75,101.58333333333334,0.34208367514356025
Drano Lake salmon and steelhead 2025,2025-10-26,Unguided-Boat,41.833333333333336,101.58333333333334,0.41181296144380636
Drano Lake salmon and steelhead 2026,2026-07-05,Guided-Bank,0,18,0
Drano Lake salmon and steelhead 2026,2026-07-05,Guided-Boat,0,18,0
Drano Lake salmon and steelhead 2026,2026-07-05,Unguided-Bank,8.5,18,0.4722222222222222
Drano Lake salmon and steelhead 2026,2026-07-05,Unguided-Boat,9.5,18,0.5277777777777778
Drano Lake salmon and steelhead 2026,2026-07-12,Guided-Bank,0,75.63333333333333,0
Drano Lake salmon and steelhead 2026,2026-07-12,Guided-Boat,0,75.63333333333333,0
Drano Lake salmon and steelhead 2026,2026-07-12,Unguided-Bank,6.866666666666667,75.63333333333333,0.09078889378580875
Drano Lake salmon and steelhead 2026,2026-07-12,Unguided-Boat,68.76666666666667,75.63333333333333,0.9092111062141913
Drano Lake salmon and steelhead 2026,2026-07-19,Guided-Bank,0,76.16666666666667,0
Drano Lake salmon and steelhead 2026,2026-07-19,Guided-Boat,0,76.16666666666667,0
Drano Lake salmon and steelhead 2026,2026-07-19,Unguided-Bank,0,76.16666666666667,0
Drano Lake salmon and steelhead 2026,2026-07-19,Unguided-Boat,76.16666666666667,76.16666666666667,1
Drano Lake salmon and steelhead 2026,2026-08-02,Guided-Bank,0,329.7,0
Drano Lake salmon and steelhead 2026,2026-08-02,Guided-Boat,0,329.7,0
Drano Lake salmon and steelhead 2026,2026-08-02,Unguided-Bank,2.6333333333333337,329.7,0.007987058942472957
Drano Lake salmon and steelhead 2026,2026-08-02,Unguided-Boat,327.06666666666666,329.7,0.992012941057527
Drano Lake salmon and steelhead 2026,2026-08-09,Guided-Bank,0,149.1,0
Drano Lake salmon and steelhead 2026,2026-08-09,Guided-Boat,0,149.1,0
Drano Lake salmon and steelhead 2026,2026-08-09,Unguided-Bank,27.05,149.1,0.18142186452045608
Drano Lake salmon and steelhead 2026,2026-08-09,Unguided-Boat,122.05,149.1,0.818578135479544
Drano Lake spring Chinook 2026,2026-04-05,Guided-Bank,0,120.85000000000001,0
Drano Lake spring Chinook 2026,2026-04-05,Guided-Boat,0,120.85000000000001,0
Drano Lake spring Chinook 2026,2026-04-05,Unguided-Bank,0,120.85000000000001,0
Drano Lake spring Chinook 2026,2026-04-05,Unguided-Boat,120.85000000000001,120.85000000000001,1
Drano Lake spring Chinook 2026,2026-04-12,Guided-Bank,0,355.7,0
Drano Lake spring Chinook 2026,2026-04-12,Guided-Boat,29.333333333333332,355.7,0.08246649798519351
Drano Lake spring Chinook 2026,2026-04-12,Unguided-Bank,16.866666666666667,355.7,0.04741823634148627
Drano Lake spring Chinook 2026,2026-04-12,Unguided-Boat,309.5,355.7,0.8701152656733202
Drano Lake spring Chinook 2026,2026-04-19,Guided-Bank,0,2256.266666666667,0
Drano Lake spring Chinook 2026,2026-04-19,Guided-Boat,585.0666666666667,2256.266666666667,0.25930741047157546
Drano Lake spring Chinook 2026,2026-04-19,Unguided-Bank,133.71666666666667,2256.266666666667,0.05926456683607138
Drano Lake spring Chinook 2026,2026-04-19,Unguided-Boat,1537.4833333333333,2256.266666666667,0.6814280226923531
Drano Lake spring Chinook 2026,2026-04-26,Guided-Bank,0,4048.266666666667,0
Drano Lake spring Chinook 2026,2026-04-26,Guided-Boat,1507.4166666666667,4048.266666666667,0.37236101047361836
Drano Lake spring Chinook 2026,2026-04-26,Unguided-Bank,415.81666666666666,4048.266666666667,0.10271474211185033
Drano Lake spring Chinook 2026,2026-04-26,Unguided-Boat,2125.0333333333333,4048.266666666667,0.5249242474145313
Drano Lake spring Chinook 2026,2026-05-03,Guided-Bank,0,5613.916666666667,0
Drano Lake spring Chinook 2026,2026-05-03,Guided-Boat,2701.1,5613.916666666667,0.48114358662253026
Drano Lake spring Chinook 2026,2026-05-03,Unguided-Bank,455.26666666666665,5613.916666666667,0.08109608562055605
Drano Lake spring Chinook 2026,2026-05-03,Unguided-Boat,2457.55,5613.916666666667,0.43776032775691365
Drano Lake spring Chinook 2026,2026-05-10,Guided-Bank,0,2448.1833333333334,0
Drano Lake spring Chinook 2026,2026-05-10,Guided-Boat,1239.6,2448.1833333333334,0.5063346290787045
Drano Lake spring Chinook 2026,2026-05-10,Unguided-Bank,103.33333333333333,2448.1833333333334,0.04220816796127741
Drano Lake spring Chinook 2026,2026-05-10,Unguided-Boat,1105.25,2448.1833333333334,0.45145720296001796
Drano Lake spring Chinook 2026,2026-05-17,Guided-Bank,0,600.5333333333333,0
Drano Lake spring Chinook 2026,2026-05-17,Guided-Boat,139.01666666666668,600.5333333333333,0.231488676731794
Drano Lake spring Chinook 2026,2026-05-17,Unguided-Bank,17.4,600.5333333333333,0.02897424511545293
Drano Lake spring Chinook 2026,2026-05-17,Unguided-Boat,444.1166666666667,600.5333333333333,0.7395370781527532
Drano Lake spring Chinook 2026,2026-05-24,Guided-Bank,0,189.75,0
Drano Lake spring Chinook 2026,2026-05-24,Guided-Boat,142.5,189.75,0.7509881422924901
Drano Lake spring Chinook 2026,2026-05-24,Unguided-Bank,0,189.75,0
Drano Lake spring Chinook 2026,2026-05-24,Unguided-Boat,47.25,189.75,0.2490118577075099
Drano Lake spring Chinook 2026,2026-05-31,Guided-Bank,0,154.08333333333334,0
Drano Lake spring Chinook 2026,2026-05-31,Guided-Boat,38.25,154.08333333333334,0.24824229313142238
Drano Lake spring Chinook 2026,2026-05-31,Unguided-Bank,9.383333333333333,154.08333333333334,0.06089778258518117
Drano Lake spring Chinook 2026,2026-05-31,Unguided-Boat,106.45,154.08333333333334,0.6908599242833964
Drano Lake spring Chinook 2026,2026-06-07,Guided-Bank,0,33.46666666666667,0
Drano Lake spring Chinook 2026,2026-06-07,Guided-Boat,0,33.46666666666667,0
Drano Lake spring Chinook 2026,2026-06-07,Unguided-Bank,1.25,33.46666666666667,0.03735059760956175
Drano Lake spring Chinook 2026,2026-06-07,Unguided-Boat,32.21666666666667,33.46666666666667,0.9626494023904383
Drano Lake spring Chinook 2026,2026-06-14,Guided-Bank,0,10.166666666666666,0
Drano Lake spring Chinook 2026,2026-06-14,Guided-Boat,0,10.166666666666666,0
Drano Lake spring Chinook 2026,2026-06-14,Unguided-Bank,0,10.166666666666666,0
Drano Lake spring Chinook 2026,2026-06-14,Unguided-Boat,10.166666666666666,10.166666666666666,1
Drano Lake spring Chinook 2026,2026-06-21,Guided-Bank,0,67.1,0
Drano Lake spring Chinook 2026,2026-06-21,Guided-Boat,0,67.1,0
Drano Lake spring Chinook 2026,2026-06-21,Unguided-Bank,22.516666666666666,67.1,0.33556880278191753
Drano Lake spring Chinook 2026,2026-06-21,Unguided-Boat,44.583333333333336,67.1,0.6644311972180825
Drano Lake spring Chinook 2026,2026-07-05,Guided-Bank,0,18,0
Drano Lake spring Chinook 2026,2026-07-05,Guided-Boat,0,18,0
Drano Lake spring Chinook 2026,2026-07-05,Unguided-Bank,8.5,18,0.4722222222222222
Drano Lake spring Chinook 2026,2026-07-05,Unguided-Boat,9.5,18,0.5277777777777778
Drano Lake spring Chinook 2026,2026-07-12,Guided-Bank,0,75.63333333333333,0
Drano Lake spring Chinook 2026,2026-07-12,Guided-Boat,0,75.63333333333333,0
Drano Lake spring Chinook 2026,2026-07-12,Unguided-Bank,6.866666666666667,75.63333333333333,0.09078889378580875
Drano Lake spring Chinook 2026,2026-07-12,Unguided-Boat,68.76666666666667,75.63333333333333,0.9092111062141913
Drano Lake spring Chinook 2026,2026-07-19,Guided-Bank,0,76.16666666666667,0
Drano Lake spring Chinook 2026,2026-07-19,Guided-Boat,0,76.16666666666667,0
Drano Lake spring Chinook 2026,2026-07-19,Unguided-Bank,0,76.16666666666667,0
Drano Lake spring Chinook 2026,2026-07-19,Unguided-Boat,76.16666666666667,76.16666666666667,1
Hoh fall salmon 2023,2023-09-10,Guided-Bank,0,87.3,0
Hoh fall salmon 2023,2023-09-10,Guided-Boat,17.5,87.3,0.2004581901489118
Hoh fall salmon 2023,2023-09-10,Unguided-Bank,69.8,87.3,0.7995418098510882
Hoh fall salmon 2023,2023-09-10,Unguided-Boat,0,87.3,0
Hoh fall salmon 2023,2023-09-17,Guided-Bank,32.28333333333333,282.43333333333334,0.11430426059247019
Hoh fall salmon 2023,2023-09-17,Guided-Boat,87.75,282.43333333333334,0.3106927888587277
Hoh fall salmon 2023,2023-09-17,Unguided-Bank,95.35,282.43333333333334,0.3376017939336716
Hoh fall salmon 2023,2023-09-17,Unguided-Boat,67.05,282.43333333333334,0.2374011566151304
Hoh fall salmon 2023,2023-09-24,Guided-Bank,0,397.8833333333333,0
Hoh fall salmon 2023,2023-09-24,Guided-Boat,73.53333333333333,397.8833333333333,0.1848112930926151
Hoh fall salmon 2023,2023-09-24,Unguided-Bank,182,397.8833333333333,0.4574205169019394
Hoh fall salmon 2023,2023-09-24,Unguided-Boat,142.35,397.8833333333333,0.35776819000544546
Hoh fall salmon 2025,2025-09-14,Guided-Bank,0,298.2,0
Hoh fall salmon 2025,2025-09-14,Guided-Boat,105.5,298.2,0.35378940308517776
Hoh fall salmon 2025,2025-09-14,Unguided-Bank,60.78333333333333,298.2,0.2038341158059468
Hoh fall salmon 2025,2025-09-14,Unguided-Boat,131.91666666666666,298.2,0.44237648110887545
Hoh fall salmon 2025,2025-09-21,Guided-Bank,0,346.7166666666667,0
Hoh fall salmon 2025,2025-09-21,Guided-Boat,131.36666666666667,346.7166666666667,0.3788876604335913
Hoh fall salmon 2025,2025-09-21,Unguided-Bank,117.53333333333333,346.7166666666667,0.3389895688121905
Hoh fall salmon 2025,2025-09-21,Unguided-Boat,97.81666666666666,346.7166666666667,0.2821227707542181
Hoh fall salmon 2025,2025-09-28,Guided-Bank,0,81.35,0
Hoh fall salmon 2025,2025-09-28,Guided-Boat,0,81.35,0
Hoh fall salmon 2025,2025-09-28,Unguided-Bank,49.18333333333334,81.35,0.6045892235197706
Hoh fall salmon 2025,2025-09-28,Unguided-Boat,32.166666666666664,81.35,0.3954107764802295
Hoh fall salmon 2025,2025-10-05,Guided-Bank,0,383.43333333333334,0
Hoh fall salmon 2025,2025-10-05,Guided-Boat,162.05,383.43333333333334,0.4226288794227593
Hoh fall salmon 2025,2025-10-05,Unguided-Bank,40.85,383.43333333333334,0.10653742501956012
Hoh fall salmon 2025,2025-10-05,Unguided-Boat,180.53333333333333,383.43333333333334,0.4708336955576806
Hoh fall salmon 2025,2025-10-12,Guided-Bank,0,418.4166666666667,0
Hoh fall salmon 2025,2025-10-12,Guided-Boat,195.23333333333335,418.4166666666667,0.4666002788289186
Hoh fall salmon 2025,2025-10-12,Unguided-Bank,103.61666666666666,418.4166666666667,0.24763991236805413
Hoh fall salmon 2025,2025-10-12,Unguided-Boat,119.56666666666666,418.4166666666667,0.28575980880302726
Hoh fall salmon 2025,2025-10-19,Guided-Bank,0,246.75,0
Hoh fall salmon 2025,2025-10-19,Guided-Boat,124.43333333333334,246.75,0.5042890915231341
Hoh fall salmon 2025,2025-10-19,Unguided-Bank,30.983333333333334,246.75,0.12556568726781492
Hoh fall salmon 2025,2025-10-19,Unguided-Boat,91.33333333333333,246.75,0.37014522120905097
Hoh fall salmon 2025,2025-10-26,Guided-Bank,0,79.31666666666666,0
Hoh fall salmon 2025,2025-10-26,Guided-Boat,48.21666666666666,79.31666666666666,0.6079008194998949
Hoh fall salmon 2025,2025-10-26,Unguided-Bank,17.65,79.31666666666666,0.2225257407018281
Hoh fall salmon 2025,2025-10-26,Unguided-Boat,13.45,79.31666666666666,0.16957343979827694
Hoh fall salmon 2025,2025-11-02,Guided-Bank,0,149.86666666666667,0
Hoh fall salmon 2025,2025-11-02,Guided-Boat,53.61666666666667,149.86666666666667,0.3577624555160142
Hoh fall salmon 2025,2025-11-02,Unguided-Bank,28.199999999999996,149.86666666666667,0.18816725978647683
Hoh fall salmon 2025,2025-11-02,Unguided-Boat,68.05,149.86666666666667,0.4540702846975089
Hoh fall salmon 2025,2025-11-09,Guided-Bank,0,22.4,0
Hoh fall salmon 2025,2025-11-09,Guided-Boat,0,22.4,0
Hoh fall salmon 2025,2025-11-09,Unguided-Bank,3.0666666666666664,22.4,0.1369047619047619
Hoh fall salmon 2025,2025-11-09,Unguided-Boat,19.333333333333332,22.4,0.8630952380952381
Hoh fall salmon 2025,2025-11-16,Guided-Bank,0,108.06666666666666,0
Hoh fall salmon 2025,2025-11-16,Guided-Boat,58.5,108.06666666666666,0.5413325107958051
Hoh fall salmon 2025,2025-11-16,Unguided-Bank,16.46666666666667,108.06666666666666,0.1523750771128933
Hoh fall salmon 2025,2025-11-16,Unguided-Boat,33.1,108.06666666666666,0.3062924120913017
Hoh fall salmon 2025,2025-11-23,Guided-Bank,0,58.7,0
Hoh fall salmon 2025,2025-11-23,Guided-Boat,13.766666666666667,58.7,0.23452583759227713
Hoh fall salmon 2025,2025-11-23,Unguided-Bank,28.983333333333334,58.7,0.4937535491198183
Hoh fall salmon 2025,2025-11-23,Unguided-Boat,15.95,58.7,0.2717206132879046
Hoh fall salmon 2025,2025-11-30,Guided-Bank,0,34.28333333333333,0
Hoh fall salmon 2025,2025-11-30,Guided-Boat,0,34.28333333333333,0
Hoh fall salmon 2025,2025-11-30,Unguided-Bank,18.283333333333335,34.28333333333333,0.5333009236752553
Hoh fall salmon 2025,2025-11-30,Unguided-Boat,16,34.28333333333333,0.4666990763247448
Hoh winter steelhead 2022-23,2022-12-11,Guided-Bank,0,18.8,0
Hoh winter steelhead 2022-23,2022-12-11,Guided-Boat,0,18.8,0
Hoh winter steelhead 2022-23,2022-12-11,Unguided-Bank,18.8,18.8,1
Hoh winter steelhead 2022-23,2022-12-11,Unguided-Boat,0,18.8,0
Hoh winter steelhead 2022-23,2022-12-18,Guided-Bank,0,4.65,0
Hoh winter steelhead 2022-23,2022-12-18,Guided-Boat,0,4.65,0
Hoh winter steelhead 2022-23,2022-12-18,Unguided-Bank,4.65,4.65,1
Hoh winter steelhead 2022-23,2022-12-18,Unguided-Boat,0,4.65,0
Hoh winter steelhead 2022-23,2022-12-25,Guided-Bank,0,43.13333333333333,0
Hoh winter steelhead 2022-23,2022-12-25,Guided-Boat,0,43.13333333333333,0
Hoh winter steelhead 2022-23,2022-12-25,Unguided-Bank,43.13333333333333,43.13333333333333,1
Hoh winter steelhead 2022-23,2022-12-25,Unguided-Boat,0,43.13333333333333,0
Hoh winter steelhead 2022-23,2023-01-01,Guided-Bank,25.666666666666668,84.01666666666667,0.3054949414798651
Hoh winter steelhead 2022-23,2023-01-01,Guided-Boat,0,84.01666666666667,0
Hoh winter steelhead 2022-23,2023-01-01,Unguided-Bank,58.35,84.01666666666667,0.6945050585201349
Hoh winter steelhead 2022-23,2023-01-01,Unguided-Boat,0,84.01666666666667,0
Hoh winter steelhead 2022-23,2023-01-08,Guided-Bank,17,37.35,0.45515394912985274
Hoh winter steelhead 2022-23,2023-01-08,Guided-Boat,0,37.35,0
Hoh winter steelhead 2022-23,2023-01-08,Unguided-Bank,20.35,37.35,0.5448460508701473
Hoh winter steelhead 2022-23,2023-01-08,Unguided-Boat,0,37.35,0
Hoh winter steelhead 2022-23,2023-01-15,Guided-Bank,14.766666666666667,142.26666666666668,0.10379568884723524
Hoh winter steelhead 2022-23,2023-01-15,Guided-Boat,12.966666666666667,142.26666666666668,0.09114339268978444
Hoh winter steelhead 2022-23,2023-01-15,Unguided-Bank,108.5,142.26666666666668,0.7626522961574507
Hoh winter steelhead 2022-23,2023-01-15,Unguided-Boat,6.033333333333333,142.26666666666668,0.04240862230552952
Hoh winter steelhead 2022-23,2023-01-22,Guided-Bank,90.81666666666666,311.43333333333334,0.2916086909986086
Hoh winter steelhead 2022-23,2023-01-22,Guided-Boat,24,311.43333333333334,0.077063041849513
Hoh winter steelhead 2022-23,2023-01-22,Unguided-Bank,196.61666666666667,311.43333333333334,0.6313282671518784
Hoh winter steelhead 2022-23,2023-01-22,Unguided-Boat,0,311.43333333333334,0
Hoh winter steelhead 2022-23,2023-01-29,Guided-Bank,180.81666666666666,693.4666666666667,0.26074312632186114
Hoh winter steelhead 2022-23,2023-01-29,Guided-Boat,24.75,693.4666666666667,0.03569025187463949
Hoh winter steelhead 2022-23,2023-01-29,Unguided-Bank,487.9,693.4666666666667,0.7035666218034993
Hoh winter steelhead 2022-23,2023-01-29,Unguided-Boat,0,693.4666666666667,0
Hoh winter steelhead 2022-23,2023-02-05,Guided-Bank,125.75,365.8,0.3437670858392564
Hoh winter steelhead 2022-23,2023-02-05,Guided-Boat,0,365.8,0
Hoh winter steelhead 2022-23,2023-02-05,Unguided-Bank,240.05,365.8,0.6562329141607436
Hoh winter steelhead 2022-23,2023-02-05,Unguided-Boat,0,365.8,0
Hoh winter steelhead 2022-23,2023-02-12,Guided-Bank,364.2166666666667,1123.1666666666667,0.32427659890191424
Hoh winter steelhead 2022-23,2023-02-12,Guided-Boat,30.433333333333334,1123.1666666666667,0.027096008309838254
Hoh winter steelhead 2022-23,2023-02-12,Unguided-Bank,678.4666666666667,1123.1666666666667,0.6040658851461641
Hoh winter steelhead 2022-23,2023-02-12,Unguided-Boat,50.050000000000004,1123.1666666666667,0.044561507642083394
Hoh winter steelhead 2022-23,2023-02-19,Guided-Bank,232.88333333333333,520.2,0.44768037934127897
Hoh winter steelhead 2022-23,2023-02-19,Guided-Boat,0,520.2,0
Hoh winter steelhead 2022-23,2023-02-19,Unguided-Bank,287.31666666666666,520.2,0.552319620658721
Hoh winter steelhead 2022-23,2023-02-19,Unguided-Boat,0,520.2,0
Hoh winter steelhead 2022-23,2023-02-26,Guided-Bank,263.15,666.1166666666666,0.3950509170065304
Hoh winter steelhead 2022-23,2023-02-26,Guided-Boat,10,666.1166666666666,0.01501238521780469
Hoh winter steelhead 2022-23,2023-02-26,Unguided-Bank,392.96666666666664,666.1166666666666,0.5899366977756649
Hoh winter steelhead 2022-23,2023-02-26,Unguided-Boat,0,666.1166666666666,0
Hoh winter steelhead 2022-23,2023-03-05,Guided-Bank,498.03333333333336,1074.0666666666666,0.4636894047545156
Hoh winter steelhead 2022-23,2023-03-05,Guided-Boat,0,1074.0666666666666,0
Hoh winter steelhead 2022-23,2023-03-05,Unguided-Bank,576.0333333333333,1074.0666666666666,0.5363105952454844
Hoh winter steelhead 2022-23,2023-03-05,Unguided-Boat,0,1074.0666666666666,0
Hoh winter steelhead 2022-23,2023-03-12,Guided-Bank,244.61666666666667,569.6,0.42945341760299627
Hoh winter steelhead 2022-23,2023-03-12,Guided-Boat,0,569.6,0
Hoh winter steelhead 2022-23,2023-03-12,Unguided-Bank,300.98333333333335,569.6,0.5284117509363296
Hoh winter steelhead 2022-23,2023-03-12,Unguided-Boat,24,569.6,0.042134831460674156
Hoh winter steelhead 2022-23,2023-03-19,Guided-Bank,422.1166666666667,780.8166666666666,0.540609191231403
Hoh winter steelhead 2022-23,2023-03-19,Guided-Boat,0,780.8166666666666,0
Hoh winter steelhead 2022-23,2023-03-19,Unguided-Bank,358.7,780.8166666666666,0.459390808768597
Hoh winter steelhead 2022-23,2023-03-19,Unguided-Boat,0,780.8166666666666,0
Hoh winter steelhead 2022-23,2023-03-26,Guided-Bank,327.45,768.8,0.425923517169615
Hoh winter steelhead 2022-23,2023-03-26,Guided-Boat,0,768.8,0
Hoh winter steelhead 2022-23,2023-03-26,Unguided-Bank,441.35,768.8,0.574076482830385
Hoh winter steelhead 2022-23,2023-03-26,Unguided-Boat,0,768.8,0
Hoh winter steelhead 2023-24,2023-11-26,Guided-Bank,15.85,19.316666666666666,0.82053494391717
Hoh winter steelhead 2023-24,2023-11-26,Guided-Boat,0,19.316666666666666,0
Hoh winter steelhead 2023-24,2023-11-26,Unguided-Bank,3.466666666666667,19.316666666666666,0.17946505608283003
Hoh winter steelhead 2023-24,2023-11-26,Unguided-Boat,0,19.316666666666666,0
Hoh winter steelhead 2023-24,2023-12-03,Guided-Bank,0,7.85,0
Hoh winter steelhead 2023-24,2023-12-03,Guided-Boat,0,7.85,0
Hoh winter steelhead 2023-24,2023-12-03,Unguided-Bank,7.85,7.85,1
Hoh winter steelhead 2023-24,2023-12-03,Unguided-Boat,0,7.85,0
Hoh winter steelhead 2023-24,2023-12-10,Guided-Bank,0,41.416666666666664,0
Hoh winter steelhead 2023-24,2023-12-10,Guided-Boat,0,41.416666666666664,0
Hoh winter steelhead 2023-24,2023-12-10,Unguided-Bank,41.416666666666664,41.416666666666664,1
Hoh winter steelhead 2023-24,2023-12-10,Unguided-Boat,0,41.416666666666664,0
Hoh winter steelhead 2023-24,2023-12-17,Guided-Bank,0,112.05,0
Hoh winter steelhead 2023-24,2023-12-17,Guided-Boat,0,112.05,0
Hoh winter steelhead 2023-24,2023-12-17,Unguided-Bank,78.05,112.05,0.6965640339134315
Hoh winter steelhead 2023-24,2023-12-17,Unguided-Boat,34,112.05,0.30343596608656853
Hoh winter steelhead 2023-24,2023-12-24,Guided-Bank,0,60.016666666666666,0
Hoh winter steelhead 2023-24,2023-12-24,Guided-Boat,0,60.016666666666666,0
Hoh winter steelhead 2023-24,2023-12-24,Unguided-Bank,60.016666666666666,60.016666666666666,1
Hoh winter steelhead 2023-24,2023-12-24,Unguided-Boat,0,60.016666666666666,0
Hoh winter steelhead 2023-24,2023-12-31,Guided-Bank,18,164.64999999999998,0.10932280595201944
Hoh winter steelhead 2023-24,2023-12-31,Guided-Boat,17.766666666666666,164.64999999999998,0.10790565846745623
Hoh winter steelhead 2023-24,2023-12-31,Unguided-Bank,128.88333333333333,164.64999999999998,0.7827715355805244
Hoh winter steelhead 2023-24,2023-12-31,Unguided-Boat,0,164.64999999999998,0
Hoh winter steelhead 2023-24,2024-01-07,Guided-Bank,43.36666666666667,188.06666666666666,0.2305919886565048
Hoh winter steelhead 2023-24,2024-01-07,Guided-Boat,0,188.06666666666666,0
Hoh winter steelhead 2023-24,2024-01-07,Unguided-Bank,101.05,188.06666666666666,0.5373094647288196
Hoh winter steelhead 2023-24,2024-01-07,Unguided-Boat,43.65,188.06666666666666,0.23209854661467563
Hoh winter steelhead 2023-24,2024-01-14,Guided-Bank,14.383333333333333,216.3,0.06649714902142086
Hoh winter steelhead 2023-24,2024-01-14,Guided-Boat,30.766666666666666,216.3,0.14224071505624902
Hoh winter steelhead 2023-24,2024-01-14,Unguided-Bank,108.91666666666667,216.3,0.5035444598551395
Hoh winter steelhead 2023-24,2024-01-14,Unguided-Boat,62.233333333333334,216.3,0.2877176760671906
Hoh winter steelhead 2023-24,2024-01-21,Guided-Bank,88.83333333333333,257.5833333333333,0.34487220964089293
Hoh winter steelhead 2023-24,2024-01-21,Guided-Boat,16.066666666666666,257.5833333333333,0.06237463604011647
Hoh winter steelhead 2023-24,2024-01-21,Unguided-Bank,152.68333333333334,257.5833333333333,0.5927531543189907
Hoh winter steelhead 2023-24,2024-01-21,Unguided-Boat,0,257.5833333333333,0
Hoh winter steelhead 2023-24,2024-02-04,Guided-Bank,37.15,337.48333333333335,0.11007951009926416
Hoh winter steelhead 2023-24,2024-02-04,Guided-Boat,66.7,337.48333333333335,0.1976393895994864
Hoh winter steelhead 2023-24,2024-02-04,Unguided-Bank,167.8,337.48333333333335,0.497209738752531
Hoh winter steelhead 2023-24,2024-02-04,Unguided-Boat,65.83333333333333,337.48333333333335,0.19507136154871843
Hoh winter steelhead 2023-24,2024-02-11,Guided-Bank,205.16666666666666,1082.3833333333334,0.1895508368877323
Hoh winter steelhead 2023-24,2024-02-11,Guided-Boat,319.1666666666667,1082.3833333333334,0.29487396640130575
Hoh winter steelhead 2023-24,2024-02-11,Unguided-Bank,381.73333333333335,1082.3833333333334,0.35267850268697165
Hoh winter steelhead 2023-24,2024-02-11,Unguided-Boat,176.31666666666666,1082.3833333333334,0.16289669402399026
Hoh winter steelhead 2023-24,2024-02-18,Guided-Bank,231.63333333333333,1916.5833333333333,0.12085742858385147
Hoh winter steelhead 2023-24,2024-02-18,Guided-Boat,329.6333333333333,1916.5833333333333,0.1719900865255011
Hoh winter steelhead 2023-24,2024-02-18,Unguided-Bank,969.55,1916.5833333333333,0.5058741684421062
Hoh winter steelhead 2023-24,2024-02-18,Unguided-Boat,385.76666666666665,1916.5833333333333,0.20127831644854124
Hoh winter steelhead 2023-24,2024-02-25,Guided-Bank,117.73333333333333,633.6166666666667,0.18581161059526002
Hoh winter steelhead 2023-24,2024-02-25,Guided-Boat,80.85,633.6166666666667,0.12760081016387403
Hoh winter steelhead 2023-24,2024-02-25,Unguided-Bank,400.78333333333336,633.6166666666667,0.6325328142673015
Hoh winter steelhead 2023-24,2024-02-25,Unguided-Boat,34.25,633.6166666666667,0.054054764973564456
Hoh winter steelhead 2023-24,2024-03-03,Guided-Bank,148.38333333333333,908.2666666666667,0.16336978860833823
Hoh winter steelhead 2023-24,2024-03-03,Guided-Boat,295.3,908.2666666666667,0.3251247798003523
Hoh winter steelhead 2023-24,2024-03-03,Unguided-Bank,332.1333333333333,908.2666666666667,0.36567821491485614
Hoh winter steelhead 2023-24,2024-03-03,Unguided-Boat,132.45,908.2666666666667,0.14582721667645332
Hoh winter steelhead 2023-24,2024-03-10,Guided-Bank,129.18333333333334,529.75,0.24385716532955798
Hoh winter steelhead 2023-24,2024-03-10,Guided-Boat,76.51666666666667,529.75,0.14443920088091866
Hoh winter steelhead 2023-24,2024-03-10,Unguided-Bank,207.05,529.75,0.3908447380840019
Hoh winter steelhead 2023-24,2024-03-10,Unguided-Boat,117,529.75,0.22085889570552147
Hoh winter steelhead 2023-24,2024-03-17,Guided-Bank,203.86666666666667,936.6166666666667,0.21766286456572415
Hoh winter steelhead 2023-24,2024-03-17,Guided-Boat,193.20000000000002,936.6166666666667,0.20627435628236385
Hoh winter steelhead 2023-24,2024-03-17,Unguided-Bank,361.55,936.6166666666667,0.3860170471733367
Hoh winter steelhead 2023-24,2024-03-17,Unguided-Boat,178,936.6166666666667,0.19004573197857536
Hoh winter steelhead 2023-24,2024-03-24,Guided-Bank,101.48333333333333,1008.75,0.1006030565881867
Hoh winter steelhead 2023-24,2024-03-24,Guided-Boat,273.03333333333336,1008.75,0.27066501445683605
Hoh winter steelhead 2023-24,2024-03-24,Unguided-Bank,394.8,1008.75,0.3913754646840149
Hoh winter steelhead 2023-24,2024-03-24,Unguided-Boat,239.43333333333334,1008.75,0.2373564642709624
Hoh winter steelhead 2023-24,2024-03-31,Guided-Bank,65.63333333333333,193.6,0.3390151515151515
Hoh winter steelhead 2023-24,2024-03-31,Guided-Boat,18.75,193.6,0.09684917355371901
Hoh winter steelhead 2023-24,2024-03-31,Unguided-Bank,42.71666666666667,193.6,0.22064393939393942
Hoh winter steelhead 2023-24,2024-03-31,Unguided-Boat,66.5,193.6,0.3434917355371901
Hoh winter steelhead 2024-25,2024-12-01,Guided-Bank,0,20.5,0
Hoh winter steelhead 2024-25,2024-12-01,Guided-Boat,14.5,20.5,0.7073170731707317
Hoh winter steelhead 2024-25,2024-12-01,Unguided-Bank,6,20.5,0.2926829268292683
Hoh winter steelhead 2024-25,2024-12-01,Unguided-Boat,0,20.5,0
Hoh winter steelhead 2024-25,2024-12-08,Guided-Bank,0,16.35,0
Hoh winter steelhead 2024-25,2024-12-08,Guided-Boat,0,16.35,0
Hoh winter steelhead 2024-25,2024-12-08,Unguided-Bank,16.35,16.35,1
Hoh winter steelhead 2024-25,2024-12-08,Unguided-Boat,0,16.35,0
Hoh winter steelhead 2024-25,2024-12-15,Guided-Bank,0,15.666666666666666,0
Hoh winter steelhead 2024-25,2024-12-15,Guided-Boat,0,15.666666666666666,0
Hoh winter steelhead 2024-25,2024-12-15,Unguided-Bank,15.666666666666666,15.666666666666666,1
Hoh winter steelhead 2024-25,2024-12-15,Unguided-Boat,0,15.666666666666666,0
Hoh winter steelhead 2024-25,2024-12-29,Guided-Bank,0,18.183333333333334,0
Hoh winter steelhead 2024-25,2024-12-29,Guided-Boat,0,18.183333333333334,0
Hoh winter steelhead 2024-25,2024-12-29,Unguided-Bank,18.183333333333334,18.183333333333334,1
Hoh winter steelhead 2024-25,2024-12-29,Unguided-Boat,0,18.183333333333334,0
Hoh winter steelhead 2024-25,2025-01-05,Guided-Bank,34.1,245.83333333333331,0.13871186440677968
Hoh winter steelhead 2024-25,2025-01-05,Guided-Boat,52.78333333333333,245.83333333333331,0.21471186440677967
Hoh winter steelhead 2024-25,2025-01-05,Unguided-Bank,57.31666666666667,245.83333333333331,0.23315254237288138
Hoh winter steelhead 2024-25,2025-01-05,Unguided-Boat,101.63333333333333,245.83333333333331,0.4134237288135593
Hoh winter steelhead 2024-25,2025-01-12,Guided-Bank,29.85,553.8333333333334,0.05389708095094794
Hoh winter steelhead 2024-25,2025-01-12,Guided-Boat,111.96666666666667,553.8333333333334,0.20216671682214865
Hoh winter steelhead 2024-25,2025-01-12,Unguided-Bank,177.71666666666667,553.8333333333334,0.3208847427023774
Hoh winter steelhead 2024-25,2025-01-12,Unguided-Boat,234.3,553.8333333333334,0.423051459524526
Hoh winter steelhead 2024-25,2025-01-19,Guided-Bank,78.45,466.3,0.16823933090285223
Hoh winter steelhead 2024-25,2025-01-19,Guided-Boat,109.2,466.3,0.23418400171563372
Hoh winter steelhead 2024-25,2025-01-19,Unguided-Bank,82.13333333333334,466.3,0.17613839445278434
Hoh winter steelhead 2024-25,2025-01-19,Unguided-Boat,196.51666666666668,466.3,0.4214382729287297
Hoh winter steelhead 2024-25,2025-01-26,Guided-Bank,111.31666666666666,523.5333333333333,0.21262574812173693
Hoh winter steelhead 2024-25,2025-01-26,Guided-Boat,89.78333333333333,523.5333333333333,0.17149497007513054
Hoh winter steelhead 2024-25,2025-01-26,Unguided-Bank,156.35,523.5333333333333,0.298643830383293
Hoh winter steelhead 2024-25,2025-01-26,Unguided-Boat,166.08333333333334,523.5333333333333,0.3172354514198396
Hoh winter steelhead 2024-25,2025-02-02,Guided-Bank,111.6,594.0166666666667,0.18787351645576722
Hoh winter steelhead 2024-25,2025-02-02,Guided-Boat,189.03333333333333,594.0166666666667,0.31822900592014813
Hoh winter steelhead 2024-25,2025-02-02,Unguided-Bank,120.93333333333334,594.0166666666667,0.20358575797536546
Hoh winter steelhead 2024-25,2025-02-02,Unguided-Boat,172.45,594.0166666666667,0.29031171964871916
Hoh winter steelhead 2024-25,2025-02-09,Guided-Bank,172,884.3,0.19450412755852087
Hoh winter steelhead 2024-25,2025-02-09,Guided-Boat,270.9,884.3,0.30634400090467034
Hoh winter steelhead 2024-25,2025-02-09,Unguided-Bank,244.05,884.3,0.27598100192242453
Hoh winter steelhead 2024-25,2025-02-09,Unguided-Boat,197.35,884.3,0.22317086961438426
Hoh winter steelhead 2024-25,2025-02-16,Guided-Bank,35.8,326.48333333333335,0.10965337689519628
Hoh winter steelhead 2024-25,2025-02-16,Guided-Boat,67.75,326.48333333333335,0.20751442135892592
Hoh winter steelhead 2024-25,2025-02-16,Unguided-Bank,117.51666666666667,326.48333333333335,0.3599469089795293
Hoh winter steelhead 2024-25,2025-02-16,Unguided-Boat,105.41666666666667,326.48333333333335,0.3228852927663485
Hoh winter steelhead 2024-25,2025-02-23,Guided-Bank,3.5,207.8,0.016843118383060636
Hoh winter steelhead 2024-25,2025-02-23,Guided-Boat,11.366666666666667,207.8,0.05470003208213025
Hoh winter steelhead 2024-25,2025-02-23,Unguided-Bank,192.93333333333334,207.8,0.9284568495348091
Hoh winter steelhead 2024-25,2025-02-23,Unguided-Boat,0,207.8,0
Hoh winter steelhead 2024-25,2025-03-02,Guided-Bank,83.5,639.9833333333333,0.13047214771218
Hoh winter steelhead 2024-25,2025-03-02,Guided-Boat,161.36666666666667,639.9833333333333,0.2521419828641371
Hoh winter steelhead 2024-25,2025-03-02,Unguided-Bank,235.06666666666666,639.9833333333333,0.3673012318029115
Hoh winter steelhead 2024-25,2025-03-02,Unguided-Boat,160.05,639.9833333333333,0.2500846376207714
Hoh winter steelhead 2024-25,2025-03-09,Guided-Bank,96.56666666666666,450.3,0.2144496261751425
Hoh winter steelhead 2024-25,2025-03-09,Guided-Boat,60,450.3,0.13324450366422386
Hoh winter steelhead 2024-25,2025-03-09,Unguided-Bank,204.68333333333334,450.3,0.4545488193056481
Hoh winter steelhead 2024-25,2025-03-09,Unguided-Boat,89.05,450.3,0.19775705085498554
Hoh winter steelhead 2024-25,2025-03-16,Guided-Bank,64.71666666666667,254.53333333333333,0.25425615505500265
Hoh winter steelhead 2024-25,2025-03-16,Guided-Boat,51.766666666666666,254.53333333333333,0.2033787323205867
Hoh winter steelhead 2024-25,2025-03-16,Unguided-Bank,63.65,254.53333333333333,0.2500654793085385
Hoh winter steelhead 2024-25,2025-03-16,Unguided-Boat,74.4,254.53333333333333,0.2922996333158722
Hoh winter steelhead 2024-25,2025-03-23,Guided-Bank,81.73333333333333,167.56666666666666,0.48776606325840466
Hoh winter steelhead 2024-25,2025-03-23,Guided-Boat,10.583333333333332,167.56666666666666,0.0631589417147404
Hoh winter steelhead 2024-25,2025-03-23,Unguided-Bank,66.78333333333333,167.56666666666666,0.3985478416550627
Hoh winter steelhead 2024-25,2025-03-23,Unguided-Boat,8.466666666666667,167.56666666666666,0.050527153371792324
Hoh winter steelhead 2024-25,2025-03-30,Guided-Bank,24.950000000000003,166.65,0.14971497149714974
Hoh winter steelhead 2024-25,2025-03-30,Guided-Boat,30.866666666666667,166.65,0.1852185218521852
Hoh winter steelhead 2024-25,2025-03-30,Unguided-Bank,52.75,166.65,0.3165316531653165
Hoh winter steelhead 2024-25,2025-03-30,Unguided-Boat,58.08333333333333,166.65,0.3485348534853485
Hoh winter steelhead 2025-26,2025-11-30,Guided-Bank,0,46.900000000000006,0
Hoh winter steelhead 2025-26,2025-11-30,Guided-Boat,0,46.900000000000006,0
Hoh winter steelhead 2025-26,2025-11-30,Unguided-Bank,30.900000000000002,46.900000000000006,0.6588486140724946
Hoh winter steelhead 2025-26,2025-11-30,Unguided-Boat,16,46.900000000000006,0.34115138592750527
Hoh winter steelhead 2025-26,2025-12-14,Guided-Bank,0,0.7666666666666667,0
Hoh winter steelhead 2025-26,2025-12-14,Guided-Boat,0,0.7666666666666667,0
Hoh winter steelhead 2025-26,2025-12-14,Unguided-Bank,0.7666666666666667,0.7666666666666667,1
Hoh winter steelhead 2025-26,2025-12-14,Unguided-Boat,0,0.7666666666666667,0
Hoh winter steelhead 2025-26,2025-12-21,Guided-Bank,0,43.31666666666667,0
Hoh winter steelhead 2025-26,2025-12-21,Guided-Boat,0,43.31666666666667,0
Hoh winter steelhead 2025-26,2025-12-21,Unguided-Bank,43.31666666666667,43.31666666666667,1
Hoh winter steelhead 2025-26,2025-12-21,Unguided-Boat,0,43.31666666666667,0
Hoh winter steelhead 2025-26,2025-12-28,Guided-Bank,14.766666666666667,97.95,0.15075718904202826
Hoh winter steelhead 2025-26,2025-12-28,Guided-Boat,0,97.95,0
Hoh winter steelhead 2025-26,2025-12-28,Unguided-Bank,83.18333333333334,97.95,0.8492428109579717
Hoh winter steelhead 2025-26,2025-12-28,Unguided-Boat,0,97.95,0
Hoh winter steelhead 2025-26,2026-01-04,Guided-Bank,19.5,133.65,0.14590347923681257
Hoh winter steelhead 2025-26,2026-01-04,Guided-Boat,0,133.65,0
Hoh winter steelhead 2025-26,2026-01-04,Unguided-Bank,114.15,133.65,0.8540965207631874
Hoh winter steelhead 2025-26,2026-01-04,Unguided-Boat,0,133.65,0
Hoh winter steelhead 2025-26,2026-01-11,Guided-Bank,0,141.6,0
Hoh winter steelhead 2025-26,2026-01-11,Guided-Boat,37.8,141.6,0.2669491525423729
Hoh winter steelhead 2025-26,2026-01-11,Unguided-Bank,89.13333333333334,141.6,0.6294726930320151
Hoh winter steelhead 2025-26,2026-01-11,Unguided-Boat,14.666666666666668,141.6,0.10357815442561207
Hoh winter steelhead 2025-26,2026-01-18,Guided-Bank,69.65,558.4000000000001,0.12473137535816618
Hoh winter steelhead 2025-26,2026-01-18,Guided-Boat,80.03333333333333,558.4000000000001,0.14332617000955108
Hoh winter steelhead 2025-26,2026-01-18,Unguided-Bank,199.23333333333335,558.4000000000001,0.3567932187201528
Hoh winter steelhead 2025-26,2026-01-18,Unguided-Boat,209.48333333333335,558.4000000000001,0.37514923591212984
Hoh winter steelhead 2025-26,2026-01-25,Guided-Bank,0,107.36666666666666,0
Hoh winter steelhead 2025-26,2026-01-25,Guided-Boat,21.316666666666666,107.36666666666666,0.19854082583048743
Hoh winter steelhead 2025-26,2026-01-25,Unguided-Bank,73.55,107.36666666666666,0.6850357031977646
Hoh winter steelhead 2025-26,2026-01-25,Unguided-Boat,12.5,107.36666666666666,0.1164234709717479
Hoh winter steelhead 2025-26,2026-02-01,Guided-Bank,24.2,341.65,0.07083272354749012
Hoh winter steelhead 2025-26,2026-02-01,Guided-Boat,27.166666666666668,341.65,0.07951607395482707
Hoh winter steelhead 2025-26,2026-02-01,Unguided-Bank,262.15,341.65,0.7673057222303526
Hoh winter steelhead 2025-26,2026-02-01,Unguided-Boat,28.133333333333333,341.65,0.08234548026733012
Hoh winter steelhead 2025-26,2026-02-08,Guided-Bank,99,639.8166666666666,0.15473182422047985
Hoh winter steelhead 2025-26,2026-02-08,Guided-Boat,166.75,639.8166666666666,0.2606215322097476
Hoh winter steelhead 2025-26,2026-02-08,Unguided-Bank,270,639.8166666666666,0.4219958842376723
Hoh winter steelhead 2025-26,2026-02-08,Unguided-Boat,104.06666666666666,639.8166666666666,0.16265075933210035
Hoh winter steelhead 2025-26,2026-02-15,Guided-Bank,134.85,928.4666666666667,0.1452394629137646
Hoh winter steelhead 2025-26,2026-02-15,Guided-Boat,215.4,928.4666666666667,0.23199540460975085
Hoh winter steelhead 2025-26,2026-02-15,Unguided-Bank,286.53333333333336,928.4666666666667,0.3086091764199038
Hoh winter steelhead 2025-26,2026-02-15,Unguided-Boat,291.68333333333334,928.4666666666667,0.31415595605658075
Hoh winter steelhead 2025-26,2026-02-22,Guided-Bank,107.55,909.2833333333333,0.11827996407427095
Hoh winter steelhead 2025-26,2026-02-22,Guided-Boat,294.6333333333333,909.2833333333333,0.32402808072291367
Hoh winter steelhead 2025-26,2026-02-22,Unguided-Bank,335.0833333333333,909.2833333333333,0.36851366460765805
Hoh winter steelhead 2025-26,2026-02-22,Unguided-Boat,172.01666666666668,909.2833333333333,0.18917829059515737
Hoh winter steelhead 2025-26,2026-03-01,Guided-Bank,135.01666666666668,1183.7,0.1140632480076596
Hoh winter steelhead 2025-26,2026-03-01,Guided-Boat,338.4166666666667,1183.7,0.2858973275886345
Hoh winter steelhead 2025-26,2026-03-01,Unguided-Bank,438.71666666666664,1183.7,0.3706316352679451
Hoh winter steelhead 2025-26,2026-03-01,Unguided-Boat,271.55,1183.7,0.22940778913576076
Hoh winter steelhead 2025-26,2026-03-08,Guided-Bank,8.5,238.79999999999998,0.035594639865996654
Hoh winter steelhead 2025-26,2026-03-08,Guided-Boat,58.916666666666664,238.79999999999998,0.24671970965940815
Hoh winter steelhead 2025-26,2026-03-08,Unguided-Bank,101.25,238.79999999999998,0.4239949748743719
Hoh winter steelhead 2025-26,2026-03-08,Unguided-Boat,70.13333333333333,238.79999999999998,0.29369067560022333
Hoh winter steelhead 2025-26,2026-03-15,Guided-Bank,6.383333333333334,202.03333333333333,0.031595446295990766
Hoh winter steelhead 2025-26,2026-03-15,Guided-Boat,100.18333333333332,202.03333333333333,0.495875268107573
Hoh winter steelhead 2025-26,2026-03-15,Unguided-Bank,39.083333333333336,202.03333333333333,0.19344992575482595
Hoh winter steelhead 2025-26,2026-03-15,Unguided-Boat,56.38333333333333,202.03333333333333,0.2790793598416103
Hoh winter steelhead 2025-26,2026-03-22,Guided-Bank,149.35,882.15,0.16930227285609023
Hoh winter steelhead 2025-26,2026-03-22,Guided-Boat,204.16666666666666,882.15,0.2314421205766215
Hoh winter steelhead 2025-26,2026-03-22,Unguided-Bank,192.3,882.15,0.2179901377316783
Hoh winter steelhead 2025-26,2026-03-22,Unguided-Boat,336.3333333333333,882.15,0.38126546883560997
Hoh winter steelhead 2025-26,2026-03-29,Guided-Bank,63.85,1073.15,0.05949774029725574
Hoh winter steelhead 2025-26,2026-03-29,Guided-Boat,460.6166666666667,1073.15,0.42921927658450976
Hoh winter steelhead 2025-26,2026-03-29,Unguided-Bank,334.85,1073.15,0.312025345944183
Hoh winter steelhead 2025-26,2026-03-29,Unguided-Boat,213.83333333333334,1073.15,0.19925763717405146
Humptulips salmon 2020,2020-08-30,Guided-Bank,0,1247.6666666666667,0
Humptulips salmon 2020,2020-08-30,Guided-Boat,49.46666666666667,1247.6666666666667,0.039647341704515095
Humptulips salmon 2020,2020-08-30,Unguided-Bank,219.61666666666667,1247.6666666666667,0.17602190756078012
Humptulips salmon 2020,2020-08-30,Unguided-Boat,978.5833333333334,1247.6666666666667,0.7843307507347048
Humptulips salmon 2020,2020-09-06,Guided-Bank,0,563.65,0
Humptulips salmon 2020,2020-09-06,Guided-Boat,100.7,563.65,0.17865696797658123
Humptulips salmon 2020,2020-09-06,Unguided-Bank,41.96666666666667,563.65,0.07445518791212041
Humptulips salmon 2020,2020-09-06,Unguided-Boat,420.98333333333335,563.65,0.7468878441112985
Humptulips salmon 2020,2020-09-13,Guided-Bank,0,2003.6333333333332,0
Humptulips salmon 2020,2020-09-13,Guided-Boat,611.8666666666667,2003.6333333333332,0.3053785622785274
Humptulips salmon 2020,2020-09-13,Unguided-Bank,493.5,2003.6333333333332,0.2463025503668336
Humptulips salmon 2020,2020-09-13,Unguided-Boat,898.2666666666667,2003.6333333333332,0.4483188873546391
Humptulips salmon 2020,2020-09-20,Guided-Bank,0,1148.2166666666667,0
Humptulips salmon 2020,2020-09-20,Guided-Boat,414.6333333333333,1148.2166666666667,0.36111070790936667
Humptulips salmon 2020,2020-09-20,Unguided-Bank,413.23333333333335,1148.2166666666667,0.35989142583426476
Humptulips salmon 2020,2020-09-20,Unguided-Boat,320.34999999999997,1148.2166666666667,0.2789978662563685
Humptulips salmon 2020,2020-09-27,Guided-Bank,0,1536.1166666666668,0
Humptulips salmon 2020,2020-09-27,Guided-Boat,594.7333333333333,1536.1166666666668,0.38716677335705835
Humptulips salmon 2020,2020-09-27,Unguided-Bank,340.51666666666665,1536.1166666666668,0.22167370099927303
Humptulips salmon 2020,2020-09-27,Unguided-Boat,600.8666666666667,1536.1166666666668,0.3911595256436685
Humptulips salmon 2020,2020-10-04,Guided-Bank,0,309.9,0
Humptulips salmon 2020,2020-10-04,Guided-Boat,77.44999999999999,309.9,0.249919328815747
Humptulips salmon 2020,2020-10-04,Unguided-Bank,161.25,309.9,0.5203291384317522
Humptulips salmon 2020,2020-10-04,Unguided-Boat,71.2,309.9,0.22975153275250082
Humptulips salmon 2020,2020-10-11,Guided-Bank,0,1294.35,0
Humptulips salmon 2020,2020-10-11,Guided-Boat,288.05,1294.35,0.2225441341213737
Humptulips salmon 2020,2020-10-11,Unguided-Bank,521.2833333333333,1294.35,0.4027375387903839
Humptulips salmon 2020,2020-10-11,Unguided-Boat,485.01666666666665,1294.35,0.3747183270882425
Humptulips salmon 2020,2020-10-18,Guided-Bank,0,1341.1833333333334,0
Humptulips salmon 2020,2020-10-18,Guided-Boat,528.7333333333333,1341.1833333333334,0.39422897689851
Humptulips salmon 2020,2020-10-18,Unguided-Bank,594.1166666666667,1341.1833333333334,0.44297945843844366
Humptulips salmon 2020,2020-10-18,Unguided-Boat,218.33333333333334,1341.1833333333334,0.1627915646630463
Humptulips salmon 2020,2020-10-25,Guided-Bank,0,220.6,0
Humptulips salmon 2020,2020-10-25,Guided-Boat,21.75,220.6,0.0985947416137806
Humptulips salmon 2020,2020-10-25,Unguided-Bank,198.85,220.6,0.9014052583862194
Humptulips salmon 2020,2020-10-25,Unguided-Boat,0,220.6,0
Humptulips salmon 2020,2020-11-01,Guided-Bank,0,186.5,0
Humptulips salmon 2020,2020-11-01,Guided-Boat,29.25,186.5,0.15683646112600536
Humptulips salmon 2020,2020-11-01,Unguided-Bank,142.71666666666667,186.5,0.7652368185880251
Humptulips salmon 2020,2020-11-01,Unguided-Boat,14.533333333333331,186.5,0.0779267202859696
Humptulips salmon 2020,2020-11-08,Guided-Bank,0,289.75,0
Humptulips salmon 2020,2020-11-08,Guided-Boat,79.8,289.75,0.2754098360655738
Humptulips salmon 2020,2020-11-08,Unguided-Bank,151.6,289.75,0.5232096635030198
Humptulips salmon 2020,2020-11-08,Unguided-Boat,58.35,289.75,0.2013805004314064
Humptulips salmon 2020,2020-11-15,Guided-Bank,0,219.38333333333333,0
Humptulips salmon 2020,2020-11-15,Guided-Boat,66.53333333333333,219.38333333333333,0.3032743295601307
Humptulips salmon 2020,2020-11-15,Unguided-Bank,126.01666666666667,219.38333333333333,0.5744131277064499
Humptulips salmon 2020,2020-11-15,Unguided-Boat,26.833333333333336,219.38333333333333,0.12231254273341945
Humptulips salmon 2020,2020-11-22,Guided-Bank,0,534.1833333333334,0
Humptulips salmon 2020,2020-11-22,Guided-Boat,182.05,534.1833333333334,0.3408005990452716
Humptulips salmon 2020,2020-11-22,Unguided-Bank,138.15,534.1833333333334,0.2586190758478674
Humptulips salmon 2020,2020-11-22,Unguided-Boat,213.98333333333332,534.1833333333334,0.40058032510686087
Humptulips salmon 2020,2020-11-29,Guided-Bank,0,172.9,0
Humptulips salmon 2020,2020-11-29,Guided-Boat,50.75,172.9,0.2935222672064777
Humptulips salmon 2020,2020-11-29,Unguided-Bank,58.65,172.9,0.33921341816078654
Humptulips salmon 2020,2020-11-29,Unguided-Boat,63.5,172.9,0.3672643146327357
Humptulips salmon 2021,2021-08-29,Guided-Bank,0,704.5833333333334,0
Humptulips salmon 2021,2021-08-29,Guided-Boat,87.65,704.5833333333334,0.12439976345357777
Humptulips salmon 2021,2021-08-29,Unguided-Bank,182.01666666666665,704.5833333333334,0.25833234772324065
Humptulips salmon 2021,2021-08-29,Unguided-Boat,434.9166666666667,704.5833333333334,0.6172678888231815
Humptulips salmon 2021,2021-09-05,Guided-Bank,0,873.1333333333334,0
Humptulips salmon 2021,2021-09-05,Guided-Boat,52.28333333333333,873.1333333333334,0.05988012521951591
Humptulips salmon 2021,2021-09-05,Unguided-Bank,282.53333333333336,873.1333333333334,0.3235855539436512
Humptulips salmon 2021,2021-09-05,Unguided-Boat,538.3166666666667,873.1333333333334,0.6165343208368328
Humptulips salmon 2021,2021-09-12,Guided-Bank,0,859.7833333333333,0
Humptulips salmon 2021,2021-09-12,Guided-Boat,63.9,859.7833333333333,0.07432104987690698
Humptulips salmon 2021,2021-09-12,Unguided-Bank,209.86666666666667,859.7833333333333,0.24409250392540757
Humptulips salmon 2021,2021-09-12,Unguided-Boat,586.0166666666667,859.7833333333333,0.6815864461976855
Humptulips salmon 2021,2021-09-19,Guided-Bank,0,672.0666666666667,0
Humptulips salmon 2021,2021-09-19,Guided-Boat,171.15,672.0666666666667,0.2546622358892967
Humptulips salmon 2021,2021-09-19,Unguided-Bank,107.18333333333334,672.0666666666667,0.15948318619184604
Humptulips salmon 2021,2021-09-19,Unguided-Boat,393.73333333333335,672.0666666666667,0.5858545779188572
Humptulips salmon 2021,2021-09-26,Guided-Bank,0,1025.2833333333333,0
Humptulips salmon 2021,2021-09-26,Guided-Boat,290.3833333333333,1025.2833333333333,0.2832225238551945
Humptulips salmon 2021,2021-09-26,Unguided-Bank,220.43333333333334,1025.2833333333333,0.2149974803712795
Humptulips salmon 2021,2021-09-26,Unguided-Boat,514.4666666666667,1025.2833333333333,0.501779995773526
Humptulips salmon 2021,2021-10-03,Guided-Bank,0,780.2166666666667,0
Humptulips salmon 2021,2021-10-03,Guided-Boat,77.48333333333333,780.2166666666667,0.09931002072073997
Humptulips salmon 2021,2021-10-03,Unguided-Bank,286.8,780.2166666666667,0.36759019930361225
Humptulips salmon 2021,2021-10-03,Unguided-Boat,415.93333333333334,780.2166666666667,0.5330997799756477
Humptulips salmon 2021,2021-10-10,Guided-Bank,19.4,866.4166666666666,0.022391074348369722
Humptulips salmon 2021,2021-10-10,Guided-Boat,289.48333333333335,866.4166666666666,0.33411561027219394
Humptulips salmon 2021,2021-10-10,Unguided-Bank,253.26666666666668,866.4166666666666,0.2923150908916034
Humptulips salmon 2021,2021-10-10,Unguided-Boat,304.26666666666665,866.4166666666666,0.35117822448783304
Humptulips salmon 2021,2021-10-17,Guided-Bank,0,613,0
Humptulips salmon 2021,2021-10-17,Guided-Boat,130.58333333333331,613,0.2130233822729744
Humptulips salmon 2021,2021-10-17,Unguided-Bank,110.33333333333333,613,0.17998912452419794
Humptulips salmon 2021,2021-10-17,Unguided-Boat,372.0833333333333,613,0.6069874932028276
Humptulips salmon 2021,2021-10-24,Guided-Bank,0,103.35,0
Humptulips salmon 2021,2021-10-24,Guided-Boat,11.2,103.35,0.10836961780358007
Humptulips salmon 2021,2021-10-24,Unguided-Bank,77.23333333333333,103.35,0.747298822770521
Humptulips salmon 2021,2021-10-24,Unguided-Boat,14.916666666666668,103.35,0.14433155942589906
Humptulips salmon 2021,2021-10-31,Guided-Bank,0,160.6,0
Humptulips salmon 2021,2021-10-31,Guided-Boat,21.15,160.6,0.1316936488169365
Humptulips salmon 2021,2021-10-31,Unguided-Bank,29.78333333333333,160.6,0.18545039435450394
Humptulips salmon 2021,2021-10-31,Unguided-Boat,109.66666666666666,160.6,0.6828559568285595
Humptulips salmon 2021,2021-11-07,Guided-Bank,0,164.51666666666665,0
Humptulips salmon 2021,2021-11-07,Guided-Boat,61.78333333333333,164.51666666666665,0.37554452436429947
Humptulips salmon 2021,2021-11-07,Unguided-Bank,65.68333333333334,164.51666666666665,0.3992503292472901
Humptulips salmon 2021,2021-11-07,Unguided-Boat,37.05,164.51666666666665,0.2252051463884105
Humptulips salmon 2021,2021-11-14,Guided-Bank,0,220.18333333333334,0
Humptulips salmon 2021,2021-11-14,Guided-Boat,101.38333333333333,220.18333333333334,0.46044962531223976
Humptulips salmon 2021,2021-11-14,Unguided-Bank,118.8,220.18333333333334,0.5395503746877601
Humptulips salmon 2021,2021-11-14,Unguided-Boat,0,220.18333333333334,0
Humptulips salmon 2021,2021-11-21,Guided-Bank,0,558.9666666666667,0
Humptulips salmon 2021,2021-11-21,Guided-Boat,254.03333333333333,558.9666666666667,0.45446955692050806
Humptulips salmon 2021,2021-11-21,Unguided-Bank,119.63333333333334,558.9666666666667,0.21402588109010676
Humptulips salmon 2021,2021-11-21,Unguided-Boat,185.3,558.9666666666667,0.33150456198938516
Humptulips salmon 2021,2021-11-28,Guided-Bank,0,17.46666666666667,0
Humptulips salmon 2021,2021-11-28,Guided-Boat,0,17.46666666666667,0
Humptulips salmon 2021,2021-11-28,Unguided-Bank,17.46666666666667,17.46666666666667,1
Humptulips salmon 2021,2021-11-28,Unguided-Boat,0,17.46666666666667,0
Humptulips salmon 2022,2022-08-28,Guided-Bank,0,843.9333333333334,0
Humptulips salmon 2022,2022-08-28,Guided-Boat,96.43333333333334,843.9333333333334,0.11426652974168576
Humptulips salmon 2022,2022-08-28,Unguided-Bank,317.03333333333336,843.9333333333334,0.37566158464333677
Humptulips salmon 2022,2022-08-28,Unguided-Boat,430.4666666666667,843.9333333333334,0.5100718856149775
Humptulips salmon 2022,2022-09-04,Guided-Bank,0,270.01666666666665,0
Humptulips salmon 2022,2022-09-04,Guided-Boat,63,270.01666666666665,0.23331893093018952
Humptulips salmon 2022,2022-09-04,Unguided-Bank,102.8,270.01666666666665,0.3807172396765632
Humptulips salmon 2022,2022-09-04,Unguided-Boat,104.21666666666667,270.01666666666665,0.38596382939324736
Humptulips salmon 2022,2022-09-11,Guided-Bank,17.25,963.6166666666667,0.01790130930349205
Humptulips salmon 2022,2022-09-11,Guided-Boat,139.4,963.6166666666667,0.14466333431343723
Humptulips salmon 2022,2022-09-11,Unguided-Bank,352,963.6166666666667,0.36529048549734505
Humptulips salmon 2022,2022-09-11,Unguided-Boat,454.96666666666664,963.6166666666667,0.4721448708857256
Humptulips salmon 2022,2022-09-18,Guided-Bank,0,569.9499999999999,0
Humptulips salmon 2022,2022-09-18,Guided-Boat,97.14999999999999,569.9499999999999,0.17045354855689096
Humptulips salmon 2022,2022-09-18,Unguided-Bank,167.03333333333333,569.9499999999999,0.29306664327280174
Humptulips salmon 2022,2022-09-18,Unguided-Boat,305.76666666666665,569.9499999999999,0.5364798081703074
Humptulips salmon 2022,2022-09-25,Guided-Bank,0,532.9666666666667,0
Humptulips salmon 2022,2022-09-25,Guided-Boat,118.7,532.9666666666667,0.22271561698667833
Humptulips salmon 2022,2022-09-25,Unguided-Bank,181.25,532.9666666666667,0.34007755331790607
Humptulips salmon 2022,2022-09-25,Unguided-Boat,233.01666666666668,532.9666666666667,0.4372068296954156
Humptulips salmon 2022,2022-10-02,Guided-Bank,0,356.93333333333334,0
Humptulips salmon 2022,2022-10-02,Guided-Boat,85.91666666666666,356.93333333333334,0.240707881957415
Humptulips salmon 2022,2022-10-02,Unguided-Bank,181.21666666666667,356.93333333333334,0.507704519985058
Humptulips salmon 2022,2022-10-02,Unguided-Boat,89.8,356.93333333333334,0.25158759805752706
Humptulips salmon 2022,2022-10-23,Guided-Bank,0,519.0166666666667,0
Humptulips salmon 2022,2022-10-23,Guided-Boat,74.80000000000001,519.0166666666667,0.1441186859766867
Humptulips salmon 2022,2022-10-23,Unguided-Bank,99.36666666666667,519.0166666666667,0.19145178382197106
Humptulips salmon 2022,2022-10-23,Unguided-Boat,344.85,519.0166666666667,0.6644295302013423
Humptulips salmon 2022,2022-10-30,Guided-Bank,0,697.2833333333333,0
Humptulips salmon 2022,2022-10-30,Guided-Boat,113.88333333333333,697.2833333333333,0.16332433013839423
Humptulips salmon 2022,2022-10-30,Unguided-Bank,282.71666666666664,697.2833333333333,0.405454501995841
Humptulips salmon 2022,2022-10-30,Unguided-Boat,300.68333333333334,697.2833333333333,0.43122116786576475
Humptulips salmon 2022,2022-11-06,Guided-Bank,0,500.65,0
Humptulips salmon 2022,2022-11-06,Guided-Boat,111.01666666666667,500.65,0.22174506474915942
Humptulips salmon 2022,2022-11-06,Unguided-Bank,233.63333333333333,500.65,0.4666600086554146
Humptulips salmon 2022,2022-11-06,Unguided-Boat,156,500.65,0.311594926595426
Humptulips salmon 2022,2022-11-13,Guided-Bank,0,446.9166666666667,0
Humptulips salmon 2022,2022-11-13,Guided-Boat,86.83333333333334,446.9166666666667,0.19429423829945927
Humptulips salmon 2022,2022-11-13,Unguided-Bank,129.83333333333334,446.9166666666667,0.29050904344583256
Humptulips salmon 2022,2022-11-13,Unguided-Boat,230.25,446.9166666666667,0.5151967182547081
Humptulips salmon 2022,2022-11-20,Guided-Bank,0,309.8666666666667,0
Humptulips salmon 2022,2022-11-20,Guided-Boat,0,309.8666666666667,0
Humptulips salmon 2022,2022-11-20,Unguided-Bank,92.31666666666666,309.8666666666667,0.29792383820998275
Humptulips salmon 2022,2022-11-20,Unguided-Boat,217.55,309.8666666666667,0.7020761617900172
Humptulips salmon 2022,2022-11-27,Guided-Bank,0,412.51666666666665,0
Humptulips salmon 2022,2022-11-27,Guided-Boat,20.3,412.51666666666665,0.04921013292392227
Humptulips salmon 2022,2022-11-27,Unguided-Bank,198.68333333333334,412.51666666666665,0.4816371055714921
Humptulips salmon 2022,2022-11-27,Unguided-Boat,193.53333333333333,412.51666666666665,0.4691527615045857
Humptulips salmon 2022,2022-12-04,Guided-Bank,0,256.95,0
Humptulips salmon 2022,2022-12-04,Guided-Boat,0,256.95,0
Humptulips salmon 2022,2022-12-04,Unguided-Bank,256.95,256.95,1
Humptulips salmon 2022,2022-12-04,Unguided-Boat,0,256.95,0
Humptulips salmon 2022,2022-12-11,Guided-Bank,0,298.1333333333333,0
Humptulips salmon 2022,2022-12-11,Guided-Boat,0,298.1333333333333,0
Humptulips salmon 2022,2022-12-11,Unguided-Bank,298.1333333333333,298.1333333333333,1
Humptulips salmon 2022,2022-12-11,Unguided-Boat,0,298.1333333333333,0
Humptulips salmon 2023,2023-08-27,Guided-Bank,0,503.98333333333335,0
Humptulips salmon 2023,2023-08-27,Guided-Boat,0,503.98333333333335,0
Humptulips salmon 2023,2023-08-27,Unguided-Bank,189.79999999999998,503.98333333333335,0.37659975528291273
Humptulips salmon 2023,2023-08-27,Unguided-Boat,314.18333333333334,503.98333333333335,0.6234002447170872
Humptulips salmon 2023,2023-09-03,Guided-Bank,17.599999999999998,117.93333333333332,0.1492368569813454
Humptulips salmon 2023,2023-09-03,Guided-Boat,0,117.93333333333332,0
Humptulips salmon 2023,2023-09-03,Unguided-Bank,12.516666666666667,117.93333333333332,0.10613340870548334
Humptulips salmon 2023,2023-09-03,Unguided-Boat,87.81666666666666,117.93333333333332,0.7446297343131714
Humptulips salmon 2023,2023-09-10,Guided-Bank,18,636.7666666666667,0.028267811338533216
Humptulips salmon 2023,2023-09-10,Guided-Boat,126.95,636.7666666666667,0.19936659163482176
Humptulips salmon 2023,2023-09-10,Unguided-Bank,260,636.7666666666667,0.4083128304454798
Humptulips salmon 2023,2023-09-10,Unguided-Boat,231.81666666666666,636.7666666666667,0.36405276658116525
Humptulips salmon 2023,2023-09-17,Guided-Bank,0,656.8499999999999,0
Humptulips salmon 2023,2023-09-17,Guided-Boat,119.85,656.8499999999999,0.18246174925782144
Humptulips salmon 2023,2023-09-17,Unguided-Bank,224.9,656.8499999999999,0.3423917180482607
Humptulips salmon 2023,2023-09-17,Unguided-Boat,312.09999999999997,656.8499999999999,0.47514653269391793
Humptulips salmon 2023,2023-09-24,Guided-Bank,0,1207.2333333333333,0
Humptulips salmon 2023,2023-09-24,Guided-Boat,156.13333333333333,1207.2333333333333,0.12933152939227432
Humptulips salmon 2023,2023-09-24,Unguided-Bank,392.98333333333335,1207.2333333333333,0.3255239252284839
Humptulips salmon 2023,2023-09-24,Unguided-Boat,658.1166666666667,1207.2333333333333,0.5451445453792418
Humptulips salmon 2023,2023-10-01,Guided-Bank,13.75,934.9833333333333,0.01470614449455427
Humptulips salmon 2023,2023-10-01,Guided-Boat,90.61666666666667,934.9833333333333,0.09691794862653524
Humptulips salmon 2023,2023-10-01,Unguided-Bank,191.18333333333334,934.9833333333333,0.20447779817822065
Humptulips salmon 2023,2023-10-01,Unguided-Boat,639.4333333333333,934.9833333333333,0.6838981087006898
Humptulips salmon 2023,2023-10-08,Guided-Bank,0,423.56666666666666,0
Humptulips salmon 2023,2023-10-08,Guided-Boat,46.166666666666664,423.56666666666666,0.108995042102778
Humptulips salmon 2023,2023-10-08,Unguided-Bank,112.48333333333333,423.56666666666666,0.26556228850240027
Humptulips salmon 2023,2023-10-08,Unguided-Boat,264.9166666666667,423.56666666666666,0.6254426693948218
Humptulips salmon 2023,2023-10-15,Guided-Bank,0,1188.7666666666667,0
Humptulips salmon 2023,2023-10-15,Guided-Boat,186.93333333333334,1188.7666666666667,0.1572498107282057
Humptulips salmon 2023,2023-10-15,Unguided-Bank,443.3833333333333,1188.7666666666667,0.3729775958276084
Humptulips salmon 2023,2023-10-15,Unguided-Boat,558.45,1188.7666666666667,0.46977259344418587
Humptulips salmon 2023,2023-10-22,Guided-Bank,0,946.0666666666666,0
Humptulips salmon 2023,2023-10-22,Guided-Boat,141.2,946.0666666666666,0.14924952434641675
Humptulips salmon 2023,2023-10-22,Unguided-Bank,523,946.0666666666666,0.5528151645409063
Humptulips salmon 2023,2023-10-22,Unguided-Boat,281.8666666666667,946.0666666666666,0.29793531111267707
Humptulips salmon 2023,2023-10-29,Guided-Bank,0,670.4666666666666,0
Humptulips salmon 2023,2023-10-29,Guided-Boat,43.8,670.4666666666666,0.06532763249477976
Humptulips salmon 2023,2023-10-29,Unguided-Bank,413.46666666666664,670.4666666666666,0.6166848960922741
Humptulips salmon 2023,2023-10-29,Unguided-Boat,213.2,670.4666666666666,0.31798747141294625
Humptulips salmon 2023,2023-11-05,Guided-Bank,0,258.25,0
Humptulips salmon 2023,2023-11-05,Guided-Boat,57.25,258.25,0.22168441432720232
Humptulips salmon 2023,2023-11-05,Unguided-Bank,83.68333333333334,258.25,0.3240400129073895
Humptulips salmon 2023,2023-11-05,Unguided-Boat,117.31666666666666,258.25,0.4542755727654082
Humptulips salmon 2023,2023-11-12,Guided-Bank,0,503.1333333333333,0
Humptulips salmon 2023,2023-11-12,Guided-Boat,149.68333333333334,503.1333333333333,0.29750231880217304
Humptulips salmon 2023,2023-11-12,Unguided-Bank,158.78333333333333,503.1333333333333,0.31558897575195444
Humptulips salmon 2023,2023-11-12,Unguided-Boat,194.66666666666666,503.1333333333333,0.3869087054458725
Humptulips salmon 2023,2023-11-19,Guided-Bank,0,528.0666666666667,0
Humptulips salmon 2023,2023-11-19,Guided-Boat,146.1,528.0666666666667,0.27666961242267385
Humptulips salmon 2023,2023-11-19,Unguided-Bank,208.55,528.0666666666667,0.3949311955561166
Humptulips salmon 2023,2023-11-19,Unguided-Boat,173.41666666666669,528.0666666666667,0.32839919202120943
Humptulips salmon 2023,2023-11-26,Guided-Bank,0,154.88333333333333,0
Humptulips salmon 2023,2023-11-26,Guided-Boat,0,154.88333333333333,0
Humptulips salmon 2023,2023-11-26,Unguided-Bank,95.93333333333334,154.88333333333333,0.6193909394167654
Humptulips salmon 2023,2023-11-26,Unguided-Boat,58.95,154.88333333333333,0.38060906058323474
Humptulips salmon 2024,2024-09-01,Guided-Bank,0,490.65000000000003,0
Humptulips salmon 2024,2024-09-01,Guided-Boat,38.733333333333334,490.65000000000003,0.07894289887564115
Humptulips salmon 2024,2024-09-01,Unguided-Bank,196.08333333333334,490.65000000000003,0.39963993342165155
Humptulips salmon 2024,2024-09-01,Unguided-Boat,255.83333333333334,490.65000000000003,0.5214171677027073
Humptulips salmon 2024,2024-09-08,Guided-Bank,9.366666666666667,783.6666666666666,0.011952360697575501
Humptulips salmon 2024,2024-09-08,Guided-Boat,79.7,783.6666666666666,0.10170140365801787
Humptulips salmon 2024,2024-09-08,Unguided-Bank,353.95,783.6666666666666,0.45165886856656745
Humptulips salmon 2024,2024-09-08,Unguided-Boat,340.65,783.6666666666666,0.4346873670778392
Humptulips salmon 2024,2024-09-15,Guided-Bank,23.25,1044.5666666666666,0.022258033634361938
Humptulips salmon 2024,2024-09-15,Guided-Boat,147,1044.5666666666666,0.1407282126559658
Humptulips salmon 2024,2024-09-15,Unguided-Bank,440.5833333333333,1044.5666666666666,0.4217857484762422
Humptulips salmon 2024,2024-09-15,Unguided-Boat,433.73333333333335,1044.5666666666666,0.4152280052334302
Humptulips salmon 2024,2024-09-22,Guided-Bank,0,771.8833333333333,0
Humptulips salmon 2024,2024-09-22,Guided-Boat,92.15,771.8833333333333,0.11938332649580033
Humptulips salmon 2024,2024-09-22,Unguided-Bank,179.1,771.8833333333333,0.23202988361799062
Humptulips salmon 2024,2024-09-22,Unguided-Boat,500.6333333333333,771.8833333333333,0.6485867898862091
Humptulips salmon 2024,2024-09-29,Guided-Bank,0,677.3666666666667,0
Humptulips salmon 2024,2024-09-29,Guided-Boat,153.01666666666665,677.3666666666667,0.22589931597854435
Humptulips salmon 2024,2024-09-29,Unguided-Bank,275.28333333333336,677.3666666666667,0.40640224398405594
Humptulips salmon 2024,2024-09-29,Unguided-Boat,249.06666666666666,677.3666666666667,0.3676984400373997
Humptulips salmon 2024,2024-10-06,Guided-Bank,0,668.2166666666667,0
Humptulips salmon 2024,2024-10-06,Guided-Boat,61.5,668.2166666666667,0.0920360162621904
Humptulips salmon 2024,2024-10-06,Unguided-Bank,300.1166666666667,668.2166666666667,0.44913077095752374
Humptulips salmon 2024,2024-10-06,Unguided-Boat,306.6,668.2166666666667,0.4588332127802858
Humptulips salmon 2024,2024-10-13,Guided-Bank,0,291.6,0
Humptulips salmon 2024,2024-10-13,Guided-Boat,124.63333333333334,291.6,0.4274119798811157
Humptulips salmon 2024,2024-10-13,Unguided-Bank,65.73333333333333,291.6,0.22542295381801553
Humptulips salmon 2024,2024-10-13,Unguided-Boat,101.23333333333333,291.6,0.34716506630086874
Humptulips salmon 2024,2024-10-20,Guided-Bank,0,1054.6999999999998,0
Humptulips salmon 2024,2024-10-20,Guided-Boat,267.95,1054.6999999999998,0.2540532852943965
Humptulips salmon 2024,2024-10-20,Unguided-Bank,415.26666666666665,1054.6999999999998,0.39372965456211884
Humptulips salmon 2024,2024-10-20,Unguided-Boat,371.4833333333333,1054.6999999999998,0.35221706014348475
Humptulips salmon 2024,2024-10-27,Guided-Bank,0,367.26666666666665,0
Humptulips salmon 2024,2024-10-27,Guided-Boat,85,367.26666666666665,0.23143946269740426
Humptulips salmon 2024,2024-10-27,Unguided-Bank,260.01666666666665,367.26666666666665,0.7079778544200399
Humptulips salmon 2024,2024-10-27,Unguided-Boat,22.25,367.26666666666665,0.06058268288255582
Humptulips salmon 2024,2024-11-03,Guided-Bank,0,647.8,0
Humptulips salmon 2024,2024-11-03,Guided-Boat,82.85,647.8,0.12789441185551095
Humptulips salmon 2024,2024-11-03,Unguided-Bank,287.96666666666664,647.8,0.4445302047957188
Humptulips salmon 2024,2024-11-03,Unguided-Boat,276.98333333333335,647.8,0.42757538334877027
Humptulips salmon 2024,2024-11-10,Guided-Bank,0,173.83333333333334,0
Humptulips salmon 2024,2024-11-10,Guided-Boat,0,173.83333333333334,0
Humptulips salmon 2024,2024-11-10,Unguided-Bank,167.3,173.83333333333334,0.9624161073825503
Humptulips salmon 2024,2024-11-10,Unguided-Boat,6.533333333333333,173.83333333333334,0.03758389261744966
Humptulips salmon 2024,2024-11-17,Guided-Bank,0,112.55000000000001,0
Humptulips salmon 2024,2024-11-17,Guided-Boat,0,112.55000000000001,0
Humptulips salmon 2024,2024-11-17,Unguided-Bank,112.55000000000001,112.55000000000001,1
Humptulips salmon 2024,2024-11-17,Unguided-Boat,0,112.55000000000001,0
Humptulips salmon 2024,2024-11-24,Guided-Bank,0,151.11666666666667,0
Humptulips salmon 2024,2024-11-24,Guided-Boat,19.35,151.11666666666667,0.1280467629866549
Humptulips salmon 2024,2024-11-24,Unguided-Bank,94.91666666666667,151.11666666666667,0.6281019080180875
Humptulips salmon 2024,2024-11-24,Unguided-Boat,36.849999999999994,151.11666666666667,0.24385132899525747
Humptulips salmon 2024,2024-12-01,Guided-Bank,2.716666666666667,218.15,0.012453204981281992
Humptulips salmon 2024,2024-12-01,Guided-Boat,0,218.15,0
Humptulips salmon 2024,2024-12-01,Unguided-Bank,124.15,218.15,0.5691038276415311
Humptulips salmon 2024,2024-12-01,Unguided-Boat,91.28333333333333,218.15,0.41844296737718695
Humptulips salmon 2024,2024-12-08,Guided-Bank,0,327.16666666666663,0
Humptulips salmon 2024,2024-12-08,Guided-Boat,72.56666666666666,327.16666666666663,0.2218033622007132
Humptulips salmon 2024,2024-12-08,Unguided-Bank,172.56666666666666,327.16666666666663,0.5274579724910852
Humptulips salmon 2024,2024-12-08,Unguided-Boat,82.03333333333333,327.16666666666663,0.25073866530820177
Humptulips salmon 2024,2024-12-15,Guided-Bank,0,138.86666666666667,0
Humptulips salmon 2024,2024-12-15,Guided-Boat,0,138.86666666666667,0
Humptulips salmon 2024,2024-12-15,Unguided-Bank,138.86666666666667,138.86666666666667,1
Humptulips salmon 2024,2024-12-15,Unguided-Boat,0,138.86666666666667,0
Humptulips salmon 2024,2024-12-22,Guided-Bank,0,33.78333333333333,0
Humptulips salmon 2024,2024-12-22,Guided-Boat,0,33.78333333333333,0
Humptulips salmon 2024,2024-12-22,Unguided-Bank,33.78333333333333,33.78333333333333,1
Humptulips salmon 2024,2024-12-22,Unguided-Boat,0,33.78333333333333,0
Humptulips salmon 2024,2024-12-29,Guided-Bank,0,11.55,0
Humptulips salmon 2024,2024-12-29,Guided-Boat,0,11.55,0
Humptulips salmon 2024,2024-12-29,Unguided-Bank,11.55,11.55,1
Humptulips salmon 2024,2024-12-29,Unguided-Boat,0,11.55,0
Humptulips salmon 2025,2025-08-31,Guided-Bank,9.333333333333334,208.29999999999998,0.044807169147063536
Humptulips salmon 2025,2025-08-31,Guided-Boat,21.65,208.29999999999998,0.10393662986077773
Humptulips salmon 2025,2025-08-31,Unguided-Bank,107.01666666666667,208.29999999999998,0.5137622019523124
Humptulips salmon 2025,2025-08-31,Unguided-Boat,70.3,208.29999999999998,0.3374939990398464
Humptulips salmon 2025,2025-09-07,Guided-Bank,0,299.48333333333335,0
Humptulips salmon 2025,2025-09-07,Guided-Boat,58,299.48333333333335,0.19366687072179864
Humptulips salmon 2025,2025-09-07,Unguided-Bank,34.35,299.48333333333335,0.11469753464299627
Humptulips salmon 2025,2025-09-07,Unguided-Boat,207.13333333333333,299.48333333333335,0.691635594635205
Humptulips salmon 2025,2025-09-14,Guided-Bank,0,466.48333333333335,0
Humptulips salmon 2025,2025-09-14,Guided-Boat,51,466.48333333333335,0.1093286648326128
Humptulips salmon 2025,2025-09-14,Unguided-Bank,171.23333333333335,466.48333333333335,0.3670727785915896
Humptulips salmon 2025,2025-09-14,Unguided-Boat,244.25,466.48333333333335,0.5235985565757976
Humptulips salmon 2025,2025-09-21,Guided-Bank,0,344.33333333333337,0
Humptulips salmon 2025,2025-09-21,Guided-Boat,46.6,344.33333333333337,0.13533397870280733
Humptulips salmon 2025,2025-09-21,Unguided-Bank,135.08333333333334,344.33333333333337,0.3923039690222652
Humptulips salmon 2025,2025-09-21,Unguided-Boat,162.65,344.33333333333337,0.47236205227492734
Humptulips salmon 2025,2025-09-28,Guided-Bank,0,1196.4833333333333,0
Humptulips salmon 2025,2025-09-28,Guided-Boat,39.05,1196.4833333333333,0.0326373121230272
Humptulips salmon 2025,2025-09-28,Unguided-Bank,693.7333333333333,1196.4833333333333,0.5798102773405397
Humptulips salmon 2025,2025-09-28,Unguided-Boat,463.7,1196.4833333333333,0.38755241053643313
Humptulips salmon 2025,2025-10-05,Guided-Bank,12,543.1166666666667,0.02209470034062663
Humptulips salmon 2025,2025-10-05,Guided-Boat,50.56666666666666,543.1166666666667,0.0931046122686961
Humptulips salmon 2025,2025-10-05,Unguided-Bank,264.76666666666665,543.1166666666667,0.4874950133488814
Humptulips salmon 2025,2025-10-05,Unguided-Boat,215.78333333333333,543.1166666666667,0.3973056740417958
Humptulips salmon 2025,2025-10-12,Guided-Bank,0,525.0333333333333,0
Humptulips salmon 2025,2025-10-12,Guided-Boat,89.8,525.0333333333333,0.1710367595708209
Humptulips salmon 2025,2025-10-12,Unguided-Bank,169.95,525.0333333333333,0.32369373373119165
Humptulips salmon 2025,2025-10-12,Unguided-Boat,265.2833333333333,525.0333333333333,0.5052695066979874
Humptulips salmon 2025,2025-10-19,Guided-Bank,0,505.05,0
Humptulips salmon 2025,2025-10-19,Guided-Boat,47.9,505.05,0.09484209484209484
Humptulips salmon 2025,2025-10-19,Unguided-Bank,201.56666666666666,505.05,0.3991023991023991
Humptulips salmon 2025,2025-10-19,Unguided-Boat,255.58333333333334,505.05,0.5060555060555061
Humptulips salmon 2025,2025-10-26,Guided-Bank,0,576.4333333333334,0
Humptulips salmon 2025,2025-10-26,Guided-Boat,22.65,576.4333333333334,0.039293355693054983
Humptulips salmon 2025,2025-10-26,Unguided-Bank,413.4166666666667,576.4333333333334,0.717197710056092
Humptulips salmon 2025,2025-10-26,Unguided-Boat,140.36666666666667,576.4333333333334,0.24350893425085293
Humptulips salmon 2025,2025-11-02,Guided-Bank,0,369.75,0
Humptulips salmon 2025,2025-11-02,Guided-Boat,58.63333333333333,369.75,0.15857561415370747
Humptulips salmon 2025,2025-11-02,Unguided-Bank,249.01666666666665,369.75,0.6734730673878746
Humptulips salmon 2025,2025-11-02,Unguided-Boat,62.1,369.75,0.16795131845841785
Humptulips salmon 2025,2025-11-09,Guided-Bank,0,534.8666666666667,0
Humptulips salmon 2025,2025-11-09,Guided-Boat,70.93333333333334,534.8666666666667,0.13261872117661724
Humptulips salmon 2025,2025-11-09,Unguided-Bank,203.33333333333334,534.8666666666667,0.3801570484856039
Humptulips salmon 2025,2025-11-09,Unguided-Boat,260.6,534.8666666666667,0.4872242303377789
Humptulips salmon 2025,2025-11-16,Guided-Bank,0,658.3166666666666,0
Humptulips salmon 2025,2025-11-16,Guided-Boat,140,658.3166666666666,0.21266361173700601
Humptulips salmon 2025,2025-11-16,Unguided-Bank,209.93333333333334,658.3166666666666,0.3188941492189676
Humptulips salmon 2025,2025-11-16,Unguided-Boat,308.3833333333333,658.3166666666666,0.4684422390440265
Humptulips salmon 2025,2025-11-23,Guided-Bank,0,240.33333333333331,0
Humptulips salmon 2025,2025-11-23,Guided-Boat,0,240.33333333333331,0
Humptulips salmon 2025,2025-11-23,Unguided-Bank,195.45,240.33333333333331,0.813245492371706
Humptulips salmon 2025,2025-11-23,Unguided-Boat,44.88333333333333,240.33333333333331,0.18675450762829404
Humptulips salmon 2025,2025-11-30,Guided-Bank,0,90.58333333333334,0
Humptulips salmon 2025,2025-11-30,Guided-Boat,13,90.58333333333334,0.1435142594296228
Humptulips salmon 2025,2025-11-30,Unguided-Bank,48.95,90.58333333333334,0.5403863845446182
Humptulips salmon 2025,2025-11-30,Unguided-Boat,28.633333333333333,90.58333333333334,0.31609935602575895
Humptulips salmon 2025,2025-12-07,Guided-Bank,0,192.23333333333335,0
Humptulips salmon 2025,2025-12-07,Guided-Boat,0,192.23333333333335,0
Humptulips salmon 2025,2025-12-07,Unguided-Bank,192.23333333333335,192.23333333333335,1
Humptulips salmon 2025,2025-12-07,Unguided-Boat,0,192.23333333333335,0
Humptulips salmon 2025,2025-12-14,Guided-Bank,0,195.01666666666665,0
Humptulips salmon 2025,2025-12-14,Guided-Boat,0,195.01666666666665,0
Humptulips salmon 2025,2025-12-14,Unguided-Bank,195.01666666666665,195.01666666666665,1
Humptulips salmon 2025,2025-12-14,Unguided-Boat,0,195.01666666666665,0
Humptulips salmon 2025,2025-12-21,Guided-Bank,0,320.7166666666667,0
Humptulips salmon 2025,2025-12-21,Guided-Boat,0,320.7166666666667,0
Humptulips salmon 2025,2025-12-21,Unguided-Bank,308.7166666666667,320.7166666666667,0.9625837967052955
Humptulips salmon 2025,2025-12-21,Unguided-Boat,12,320.7166666666667,0.03741620329470456
Humptulips salmon 2025,2025-12-28,Guided-Bank,0,93,0
Humptulips salmon 2025,2025-12-28,Guided-Boat,0,93,0
Humptulips salmon 2025,2025-12-28,Unguided-Bank,81.33333333333333,93,0.8745519713261648
Humptulips salmon 2025,2025-12-28,Unguided-Boat,11.666666666666666,93,0.12544802867383512
Humptulips winter steelhead 2024-25,2024-10-27,Guided-Bank,0,75.26666666666667,0
Humptulips winter steelhead 2024-25,2024-10-27,Guided-Boat,0,75.26666666666667,0
Humptulips winter steelhead 2024-25,2024-10-27,Unguided-Bank,75.26666666666667,75.26666666666667,1
Humptulips winter steelhead 2024-25,2024-10-27,Unguided-Boat,0,75.26666666666667,0
Humptulips winter steelhead 2024-25,2024-11-03,Guided-Bank,0,645.8666666666667,0
Humptulips winter steelhead 2024-25,2024-11-03,Guided-Boat,82.85,645.8666666666667,0.12827725020644096
Humptulips winter steelhead 2024-25,2024-11-03,Unguided-Bank,286.03333333333336,645.8666666666667,0.4428674649050372
Humptulips winter steelhead 2024-25,2024-11-03,Unguided-Boat,276.98333333333335,645.8666666666667,0.4288552848885219
Humptulips winter steelhead 2024-25,2024-11-10,Guided-Bank,0,173.83333333333334,0
Humptulips winter steelhead 2024-25,2024-11-10,Guided-Boat,0,173.83333333333334,0
Humptulips winter steelhead 2024-25,2024-11-10,Unguided-Bank,167.3,173.83333333333334,0.9624161073825503
Humptulips winter steelhead 2024-25,2024-11-10,Unguided-Boat,6.533333333333333,173.83333333333334,0.03758389261744966
Humptulips winter steelhead 2024-25,2024-11-17,Guided-Bank,0,112.55000000000001,0
Humptulips winter steelhead 2024-25,2024-11-17,Guided-Boat,0,112.55000000000001,0
Humptulips winter steelhead 2024-25,2024-11-17,Unguided-Bank,112.55000000000001,112.55000000000001,1
Humptulips winter steelhead 2024-25,2024-11-17,Unguided-Boat,0,112.55000000000001,0
Humptulips winter steelhead 2024-25,2024-11-24,Guided-Bank,0,151.11666666666667,0
Humptulips winter steelhead 2024-25,2024-11-24,Guided-Boat,19.35,151.11666666666667,0.1280467629866549
Humptulips winter steelhead 2024-25,2024-11-24,Unguided-Bank,94.91666666666667,151.11666666666667,0.6281019080180875
Humptulips winter steelhead 2024-25,2024-11-24,Unguided-Boat,36.849999999999994,151.11666666666667,0.24385132899525747
Humptulips winter steelhead 2024-25,2024-12-01,Guided-Bank,2.716666666666667,218.15,0.012453204981281992
Humptulips winter steelhead 2024-25,2024-12-01,Guided-Boat,0,218.15,0
Humptulips winter steelhead 2024-25,2024-12-01,Unguided-Bank,124.15,218.15,0.5691038276415311
Humptulips winter steelhead 2024-25,2024-12-01,Unguided-Boat,91.28333333333333,218.15,0.41844296737718695
Humptulips winter steelhead 2024-25,2024-12-08,Guided-Bank,0,327.16666666666663,0
Humptulips winter steelhead 2024-25,2024-12-08,Guided-Boat,72.56666666666666,327.16666666666663,0.2218033622007132
Humptulips winter steelhead 2024-25,2024-12-08,Unguided-Bank,172.56666666666666,327.16666666666663,0.5274579724910852
Humptulips winter steelhead 2024-25,2024-12-08,Unguided-Boat,82.03333333333333,327.16666666666663,0.25073866530820177
Humptulips winter steelhead 2024-25,2024-12-15,Guided-Bank,0,138.86666666666667,0
Humptulips winter steelhead 2024-25,2024-12-15,Guided-Boat,0,138.86666666666667,0
Humptulips winter steelhead 2024-25,2024-12-15,Unguided-Bank,138.86666666666667,138.86666666666667,1
Humptulips winter steelhead 2024-25,2024-12-15,Unguided-Boat,0,138.86666666666667,0
Humptulips winter steelhead 2024-25,2024-12-22,Guided-Bank,0,33.78333333333333,0
Humptulips winter steelhead 2024-25,2024-12-22,Guided-Boat,0,33.78333333333333,0
Humptulips winter steelhead 2024-25,2024-12-22,Unguided-Bank,33.78333333333333,33.78333333333333,1
Humptulips winter steelhead 2024-25,2024-12-22,Unguided-Boat,0,33.78333333333333,0
Humptulips winter steelhead 2024-25,2024-12-29,Guided-Bank,0,87.51666666666667,0
Humptulips winter steelhead 2024-25,2024-12-29,Guided-Boat,0,87.51666666666667,0
Humptulips winter steelhead 2024-25,2024-12-29,Unguided-Bank,63.61666666666667,87.51666666666667,0.7269091601599695
Humptulips winter steelhead 2024-25,2024-12-29,Unguided-Boat,23.9,87.51666666666667,0.27309083984003046
Humptulips winter steelhead 2024-25,2025-01-05,Guided-Bank,0,164.75,0
Humptulips winter steelhead 2024-25,2025-01-05,Guided-Boat,0,164.75,0
Humptulips winter steelhead 2024-25,2025-01-05,Unguided-Bank,129.26666666666668,164.75,0.7846231664137583
Humptulips winter steelhead 2024-25,2025-01-05,Unguided-Boat,35.483333333333334,164.75,0.2153768335862418
Humptulips winter steelhead 2024-25,2025-01-12,Guided-Bank,0,140.26666666666665,0
Humptulips winter steelhead 2024-25,2025-01-12,Guided-Boat,0,140.26666666666665,0
Humptulips winter steelhead 2024-25,2025-01-12,Unguided-Bank,121.1,140.26666666666665,0.8633555133079849
Humptulips winter steelhead 2024-25,2025-01-12,Unguided-Boat,19.166666666666668,140.26666666666665,0.13664448669201523
Humptulips winter steelhead 2024-25,2025-01-19,Guided-Bank,0,124.13333333333333,0
Humptulips winter steelhead 2024-25,2025-01-19,Guided-Boat,19.3,124.13333333333333,0.15547798066595062
Humptulips winter steelhead 2024-25,2025-01-19,Unguided-Bank,54.55,124.13333333333333,0.4394468313641246
Humptulips winter steelhead 2024-25,2025-01-19,Unguided-Boat,50.28333333333333,124.13333333333333,0.4050751879699248
Humptulips winter steelhead 2024-25,2025-01-26,Guided-Bank,0,90.7,0
Humptulips winter steelhead 2024-25,2025-01-26,Guided-Boat,38.75,90.7,0.42723263506063947
Humptulips winter steelhead 2024-25,2025-01-26,Unguided-Bank,25.616666666666667,90.7,0.2824329290701948
Humptulips winter steelhead 2024-25,2025-01-26,Unguided-Boat,26.333333333333336,90.7,0.29033443586916574
Humptulips winter steelhead 2025-26,2025-10-26,Guided-Bank,0,110.8,0
Humptulips winter steelhead 2025-26,2025-10-26,Guided-Boat,0,110.8,0
Humptulips winter steelhead 2025-26,2025-10-26,Unguided-Bank,110.8,110.8,1
Humptulips winter steelhead 2025-26,2025-10-26,Unguided-Boat,0,110.8,0
Humptulips winter steelhead 2025-26,2025-11-02,Guided-Bank,0,369.75,0
Humptulips winter steelhead 2025-26,2025-11-02,Guided-Boat,58.63333333333333,369.75,0.15857561415370747
Humptulips winter steelhead 2025-26,2025-11-02,Unguided-Bank,249.01666666666665,369.75,0.6734730673878746
Humptulips winter steelhead 2025-26,2025-11-02,Unguided-Boat,62.1,369.75,0.16795131845841785
Humptulips winter steelhead 2025-26,2025-11-09,Guided-Bank,0,534.8666666666667,0
Humptulips winter steelhead 2025-26,2025-11-09,Guided-Boat,70.93333333333334,534.8666666666667,0.13261872117661724
Humptulips winter steelhead 2025-26,2025-11-09,Unguided-Bank,203.33333333333334,534.8666666666667,0.3801570484856039
Humptulips winter steelhead 2025-26,2025-11-09,Unguided-Boat,260.6,534.8666666666667,0.4872242303377789
Humptulips winter steelhead 2025-26,2025-11-16,Guided-Bank,0,658.3166666666666,0
Humptulips winter steelhead 2025-26,2025-11-16,Guided-Boat,140,658.3166666666666,0.21266361173700601
Humptulips winter steelhead 2025-26,2025-11-16,Unguided-Bank,209.93333333333334,658.3166666666666,0.3188941492189676
Humptulips winter steelhead 2025-26,2025-11-16,Unguided-Boat,308.3833333333333,658.3166666666666,0.4684422390440265
Humptulips winter steelhead 2025-26,2025-11-23,Guided-Bank,0,240.33333333333331,0
Humptulips winter steelhead 2025-26,2025-11-23,Guided-Boat,0,240.33333333333331,0
Humptulips winter steelhead 2025-26,2025-11-23,Unguided-Bank,195.45,240.33333333333331,0.813245492371706
Humptulips winter steelhead 2025-26,2025-11-23,Unguided-Boat,44.88333333333333,240.33333333333331,0.18675450762829404
Humptulips winter steelhead 2025-26,2025-11-30,Guided-Bank,0,90.58333333333334,0
Humptulips winter steelhead 2025-26,2025-11-30,Guided-Boat,13,90.58333333333334,0.1435142594296228
Humptulips winter steelhead 2025-26,2025-11-30,Unguided-Bank,48.95,90.58333333333334,0.5403863845446182
Humptulips winter steelhead 2025-26,2025-11-30,Unguided-Boat,28.633333333333333,90.58333333333334,0.31609935602575895
Humptulips winter steelhead 2025-26,2025-12-07,Guided-Bank,0,192.23333333333335,0
Humptulips winter steelhead 2025-26,2025-12-07,Guided-Boat,0,192.23333333333335,0
Humptulips winter steelhead 2025-26,2025-12-07,Unguided-Bank,192.23333333333335,192.23333333333335,1
Humptulips winter steelhead 2025-26,2025-12-07,Unguided-Boat,0,192.23333333333335,0
Humptulips winter steelhead 2025-26,2025-12-14,Guided-Bank,0,195.01666666666665,0
Humptulips winter steelhead 2025-26,2025-12-14,Guided-Boat,0,195.01666666666665,0
Humptulips winter steelhead 2025-26,2025-12-14,Unguided-Bank,195.01666666666665,195.01666666666665,1
Humptulips winter steelhead 2025-26,2025-12-14,Unguided-Boat,0,195.01666666666665,0
Humptulips winter steelhead 2025-26,2025-12-21,Guided-Bank,0,320.7166666666667,0
Humptulips winter steelhead 2025-26,2025-12-21,Guided-Boat,0,320.7166666666667,0
Humptulips winter steelhead 2025-26,2025-12-21,Unguided-Bank,308.7166666666667,320.7166666666667,0.9625837967052955
Humptulips winter steelhead 2025-26,2025-12-21,Unguided-Boat,12,320.7166666666667,0.03741620329470456
Humptulips winter steelhead 2025-26,2025-12-28,Guided-Bank,0,302.7166666666667,0
Humptulips winter steelhead 2025-26,2025-12-28,Guided-Boat,0,302.7166666666667,0
Humptulips winter steelhead 2025-26,2025-12-28,Unguided-Bank,199.15,302.7166666666667,0.6578759015581126
Humptulips winter steelhead 2025-26,2025-12-28,Unguided-Boat,103.56666666666666,302.7166666666667,0.3421240984418873
Humptulips winter steelhead 2025-26,2026-01-04,Guided-Bank,0,193.33333333333334,0
Humptulips winter steelhead 2025-26,2026-01-04,Guided-Boat,0,193.33333333333334,0
Humptulips winter steelhead 2025-26,2026-01-04,Unguided-Bank,193.33333333333334,193.33333333333334,1
Humptulips winter steelhead 2025-26,2026-01-04,Unguided-Boat,0,193.33333333333334,0
Humptulips winter steelhead 2025-26,2026-01-11,Guided-Bank,0,309.15,0
Humptulips winter steelhead 2025-26,2026-01-11,Guided-Boat,14.2,309.15,0.045932395277373445
Humptulips winter steelhead 2025-26,2026-01-11,Unguided-Bank,175.9,309.15,0.5689794598091542
Humptulips winter steelhead 2025-26,2026-01-11,Unguided-Boat,119.05,309.15,0.38508814491347243
Humptulips winter steelhead 2025-26,2026-01-18,Guided-Bank,0.6333333333333333,122.33333333333334,0.005177111716621253
Humptulips winter steelhead 2025-26,2026-01-18,Guided-Boat,0,122.33333333333334,0
Humptulips winter steelhead 2025-26,2026-01-18,Unguided-Bank,85.26666666666667,122.33333333333334,0.6970027247956403
Humptulips winter steelhead 2025-26,2026-01-18,Unguided-Boat,36.43333333333334,122.33333333333334,0.29782016348773843
Humptulips winter steelhead 2025-26,2026-01-25,Guided-Bank,0,22.416666666666668,0
Humptulips winter steelhead 2025-26,2026-01-25,Guided-Boat,0,22.416666666666668,0
Humptulips winter steelhead 2025-26,2026-01-25,Unguided-Bank,22.416666666666668,22.416666666666668,1
Humptulips winter steelhead 2025-26,2026-01-25,Unguided-Boat,0,22.416666666666668,0
Humptulips winter steelhead 2025-26,2026-02-01,Guided-Bank,0,4.316666666666666,0
Humptulips winter steelhead 2025-26,2026-02-01,Guided-Boat,0,4.316666666666666,0
Humptulips winter steelhead 2025-26,2026-02-01,Unguided-Bank,4.316666666666666,4.316666666666666,1
Humptulips winter steelhead 2025-26,2026-02-01,Unguided-Boat,0,4.316666666666666,0
Lower Chehalis salmon 2023,2023-09-10,Guided-Bank,0,271.51666666666665,0
Lower Chehalis salmon 2023,2023-09-10,Guided-Boat,0,271.51666666666665,0
Lower Chehalis salmon 2023,2023-09-10,Unguided-Bank,0,271.51666666666665,0
Lower Chehalis salmon 2023,2023-09-10,Unguided-Boat,271.51666666666665,271.51666666666665,1
Lower Chehalis salmon 2023,2023-09-17,Guided-Bank,0,1034.3333333333333,0
Lower Chehalis salmon 2023,2023-09-17,Guided-Boat,91.7,1034.3333333333333,0.08865613922010958
Lower Chehalis salmon 2023,2023-09-17,Unguided-Bank,55.733333333333334,1034.3333333333333,0.05388333870447954
Lower Chehalis salmon 2023,2023-09-17,Unguided-Boat,886.9,1034.3333333333333,0.8574605220754109
Lower Chehalis salmon 2023,2023-09-24,Guided-Bank,0,1364.4166666666665,0
Lower Chehalis salmon 2023,2023-09-24,Guided-Boat,22.200000000000003,1364.4166666666665,0.01627068954986869
Lower Chehalis salmon 2023,2023-09-24,Unguided-Bank,183.13333333333333,1364.4166666666665,0.13422097355402188
Lower Chehalis salmon 2023,2023-09-24,Unguided-Boat,1159.0833333333333,1364.4166666666665,0.8495083368961095
Lower Chehalis salmon 2023,2023-10-01,Guided-Bank,0,931.7666666666667,0
Lower Chehalis salmon 2023,2023-10-01,Guided-Boat,0,931.7666666666667,0
Lower Chehalis salmon 2023,2023-10-01,Unguided-Bank,16.633333333333333,931.7666666666667,0.017851393410367403
Lower Chehalis salmon 2023,2023-10-01,Unguided-Boat,915.1333333333333,931.7666666666667,0.9821486065896327
Lower Chehalis salmon 2023,2023-10-08,Guided-Bank,0,825.6,0
Lower Chehalis salmon 2023,2023-10-08,Guided-Boat,76.01666666666667,825.6,0.09207445090439276
Lower Chehalis salmon 2023,2023-10-08,Unguided-Bank,74.83333333333333,825.6,0.09064114987080102
Lower Chehalis salmon 2023,2023-10-08,Unguided-Boat,674.75,825.6,0.8172843992248062
Lower Chehalis salmon 2023,2023-10-15,Guided-Bank,0,528.65,0
Lower Chehalis salmon 2023,2023-10-15,Guided-Boat,32,528.65,0.060531542608531164
Lower Chehalis salmon 2023,2023-10-15,Unguided-Bank,49.45,528.65,0.09354014943724583
Lower Chehalis salmon 2023,2023-10-15,Unguided-Boat,447.2,528.65,0.845928307954223
Lower Chehalis salmon 2023,2023-10-22,Guided-Bank,0,277.0333333333333,0
Lower Chehalis salmon 2023,2023-10-22,Guided-Boat,0,277.0333333333333,0
Lower Chehalis salmon 2023,2023-10-22,Unguided-Bank,87.61666666666666,277.0333333333333,0.3162675971603899
Lower Chehalis salmon 2023,2023-10-22,Unguided-Boat,189.41666666666666,277.0333333333333,0.6837324028396102
Lower Chehalis salmon 2023,2023-10-29,Guided-Bank,0,258.71666666666664,0
Lower Chehalis salmon 2023,2023-10-29,Guided-Boat,21.133333333333333,258.71666666666664,0.08168524125491207
Lower Chehalis salmon 2023,2023-10-29,Unguided-Bank,109.6,258.71666666666664,0.4236294530696386
Lower Chehalis salmon 2023,2023-10-29,Unguided-Boat,127.98333333333333,258.71666666666664,0.4946853056754494
Lower Chehalis salmon 2023,2023-11-05,Guided-Bank,0,61.483333333333334,0
Lower Chehalis salmon 2023,2023-11-05,Guided-Boat,0,61.483333333333334,0
Lower Chehalis salmon 2023,2023-11-05,Unguided-Bank,17.516666666666666,61.483333333333334,0.28490105719707237
Lower Chehalis salmon 2023,2023-11-05,Unguided-Boat,43.96666666666667,61.483333333333334,0.7150989428029276
Lower Chehalis salmon 2023,2023-11-12,Guided-Bank,0,31.683333333333334,0
Lower Chehalis salmon 2023,2023-11-12,Guided-Boat,0,31.683333333333334,0
Lower Chehalis salmon 2023,2023-11-12,Unguided-Bank,23.183333333333334,31.683333333333334,0.7317201472908995
Lower Chehalis salmon 2023,2023-11-12,Unguided-Boat,8.5,31.683333333333334,0.2682798527091005
Lower Chehalis salmon 2023,2023-11-19,Guided-Bank,0,203.88333333333333,0
Lower Chehalis salmon 2023,2023-11-19,Guided-Boat,0,203.88333333333333,0
Lower Chehalis salmon 2023,2023-11-19,Unguided-Bank,17.2,203.88333333333333,0.08436197171585057
Lower Chehalis salmon 2023,2023-11-19,Unguided-Boat,186.68333333333334,203.88333333333333,0.9156380282841495
Lower Chehalis salmon 2023,2023-11-26,Guided-Bank,0,98.48333333333333,0
Lower Chehalis salmon 2023,2023-11-26,Guided-Boat,0,98.48333333333333,0
Lower Chehalis salmon 2023,2023-11-26,Unguided-Bank,74.18333333333334,98.48333333333333,0.7532577424268065
Lower Chehalis salmon 2023,2023-11-26,Unguided-Boat,24.3,98.48333333333333,0.24674225757319343
Lower Cowlitz salmon and steelhead 2022-23,2022-07-31,Guided-Bank,0,390.1,0
Lower Cowlitz salmon and steelhead 2022-23,2022-07-31,Guided-Boat,293.08333333333337,390.1,0.7513030846791422
Lower Cowlitz salmon and steelhead 2022-23,2022-07-31,Unguided-Bank,0,390.1,0
Lower Cowlitz salmon and steelhead 2022-23,2022-07-31,Unguided-Boat,97.01666666666667,390.1,0.2486969153208579
Lower Cowlitz salmon and steelhead 2022-23,2022-08-07,Guided-Bank,0,244.6,0
Lower Cowlitz salmon and steelhead 2022-23,2022-08-07,Guided-Boat,210.38333333333333,244.6,0.8601117470700463
Lower Cowlitz salmon and steelhead 2022-23,2022-08-07,Unguided-Bank,0,244.6,0
Lower Cowlitz salmon and steelhead 2022-23,2022-08-07,Unguided-Boat,34.21666666666667,244.6,0.1398882529299537
Lower Cowlitz salmon and steelhead 2022-23,2022-08-14,Guided-Bank,0,92.96666666666667,0
Lower Cowlitz salmon and steelhead 2022-23,2022-08-14,Guided-Boat,0,92.96666666666667,0
Lower Cowlitz salmon and steelhead 2022-23,2022-08-14,Unguided-Bank,0,92.96666666666667,0
Lower Cowlitz salmon and steelhead 2022-23,2022-08-14,Unguided-Boat,92.96666666666667,92.96666666666667,1
Lower Cowlitz salmon and steelhead 2022-23,2022-08-21,Guided-Bank,0,94.03333333333333,0
Lower Cowlitz salmon and steelhead 2022-23,2022-08-21,Guided-Boat,94.03333333333333,94.03333333333333,1
Lower Cowlitz salmon and steelhead 2022-23,2022-08-21,Unguided-Bank,0,94.03333333333333,0
Lower Cowlitz salmon and steelhead 2022-23,2022-08-21,Unguided-Boat,0,94.03333333333333,0
Lower Cowlitz salmon and steelhead 2022-23,2022-08-28,Guided-Bank,0,5.75,0
Lower Cowlitz salmon and steelhead 2022-23,2022-08-28,Guided-Boat,0,5.75,0
Lower Cowlitz salmon and steelhead 2022-23,2022-08-28,Unguided-Bank,0,5.75,0
Lower Cowlitz salmon and steelhead 2022-23,2022-08-28,Unguided-Boat,5.75,5.75,1
Lower Cowlitz salmon and steelhead 2022-23,2022-09-04,Guided-Bank,0,704.6833333333333,0
Lower Cowlitz salmon and steelhead 2022-23,2022-09-04,Guided-Boat,135.04999999999998,704.6833333333333,0.191646365979991
Lower Cowlitz salmon and steelhead 2022-23,2022-09-04,Unguided-Bank,0,704.6833333333333,0
Lower Cowlitz salmon and steelhead 2022-23,2022-09-04,Unguided-Boat,569.6333333333333,704.6833333333333,0.808353634020009
Lower Cowlitz salmon and steelhead 2022-23,2022-09-11,Guided-Bank,0,22.166666666666668,0
Lower Cowlitz salmon and steelhead 2022-23,2022-09-11,Guided-Boat,0,22.166666666666668,0
Lower Cowlitz salmon and steelhead 2022-23,2022-09-11,Unguided-Bank,0,22.166666666666668,0
Lower Cowlitz salmon and steelhead 2022-23,2022-09-11,Unguided-Boat,22.166666666666668,22.166666666666668,1
Lower Cowlitz salmon and steelhead 2022-23,2022-09-25,Guided-Bank,0,43.86666666666667,0
Lower Cowlitz salmon and steelhead 2022-23,2022-09-25,Guided-Boat,0,43.86666666666667,0
Lower Cowlitz salmon and steelhead 2022-23,2022-09-25,Unguided-Bank,0,43.86666666666667,0
Lower Cowlitz salmon and steelhead 2022-23,2022-09-25,Unguided-Boat,43.86666666666667,43.86666666666667,1
Lower Cowlitz salmon and steelhead 2022-23,2022-10-02,Guided-Bank,0,7.55,0
Lower Cowlitz salmon and steelhead 2022-23,2022-10-02,Guided-Boat,0,7.55,0
Lower Cowlitz salmon and steelhead 2022-23,2022-10-02,Unguided-Bank,0,7.55,0
Lower Cowlitz salmon and steelhead 2022-23,2022-10-02,Unguided-Boat,7.55,7.55,1
Lower Cowlitz salmon and steelhead 2022-23,2022-10-09,Guided-Bank,0,77.76666666666667,0
Lower Cowlitz salmon and steelhead 2022-23,2022-10-09,Guided-Boat,0,77.76666666666667,0
Lower Cowlitz salmon and steelhead 2022-23,2022-10-09,Unguided-Bank,0,77.76666666666667,0
Lower Cowlitz salmon and steelhead 2022-23,2022-10-09,Unguided-Boat,77.76666666666667,77.76666666666667,1
Lower Cowlitz salmon and steelhead 2022-23,2022-10-16,Guided-Bank,0,88.15,0
Lower Cowlitz salmon and steelhead 2022-23,2022-10-16,Guided-Boat,24,88.15,0.27226318774815655
Lower Cowlitz salmon and steelhead 2022-23,2022-10-16,Unguided-Bank,4.9,88.15,0.055587067498581964
Lower Cowlitz salmon and steelhead 2022-23,2022-10-16,Unguided-Boat,59.25,88.15,0.6721497447532614
Lower Cowlitz salmon and steelhead 2022-23,2022-10-23,Guided-Bank,0,29.366666666666667,0
Lower Cowlitz salmon and steelhead 2022-23,2022-10-23,Guided-Boat,0,29.366666666666667,0
Lower Cowlitz salmon and steelhead 2022-23,2022-10-23,Unguided-Bank,0,29.366666666666667,0
Lower Cowlitz salmon and steelhead 2022-23,2022-10-23,Unguided-Boat,29.366666666666667,29.366666666666667,1
Lower Cowlitz salmon and steelhead 2022-23,2022-10-30,Guided-Bank,0,12.333333333333334,0
Lower Cowlitz salmon and steelhead 2022-23,2022-10-30,Guided-Boat,0,12.333333333333334,0
Lower Cowlitz salmon and steelhead 2022-23,2022-10-30,Unguided-Bank,0,12.333333333333334,0
Lower Cowlitz salmon and steelhead 2022-23,2022-10-30,Unguided-Boat,12.333333333333334,12.333333333333334,1
Lower Cowlitz salmon and steelhead 2022-23,2022-11-06,Guided-Bank,0,55.733333333333334,0
Lower Cowlitz salmon and steelhead 2022-23,2022-11-06,Guided-Boat,21.8,55.733333333333334,0.3911483253588517
Lower Cowlitz salmon and steelhead 2022-23,2022-11-06,Unguided-Bank,0,55.733333333333334,0
Lower Cowlitz salmon and steelhead 2022-23,2022-11-06,Unguided-Boat,33.93333333333333,55.733333333333334,0.6088516746411483
Lower Cowlitz salmon and steelhead 2022-23,2022-11-20,Guided-Bank,0,26.216666666666665,0
Lower Cowlitz salmon and steelhead 2022-23,2022-11-20,Guided-Boat,0,26.216666666666665,0
Lower Cowlitz salmon and steelhead 2022-23,2022-11-20,Unguided-Bank,0,26.216666666666665,0
Lower Cowlitz salmon and steelhead 2022-23,2022-11-20,Unguided-Boat,26.216666666666665,26.216666666666665,1
Lower Cowlitz salmon and steelhead 2022-23,2023-01-29,Guided-Bank,0,17.3,0
Lower Cowlitz salmon and steelhead 2022-23,2023-01-29,Guided-Boat,0,17.3,0
Lower Cowlitz salmon and steelhead 2022-23,2023-01-29,Unguided-Bank,0,17.3,0
Lower Cowlitz salmon and steelhead 2022-23,2023-01-29,Unguided-Boat,17.3,17.3,1
Lower Cowlitz salmon and steelhead 2022-23,2023-02-05,Guided-Bank,0,161.38333333333333,0
Lower Cowlitz salmon and steelhead 2022-23,2023-02-05,Guided-Boat,102,161.38333333333333,0.632035526179903
Lower Cowlitz salmon and steelhead 2022-23,2023-02-05,Unguided-Bank,6,161.38333333333333,0.037178560363523704
Lower Cowlitz salmon and steelhead 2022-23,2023-02-05,Unguided-Boat,53.38333333333333,161.38333333333333,0.3307859134565734
Lower Cowlitz salmon and steelhead 2022-23,2023-02-12,Guided-Bank,0,20.25,0
Lower Cowlitz salmon and steelhead 2022-23,2023-02-12,Guided-Boat,20.25,20.25,1
Lower Cowlitz salmon and steelhead 2022-23,2023-02-12,Unguided-Bank,0,20.25,0
Lower Cowlitz salmon and steelhead 2022-23,2023-02-12,Unguided-Boat,0,20.25,0
Lower Cowlitz salmon and steelhead 2022-23,2023-02-19,Guided-Bank,0,11.6,0
Lower Cowlitz salmon and steelhead 2022-23,2023-02-19,Guided-Boat,0,11.6,0
Lower Cowlitz salmon and steelhead 2022-23,2023-02-19,Unguided-Bank,0,11.6,0
Lower Cowlitz salmon and steelhead 2022-23,2023-02-19,Unguided-Boat,11.6,11.6,1
Lower Cowlitz salmon and steelhead 2022-23,2023-02-26,Guided-Bank,0,135.63333333333333,0
Lower Cowlitz salmon and steelhead 2022-23,2023-02-26,Guided-Boat,135.63333333333333,135.63333333333333,1
Lower Cowlitz salmon and steelhead 2022-23,2023-02-26,Unguided-Bank,0,135.63333333333333,0
Lower Cowlitz salmon and steelhead 2022-23,2023-02-26,Unguided-Boat,0,135.63333333333333,0
Lower Cowlitz salmon and steelhead 2022-23,2023-03-05,Guided-Bank,0,222.45,0
Lower Cowlitz salmon and steelhead 2022-23,2023-03-05,Guided-Boat,187.63333333333333,222.45,0.8434854274368772
Lower Cowlitz salmon and steelhead 2022-23,2023-03-05,Unguided-Bank,10.516666666666667,222.45,0.047276541544916464
Lower Cowlitz salmon and steelhead 2022-23,2023-03-05,Unguided-Boat,24.3,222.45,0.10923803101820635
Lower Cowlitz salmon and steelhead 2022-23,2023-03-12,Guided-Bank,0,370.84999999999997,0
Lower Cowlitz salmon and steelhead 2022-23,2023-03-12,Guided-Boat,246.33333333333331,370.84999999999997,0.6642398094467664
Lower Cowlitz salmon and steelhead 2022-23,2023-03-12,Unguided-Bank,0,370.84999999999997,0
Lower Cowlitz salmon and steelhead 2022-23,2023-03-12,Unguided-Boat,124.51666666666667,370.84999999999997,0.3357601905532336
Lower Cowlitz salmon and steelhead 2022-23,2023-03-19,Guided-Bank,0,14.9,0
Lower Cowlitz salmon and steelhead 2022-23,2023-03-19,Guided-Boat,0,14.9,0
Lower Cowlitz salmon and steelhead 2022-23,2023-03-19,Unguided-Bank,0,14.9,0
Lower Cowlitz salmon and steelhead 2022-23,2023-03-19,Unguided-Boat,14.9,14.9,1
Lower Cowlitz salmon and steelhead 2022-23,2023-03-26,Guided-Bank,0,165.38333333333333,0
Lower Cowlitz salmon and steelhead 2022-23,2023-03-26,Guided-Boat,165.38333333333333,165.38333333333333,1
Lower Cowlitz salmon and steelhead 2022-23,2023-03-26,Unguided-Bank,0,165.38333333333333,0
Lower Cowlitz salmon and steelhead 2022-23,2023-03-26,Unguided-Boat,0,165.38333333333333,0
Lower Cowlitz salmon and steelhead 2022-23,2023-04-02,Guided-Bank,0,133.75,0
Lower Cowlitz salmon and steelhead 2022-23,2023-04-02,Guided-Boat,102.75,133.75,0.7682242990654206
Lower Cowlitz salmon and steelhead 2022-23,2023-04-02,Unguided-Bank,18,133.75,0.13457943925233645
Lower Cowlitz salmon and steelhead 2022-23,2023-04-02,Unguided-Boat,13,133.75,0.09719626168224299
Lower Cowlitz salmon and steelhead 2022-23,2023-04-09,Guided-Bank,0,89.06666666666666,0
Lower Cowlitz salmon and steelhead 2022-23,2023-04-09,Guided-Boat,71.48333333333333,89.06666666666666,0.8025823353293413
Lower Cowlitz salmon and steelhead 2022-23,2023-04-09,Unguided-Bank,0,89.06666666666666,0
Lower Cowlitz salmon and steelhead 2022-23,2023-04-09,Unguided-Boat,17.583333333333336,89.06666666666666,0.19741766467065872
Lower Cowlitz salmon and steelhead 2022-23,2023-04-23,Guided-Bank,0,17.15,0
Lower Cowlitz salmon and steelhead 2022-23,2023-04-23,Guided-Boat,0,17.15,0
Lower Cowlitz salmon and steelhead 2022-23,2023-04-23,Unguided-Bank,4.5,17.15,0.2623906705539359
Lower Cowlitz salmon and steelhead 2022-23,2023-04-23,Unguided-Boat,12.649999999999999,17.15,0.7376093294460642
Lower Cowlitz salmon and steelhead 2022-23,2023-04-30,Guided-Bank,0,22.799999999999997,0
Lower Cowlitz salmon and steelhead 2022-23,2023-04-30,Guided-Boat,8.533333333333333,22.799999999999997,0.37426900584795325
Lower Cowlitz salmon and steelhead 2022-23,2023-04-30,Unguided-Bank,0,22.799999999999997,0
Lower Cowlitz salmon and steelhead 2022-23,2023-04-30,Unguided-Boat,14.266666666666666,22.799999999999997,0.6257309941520468
Lower Cowlitz salmon and steelhead 2022-23,2023-05-07,Guided-Bank,0,27.6,0
Lower Cowlitz salmon and steelhead 2022-23,2023-05-07,Guided-Boat,27.6,27.6,1
Lower Cowlitz salmon and steelhead 2022-23,2023-05-07,Unguided-Bank,0,27.6,0
Lower Cowlitz salmon and steelhead 2022-23,2023-05-07,Unguided-Boat,0,27.6,0
Lower Cowlitz salmon and steelhead 2022-23,2023-05-14,Guided-Bank,0,47.36666666666667,0
Lower Cowlitz salmon and steelhead 2022-23,2023-05-14,Guided-Boat,0,47.36666666666667,0
Lower Cowlitz salmon and steelhead 2022-23,2023-05-14,Unguided-Bank,0,47.36666666666667,0
Lower Cowlitz salmon and steelhead 2022-23,2023-05-14,Unguided-Boat,47.36666666666667,47.36666666666667,1
Lower Cowlitz salmon and steelhead 2022-23,2023-05-21,Guided-Bank,0,56.833333333333336,0
Lower Cowlitz salmon and steelhead 2022-23,2023-05-21,Guided-Boat,33.86666666666667,56.833333333333336,0.5958944281524926
Lower Cowlitz salmon and steelhead 2022-23,2023-05-21,Unguided-Bank,0,56.833333333333336,0
Lower Cowlitz salmon and steelhead 2022-23,2023-05-21,Unguided-Boat,22.96666666666667,56.833333333333336,0.40410557184750734
Lower Cowlitz salmon and steelhead 2022-23,2023-05-28,Guided-Bank,0,32.016666666666666,0
Lower Cowlitz salmon and steelhead 2022-23,2023-05-28,Guided-Boat,24,32.016666666666666,0.7496095783446122
Lower Cowlitz salmon and steelhead 2022-23,2023-05-28,Unguided-Bank,0,32.016666666666666,0
Lower Cowlitz salmon and steelhead 2022-23,2023-05-28,Unguided-Boat,8.016666666666666,32.016666666666666,0.2503904216553878
Lower Cowlitz salmon and steelhead 2022-23,2023-06-04,Guided-Bank,0,72.95,0
Lower Cowlitz salmon and steelhead 2022-23,2023-06-04,Guided-Boat,61.25,72.95,0.8396161754626457
Lower Cowlitz salmon and steelhead 2022-23,2023-06-04,Unguided-Bank,0,72.95,0
Lower Cowlitz salmon and steelhead 2022-23,2023-06-04,Unguided-Boat,11.7,72.95,0.16038382453735434
Lower Cowlitz salmon and steelhead 2022-23,2023-06-11,Guided-Bank,0,267.04999999999995,0
Lower Cowlitz salmon and steelhead 2022-23,2023-06-11,Guided-Boat,167.33333333333331,267.04999999999995,0.6265992635586345
Lower Cowlitz salmon and steelhead 2022-23,2023-06-11,Unguided-Bank,18.133333333333333,267.04999999999995,0.06790239031392374
Lower Cowlitz salmon and steelhead 2022-23,2023-06-11,Unguided-Boat,81.58333333333333,267.04999999999995,0.3054983461274418
Lower Cowlitz salmon and steelhead 2022-23,2023-06-18,Guided-Bank,0,248.76666666666668,0
Lower Cowlitz salmon and steelhead 2022-23,2023-06-18,Guided-Boat,194.18333333333334,248.76666666666668,0.7805842154629505
Lower Cowlitz salmon and steelhead 2022-23,2023-06-18,Unguided-Bank,0,248.76666666666668,0
Lower Cowlitz salmon and steelhead 2022-23,2023-06-18,Unguided-Boat,54.583333333333336,248.76666666666668,0.21941578453704944
Lower Cowlitz salmon and steelhead 2022-23,2023-06-25,Guided-Bank,0,68.96666666666667,0
Lower Cowlitz salmon and steelhead 2022-23,2023-06-25,Guided-Boat,39.166666666666664,68.96666666666667,0.5679072015466409
Lower Cowlitz salmon and steelhead 2022-23,2023-06-25,Unguided-Bank,0,68.96666666666667,0
Lower Cowlitz salmon and steelhead 2022-23,2023-06-25,Unguided-Boat,29.8,68.96666666666667,0.43209279845335913
Lower Cowlitz salmon and steelhead 2022-23,2023-07-02,Guided-Bank,0,257.81666666666666,0
Lower Cowlitz salmon and steelhead 2022-23,2023-07-02,Guided-Boat,195.75,257.81666666666666,0.7592604563966643
Lower Cowlitz salmon and steelhead 2022-23,2023-07-02,Unguided-Bank,0,257.81666666666666,0
Lower Cowlitz salmon and steelhead 2022-23,2023-07-02,Unguided-Boat,62.06666666666666,257.81666666666666,0.2407395436033357
Lower Cowlitz salmon and steelhead 2022-23,2023-07-09,Guided-Bank,0,471.7,0
Lower Cowlitz salmon and steelhead 2022-23,2023-07-09,Guided-Boat,378.46666666666664,471.7,0.8023461239488375
Lower Cowlitz salmon and steelhead 2022-23,2023-07-09,Unguided-Bank,0,471.7,0
Lower Cowlitz salmon and steelhead 2022-23,2023-07-09,Unguided-Boat,93.23333333333333,471.7,0.19765387605116247
Lower Cowlitz salmon and steelhead 2022-23,2023-07-16,Guided-Bank,0,781.6333333333333,0
Lower Cowlitz salmon and steelhead 2022-23,2023-07-16,Guided-Boat,670.85,781.6333333333333,0.8582668770523264
Lower Cowlitz salmon and steelhead 2022-23,2023-07-16,Unguided-Bank,0,781.6333333333333,0
Lower Cowlitz salmon and steelhead 2022-23,2023-07-16,Unguided-Boat,110.78333333333333,781.6333333333333,0.14173312294767368
Lower Cowlitz salmon and steelhead 2022-23,2023-07-23,Guided-Bank,0,444.55,0
Lower Cowlitz salmon and steelhead 2022-23,2023-07-23,Guided-Boat,345.6166666666667,444.55,0.77745285494695
Lower Cowlitz salmon and steelhead 2022-23,2023-07-23,Unguided-Bank,53.733333333333334,444.55,0.12087129306789637
Lower Cowlitz salmon and steelhead 2022-23,2023-07-23,Unguided-Boat,45.2,444.55,0.10167585198515353
Lower Cowlitz salmon and steelhead 2023-24,2023-07-30,Guided-Bank,0,80.23333333333333,0
Lower Cowlitz salmon and steelhead 2023-24,2023-07-30,Guided-Boat,71.93333333333334,80.23333333333333,0.896551724137931
Lower Cowlitz salmon and steelhead 2023-24,2023-07-30,Unguided-Bank,5.35,80.23333333333333,0.06668051516410468
Lower Cowlitz salmon and steelhead 2023-24,2023-07-30,Unguided-Boat,2.95,80.23333333333333,0.03676776069796427
Lower Cowlitz salmon and steelhead 2023-24,2023-08-06,Guided-Bank,0,108.26666666666667,0
Lower Cowlitz salmon and steelhead 2023-24,2023-08-06,Guided-Boat,8.15,108.26666666666667,0.07527709359605912
Lower Cowlitz salmon and steelhead 2023-24,2023-08-06,Unguided-Bank,60.63333333333333,108.26666666666667,0.5600369458128078
Lower Cowlitz salmon and steelhead 2023-24,2023-08-06,Unguided-Boat,39.483333333333334,108.26666666666667,0.364685960591133
Lower Cowlitz salmon and steelhead 2023-24,2023-08-13,Guided-Bank,0,262.4666666666667,0
Lower Cowlitz salmon and steelhead 2023-24,2023-08-13,Guided-Boat,132.9,262.4666666666667,0.5063500127000253
Lower Cowlitz salmon and steelhead 2023-24,2023-08-13,Unguided-Bank,58.61666666666667,262.4666666666667,0.2233299466598933
Lower Cowlitz salmon and steelhead 2023-24,2023-08-13,Unguided-Boat,70.95,262.4666666666667,0.27032004064008125
Lower Cowlitz salmon and steelhead 2023-24,2023-08-20,Guided-Bank,0,282.8333333333333,0
Lower Cowlitz salmon and steelhead 2023-24,2023-08-20,Guided-Boat,150.5,282.8333333333333,0.5321154979375369
Lower Cowlitz salmon and steelhead 2023-24,2023-08-20,Unguided-Bank,72.75,282.8333333333333,0.25721862109605187
Lower Cowlitz salmon and steelhead 2023-24,2023-08-20,Unguided-Boat,59.583333333333336,282.8333333333333,0.21066588096641134
Lower Cowlitz salmon and steelhead 2023-24,2023-08-27,Guided-Bank,0,188.95,0
Lower Cowlitz salmon and steelhead 2023-24,2023-08-27,Guided-Boat,58.53333333333333,188.95,0.3097821293111052
Lower Cowlitz salmon and steelhead 2023-24,2023-08-27,Unguided-Bank,107.81666666666666,188.95,0.5706095086883656
Lower Cowlitz salmon and steelhead 2023-24,2023-08-27,Unguided-Boat,22.6,188.95,0.11960836200052925
Lower Cowlitz salmon and steelhead 2023-24,2023-09-03,Guided-Bank,0,167.6,0
Lower Cowlitz salmon and steelhead 2023-24,2023-09-03,Guided-Boat,0,167.6,0
Lower Cowlitz salmon and steelhead 2023-24,2023-09-03,Unguided-Bank,102.8,167.6,0.6133651551312649
Lower Cowlitz salmon and steelhead 2023-24,2023-09-03,Unguided-Boat,64.8,167.6,0.38663484486873506
Lower Cowlitz salmon and steelhead 2023-24,2023-09-10,Guided-Bank,0,246.9,0
Lower Cowlitz salmon and steelhead 2023-24,2023-09-10,Guided-Boat,36.083333333333336,246.9,0.14614553800459026
Lower Cowlitz salmon and steelhead 2023-24,2023-09-10,Unguided-Bank,154.11666666666667,246.9,0.6242068313757256
Lower Cowlitz salmon and steelhead 2023-24,2023-09-10,Unguided-Boat,56.7,246.9,0.2296476306196841
Lower Cowlitz salmon and steelhead 2023-24,2023-09-17,Guided-Bank,0,293.2,0
Lower Cowlitz salmon and steelhead 2023-24,2023-09-17,Guided-Boat,0,293.2,0
Lower Cowlitz salmon and steelhead 2023-24,2023-09-17,Unguided-Bank,205.61666666666667,293.2,0.7012846748522056
Lower Cowlitz salmon and steelhead 2023-24,2023-09-17,Unguided-Boat,87.58333333333333,293.2,0.2987153251477945
Lower Cowlitz salmon and steelhead 2023-24,2023-09-24,Guided-Bank,0,391.65,0
Lower Cowlitz salmon and steelhead 2023-24,2023-09-24,Guided-Boat,15.066666666666666,391.65,0.038469722115834715
Lower Cowlitz salmon and steelhead 2023-24,2023-09-24,Unguided-Bank,265.75,391.65,0.6785395123196732
Lower Cowlitz salmon and steelhead 2023-24,2023-09-24,Unguided-Boat,110.83333333333333,391.65,0.2829907655644921
Lower Cowlitz salmon and steelhead 2023-24,2023-10-01,Guided-Bank,0,546.15,0
Lower Cowlitz salmon and steelhead 2023-24,2023-10-01,Guided-Boat,57.46666666666667,546.15,0.1052213982727578
Lower Cowlitz salmon and steelhead 2023-24,2023-10-01,Unguided-Bank,405.8833333333333,546.15,0.7431719002715982
Lower Cowlitz salmon and steelhead 2023-24,2023-10-01,Unguided-Boat,82.8,546.15,0.15160670145564406
Lower Cowlitz salmon and steelhead 2023-24,2023-10-08,Guided-Bank,11.333333333333334,136.43333333333334,0.08306865379916932
Lower Cowlitz salmon and steelhead 2023-24,2023-10-08,Guided-Boat,31.666666666666668,136.43333333333334,0.23210359149767898
Lower Cowlitz salmon and steelhead 2023-24,2023-10-08,Unguided-Bank,79.03333333333333,136.43333333333334,0.5792817004642071
Lower Cowlitz salmon and steelhead 2023-24,2023-10-08,Unguided-Boat,14.4,136.43333333333334,0.10554605423894454
Lower Cowlitz salmon and steelhead 2023-24,2023-10-15,Guided-Bank,0,196.8,0
Lower Cowlitz salmon and steelhead 2023-24,2023-10-15,Guided-Boat,25.2,196.8,0.12804878048780488
Lower Cowlitz salmon and steelhead 2023-24,2023-10-15,Unguided-Bank,124.5,196.8,0.6326219512195121
Lower Cowlitz salmon and steelhead 2023-24,2023-10-15,Unguided-Boat,47.1,196.8,0.23932926829268292
Lower Cowlitz salmon and steelhead 2023-24,2023-10-22,Guided-Bank,0,207.3,0
Lower Cowlitz salmon and steelhead 2023-24,2023-10-22,Guided-Boat,44.93333333333334,207.3,0.2167551053223991
Lower Cowlitz salmon and steelhead 2023-24,2023-10-22,Unguided-Bank,162.36666666666667,207.3,0.783244894677601
Lower Cowlitz salmon and steelhead 2023-24,2023-10-22,Unguided-Boat,0,207.3,0
Lower Cowlitz salmon and steelhead 2023-24,2023-10-29,Guided-Bank,0,137.58333333333334,0
Lower Cowlitz salmon and steelhead 2023-24,2023-10-29,Guided-Boat,9.333333333333334,137.58333333333334,0.06783767413688674
Lower Cowlitz salmon and steelhead 2023-24,2023-10-29,Unguided-Bank,89.16666666666667,137.58333333333334,0.6480920654149
Lower Cowlitz salmon and steelhead 2023-24,2023-10-29,Unguided-Boat,39.083333333333336,137.58333333333334,0.2840702604482132
Lower Cowlitz salmon and steelhead 2023-24,2023-11-05,Guided-Bank,0,126.53333333333333,0
Lower Cowlitz salmon and steelhead 2023-24,2023-11-05,Guided-Boat,0,126.53333333333333,0
Lower Cowlitz salmon and steelhead 2023-24,2023-11-05,Unguided-Bank,126.53333333333333,126.53333333333333,1
Lower Cowlitz salmon and steelhead 2023-24,2023-11-05,Unguided-Boat,0,126.53333333333333,0
Lower Cowlitz salmon and steelhead 2023-24,2023-11-12,Guided-Bank,0,181.25,0
Lower Cowlitz salmon and steelhead 2023-24,2023-11-12,Guided-Boat,18.733333333333334,181.25,0.10335632183908046
Lower Cowlitz salmon and steelhead 2023-24,2023-11-12,Unguided-Bank,157.86666666666667,181.25,0.8709885057471265
Lower Cowlitz salmon and steelhead 2023-24,2023-11-12,Unguided-Boat,4.65,181.25,0.025655172413793104
Lower Cowlitz salmon and steelhead 2023-24,2023-11-19,Guided-Bank,0,47.31666666666666,0
Lower Cowlitz salmon and steelhead 2023-24,2023-11-19,Guided-Boat,0,47.31666666666666,0
Lower Cowlitz salmon and steelhead 2023-24,2023-11-19,Unguided-Bank,47.31666666666666,47.31666666666666,1
Lower Cowlitz salmon and steelhead 2023-24,2023-11-19,Unguided-Boat,0,47.31666666666666,0
Lower Cowlitz salmon and steelhead 2023-24,2023-12-03,Guided-Bank,0,17.033333333333335,0
Lower Cowlitz salmon and steelhead 2023-24,2023-12-03,Guided-Boat,0,17.033333333333335,0
Lower Cowlitz salmon and steelhead 2023-24,2023-12-03,Unguided-Bank,17.033333333333335,17.033333333333335,1
Lower Cowlitz salmon and steelhead 2023-24,2023-12-03,Unguided-Boat,0,17.033333333333335,0
Lower Cowlitz salmon and steelhead 2023-24,2023-12-10,Guided-Bank,0,15.766666666666666,0
Lower Cowlitz salmon and steelhead 2023-24,2023-12-10,Guided-Boat,0,15.766666666666666,0
Lower Cowlitz salmon and steelhead 2023-24,2023-12-10,Unguided-Bank,15.766666666666666,15.766666666666666,1
Lower Cowlitz salmon and steelhead 2023-24,2023-12-10,Unguided-Boat,0,15.766666666666666,0
Lower Cowlitz salmon and steelhead 2023-24,2023-12-17,Guided-Bank,0,14.25,0
Lower Cowlitz salmon and steelhead 2023-24,2023-12-17,Guided-Boat,0,14.25,0
Lower Cowlitz salmon and steelhead 2023-24,2023-12-17,Unguided-Bank,14.25,14.25,1
Lower Cowlitz salmon and steelhead 2023-24,2023-12-17,Unguided-Boat,0,14.25,0
Lower Cowlitz salmon and steelhead 2023-24,2023-12-24,Guided-Bank,0,77.15,0
Lower Cowlitz salmon and steelhead 2023-24,2023-12-24,Guided-Boat,0,77.15,0
Lower Cowlitz salmon and steelhead 2023-24,2023-12-24,Unguided-Bank,39.016666666666666,77.15,0.5057247785698854
Lower Cowlitz salmon and steelhead 2023-24,2023-12-24,Unguided-Boat,38.13333333333333,77.15,0.49427522143011443
Lower Cowlitz salmon and steelhead 2023-24,2023-12-31,Guided-Bank,0,75.81666666666666,0
Lower Cowlitz salmon and steelhead 2023-24,2023-12-31,Guided-Boat,13.133333333333333,75.81666666666666,0.17322488459001978
Lower Cowlitz salmon and steelhead 2023-24,2023-12-31,Unguided-Bank,45.63333333333333,75.81666666666666,0.6018905253901957
Lower Cowlitz salmon and steelhead 2023-24,2023-12-31,Unguided-Boat,17.05,75.81666666666666,0.22488459001978459
Lower Cowlitz salmon and steelhead 2023-24,2024-01-07,Guided-Bank,0,64.1,0
Lower Cowlitz salmon and steelhead 2023-24,2024-01-07,Guided-Boat,22.416666666666668,64.1,0.34971398855954244
Lower Cowlitz salmon and steelhead 2023-24,2024-01-07,Unguided-Bank,29.65,64.1,0.4625585023400936
Lower Cowlitz salmon and steelhead 2023-24,2024-01-07,Unguided-Boat,12.033333333333333,64.1,0.18772750910036404
Lower Cowlitz salmon and steelhead 2023-24,2024-01-14,Guided-Bank,0,179.26666666666668,0
Lower Cowlitz salmon and steelhead 2023-24,2024-01-14,Guided-Boat,79.28333333333333,179.26666666666668,0.4422647824470063
Lower Cowlitz salmon and steelhead 2023-24,2024-01-14,Unguided-Bank,68.65,179.26666666666668,0.3829490516920788
Lower Cowlitz salmon and steelhead 2023-24,2024-01-14,Unguided-Boat,31.333333333333336,179.26666666666668,0.17478616586091483
Lower Cowlitz salmon and steelhead 2023-24,2024-01-21,Guided-Bank,0,672.65,0
Lower Cowlitz salmon and steelhead 2023-24,2024-01-21,Guided-Boat,311.1,672.65,0.46249907083921804
Lower Cowlitz salmon and steelhead 2023-24,2024-01-21,Unguided-Bank,312.15,672.65,0.4640600609529473
Lower Cowlitz salmon and steelhead 2023-24,2024-01-21,Unguided-Boat,49.4,672.65,0.07344086820783469
Lower Cowlitz salmon and steelhead 2023-24,2024-01-28,Guided-Bank,0,594.8,0
Lower Cowlitz salmon and steelhead 2023-24,2024-01-28,Guided-Boat,257.81666666666666,594.8,0.43345101995068375
Lower Cowlitz salmon and steelhead 2023-24,2024-01-28,Unguided-Bank,289.56666666666666,594.8,0.4868303071060301
Lower Cowlitz salmon and steelhead 2023-24,2024-01-28,Unguided-Boat,47.416666666666664,594.8,0.07971867294328626
Lower Cowlitz salmon and steelhead 2023-24,2024-02-04,Guided-Bank,0,637.65,0
Lower Cowlitz salmon and steelhead 2023-24,2024-02-04,Guided-Boat,240.41666666666666,637.65,0.37703546877858807
Lower Cowlitz salmon and steelhead 2023-24,2024-02-04,Unguided-Bank,119.81666666666666,637.65,0.18790349983010535
Lower Cowlitz salmon and steelhead 2023-24,2024-02-04,Unguided-Boat,277.4166666666667,637.65,0.43506103139130664
Lower Cowlitz salmon and steelhead 2023-24,2024-02-11,Guided-Bank,0,620.05,0
Lower Cowlitz salmon and steelhead 2023-24,2024-02-11,Guided-Boat,203.46666666666667,620.05,0.32814557965755453
Lower Cowlitz salmon and steelhead 2023-24,2024-02-11,Unguided-Bank,303.51666666666665,620.05,0.48950353466118324
Lower Cowlitz salmon and steelhead 2023-24,2024-02-11,Unguided-Boat,113.06666666666668,620.05,0.1823508856812623
Lower Cowlitz salmon and steelhead 2023-24,2024-02-18,Guided-Bank,0,1260.65,0
Lower Cowlitz salmon and steelhead 2023-24,2024-02-18,Guided-Boat,411.5333333333333,1260.65,0.3264453522653657
Lower Cowlitz salmon and steelhead 2023-24,2024-02-18,Unguided-Bank,589.5833333333334,1260.65,0.467682015891273
Lower Cowlitz salmon and steelhead 2023-24,2024-02-18,Unguided-Boat,259.53333333333336,1260.65,0.20587263184336124
Lower Cowlitz salmon and steelhead 2023-24,2024-02-25,Guided-Bank,0,870.2333333333333,0
Lower Cowlitz salmon and steelhead 2023-24,2024-02-25,Guided-Boat,517.9833333333333,870.2333333333333,0.5952235032749837
Lower Cowlitz salmon and steelhead 2023-24,2024-02-25,Unguided-Bank,248.53333333333333,870.2333333333333,0.2855939020186157
Lower Cowlitz salmon and steelhead 2023-24,2024-02-25,Unguided-Boat,103.71666666666667,870.2333333333333,0.11918259470640058
Lower Cowlitz salmon and steelhead 2023-24,2024-03-03,Guided-Bank,0,268.4,0
Lower Cowlitz salmon and steelhead 2023-24,2024-03-03,Guided-Boat,71.05,268.4,0.2647168405365127
Lower Cowlitz salmon and steelhead 2023-24,2024-03-03,Unguided-Bank,133.43333333333334,268.4,0.49714356681569805
Lower Cowlitz salmon and steelhead 2023-24,2024-03-03,Unguided-Boat,63.91666666666667,268.4,0.23813959264778942
Lower Cowlitz salmon and steelhead 2023-24,2024-03-10,Guided-Bank,0,828.25,0
Lower Cowlitz salmon and steelhead 2023-24,2024-03-10,Guided-Boat,411.98333333333335,828.25,0.49741422678337865
Lower Cowlitz salmon and steelhead 2023-24,2024-03-10,Unguided-Bank,170.43333333333334,828.25,0.20577522889626723
Lower Cowlitz salmon and steelhead 2023-24,2024-03-10,Unguided-Boat,245.83333333333334,828.25,0.2968105443203542
Lower Cowlitz salmon and steelhead 2023-24,2024-03-17,Guided-Bank,0,1479.9333333333334,0
Lower Cowlitz salmon and steelhead 2023-24,2024-03-17,Guided-Boat,857.0333333333333,1479.9333333333334,0.5791026622820847
Lower Cowlitz salmon and steelhead 2023-24,2024-03-17,Unguided-Bank,425.98333333333335,1479.9333333333334,0.2878395423217262
Lower Cowlitz salmon and steelhead 2023-24,2024-03-17,Unguided-Boat,196.91666666666669,1479.9333333333334,0.13305779539618903
Lower Cowlitz salmon and steelhead 2023-24,2024-03-24,Guided-Bank,0,1460.8333333333335,0
Lower Cowlitz salmon and steelhead 2023-24,2024-03-24,Guided-Boat,844.1166666666667,1460.8333333333335,0.5778322875071306
Lower Cowlitz salmon and steelhead 2023-24,2024-03-24,Unguided-Bank,349.35,1460.8333333333335,0.2391443240159726
Lower Cowlitz salmon and steelhead 2023-24,2024-03-24,Unguided-Boat,267.3666666666667,1460.8333333333335,0.18302338847689673
Lower Cowlitz salmon and steelhead 2023-24,2024-03-31,Guided-Bank,0,738.8666666666667,0
Lower Cowlitz salmon and steelhead 2023-24,2024-03-31,Guided-Boat,256.7,738.8666666666667,0.3474239826761707
Lower Cowlitz salmon and steelhead 2023-24,2024-03-31,Unguided-Bank,374.5,738.8666666666667,0.5068573490932058
Lower Cowlitz salmon and steelhead 2023-24,2024-03-31,Unguided-Boat,107.66666666666667,738.8666666666667,0.1457186682306235
Lower Cowlitz salmon and steelhead 2023-24,2024-04-07,Guided-Bank,0,452.6166666666667,0
Lower Cowlitz salmon and steelhead 2023-24,2024-04-07,Guided-Boat,43.56666666666666,452.6166666666667,0.0962551091799536
Lower Cowlitz salmon and steelhead 2023-24,2024-04-07,Unguided-Bank,388.98333333333335,452.6166666666667,0.8594100968442759
Lower Cowlitz salmon and steelhead 2023-24,2024-04-07,Unguided-Boat,20.066666666666666,452.6166666666667,0.04433479397577052
Lower Cowlitz salmon and steelhead 2023-24,2024-04-14,Guided-Bank,0,33.95,0
Lower Cowlitz salmon and steelhead 2023-24,2024-04-14,Guided-Boat,0,33.95,0
Lower Cowlitz salmon and steelhead 2023-24,2024-04-14,Unguided-Bank,33.95,33.95,1
Lower Cowlitz salmon and steelhead 2023-24,2024-04-14,Unguided-Boat,0,33.95,0
Lower Cowlitz salmon and steelhead 2023-24,2024-04-21,Guided-Bank,0,121.43333333333334,0
Lower Cowlitz salmon and steelhead 2023-24,2024-04-21,Guided-Boat,0,121.43333333333334,0
Lower Cowlitz salmon and steelhead 2023-24,2024-04-21,Unguided-Bank,121.43333333333334,121.43333333333334,1
Lower Cowlitz salmon and steelhead 2023-24,2024-04-21,Unguided-Boat,0,121.43333333333334,0
Lower Cowlitz salmon and steelhead 2023-24,2024-04-28,Guided-Bank,0,114.44999999999999,0
Lower Cowlitz salmon and steelhead 2023-24,2024-04-28,Guided-Boat,46.333333333333336,114.44999999999999,0.4048347167613223
Lower Cowlitz salmon and steelhead 2023-24,2024-04-28,Unguided-Bank,68.11666666666666,114.44999999999999,0.5951652832386778
Lower Cowlitz salmon and steelhead 2023-24,2024-04-28,Unguided-Boat,0,114.44999999999999,0
Lower Cowlitz salmon and steelhead 2023-24,2024-05-05,Guided-Bank,0,142.1,0
Lower Cowlitz salmon and steelhead 2023-24,2024-05-05,Guided-Boat,26.05,142.1,0.18332160450387053
Lower Cowlitz salmon and steelhead 2023-24,2024-05-05,Unguided-Bank,116.05,142.1,0.8166783954961295
Lower Cowlitz salmon and steelhead 2023-24,2024-05-05,Unguided-Boat,0,142.1,0
Lower Cowlitz salmon and steelhead 2023-24,2024-05-12,Guided-Bank,0,18.616666666666667,0
Lower Cowlitz salmon and steelhead 2023-24,2024-05-12,Guided-Boat,0,18.616666666666667,0
Lower Cowlitz salmon and steelhead 2023-24,2024-05-12,Unguided-Bank,9.583333333333334,18.616666666666667,0.5147717099373321
Lower Cowlitz salmon and steelhead 2023-24,2024-05-12,Unguided-Boat,9.033333333333333,18.616666666666667,0.4852282900626678
Lower Cowlitz salmon and steelhead 2023-24,2024-05-19,Guided-Bank,0,72.13333333333334,0
Lower Cowlitz salmon and steelhead 2023-24,2024-05-19,Guided-Boat,0,72.13333333333334,0
Lower Cowlitz salmon and steelhead 2023-24,2024-05-19,Unguided-Bank,72.13333333333334,72.13333333333334,1
Lower Cowlitz salmon and steelhead 2023-24,2024-05-19,Unguided-Boat,0,72.13333333333334,0
Lower Cowlitz salmon and steelhead 2023-24,2024-05-26,Guided-Bank,0,203.81666666666666,0
Lower Cowlitz salmon and steelhead 2023-24,2024-05-26,Guided-Boat,70.13333333333333,203.81666666666666,0.34410008995011854
Lower Cowlitz salmon and steelhead 2023-24,2024-05-26,Unguided-Bank,83.25,203.81666666666666,0.40845531114563743
Lower Cowlitz salmon and steelhead 2023-24,2024-05-26,Unguided-Boat,50.43333333333334,203.81666666666666,0.24744459890424403
Lower Cowlitz salmon and steelhead 2023-24,2024-06-02,Guided-Bank,0,120.53333333333333,0
Lower Cowlitz salmon and steelhead 2023-24,2024-06-02,Guided-Boat,65.89999999999999,120.53333333333333,0.5467367256637168
Lower Cowlitz salmon and steelhead 2023-24,2024-06-02,Unguided-Bank,40.266666666666666,120.53333333333333,0.334070796460177
Lower Cowlitz salmon and steelhead 2023-24,2024-06-02,Unguided-Boat,14.366666666666667,120.53333333333333,0.1191924778761062
Lower Cowlitz salmon and steelhead 2023-24,2024-06-09,Guided-Bank,0,164.21666666666664,0
Lower Cowlitz salmon and steelhead 2023-24,2024-06-09,Guided-Boat,75.66666666666666,164.21666666666664,0.4607733685172029
Lower Cowlitz salmon and steelhead 2023-24,2024-06-09,Unguided-Bank,63.699999999999996,164.21666666666664,0.3879021617781387
Lower Cowlitz salmon and steelhead 2023-24,2024-06-09,Unguided-Boat,24.849999999999998,164.21666666666664,0.1513244697046585
Lower Cowlitz salmon and steelhead 2023-24,2024-06-16,Guided-Bank,0,531.4333333333333,0
Lower Cowlitz salmon and steelhead 2023-24,2024-06-16,Guided-Boat,327.71666666666664,531.4333333333333,0.616665621275795
Lower Cowlitz salmon and steelhead 2023-24,2024-06-16,Unguided-Bank,125.76666666666667,531.4333333333333,0.23665558552342722
Lower Cowlitz salmon and steelhead 2023-24,2024-06-16,Unguided-Boat,77.95,531.4333333333333,0.14667879320077779
Lower Cowlitz salmon and steelhead 2023-24,2024-06-23,Guided-Bank,0,367.6166666666667,0
Lower Cowlitz salmon and steelhead 2023-24,2024-06-23,Guided-Boat,239.06666666666666,367.6166666666667,0.6503150927143311
Lower Cowlitz salmon and steelhead 2023-24,2024-06-23,Unguided-Bank,114.81666666666666,367.6166666666667,0.3123271523779299
Lower Cowlitz salmon and steelhead 2023-24,2024-06-23,Unguided-Boat,13.733333333333333,367.6166666666667,0.03735775490773904
Lower Cowlitz salmon and steelhead 2023-24,2024-06-30,Guided-Bank,0,495.7833333333333,0
Lower Cowlitz salmon and steelhead 2023-24,2024-06-30,Guided-Boat,341.7,495.7833333333333,0.6892123575486604
Lower Cowlitz salmon and steelhead 2023-24,2024-06-30,Unguided-Bank,147.96666666666667,495.7833333333333,0.29845026389215723
Lower Cowlitz salmon and steelhead 2023-24,2024-06-30,Unguided-Boat,6.116666666666666,495.7833333333333,0.012337378559182438
Lower Cowlitz salmon and steelhead 2023-24,2024-07-07,Guided-Bank,0,260.09999999999997,0
Lower Cowlitz salmon and steelhead 2023-24,2024-07-07,Guided-Boat,232.79999999999998,260.09999999999997,0.895040369088812
Lower Cowlitz salmon and steelhead 2023-24,2024-07-07,Unguided-Bank,27.3,260.09999999999997,0.10495963091118803
Lower Cowlitz salmon and steelhead 2023-24,2024-07-07,Unguided-Boat,0,260.09999999999997,0
Lower Cowlitz salmon and steelhead 2023-24,2024-07-14,Guided-Bank,0,111.65,0
Lower Cowlitz salmon and steelhead 2023-24,2024-07-14,Guided-Boat,30.03333333333333,111.65,0.2689953724436483
Lower Cowlitz salmon and steelhead 2023-24,2024-07-14,Unguided-Bank,63.583333333333336,111.65,0.5694879832810867
Lower Cowlitz salmon and steelhead 2023-24,2024-07-14,Unguided-Boat,18.03333333333333,111.65,0.16151664427526494
Lower Cowlitz salmon and steelhead 2023-24,2024-07-21,Guided-Bank,72.66666666666667,310.43333333333334,0.2340813916031354
Lower Cowlitz salmon and steelhead 2023-24,2024-07-21,Guided-Boat,50.38333333333333,310.43333333333334,0.16230001073767852
Lower Cowlitz salmon and steelhead 2023-24,2024-07-21,Unguided-Bank,72.1,310.43333333333334,0.23225598625577148
Lower Cowlitz salmon and steelhead 2023-24,2024-07-21,Unguided-Boat,115.28333333333333,310.43333333333334,0.3713626114034146
Lower Cowlitz salmon and steelhead 2023-24,2024-07-28,Guided-Bank,0,300.1,0
Lower Cowlitz salmon and steelhead 2023-24,2024-07-28,Guided-Boat,164.18333333333334,300.1,0.547095412640231
Lower Cowlitz salmon and steelhead 2023-24,2024-07-28,Unguided-Bank,76.8,300.1,0.2559146951016328
Lower Cowlitz salmon and steelhead 2023-24,2024-07-28,Unguided-Boat,59.11666666666667,300.1,0.19698989225813615
Naselle winter steelhead 2022,2022-01-02,Guided-Bank,0,36.166666666666664,0
Naselle winter steelhead 2022,2022-01-02,Guided-Boat,0,36.166666666666664,0
Naselle winter steelhead 2022,2022-01-02,Unguided-Bank,36.166666666666664,36.166666666666664,1
Naselle winter steelhead 2022,2022-01-02,Unguided-Boat,0,36.166666666666664,0
Naselle winter steelhead 2022,2022-01-09,Guided-Bank,0,85.73333333333333,0
Naselle winter steelhead 2022,2022-01-09,Guided-Boat,0,85.73333333333333,0
Naselle winter steelhead 2022,2022-01-09,Unguided-Bank,85.73333333333333,85.73333333333333,1
Naselle winter steelhead 2022,2022-01-09,Unguided-Boat,0,85.73333333333333,0
Naselle winter steelhead 2022,2022-01-16,Guided-Bank,0,143.4,0
Naselle winter steelhead 2022,2022-01-16,Guided-Boat,0,143.4,0
Naselle winter steelhead 2022,2022-01-16,Unguided-Bank,143.4,143.4,1
Naselle winter steelhead 2022,2022-01-16,Unguided-Boat,0,143.4,0
Naselle winter steelhead 2022,2022-01-23,Guided-Bank,0,140.95,0
Naselle winter steelhead 2022,2022-01-23,Guided-Boat,26,140.95,0.18446257538134092
Naselle winter steelhead 2022,2022-01-23,Unguided-Bank,114.95,140.95,0.8155374246186592
Naselle winter steelhead 2022,2022-01-23,Unguided-Boat,0,140.95,0
Naselle winter steelhead 2022,2022-01-30,Guided-Bank,0,78.58333333333333,0
Naselle winter steelhead 2022,2022-01-30,Guided-Boat,0,78.58333333333333,0
Naselle winter steelhead 2022,2022-01-30,Unguided-Bank,78.58333333333333,78.58333333333333,1
Naselle winter steelhead 2022,2022-01-30,Unguided-Boat,0,78.58333333333333,0
Naselle winter steelhead 2022,2022-02-06,Guided-Bank,0,48.666666666666664,0
Naselle winter steelhead 2022,2022-02-06,Guided-Boat,0,48.666666666666664,0
Naselle winter steelhead 2022,2022-02-06,Unguided-Bank,43.166666666666664,48.666666666666664,0.886986301369863
Naselle winter steelhead 2022,2022-02-06,Unguided-Boat,5.5,48.666666666666664,0.113013698630137
Naselle winter steelhead 2022,2022-02-13,Guided-Bank,0,136.26666666666668,0
Naselle winter steelhead 2022,2022-02-13,Guided-Boat,0,136.26666666666668,0
Naselle winter steelhead 2022,2022-02-13,Unguided-Bank,136.26666666666668,136.26666666666668,1
Naselle winter steelhead 2022,2022-02-13,Unguided-Boat,0,136.26666666666668,0
Naselle winter steelhead 2022,2022-02-20,Guided-Bank,0,99.96666666666667,0
Naselle winter steelhead 2022,2022-02-20,Guided-Boat,0,99.96666666666667,0
Naselle winter steelhead 2022,2022-02-20,Unguided-Bank,89.5,99.96666666666667,0.895298432810937
Naselle winter steelhead 2022,2022-02-20,Unguided-Boat,10.466666666666667,99.96666666666667,0.10470156718906302
Naselle winter steelhead 2022,2022-02-27,Guided-Bank,0,38.2,0
Naselle winter steelhead 2022,2022-02-27,Guided-Boat,0,38.2,0
Naselle winter steelhead 2022,2022-02-27,Unguided-Bank,38.2,38.2,1
Naselle winter steelhead 2022,2022-02-27,Unguided-Boat,0,38.2,0
Naselle winter steelhead 2022-23,2022-12-18,Guided-Bank,0,46.61666666666667,0
Naselle winter steelhead 2022-23,2022-12-18,Guided-Boat,0,46.61666666666667,0
Naselle winter steelhead 2022-23,2022-12-18,Unguided-Bank,46.61666666666667,46.61666666666667,1
Naselle winter steelhead 2022-23,2022-12-18,Unguided-Boat,0,46.61666666666667,0
Naselle winter steelhead 2022-23,2022-12-25,Guided-Bank,0,27.2,0
Naselle winter steelhead 2022-23,2022-12-25,Guided-Boat,0,27.2,0
Naselle winter steelhead 2022-23,2022-12-25,Unguided-Bank,27.2,27.2,1
Naselle winter steelhead 2022-23,2022-12-25,Unguided-Boat,0,27.2,0
Naselle winter steelhead 2022-23,2023-01-01,Guided-Bank,0,30.616666666666667,0
Naselle winter steelhead 2022-23,2023-01-01,Guided-Boat,0,30.616666666666667,0
Naselle winter steelhead 2022-23,2023-01-01,Unguided-Bank,30.616666666666667,30.616666666666667,1
Naselle winter steelhead 2022-23,2023-01-01,Unguided-Boat,0,30.616666666666667,0
Naselle winter steelhead 2022-23,2023-01-08,Guided-Bank,0,94.08333333333333,0
Naselle winter steelhead 2022-23,2023-01-08,Guided-Boat,0,94.08333333333333,0
Naselle winter steelhead 2022-23,2023-01-08,Unguided-Bank,94.08333333333333,94.08333333333333,1
Naselle winter steelhead 2022-23,2023-01-08,Unguided-Boat,0,94.08333333333333,0
Naselle winter steelhead 2022-23,2023-01-15,Guided-Bank,0,72.13333333333333,0
Naselle winter steelhead 2022-23,2023-01-15,Guided-Boat,0,72.13333333333333,0
Naselle winter steelhead 2022-23,2023-01-15,Unguided-Bank,72.13333333333333,72.13333333333333,1
Naselle winter steelhead 2022-23,2023-01-15,Unguided-Boat,0,72.13333333333333,0
Naselle winter steelhead 2022-23,2023-01-22,Guided-Bank,0,107.6,0
Naselle winter steelhead 2022-23,2023-01-22,Guided-Boat,0,107.6,0
Naselle winter steelhead 2022-23,2023-01-22,Unguided-Bank,107.6,107.6,1
Naselle winter steelhead 2022-23,2023-01-22,Unguided-Boat,0,107.6,0
Naselle winter steelhead 2022-23,2023-01-29,Guided-Bank,0,89.68333333333334,0
Naselle winter steelhead 2022-23,2023-01-29,Guided-Boat,0,89.68333333333334,0
Naselle winter steelhead 2022-23,2023-01-29,Unguided-Bank,89.68333333333334,89.68333333333334,1
Naselle winter steelhead 2022-23,2023-01-29,Unguided-Boat,0,89.68333333333334,0
Naselle winter steelhead 2022-23,2023-02-05,Guided-Bank,0,74.46666666666667,0
Naselle winter steelhead 2022-23,2023-02-05,Guided-Boat,0,74.46666666666667,0
Naselle winter steelhead 2022-23,2023-02-05,Unguided-Bank,74.46666666666667,74.46666666666667,1
Naselle winter steelhead 2022-23,2023-02-05,Unguided-Boat,0,74.46666666666667,0
Naselle winter steelhead 2022-23,2023-02-12,Guided-Bank,0,107.78333333333333,0
Naselle winter steelhead 2022-23,2023-02-12,Guided-Boat,0,107.78333333333333,0
Naselle winter steelhead 2022-23,2023-02-12,Unguided-Bank,107.78333333333333,107.78333333333333,1
Naselle winter steelhead 2022-23,2023-02-12,Unguided-Boat,0,107.78333333333333,0
Naselle winter steelhead 2022-23,2023-02-19,Guided-Bank,0,91.21666666666667,0
Naselle winter steelhead 2022-23,2023-02-19,Guided-Boat,0,91.21666666666667,0
Naselle winter steelhead 2022-23,2023-02-19,Unguided-Bank,91.21666666666667,91.21666666666667,1
Naselle winter steelhead 2022-23,2023-02-19,Unguided-Boat,0,91.21666666666667,0
Naselle winter steelhead 2022-23,2023-02-26,Guided-Bank,0,65.66666666666667,0
Naselle winter steelhead 2022-23,2023-02-26,Guided-Boat,0,65.66666666666667,0
Naselle winter steelhead 2022-23,2023-02-26,Unguided-Bank,65.66666666666667,65.66666666666667,1
Naselle winter steelhead 2022-23,2023-02-26,Unguided-Boat,0,65.66666666666667,0
Naselle winter steelhead 2022-23,2023-03-05,Guided-Bank,0,151.55,0
Naselle winter steelhead 2022-23,2023-03-05,Guided-Boat,0,151.55,0
Naselle winter steelhead 2022-23,2023-03-05,Unguided-Bank,151.55,151.55,1
Naselle winter steelhead 2022-23,2023-03-05,Unguided-Boat,0,151.55,0
Naselle winter steelhead 2022-23,2023-03-12,Guided-Bank,0,118.43333333333334,0
Naselle winter steelhead 2022-23,2023-03-12,Guided-Boat,0,118.43333333333334,0
Naselle winter steelhead 2022-23,2023-03-12,Unguided-Bank,118.43333333333334,118.43333333333334,1
Naselle winter steelhead 2022-23,2023-03-12,Unguided-Boat,0,118.43333333333334,0
Naselle winter steelhead 2022-23,2023-03-19,Guided-Bank,0,101.68333333333334,0
Naselle winter steelhead 2022-23,2023-03-19,Guided-Boat,0,101.68333333333334,0
Naselle winter steelhead 2022-23,2023-03-19,Unguided-Bank,101.68333333333334,101.68333333333334,1
Naselle winter steelhead 2022-23,2023-03-19,Unguided-Boat,0,101.68333333333334,0
Naselle winter steelhead 2022-23,2023-03-26,Guided-Bank,0,27.55,0
Naselle winter steelhead 2022-23,2023-03-26,Guided-Boat,0,27.55,0
Naselle winter steelhead 2022-23,2023-03-26,Unguided-Bank,27.55,27.55,1
Naselle winter steelhead 2022-23,2023-03-26,Unguided-Boat,0,27.55,0
Naselle winter steelhead 2023-24,2023-11-26,Guided-Bank,0,29.25,0
Naselle winter steelhead 2023-24,2023-11-26,Guided-Boat,0,29.25,0
Naselle winter steelhead 2023-24,2023-11-26,Unguided-Bank,29.25,29.25,1
Naselle winter steelhead 2023-24,2023-11-26,Unguided-Boat,0,29.25,0
Naselle winter steelhead 2023-24,2023-12-03,Guided-Bank,0,84.78333333333333,0
Naselle winter steelhead 2023-24,2023-12-03,Guided-Boat,0,84.78333333333333,0
Naselle winter steelhead 2023-24,2023-12-03,Unguided-Bank,84.78333333333333,84.78333333333333,1
Naselle winter steelhead 2023-24,2023-12-03,Unguided-Boat,0,84.78333333333333,0
Naselle winter steelhead 2023-24,2023-12-10,Guided-Bank,0,156.75,0
Naselle winter steelhead 2023-24,2023-12-10,Guided-Boat,22.75,156.75,0.14513556618819776
Naselle winter steelhead 2023-24,2023-12-10,Unguided-Bank,111.26666666666667,156.75,0.7098351940457204
Naselle winter steelhead 2023-24,2023-12-10,Unguided-Boat,22.733333333333334,156.75,0.14502923976608187
Naselle winter steelhead 2023-24,2023-12-17,Guided-Bank,0,265.71666666666664,0
Naselle winter steelhead 2023-24,2023-12-17,Guided-Boat,0,265.71666666666664,0
Naselle winter steelhead 2023-24,2023-12-17,Unguided-Bank,235.98333333333332,265.71666666666664,0.8881013610989149
Naselle winter steelhead 2023-24,2023-12-17,Unguided-Boat,29.733333333333334,265.71666666666664,0.11189863890108513
Naselle winter steelhead 2023-24,2023-12-24,Guided-Bank,0,295.76666666666665,0
Naselle winter steelhead 2023-24,2023-12-24,Guided-Boat,0,295.76666666666665,0
Naselle winter steelhead 2023-24,2023-12-24,Unguided-Bank,242.18333333333334,295.76666666666665,0.8188324129381269
Naselle winter steelhead 2023-24,2023-12-24,Unguided-Boat,53.583333333333336,295.76666666666665,0.1811675870618731
Naselle winter steelhead 2023-24,2023-12-31,Guided-Bank,0,91.96666666666667,0
Naselle winter steelhead 2023-24,2023-12-31,Guided-Boat,0,91.96666666666667,0
Naselle winter steelhead 2023-24,2023-12-31,Unguided-Bank,61.85,91.96666666666667,0.6725262776368249
Naselle winter steelhead 2023-24,2023-12-31,Unguided-Boat,30.116666666666667,91.96666666666667,0.32747372236317507
Naselle winter steelhead 2023-24,2024-01-07,Guided-Bank,0,18.933333333333334,0
Naselle winter steelhead 2023-24,2024-01-07,Guided-Boat,0,18.933333333333334,0
Naselle winter steelhead 2023-24,2024-01-07,Unguided-Bank,18.933333333333334,18.933333333333334,1
Naselle winter steelhead 2023-24,2024-01-07,Unguided-Boat,0,18.933333333333334,0
Naselle winter steelhead 2023-24,2024-01-14,Guided-Bank,0,238.38333333333333,0
Naselle winter steelhead 2023-24,2024-01-14,Guided-Boat,0,238.38333333333333,0
Naselle winter steelhead 2023-24,2024-01-14,Unguided-Bank,147.56666666666666,238.38333333333333,0.6190309725232469
Naselle winter steelhead 2023-24,2024-01-14,Unguided-Boat,90.81666666666666,238.38333333333333,0.38096902747675315
Naselle winter steelhead 2023-24,2024-01-21,Guided-Bank,0,15.466666666666667,0
Naselle winter steelhead 2023-24,2024-01-21,Guided-Boat,0,15.466666666666667,0
Naselle winter steelhead 2023-24,2024-01-21,Unguided-Bank,15.466666666666667,15.466666666666667,1
Naselle winter steelhead 2023-24,2024-01-21,Unguided-Boat,0,15.466666666666667,0
Naselle winter steelhead 2023-24,2024-01-28,Guided-Bank,0,108.94999999999999,0
Naselle winter steelhead 2023-24,2024-01-28,Guided-Boat,0,108.94999999999999,0
Naselle winter steelhead 2023-24,2024-01-28,Unguided-Bank,76.05,108.94999999999999,0.698026617714548
Naselle winter steelhead 2023-24,2024-01-28,Unguided-Boat,32.9,108.94999999999999,0.30197338228545206
Naselle winter steelhead 2023-24,2024-02-04,Guided-Bank,0,151.89999999999998,0
Naselle winter steelhead 2023-24,2024-02-04,Guided-Boat,33.666666666666664,151.89999999999998,0.22163704191353964
Naselle winter steelhead 2023-24,2024-02-04,Unguided-Bank,76.64999999999999,151.89999999999998,0.5046082949308756
Naselle winter steelhead 2023-24,2024-02-04,Unguided-Boat,41.583333333333336,151.89999999999998,0.2737546631555849
Naselle winter steelhead 2023-24,2024-02-11,Guided-Bank,16.666666666666668,148.93333333333334,0.11190689346463743
Naselle winter steelhead 2023-24,2024-02-11,Guided-Boat,0,148.93333333333334,0
Naselle winter steelhead 2023-24,2024-02-11,Unguided-Bank,85.66666666666667,148.93333333333334,0.5752014324082364
Naselle winter steelhead 2023-24,2024-02-11,Unguided-Boat,46.6,148.93333333333334,0.3128916741271262
Naselle winter steelhead 2023-24,2024-02-18,Guided-Bank,0,175.78333333333333,0
Naselle winter steelhead 2023-24,2024-02-18,Guided-Boat,0,175.78333333333333,0
Naselle winter steelhead 2023-24,2024-02-18,Unguided-Bank,120.06666666666666,175.78333333333333,0.6830378306627477
Naselle winter steelhead 2023-24,2024-02-18,Unguided-Boat,55.71666666666667,175.78333333333333,0.3169621693372523
Naselle winter steelhead 2023-24,2024-02-25,Guided-Bank,0,50.56666666666667,0
Naselle winter steelhead 2023-24,2024-02-25,Guided-Boat,0,50.56666666666667,0
Naselle winter steelhead 2023-24,2024-02-25,Unguided-Bank,50.56666666666667,50.56666666666667,1
Naselle winter steelhead 2023-24,2024-02-25,Unguided-Boat,0,50.56666666666667,0
Naselle winter steelhead 2023-24,2024-03-03,Guided-Bank,0,143.46666666666667,0
Naselle winter steelhead 2023-24,2024-03-03,Guided-Boat,0,143.46666666666667,0
Naselle winter steelhead 2023-24,2024-03-03,Unguided-Bank,87.2,143.46666666666667,0.6078066914498141
Naselle winter steelhead 2023-24,2024-03-03,Unguided-Boat,56.266666666666666,143.46666666666667,0.39219330855018586
Naselle winter steelhead 2023-24,2024-03-10,Guided-Bank,11.466666666666667,101.9,0.11252862283284265
Naselle winter steelhead 2023-24,2024-03-10,Guided-Boat,0,101.9,0
Naselle winter steelhead 2023-24,2024-03-10,Unguided-Bank,60.28333333333333,101.9,0.5915930650964998
Naselle winter steelhead 2023-24,2024-03-10,Unguided-Boat,30.150000000000002,101.9,0.2958783120706575
Naselle winter steelhead 2023-24,2024-03-17,Guided-Bank,0,86.61666666666667,0
Naselle winter steelhead 2023-24,2024-03-17,Guided-Boat,0,86.61666666666667,0
Naselle winter steelhead 2023-24,2024-03-17,Unguided-Bank,60.88333333333333,86.61666666666667,0.7029055224167788
Naselle winter steelhead 2023-24,2024-03-17,Unguided-Boat,25.733333333333334,86.61666666666667,0.29709447758322105
Naselle winter steelhead 2023-24,2024-03-24,Guided-Bank,0,72.6,0
Naselle winter steelhead 2023-24,2024-03-24,Guided-Boat,10.533333333333333,72.6,0.14508723599632692
Naselle winter steelhead 2023-24,2024-03-24,Unguided-Bank,59.63333333333333,72.6,0.8213957759412306
Naselle winter steelhead 2023-24,2024-03-24,Unguided-Boat,2.433333333333333,72.6,0.033516988062442604
Naselle winter steelhead 2023-24,2024-03-31,Guided-Bank,0,1.2333333333333334,0
Naselle winter steelhead 2023-24,2024-03-31,Guided-Boat,0,1.2333333333333334,0
Naselle winter steelhead 2023-24,2024-03-31,Unguided-Bank,1.2333333333333334,1.2333333333333334,1
Naselle winter steelhead 2023-24,2024-03-31,Unguided-Boat,0,1.2333333333333334,0
Nooksack fall salmon 2023,2023-10-29,Guided-Bank,0,9.866666666666667,0
Nooksack fall salmon 2023,2023-10-29,Guided-Boat,0,9.866666666666667,0
Nooksack fall salmon 2023,2023-10-29,Unguided-Bank,9.866666666666667,9.866666666666667,1
Nooksack fall salmon 2023,2023-10-29,Unguided-Boat,0,9.866666666666667,0
Nooksack fall salmon 2023,2023-11-05,Guided-Bank,0,6.35,0
Nooksack fall salmon 2023,2023-11-05,Guided-Boat,0,6.35,0
Nooksack fall salmon 2023,2023-11-05,Unguided-Bank,6.35,6.35,1
Nooksack fall salmon 2023,2023-11-05,Unguided-Boat,0,6.35,0
Nooksack fall salmon 2023,2023-11-12,Guided-Bank,0,61.78333333333334,0
Nooksack fall salmon 2023,2023-11-12,Guided-Boat,0,61.78333333333334,0
Nooksack fall salmon 2023,2023-11-12,Unguided-Bank,34.45,61.78333333333334,0.5575937415700027
Nooksack fall salmon 2023,2023-11-12,Unguided-Boat,27.333333333333336,61.78333333333334,0.4424062584299973
Nooksack fall salmon 2023,2023-11-19,Guided-Bank,0,19.266666666666666,0
Nooksack fall salmon 2023,2023-11-19,Guided-Boat,0,19.266666666666666,0
Nooksack fall salmon 2023,2023-11-19,Unguided-Bank,10.666666666666668,19.266666666666666,0.5536332179930796
Nooksack fall salmon 2023,2023-11-19,Unguided-Boat,8.6,19.266666666666666,0.4463667820069204
Nooksack fall salmon 2023,2023-11-26,Guided-Bank,0,13.866666666666667,0
Nooksack fall salmon 2023,2023-11-26,Guided-Boat,0,13.866666666666667,0
Nooksack fall salmon 2023,2023-11-26,Unguided-Bank,13.866666666666667,13.866666666666667,1
Nooksack fall salmon 2023,2023-11-26,Unguided-Boat,0,13.866666666666667,0
Nooksack fall salmon 2024,2024-11-03,Guided-Bank,0,79.05000000000001,0
Nooksack fall salmon 2024,2024-11-03,Guided-Boat,0,79.05000000000001,0
Nooksack fall salmon 2024,2024-11-03,Unguided-Bank,66.18333333333334,79.05000000000001,0.8372338182584861
Nooksack fall salmon 2024,2024-11-03,Unguided-Boat,12.866666666666667,79.05000000000001,0.1627661817415138
Nooksack fall salmon 2024,2024-11-10,Guided-Bank,0,23.366666666666667,0
Nooksack fall salmon 2024,2024-11-10,Guided-Boat,0,23.366666666666667,0
Nooksack fall salmon 2024,2024-11-10,Unguided-Bank,16.066666666666666,23.366666666666667,0.687589158345221
Nooksack fall salmon 2024,2024-11-10,Unguided-Boat,7.3,23.366666666666667,0.3124108416547789
Nooksack fall salmon 2024,2024-11-17,Guided-Bank,0,32.5,0
Nooksack fall salmon 2024,2024-11-17,Guided-Boat,0,32.5,0
Nooksack fall salmon 2024,2024-11-17,Unguided-Bank,20.9,32.5,0.643076923076923
Nooksack fall salmon 2024,2024-11-17,Unguided-Boat,11.6,32.5,0.3569230769230769
Nooksack fall salmon 2024,2024-11-24,Guided-Bank,0,13.916666666666668,0
Nooksack fall salmon 2024,2024-11-24,Guided-Boat,0,13.916666666666668,0
Nooksack fall salmon 2024,2024-11-24,Unguided-Bank,13.916666666666668,13.916666666666668,1
Nooksack fall salmon 2024,2024-11-24,Unguided-Boat,0,13.916666666666668,0
Nooksack spring Chinook 2022,2022-05-22,Guided-Bank,0,107.06666666666666,0
Nooksack spring Chinook 2022,2022-05-22,Guided-Boat,0,107.06666666666666,0
Nooksack spring Chinook 2022,2022-05-22,Unguided-Bank,107.06666666666666,107.06666666666666,1
Nooksack spring Chinook 2022,2022-05-22,Unguided-Boat,0,107.06666666666666,0
Nooksack spring Chinook 2022,2022-05-29,Guided-Bank,0,161.0666666666667,0
Nooksack spring Chinook 2022,2022-05-29,Guided-Boat,0,161.0666666666667,0
Nooksack spring Chinook 2022,2022-05-29,Unguided-Bank,146.01666666666668,161.0666666666667,0.9065604304635762
Nooksack spring Chinook 2022,2022-05-29,Unguided-Boat,15.05,161.0666666666667,0.09343956953642384
Nooksack spring Chinook 2022,2022-06-05,Guided-Bank,0,15.566666666666668,0
Nooksack spring Chinook 2022,2022-06-05,Guided-Boat,0,15.566666666666668,0
Nooksack spring Chinook 2022,2022-06-05,Unguided-Bank,15.566666666666668,15.566666666666668,1
Nooksack spring Chinook 2022,2022-06-05,Unguided-Boat,0,15.566666666666668,0
Nooksack spring Chinook 2022,2022-06-12,Guided-Bank,0,90.65,0
Nooksack spring Chinook 2022,2022-06-12,Guided-Boat,0,90.65,0
Nooksack spring Chinook 2022,2022-06-12,Unguided-Bank,90.65,90.65,1
Nooksack spring Chinook 2022,2022-06-12,Unguided-Boat,0,90.65,0
Nooksack spring Chinook 2022,2022-06-19,Guided-Bank,0,81.63333333333333,0
Nooksack spring Chinook 2022,2022-06-19,Guided-Boat,0,81.63333333333333,0
Nooksack spring Chinook 2022,2022-06-19,Unguided-Bank,81.63333333333333,81.63333333333333,1
Nooksack spring Chinook 2022,2022-06-19,Unguided-Boat,0,81.63333333333333,0
Nooksack spring Chinook 2022,2022-06-26,Guided-Bank,0,42.31666666666666,0
Nooksack spring Chinook 2022,2022-06-26,Guided-Boat,0,42.31666666666666,0
Nooksack spring Chinook 2022,2022-06-26,Unguided-Bank,42.31666666666666,42.31666666666666,1
Nooksack spring Chinook 2022,2022-06-26,Unguided-Boat,0,42.31666666666666,0
Nooksack spring Chinook 2022,2022-07-03,Guided-Bank,0,87.43333333333334,0
Nooksack spring Chinook 2022,2022-07-03,Guided-Boat,0,87.43333333333334,0
Nooksack spring Chinook 2022,2022-07-03,Unguided-Bank,77.76666666666667,87.43333333333334,0.889439573008006
Nooksack spring Chinook 2022,2022-07-03,Unguided-Boat,9.666666666666666,87.43333333333334,0.1105604269919939
Nooksack spring Chinook 2022,2022-07-10,Guided-Bank,0,92.5,0
Nooksack spring Chinook 2022,2022-07-10,Guided-Boat,0,92.5,0
Nooksack spring Chinook 2022,2022-07-10,Unguided-Bank,78.63333333333333,92.5,0.85009009009009
Nooksack spring Chinook 2022,2022-07-10,Unguided-Boat,13.866666666666667,92.5,0.1499099099099099
Nooksack spring Chinook 2026,2026-05-17,Guided-Bank,0,252.53333333333336,0
Nooksack spring Chinook 2026,2026-05-17,Guided-Boat,0,252.53333333333336,0
Nooksack spring Chinook 2026,2026-05-17,Unguided-Bank,202.58333333333334,252.53333333333336,0.8022043294614571
Nooksack spring Chinook 2026,2026-05-17,Unguided-Boat,49.95,252.53333333333336,0.19779567053854274
Nooksack spring Chinook 2026,2026-05-24,Guided-Bank,0,587.2833333333333,0
Nooksack spring Chinook 2026,2026-05-24,Guided-Boat,0,587.2833333333333,0
Nooksack spring Chinook 2026,2026-05-24,Unguided-Bank,422.1166666666667,587.2833333333333,0.7187615290745524
Nooksack spring Chinook 2026,2026-05-24,Unguided-Boat,165.16666666666666,587.2833333333333,0.2812384709254477
Nooksack spring Chinook 2026,2026-05-31,Guided-Bank,0,602.6833333333334,0
Nooksack spring Chinook 2026,2026-05-31,Guided-Boat,18.6,602.6833333333334,0.030861978374491856
Nooksack spring Chinook 2026,2026-05-31,Unguided-Bank,441.4666666666667,602.6833333333334,0.7325018666519177
Nooksack spring Chinook 2026,2026-05-31,Unguided-Boat,142.61666666666667,602.6833333333334,0.23663615497359033
Nooksack spring Chinook 2026,2026-06-07,Guided-Bank,0,187.96666666666667,0
Nooksack spring Chinook 2026,2026-06-07,Guided-Boat,27.800000000000004,187.96666666666667,0.14789856357510198
Nooksack spring Chinook 2026,2026-06-07,Unguided-Bank,148.53333333333333,187.96666666666667,0.7902110303245256
Nooksack spring Chinook 2026,2026-06-07,Unguided-Boat,11.633333333333333,187.96666666666667,0.0618904061003724
Nooksack winter gamefish 2021-22,2022-01-23,Guided-Bank,0,318.7166666666667,0
Nooksack winter gamefish 2021-22,2022-01-23,Guided-Boat,0,318.7166666666667,0
Nooksack winter gamefish 2021-22,2022-01-23,Unguided-Bank,193.05,318.7166666666667,0.6057104010876955
Nooksack winter gamefish 2021-22,2022-01-23,Unguided-Boat,125.66666666666666,318.7166666666667,0.3942895989123045
Nooksack winter gamefish 2021-22,2022-01-30,Guided-Bank,0,272.58333333333337,0
Nooksack winter gamefish 2021-22,2022-01-30,Guided-Boat,0,272.58333333333337,0
Nooksack winter gamefish 2021-22,2022-01-30,Unguided-Bank,154.18333333333334,272.58333333333337,0.565637419749312
Nooksack winter gamefish 2021-22,2022-01-30,Unguided-Boat,118.4,272.58333333333337,0.4343625802506878
Nooksack winter gamefish 2021-22,2022-02-06,Guided-Bank,0,505.5,0
Nooksack winter gamefish 2021-22,2022-02-06,Guided-Boat,0,505.5,0
Nooksack winter gamefish 2021-22,2022-02-06,Unguided-Bank,299.85,505.5,0.5931750741839763
Nooksack winter gamefish 2021-22,2022-02-06,Unguided-Boat,205.65,505.5,0.40682492581602375
Nooksack winter gamefish 2021-22,2022-02-13,Guided-Bank,0,324.0833333333333,0
Nooksack winter gamefish 2021-22,2022-02-13,Guided-Boat,0,324.0833333333333,0
Nooksack winter gamefish 2021-22,2022-02-13,Unguided-Bank,181.31666666666666,324.0833333333333,0.5594754435587554
Nooksack winter gamefish 2021-22,2022-02-13,Unguided-Boat,142.76666666666665,324.0833333333333,0.4405245564412445
Nooksack winter gamefish 2022-23,2022-11-27,Guided-Bank,0,24.866666666666667,0
Nooksack winter gamefish 2022-23,2022-11-27,Guided-Boat,0,24.866666666666667,0
Nooksack winter gamefish 2022-23,2022-11-27,Unguided-Bank,24.866666666666667,24.866666666666667,1
Nooksack winter gamefish 2022-23,2022-11-27,Unguided-Boat,0,24.866666666666667,0
Nooksack winter gamefish 2022-23,2022-12-04,Guided-Bank,0,149.28333333333333,0
Nooksack winter gamefish 2022-23,2022-12-04,Guided-Boat,0,149.28333333333333,0
Nooksack winter gamefish 2022-23,2022-12-04,Unguided-Bank,106.63333333333334,149.28333333333333,0.7143016635034052
Nooksack winter gamefish 2022-23,2022-12-04,Unguided-Boat,42.65,149.28333333333333,0.2856983364965948
Nooksack winter gamefish 2022-23,2022-12-11,Guided-Bank,0,181.75,0
Nooksack winter gamefish 2022-23,2022-12-11,Guided-Boat,0,181.75,0
Nooksack winter gamefish 2022-23,2022-12-11,Unguided-Bank,141.26666666666665,181.75,0.7772581384685923
Nooksack winter gamefish 2022-23,2022-12-11,Unguided-Boat,40.483333333333334,181.75,0.22274186153140763
Nooksack winter gamefish 2022-23,2022-12-18,Guided-Bank,0,2.466666666666667,0
Nooksack winter gamefish 2022-23,2022-12-18,Guided-Boat,0,2.466666666666667,0
Nooksack winter gamefish 2022-23,2022-12-18,Unguided-Bank,2.466666666666667,2.466666666666667,1
Nooksack winter gamefish 2022-23,2022-12-18,Unguided-Boat,0,2.466666666666667,0
Nooksack winter gamefish 2022-23,2022-12-25,Guided-Bank,0,10.1,0
Nooksack winter gamefish 2022-23,2022-12-25,Guided-Boat,0,10.1,0
Nooksack winter gamefish 2022-23,2022-12-25,Unguided-Bank,10.1,10.1,1
Nooksack winter gamefish 2022-23,2022-12-25,Unguided-Boat,0,10.1,0
Nooksack winter gamefish 2022-23,2023-01-01,Guided-Bank,0,63.03333333333333,0
Nooksack winter gamefish 2022-23,2023-01-01,Guided-Boat,0,63.03333333333333,0
Nooksack winter gamefish 2022-23,2023-01-01,Unguided-Bank,59.016666666666666,63.03333333333333,0.9362771020624009
Nooksack winter gamefish 2022-23,2023-01-01,Unguided-Boat,4.016666666666667,63.03333333333333,0.06372289793759915
Nooksack winter gamefish 2022-23,2023-01-29,Guided-Bank,0,131.78333333333333,0
Nooksack winter gamefish 2022-23,2023-01-29,Guided-Boat,0,131.78333333333333,0
Nooksack winter gamefish 2022-23,2023-01-29,Unguided-Bank,123.55,131.78333333333333,0.9375237131655495
Nooksack winter gamefish 2022-23,2023-01-29,Unguided-Boat,8.233333333333333,131.78333333333333,0.06247628683445048
Nooksack winter gamefish 2022-23,2023-02-05,Guided-Bank,33.15,742.35,0.04465548595675894
Nooksack winter gamefish 2022-23,2023-02-05,Guided-Boat,10.7,742.35,0.01441368626658584
Nooksack winter gamefish 2022-23,2023-02-05,Unguided-Bank,491.1666666666667,742.35,0.6616375923306617
Nooksack winter gamefish 2022-23,2023-02-05,Unguided-Boat,207.33333333333334,742.35,0.2792932354459936
Nooksack winter gamefish 2022-23,2023-02-12,Guided-Bank,0,484.2833333333333,0
Nooksack winter gamefish 2022-23,2023-02-12,Guided-Boat,0,484.2833333333333,0
Nooksack winter gamefish 2022-23,2023-02-12,Unguided-Bank,246.93333333333334,484.2833333333333,0.5098943455965861
Nooksack winter gamefish 2022-23,2023-02-12,Unguided-Boat,237.35,484.2833333333333,0.490105654403414
Post Quillayute winter steelhead 2023-24,2024-01-21,Guided-Bank,37.21666666666666,144.45,0.2576439367716626
Post Quillayute winter steelhead 2023-24,2024-01-21,Guided-Boat,64.55,144.45,0.4468674281758394
Post Quillayute winter steelhead 2023-24,2024-01-21,Unguided-Bank,28.25,144.45,0.19556940117687782
Post Quillayute winter steelhead 2023-24,2024-01-21,Unguided-Boat,14.433333333333334,144.45,0.09991923387562018
Post Quillayute winter steelhead 2023-24,2024-01-28,Guided-Bank,66.75,385.40000000000003,0.17319667877529837
Post Quillayute winter steelhead 2023-24,2024-01-28,Guided-Boat,256.7166666666667,385.40000000000003,0.6661044801937381
Post Quillayute winter steelhead 2023-24,2024-01-28,Unguided-Bank,41.416666666666664,385.40000000000003,0.10746410655595916
Post Quillayute winter steelhead 2023-24,2024-01-28,Unguided-Boat,20.516666666666666,385.40000000000003,0.05323473447500432
Post Quillayute winter steelhead 2023-24,2024-02-04,Guided-Bank,0,182.18333333333334,0
Post Quillayute winter steelhead 2023-24,2024-02-04,Guided-Boat,80.33333333333333,182.18333333333334,0.4409477632421553
Post Quillayute winter steelhead 2023-24,2024-02-04,Unguided-Bank,0,182.18333333333334,0
Post Quillayute winter steelhead 2023-24,2024-02-04,Unguided-Boat,101.85,182.18333333333334,0.5590522367578447
Post Quillayute winter steelhead 2023-24,2024-02-11,Guided-Bank,199.08333333333334,443.23333333333335,0.44916146499210347
Post Quillayute winter steelhead 2023-24,2024-02-11,Guided-Boat,139.63333333333333,443.23333333333335,0.3150334661953824
Post Quillayute winter steelhead 2023-24,2024-02-11,Unguided-Bank,24.683333333333334,443.23333333333335,0.055689253215010906
Post Quillayute winter steelhead 2023-24,2024-02-11,Unguided-Boat,79.83333333333333,443.23333333333335,0.18011581559750317
Post Quillayute winter steelhead 2023-24,2024-02-18,Guided-Bank,53.266666666666666,476.6333333333333,0.11175606685782223
Post Quillayute winter steelhead 2023-24,2024-02-18,Guided-Boat,79.45,476.6333333333333,0.16668997832016225
Post Quillayute winter steelhead 2023-24,2024-02-18,Unguided-Bank,139.28333333333333,476.6333333333333,0.2922232323938737
Post Quillayute winter steelhead 2023-24,2024-02-18,Unguided-Boat,204.63333333333333,476.6333333333333,0.4293307224281418
Post Quillayute winter steelhead 2023-24,2024-02-25,Guided-Bank,72.53333333333333,1051.6833333333334,0.06896879605711478
Post Quillayute winter steelhead 2023-24,2024-02-25,Guided-Boat,377.78333333333336,1051.6833333333334,0.35921776200060224
Post Quillayute winter steelhead 2023-24,2024-02-25,Unguided-Bank,138.48333333333335,1051.6833333333334,0.13167778640592068
Post Quillayute winter steelhead 2023-24,2024-02-25,Unguided-Boat,462.8833333333333,1051.6833333333334,0.4401356555363623
Post Quillayute winter steelhead 2023-24,2024-03-03,Guided-Bank,72.23333333333333,703.3333333333334,0.10270142180094786
Post Quillayute winter steelhead 2023-24,2024-03-03,Guided-Boat,207.81666666666666,703.3333333333334,0.2954739336492891
Post Quillayute winter steelhead 2023-24,2024-03-03,Unguided-Bank,78.96666666666667,703.3333333333334,0.11227488151658767
Post Quillayute winter steelhead 2023-24,2024-03-03,Unguided-Boat,344.31666666666666,703.3333333333334,0.4895497630331753
Post Quillayute winter steelhead 2023-24,2024-03-10,Guided-Bank,128.98333333333335,872.1,0.14789970569124336
Post Quillayute winter steelhead 2023-24,2024-03-10,Guided-Boat,275.25,872.1,0.3156174750601995
Post Quillayute winter steelhead 2023-24,2024-03-10,Unguided-Bank,216.28333333333333,872.1,0.24800290486564996
Post Quillayute winter steelhead 2023-24,2024-03-10,Unguided-Boat,251.58333333333334,872.1,0.28847991438290715
Post Quillayute winter steelhead 2023-24,2024-03-17,Guided-Bank,15.433333333333334,192.28333333333333,0.08026350004333882
Post Quillayute winter steelhead 2023-24,2024-03-17,Guided-Boat,108.45,192.28333333333333,0.5640114414492503
Post Quillayute winter steelhead 2023-24,2024-03-17,Unguided-Bank,1.65,192.28333333333333,0.008581086937678773
Post Quillayute winter steelhead 2023-24,2024-03-17,Unguided-Boat,66.75,192.28333333333333,0.34714397156973215
Post Quillayute winter steelhead 2023-24,2024-03-24,Guided-Bank,33.25,177.75,0.18706047819971872
Post Quillayute winter steelhead 2023-24,2024-03-24,Guided-Boat,65.06666666666666,177.75,0.36605719643694323
Post Quillayute winter steelhead 2023-24,2024-03-24,Unguided-Bank,8.933333333333334,177.75,0.05025785278949836
Post Quillayute winter steelhead 2023-24,2024-03-24,Unguided-Boat,70.5,177.75,0.39662447257383965
Post Quillayute winter steelhead 2023-24,2024-03-31,Guided-Bank,0,35.7,0
Post Quillayute winter steelhead 2023-24,2024-03-31,Guided-Boat,16.166666666666668,35.7,0.45284780578898226
Post Quillayute winter steelhead 2023-24,2024-03-31,Unguided-Bank,0,35.7,0
Post Quillayute winter steelhead 2023-24,2024-03-31,Unguided-Boat,19.533333333333335,35.7,0.5471521942110178
Pre Quillayute winter steelhead 2023-24,2023-11-26,Guided-Bank,0,49,0
Pre Quillayute winter steelhead 2023-24,2023-11-26,Guided-Boat,0,49,0
Pre Quillayute winter steelhead 2023-24,2023-11-26,Unguided-Bank,49,49,1
Pre Quillayute winter steelhead 2023-24,2023-11-26,Unguided-Boat,0,49,0
Pre Quillayute winter steelhead 2023-24,2023-12-03,Guided-Bank,0,14.066666666666666,0
Pre Quillayute winter steelhead 2023-24,2023-12-03,Guided-Boat,0,14.066666666666666,0
Pre Quillayute winter steelhead 2023-24,2023-12-03,Unguided-Bank,14.066666666666666,14.066666666666666,1
Pre Quillayute winter steelhead 2023-24,2023-12-03,Unguided-Boat,0,14.066666666666666,0
Pre Quillayute winter steelhead 2023-24,2023-12-10,Guided-Bank,0,11.133333333333333,0
Pre Quillayute winter steelhead 2023-24,2023-12-10,Guided-Boat,7.616666666666666,11.133333333333333,0.6841317365269461
Pre Quillayute winter steelhead 2023-24,2023-12-10,Unguided-Bank,3.5166666666666666,11.133333333333333,0.3158682634730539
Pre Quillayute winter steelhead 2023-24,2023-12-10,Unguided-Boat,0,11.133333333333333,0
Pre Quillayute winter steelhead 2023-24,2023-12-17,Guided-Bank,0,14.033333333333335,0
Pre Quillayute winter steelhead 2023-24,2023-12-17,Guided-Boat,0,14.033333333333335,0
Pre Quillayute winter steelhead 2023-24,2023-12-17,Unguided-Bank,9.666666666666668,14.033333333333335,0.6888361045130641
Pre Quillayute winter steelhead 2023-24,2023-12-17,Unguided-Boat,4.366666666666666,14.033333333333335,0.3111638954869358
Pre Quillayute winter steelhead 2023-24,2023-12-24,Guided-Bank,38,121.91666666666666,0.31168831168831174
Pre Quillayute winter steelhead 2023-24,2023-12-24,Guided-Boat,31.53333333333333,121.91666666666666,0.2586466165413534
Pre Quillayute winter steelhead 2023-24,2023-12-24,Unguided-Bank,40.38333333333333,121.91666666666666,0.33123718386876283
Pre Quillayute winter steelhead 2023-24,2023-12-24,Unguided-Boat,12,121.91666666666666,0.09842788790157211
Pre Quillayute winter steelhead 2023-24,2023-12-31,Guided-Bank,76.51666666666667,186.01666666666668,0.41134306961741773
Pre Quillayute winter steelhead 2023-24,2023-12-31,Guided-Boat,0,186.01666666666668,0
Pre Quillayute winter steelhead 2023-24,2023-12-31,Unguided-Bank,80.2,186.01666666666668,0.4311441627094346
Pre Quillayute winter steelhead 2023-24,2023-12-31,Unguided-Boat,29.3,186.01666666666668,0.15751276767314756
Pre Quillayute winter steelhead 2023-24,2024-01-07,Guided-Bank,11.65,209.35,0.05564843563410557
Pre Quillayute winter steelhead 2023-24,2024-01-07,Guided-Boat,97.1,209.35,0.46381657511344637
Pre Quillayute winter steelhead 2023-24,2024-01-07,Unguided-Bank,63.6,209.35,0.3037974683544304
Pre Quillayute winter steelhead 2023-24,2024-01-07,Unguided-Boat,37,209.35,0.17673752089801767
Pre Quillayute winter steelhead 2023-24,2024-01-14,Guided-Bank,58.81666666666667,491.25,0.11972858354537745
Pre Quillayute winter steelhead 2023-24,2024-01-14,Guided-Boat,243.08333333333334,491.25,0.49482612383375746
Pre Quillayute winter steelhead 2023-24,2024-01-14,Unguided-Bank,81.23333333333333,491.25,0.16536047497879558
Pre Quillayute winter steelhead 2023-24,2024-01-14,Unguided-Boat,108.11666666666666,491.25,0.22008481764206952
Pre Quillayute winter steelhead 2023-24,2024-01-21,Guided-Bank,15.283333333333333,333.76666666666665,0.04579047238589833
Pre Quillayute winter steelhead 2023-24,2024-01-21,Guided-Boat,153.98333333333332,333.76666666666665,0.4613502446819135
Pre Quillayute winter steelhead 2023-24,2024-01-21,Unguided-Bank,3,333.76666666666665,0.008988315190252671
Pre Quillayute winter steelhead 2023-24,2024-01-21,Unguided-Boat,161.5,333.76666666666665,0.4838709677419355
Puyallup Carbon salmon 2024,2024-09-08,Guided-Bank,0,3.966666666666667,0
Puyallup Carbon salmon 2024,2024-09-08,Guided-Boat,0,3.966666666666667,0
Puyallup Carbon salmon 2024,2024-09-08,Unguided-Bank,0,3.966666666666667,0
Puyallup Carbon salmon 2024,2024-09-08,Unguided-Boat,3.966666666666667,3.966666666666667,1
Queets winter steelhead 2024-25,2025-01-05,Guided-Bank,0,2.0833333333333335,0
Queets winter steelhead 2024-25,2025-01-05,Guided-Boat,0,2.0833333333333335,0
Queets winter steelhead 2024-25,2025-01-05,Unguided-Bank,2.0833333333333335,2.0833333333333335,1
Queets winter steelhead 2024-25,2025-01-05,Unguided-Boat,0,2.0833333333333335,0
Queets winter steelhead 2024-25,2025-01-12,Guided-Bank,0,111.86666666666667,0
Queets winter steelhead 2024-25,2025-01-12,Guided-Boat,0,111.86666666666667,0
Queets winter steelhead 2024-25,2025-01-12,Unguided-Bank,53.016666666666666,111.86666666666667,0.47392729439809295
Queets winter steelhead 2024-25,2025-01-12,Unguided-Boat,58.85,111.86666666666667,0.526072705601907
Queets winter steelhead 2024-25,2025-01-19,Guided-Bank,0,16.45,0
Queets winter steelhead 2024-25,2025-01-19,Guided-Boat,0,16.45,0
Queets winter steelhead 2024-25,2025-01-19,Unguided-Bank,16.45,16.45,1
Queets winter steelhead 2024-25,2025-01-19,Unguided-Boat,0,16.45,0
Queets winter steelhead 2024-25,2025-01-26,Guided-Bank,6.266666666666667,132.76666666666665,0.047200602560883764
Queets winter steelhead 2024-25,2025-01-26,Guided-Boat,0,132.76666666666665,0
Queets winter steelhead 2024-25,2025-01-26,Unguided-Bank,54.916666666666664,132.76666666666665,0.4136329399949787
Queets winter steelhead 2024-25,2025-01-26,Unguided-Boat,71.58333333333333,132.76666666666665,0.5391664574441376
Queets winter steelhead 2024-25,2025-02-02,Guided-Bank,0,73.93333333333334,0
Queets winter steelhead 2024-25,2025-02-02,Guided-Boat,0,73.93333333333334,0
Queets winter steelhead 2024-25,2025-02-02,Unguided-Bank,31.433333333333334,73.93333333333334,0.42515779981965734
Queets winter steelhead 2024-25,2025-02-02,Unguided-Boat,42.5,73.93333333333334,0.5748422001803426
Queets winter steelhead 2024-25,2025-02-09,Guided-Bank,0,71.8,0
Queets winter steelhead 2024-25,2025-02-09,Guided-Boat,0,71.8,0
Queets winter steelhead 2024-25,2025-02-09,Unguided-Bank,33.3,71.8,0.4637883008356546
Queets winter steelhead 2024-25,2025-02-09,Unguided-Boat,38.5,71.8,0.5362116991643454
Queets winter steelhead 2024-25,2025-02-16,Guided-Bank,14.25,194.68333333333334,0.07319578803184659
Queets winter steelhead 2024-25,2025-02-16,Guided-Boat,75.18333333333334,194.68333333333334,0.3861826898381988
Queets winter steelhead 2024-25,2025-02-16,Unguided-Bank,29.233333333333334,194.68333333333334,0.150158376851297
Queets winter steelhead 2024-25,2025-02-16,Unguided-Boat,76.01666666666667,194.68333333333334,0.39046314527865766
Queets winter steelhead 2024-25,2025-02-23,Guided-Bank,0,17.4,0
Queets winter steelhead 2024-25,2025-02-23,Guided-Boat,0,17.4,0
Queets winter steelhead 2024-25,2025-02-23,Unguided-Bank,17.4,17.4,1
Queets winter steelhead 2024-25,2025-02-23,Unguided-Boat,0,17.4,0
Queets winter steelhead 2025-26,2025-12-14,Guided-Bank,0,7.25,0
Queets winter steelhead 2025-26,2025-12-14,Guided-Boat,0,7.25,0
Queets winter steelhead 2025-26,2025-12-14,Unguided-Bank,7.25,7.25,1
Queets winter steelhead 2025-26,2025-12-14,Unguided-Boat,0,7.25,0
Queets winter steelhead 2025-26,2025-12-21,Guided-Bank,0,5.633333333333334,0
Queets winter steelhead 2025-26,2025-12-21,Guided-Boat,0,5.633333333333334,0
Queets winter steelhead 2025-26,2025-12-21,Unguided-Bank,5.633333333333334,5.633333333333334,1
Queets winter steelhead 2025-26,2025-12-21,Unguided-Boat,0,5.633333333333334,0
Queets winter steelhead 2025-26,2025-12-28,Guided-Bank,0,13.9,0
Queets winter steelhead 2025-26,2025-12-28,Guided-Boat,0,13.9,0
Queets winter steelhead 2025-26,2025-12-28,Unguided-Bank,13.9,13.9,1
Queets winter steelhead 2025-26,2025-12-28,Unguided-Boat,0,13.9,0
Queets winter steelhead 2025-26,2026-01-11,Guided-Bank,0,121.16666666666667,0
Queets winter steelhead 2025-26,2026-01-11,Guided-Boat,0,121.16666666666667,0
Queets winter steelhead 2025-26,2026-01-11,Unguided-Bank,121.16666666666667,121.16666666666667,1
Queets winter steelhead 2025-26,2026-01-11,Unguided-Boat,0,121.16666666666667,0
Queets winter steelhead 2025-26,2026-01-18,Guided-Bank,0,5.4,0
Queets winter steelhead 2025-26,2026-01-18,Guided-Boat,0,5.4,0
Queets winter steelhead 2025-26,2026-01-18,Unguided-Bank,5.4,5.4,1
Queets winter steelhead 2025-26,2026-01-18,Unguided-Boat,0,5.4,0
Queets winter steelhead 2025-26,2026-01-25,Guided-Bank,0,57.1,0
Queets winter steelhead 2025-26,2026-01-25,Guided-Boat,0,57.1,0
Queets winter steelhead 2025-26,2026-01-25,Unguided-Bank,57.1,57.1,1
Queets winter steelhead 2025-26,2026-01-25,Unguided-Boat,0,57.1,0
Queets winter steelhead 2025-26,2026-02-01,Guided-Bank,42.81666666666666,83.94999999999999,0.5100258090133016
Queets winter steelhead 2025-26,2026-02-01,Guided-Boat,0,83.94999999999999,0
Queets winter steelhead 2025-26,2026-02-01,Unguided-Bank,15,83.94999999999999,0.17867778439547352
Queets winter steelhead 2025-26,2026-02-01,Unguided-Boat,26.133333333333333,83.94999999999999,0.311296406591225
Queets winter steelhead 2025-26,2026-02-08,Guided-Bank,12.25,50.7,0.24161735700197237
Queets winter steelhead 2025-26,2026-02-08,Guided-Boat,0,50.7,0
Queets winter steelhead 2025-26,2026-02-08,Unguided-Bank,17.650000000000002,50.7,0.34812623274161736
Queets winter steelhead 2025-26,2026-02-08,Unguided-Boat,20.8,50.7,0.41025641025641024
Queets winter steelhead 2025-26,2026-02-15,Guided-Bank,0,3.1666666666666665,0
Queets winter steelhead 2025-26,2026-02-15,Guided-Boat,0,3.1666666666666665,0
Queets winter steelhead 2025-26,2026-02-15,Unguided-Bank,3.1666666666666665,3.1666666666666665,1
Queets winter steelhead 2025-26,2026-02-15,Unguided-Boat,0,3.1666666666666665,0
Queets winter steelhead 2025-26,2026-02-22,Guided-Bank,0,63.5,0
Queets winter steelhead 2025-26,2026-02-22,Guided-Boat,16.5,63.5,0.25984251968503935
Queets winter steelhead 2025-26,2026-02-22,Unguided-Bank,17,63.5,0.2677165354330709
Queets winter steelhead 2025-26,2026-02-22,Unguided-Boat,30,63.5,0.47244094488188976
Queets winter steelhead 2025-26,2026-03-01,Guided-Bank,0,6,0
Queets winter steelhead 2025-26,2026-03-01,Guided-Boat,0,6,0
Queets winter steelhead 2025-26,2026-03-01,Unguided-Bank,6,6,1
Queets winter steelhead 2025-26,2026-03-01,Unguided-Boat,0,6,0
Queets winter steelhead 2025-26,2026-03-22,Guided-Bank,0,103.31666666666666,0
Queets winter steelhead 2025-26,2026-03-22,Guided-Boat,23.599999999999998,103.31666666666666,0.22842393934505564
Queets winter steelhead 2025-26,2026-03-22,Unguided-Bank,0,103.31666666666666,0
Queets winter steelhead 2025-26,2026-03-22,Unguided-Boat,79.71666666666667,103.31666666666666,0.7715760606549444
Quillayute fall salmon 2022,2022-09-18,Guided-Bank,0,20.266666666666666,0
Quillayute fall salmon 2022,2022-09-18,Guided-Boat,0,20.266666666666666,0
Quillayute fall salmon 2022,2022-09-18,Unguided-Bank,20.266666666666666,20.266666666666666,1
Quillayute fall salmon 2022,2022-09-18,Unguided-Boat,0,20.266666666666666,0
Quillayute fall salmon 2022,2022-09-25,Guided-Bank,0,25.716666666666665,0
Quillayute fall salmon 2022,2022-09-25,Guided-Boat,0,25.716666666666665,0
Quillayute fall salmon 2022,2022-09-25,Unguided-Bank,9.3,25.716666666666665,0.3616331821127674
Quillayute fall salmon 2022,2022-09-25,Unguided-Boat,16.416666666666664,25.716666666666665,0.6383668178872326
Quillayute fall salmon 2022,2022-10-02,Guided-Bank,0,198.8,0
Quillayute fall salmon 2022,2022-10-02,Guided-Boat,0,198.8,0
Quillayute fall salmon 2022,2022-10-02,Unguided-Bank,194.8,198.8,0.9798792756539235
Quillayute fall salmon 2022,2022-10-02,Unguided-Boat,4,198.8,0.02012072434607646
Quillayute fall salmon 2022,2022-10-30,Guided-Bank,0,511.01666666666665,0
Quillayute fall salmon 2022,2022-10-30,Guided-Boat,90.03333333333333,511.01666666666665,0.17618472978702587
Quillayute fall salmon 2022,2022-10-30,Unguided-Bank,137.91666666666666,511.01666666666665,0.26988682691366883
Quillayute fall salmon 2022,2022-10-30,Unguided-Boat,283.06666666666666,511.01666666666665,0.5539284432993054
Quillayute fall salmon 2022,2022-11-06,Guided-Bank,0,565.1,0
Quillayute fall salmon 2022,2022-11-06,Guided-Boat,260.93333333333334,565.1,0.4617471833893706
Quillayute fall salmon 2022,2022-11-06,Unguided-Bank,123.71666666666667,565.1,0.21892880316168228
Quillayute fall salmon 2022,2022-11-06,Unguided-Boat,180.45,565.1,0.31932401344894706
Quillayute fall salmon 2022,2022-11-13,Guided-Bank,42.666666666666664,605.7666666666667,0.07043416056787542
Quillayute fall salmon 2022,2022-11-13,Guided-Boat,132.43333333333334,605.7666666666667,0.21862103120013207
Quillayute fall salmon 2022,2022-11-13,Unguided-Bank,172.04999999999998,605.7666666666667,0.28402024982116325
Quillayute fall salmon 2022,2022-11-13,Unguided-Boat,258.6166666666667,605.7666666666667,0.42692455841082927
Quillayute fall salmon 2022,2022-11-20,Guided-Bank,0,363.43333333333334,0
Quillayute fall salmon 2022,2022-11-20,Guided-Boat,33.199999999999996,363.43333333333334,0.09135100431074016
Quillayute fall salmon 2022,2022-11-20,Unguided-Bank,145.05,363.43333333333334,0.39911033660460427
Quillayute fall salmon 2022,2022-11-20,Unguided-Boat,185.18333333333334,363.43333333333334,0.5095386590846556
Quillayute fall salmon 2022,2022-11-27,Guided-Bank,0,575.5666666666667,0
Quillayute fall salmon 2022,2022-11-27,Guided-Boat,55.550000000000004,575.5666666666667,0.09651358081890311
Quillayute fall salmon 2022,2022-11-27,Unguided-Bank,280.9166666666667,575.5666666666667,0.48806972838362195
Quillayute fall salmon 2022,2022-11-27,Unguided-Boat,239.1,575.5666666666667,0.4154166907974749
Quillayute fall salmon 2022,2022-12-04,Guided-Bank,10,515.2166666666667,0.019409309999029532
Quillayute fall salmon 2022,2022-12-04,Guided-Boat,31,515.2166666666667,0.060168860996991556
Quillayute fall salmon 2022,2022-12-04,Unguided-Bank,321.26666666666665,515.2166666666667,0.6235564325688221
Quillayute fall salmon 2022,2022-12-04,Unguided-Boat,152.95,515.2166666666667,0.2968653964351567
Quillayute fall salmon 2022,2022-12-11,Guided-Bank,14,646.8666666666667,0.021642790889415644
Quillayute fall salmon 2022,2022-12-11,Guided-Boat,173.35,646.8666666666667,0.2679841286200144
Quillayute fall salmon 2022,2022-12-11,Unguided-Bank,267.0833333333333,646.8666666666667,0.412887766670102
Quillayute fall salmon 2022,2022-12-11,Unguided-Boat,192.43333333333334,646.8666666666667,0.2974853138204679
Quillayute fall salmon 2023,2023-10-01,Guided-Bank,0,703.7166666666667,0
Quillayute fall salmon 2023,2023-10-01,Guided-Boat,77.93333333333334,703.7166666666667,0.11074532837552993
Quillayute fall salmon 2023,2023-10-01,Unguided-Bank,519.6333333333333,703.7166666666667,0.7384127134500154
Quillayute fall salmon 2023,2023-10-01,Unguided-Boat,106.14999999999999,703.7166666666667,0.15084195817445467
Quillayute fall salmon 2023,2023-10-08,Guided-Bank,0,715.3666666666667,0
Quillayute fall salmon 2023,2023-10-08,Guided-Boat,182.46666666666667,715.3666666666667,0.2550673314384232
Quillayute fall salmon 2023,2023-10-08,Unguided-Bank,292.65,715.3666666666667,0.40909090909090906
Quillayute fall salmon 2023,2023-10-08,Unguided-Boat,240.25,715.3666666666667,0.33584175947066774
Quillayute fall salmon 2023,2023-10-15,Guided-Bank,0,651.85,0
Quillayute fall salmon 2023,2023-10-15,Guided-Boat,81.8,651.85,0.125488992866457
Quillayute fall salmon 2023,2023-10-15,Unguided-Bank,404.78333333333336,651.85,0.6209761959551021
Quillayute fall salmon 2023,2023-10-15,Unguided-Boat,165.26666666666668,651.85,0.25353481117844084
Quillayute fall salmon 2023,2023-10-22,Guided-Bank,0,367.35,0
Quillayute fall salmon 2023,2023-10-22,Guided-Boat,119.93333333333334,367.35,0.326482464497981
Quillayute fall salmon 2023,2023-10-22,Unguided-Bank,169.95,367.35,0.462637811351572
Quillayute fall salmon 2023,2023-10-22,Unguided-Boat,77.46666666666667,367.35,0.2108797241504469
Quillayute fall salmon 2023,2023-10-29,Guided-Bank,0,120.21666666666667,0
Quillayute fall salmon 2023,2023-10-29,Guided-Boat,22.916666666666668,120.21666666666667,0.19062803271870235
Quillayute fall salmon 2023,2023-10-29,Unguided-Bank,74.93333333333334,120.21666666666667,0.6233190073478442
Quillayute fall salmon 2023,2023-10-29,Unguided-Boat,22.366666666666667,120.21666666666667,0.1860529599334535
Quillayute fall salmon 2023,2023-11-05,Guided-Bank,0,261.53333333333336,0
Quillayute fall salmon 2023,2023-11-05,Guided-Boat,69.05,261.53333333333336,0.26401988274279886
Quillayute fall salmon 2023,2023-11-05,Unguided-Bank,57.083333333333336,261.53333333333336,0.21826408360948252
Quillayute fall salmon 2023,2023-11-05,Unguided-Boat,135.4,261.53333333333336,0.5177160336477186
Quillayute fall salmon 2023,2023-11-12,Guided-Bank,0,102.43333333333334,0
Quillayute fall salmon 2023,2023-11-12,Guided-Boat,51.53333333333333,102.43333333333334,0.5030914415880247
Quillayute fall salmon 2023,2023-11-12,Unguided-Bank,23.033333333333335,102.43333333333334,0.22486169866579891
Quillayute fall salmon 2023,2023-11-12,Unguided-Boat,27.866666666666667,102.43333333333334,0.2720468597461764
Quillayute fall salmon 2023,2023-11-19,Guided-Bank,0,85.08333333333333,0
Quillayute fall salmon 2023,2023-11-19,Guided-Boat,0,85.08333333333333,0
Quillayute fall salmon 2023,2023-11-19,Unguided-Bank,21.566666666666666,85.08333333333333,0.25347698334965724
Quillayute fall salmon 2023,2023-11-19,Unguided-Boat,63.516666666666666,85.08333333333333,0.7465230166503428
Quillayute fall salmon 2023,2023-11-26,Guided-Bank,0,133.38333333333333,0
Quillayute fall salmon 2023,2023-11-26,Guided-Boat,0,133.38333333333333,0
Quillayute fall salmon 2023,2023-11-26,Unguided-Bank,98.58333333333334,133.38333333333333,0.7390978383106336
Quillayute fall salmon 2023,2023-11-26,Unguided-Boat,34.8,133.38333333333333,0.2609021616893665
Quillayute fall salmon 2024,2024-09-01,Guided-Bank,15.6,154.06666666666666,0.10125486802250108
Quillayute fall salmon 2024,2024-09-01,Guided-Boat,10.8,154.06666666666666,0.07009952401557767
Quillayute fall salmon 2024,2024-09-01,Unguided-Bank,91.31666666666666,154.06666666666666,0.5927087840761575
Quillayute fall salmon 2024,2024-09-01,Unguided-Boat,36.35,154.06666666666666,0.23593682388576376
Quillayute fall salmon 2024,2024-09-08,Guided-Bank,0,299.8666666666667,0
Quillayute fall salmon 2024,2024-09-08,Guided-Boat,53.43333333333334,299.8666666666667,0.17819030680302358
Quillayute fall salmon 2024,2024-09-08,Unguided-Bank,222.86666666666667,299.8666666666667,0.7432192085371276
Quillayute fall salmon 2024,2024-09-08,Unguided-Boat,23.566666666666666,299.8666666666667,0.07859048465984882
Quillayute fall salmon 2024,2024-09-15,Guided-Bank,0,217.95,0
Quillayute fall salmon 2024,2024-09-15,Guided-Boat,7.516666666666667,217.95,0.034488032423338685
Quillayute fall salmon 2024,2024-09-15,Unguided-Bank,143.73333333333332,217.95,0.6594784736560373
Quillayute fall salmon 2024,2024-09-15,Unguided-Boat,66.7,217.95,0.306033493920624
Quillayute fall salmon 2024,2024-09-22,Guided-Bank,4,601.65,0.006648383611734397
Quillayute fall salmon 2024,2024-09-22,Guided-Boat,68.78333333333333,601.65,0.1143244965234494
Quillayute fall salmon 2024,2024-09-22,Unguided-Bank,378.75,601.65,0.6295188232361008
Quillayute fall salmon 2024,2024-09-22,Unguided-Boat,150.11666666666667,601.65,0.2495082966287155
Quillayute fall salmon 2024,2024-09-29,Guided-Bank,12.233333333333333,879.6333333333333,0.013907309863958467
Quillayute fall salmon 2024,2024-09-29,Guided-Boat,83.03333333333333,879.6333333333333,0.09439539201940202
Quillayute fall salmon 2024,2024-09-29,Unguided-Bank,466.5833333333333,879.6333333333333,0.5304293455606502
Quillayute fall salmon 2024,2024-09-29,Unguided-Boat,317.7833333333333,879.6333333333333,0.3612679525559892
Quillayute fall salmon 2024,2024-10-06,Guided-Bank,0,640.6833333333333,0
Quillayute fall salmon 2024,2024-10-06,Guided-Boat,45.666666666666664,640.6833333333333,0.0712780624853672
Quillayute fall salmon 2024,2024-10-06,Unguided-Bank,366.01666666666665,640.6833333333333,0.5712910694310762
Quillayute fall salmon 2024,2024-10-06,Unguided-Boat,229,640.6833333333333,0.3574308680835567
Quillayute fall salmon 2024,2024-10-13,Guided-Bank,14.2,443.43333333333334,0.03202285198827332
Quillayute fall salmon 2024,2024-10-13,Guided-Boat,22.31666666666667,443.43333333333334,0.050326993911147866
Quillayute fall salmon 2024,2024-10-13,Unguided-Bank,221.81666666666666,443.43333333333334,0.5002255130421709
Quillayute fall salmon 2024,2024-10-13,Unguided-Boat,185.1,443.43333333333334,0.4174246410584079
Quillayute fall salmon 2024,2024-10-20,Guided-Bank,0,688,0
Quillayute fall salmon 2024,2024-10-20,Guided-Boat,264.53333333333336,688,0.3844961240310078
Quillayute fall salmon 2024,2024-10-20,Unguided-Bank,193.15,688,0.2807412790697674
Quillayute fall salmon 2024,2024-10-20,Unguided-Boat,230.31666666666666,688,0.3347625968992248
Quillayute fall salmon 2024,2024-10-27,Guided-Bank,7.95,939.15,0.008465101421498164
Quillayute fall salmon 2024,2024-10-27,Guided-Boat,555.7666666666667,939.15,0.5917762515750058
Quillayute fall salmon 2024,2024-10-27,Unguided-Bank,84.36666666666666,939.15,0.08983300502227191
Quillayute fall salmon 2024,2024-10-27,Unguided-Boat,291.06666666666666,939.15,0.3099256419812242
Quillayute fall salmon 2024,2024-11-03,Guided-Bank,0,350.8,0
Quillayute fall salmon 2024,2024-11-03,Guided-Boat,135.23333333333332,350.8,0.3854998099581908
Quillayute fall salmon 2024,2024-11-03,Unguided-Bank,38.06666666666667,350.8,0.10851387305207146
Quillayute fall salmon 2024,2024-11-03,Unguided-Boat,177.5,350.8,0.5059863169897377
Quillayute fall salmon 2024,2024-11-10,Guided-Bank,0,172.16666666666666,0
Quillayute fall salmon 2024,2024-11-10,Guided-Boat,32.016666666666666,172.16666666666666,0.18596321393998064
Quillayute fall salmon 2024,2024-11-10,Unguided-Bank,110.31666666666666,172.16666666666666,0.640755082284608
Quillayute fall salmon 2024,2024-11-10,Unguided-Boat,29.833333333333336,172.16666666666666,0.17328170377541144
Quillayute fall salmon 2024,2024-11-17,Guided-Bank,0,196.96666666666667,0
Quillayute fall salmon 2024,2024-11-17,Guided-Boat,42.900000000000006,196.96666666666667,0.2178033508207819
Quillayute fall salmon 2024,2024-11-17,Unguided-Bank,109.63333333333334,196.96666666666667,0.5566085632086648
Quillayute fall salmon 2024,2024-11-17,Unguided-Boat,44.43333333333333,196.96666666666667,0.22558808597055338
Quillayute fall salmon 2024,2024-11-24,Guided-Bank,13.566666666666666,279.25,0.048582512682781256
Quillayute fall salmon 2024,2024-11-24,Guided-Boat,11.8,279.25,0.042256042972247096
Quillayute fall salmon 2024,2024-11-24,Unguided-Bank,159.88333333333333,279.25,0.5725455088033422
Quillayute fall salmon 2024,2024-11-24,Unguided-Boat,94,279.25,0.3366159355416294
Quillayute fall salmon 2025,2025-08-31,Guided-Bank,0,207.01666666666665,0
Quillayute fall salmon 2025,2025-08-31,Guided-Boat,0,207.01666666666665,0
Quillayute fall salmon 2025,2025-08-31,Unguided-Bank,170.98333333333332,207.01666666666665,0.8259399404234764
Quillayute fall salmon 2025,2025-08-31,Unguided-Boat,36.03333333333333,207.01666666666665,0.17406005957652362
Quillayute fall salmon 2025,2025-09-07,Guided-Bank,25.666666666666664,208.76666666666665,0.12294427590611527
Quillayute fall salmon 2025,2025-09-07,Guided-Boat,44.8,208.76666666666665,0.21459364521794666
Quillayute fall salmon 2025,2025-09-07,Unguided-Bank,124.9,208.76666666666665,0.5982755867794987
Quillayute fall salmon 2025,2025-09-07,Unguided-Boat,13.399999999999999,208.76666666666665,0.06418649209643941
Quillayute fall salmon 2025,2025-09-14,Guided-Bank,0,225.05,0
Quillayute fall salmon 2025,2025-09-14,Guided-Boat,56.81666666666666,225.05,0.2524624157594608
Quillayute fall salmon 2025,2025-09-14,Unguided-Bank,122.95,225.05,0.5463230393245945
Quillayute fall salmon 2025,2025-09-14,Unguided-Boat,45.28333333333333,225.05,0.2012145449159446
Quillayute fall salmon 2025,2025-09-21,Guided-Bank,0,356.98333333333335,0
Quillayute fall salmon 2025,2025-09-21,Guided-Boat,48.8,356.98333333333335,0.13670105980671365
Quillayute fall salmon 2025,2025-09-21,Unguided-Bank,154.55,356.98333333333335,0.43293337690835243
Quillayute fall salmon 2025,2025-09-21,Unguided-Boat,153.63333333333333,356.98333333333335,0.4303655632849339
Quillayute fall salmon 2025,2025-09-28,Guided-Bank,0,495.35,0
Quillayute fall salmon 2025,2025-09-28,Guided-Boat,71,495.35,0.14333299687089937
Quillayute fall salmon 2025,2025-09-28,Unguided-Bank,277.8,495.35,0.5608155849399414
Quillayute fall salmon 2025,2025-09-28,Unguided-Boat,146.55,495.35,0.29585141818915917
Quillayute fall salmon 2025,2025-10-05,Guided-Bank,0,1014.2666666666667,0
Quillayute fall salmon 2025,2025-10-05,Guided-Boat,289.18333333333334,1014.2666666666667,0.285115682923623
Quillayute fall salmon 2025,2025-10-05,Unguided-Bank,370.46666666666664,1014.2666666666667,0.3652556855527803
Quillayute fall salmon 2025,2025-10-05,Unguided-Boat,354.6166666666667,1014.2666666666667,0.3496286315235967
Quillayute fall salmon 2025,2025-10-12,Guided-Bank,0,763.5666666666666,0
Quillayute fall salmon 2025,2025-10-12,Guided-Boat,85.5,763.5666666666666,0.11197450560963898
Quillayute fall salmon 2025,2025-10-12,Unguided-Bank,395,763.5666666666666,0.5173091194831275
Quillayute fall salmon 2025,2025-10-12,Unguided-Boat,283.06666666666666,763.5666666666666,0.37071637490723364
Quillayute fall salmon 2025,2025-10-19,Guided-Bank,0,643.95,0
Quillayute fall salmon 2025,2025-10-19,Guided-Boat,118.93333333333334,643.95,0.1846934285788234
Quillayute fall salmon 2025,2025-10-19,Unguided-Bank,410.3,643.95,0.63716127028496
Quillayute fall salmon 2025,2025-10-19,Unguided-Boat,114.71666666666667,643.95,0.17814530113621657
Quillayute fall salmon 2025,2025-10-26,Guided-Bank,0,297.06666666666666,0
Quillayute fall salmon 2025,2025-10-26,Guided-Boat,112.26666666666667,297.06666666666666,0.3779174147217235
Quillayute fall salmon 2025,2025-10-26,Unguided-Bank,52.45,297.06666666666666,0.1765596947935368
Quillayute fall salmon 2025,2025-10-26,Unguided-Boat,132.35,297.06666666666666,0.44552289048473964
Quillayute fall salmon 2025,2025-11-02,Guided-Bank,7.6,268.3,0.02832650018635855
Quillayute fall salmon 2025,2025-11-02,Guided-Boat,45.75,268.3,0.1705180767797242
Quillayute fall salmon 2025,2025-11-02,Unguided-Bank,83.75,268.3,0.31215057771151694
Quillayute fall salmon 2025,2025-11-02,Unguided-Boat,131.2,268.3,0.48900484532240024
Quillayute fall salmon 2025,2025-11-09,Guided-Bank,0,494.7833333333333,0
Quillayute fall salmon 2025,2025-11-09,Guided-Boat,149.86666666666667,494.7833333333333,0.3028935224172197
Quillayute fall salmon 2025,2025-11-09,Unguided-Bank,155.38333333333333,494.7833333333333,0.3140431838852023
Quillayute fall salmon 2025,2025-11-09,Unguided-Boat,189.53333333333333,494.7833333333333,0.3830632936975781
Quillayute fall salmon 2025,2025-11-16,Guided-Bank,0,365.6166666666667,0
Quillayute fall salmon 2025,2025-11-16,Guided-Boat,17.633333333333333,365.6166666666667,0.0482290194648311
Quillayute fall salmon 2025,2025-11-16,Unguided-Bank,269.1666666666667,365.6166666666667,0.7361991156493596
Quillayute fall salmon 2025,2025-11-16,Unguided-Boat,78.81666666666666,365.6166666666667,0.21557186488580934
Quillayute fall salmon 2025,2025-11-23,Guided-Bank,0,329.01666666666665,0
Quillayute fall salmon 2025,2025-11-23,Guided-Boat,23.2,329.01666666666665,0.07051314523073805
Quillayute fall salmon 2025,2025-11-23,Unguided-Bank,194.68333333333334,329.01666666666665,0.5917126791955828
Quillayute fall salmon 2025,2025-11-23,Unguided-Boat,111.13333333333333,329.01666666666665,0.3377741755736791
Quillayute fall salmon 2025,2025-11-30,Guided-Bank,0,229.18333333333334,0
Quillayute fall salmon 2025,2025-11-30,Guided-Boat,0,229.18333333333334,0
Quillayute fall salmon 2025,2025-11-30,Unguided-Bank,172.43333333333334,229.18333333333334,0.7523816449712748
Quillayute fall salmon 2025,2025-11-30,Unguided-Boat,56.75,229.18333333333334,0.24761835502872517
Quillayute spring chinook 2025,2025-04-27,Guided-Bank,0,534.7333333333333,0
Quillayute spring chinook 2025,2025-04-27,Guided-Boat,307.28333333333336,534.7333333333333,0.5746477995262437
Quillayute spring chinook 2025,2025-04-27,Unguided-Bank,80.63333333333334,534.7333333333333,0.15079167186136394
Quillayute spring chinook 2025,2025-04-27,Unguided-Boat,146.81666666666666,534.7333333333333,0.27456052861239244
Quillayute spring chinook 2025,2025-05-04,Guided-Bank,0,206.63333333333333,0
Quillayute spring chinook 2025,2025-05-04,Guided-Boat,87.8,206.63333333333333,0.4249072431037264
Quillayute spring chinook 2025,2025-05-04,Unguided-Bank,55.7,206.63333333333333,0.26955960638812715
Quillayute spring chinook 2025,2025-05-04,Unguided-Boat,63.13333333333333,206.63333333333333,0.3055331505081465
Quillayute spring chinook 2025,2025-05-11,Guided-Bank,8.666666666666666,272.0333333333333,0.03185884082832986
Quillayute spring chinook 2025,2025-05-11,Guided-Boat,140.75,272.0333333333333,0.5173998284523956
Quillayute spring chinook 2025,2025-05-11,Unguided-Bank,41.266666666666666,272.0333333333333,0.1516970959441245
Quillayute spring chinook 2025,2025-05-11,Unguided-Boat,81.35,272.0333333333333,0.29904423477515013
Quillayute spring chinook 2025,2025-05-18,Guided-Bank,0,108.7,0
Quillayute spring chinook 2025,2025-05-18,Guided-Boat,72.06666666666666,108.7,0.6629868138607788
Quillayute spring chinook 2025,2025-05-18,Unguided-Bank,24.166666666666668,108.7,0.2223244403557191
Quillayute spring chinook 2025,2025-05-18,Unguided-Boat,12.466666666666667,108.7,0.114688745783502
Quillayute spring chinook 2025,2025-05-25,Guided-Bank,0,91.13333333333333,0
Quillayute spring chinook 2025,2025-05-25,Guided-Boat,8.3,91.13333333333333,0.09107534747622532
Quillayute spring chinook 2025,2025-05-25,Unguided-Bank,15.466666666666667,91.13333333333333,0.1697147037307974
Quillayute spring chinook 2025,2025-05-25,Unguided-Boat,67.36666666666666,91.13333333333333,0.7392099487929773
Quillayute spring chinook 2025,2025-06-01,Guided-Bank,0,95.03333333333333,0
Quillayute spring chinook 2025,2025-06-01,Guided-Boat,23.216666666666665,95.03333333333333,0.24430024552788493
Quillayute spring chinook 2025,2025-06-01,Unguided-Bank,18.6,95.03333333333333,0.1957207997193967
Quillayute spring chinook 2025,2025-06-01,Unguided-Boat,53.21666666666666,95.03333333333333,0.5599789547527183
Quillayute spring chinook 2025,2025-06-08,Guided-Bank,0,55.266666666666666,0
Quillayute spring chinook 2025,2025-06-08,Guided-Boat,52.5,55.266666666666666,0.9499396863691194
Quillayute spring chinook 2025,2025-06-08,Unguided-Bank,2.7666666666666666,55.266666666666666,0.05006031363088058
Quillayute spring chinook 2025,2025-06-08,Unguided-Boat,0,55.266666666666666,0
Quillayute spring chinook 2025,2025-06-15,Guided-Bank,9.233333333333333,81.63333333333334,0.11310739077174355
Quillayute spring chinook 2025,2025-06-15,Guided-Boat,20.9,81.63333333333334,0.25602286647611266
Quillayute spring chinook 2025,2025-06-15,Unguided-Bank,24.45,81.63333333333334,0.29951000408329925
Quillayute spring chinook 2025,2025-06-15,Unguided-Boat,27.050000000000004,81.63333333333334,0.33135973866884444
Quillayute spring chinook 2025,2025-06-22,Guided-Bank,0,48.800000000000004,0
Quillayute spring chinook 2025,2025-06-22,Guided-Boat,16.266666666666666,48.800000000000004,0.33333333333333326
Quillayute spring chinook 2025,2025-06-22,Unguided-Bank,8.483333333333334,48.800000000000004,0.17383879781420766
Quillayute spring chinook 2025,2025-06-22,Unguided-Boat,24.050000000000004,48.800000000000004,0.49282786885245905
Quillayute spring chinook 2025,2025-06-29,Guided-Bank,0,93.25,0
Quillayute spring chinook 2025,2025-06-29,Guided-Boat,10.833333333333334,93.25,0.1161751563896336
Quillayute spring chinook 2025,2025-06-29,Unguided-Bank,15.233333333333333,93.25,0.16336014298480786
Quillayute spring chinook 2025,2025-06-29,Unguided-Boat,67.18333333333334,93.25,0.7204647006255586
Quillayute spring chinook 2026,2026-04-26,Guided-Bank,10.066666666666666,365.66666666666663,0.027529626253418416
Quillayute spring chinook 2026,2026-04-26,Guided-Boat,126.19999999999999,365.66666666666663,0.34512306289881495
Quillayute spring chinook 2026,2026-04-26,Unguided-Bank,50.15,365.66666666666663,0.1371467639015497
Quillayute spring chinook 2026,2026-04-26,Unguided-Boat,179.25,365.66666666666663,0.490200546946217
Quillayute spring chinook 2026,2026-05-03,Guided-Bank,0,326.95,0
Quillayute spring chinook 2026,2026-05-03,Guided-Boat,140.48333333333332,326.95,0.4296783402151195
Quillayute spring chinook 2026,2026-05-03,Unguided-Bank,105.28333333333333,326.95,0.32201661823928224
Quillayute spring chinook 2026,2026-05-03,Unguided-Boat,81.18333333333334,326.95,0.24830504154559824
Quillayute spring chinook 2026,2026-05-10,Guided-Bank,0,211.81666666666666,0
Quillayute spring chinook 2026,2026-05-10,Guided-Boat,80.65,211.81666666666666,0.3807537965221497
Quillayute spring chinook 2026,2026-05-10,Unguided-Bank,27.733333333333334,211.81666666666666,0.1309308364151389
Quillayute spring chinook 2026,2026-05-10,Unguided-Boat,103.43333333333334,211.81666666666666,0.4883153670627115
Quillayute spring chinook 2026,2026-05-17,Guided-Bank,0,160.81666666666666,0
Quillayute spring chinook 2026,2026-05-17,Guided-Boat,79.4,160.81666666666666,0.4937299201989844
Quillayute spring chinook 2026,2026-05-17,Unguided-Bank,21.533333333333335,160.81666666666666,0.13389988599854907
Quillayute spring chinook 2026,2026-05-17,Unguided-Boat,59.88333333333333,160.81666666666666,0.3723701938024666
Quillayute spring chinook 2026,2026-05-24,Guided-Bank,16.233333333333334,257.46666666666664,0.06305023303987572
Quillayute spring chinook 2026,2026-05-24,Guided-Boat,25.8,257.46666666666664,0.10020714655618852
Quillayute spring chinook 2026,2026-05-24,Unguided-Bank,44.3,257.46666666666664,0.1720611082340756
Quillayute spring chinook 2026,2026-05-24,Unguided-Boat,171.13333333333333,257.46666666666664,0.6646815121698603
Quillayute spring chinook 2026,2026-05-31,Guided-Bank,0,59.800000000000004,0
Quillayute spring chinook 2026,2026-05-31,Guided-Boat,25.950000000000003,59.800000000000004,0.4339464882943144
Quillayute spring chinook 2026,2026-05-31,Unguided-Bank,9.85,59.800000000000004,0.16471571906354512
Quillayute spring chinook 2026,2026-05-31,Unguided-Boat,24,59.800000000000004,0.4013377926421404
Quillayute winter steelhead 2022-23,2022-12-18,Guided-Bank,12,86.75,0.138328530259366
Quillayute winter steelhead 2022-23,2022-12-18,Guided-Boat,11.5,86.75,0.13256484149855907
Quillayute winter steelhead 2022-23,2022-12-18,Unguided-Bank,56.75,86.75,0.654178674351585
Quillayute winter steelhead 2022-23,2022-12-18,Unguided-Boat,6.5,86.75,0.07492795389048991
Quillayute winter steelhead 2022-23,2022-12-25,Guided-Bank,0,16.366666666666667,0
Quillayute winter steelhead 2022-23,2022-12-25,Guided-Boat,0,16.366666666666667,0
Quillayute winter steelhead 2022-23,2022-12-25,Unguided-Bank,16.366666666666667,16.366666666666667,1
Quillayute winter steelhead 2022-23,2022-12-25,Unguided-Boat,0,16.366666666666667,0
Quillayute winter steelhead 2022-23,2023-01-01,Guided-Bank,36.516666666666666,218.03333333333333,0.16748203638587372
Quillayute winter steelhead 2022-23,2023-01-01,Guided-Boat,25.799999999999997,218.03333333333333,0.11833053049992355
Quillayute winter steelhead 2022-23,2023-01-01,Unguided-Bank,78.3,218.03333333333333,0.3591194007032564
Quillayute winter steelhead 2022-23,2023-01-01,Unguided-Boat,77.41666666666667,218.03333333333333,0.35506803241094637
Quillayute winter steelhead 2022-23,2023-01-08,Guided-Bank,33.96666666666667,70,0.48523809523809525
Quillayute winter steelhead 2022-23,2023-01-08,Guided-Boat,0,70,0
Quillayute winter steelhead 2022-23,2023-01-08,Unguided-Bank,36.03333333333333,70,0.5147619047619048
Quillayute winter steelhead 2022-23,2023-01-08,Unguided-Boat,0,70,0
Quillayute winter steelhead 2022-23,2023-01-15,Guided-Bank,141.20000000000002,305.6666666666667,0.4619411123227917
Quillayute winter steelhead 2022-23,2023-01-15,Guided-Boat,15,305.6666666666667,0.04907306434023991
Quillayute winter steelhead 2022-23,2023-01-15,Unguided-Bank,118.1,305.6666666666667,0.3863685932388222
Quillayute winter steelhead 2022-23,2023-01-15,Unguided-Boat,31.366666666666667,305.6666666666667,0.10261723009814612
Quillayute winter steelhead 2022-23,2023-01-22,Guided-Bank,131,436.9,0.2998397802700847
Quillayute winter steelhead 2022-23,2023-01-22,Guided-Boat,126.51666666666667,436.9,0.28957808804455637
Quillayute winter steelhead 2022-23,2023-01-22,Unguided-Bank,119.93333333333334,436.9,0.27450980392156865
Quillayute winter steelhead 2022-23,2023-01-22,Unguided-Boat,59.45,436.9,0.13607232776379036
Quillayute winter steelhead 2022-23,2023-01-29,Guided-Bank,53.36666666666667,211.23333333333332,0.2526432065646205
Quillayute winter steelhead 2022-23,2023-01-29,Guided-Boat,78.13333333333333,211.23333333333332,0.3698911156698753
Quillayute winter steelhead 2022-23,2023-01-29,Unguided-Bank,67.73333333333333,211.23333333333332,0.32065646204828785
Quillayute winter steelhead 2022-23,2023-01-29,Unguided-Boat,12,211.23333333333332,0.05680921571721635
Quillayute winter steelhead 2022-23,2023-02-05,Guided-Bank,87.88333333333333,428.16666666666663,0.2052549630206306
Quillayute winter steelhead 2022-23,2023-02-05,Guided-Boat,122.5,428.16666666666663,0.28610354223433243
Quillayute winter steelhead 2022-23,2023-02-05,Unguided-Bank,108.83333333333333,428.16666666666663,0.25418450759050215
Quillayute winter steelhead 2022-23,2023-02-05,Unguided-Boat,108.95,428.16666666666663,0.25445698715453485
Quillayute winter steelhead 2022-23,2023-02-12,Guided-Bank,73.33333333333333,499.31666666666666,0.14686738542674987
Quillayute winter steelhead 2022-23,2023-02-12,Guided-Boat,132.1,499.31666666666666,0.26456156747554993
Quillayute winter steelhead 2022-23,2023-02-12,Unguided-Bank,134.88333333333333,499.31666666666666,0.2701358523315197
Quillayute winter steelhead 2022-23,2023-02-12,Unguided-Boat,159,499.31666666666666,0.31843519476618043
Quillayute winter steelhead 2022-23,2023-02-19,Guided-Bank,16.066666666666666,247.08333333333334,0.06502529510961214
Quillayute winter steelhead 2022-23,2023-02-19,Guided-Boat,56.03333333333333,247.08333333333334,0.22677908937605396
Quillayute winter steelhead 2022-23,2023-02-19,Unguided-Bank,52.03333333333333,247.08333333333334,0.21059021922428328
Quillayute winter steelhead 2022-23,2023-02-19,Unguided-Boat,122.95,247.08333333333334,0.49760539629005057
Quillayute winter steelhead 2022-23,2023-02-26,Guided-Bank,95.95,221.38333333333333,0.4334111270044418
Quillayute winter steelhead 2022-23,2023-02-26,Guided-Boat,66.53333333333333,221.38333333333333,0.3005345178047128
Quillayute winter steelhead 2022-23,2023-02-26,Unguided-Bank,58.9,221.38333333333333,0.26605435519084547
Quillayute winter steelhead 2022-23,2023-02-26,Unguided-Boat,0,221.38333333333333,0
Quillayute winter steelhead 2022-23,2023-03-12,Guided-Bank,0,214.38333333333333,0
Quillayute winter steelhead 2022-23,2023-03-12,Guided-Boat,189.9,214.38333333333333,0.8857964704967738
Quillayute winter steelhead 2022-23,2023-03-12,Unguided-Bank,17.266666666666666,214.38333333333333,0.08054108683821815
Quillayute winter steelhead 2022-23,2023-03-12,Unguided-Boat,7.216666666666667,214.38333333333333,0.03366244266500817
Quillayute winter steelhead 2022-23,2023-03-19,Guided-Bank,33.916666666666664,152.36666666666667,0.2225989936556552
Quillayute winter steelhead 2022-23,2023-03-19,Guided-Boat,92.7,152.36666666666667,0.6084007875738351
Quillayute winter steelhead 2022-23,2023-03-19,Unguided-Bank,4.75,152.36666666666667,0.031174797637278494
Quillayute winter steelhead 2022-23,2023-03-19,Unguided-Boat,21,152.36666666666667,0.13782542113323124
Quillayute winter steelhead 2024-25,2024-12-01,Guided-Bank,0,221.18333333333334,0
Quillayute winter steelhead 2024-25,2024-12-01,Guided-Boat,66.03333333333333,221.18333333333334,0.29854570115288975
Quillayute winter steelhead 2024-25,2024-12-01,Unguided-Bank,121.18333333333334,221.18333333333334,0.5478863687740185
Quillayute winter steelhead 2024-25,2024-12-01,Unguided-Boat,33.96666666666666,221.18333333333334,0.1535679300730917
Quillayute winter steelhead 2024-25,2024-12-08,Guided-Bank,22.25,560.3833333333333,0.039704963864021656
Quillayute winter steelhead 2024-25,2024-12-08,Guided-Boat,156.23333333333332,560.3833333333333,0.2787972518811528
Quillayute winter steelhead 2024-25,2024-12-08,Unguided-Bank,257.21666666666664,560.3833333333333,0.45900127888647646
Quillayute winter steelhead 2024-25,2024-12-08,Unguided-Boat,124.68333333333334,560.3833333333333,0.22249650536834906
Quillayute winter steelhead 2024-25,2024-12-15,Guided-Bank,0,337.48333333333335,0
Quillayute winter steelhead 2024-25,2024-12-15,Guided-Boat,12.733333333333333,337.48333333333335,0.03773025828435972
Quillayute winter steelhead 2024-25,2024-12-15,Unguided-Bank,303.25,337.48333333333335,0.8985628919946663
Quillayute winter steelhead 2024-25,2024-12-15,Unguided-Boat,21.5,337.48333333333335,0.06370684972097387
Quillayute winter steelhead 2024-25,2024-12-22,Guided-Bank,0,191.65,0
Quillayute winter steelhead 2024-25,2024-12-22,Guided-Boat,5.766666666666667,191.65,0.030089573006348378
Quillayute winter steelhead 2024-25,2024-12-22,Unguided-Bank,164.48333333333335,191.65,0.8582485433515958
Quillayute winter steelhead 2024-25,2024-12-22,Unguided-Boat,21.4,191.65,0.11166188364205581
Quillayute winter steelhead 2024-25,2024-12-29,Guided-Bank,0,178.75,0
Quillayute winter steelhead 2024-25,2024-12-29,Guided-Boat,47.800000000000004,178.75,0.26741258741258744
Quillayute winter steelhead 2024-25,2024-12-29,Unguided-Bank,73.26666666666667,178.75,0.4098834498834499
Quillayute winter steelhead 2024-25,2024-12-29,Unguided-Boat,57.68333333333334,178.75,0.32270396270396273
Quillayute winter steelhead 2024-25,2025-01-05,Guided-Bank,0,328.25,0
Quillayute winter steelhead 2024-25,2025-01-05,Guided-Boat,83.3,328.25,0.2537699923838538
Quillayute winter steelhead 2024-25,2025-01-05,Unguided-Bank,132.6,328.25,0.40396039603960393
Quillayute winter steelhead 2024-25,2025-01-05,Unguided-Boat,112.35,328.25,0.34226961157654223
Quillayute winter steelhead 2024-25,2025-01-12,Guided-Bank,14.566666666666666,574.4333333333333,0.02535832414553473
Quillayute winter steelhead 2024-25,2025-01-12,Guided-Boat,88.26666666666667,574.4333333333333,0.15365867811756515
Quillayute winter steelhead 2024-25,2025-01-12,Unguided-Bank,147.66666666666666,574.4333333333333,0.25706493355770904
Quillayute winter steelhead 2024-25,2025-01-12,Unguided-Boat,323.93333333333334,574.4333333333333,0.5639180641791911
Quillayute winter steelhead 2024-25,2025-01-19,Guided-Bank,22.55,141.48333333333332,0.15938273059253152
Quillayute winter steelhead 2024-25,2025-01-19,Guided-Boat,46.63333333333333,141.48333333333332,0.32960301566733424
Quillayute winter steelhead 2024-25,2025-01-19,Unguided-Bank,33.81666666666666,141.48333333333332,0.23901519613617622
Quillayute winter steelhead 2024-25,2025-01-19,Unguided-Boat,38.483333333333334,141.48333333333332,0.2719990576039581
Quillayute winter steelhead 2024-25,2025-01-26,Guided-Bank,40.733333333333334,456.68333333333334,0.08919382504288165
Quillayute winter steelhead 2024-25,2025-01-26,Guided-Boat,152.85,456.68333333333334,0.33469581402138604
Quillayute winter steelhead 2024-25,2025-01-26,Unguided-Bank,146.96666666666667,456.68333333333334,0.3218130725156016
Quillayute winter steelhead 2024-25,2025-01-26,Unguided-Boat,116.13333333333334,456.68333333333334,0.25429728842013066
Quillayute winter steelhead 2024-25,2025-02-02,Guided-Bank,39.75,275.3333333333333,0.14437046004842616
Quillayute winter steelhead 2024-25,2025-02-02,Guided-Boat,45.5,275.3333333333333,0.1652542372881356
Quillayute winter steelhead 2024-25,2025-02-02,Unguided-Bank,113.31666666666666,275.3333333333333,0.4115617433414044
Quillayute winter steelhead 2024-25,2025-02-02,Unguided-Boat,76.76666666666667,275.3333333333333,0.2788135593220339
Quillayute winter steelhead 2024-25,2025-02-09,Guided-Bank,44.9,354.26666666666665,0.1267406849830636
Quillayute winter steelhead 2024-25,2025-02-09,Guided-Boat,161.21666666666667,354.26666666666665,0.4550715092209259
Quillayute winter steelhead 2024-25,2025-02-09,Unguided-Bank,61.55,354.26666666666665,0.17373917952578097
Quillayute winter steelhead 2024-25,2025-02-09,Unguided-Boat,86.6,354.26666666666665,0.24444862627022956
Quillayute winter steelhead 2024-25,2025-02-16,Guided-Bank,126.26666666666667,619.9833333333333,0.20366138874700931
Quillayute winter steelhead 2024-25,2025-02-16,Guided-Boat,223.71666666666667,619.9833333333333,0.3608430334148767
Quillayute winter steelhead 2024-25,2025-02-16,Unguided-Bank,144.56666666666666,619.9833333333333,0.23317831124492594
Quillayute winter steelhead 2024-25,2025-02-16,Unguided-Boat,125.43333333333334,619.9833333333333,0.202317266593188
Quillayute winter steelhead 2024-25,2025-02-23,Guided-Bank,81.68333333333334,488.01666666666665,0.16737816331409447
Quillayute winter steelhead 2024-25,2025-02-23,Guided-Boat,180.88333333333333,488.01666666666665,0.37064990949762644
Quillayute winter steelhead 2024-25,2025-02-23,Unguided-Bank,134.91666666666666,488.01666666666665,0.2764591373245449
Quillayute winter steelhead 2024-25,2025-02-23,Unguided-Boat,90.53333333333333,488.01666666666665,0.18551278986373415
Quillayute winter steelhead 2024-25,2025-03-02,Guided-Bank,146.76666666666668,581.8666666666667,0.25223418881759857
Quillayute winter steelhead 2024-25,2025-03-02,Guided-Boat,171.78333333333333,581.8666666666667,0.29522800183318054
Quillayute winter steelhead 2024-25,2025-03-02,Unguided-Bank,123.58333333333333,581.8666666666667,0.212391154903758
Quillayute winter steelhead 2024-25,2025-03-02,Unguided-Boat,139.73333333333335,581.8666666666667,0.2401466544454629
Quillayute winter steelhead 2024-25,2025-03-09,Guided-Bank,228.4,821.3166666666667,0.27809005864567055
Quillayute winter steelhead 2024-25,2025-03-09,Guided-Boat,426.6166666666667,821.3166666666667,0.5194301832423547
Quillayute winter steelhead 2024-25,2025-03-09,Unguided-Bank,40.233333333333334,821.3166666666667,0.048986383652265666
Quillayute winter steelhead 2024-25,2025-03-09,Unguided-Boat,126.06666666666668,821.3166666666667,0.153493374459709
Quillayute winter steelhead 2024-25,2025-03-16,Guided-Bank,49.333333333333336,488.45,0.10099976114921351
Quillayute winter steelhead 2024-25,2025-03-16,Guided-Boat,227.78333333333333,488.45,0.46633909987375033
Quillayute winter steelhead 2024-25,2025-03-16,Unguided-Bank,98.28333333333333,488.45,0.20121472685706487
Quillayute winter steelhead 2024-25,2025-03-16,Unguided-Boat,113.05,488.45,0.23144641211997133
Quillayute winter steelhead 2024-25,2025-03-23,Guided-Bank,162.31666666666666,487.15,0.33319648294502036
Quillayute winter steelhead 2024-25,2025-03-23,Guided-Boat,164.53333333333333,487.15,0.33774675835642687
Quillayute winter steelhead 2024-25,2025-03-23,Unguided-Bank,123.86666666666666,487.15,0.254268021485511
Quillayute winter steelhead 2024-25,2025-03-23,Unguided-Boat,36.43333333333334,487.15,0.07478873721304186
Quillayute winter steelhead 2024-25,2025-03-30,Guided-Bank,18.133333333333333,394.16666666666663,0.04600422832980973
Quillayute winter steelhead 2024-25,2025-03-30,Guided-Boat,229.23333333333332,394.16666666666663,0.5815644820295983
Quillayute winter steelhead 2024-25,2025-03-30,Unguided-Bank,47.4,394.16666666666663,0.12025369978858352
Quillayute winter steelhead 2024-25,2025-03-30,Unguided-Boat,99.4,394.16666666666663,0.2521775898520085
Quillayute winter steelhead 2025-26,2025-11-30,Guided-Bank,8.083333333333334,595.15,0.013582010137500352
Quillayute winter steelhead 2025-26,2025-11-30,Guided-Boat,41.56666666666666,595.15,0.06984233666582654
Quillayute winter steelhead 2025-26,2025-11-30,Unguided-Bank,431.85,595.15,0.7256153910778796
Quillayute winter steelhead 2025-26,2025-11-30,Unguided-Boat,113.65,595.15,0.1909602621187936
Quillayute winter steelhead 2025-26,2025-12-07,Guided-Bank,2,258.9166666666667,0.007724493080141615
Quillayute winter steelhead 2025-26,2025-12-07,Guided-Boat,0,258.9166666666667,0
Quillayute winter steelhead 2025-26,2025-12-07,Unguided-Bank,256.9166666666667,258.9166666666667,0.9922755069198583
Quillayute winter steelhead 2025-26,2025-12-07,Unguided-Boat,0,258.9166666666667,0
Quillayute winter steelhead 2025-26,2025-12-14,Guided-Bank,0,322.48333333333335,0
Quillayute winter steelhead 2025-26,2025-12-14,Guided-Boat,26.700000000000003,322.48333333333335,0.08279497648457285
Quillayute winter steelhead 2025-26,2025-12-14,Unguided-Bank,275.98333333333335,322.48333333333335,0.8558065016279911
Quillayute winter steelhead 2025-26,2025-12-14,Unguided-Boat,19.799999999999997,322.48333333333335,0.06139852188743603
Quillayute winter steelhead 2025-26,2025-12-21,Guided-Bank,0,160.5,0
Quillayute winter steelhead 2025-26,2025-12-21,Guided-Boat,0,160.5,0
Quillayute winter steelhead 2025-26,2025-12-21,Unguided-Bank,87.73333333333333,160.5,0.5466251298027
Quillayute winter steelhead 2025-26,2025-12-21,Unguided-Boat,72.76666666666667,160.5,0.4533748701973001
Quillayute winter steelhead 2025-26,2025-12-28,Guided-Bank,0,726.8166666666667,0
Quillayute winter steelhead 2025-26,2025-12-28,Guided-Boat,111.46666666666667,726.8166666666667,0.1533628379462955
Quillayute winter steelhead 2025-26,2025-12-28,Unguided-Bank,472.78333333333336,726.8166666666667,0.650484991630168
Quillayute winter steelhead 2025-26,2025-12-28,Unguided-Boat,142.56666666666666,726.8166666666667,0.19615217042353641
Quillayute winter steelhead 2025-26,2026-01-04,Guided-Bank,6.5,503.85,0.01290066488042076
Quillayute winter steelhead 2025-26,2026-01-04,Guided-Boat,80.56666666666666,503.85,0.15990208726142038
Quillayute winter steelhead 2025-26,2026-01-04,Unguided-Bank,211.15,503.85,0.4190731368462836
Quillayute winter steelhead 2025-26,2026-01-04,Unguided-Boat,205.63333333333333,503.85,0.4081241110118752
Quillayute winter steelhead 2025-26,2026-01-11,Guided-Bank,0,249.95,0
Quillayute winter steelhead 2025-26,2026-01-11,Guided-Boat,77.86666666666666,249.95,0.3115289724611589
Quillayute winter steelhead 2025-26,2026-01-11,Unguided-Bank,68.86666666666667,249.95,0.2755217710208709
Quillayute winter steelhead 2025-26,2026-01-11,Unguided-Boat,103.21666666666667,249.95,0.41294925651797026
Quillayute winter steelhead 2025-26,2026-01-18,Guided-Bank,66,637,0.10361067503924647
Quillayute winter steelhead 2025-26,2026-01-18,Guided-Boat,172.56666666666666,637,0.2709052851909995
Quillayute winter steelhead 2025-26,2026-01-18,Unguided-Bank,237.85,637,0.37339089481946625
Quillayute winter steelhead 2025-26,2026-01-18,Unguided-Boat,160.58333333333334,637,0.25209314495028784
Quillayute winter steelhead 2025-26,2026-01-25,Guided-Bank,77.33333333333333,257.3833333333333,0.3004597552289063
Quillayute winter steelhead 2025-26,2026-01-25,Guided-Boat,41.7,257.3833333333333,0.16201515249627665
Quillayute winter steelhead 2025-26,2026-01-25,Unguided-Bank,85.81666666666666,257.3833333333333,0.3334196723434566
Quillayute winter steelhead 2025-26,2026-01-25,Unguided-Boat,52.53333333333333,257.3833333333333,0.2041054199313605
Quillayute winter steelhead 2025-26,2026-02-01,Guided-Bank,11.116666666666667,790.7333333333333,0.014058679706601468
Quillayute winter steelhead 2025-26,2026-02-01,Guided-Boat,331.8666666666667,790.7333333333333,0.41969479807773374
Quillayute winter steelhead 2025-26,2026-02-01,Unguided-Bank,257.51666666666665,790.7333333333333,0.32566815614197786
Quillayute winter steelhead 2025-26,2026-02-01,Unguided-Boat,190.23333333333335,790.7333333333333,0.24057836607368688
Quillayute winter steelhead 2025-26,2026-02-08,Guided-Bank,109.26666666666667,742.8333333333334,0.14709445815571012
Quillayute winter steelhead 2025-26,2026-02-08,Guided-Boat,152.4,742.8333333333334,0.20516042180839128
Quillayute winter steelhead 2025-26,2026-02-08,Unguided-Bank,172.48333333333335,742.8333333333334,0.23219654476105003
Quillayute winter steelhead 2025-26,2026-02-08,Unguided-Boat,308.68333333333334,742.8333333333334,0.41554857527484856
Quillayute winter steelhead 2025-26,2026-02-15,Guided-Bank,71.93333333333334,597.7833333333333,0.12033345415005438
Quillayute winter steelhead 2025-26,2026-02-15,Guided-Boat,117.71666666666667,597.7833333333333,0.19692196169180584
Quillayute winter steelhead 2025-26,2026-02-15,Unguided-Bank,220.4,597.7833333333333,0.36869545822064853
Quillayute winter steelhead 2025-26,2026-02-15,Unguided-Boat,187.73333333333335,597.7833333333333,0.31404912593749135
Quillayute winter steelhead 2025-26,2026-02-22,Guided-Bank,257.3666666666667,1161.9166666666667,0.22150182887470415
Quillayute winter steelhead 2025-26,2026-02-22,Guided-Boat,329.06666666666666,1161.9166666666667,0.28321021301011257
Quillayute winter steelhead 2025-26,2026-02-22,Unguided-Bank,258.1333333333333,1161.9166666666667,0.22216165817973174
Quillayute winter steelhead 2025-26,2026-02-22,Unguided-Boat,317.35,1161.9166666666667,0.27312629993545146
Quillayute winter steelhead 2025-26,2026-03-01,Guided-Bank,163,829.0833333333333,0.1966026736355413
Quillayute winter steelhead 2025-26,2026-03-01,Guided-Boat,182.16666666666666,829.0833333333333,0.219720574932154
Quillayute winter steelhead 2025-26,2026-03-01,Unguided-Bank,226.53333333333333,829.0833333333333,0.27323349080309584
Quillayute winter steelhead 2025-26,2026-03-01,Unguided-Boat,257.3833333333333,829.0833333333333,0.31044326062920896
Quillayute winter steelhead 2025-26,2026-03-08,Guided-Bank,152.45000000000002,839.6666666666667,0.18156014291385472
Quillayute winter steelhead 2025-26,2026-03-08,Guided-Boat,396.7166666666667,839.6666666666667,0.4724692338229456
Quillayute winter steelhead 2025-26,2026-03-08,Unguided-Bank,34.1,839.6666666666667,0.04061135371179039
Quillayute winter steelhead 2025-26,2026-03-08,Unguided-Boat,256.4,839.6666666666667,0.30535926955140924
Quillayute winter steelhead 2025-26,2026-03-15,Guided-Bank,64.61666666666666,760.1833333333333,0.08500142509482361
Quillayute winter steelhead 2025-26,2026-03-15,Guided-Boat,252.78333333333333,760.1833333333333,0.33252943368924165
Quillayute winter steelhead 2025-26,2026-03-15,Unguided-Bank,253.81666666666666,760.1833333333333,0.33388875490561487
Quillayute winter steelhead 2025-26,2026-03-15,Unguided-Boat,188.96666666666667,760.1833333333333,0.2485803863103199
Quillayute winter steelhead 2025-26,2026-03-22,Guided-Bank,43.233333333333334,902.7166666666666,0.047892472721230366
Quillayute winter steelhead 2025-26,2026-03-22,Guided-Boat,453.8333333333333,902.7166666666666,0.5027417240551668
Quillayute winter steelhead 2025-26,2026-03-22,Unguided-Bank,144,902.7166666666666,0.15951849048243266
Quillayute winter steelhead 2025-26,2026-03-22,Unguided-Boat,261.65,902.7166666666666,0.28984731274117015
Quillayute winter steelhead 2025-26,2026-03-29,Guided-Bank,49.85,421.43333333333334,0.11828679901922012
Quillayute winter steelhead 2025-26,2026-03-29,Guided-Boat,120.2,421.43333333333334,0.2852171161907775
Quillayute winter steelhead 2025-26,2026-03-29,Unguided-Bank,121.36666666666667,421.43333333333334,0.28798544649213004
Quillayute winter steelhead 2025-26,2026-03-29,Unguided-Boat,130.01666666666668,421.43333333333334,0.30851063829787234
Quinault winter steelhead 2024-25,2025-02-23,Guided-Bank,0,25.066666666666666,0
Quinault winter steelhead 2024-25,2025-02-23,Guided-Boat,10.5,25.066666666666666,0.41888297872340424
Quinault winter steelhead 2024-25,2025-02-23,Unguided-Bank,1.0666666666666667,25.066666666666666,0.0425531914893617
Quinault winter steelhead 2024-25,2025-02-23,Unguided-Boat,13.5,25.066666666666666,0.538563829787234
Quinault winter steelhead 2024-25,2025-03-02,Guided-Bank,0,56.25,0
Quinault winter steelhead 2024-25,2025-03-02,Guided-Boat,28.950000000000003,56.25,0.5146666666666667
Quinault winter steelhead 2024-25,2025-03-02,Unguided-Bank,12.95,56.25,0.23022222222222222
Quinault winter steelhead 2024-25,2025-03-02,Unguided-Boat,14.35,56.25,0.2551111111111111
Quinault winter steelhead 2024-25,2025-03-09,Guided-Bank,5.5,95.41666666666666,0.05764192139737992
Quinault winter steelhead 2024-25,2025-03-09,Guided-Boat,50.916666666666664,95.41666666666666,0.5336244541484716
Quinault winter steelhead 2024-25,2025-03-09,Unguided-Bank,39,95.41666666666666,0.4087336244541485
Quinault winter steelhead 2024-25,2025-03-09,Unguided-Boat,0,95.41666666666666,0
Quinault winter steelhead 2024-25,2025-03-16,Guided-Bank,0,113.14999999999999,0
Quinault winter steelhead 2024-25,2025-03-16,Guided-Boat,17.5,113.14999999999999,0.15466195315952277
Quinault winter steelhead 2024-25,2025-03-16,Unguided-Bank,54.68333333333333,113.14999999999999,0.48328177934894684
Quinault winter steelhead 2024-25,2025-03-16,Unguided-Boat,40.96666666666666,113.14999999999999,0.3620562674915304
Quinault winter steelhead 2024-25,2025-03-23,Guided-Bank,0,76.73333333333332,0
Quinault winter steelhead 2024-25,2025-03-23,Guided-Boat,15,76.73333333333332,0.1954821894005213
Quinault winter steelhead 2024-25,2025-03-23,Unguided-Bank,37.58333333333333,76.73333333333332,0.4897914856646395
Quinault winter steelhead 2024-25,2025-03-23,Unguided-Boat,24.15,76.73333333333332,0.3147263249348393
Quinault winter steelhead 2024-25,2025-03-30,Guided-Bank,0,51.31666666666666,0
Quinault winter steelhead 2024-25,2025-03-30,Guided-Boat,0,51.31666666666666,0
Quinault winter steelhead 2024-25,2025-03-30,Unguided-Bank,39.05,51.31666666666666,0.7609613510880155
Quinault winter steelhead 2024-25,2025-03-30,Unguided-Boat,12.266666666666667,51.31666666666666,0.23903864891198445
Quinault winter steelhead 2025-26,2026-01-11,Guided-Bank,0,21,0
Quinault winter steelhead 2025-26,2026-01-11,Guided-Boat,0,21,0
Quinault winter steelhead 2025-26,2026-01-11,Unguided-Bank,21,21,1
Quinault winter steelhead 2025-26,2026-01-11,Unguided-Boat,0,21,0
Quinault winter steelhead 2025-26,2026-01-25,Guided-Bank,0,2.8333333333333335,0
Quinault winter steelhead 2025-26,2026-01-25,Guided-Boat,0,2.8333333333333335,0
Quinault winter steelhead 2025-26,2026-01-25,Unguided-Bank,2.8333333333333335,2.8333333333333335,1
Quinault winter steelhead 2025-26,2026-01-25,Unguided-Boat,0,2.8333333333333335,0
Quinault winter steelhead 2025-26,2026-02-01,Guided-Bank,0,44.03333333333333,0
Quinault winter steelhead 2025-26,2026-02-01,Guided-Boat,0,44.03333333333333,0
Quinault winter steelhead 2025-26,2026-02-01,Unguided-Bank,44.03333333333333,44.03333333333333,1
Quinault winter steelhead 2025-26,2026-02-01,Unguided-Boat,0,44.03333333333333,0
Quinault winter steelhead 2025-26,2026-02-15,Guided-Bank,0,6.666666666666667,0
Quinault winter steelhead 2025-26,2026-02-15,Guided-Boat,0,6.666666666666667,0
Quinault winter steelhead 2025-26,2026-02-15,Unguided-Bank,6.666666666666667,6.666666666666667,1
Quinault winter steelhead 2025-26,2026-02-15,Unguided-Boat,0,6.666666666666667,0
Quinault winter steelhead 2025-26,2026-02-22,Guided-Bank,0,12,0
Quinault winter steelhead 2025-26,2026-02-22,Guided-Boat,0,12,0
Quinault winter steelhead 2025-26,2026-02-22,Unguided-Bank,12,12,1
Quinault winter steelhead 2025-26,2026-02-22,Unguided-Boat,0,12,0
Quinault winter steelhead 2025-26,2026-03-01,Guided-Bank,0,35.36666666666667,0
Quinault winter steelhead 2025-26,2026-03-01,Guided-Boat,0,35.36666666666667,0
Quinault winter steelhead 2025-26,2026-03-01,Unguided-Bank,14.366666666666667,35.36666666666667,0.4062205466540999
Quinault winter steelhead 2025-26,2026-03-01,Unguided-Boat,21,35.36666666666667,0.5937794533459001
Quinault winter steelhead 2025-26,2026-03-08,Guided-Bank,0,32.83333333333333,0
Quinault winter steelhead 2025-26,2026-03-08,Guided-Boat,0,32.83333333333333,0
Quinault winter steelhead 2025-26,2026-03-08,Unguided-Bank,27.333333333333332,32.83333333333333,0.8324873096446701
Quinault winter steelhead 2025-26,2026-03-08,Unguided-Boat,5.5,32.83333333333333,0.16751269035532998
Quinault winter steelhead 2025-26,2026-03-15,Guided-Bank,0,26.316666666666666,0
Quinault winter steelhead 2025-26,2026-03-15,Guided-Boat,0,26.316666666666666,0
Quinault winter steelhead 2025-26,2026-03-15,Unguided-Bank,4.816666666666666,26.316666666666666,0.1830272324255858
Quinault winter steelhead 2025-26,2026-03-15,Unguided-Boat,21.5,26.316666666666666,0.8169727675744142
Quinault winter steelhead 2025-26,2026-03-22,Guided-Bank,0,23.25,0
Quinault winter steelhead 2025-26,2026-03-22,Guided-Boat,0,23.25,0
Quinault winter steelhead 2025-26,2026-03-22,Unguided-Bank,0.75,23.25,0.03225806451612903
Quinault winter steelhead 2025-26,2026-03-22,Unguided-Boat,22.5,23.25,0.967741935483871
Quinault winter steelhead 2025-26,2026-03-29,Guided-Bank,0,0.5,0
Quinault winter steelhead 2025-26,2026-03-29,Guided-Boat,0,0.5,0
Quinault winter steelhead 2025-26,2026-03-29,Unguided-Bank,0.5,0.5,1
Quinault winter steelhead 2025-26,2026-03-29,Unguided-Boat,0,0.5,0
Satsop salmon 2022,2022-09-25,Guided-Bank,0,171.23333333333332,0
Satsop salmon 2022,2022-09-25,Guided-Boat,0,171.23333333333332,0
Satsop salmon 2022,2022-09-25,Unguided-Bank,11.95,171.23333333333332,0.06978781389916294
Satsop salmon 2022,2022-09-25,Unguided-Boat,159.28333333333333,171.23333333333332,0.9302121861008371
Satsop salmon 2022,2022-10-02,Guided-Bank,0,284.2,0
Satsop salmon 2022,2022-10-02,Guided-Boat,0,284.2,0
Satsop salmon 2022,2022-10-02,Unguided-Bank,138.03333333333333,284.2,0.48569082805536007
Satsop salmon 2022,2022-10-02,Unguided-Boat,146.16666666666666,284.2,0.5143091719446399
Satsop salmon 2022,2022-10-23,Guided-Bank,0,192.70000000000002,0
Satsop salmon 2022,2022-10-23,Guided-Boat,0,192.70000000000002,0
Satsop salmon 2022,2022-10-23,Unguided-Bank,33.21666666666667,192.70000000000002,0.17237502162255663
Satsop salmon 2022,2022-10-23,Unguided-Boat,159.48333333333335,192.70000000000002,0.8276249783774433
Satsop salmon 2022,2022-10-30,Guided-Bank,0,320.9166666666667,0
Satsop salmon 2022,2022-10-30,Guided-Boat,0,320.9166666666667,0
Satsop salmon 2022,2022-10-30,Unguided-Bank,140.25,320.9166666666667,0.43702934302778496
Satsop salmon 2022,2022-10-30,Unguided-Boat,180.66666666666669,320.9166666666667,0.562970656972215
Satsop salmon 2022,2022-11-06,Guided-Bank,0,395.25,0
Satsop salmon 2022,2022-11-06,Guided-Boat,65.83333333333334,395.25,0.16656124815517606
Satsop salmon 2022,2022-11-06,Unguided-Bank,172.70000000000002,395.25,0.4369386464263125
Satsop salmon 2022,2022-11-06,Unguided-Boat,156.71666666666667,395.25,0.3965001054185115
Satsop salmon 2022,2022-11-13,Guided-Bank,0,729.2333333333333,0
Satsop salmon 2022,2022-11-13,Guided-Boat,0,729.2333333333333,0
Satsop salmon 2022,2022-11-13,Unguided-Bank,465.56666666666666,729.2333333333333,0.638433057549024
Satsop salmon 2022,2022-11-13,Unguided-Boat,263.6666666666667,729.2333333333333,0.3615669424509759
Satsop salmon 2022,2022-11-20,Guided-Bank,0,449.35,0
Satsop salmon 2022,2022-11-20,Guided-Boat,0,449.35,0
Satsop salmon 2022,2022-11-20,Unguided-Bank,253.11666666666667,449.35,0.5632951300025963
Satsop salmon 2022,2022-11-20,Unguided-Boat,196.23333333333332,449.35,0.4367048699974036
Satsop salmon 2022,2022-11-27,Guided-Bank,0,244.36666666666667,0
Satsop salmon 2022,2022-11-27,Guided-Boat,27.5,244.36666666666667,0.11253580684763334
Satsop salmon 2022,2022-11-27,Unguided-Bank,82.48333333333333,244.36666666666667,0.3375392170235984
Satsop salmon 2022,2022-11-27,Unguided-Boat,134.38333333333333,244.36666666666667,0.5499249761287682
Satsop salmon 2022,2022-12-04,Guided-Bank,0,88.63333333333334,0
Satsop salmon 2022,2022-12-04,Guided-Boat,0,88.63333333333334,0
Satsop salmon 2022,2022-12-04,Unguided-Bank,88.63333333333334,88.63333333333334,1
Satsop salmon 2022,2022-12-04,Unguided-Boat,0,88.63333333333334,0
Satsop salmon 2022,2022-12-11,Guided-Bank,0,68.83333333333333,0
Satsop salmon 2022,2022-12-11,Guided-Boat,0,68.83333333333333,0
Satsop salmon 2022,2022-12-11,Unguided-Bank,68.83333333333333,68.83333333333333,1
Satsop salmon 2022,2022-12-11,Unguided-Boat,0,68.83333333333333,0
Satsop salmon 2023,2023-10-01,Guided-Bank,0,349.05,0
Satsop salmon 2023,2023-10-01,Guided-Boat,0,349.05,0
Satsop salmon 2023,2023-10-01,Unguided-Bank,259.75,349.05,0.7441627274029509
Satsop salmon 2023,2023-10-01,Unguided-Boat,89.3,349.05,0.25583727259704914
Satsop salmon 2023,2023-10-08,Guided-Bank,0,259.8833333333333,0
Satsop salmon 2023,2023-10-08,Guided-Boat,0,259.8833333333333,0
Satsop salmon 2023,2023-10-08,Unguided-Bank,104.56666666666666,259.8833333333333,0.4023600333482973
Satsop salmon 2023,2023-10-08,Unguided-Boat,155.31666666666666,259.8833333333333,0.5976399666517027
Satsop salmon 2023,2023-10-15,Guided-Bank,0,338.9666666666667,0
Satsop salmon 2023,2023-10-15,Guided-Boat,31.65,338.9666666666667,0.09337201298062739
Satsop salmon 2023,2023-10-15,Unguided-Bank,189.3,338.9666666666667,0.5584619923296292
Satsop salmon 2023,2023-10-15,Unguided-Boat,118.01666666666667,338.9666666666667,0.3481659946897433
Satsop salmon 2023,2023-10-22,Guided-Bank,0,343.18333333333334,0
Satsop salmon 2023,2023-10-22,Guided-Boat,0,343.18333333333334,0
Satsop salmon 2023,2023-10-22,Unguided-Bank,167.35,343.18333333333334,0.48764023116895727
Satsop salmon 2023,2023-10-22,Unguided-Boat,175.83333333333334,343.18333333333334,0.5123597688310427
Satsop salmon 2023,2023-10-29,Guided-Bank,0,436.15000000000003,0
Satsop salmon 2023,2023-10-29,Guided-Boat,0,436.15000000000003,0
Satsop salmon 2023,2023-10-29,Unguided-Bank,354.35,436.15000000000003,0.8124498452367305
Satsop salmon 2023,2023-10-29,Unguided-Boat,81.8,436.15000000000003,0.1875501547632695
Satsop salmon 2023,2023-11-05,Guided-Bank,0,248.25,0
Satsop salmon 2023,2023-11-05,Guided-Boat,16.866666666666667,248.25,0.06794226250419604
Satsop salmon 2023,2023-11-05,Unguided-Bank,55.233333333333334,248.25,0.22249076871433368
Satsop salmon 2023,2023-11-05,Unguided-Boat,176.15,248.25,0.7095669687814703
Satsop salmon 2023,2023-11-12,Guided-Bank,0,577.45,0
Satsop salmon 2023,2023-11-12,Guided-Boat,109.2,577.45,0.18910728201575894
Satsop salmon 2023,2023-11-12,Unguided-Bank,181.31666666666666,577.45,0.3139954397206107
Satsop salmon 2023,2023-11-12,Unguided-Boat,286.93333333333334,577.45,0.4968972782636303
Satsop salmon 2023,2023-11-19,Guided-Bank,0,178.68333333333334,0
Satsop salmon 2023,2023-11-19,Guided-Boat,0,178.68333333333334,0
Satsop salmon 2023,2023-11-19,Unguided-Bank,54.2,178.68333333333334,0.3033299132543606
Satsop salmon 2023,2023-11-19,Unguided-Boat,124.48333333333333,178.68333333333334,0.6966700867456393
Satsop salmon 2023,2023-11-26,Guided-Bank,0,204.81666666666666,0
Satsop salmon 2023,2023-11-26,Guided-Boat,0,204.81666666666666,0
Satsop salmon 2023,2023-11-26,Unguided-Bank,74.91666666666667,204.81666666666666,0.3657742696720645
Satsop salmon 2023,2023-11-26,Unguided-Boat,129.9,204.81666666666666,0.6342257303279356
Satsop salmon 2024,2024-09-29,Guided-Bank,0,627.5833333333334,0
Satsop salmon 2024,2024-09-29,Guided-Boat,15.566666666666666,627.5833333333334,0.02480414287611207
Satsop salmon 2024,2024-09-29,Unguided-Bank,448.4166666666667,627.5833333333334,0.7145133448413226
Satsop salmon 2024,2024-09-29,Unguided-Boat,163.6,627.5833333333334,0.2606825122825654
Satsop salmon 2024,2024-10-06,Guided-Bank,0,736.7,0
Satsop salmon 2024,2024-10-06,Guided-Boat,27.733333333333334,736.7,0.03764535541378218
Satsop salmon 2024,2024-10-06,Unguided-Bank,399.1666666666667,736.7,0.5418306863942808
Satsop salmon 2024,2024-10-06,Unguided-Boat,309.8,736.7,0.420523958191937
Satsop salmon 2024,2024-10-13,Guided-Bank,0,533.4,0
Satsop salmon 2024,2024-10-13,Guided-Boat,0,533.4,0
Satsop salmon 2024,2024-10-13,Unguided-Bank,452.81666666666666,533.4,0.8489251343582053
Satsop salmon 2024,2024-10-13,Unguided-Boat,80.58333333333333,533.4,0.1510748656417948
Satsop salmon 2024,2024-10-20,Guided-Bank,0,512.0166666666667,0
Satsop salmon 2024,2024-10-20,Guided-Boat,0,512.0166666666667,0
Satsop salmon 2024,2024-10-20,Unguided-Bank,308.8,512.0166666666667,0.6031053676638131
Satsop salmon 2024,2024-10-20,Unguided-Boat,203.21666666666667,512.0166666666667,0.396894632336187
Satsop salmon 2024,2024-10-27,Guided-Bank,0,218.56666666666666,0
Satsop salmon 2024,2024-10-27,Guided-Boat,0,218.56666666666666,0
Satsop salmon 2024,2024-10-27,Unguided-Bank,78.63333333333334,218.56666666666666,0.3597681866707336
Satsop salmon 2024,2024-10-27,Unguided-Boat,139.93333333333334,218.56666666666666,0.6402318133292665
Satsop salmon 2024,2024-11-03,Guided-Bank,0,700.9166666666666,0
Satsop salmon 2024,2024-11-03,Guided-Boat,106.78333333333333,700.9166666666666,0.15234811556295327
Satsop salmon 2024,2024-11-03,Unguided-Bank,233.45,700.9166666666666,0.33306384496492686
Satsop salmon 2024,2024-11-03,Unguided-Boat,360.68333333333334,700.9166666666666,0.5145880394721198
Satsop salmon 2024,2024-11-10,Guided-Bank,0,122.85,0
Satsop salmon 2024,2024-11-10,Guided-Boat,0,122.85,0
Satsop salmon 2024,2024-11-10,Unguided-Bank,82.16666666666667,122.85,0.6688373355040023
Satsop salmon 2024,2024-11-10,Unguided-Boat,40.68333333333333,122.85,0.3311626644959978
Satsop salmon 2024,2024-11-17,Guided-Bank,0,312.26666666666665,0
Satsop salmon 2024,2024-11-17,Guided-Boat,23.650000000000002,312.26666666666665,0.07573654995730146
Satsop salmon 2024,2024-11-17,Unguided-Bank,145.05,312.26666666666665,0.46450683176771995
Satsop salmon 2024,2024-11-17,Unguided-Boat,143.56666666666666,312.26666666666665,0.45975661827497866
Satsop salmon 2024,2024-11-24,Guided-Bank,0,311.06666666666666,0
Satsop salmon 2024,2024-11-24,Guided-Boat,21.450000000000003,311.06666666666666,0.06895627946849552
Satsop salmon 2024,2024-11-24,Unguided-Bank,87.75,311.06666666666666,0.2820938705529361
Satsop salmon 2024,2024-11-24,Unguided-Boat,201.86666666666667,311.06666666666666,0.6489498499785684
Satsop salmon 2024,2024-12-01,Guided-Bank,0,156.35,0
Satsop salmon 2024,2024-12-01,Guided-Boat,41.349999999999994,156.35,0.26447073872721455
Satsop salmon 2024,2024-12-01,Unguided-Bank,45.9,156.35,0.29357211384713783
Satsop salmon 2024,2024-12-01,Unguided-Boat,69.1,156.35,0.44195714742564757
Satsop salmon 2024,2024-12-08,Guided-Bank,0,80.08333333333333,0
Satsop salmon 2024,2024-12-08,Guided-Boat,0,80.08333333333333,0
Satsop salmon 2024,2024-12-08,Unguided-Bank,45.916666666666664,80.08333333333333,0.5733610822060354
Satsop salmon 2024,2024-12-08,Unguided-Boat,34.166666666666664,80.08333333333333,0.4266389177939646
Satsop salmon 2024,2024-12-15,Guided-Bank,0,45.28333333333334,0
Satsop salmon 2024,2024-12-15,Guided-Boat,0,45.28333333333334,0
Satsop salmon 2024,2024-12-15,Unguided-Bank,32.45,45.28333333333334,0.7165991902834008
Satsop salmon 2024,2024-12-15,Unguided-Boat,12.833333333333334,45.28333333333334,0.28340080971659914
Satsop salmon 2024,2024-12-22,Guided-Bank,0,10.583333333333332,0
Satsop salmon 2024,2024-12-22,Guided-Boat,0,10.583333333333332,0
Satsop salmon 2024,2024-12-22,Unguided-Bank,5.25,10.583333333333332,0.4960629921259843
Satsop salmon 2024,2024-12-22,Unguided-Boat,5.333333333333333,10.583333333333332,0.5039370078740157
Satsop salmon 2024,2024-12-29,Guided-Bank,0,4.4,0
Satsop salmon 2024,2024-12-29,Guided-Boat,0,4.4,0
Satsop salmon 2024,2024-12-29,Unguided-Bank,1.25,4.4,0.28409090909090906
Satsop salmon 2024,2024-12-29,Unguided-Boat,3.15,4.4,0.7159090909090908
Satsop salmon 2025,2025-09-28,Guided-Bank,0,444.15,0
Satsop salmon 2025,2025-09-28,Guided-Boat,70.66666666666666,444.15,0.15910540733235767
Satsop salmon 2025,2025-09-28,Unguided-Bank,267.8,444.15,0.6029494540132838
Satsop salmon 2025,2025-09-28,Unguided-Boat,105.68333333333334,444.15,0.23794513865435854
Satsop salmon 2025,2025-10-05,Guided-Bank,0,244.01666666666668,0
Satsop salmon 2025,2025-10-05,Guided-Boat,35.36666666666667,244.01666666666668,0.14493545522846799
Satsop salmon 2025,2025-10-05,Unguided-Bank,141.21666666666667,244.01666666666668,0.5787173007308244
Satsop salmon 2025,2025-10-05,Unguided-Boat,67.43333333333334,244.01666666666668,0.2763472440407076
Satsop salmon 2025,2025-10-12,Guided-Bank,0,205.95,0
Satsop salmon 2025,2025-10-12,Guided-Boat,15.033333333333333,205.95,0.07299506352674598
Satsop salmon 2025,2025-10-12,Unguided-Bank,190.91666666666666,205.95,0.927004936473254
Satsop salmon 2025,2025-10-12,Unguided-Boat,0,205.95,0
Satsop salmon 2025,2025-10-19,Guided-Bank,0,158.63333333333333,0
Satsop salmon 2025,2025-10-19,Guided-Boat,17.700000000000003,158.63333333333333,0.11157806261819712
Satsop salmon 2025,2025-10-19,Unguided-Bank,82.93333333333334,158.63333333333333,0.5227989073334735
Satsop salmon 2025,2025-10-19,Unguided-Boat,58,158.63333333333333,0.3656230300483295
Satsop salmon 2025,2025-10-26,Guided-Bank,0,277.25,0
Satsop salmon 2025,2025-10-26,Guided-Boat,25.15,277.25,0.09071235347159602
Satsop salmon 2025,2025-10-26,Unguided-Bank,92.03333333333333,277.25,0.3319507063420499
Satsop salmon 2025,2025-10-26,Unguided-Boat,160.06666666666666,277.25,0.5773369401863541
Satsop salmon 2025,2025-11-02,Guided-Bank,0,192.08333333333334,0
Satsop salmon 2025,2025-11-02,Guided-Boat,65.60000000000001,192.08333333333334,0.3415184381778742
Satsop salmon 2025,2025-11-02,Unguided-Bank,59.483333333333334,192.08333333333334,0.3096746203904555
Satsop salmon 2025,2025-11-02,Unguided-Boat,67,192.08333333333334,0.3488069414316703
Satsop salmon 2025,2025-11-09,Guided-Bank,0,405.45,0
Satsop salmon 2025,2025-11-09,Guided-Boat,64.66666666666667,405.45,0.15949356681876106
Satsop salmon 2025,2025-11-09,Unguided-Bank,123.81666666666666,405.45,0.3053808525506639
Satsop salmon 2025,2025-11-09,Unguided-Boat,216.96666666666667,405.45,0.5351255806305751
Satsop salmon 2025,2025-11-16,Guided-Bank,0,626,0
Satsop salmon 2025,2025-11-16,Guided-Boat,42.3,626,0.06757188498402555
Satsop salmon 2025,2025-11-16,Unguided-Bank,207.25,626,0.3310702875399361
Satsop salmon 2025,2025-11-16,Unguided-Boat,376.45,626,0.6013578274760383
Satsop salmon 2025,2025-11-23,Guided-Bank,0,307.4666666666667,0
Satsop salmon 2025,2025-11-23,Guided-Boat,0,307.4666666666667,0
Satsop salmon 2025,2025-11-23,Unguided-Bank,78.25,307.4666666666667,0.25449913269731134
Satsop salmon 2025,2025-11-23,Unguided-Boat,229.21666666666667,307.4666666666667,0.7455008673026886
Satsop salmon 2025,2025-11-30,Guided-Bank,0,54.28333333333333,0
Satsop salmon 2025,2025-11-30,Guided-Boat,15.75,54.28333333333333,0.29014430457476204
Satsop salmon 2025,2025-11-30,Unguided-Bank,15.866666666666665,54.28333333333333,0.2922935216456862
Satsop salmon 2025,2025-11-30,Unguided-Boat,22.666666666666664,54.28333333333333,0.4175621737795517
Satsop salmon 2025,2025-12-07,Guided-Bank,0,25.450000000000003,0
Satsop salmon 2025,2025-12-07,Guided-Boat,0,25.450000000000003,0
Satsop salmon 2025,2025-12-07,Unguided-Bank,7.15,25.450000000000003,0.280943025540275
Satsop salmon 2025,2025-12-07,Unguided-Boat,18.3,25.450000000000003,0.7190569744597249
Satsop salmon 2025,2025-12-14,Guided-Bank,0,47.63333333333333,0
Satsop salmon 2025,2025-12-14,Guided-Boat,0,47.63333333333333,0
Satsop salmon 2025,2025-12-14,Unguided-Bank,6,47.63333333333333,0.12596221133659902
Satsop salmon 2025,2025-12-14,Unguided-Boat,41.63333333333333,47.63333333333333,0.874037788663401
Satsop salmon 2025,2025-12-21,Guided-Bank,0,20.833333333333336,0
Satsop salmon 2025,2025-12-21,Guided-Boat,0,20.833333333333336,0
Satsop salmon 2025,2025-12-21,Unguided-Bank,9.9,20.833333333333336,0.47519999999999996
Satsop salmon 2025,2025-12-21,Unguided-Boat,10.933333333333334,20.833333333333336,0.5247999999999999
Satsop salmon 2025,2025-12-28,Guided-Bank,0,29.05,0
Satsop salmon 2025,2025-12-28,Guided-Boat,0,29.05,0
Satsop salmon 2025,2025-12-28,Unguided-Bank,8.45,29.05,0.29087779690189325
Satsop salmon 2025,2025-12-28,Unguided-Boat,20.6,29.05,0.7091222030981067
Satsop winter steelhead 2024-25,2024-10-27,Guided-Bank,0,14.966666666666667,0
Satsop winter steelhead 2024-25,2024-10-27,Guided-Boat,0,14.966666666666667,0
Satsop winter steelhead 2024-25,2024-10-27,Unguided-Bank,11.466666666666667,14.966666666666667,0.7661469933184856
Satsop winter steelhead 2024-25,2024-10-27,Unguided-Boat,3.5,14.966666666666667,0.23385300668151449
Satsop winter steelhead 2024-25,2024-11-03,Guided-Bank,0,700.9166666666666,0
Satsop winter steelhead 2024-25,2024-11-03,Guided-Boat,106.78333333333333,700.9166666666666,0.15234811556295327
Satsop winter steelhead 2024-25,2024-11-03,Unguided-Bank,233.45,700.9166666666666,0.33306384496492686
Satsop winter steelhead 2024-25,2024-11-03,Unguided-Boat,360.68333333333334,700.9166666666666,0.5145880394721198
Satsop winter steelhead 2024-25,2024-11-10,Guided-Bank,0,122.85,0
Satsop winter steelhead 2024-25,2024-11-10,Guided-Boat,0,122.85,0
Satsop winter steelhead 2024-25,2024-11-10,Unguided-Bank,82.16666666666667,122.85,0.6688373355040023
Satsop winter steelhead 2024-25,2024-11-10,Unguided-Boat,40.68333333333333,122.85,0.3311626644959978
Satsop winter steelhead 2024-25,2024-11-17,Guided-Bank,0,312.26666666666665,0
Satsop winter steelhead 2024-25,2024-11-17,Guided-Boat,23.650000000000002,312.26666666666665,0.07573654995730146
Satsop winter steelhead 2024-25,2024-11-17,Unguided-Bank,145.05,312.26666666666665,0.46450683176771995
Satsop winter steelhead 2024-25,2024-11-17,Unguided-Boat,143.56666666666666,312.26666666666665,0.45975661827497866
Satsop winter steelhead 2024-25,2024-11-24,Guided-Bank,0,311.06666666666666,0
Satsop winter steelhead 2024-25,2024-11-24,Guided-Boat,21.450000000000003,311.06666666666666,0.06895627946849552
Satsop winter steelhead 2024-25,2024-11-24,Unguided-Bank,87.75,311.06666666666666,0.2820938705529361
Satsop winter steelhead 2024-25,2024-11-24,Unguided-Boat,201.86666666666667,311.06666666666666,0.6489498499785684
Satsop winter steelhead 2024-25,2024-12-01,Guided-Bank,0,156.35,0
Satsop winter steelhead 2024-25,2024-12-01,Guided-Boat,41.349999999999994,156.35,0.26447073872721455
Satsop winter steelhead 2024-25,2024-12-01,Unguided-Bank,45.9,156.35,0.29357211384713783
Satsop winter steelhead 2024-25,2024-12-01,Unguided-Boat,69.1,156.35,0.44195714742564757
Satsop winter steelhead 2024-25,2024-12-08,Guided-Bank,0,80.08333333333333,0
Satsop winter steelhead 2024-25,2024-12-08,Guided-Boat,0,80.08333333333333,0
Satsop winter steelhead 2024-25,2024-12-08,Unguided-Bank,45.916666666666664,80.08333333333333,0.5733610822060354
Satsop winter steelhead 2024-25,2024-12-08,Unguided-Boat,34.166666666666664,80.08333333333333,0.4266389177939646
Satsop winter steelhead 2024-25,2024-12-15,Guided-Bank,0,45.28333333333334,0
Satsop winter steelhead 2024-25,2024-12-15,Guided-Boat,0,45.28333333333334,0
Satsop winter steelhead 2024-25,2024-12-15,Unguided-Bank,32.45,45.28333333333334,0.7165991902834008
Satsop winter steelhead 2024-25,2024-12-15,Unguided-Boat,12.833333333333334,45.28333333333334,0.28340080971659914
Satsop winter steelhead 2024-25,2024-12-22,Guided-Bank,0,10.583333333333332,0
Satsop winter steelhead 2024-25,2024-12-22,Guided-Boat,0,10.583333333333332,0
Satsop winter steelhead 2024-25,2024-12-22,Unguided-Bank,5.25,10.583333333333332,0.4960629921259843
Satsop winter steelhead 2024-25,2024-12-22,Unguided-Boat,5.333333333333333,10.583333333333332,0.5039370078740157
Satsop winter steelhead 2024-25,2024-12-29,Guided-Bank,0,14.25,0
Satsop winter steelhead 2024-25,2024-12-29,Guided-Boat,0,14.25,0
Satsop winter steelhead 2024-25,2024-12-29,Unguided-Bank,11.1,14.25,0.7789473684210526
Satsop winter steelhead 2024-25,2024-12-29,Unguided-Boat,3.15,14.25,0.22105263157894736
Satsop winter steelhead 2024-25,2025-01-05,Guided-Bank,0,68.43333333333334,0
Satsop winter steelhead 2024-25,2025-01-05,Guided-Boat,0,68.43333333333334,0
Satsop winter steelhead 2024-25,2025-01-05,Unguided-Bank,20.46666666666667,68.43333333333334,0.2990745250852411
Satsop winter steelhead 2024-25,2025-01-05,Unguided-Boat,47.96666666666667,68.43333333333334,0.7009254749147589
Satsop winter steelhead 2024-25,2025-01-12,Guided-Bank,0,156.26666666666668,0
Satsop winter steelhead 2024-25,2025-01-12,Guided-Boat,18.299999999999997,156.26666666666668,0.11710750853242317
Satsop winter steelhead 2024-25,2025-01-12,Unguided-Bank,16.033333333333335,156.26666666666668,0.1026023890784983
Satsop winter steelhead 2024-25,2025-01-12,Unguided-Boat,121.93333333333334,156.26666666666668,0.7802901023890785
Satsop winter steelhead 2024-25,2025-01-19,Guided-Bank,0,115.39999999999999,0
Satsop winter steelhead 2024-25,2025-01-19,Guided-Boat,0,115.39999999999999,0
Satsop winter steelhead 2024-25,2025-01-19,Unguided-Bank,31.05,115.39999999999999,0.2690641247833622
Satsop winter steelhead 2024-25,2025-01-19,Unguided-Boat,84.35,115.39999999999999,0.7309358752166378
Satsop winter steelhead 2024-25,2025-01-26,Guided-Bank,0,129.11666666666667,0
Satsop winter steelhead 2024-25,2025-01-26,Guided-Boat,0,129.11666666666667,0
Satsop winter steelhead 2024-25,2025-01-26,Unguided-Bank,26.8,129.11666666666667,0.20756421840712533
Satsop winter steelhead 2024-25,2025-01-26,Unguided-Boat,102.31666666666666,129.11666666666667,0.7924357815928745
Satsop winter steelhead 2024-25,2025-02-02,Guided-Bank,0,436.73333333333335,0
Satsop winter steelhead 2024-25,2025-02-02,Guided-Boat,29.566666666666666,436.73333333333335,0.06769958784918333
Satsop winter steelhead 2024-25,2025-02-02,Unguided-Bank,57.75,436.73333333333335,0.13223172034803846
Satsop winter steelhead 2024-25,2025-02-02,Unguided-Boat,349.4166666666667,436.73333333333335,0.8000686918027782
Satsop winter steelhead 2024-25,2025-02-09,Guided-Bank,0,122.03333333333333,0
Satsop winter steelhead 2024-25,2025-02-09,Guided-Boat,0,122.03333333333333,0
Satsop winter steelhead 2024-25,2025-02-09,Unguided-Bank,14.6,122.03333333333333,0.11963944277519803
Satsop winter steelhead 2024-25,2025-02-09,Unguided-Boat,107.43333333333334,122.03333333333333,0.880360557224802
Satsop winter steelhead 2024-25,2025-02-16,Guided-Bank,0,264.4666666666667,0
Satsop winter steelhead 2024-25,2025-02-16,Guided-Boat,23.5,264.4666666666667,0.08885807915301235
Satsop winter steelhead 2024-25,2025-02-16,Unguided-Bank,64.15,264.4666666666667,0.24256365011343584
Satsop winter steelhead 2024-25,2025-02-16,Unguided-Boat,176.81666666666666,264.4666666666667,0.6685782707335517
Satsop winter steelhead 2024-25,2025-02-23,Guided-Bank,0,54.449999999999996,0
Satsop winter steelhead 2024-25,2025-02-23,Guided-Boat,0,54.449999999999996,0
Satsop winter steelhead 2024-25,2025-02-23,Unguided-Bank,11.766666666666666,54.449999999999996,0.21610039791857974
Satsop winter steelhead 2024-25,2025-02-23,Unguided-Boat,42.68333333333333,54.449999999999996,0.7838996020814203
Satsop winter steelhead 2025-26,2025-11-30,Guided-Bank,0,54.28333333333333,0
Satsop winter steelhead 2025-26,2025-11-30,Guided-Boat,15.75,54.28333333333333,0.29014430457476204
Satsop winter steelhead 2025-26,2025-11-30,Unguided-Bank,15.866666666666665,54.28333333333333,0.2922935216456862
Satsop winter steelhead 2025-26,2025-11-30,Unguided-Boat,22.666666666666664,54.28333333333333,0.4175621737795517
Satsop winter steelhead 2025-26,2025-12-07,Guided-Bank,0,25.450000000000003,0
Satsop winter steelhead 2025-26,2025-12-07,Guided-Boat,0,25.450000000000003,0
Satsop winter steelhead 2025-26,2025-12-07,Unguided-Bank,7.15,25.450000000000003,0.280943025540275
Satsop winter steelhead 2025-26,2025-12-07,Unguided-Boat,18.3,25.450000000000003,0.7190569744597249
Satsop winter steelhead 2025-26,2025-12-14,Guided-Bank,0,47.63333333333333,0
Satsop winter steelhead 2025-26,2025-12-14,Guided-Boat,0,47.63333333333333,0
Satsop winter steelhead 2025-26,2025-12-14,Unguided-Bank,6,47.63333333333333,0.12596221133659902
Satsop winter steelhead 2025-26,2025-12-14,Unguided-Boat,41.63333333333333,47.63333333333333,0.874037788663401
Satsop winter steelhead 2025-26,2025-12-21,Guided-Bank,0,20.833333333333336,0
Satsop winter steelhead 2025-26,2025-12-21,Guided-Boat,0,20.833333333333336,0
Satsop winter steelhead 2025-26,2025-12-21,Unguided-Bank,9.9,20.833333333333336,0.47519999999999996
Satsop winter steelhead 2025-26,2025-12-21,Unguided-Boat,10.933333333333334,20.833333333333336,0.5247999999999999
Satsop winter steelhead 2025-26,2025-12-28,Guided-Bank,0,110.68333333333334,0
Satsop winter steelhead 2025-26,2025-12-28,Guided-Boat,0,110.68333333333334,0
Satsop winter steelhead 2025-26,2025-12-28,Unguided-Bank,16.866666666666667,110.68333333333334,0.15238668875169403
Satsop winter steelhead 2025-26,2025-12-28,Unguided-Boat,93.81666666666666,110.68333333333334,0.847613311248306
Satsop winter steelhead 2025-26,2026-01-04,Guided-Bank,0,109.81666666666666,0
Satsop winter steelhead 2025-26,2026-01-04,Guided-Boat,0,109.81666666666666,0
Satsop winter steelhead 2025-26,2026-01-04,Unguided-Bank,40.916666666666664,109.81666666666666,0.37259068143876156
Satsop winter steelhead 2025-26,2026-01-04,Unguided-Boat,68.9,109.81666666666666,0.6274093185612385
Satsop winter steelhead 2025-26,2026-01-11,Guided-Bank,0,115.31666666666666,0
Satsop winter steelhead 2025-26,2026-01-11,Guided-Boat,41.9,115.31666666666666,0.3633473045237751
Satsop winter steelhead 2025-26,2026-01-11,Unguided-Bank,16.6,115.31666666666666,0.14395143806908514
Satsop winter steelhead 2025-26,2026-01-11,Unguided-Boat,56.81666666666667,115.31666666666666,0.4927012574071398
Satsop winter steelhead 2025-26,2026-01-18,Guided-Bank,0,88.66666666666666,0
Satsop winter steelhead 2025-26,2026-01-18,Guided-Boat,21.2,88.66666666666666,0.23909774436090228
Satsop winter steelhead 2025-26,2026-01-18,Unguided-Bank,11.916666666666666,88.66666666666666,0.13439849624060152
Satsop winter steelhead 2025-26,2026-01-18,Unguided-Boat,55.55,88.66666666666666,0.6265037593984962
Satsop winter steelhead 2025-26,2026-01-25,Guided-Bank,0,67.43333333333334,0
Satsop winter steelhead 2025-26,2026-01-25,Guided-Boat,0,67.43333333333334,0
Satsop winter steelhead 2025-26,2026-01-25,Unguided-Bank,40.766666666666666,67.43333333333334,0.6045477014335146
Satsop winter steelhead 2025-26,2026-01-25,Unguided-Boat,26.666666666666668,67.43333333333334,0.3954522985664854
Satsop winter steelhead 2025-26,2026-02-01,Guided-Bank,0,309.05,0
Satsop winter steelhead 2025-26,2026-02-01,Guided-Boat,74.01666666666667,309.05,0.23949738445774685
Satsop winter steelhead 2025-26,2026-02-01,Unguided-Bank,85.65,309.05,0.27713962142048215
Satsop winter steelhead 2025-26,2026-02-01,Unguided-Boat,149.38333333333333,309.05,0.483362994121771
Satsop winter steelhead 2025-26,2026-02-08,Guided-Bank,0,292.58333333333337,0
Satsop winter steelhead 2025-26,2026-02-08,Guided-Boat,117.96666666666667,292.58333333333337,0.40318997436627735
Satsop winter steelhead 2025-26,2026-02-08,Unguided-Bank,41.68333333333334,292.58333333333337,0.14246653375106808
Satsop winter steelhead 2025-26,2026-02-08,Unguided-Boat,132.93333333333334,292.58333333333337,0.4543434918826545
Satsop winter steelhead 2025-26,2026-02-15,Guided-Bank,0,108.91666666666666,0
Satsop winter steelhead 2025-26,2026-02-15,Guided-Boat,0,108.91666666666666,0
Satsop winter steelhead 2025-26,2026-02-15,Unguided-Bank,11.033333333333335,108.91666666666666,0.101300688599847
Satsop winter steelhead 2025-26,2026-02-15,Unguided-Boat,97.88333333333333,108.91666666666666,0.898699311400153
Skagit fall salmon 2021,2021-08-15,Guided-Bank,0,175.55,0
Skagit fall salmon 2021,2021-08-15,Guided-Boat,0,175.55,0
Skagit fall salmon 2021,2021-08-15,Unguided-Bank,94,175.55,0.5354599829108516
Skagit fall salmon 2021,2021-08-15,Unguided-Boat,81.55,175.55,0.4645400170891483
Skagit fall salmon 2021,2021-08-22,Guided-Bank,0,659.8333333333334,0
Skagit fall salmon 2021,2021-08-22,Guided-Boat,0,659.8333333333334,0
Skagit fall salmon 2021,2021-08-22,Unguided-Bank,140.88333333333333,659.8333333333334,0.2135135135135135
Skagit fall salmon 2021,2021-08-22,Unguided-Boat,518.95,659.8333333333334,0.7864864864864866
Skagit fall salmon 2021,2021-08-29,Guided-Bank,0,839.6666666666666,0
Skagit fall salmon 2021,2021-08-29,Guided-Boat,0,839.6666666666666,0
Skagit fall salmon 2021,2021-08-29,Unguided-Bank,410.15,839.6666666666666,0.48846764589122665
Skagit fall salmon 2021,2021-08-29,Unguided-Boat,429.51666666666665,839.6666666666666,0.5115323541087733
Skagit fall salmon 2021,2021-09-05,Guided-Bank,0,650.9833333333333,0
Skagit fall salmon 2021,2021-09-05,Guided-Boat,0,650.9833333333333,0
Skagit fall salmon 2021,2021-09-05,Unguided-Bank,263.35,650.9833333333333,0.4045418469494867
Skagit fall salmon 2021,2021-09-05,Unguided-Boat,387.6333333333333,650.9833333333333,0.5954581530505133
Skagit fall salmon 2021,2021-09-12,Guided-Bank,0,649.85,0
Skagit fall salmon 2021,2021-09-12,Guided-Boat,0,649.85,0
Skagit fall salmon 2021,2021-09-12,Unguided-Bank,312.18333333333334,649.85,0.48039291118463234
Skagit fall salmon 2021,2021-09-12,Unguided-Boat,337.6666666666667,649.85,0.5196070888153677
Skagit fall salmon 2021,2021-09-19,Guided-Bank,0,552.8,0
Skagit fall salmon 2021,2021-09-19,Guided-Boat,31.933333333333334,552.8,0.05776652194886638
Skagit fall salmon 2021,2021-09-19,Unguided-Bank,251.56666666666666,552.8,0.4550771828268211
Skagit fall salmon 2021,2021-09-19,Unguided-Boat,269.3,552.8,0.48715629522431264
Skagit fall salmon 2021,2021-09-26,Guided-Bank,0,469.43333333333334,0
Skagit fall salmon 2021,2021-09-26,Guided-Boat,30.666666666666668,469.43333333333334,0.06532698998792871
Skagit fall salmon 2021,2021-09-26,Unguided-Bank,210.61666666666667,469.43333333333334,0.4486615067812256
Skagit fall salmon 2021,2021-09-26,Unguided-Boat,228.15,469.43333333333334,0.4860115032308457
Skagit fall salmon 2021,2021-10-03,Guided-Bank,0,375.1666666666667,0
Skagit fall salmon 2021,2021-10-03,Guided-Boat,30.666666666666668,375.1666666666667,0.08174144824522435
Skagit fall salmon 2021,2021-10-03,Unguided-Bank,100.75,375.1666666666667,0.26854731230564194
Skagit fall salmon 2021,2021-10-03,Unguided-Boat,243.75,375.1666666666667,0.6497112394491337
Skagit fall salmon 2021,2021-10-10,Guided-Bank,0,385.73333333333335,0
Skagit fall salmon 2021,2021-10-10,Guided-Boat,29.466666666666665,385.73333333333335,0.07639128931904597
Skagit fall salmon 2021,2021-10-10,Unguided-Bank,134.96666666666667,385.73333333333335,0.34989630141721395
Skagit fall salmon 2021,2021-10-10,Unguided-Boat,221.3,385.73333333333335,0.5737124092637401
Skagit fall salmon 2021,2021-10-17,Guided-Bank,0,418.0833333333333,0
Skagit fall salmon 2021,2021-10-17,Guided-Boat,72.25,418.0833333333333,0.17281243771177995
Skagit fall salmon 2021,2021-10-17,Unguided-Bank,85.75,418.0833333333333,0.2051026509866454
Skagit fall salmon 2021,2021-10-17,Unguided-Boat,260.0833333333333,418.0833333333333,0.6220849113015746
Skagit fall salmon 2021,2021-10-24,Guided-Bank,0,29.033333333333335,0
Skagit fall salmon 2021,2021-10-24,Guided-Boat,0,29.033333333333335,0
Skagit fall salmon 2021,2021-10-24,Unguided-Bank,6.8,29.033333333333335,0.23421354764638344
Skagit fall salmon 2021,2021-10-24,Unguided-Boat,22.233333333333334,29.033333333333335,0.7657864523536165
Skagit fall salmon 2021,2021-10-31,Guided-Bank,0,173.48333333333335,0
Skagit fall salmon 2021,2021-10-31,Guided-Boat,0,173.48333333333335,0
Skagit fall salmon 2021,2021-10-31,Unguided-Bank,58.5,173.48333333333335,0.33720818522432505
Skagit fall salmon 2021,2021-10-31,Unguided-Boat,114.98333333333333,173.48333333333335,0.6627918147756748
Skagit fall salmon 2021,2021-11-07,Guided-Bank,0,177.95,0
Skagit fall salmon 2021,2021-11-07,Guided-Boat,30.46666666666667,177.95,0.17120914114451627
Skagit fall salmon 2021,2021-11-07,Unguided-Bank,37.68333333333334,177.95,0.21176360400861668
Skagit fall salmon 2021,2021-11-07,Unguided-Boat,109.8,177.95,0.6170272548468672
Skagit fall salmon 2021,2021-11-21,Guided-Bank,0,8.533333333333333,0
Skagit fall salmon 2021,2021-11-21,Guided-Boat,0,8.533333333333333,0
Skagit fall salmon 2021,2021-11-21,Unguided-Bank,8.533333333333333,8.533333333333333,1
Skagit fall salmon 2021,2021-11-21,Unguided-Boat,0,8.533333333333333,0
Skagit fall salmon 2021,2021-11-28,Guided-Bank,0,0.65,0
Skagit fall salmon 2021,2021-11-28,Guided-Boat,0,0.65,0
Skagit fall salmon 2021,2021-11-28,Unguided-Bank,0.65,0.65,1
Skagit fall salmon 2021,2021-11-28,Unguided-Boat,0,0.65,0
Skagit fall salmon 2021,2021-12-05,Guided-Bank,0,94.76666666666667,0
Skagit fall salmon 2021,2021-12-05,Guided-Boat,0,94.76666666666667,0
Skagit fall salmon 2021,2021-12-05,Unguided-Bank,62.11666666666667,94.76666666666667,0.6554695743932466
Skagit fall salmon 2021,2021-12-05,Unguided-Boat,32.65,94.76666666666667,0.3445304256067534
Skagit fall salmon 2021,2021-12-12,Guided-Bank,0,84.83333333333334,0
Skagit fall salmon 2021,2021-12-12,Guided-Boat,9.4,84.83333333333334,0.11080550098231827
Skagit fall salmon 2021,2021-12-12,Unguided-Bank,37.25,84.83333333333334,0.4390962671905697
Skagit fall salmon 2021,2021-12-12,Unguided-Boat,38.18333333333334,84.83333333333334,0.450098231827112
Skagit fall salmon 2021,2021-12-19,Guided-Bank,0,82.86666666666666,0
Skagit fall salmon 2021,2021-12-19,Guided-Boat,0,82.86666666666666,0
Skagit fall salmon 2021,2021-12-19,Unguided-Bank,77.06666666666666,82.86666666666666,0.9300080450522928
Skagit fall salmon 2021,2021-12-19,Unguided-Boat,5.8,82.86666666666666,0.06999195494770716
Skagit fall salmon 2021,2021-12-26,Guided-Bank,0,4.833333333333333,0
Skagit fall salmon 2021,2021-12-26,Guided-Boat,0,4.833333333333333,0
Skagit fall salmon 2021,2021-12-26,Unguided-Bank,4.833333333333333,4.833333333333333,1
Skagit fall salmon 2021,2021-12-26,Unguided-Boat,0,4.833333333333333,0
Skagit fall salmon 2022,2022-08-28,Guided-Bank,0,997.9000000000001,0
Skagit fall salmon 2022,2022-08-28,Guided-Boat,31.2,997.9000000000001,0.03126565788155125
Skagit fall salmon 2022,2022-08-28,Unguided-Bank,283.35,997.9000000000001,0.28394628720312654
Skagit fall salmon 2022,2022-08-28,Unguided-Boat,683.35,997.9000000000001,0.6847880549153221
Skagit fall salmon 2022,2022-09-04,Guided-Bank,0,1349.15,0
Skagit fall salmon 2022,2022-09-04,Guided-Boat,22.55,1349.15,0.016714227476559314
Skagit fall salmon 2022,2022-09-04,Unguided-Bank,316.3833333333333,1349.15,0.2345056764135443
Skagit fall salmon 2022,2022-09-04,Unguided-Boat,1010.2166666666667,1349.15,0.7487800961098964
Skagit fall salmon 2022,2022-09-11,Guided-Bank,0,1410.2333333333331,0
Skagit fall salmon 2022,2022-09-11,Guided-Boat,121.89999999999999,1410.2333333333331,0.08643959628430284
Skagit fall salmon 2022,2022-09-11,Unguided-Bank,208.98333333333332,1410.2333333333331,0.1481906067553833
Skagit fall salmon 2022,2022-09-11,Unguided-Boat,1079.35,1410.2333333333331,0.7653697969603139
Skagit fall salmon 2022,2022-09-18,Guided-Bank,0,1789.2,0
Skagit fall salmon 2022,2022-09-18,Guided-Boat,108.8,1789.2,0.06080930024591996
Skagit fall salmon 2022,2022-09-18,Unguided-Bank,240.9,1789.2,0.13464118041582832
Skagit fall salmon 2022,2022-09-18,Unguided-Boat,1439.5,1789.2,0.8045495193382517
Skagit fall salmon 2022,2022-09-25,Guided-Bank,0,1238.9166666666667,0
Skagit fall salmon 2022,2022-09-25,Guided-Boat,55.1,1238.9166666666667,0.044474339140378016
Skagit fall salmon 2022,2022-09-25,Unguided-Bank,269.8666666666667,1238.9166666666667,0.21782471245039348
Skagit fall salmon 2022,2022-09-25,Unguided-Boat,913.95,1238.9166666666667,0.7377009484092285
Skagit fall salmon 2022,2022-10-02,Guided-Bank,15.366666666666667,1789.1833333333334,0.008588648452273383
Skagit fall salmon 2022,2022-10-02,Guided-Boat,162.21666666666667,1789.1833333333334,0.0906652010693892
Skagit fall salmon 2022,2022-10-02,Unguided-Bank,284.1,1789.1833333333334,0.15878752876079405
Skagit fall salmon 2022,2022-10-02,Unguided-Boat,1327.5,1789.1833333333334,0.7419586217175433
Skagit fall salmon 2022,2022-10-09,Guided-Bank,32.099999999999994,1653.6333333333334,0.019411800278175326
Skagit fall salmon 2022,2022-10-09,Guided-Boat,127,1653.6333333333334,0.0768005805398214
Skagit fall salmon 2022,2022-10-09,Unguided-Bank,295.31666666666666,1653.6333333333334,0.17858654679594427
Skagit fall salmon 2022,2022-10-09,Unguided-Boat,1199.2166666666667,1653.6333333333334,0.7252010723860589
Skagit fall salmon 2022,2022-10-16,Guided-Bank,0,1194.25,0
Skagit fall salmon 2022,2022-10-16,Guided-Boat,328.93333333333334,1194.25,0.27543088409741123
Skagit fall salmon 2022,2022-10-16,Unguided-Bank,186.95,1194.25,0.15654176261251831
Skagit fall salmon 2022,2022-10-16,Unguided-Boat,678.3666666666667,1194.25,0.5680273532900705
Skagit fall salmon 2022,2022-10-23,Guided-Bank,0,1137.55,0
Skagit fall salmon 2022,2022-10-23,Guided-Boat,197.91666666666666,1137.55,0.17398502629921028
Skagit fall salmon 2022,2022-10-23,Unguided-Bank,135.8,1137.55,0.11937936793987079
Skagit fall salmon 2022,2022-10-23,Unguided-Boat,803.8333333333334,1137.55,0.706635605760919
Skagit fall salmon 2022,2022-10-30,Guided-Bank,0,102.1,0
Skagit fall salmon 2022,2022-10-30,Guided-Boat,0,102.1,0
Skagit fall salmon 2022,2022-10-30,Unguided-Bank,43.35,102.1,0.42458374142997063
Skagit fall salmon 2022,2022-10-30,Unguided-Boat,58.75,102.1,0.5754162585700294
Skagit fall salmon 2022,2022-11-06,Guided-Bank,0,298.3833333333333,0
Skagit fall salmon 2022,2022-11-06,Guided-Boat,25.3,298.3833333333333,0.08479025861587444
Skagit fall salmon 2022,2022-11-06,Unguided-Bank,41.43333333333333,298.3833333333333,0.13885940903759145
Skagit fall salmon 2022,2022-11-06,Unguided-Boat,231.65,298.3833333333333,0.7763503323465342
Skagit fall salmon 2022,2022-11-13,Guided-Bank,0,587.7833333333333,0
Skagit fall salmon 2022,2022-11-13,Guided-Boat,89.01666666666667,587.7833333333333,0.15144469333938243
Skagit fall salmon 2022,2022-11-13,Unguided-Bank,135.45,587.7833333333333,0.23044205631326736
Skagit fall salmon 2022,2022-11-13,Unguided-Boat,363.31666666666666,587.7833333333333,0.6181132503473502
Skagit fall salmon 2022,2022-11-20,Guided-Bank,0,263.9666666666667,0
Skagit fall salmon 2022,2022-11-20,Guided-Boat,23.700000000000003,263.9666666666667,0.08978406364439954
Skagit fall salmon 2022,2022-11-20,Unguided-Bank,52.4,263.9666666666667,0.1985099128677863
Skagit fall salmon 2022,2022-11-20,Unguided-Boat,187.86666666666667,263.9666666666667,0.7117060234878141
Skagit fall salmon 2022,2022-11-27,Guided-Bank,0,85.81666666666666,0
Skagit fall salmon 2022,2022-11-27,Guided-Boat,0,85.81666666666666,0
Skagit fall salmon 2022,2022-11-27,Unguided-Bank,42.833333333333336,85.81666666666666,0.4991260438920179
Skagit fall salmon 2022,2022-11-27,Unguided-Boat,42.983333333333334,85.81666666666666,0.5008739561079821
Skagit fall salmon 2023,2023-08-13,Guided-Bank,0,615.6666666666666,0
Skagit fall salmon 2023,2023-08-13,Guided-Boat,0,615.6666666666666,0
Skagit fall salmon 2023,2023-08-13,Unguided-Bank,353.8833333333333,615.6666666666666,0.5747969680563075
Skagit fall salmon 2023,2023-08-13,Unguided-Boat,261.7833333333333,615.6666666666666,0.42520303194369247
Skagit fall salmon 2023,2023-08-20,Guided-Bank,0,1514.8166666666666,0
Skagit fall salmon 2023,2023-08-20,Guided-Boat,0,1514.8166666666666,0
Skagit fall salmon 2023,2023-08-20,Unguided-Bank,714.5833333333334,1514.8166666666666,0.47172925216472844
Skagit fall salmon 2023,2023-08-20,Unguided-Boat,800.2333333333333,1514.8166666666666,0.5282707478352716
Skagit fall salmon 2023,2023-08-27,Guided-Bank,1.5833333333333333,2001.6333333333332,7.910206664557279e-4
Skagit fall salmon 2023,2023-08-27,Guided-Boat,0,2001.6333333333332,0
Skagit fall salmon 2023,2023-08-27,Unguided-Bank,945.2333333333333,2001.6333333333332,0.4722310113407384
Skagit fall salmon 2023,2023-08-27,Unguided-Boat,1054.8166666666666,2001.6333333333332,0.5269779679928058
Skagit fall salmon 2023,2023-09-03,Guided-Bank,0,1387.2,0
Skagit fall salmon 2023,2023-09-03,Guided-Boat,34.3,1387.2,0.02472606689734717
Skagit fall salmon 2023,2023-09-03,Unguided-Bank,628,1387.2,0.4527104959630911
Skagit fall salmon 2023,2023-09-03,Unguided-Boat,724.9,1387.2,0.5225634371395617
Skagit fall salmon 2023,2023-09-10,Guided-Bank,3.3333333333333335,2233.75,0.0014922589069203507
Skagit fall salmon 2023,2023-09-10,Guided-Boat,49.53333333333333,2233.75,0.02217496735683641
Skagit fall salmon 2023,2023-09-10,Unguided-Bank,1208.7,2233.75,0.5411080022383884
Skagit fall salmon 2023,2023-09-10,Unguided-Boat,972.1833333333333,2233.75,0.4352247714978549
Skagit fall salmon 2023,2023-09-17,Guided-Bank,0,1935.4666666666667,0
Skagit fall salmon 2023,2023-09-17,Guided-Boat,120.03333333333333,1935.4666666666667,0.06201777349131992
Skagit fall salmon 2023,2023-09-17,Unguided-Bank,957.9166666666666,1935.4666666666667,0.49492801047120416
Skagit fall salmon 2023,2023-09-17,Unguided-Boat,857.5166666666667,1935.4666666666667,0.44305421603747586
Skagit fall salmon 2023,2023-09-24,Guided-Bank,6,1522.85,0.00393998095675871
Skagit fall salmon 2023,2023-09-24,Guided-Boat,95.05000000000001,1522.85,0.06241586498998589
Skagit fall salmon 2023,2023-09-24,Unguided-Bank,702.0166666666667,1522.85,0.46098871633231553
Skagit fall salmon 2023,2023-09-24,Unguided-Boat,719.7833333333333,1522.85,0.47265543772093993
Skagit fall salmon 2023,2023-10-01,Guided-Bank,0,1363.8666666666668,0
Skagit fall salmon 2023,2023-10-01,Guided-Boat,82.35000000000001,1363.8666666666668,0.06037980252224069
Skagit fall salmon 2023,2023-10-01,Unguided-Bank,436.2,1363.8666666666668,0.31982598494476483
Skagit fall salmon 2023,2023-10-01,Unguided-Boat,845.3166666666667,1363.8666666666668,0.6197942125329944
Skagit fall salmon 2023,2023-10-08,Guided-Bank,0,1373.9666666666667,0
Skagit fall salmon 2023,2023-10-08,Guided-Boat,66.2,1373.9666666666667,0.04818166379582232
Skagit fall salmon 2023,2023-10-08,Unguided-Bank,348.46666666666664,1373.9666666666667,0.25362090298163464
Skagit fall salmon 2023,2023-10-08,Unguided-Boat,959.3,1373.9666666666667,0.6981974332225429
Skagit fall salmon 2023,2023-10-15,Guided-Bank,20.2,833.3000000000001,0.02424096963878555
Skagit fall salmon 2023,2023-10-15,Guided-Boat,47.95,833.3000000000001,0.05754230169206768
Skagit fall salmon 2023,2023-10-15,Unguided-Bank,203.3,833.3000000000001,0.2439697587903516
Skagit fall salmon 2023,2023-10-15,Unguided-Boat,561.85,833.3000000000001,0.6742469698787952
Skagit fall salmon 2023,2023-10-22,Guided-Bank,0,1286.1666666666667,0
Skagit fall salmon 2023,2023-10-22,Guided-Boat,267.3333333333333,1286.1666666666667,0.20785279253595954
Skagit fall salmon 2023,2023-10-22,Unguided-Bank,253.71666666666667,1286.1666666666667,0.1972657768562913
Skagit fall salmon 2023,2023-10-22,Unguided-Boat,765.1166666666667,1286.1666666666667,0.5948814306077491
Skagit fall salmon 2023,2023-10-29,Guided-Bank,0,376.31666666666666,0
Skagit fall salmon 2023,2023-10-29,Guided-Boat,46.66666666666667,376.31666666666666,0.1240090349439745
Skagit fall salmon 2023,2023-10-29,Unguided-Bank,136.35,376.31666666666666,0.3623278267416626
Skagit fall salmon 2023,2023-10-29,Unguided-Boat,193.3,376.31666666666666,0.5136631383143629
Skagit fall salmon 2023,2023-11-05,Guided-Bank,0,167.56666666666666,0
Skagit fall salmon 2023,2023-11-05,Guided-Boat,71.03333333333333,167.56666666666666,0.423910881241297
Skagit fall salmon 2023,2023-11-05,Unguided-Bank,55.96666666666667,167.56666666666666,0.3339964193355878
Skagit fall salmon 2023,2023-11-05,Unguided-Boat,40.56666666666666,167.56666666666666,0.24209269942311515
Skagit fall salmon 2023,2023-11-12,Guided-Bank,37.666666666666664,418.09999999999997,0.09009009009009009
Skagit fall salmon 2023,2023-11-12,Guided-Boat,78.05,418.09999999999997,0.18667782827074864
Skagit fall salmon 2023,2023-11-12,Unguided-Bank,165.18333333333334,418.09999999999997,0.39508092162959424
Skagit fall salmon 2023,2023-11-12,Unguided-Boat,137.2,418.09999999999997,0.32815116000956707
Skagit fall salmon 2023,2023-11-19,Guided-Bank,0,166.71666666666667,0
Skagit fall salmon 2023,2023-11-19,Guided-Boat,0,166.71666666666667,0
Skagit fall salmon 2023,2023-11-19,Unguided-Bank,80.16666666666667,166.71666666666667,0.4808557432770169
Skagit fall salmon 2023,2023-11-19,Unguided-Boat,86.55,166.71666666666667,0.519144256722983
Skagit fall salmon 2023,2023-11-26,Guided-Bank,0,97.21666666666667,0
Skagit fall salmon 2023,2023-11-26,Guided-Boat,21.400000000000002,97.21666666666667,0.22012686439225101
Skagit fall salmon 2023,2023-11-26,Unguided-Bank,41,97.21666666666667,0.4217383850505743
Skagit fall salmon 2023,2023-11-26,Unguided-Boat,34.81666666666666,97.21666666666667,0.35813475055717464
Skagit fall salmon 2024,2024-09-01,Guided-Bank,0,1290.1166666666668,0
Skagit fall salmon 2024,2024-09-01,Guided-Boat,0,1290.1166666666668,0
Skagit fall salmon 2024,2024-09-01,Unguided-Bank,471.8833333333333,1290.1166666666668,0.3657679538026276
Skagit fall salmon 2024,2024-09-01,Unguided-Boat,818.2333333333333,1290.1166666666668,0.6342320461973723
Skagit fall salmon 2024,2024-09-08,Guided-Bank,0,1630.5,0
Skagit fall salmon 2024,2024-09-08,Guided-Boat,0,1630.5,0
Skagit fall salmon 2024,2024-09-08,Unguided-Bank,591.6666666666666,1630.5,0.3628743739139323
Skagit fall salmon 2024,2024-09-08,Unguided-Boat,1038.8333333333333,1630.5,0.6371256260860676
Skagit fall salmon 2024,2024-09-15,Guided-Bank,0,1667.5,0
Skagit fall salmon 2024,2024-09-15,Guided-Boat,0,1667.5,0
Skagit fall salmon 2024,2024-09-15,Unguided-Bank,556.5833333333334,1667.5,0.33378310844577713
Skagit fall salmon 2024,2024-09-15,Unguided-Boat,1110.9166666666667,1667.5,0.6662168915542229
Skagit fall salmon 2024,2024-09-22,Guided-Bank,0,775.8166666666667,0
Skagit fall salmon 2024,2024-09-22,Guided-Boat,24.666666666666668,775.8166666666667,0.03179445315688844
Skagit fall salmon 2024,2024-09-22,Unguided-Bank,174.91666666666666,775.8166666666667,0.22546134181185415
Skagit fall salmon 2024,2024-09-22,Unguided-Boat,576.2333333333333,775.8166666666667,0.7427442050312574
Skagit fall salmon 2024,2024-09-29,Guided-Bank,0,1624.5166666666667,0
Skagit fall salmon 2024,2024-09-29,Guided-Boat,157.31666666666666,1624.5166666666667,0.0968390598229217
Skagit fall salmon 2024,2024-09-29,Unguided-Bank,493.85,1624.5166666666667,0.3039981122590309
Skagit fall salmon 2024,2024-09-29,Unguided-Boat,973.35,1624.5166666666667,0.5991628279180474
Skagit fall salmon 2024,2024-10-06,Guided-Bank,8.533333333333333,1182.8666666666666,0.0072141126077889875
Skagit fall salmon 2024,2024-10-06,Guided-Boat,186.18333333333334,1182.8666666666666,0.15740010144845856
Skagit fall salmon 2024,2024-10-06,Unguided-Bank,295.35,1182.8666666666666,0.2496900185988841
Skagit fall salmon 2024,2024-10-06,Unguided-Boat,692.8,1182.8666666666666,0.5856957673448684
Skagit fall salmon 2024,2024-10-13,Guided-Bank,0,887.5666666666666,0
Skagit fall salmon 2024,2024-10-13,Guided-Boat,112.46666666666667,887.5666666666666,0.12671348631088747
Skagit fall salmon 2024,2024-10-13,Unguided-Bank,209.7,887.5666666666666,0.2362639426146393
Skagit fall salmon 2024,2024-10-13,Unguided-Boat,565.4,887.5666666666666,0.6370225710744732
Skagit fall salmon 2024,2024-10-20,Guided-Bank,0.6,508.95,0.0011788977306218685
Skagit fall salmon 2024,2024-10-20,Guided-Boat,51.96666666666667,508.95,0.1021056423355274
Skagit fall salmon 2024,2024-10-20,Unguided-Bank,234,508.95,0.45977011494252873
Skagit fall salmon 2024,2024-10-20,Unguided-Boat,222.38333333333333,508.95,0.436945344991322
Skagit fall salmon 2024,2024-10-27,Guided-Bank,0,475.78333333333336,0
Skagit fall salmon 2024,2024-10-27,Guided-Boat,43.7,475.78333333333336,0.091848530493572
Skagit fall salmon 2024,2024-10-27,Unguided-Bank,247.76666666666668,475.78333333333336,0.5207552457351036
Skagit fall salmon 2024,2024-10-27,Unguided-Boat,184.31666666666666,475.78333333333336,0.38739622377132443
Skagit fall salmon 2024,2024-11-03,Guided-Bank,28.799999999999997,524.3666666666667,0.054923399656728746
Skagit fall salmon 2024,2024-11-03,Guided-Boat,35.650000000000006,524.3666666666667,0.06798677770008264
Skagit fall salmon 2024,2024-11-03,Unguided-Bank,241.81666666666666,524.3666666666667,0.46115949399275313
Skagit fall salmon 2024,2024-11-03,Unguided-Boat,218.1,524.3666666666667,0.41593032865043544
Skagit fall salmon 2024,2024-11-10,Guided-Bank,0,78.76666666666667,0
Skagit fall salmon 2024,2024-11-10,Guided-Boat,19.6,78.76666666666667,0.24883622513753706
Skagit fall salmon 2024,2024-11-10,Unguided-Bank,48.56666666666666,78.76666666666667,0.6165890816758358
Skagit fall salmon 2024,2024-11-10,Unguided-Boat,10.6,78.76666666666667,0.13457469318662715
Skagit fall salmon 2024,2024-11-17,Guided-Bank,0,278.75,0
Skagit fall salmon 2024,2024-11-17,Guided-Boat,40.733333333333334,278.75,0.1461285500747384
Skagit fall salmon 2024,2024-11-17,Unguided-Bank,120.95,278.75,0.43390134529147983
Skagit fall salmon 2024,2024-11-17,Unguided-Boat,117.06666666666666,278.75,0.41997010463378176
Skagit fall salmon 2024,2024-11-24,Guided-Bank,0,48.55,0
Skagit fall salmon 2024,2024-11-24,Guided-Boat,0,48.55,0
Skagit fall salmon 2024,2024-11-24,Unguided-Bank,38.516666666666666,48.55,0.7933401991074494
Skagit fall salmon 2024,2024-11-24,Unguided-Boat,10.033333333333333,48.55,0.20665980089255065
Skagit fall salmon 2025,2025-08-10,Guided-Bank,0,320.15,0
Skagit fall salmon 2025,2025-08-10,Guided-Boat,0,320.15,0
Skagit fall salmon 2025,2025-08-10,Unguided-Bank,231.15,320.15,0.7220053100109325
Skagit fall salmon 2025,2025-08-10,Unguided-Boat,89,320.15,0.2779946899890676
Skagit fall salmon 2025,2025-08-17,Guided-Bank,0,849.1166666666667,0
Skagit fall salmon 2025,2025-08-17,Guided-Boat,14.933333333333334,849.1166666666667,0.017586904037529195
Skagit fall salmon 2025,2025-08-17,Unguided-Bank,520.2,849.1166666666667,0.6126366616287515
Skagit fall salmon 2025,2025-08-17,Unguided-Boat,313.98333333333335,849.1166666666667,0.3697764343337194
Skagit fall salmon 2025,2025-08-24,Guided-Bank,0,1561.3666666666668,0
Skagit fall salmon 2025,2025-08-24,Guided-Boat,16.5,1561.3666666666668,0.010567665079737837
Skagit fall salmon 2025,2025-08-24,Unguided-Bank,1011.2333333333333,1561.3666666666668,0.6476591020687005
Skagit fall salmon 2025,2025-08-24,Unguided-Boat,533.6333333333333,1561.3666666666668,0.34177323285156164
Skagit fall salmon 2025,2025-08-31,Guided-Bank,0,1331.0833333333333,0
Skagit fall salmon 2025,2025-08-31,Guided-Boat,0,1331.0833333333333,0
Skagit fall salmon 2025,2025-08-31,Unguided-Bank,679.9,1331.0833333333333,0.5107869529831591
Skagit fall salmon 2025,2025-08-31,Unguided-Boat,651.1833333333333,1331.0833333333333,0.48921304701684093
Skagit fall salmon 2025,2025-09-07,Guided-Bank,0,1571.9166666666667,0
Skagit fall salmon 2025,2025-09-07,Guided-Boat,2.7333333333333334,1571.9166666666667,0.0017388538408524624
Skagit fall salmon 2025,2025-09-07,Unguided-Bank,701.9833333333333,1571.9166666666667,0.446577956846737
Skagit fall salmon 2025,2025-09-07,Unguided-Boat,867.2,1571.9166666666667,0.5516831893124106
Skagit fall salmon 2025,2025-09-14,Guided-Bank,19.6,1756.3833333333332,0.011159295142480288
Skagit fall salmon 2025,2025-09-14,Guided-Boat,44,1756.3833333333332,0.025051478891282276
Skagit fall salmon 2025,2025-09-14,Unguided-Bank,884.7666666666667,1756.3833333333332,0.5037434880388678
Skagit fall salmon 2025,2025-09-14,Unguided-Boat,808.0166666666667,1756.3833333333332,0.4600457379273697
Skagit fall salmon 2025,2025-09-21,Guided-Bank,0,2615.4666666666667,0
Skagit fall salmon 2025,2025-09-21,Guided-Boat,165.31666666666666,2615.4666666666667,0.06320733075040783
Skagit fall salmon 2025,2025-09-21,Unguided-Bank,1423.85,2615.4666666666667,0.5443961561990212
Skagit fall salmon 2025,2025-09-21,Unguided-Boat,1026.3,2615.4666666666667,0.39239651305057094
Skagit fall salmon 2025,2025-09-28,Guided-Bank,39.36666666666666,1474.25,0.026702843253631786
Skagit fall salmon 2025,2025-09-28,Guided-Boat,70.5,1474.25,0.04782092589452264
Skagit fall salmon 2025,2025-09-28,Unguided-Bank,666.1833333333333,1474.25,0.4518794867446724
Skagit fall salmon 2025,2025-09-28,Unguided-Boat,698.2,1474.25,0.4735967441071732
Skagit fall salmon 2025,2025-10-05,Guided-Bank,82.7,1864.5333333333333,0.04435426201372998
Skagit fall salmon 2025,2025-10-05,Guided-Boat,154.51666666666668,1864.5333333333333,0.08287149599542334
Skagit fall salmon 2025,2025-10-05,Unguided-Bank,829.8,1864.5333333333333,0.44504433638443935
Skagit fall salmon 2025,2025-10-05,Unguided-Boat,797.5166666666667,1864.5333333333333,0.42772990560640733
Skagit fall salmon 2025,2025-10-12,Guided-Bank,23.533333333333335,1683.5333333333333,0.013978537203500575
Skagit fall salmon 2025,2025-10-12,Guided-Boat,297.8,1683.5333333333333,0.17688987447035998
Skagit fall salmon 2025,2025-10-12,Unguided-Bank,637.8833333333333,1683.5333333333333,0.3788955767631569
Skagit fall salmon 2025,2025-10-12,Unguided-Boat,724.3166666666667,1683.5333333333333,0.43023601156298263
Skagit fall salmon 2025,2025-10-19,Guided-Bank,0,1119.3833333333334,0
Skagit fall salmon 2025,2025-10-19,Guided-Boat,141.35,1119.3833333333334,0.12627488349239907
Skagit fall salmon 2025,2025-10-19,Unguided-Bank,521.2166666666667,1119.3833333333334,0.46562839658740673
Skagit fall salmon 2025,2025-10-19,Unguided-Boat,456.81666666666666,1119.3833333333334,0.40809671992019414
Skagit fall salmon 2025,2025-10-26,Guided-Bank,0,447.29999999999995,0
Skagit fall salmon 2025,2025-10-26,Guided-Boat,93.36666666666667,447.29999999999995,0.20873388479022287
Skagit fall salmon 2025,2025-10-26,Unguided-Bank,256.8333333333333,447.29999999999995,0.5741858558759967
Skagit fall salmon 2025,2025-10-26,Unguided-Boat,97.1,447.29999999999995,0.21708025933378047
Skagit fall salmon 2025,2025-11-02,Guided-Bank,0,233.46666666666667,0
Skagit fall salmon 2025,2025-11-02,Guided-Boat,37.400000000000006,233.46666666666667,0.16019417475728157
Skagit fall salmon 2025,2025-11-02,Unguided-Bank,144.63333333333333,233.46666666666667,0.6195031410622501
Skagit fall salmon 2025,2025-11-02,Unguided-Boat,51.43333333333333,233.46666666666667,0.22030268418046828
Skagit fall salmon 2025,2025-11-09,Guided-Bank,37.083333333333336,534,0.06944444444444445
Skagit fall salmon 2025,2025-11-09,Guided-Boat,171.75,534,0.32162921348314605
Skagit fall salmon 2025,2025-11-09,Unguided-Bank,158.05,534,0.2959737827715356
Skagit fall salmon 2025,2025-11-09,Unguided-Boat,167.11666666666667,534,0.3129525593008739
Skagit fall salmon 2025,2025-11-16,Guided-Bank,39.166666666666664,95.33333333333333,0.41083916083916083
Skagit fall salmon 2025,2025-11-16,Guided-Boat,0,95.33333333333333,0
Skagit fall salmon 2025,2025-11-16,Unguided-Bank,14.166666666666666,95.33333333333333,0.1486013986013986
Skagit fall salmon 2025,2025-11-16,Unguided-Boat,42,95.33333333333333,0.4405594405594406
Skagit spring Chinook 2021 lower,2021-05-16,Guided-Bank,0,137.9,0
Skagit spring Chinook 2021 lower,2021-05-16,Guided-Boat,0,137.9,0
Skagit spring Chinook 2021 lower,2021-05-16,Unguided-Bank,97.68333333333334,137.9,0.7083635484650713
Skagit spring Chinook 2021 lower,2021-05-16,Unguided-Boat,40.21666666666667,137.9,0.2916364515349287
Skagit spring Chinook 2021 lower,2021-05-23,Guided-Bank,0,318.7166666666667,0
Skagit spring Chinook 2021 lower,2021-05-23,Guided-Boat,0,318.7166666666667,0
Skagit spring Chinook 2021 lower,2021-05-23,Unguided-Bank,157.88333333333333,318.7166666666667,0.49537206505255443
Skagit spring Chinook 2021 lower,2021-05-23,Unguided-Boat,160.83333333333334,318.7166666666667,0.5046279349474455
Skagit spring Chinook 2021 lower,2021-05-30,Guided-Bank,0,49.41666666666667,0
Skagit spring Chinook 2021 lower,2021-05-30,Guided-Boat,0,49.41666666666667,0
Skagit spring Chinook 2021 lower,2021-05-30,Unguided-Bank,21.916666666666668,49.41666666666667,0.44350758853288363
Skagit spring Chinook 2021 lower,2021-05-30,Unguided-Boat,27.5,49.41666666666667,0.5564924114671163
Skagit spring Chinook 2022 lower,2022-05-01,Guided-Bank,0,183.75,0
Skagit spring Chinook 2022 lower,2022-05-01,Guided-Boat,0,183.75,0
Skagit spring Chinook 2022 lower,2022-05-01,Unguided-Bank,130.05,183.75,0.7077551020408164
Skagit spring Chinook 2022 lower,2022-05-01,Unguided-Boat,53.699999999999996,183.75,0.2922448979591836
Skagit spring Chinook 2022 lower,2022-05-08,Guided-Bank,0,296.31666666666666,0
Skagit spring Chinook 2022 lower,2022-05-08,Guided-Boat,0,296.31666666666666,0
Skagit spring Chinook 2022 lower,2022-05-08,Unguided-Bank,214.48333333333332,296.31666666666666,0.7238314865852973
Skagit spring Chinook 2022 lower,2022-05-08,Unguided-Boat,81.83333333333333,296.31666666666666,0.2761685134147027
Skagit spring Chinook 2022 lower,2022-05-15,Guided-Bank,0,444.85,0
Skagit spring Chinook 2022 lower,2022-05-15,Guided-Boat,0,444.85,0
Skagit spring Chinook 2022 lower,2022-05-15,Unguided-Bank,281.18333333333334,444.85,0.6320857217788768
Skagit spring Chinook 2022 lower,2022-05-15,Unguided-Boat,163.66666666666666,444.85,0.36791427822112316
Skagit spring Chinook 2022 lower,2022-05-22,Guided-Bank,0,314.96666666666664,0
Skagit spring Chinook 2022 lower,2022-05-22,Guided-Boat,0,314.96666666666664,0
Skagit spring Chinook 2022 lower,2022-05-22,Unguided-Bank,204.16666666666666,314.96666666666664,0.6482167425124352
Skagit spring Chinook 2022 lower,2022-05-22,Unguided-Boat,110.8,314.96666666666664,0.35178325748756484
Skagit spring Chinook 2022 lower,2022-05-29,Guided-Bank,0,65.28333333333333,0
Skagit spring Chinook 2022 lower,2022-05-29,Guided-Boat,0,65.28333333333333,0
Skagit spring Chinook 2022 lower,2022-05-29,Unguided-Bank,63.53333333333333,65.28333333333333,0.9731937707429155
Skagit spring Chinook 2022 lower,2022-05-29,Unguided-Boat,1.75,65.28333333333333,0.026806229257084504
Skagit spring Chinook 2022 upper,2022-05-29,Guided-Bank,0,140.38333333333333,0
Skagit spring Chinook 2022 upper,2022-05-29,Guided-Boat,33.266666666666666,140.38333333333333,0.23697020064110175
Skagit spring Chinook 2022 upper,2022-05-29,Unguided-Bank,21.85,140.38333333333333,0.15564525703431084
Skagit spring Chinook 2022 upper,2022-05-29,Unguided-Boat,85.26666666666667,140.38333333333333,0.6073845423245875
Skagit spring Chinook 2022 upper,2022-06-05,Guided-Bank,0,148.96666666666667,0
Skagit spring Chinook 2022 upper,2022-06-05,Guided-Boat,41.41666666666667,148.96666666666667,0.2780264041172522
Skagit spring Chinook 2022 upper,2022-06-05,Unguided-Bank,66.76666666666667,148.96666666666667,0.44819870217050795
Skagit spring Chinook 2022 upper,2022-06-05,Unguided-Boat,40.78333333333333,148.96666666666667,0.27377489371223984
Skagit spring Chinook 2022 upper,2022-06-12,Guided-Bank,0,234.43333333333334,0
Skagit spring Chinook 2022 upper,2022-06-12,Guided-Boat,146.46666666666667,234.43333333333334,0.6247689463955638
Skagit spring Chinook 2022 upper,2022-06-12,Unguided-Bank,70.66666666666667,234.43333333333334,0.3014360870183421
Skagit spring Chinook 2022 upper,2022-06-12,Unguided-Boat,17.3,234.43333333333334,0.07379496658609414
Skagit spring Chinook 2022 upper,2022-06-19,Guided-Bank,0,180.81666666666666,0
Skagit spring Chinook 2022 upper,2022-06-19,Guided-Boat,74.05,180.81666666666666,0.4095308323347774
Skagit spring Chinook 2022 upper,2022-06-19,Unguided-Bank,40.2,180.81666666666666,0.22232463821550374
Skagit spring Chinook 2022 upper,2022-06-19,Unguided-Boat,66.56666666666666,180.81666666666666,0.36814452944971887
Skagit spring Chinook 2022 upper,2022-06-26,Guided-Bank,0,36.43333333333334,0
Skagit spring Chinook 2022 upper,2022-06-26,Guided-Boat,0,36.43333333333334,0
Skagit spring Chinook 2022 upper,2022-06-26,Unguided-Bank,27.833333333333336,36.43333333333334,0.7639524245196706
Skagit spring Chinook 2022 upper,2022-06-26,Unguided-Boat,8.6,36.43333333333334,0.23604757548032934
Skagit spring Chinook 2022 upper,2022-07-03,Guided-Bank,0,11.85,0
Skagit spring Chinook 2022 upper,2022-07-03,Guided-Boat,0,11.85,0
Skagit spring Chinook 2022 upper,2022-07-03,Unguided-Bank,11.85,11.85,1
Skagit spring Chinook 2022 upper,2022-07-03,Unguided-Boat,0,11.85,0
Skagit spring Chinook 2022 upper,2022-07-10,Guided-Bank,0,25.116666666666667,0
Skagit spring Chinook 2022 upper,2022-07-10,Guided-Boat,0,25.116666666666667,0
Skagit spring Chinook 2022 upper,2022-07-10,Unguided-Bank,18.616666666666667,25.116666666666667,0.7412076974120769
Skagit spring Chinook 2022 upper,2022-07-10,Unguided-Boat,6.5,25.116666666666667,0.258792302587923
Skagit spring Chinook 2023 lower,2023-04-30,Guided-Bank,0,153.55,0
Skagit spring Chinook 2023 lower,2023-04-30,Guided-Boat,0,153.55,0
Skagit spring Chinook 2023 lower,2023-04-30,Unguided-Bank,88.96666666666667,153.55,0.5793986757842179
Skagit spring Chinook 2023 lower,2023-04-30,Unguided-Boat,64.58333333333333,153.55,0.420601324215782
Skagit spring Chinook 2023 lower,2023-05-07,Guided-Bank,0,489.0833333333333,0
Skagit spring Chinook 2023 lower,2023-05-07,Guided-Boat,0,489.0833333333333,0
Skagit spring Chinook 2023 lower,2023-05-07,Unguided-Bank,268.5833333333333,489.0833333333333,0.5491565854489692
Skagit spring Chinook 2023 lower,2023-05-07,Unguided-Boat,220.5,489.0833333333333,0.45084341455103083
Skagit spring Chinook 2023 lower,2023-05-14,Guided-Bank,0,107.53333333333333,0
Skagit spring Chinook 2023 lower,2023-05-14,Guided-Boat,0,107.53333333333333,0
Skagit spring Chinook 2023 lower,2023-05-14,Unguided-Bank,77.13333333333334,107.53333333333333,0.7172969621822691
Skagit spring Chinook 2023 lower,2023-05-14,Unguided-Boat,30.4,107.53333333333333,0.28270303781773093
Skagit spring Chinook 2023 lower,2023-05-21,Guided-Bank,0,162.4,0
Skagit spring Chinook 2023 lower,2023-05-21,Guided-Boat,0,162.4,0
Skagit spring Chinook 2023 lower,2023-05-21,Unguided-Bank,78.91666666666667,162.4,0.485940065681445
Skagit spring Chinook 2023 lower,2023-05-21,Unguided-Boat,83.48333333333333,162.4,0.514059934318555
Skagit spring Chinook 2023 lower,2023-05-28,Guided-Bank,0,53.35,0
Skagit spring Chinook 2023 lower,2023-05-28,Guided-Boat,0,53.35,0
Skagit spring Chinook 2023 lower,2023-05-28,Unguided-Bank,0.5,53.35,0.00937207122774133
Skagit spring Chinook 2023 lower,2023-05-28,Unguided-Boat,52.85,53.35,0.9906279287722587
Skagit spring Chinook 2023 upper,2023-05-28,Guided-Bank,0,136,0
Skagit spring Chinook 2023 upper,2023-05-28,Guided-Boat,0,136,0
Skagit spring Chinook 2023 upper,2023-05-28,Unguided-Bank,39.333333333333336,136,0.28921568627450983
Skagit spring Chinook 2023 upper,2023-05-28,Unguided-Boat,96.66666666666667,136,0.7107843137254902
Skagit spring Chinook 2023 upper,2023-06-04,Guided-Bank,0,94.63333333333334,0
Skagit spring Chinook 2023 upper,2023-06-04,Guided-Boat,0,94.63333333333334,0
Skagit spring Chinook 2023 upper,2023-06-04,Unguided-Bank,71.63333333333334,94.63333333333334,0.7569566748855231
Skagit spring Chinook 2023 upper,2023-06-04,Unguided-Boat,23,94.63333333333334,0.2430433251144769
Skagit spring Chinook 2023 upper,2023-06-11,Guided-Bank,0,432.1333333333333,0
Skagit spring Chinook 2023 upper,2023-06-11,Guided-Boat,169.2,432.1333333333333,0.3915458191916075
Skagit spring Chinook 2023 upper,2023-06-11,Unguided-Bank,120.63333333333334,432.1333333333333,0.2791576673866091
Skagit spring Chinook 2023 upper,2023-06-11,Unguided-Boat,142.3,432.1333333333333,0.32929651342178345
Skagit spring Chinook 2023 upper,2023-06-18,Guided-Bank,0,185.05,0
Skagit spring Chinook 2023 upper,2023-06-18,Guided-Boat,50.2,185.05,0.2712780329640638
Skagit spring Chinook 2023 upper,2023-06-18,Unguided-Bank,78.61666666666666,185.05,0.42484013329730697
Skagit spring Chinook 2023 upper,2023-06-18,Unguided-Boat,56.233333333333334,185.05,0.3038818337386292
Skagit spring Chinook 2023 upper,2023-06-25,Guided-Bank,2.6,78.21666666666665,0.033240997229916906
Skagit spring Chinook 2023 upper,2023-06-25,Guided-Boat,0,78.21666666666665,0
Skagit spring Chinook 2023 upper,2023-06-25,Unguided-Bank,8.733333333333333,78.21666666666665,0.11165565736202857
Skagit spring Chinook 2023 upper,2023-06-25,Unguided-Boat,66.88333333333333,78.21666666666665,0.8551033454080545
Skagit spring Chinook 2023 upper,2023-07-02,Guided-Bank,0,76.31666666666666,0
Skagit spring Chinook 2023 upper,2023-07-02,Guided-Boat,16.8,76.31666666666666,0.22013540074252022
Skagit spring Chinook 2023 upper,2023-07-02,Unguided-Bank,52.949999999999996,76.31666666666666,0.693819611268836
Skagit spring Chinook 2023 upper,2023-07-02,Unguided-Boat,6.566666666666666,76.31666666666666,0.08604498798864381
Skagit spring Chinook 2023 upper,2023-07-09,Guided-Bank,0,77.75,0
Skagit spring Chinook 2023 upper,2023-07-09,Guided-Boat,24.25,77.75,0.31189710610932475
Skagit spring Chinook 2023 upper,2023-07-09,Unguided-Bank,33.11666666666667,77.75,0.42593783494105036
Skagit spring Chinook 2023 upper,2023-07-09,Unguided-Boat,20.383333333333333,77.75,0.2621650589496249
Skagit spring Chinook 2024 lower,2024-04-21,Guided-Bank,0,191.41666666666666,0
Skagit spring Chinook 2024 lower,2024-04-21,Guided-Boat,0,191.41666666666666,0
Skagit spring Chinook 2024 lower,2024-04-21,Unguided-Bank,96.85,191.41666666666666,0.5059643012625163
Skagit spring Chinook 2024 lower,2024-04-21,Unguided-Boat,94.56666666666666,191.41666666666666,0.49403569873748365
Skagit spring Chinook 2024 lower,2024-04-28,Guided-Bank,0,545.0166666666667,0
Skagit spring Chinook 2024 lower,2024-04-28,Guided-Boat,0,545.0166666666667,0
Skagit spring Chinook 2024 lower,2024-04-28,Unguided-Bank,283.65,545.0166666666667,0.5204427999143757
Skagit spring Chinook 2024 lower,2024-04-28,Unguided-Boat,261.3666666666667,545.0166666666667,0.4795572000856243
Skagit spring Chinook 2024 lower,2024-05-05,Guided-Bank,0,481.7166666666667,0
Skagit spring Chinook 2024 lower,2024-05-05,Guided-Boat,0,481.7166666666667,0
Skagit spring Chinook 2024 lower,2024-05-05,Unguided-Bank,237.25,481.7166666666667,0.4925094280870498
Skagit spring Chinook 2024 lower,2024-05-05,Unguided-Boat,244.46666666666667,481.7166666666667,0.5074905719129502
Skagit spring Chinook 2024 lower,2024-05-12,Guided-Bank,0,225.96666666666667,0
Skagit spring Chinook 2024 lower,2024-05-12,Guided-Boat,0,225.96666666666667,0
Skagit spring Chinook 2024 lower,2024-05-12,Unguided-Bank,127.06666666666666,225.96666666666667,0.5623248266706004
Skagit spring Chinook 2024 lower,2024-05-12,Unguided-Boat,98.9,225.96666666666667,0.43767517332939965
Skagit spring Chinook 2024 lower,2024-05-19,Guided-Bank,0,164.31666666666666,0
Skagit spring Chinook 2024 lower,2024-05-19,Guided-Boat,0,164.31666666666666,0
Skagit spring Chinook 2024 lower,2024-05-19,Unguided-Bank,111.23333333333333,164.31666666666666,0.6769449234202252
Skagit spring Chinook 2024 lower,2024-05-19,Unguided-Boat,53.083333333333336,164.31666666666666,0.32305507657977484
Skagit spring Chinook 2024 lower,2024-05-26,Guided-Bank,0,189.91666666666666,0
Skagit spring Chinook 2024 lower,2024-05-26,Guided-Boat,0,189.91666666666666,0
Skagit spring Chinook 2024 lower,2024-05-26,Unguided-Bank,91.13333333333333,189.91666666666666,0.47985958753839403
Skagit spring Chinook 2024 lower,2024-05-26,Unguided-Boat,98.78333333333333,189.91666666666666,0.520140412461606
Skagit spring Chinook 2024 upper,2024-05-26,Guided-Bank,0,336.81666666666666,0
Skagit spring Chinook 2024 upper,2024-05-26,Guided-Boat,42.08333333333333,336.81666666666666,0.12494433173338611
Skagit spring Chinook 2024 upper,2024-05-26,Unguided-Bank,286.46666666666664,336.81666666666666,0.8505121480528477
Skagit spring Chinook 2024 upper,2024-05-26,Unguided-Boat,8.266666666666667,336.81666666666666,0.024543520213766146
Skagit spring Chinook 2024 upper,2024-06-02,Guided-Bank,0,700.5833333333333,0
Skagit spring Chinook 2024 upper,2024-06-02,Guided-Boat,70.33333333333334,700.5833333333333,0.1003925300344951
Skagit spring Chinook 2024 upper,2024-06-02,Unguided-Bank,511.71666666666664,700.5833333333333,0.7304151302486024
Skagit spring Chinook 2024 upper,2024-06-02,Unguided-Boat,118.53333333333333,700.5833333333333,0.1691923397169026
Skagit spring Chinook 2024 upper,2024-06-09,Guided-Bank,0,872.75,0
Skagit spring Chinook 2024 upper,2024-06-09,Guided-Boat,129.93333333333334,872.75,0.14887806741143894
Skagit spring Chinook 2024 upper,2024-06-09,Unguided-Bank,591.4166666666666,872.75,0.6776472834908813
Skagit spring Chinook 2024 upper,2024-06-09,Unguided-Boat,151.4,872.75,0.17347464909767976
Skagit spring Chinook 2024 upper,2024-06-16,Guided-Bank,0,47.55,0
Skagit spring Chinook 2024 upper,2024-06-16,Guided-Boat,0,47.55,0
Skagit spring Chinook 2024 upper,2024-06-16,Unguided-Bank,42.55,47.55,0.8948475289169295
Skagit spring Chinook 2024 upper,2024-06-16,Unguided-Boat,5,47.55,0.10515247108307046
Skagit spring Chinook 2024 upper,2024-06-23,Guided-Bank,0,299.56666666666666,0
Skagit spring Chinook 2024 upper,2024-06-23,Guided-Boat,0,299.56666666666666,0
Skagit spring Chinook 2024 upper,2024-06-23,Unguided-Bank,232.85,299.56666666666666,0.777289418048292
Skagit spring Chinook 2024 upper,2024-06-23,Unguided-Boat,66.71666666666667,299.56666666666666,0.22271058195170804
Skagit spring Chinook 2024 upper,2024-06-30,Guided-Bank,0,131.29999999999998,0
Skagit spring Chinook 2024 upper,2024-06-30,Guided-Boat,0,131.29999999999998,0
Skagit spring Chinook 2024 upper,2024-06-30,Unguided-Bank,126.13333333333333,131.29999999999998,0.9606499111449607
Skagit spring Chinook 2024 upper,2024-06-30,Unguided-Boat,5.166666666666667,131.29999999999998,0.03935008885503936
Skagit spring Chinook 2024 upper,2024-07-07,Guided-Bank,0,147.21666666666667,0
Skagit spring Chinook 2024 upper,2024-07-07,Guided-Boat,0,147.21666666666667,0
Skagit spring Chinook 2024 upper,2024-07-07,Unguided-Bank,94.68333333333334,147.21666666666667,0.6431563455224726
Skagit spring Chinook 2024 upper,2024-07-07,Unguided-Boat,52.53333333333333,147.21666666666667,0.3568436544775274
Skagit spring Chinook 2024 upper,2024-07-14,Guided-Bank,0,77.28333333333333,0
Skagit spring Chinook 2024 upper,2024-07-14,Guided-Boat,27.1,77.28333333333333,0.350657752857451
Skagit spring Chinook 2024 upper,2024-07-14,Unguided-Bank,43.083333333333336,77.28333333333333,0.5574725037739918
Skagit spring Chinook 2024 upper,2024-07-14,Unguided-Boat,7.1,77.28333333333333,0.09186974336855726
Skagit spring Chinook 2025 lower,2025-04-20,Guided-Bank,0,164.6,0
Skagit spring Chinook 2025 lower,2025-04-20,Guided-Boat,0,164.6,0
Skagit spring Chinook 2025 lower,2025-04-20,Unguided-Bank,54.55,164.6,0.33140947752126365
Skagit spring Chinook 2025 lower,2025-04-20,Unguided-Boat,110.05,164.6,0.6685905224787363
Skagit spring Chinook 2025 lower,2025-04-27,Guided-Bank,0,289.95,0
Skagit spring Chinook 2025 lower,2025-04-27,Guided-Boat,0,289.95,0
Skagit spring Chinook 2025 lower,2025-04-27,Unguided-Bank,194.08333333333334,289.95,0.6693682818876818
Skagit spring Chinook 2025 lower,2025-04-27,Unguided-Boat,95.86666666666666,289.95,0.33063171811231823
Skagit spring Chinook 2025 lower,2025-05-04,Guided-Bank,0,243.76666666666668,0
Skagit spring Chinook 2025 lower,2025-05-04,Guided-Boat,0,243.76666666666668,0
Skagit spring Chinook 2025 lower,2025-05-04,Unguided-Bank,142.76666666666668,243.76666666666668,0.5856693559414741
Skagit spring Chinook 2025 lower,2025-05-04,Unguided-Boat,101,243.76666666666668,0.4143306440585259
Skagit spring Chinook 2025 lower,2025-05-11,Guided-Bank,0,121,0
Skagit spring Chinook 2025 lower,2025-05-11,Guided-Boat,0,121,0
Skagit spring Chinook 2025 lower,2025-05-11,Unguided-Bank,69.31666666666666,121,0.5728650137741047
Skagit spring Chinook 2025 lower,2025-05-11,Unguided-Boat,51.68333333333333,121,0.4271349862258953
Skagit spring Chinook 2025 lower,2025-05-18,Guided-Bank,0,82.96666666666667,0
Skagit spring Chinook 2025 lower,2025-05-18,Guided-Boat,0,82.96666666666667,0
Skagit spring Chinook 2025 lower,2025-05-18,Unguided-Bank,33.733333333333334,82.96666666666667,0.40658899156287664
Skagit spring Chinook 2025 lower,2025-05-18,Unguided-Boat,49.233333333333334,82.96666666666667,0.5934110084371234
Skagit spring Chinook 2025 lower,2025-05-25,Guided-Bank,4.5,25.833333333333336,0.17419354838709675
Skagit spring Chinook 2025 lower,2025-05-25,Guided-Boat,0,25.833333333333336,0
Skagit spring Chinook 2025 lower,2025-05-25,Unguided-Bank,7.283333333333333,25.833333333333336,0.28193548387096773
Skagit spring Chinook 2025 lower,2025-05-25,Unguided-Boat,14.05,25.833333333333336,0.5438709677419354
Skagit spring Chinook 2025 upper,2025-05-25,Guided-Bank,0,969.1666666666666,0
Skagit spring Chinook 2025 upper,2025-05-25,Guided-Boat,170.06666666666666,969.1666666666666,0.17547721410146175
Skagit spring Chinook 2025 upper,2025-05-25,Unguided-Bank,619.0333333333333,969.1666666666666,0.6387274290627687
Skagit spring Chinook 2025 upper,2025-05-25,Unguided-Boat,180.06666666666666,969.1666666666666,0.18579535683576956
Skagit spring Chinook 2025 upper,2025-06-01,Guided-Bank,32.86666666666667,1134.9333333333334,0.028959116541353382
Skagit spring Chinook 2025 upper,2025-06-01,Guided-Boat,82.80000000000001,1134.9333333333334,0.07295582706766918
Skagit spring Chinook 2025 upper,2025-06-01,Unguided-Bank,793.55,1134.9333333333334,0.6992040648496239
Skagit spring Chinook 2025 upper,2025-06-01,Unguided-Boat,225.71666666666667,1134.9333333333334,0.19888099154135339
Skagit spring Chinook 2025 upper,2025-06-08,Guided-Bank,0,495.4,0
Skagit spring Chinook 2025 upper,2025-06-08,Guided-Boat,28.6,495.4,0.05773112636253533
Skagit spring Chinook 2025 upper,2025-06-08,Unguided-Bank,361.6333333333333,495.4,0.7299825057192841
Skagit spring Chinook 2025 upper,2025-06-08,Unguided-Boat,105.16666666666667,495.4,0.21228636791818062
Skagit spring Chinook 2025 upper,2025-06-15,Guided-Bank,0,213.61666666666667,0
Skagit spring Chinook 2025 upper,2025-06-15,Guided-Boat,0,213.61666666666667,0
Skagit spring Chinook 2025 upper,2025-06-15,Unguided-Bank,213.61666666666667,213.61666666666667,1
Skagit spring Chinook 2025 upper,2025-06-15,Unguided-Boat,0,213.61666666666667,0
Skagit spring Chinook 2025 upper,2025-06-22,Guided-Bank,0,258.6666666666667,0
Skagit spring Chinook 2025 upper,2025-06-22,Guided-Boat,0,258.6666666666667,0
Skagit spring Chinook 2025 upper,2025-06-22,Unguided-Bank,258.6666666666667,258.6666666666667,1
Skagit spring Chinook 2025 upper,2025-06-22,Unguided-Boat,0,258.6666666666667,0
Skagit spring Chinook 2025 upper,2025-06-29,Guided-Bank,0,94.51666666666667,0
Skagit spring Chinook 2025 upper,2025-06-29,Guided-Boat,0,94.51666666666667,0
Skagit spring Chinook 2025 upper,2025-06-29,Unguided-Bank,88.01666666666667,94.51666666666667,0.9312290601304885
Skagit spring Chinook 2025 upper,2025-06-29,Unguided-Boat,6.5,94.51666666666667,0.06877093986951155
Skagit spring Chinook 2025 upper,2025-07-06,Guided-Bank,0,110.23333333333333,0
Skagit spring Chinook 2025 upper,2025-07-06,Guided-Boat,0,110.23333333333333,0
Skagit spring Chinook 2025 upper,2025-07-06,Unguided-Bank,86.23333333333333,110.23333333333333,0.7822800120955549
Skagit spring Chinook 2025 upper,2025-07-06,Unguided-Boat,24,110.23333333333333,0.2177199879044451
Skagit spring Chinook 2025 upper,2025-07-13,Guided-Bank,0,27.883333333333333,0
Skagit spring Chinook 2025 upper,2025-07-13,Guided-Boat,0,27.883333333333333,0
Skagit spring Chinook 2025 upper,2025-07-13,Unguided-Bank,27.883333333333333,27.883333333333333,1
Skagit spring Chinook 2025 upper,2025-07-13,Unguided-Boat,0,27.883333333333333,0
Skagit spring Chinook 2026 lower,2026-04-19,Guided-Bank,0,642.1333333333333,0
Skagit spring Chinook 2026 lower,2026-04-19,Guided-Boat,22.933333333333334,642.1333333333333,0.03571428571428571
Skagit spring Chinook 2026 lower,2026-04-19,Unguided-Bank,281.96666666666664,642.1333333333333,0.43910921926910296
Skagit spring Chinook 2026 lower,2026-04-19,Unguided-Boat,337.23333333333335,642.1333333333333,0.5251764950166113
Skagit spring Chinook 2026 lower,2026-04-26,Guided-Bank,0,471.3833333333333,0
Skagit spring Chinook 2026 lower,2026-04-26,Guided-Boat,0,471.3833333333333,0
Skagit spring Chinook 2026 lower,2026-04-26,Unguided-Bank,212.63333333333333,471.3833333333333,0.4510836898490259
Skagit spring Chinook 2026 lower,2026-04-26,Unguided-Boat,258.75,471.3833333333333,0.5489163101509741
Skagit spring Chinook 2026 lower,2026-05-03,Guided-Bank,0,311.06666666666666,0
Skagit spring Chinook 2026 lower,2026-05-03,Guided-Boat,0,311.06666666666666,0
Skagit spring Chinook 2026 lower,2026-05-03,Unguided-Bank,125.28333333333333,311.06666666666666,0.4027539648521217
Skagit spring Chinook 2026 lower,2026-05-03,Unguided-Boat,185.78333333333333,311.06666666666666,0.5972460351478782
Skagit spring Chinook 2026 lower,2026-05-10,Guided-Bank,0,102.41666666666667,0
Skagit spring Chinook 2026 lower,2026-05-10,Guided-Boat,0,102.41666666666667,0
Skagit spring Chinook 2026 lower,2026-05-10,Unguided-Bank,19.5,102.41666666666667,0.1903986981285598
Skagit spring Chinook 2026 lower,2026-05-10,Unguided-Boat,82.91666666666667,102.41666666666667,0.8096013018714402
Skagit spring Chinook 2026 upper,2026-05-10,Guided-Bank,0,322.43333333333334,0
Skagit spring Chinook 2026 upper,2026-05-10,Guided-Boat,95.55,322.43333333333334,0.2963403287501292
Skagit spring Chinook 2026 upper,2026-05-10,Unguided-Bank,78.05,322.43333333333334,0.24206554326475757
Skagit spring Chinook 2026 upper,2026-05-10,Unguided-Boat,148.83333333333334,322.43333333333334,0.46159412798511323
Skagit spring Chinook 2026 upper,2026-05-17,Guided-Bank,0,679.7333333333333,0
Skagit spring Chinook 2026 upper,2026-05-17,Guided-Boat,63.21666666666667,679.7333333333333,0.09300215770890545
Skagit spring Chinook 2026 upper,2026-05-17,Unguided-Bank,355.98333333333335,679.7333333333333,0.5237102785406041
Skagit spring Chinook 2026 upper,2026-05-17,Unguided-Boat,260.53333333333336,679.7333333333333,0.38328756375049045
Skagit spring Chinook 2026 upper,2026-05-24,Guided-Bank,0,300.26666666666665,0
Skagit spring Chinook 2026 upper,2026-05-24,Guided-Boat,0,300.26666666666665,0
Skagit spring Chinook 2026 upper,2026-05-24,Unguided-Bank,163.06666666666666,300.26666666666665,0.5430728241563055
Skagit spring Chinook 2026 upper,2026-05-24,Unguided-Boat,137.2,300.26666666666665,0.45692717584369447
Skagit spring Chinook 2026 upper,2026-05-31,Guided-Bank,0,362.23333333333335,0
Skagit spring Chinook 2026 upper,2026-05-31,Guided-Boat,39.166666666666664,362.23333333333335,0.10812551762215881
Skagit spring Chinook 2026 upper,2026-05-31,Unguided-Bank,177.71666666666667,362.23333333333335,0.4906137848532253
Skagit spring Chinook 2026 upper,2026-05-31,Unguided-Boat,145.35,362.23333333333335,0.4012606975246158
Skagit spring Chinook 2026 upper,2026-06-07,Guided-Bank,0.06666666666666667,502.0166666666667,1.3279771587928688e-4
Skagit spring Chinook 2026 upper,2026-06-07,Guided-Boat,142,502.0166666666667,0.282859134822881
Skagit spring Chinook 2026 upper,2026-06-07,Unguided-Bank,283.05,502.0166666666667,0.5638259021944823
Skagit spring Chinook 2026 upper,2026-06-07,Unguided-Boat,76.9,502.0166666666667,0.1531821652667574
Skagit spring Chinook 2026 upper,2026-06-14,Guided-Bank,0,127.61666666666667,0
Skagit spring Chinook 2026 upper,2026-06-14,Guided-Boat,12,127.61666666666667,0.09403160506725872
Skagit spring Chinook 2026 upper,2026-06-14,Unguided-Bank,105.25,127.61666666666667,0.8247355361107482
Skagit spring Chinook 2026 upper,2026-06-14,Unguided-Boat,10.366666666666667,127.61666666666667,0.08123285882199295
Skagit spring Chinook 2026 upper,2026-06-21,Guided-Bank,0,110.88333333333334,0
Skagit spring Chinook 2026 upper,2026-06-21,Guided-Boat,0,110.88333333333334,0
Skagit spring Chinook 2026 upper,2026-06-21,Unguided-Bank,71.73333333333333,110.88333333333334,0.64692619870735
Skagit spring Chinook 2026 upper,2026-06-21,Unguided-Boat,39.150000000000006,110.88333333333334,0.35307380129265
Skagit spring Chinook 2026 upper,2026-06-28,Guided-Bank,0,61.4,0
Skagit spring Chinook 2026 upper,2026-06-28,Guided-Boat,9.3,61.4,0.15146579804560262
Skagit spring Chinook 2026 upper,2026-06-28,Unguided-Bank,27.566666666666666,61.4,0.44896851248642783
Skagit spring Chinook 2026 upper,2026-06-28,Unguided-Boat,24.53333333333333,61.4,0.39956568946796955
Skagit spring Chinook 2026 upper,2026-07-05,Guided-Bank,0,82.43333333333334,0
Skagit spring Chinook 2026 upper,2026-07-05,Guided-Boat,0,82.43333333333334,0
Skagit spring Chinook 2026 upper,2026-07-05,Unguided-Bank,30.75,82.43333333333334,0.3730287100687424
Skagit spring Chinook 2026 upper,2026-07-05,Unguided-Boat,51.68333333333334,82.43333333333334,0.6269712899312576
Skagit spring Chinook 2026 upper,2026-07-12,Guided-Bank,0,8.466666666666667,0
Skagit spring Chinook 2026 upper,2026-07-12,Guided-Boat,0,8.466666666666667,0
Skagit spring Chinook 2026 upper,2026-07-12,Unguided-Bank,8.466666666666667,8.466666666666667,1
Skagit spring Chinook 2026 upper,2026-07-12,Unguided-Boat,0,8.466666666666667,0
Skagit spring gamefish 2025,2025-04-20,Guided-Bank,0,9.733333333333333,0
Skagit spring gamefish 2025,2025-04-20,Guided-Boat,0,9.733333333333333,0
Skagit spring gamefish 2025,2025-04-20,Unguided-Bank,1,9.733333333333333,0.10273972602739727
Skagit spring gamefish 2025,2025-04-20,Unguided-Boat,8.733333333333333,9.733333333333333,0.8972602739726028
Skagit summer gamefish 2022,2022-07-10,Guided-Bank,0,12.366666666666667,0
Skagit summer gamefish 2022,2022-07-10,Guided-Boat,12.366666666666667,12.366666666666667,1
Skagit summer gamefish 2022,2022-07-10,Unguided-Bank,0,12.366666666666667,0
Skagit summer gamefish 2022,2022-07-10,Unguided-Boat,0,12.366666666666667,0
Skagit summer gamefish 2022,2022-07-17,Guided-Bank,0,54.8,0
Skagit summer gamefish 2022,2022-07-17,Guided-Boat,0,54.8,0
Skagit summer gamefish 2022,2022-07-17,Unguided-Bank,7.116666666666667,54.8,0.12986618004866182
Skagit summer gamefish 2022,2022-07-17,Unguided-Boat,47.68333333333333,54.8,0.8701338199513382
Skagit summer gamefish 2022,2022-07-24,Guided-Bank,0,32.05,0
Skagit summer gamefish 2022,2022-07-24,Guided-Boat,0,32.05,0
Skagit summer gamefish 2022,2022-07-24,Unguided-Bank,24.05,32.05,0.7503900156006241
Skagit summer gamefish 2022,2022-07-24,Unguided-Boat,8,32.05,0.24960998439937598
Skagit summer gamefish 2022,2022-07-31,Guided-Bank,0,57.400000000000006,0
Skagit summer gamefish 2022,2022-07-31,Guided-Boat,0,57.400000000000006,0
Skagit summer gamefish 2022,2022-07-31,Unguided-Bank,43.833333333333336,57.400000000000006,0.7636469221835075
Skagit summer gamefish 2022,2022-07-31,Unguided-Boat,13.566666666666666,57.400000000000006,0.23635307781649242
Skagit summer gamefish 2022,2022-08-07,Guided-Bank,0,67.06666666666666,0
Skagit summer gamefish 2022,2022-08-07,Guided-Boat,0,67.06666666666666,0
Skagit summer gamefish 2022,2022-08-07,Unguided-Bank,51.63333333333333,67.06666666666666,0.7698807157057654
Skagit summer gamefish 2022,2022-08-07,Unguided-Boat,15.433333333333334,67.06666666666666,0.23011928429423462
Skagit summer gamefish 2022,2022-08-14,Guided-Bank,0,81.8,0
Skagit summer gamefish 2022,2022-08-14,Guided-Boat,23.45,81.8,0.2866748166259169
Skagit summer gamefish 2022,2022-08-14,Unguided-Bank,34.85,81.8,0.426039119804401
Skagit summer gamefish 2022,2022-08-14,Unguided-Boat,23.5,81.8,0.28728606356968217
Skagit summer gamefish 2022,2022-08-21,Guided-Bank,0,46.08333333333333,0
Skagit summer gamefish 2022,2022-08-21,Guided-Boat,0,46.08333333333333,0
Skagit summer gamefish 2022,2022-08-21,Unguided-Bank,8.3,46.08333333333333,0.1801084990958409
Skagit summer gamefish 2022,2022-08-21,Unguided-Boat,37.78333333333333,46.08333333333333,0.8198915009041592
Skagit summer gamefish 2022,2022-08-28,Guided-Bank,0,15.433333333333334,0
Skagit summer gamefish 2022,2022-08-28,Guided-Boat,0,15.433333333333334,0
Skagit summer gamefish 2022,2022-08-28,Unguided-Bank,9.433333333333334,15.433333333333334,0.6112311015118791
Skagit summer gamefish 2022,2022-08-28,Unguided-Boat,6,15.433333333333334,0.38876889848812096
Skagit summer gamefish 2024,2024-08-18,Guided-Bank,0,10.983333333333333,0
Skagit summer gamefish 2024,2024-08-18,Guided-Boat,0,10.983333333333333,0
Skagit summer gamefish 2024,2024-08-18,Unguided-Bank,10.983333333333333,10.983333333333333,1
Skagit summer gamefish 2024,2024-08-18,Unguided-Boat,0,10.983333333333333,0
Skagit summer gamefish 2024,2024-08-25,Guided-Bank,0,166.23333333333335,0
Skagit summer gamefish 2024,2024-08-25,Guided-Boat,0,166.23333333333335,0
Skagit summer gamefish 2024,2024-08-25,Unguided-Bank,49.21666666666667,166.23333333333335,0.29606978143172247
Skagit summer gamefish 2024,2024-08-25,Unguided-Boat,117.01666666666667,166.23333333333335,0.7039302185682774
Skagit summer sockeye 2022,2022-06-12,Guided-Bank,0,169.58333333333334,0
Skagit summer sockeye 2022,2022-06-12,Guided-Boat,0,169.58333333333334,0
Skagit summer sockeye 2022,2022-06-12,Unguided-Bank,96.36666666666667,169.58333333333334,0.5682555282555283
Skagit summer sockeye 2022,2022-06-12,Unguided-Boat,73.21666666666667,169.58333333333334,0.4317444717444717
Skagit summer sockeye 2022,2022-06-19,Guided-Bank,0,438.41666666666663,0
Skagit summer sockeye 2022,2022-06-19,Guided-Boat,0,438.41666666666663,0
Skagit summer sockeye 2022,2022-06-19,Unguided-Bank,329.96666666666664,438.41666666666663,0.7526325793575366
Skagit summer sockeye 2022,2022-06-19,Unguided-Boat,108.45,438.41666666666663,0.24736742064246345
Skagit summer sockeye 2022,2022-06-26,Guided-Bank,0,642.15,0
Skagit summer sockeye 2022,2022-06-26,Guided-Boat,0,642.15,0
Skagit summer sockeye 2022,2022-06-26,Unguided-Bank,532.8,642.15,0.8297126839523475
Skagit summer sockeye 2022,2022-06-26,Unguided-Boat,109.35,642.15,0.1702873160476524
Skagit summer sockeye 2022,2022-07-03,Guided-Bank,0,655.9000000000001,0
Skagit summer sockeye 2022,2022-07-03,Guided-Boat,0,655.9000000000001,0
Skagit summer sockeye 2022,2022-07-03,Unguided-Bank,441.35,655.9000000000001,0.6728922091782283
Skagit summer sockeye 2022,2022-07-03,Unguided-Boat,214.55,655.9000000000001,0.3271077908217716
Skagit summer sockeye 2022,2022-07-10,Guided-Bank,0,748.75,0
Skagit summer sockeye 2022,2022-07-10,Guided-Boat,0,748.75,0
Skagit summer sockeye 2022,2022-07-10,Unguided-Bank,502.3666666666667,748.75,0.6709404563160823
Skagit summer sockeye 2022,2022-07-10,Unguided-Boat,246.38333333333333,748.75,0.32905954368391765
Skagit summer sockeye 2022,2022-07-17,Guided-Bank,0,134.08333333333331,0
Skagit summer sockeye 2022,2022-07-17,Guided-Boat,0,134.08333333333331,0
Skagit summer sockeye 2022,2022-07-17,Unguided-Bank,102.56666666666666,134.08333333333331,0.7649471721566191
Skagit summer sockeye 2022,2022-07-17,Unguided-Boat,31.516666666666666,134.08333333333331,0.235052827843381
Skagit summer sockeye 2022,2022-07-24,Guided-Bank,0,235.5,0
Skagit summer sockeye 2022,2022-07-24,Guided-Boat,0,235.5,0
Skagit summer sockeye 2022,2022-07-24,Unguided-Bank,186.63333333333333,235.5,0.7924982307147912
Skagit summer sockeye 2022,2022-07-24,Unguided-Boat,48.86666666666667,235.5,0.20750176928520878
Skagit summer sockeye 2023,2023-06-11,Guided-Bank,0,50.5,0
Skagit summer sockeye 2023,2023-06-11,Guided-Boat,0,50.5,0
Skagit summer sockeye 2023,2023-06-11,Unguided-Bank,50.5,50.5,1
Skagit summer sockeye 2023,2023-06-11,Unguided-Boat,0,50.5,0
Skagit summer sockeye 2023,2023-06-18,Guided-Bank,0,355.95000000000005,0
Skagit summer sockeye 2023,2023-06-18,Guided-Boat,0,355.95000000000005,0
Skagit summer sockeye 2023,2023-06-18,Unguided-Bank,262.2166666666667,355.95000000000005,0.7366671348972234
Skagit summer sockeye 2023,2023-06-18,Unguided-Boat,93.73333333333333,355.95000000000005,0.2633328651027766
Skagit summer sockeye 2023,2023-06-25,Guided-Bank,0,479.85,0
Skagit summer sockeye 2023,2023-06-25,Guided-Boat,124.48333333333333,479.85,0.2594213469486992
Skagit summer sockeye 2023,2023-06-25,Unguided-Bank,245.5,479.85,0.5116182140252162
Skagit summer sockeye 2023,2023-06-25,Unguided-Boat,109.86666666666666,479.85,0.2289604390260845
Skagit summer sockeye 2023,2023-07-02,Guided-Bank,0,312.65,0
Skagit summer sockeye 2023,2023-07-02,Guided-Boat,0,312.65,0
Skagit summer sockeye 2023,2023-07-02,Unguided-Bank,180.76666666666665,312.65,0.5781758089450397
Skagit summer sockeye 2023,2023-07-02,Unguided-Boat,131.88333333333333,312.65,0.4218241910549603
Skagit summer sockeye 2023,2023-07-09,Guided-Bank,0,322.4,0
Skagit summer sockeye 2023,2023-07-09,Guided-Boat,36.4,322.4,0.11290322580645161
Skagit summer sockeye 2023,2023-07-09,Unguided-Bank,241.71666666666667,322.4,0.7497415219189413
Skagit summer sockeye 2023,2023-07-09,Unguided-Boat,44.28333333333333,322.4,0.13735525227460713
Skagit summer sockeye 2024,2024-06-16,Guided-Bank,0,764.7166666666667,0
Skagit summer sockeye 2024,2024-06-16,Guided-Boat,0,764.7166666666667,0
Skagit summer sockeye 2024,2024-06-16,Unguided-Bank,400.75,764.7166666666667,0.5240503018547175
Skagit summer sockeye 2024,2024-06-16,Unguided-Boat,363.9666666666667,764.7166666666667,0.4759496981452826
Skagit summer sockeye 2024,2024-06-23,Guided-Bank,0,961.4833333333333,0
Skagit summer sockeye 2024,2024-06-23,Guided-Boat,86.86666666666667,961.4833333333333,0.09034651320009014
Skagit summer sockeye 2024,2024-06-23,Unguided-Bank,508.98333333333335,961.4833333333333,0.5293730173863301
Skagit summer sockeye 2024,2024-06-23,Unguided-Boat,365.6333333333333,961.4833333333333,0.3802804694135797
Skagit summer sockeye 2024,2024-06-30,Guided-Bank,0,700.8333333333334,0
Skagit summer sockeye 2024,2024-06-30,Guided-Boat,28,700.8333333333334,0.03995243757431629
Skagit summer sockeye 2024,2024-06-30,Unguided-Bank,390.7166666666667,700.8333333333334,0.5575029726516052
Skagit summer sockeye 2024,2024-06-30,Unguided-Boat,282.1166666666667,700.8333333333334,0.4025445897740785
Skagit summer sockeye 2024,2024-07-07,Guided-Bank,0,498.8666666666667,0
Skagit summer sockeye 2024,2024-07-07,Guided-Boat,8.266666666666667,498.8666666666667,0.016570894026459976
Skagit summer sockeye 2024,2024-07-07,Unguided-Bank,305.85,498.8666666666667,0.6130896699184819
Skagit summer sockeye 2024,2024-07-07,Unguided-Boat,184.75,498.8666666666667,0.37033943605505815
Skagit summer sockeye 2024,2024-07-14,Guided-Bank,0,513.7,0
Skagit summer sockeye 2024,2024-07-14,Guided-Boat,13.433333333333334,513.7,0.02615015248848225
Skagit summer sockeye 2024,2024-07-14,Unguided-Bank,319.1,513.7,0.6211796768541951
Skagit summer sockeye 2024,2024-07-14,Unguided-Boat,181.16666666666666,513.7,0.35267017065732265
Skagit summer sockeye 2024,2024-07-21,Guided-Bank,0,360.58333333333337,0
Skagit summer sockeye 2024,2024-07-21,Guided-Boat,0,360.58333333333337,0
Skagit summer sockeye 2024,2024-07-21,Unguided-Bank,225.55,360.58333333333337,0.6255142130806564
Skagit summer sockeye 2024,2024-07-21,Unguided-Boat,135.03333333333333,360.58333333333337,0.3744857869193436
Skagit summer sockeye 2024,2024-07-28,Guided-Bank,0,209.75,0
Skagit summer sockeye 2024,2024-07-28,Guided-Boat,0,209.75,0
Skagit summer sockeye 2024,2024-07-28,Unguided-Bank,132.46666666666667,209.75,0.6315454906634883
Skagit summer sockeye 2024,2024-07-28,Unguided-Boat,77.28333333333333,209.75,0.3684545093365117
Skagit summer sockeye 2025,2025-06-15,Guided-Bank,0,747.8333333333333,0
Skagit summer sockeye 2025,2025-06-15,Guided-Boat,36.93333333333333,747.8333333333333,0.049387118341876535
Skagit summer sockeye 2025,2025-06-15,Unguided-Bank,329.1333333333333,747.8333333333333,0.44011589034989973
Skagit summer sockeye 2025,2025-06-15,Unguided-Boat,381.76666666666665,747.8333333333333,0.5104969913082238
Skagit summer sockeye 2025,2025-06-22,Guided-Bank,0,1083.3666666666668,0
Skagit summer sockeye 2025,2025-06-22,Guided-Boat,15,1083.3666666666668,0.013845727823759268
Skagit summer sockeye 2025,2025-06-22,Unguided-Bank,537.5666666666667,1083.3666666666668,0.4962001169194794
Skagit summer sockeye 2025,2025-06-22,Unguided-Boat,530.8,1083.3666666666668,0.4899541552567612
Skagit summer sockeye 2025,2025-06-29,Guided-Bank,0,823.3666666666667,0
Skagit summer sockeye 2025,2025-06-29,Guided-Boat,0,823.3666666666667,0
Skagit summer sockeye 2025,2025-06-29,Unguided-Bank,322.51666666666665,823.3666666666667,0.39170478927978625
Skagit summer sockeye 2025,2025-06-29,Unguided-Boat,500.85,823.3666666666667,0.6082952107202138
Skagit summer sockeye 2025,2025-07-06,Guided-Bank,0,872.8666666666667,0
Skagit summer sockeye 2025,2025-07-06,Guided-Boat,0,872.8666666666667,0
Skagit summer sockeye 2025,2025-07-06,Unguided-Bank,380.8833333333333,872.8666666666667,0.4363591231956007
Skagit summer sockeye 2025,2025-07-06,Unguided-Boat,491.98333333333335,872.8666666666667,0.5636408768043993
Skagit summer sockeye 2025,2025-07-13,Guided-Bank,0,430.70000000000005,0
Skagit summer sockeye 2025,2025-07-13,Guided-Boat,0,430.70000000000005,0
Skagit summer sockeye 2025,2025-07-13,Unguided-Bank,251.9,430.70000000000005,0.584861852797771
Skagit summer sockeye 2025,2025-07-13,Unguided-Boat,178.8,430.70000000000005,0.4151381472022289
Skagit summer sockeye 2025,2025-07-20,Guided-Bank,0,214.05,0
Skagit summer sockeye 2025,2025-07-20,Guided-Boat,0,214.05,0
Skagit summer sockeye 2025,2025-07-20,Unguided-Bank,130.86666666666667,214.05,0.6113836331075294
Skagit summer sockeye 2025,2025-07-20,Unguided-Boat,83.18333333333334,214.05,0.3886163668924706
Skagit summer sockeye 2025,2025-07-27,Guided-Bank,0,96.93333333333334,0
Skagit summer sockeye 2025,2025-07-27,Guided-Boat,0,96.93333333333334,0
Skagit summer sockeye 2025,2025-07-27,Unguided-Bank,51.550000000000004,96.93333333333334,0.531808803301238
Skagit summer sockeye 2025,2025-07-27,Unguided-Boat,45.38333333333333,96.93333333333334,0.468191196698762
Skagit summer sockeye 2026,2026-06-14,Guided-Bank,0,556.3333333333334,0
Skagit summer sockeye 2026,2026-06-14,Guided-Boat,54.45,556.3333333333334,0.09787297783103655
Skagit summer sockeye 2026,2026-06-14,Unguided-Bank,176.35,556.3333333333334,0.31698621929298976
Skagit summer sockeye 2026,2026-06-14,Unguided-Boat,325.53333333333336,556.3333333333334,0.5851408028759737
Skagit summer sockeye 2026,2026-06-21,Guided-Bank,0,906.0999999999999,0
Skagit summer sockeye 2026,2026-06-21,Guided-Boat,91.06666666666666,906.0999999999999,0.10050399146525403
Skagit summer sockeye 2026,2026-06-21,Unguided-Bank,372.5833333333333,906.0999999999999,0.41119449656035023
Skagit summer sockeye 2026,2026-06-21,Unguided-Boat,442.45,906.0999999999999,0.4883015119743958
Skagit summer sockeye 2026,2026-06-28,Guided-Bank,0,513.8166666666667,0
Skagit summer sockeye 2026,2026-06-28,Guided-Boat,53.33333333333333,513.8166666666667,0.10379837166304452
Skagit summer sockeye 2026,2026-06-28,Unguided-Bank,220.11666666666667,513.8166666666667,0.4283953420480716
Skagit summer sockeye 2026,2026-06-28,Unguided-Boat,240.36666666666667,513.8166666666667,0.4678062862888838
Skagit summer sockeye 2026,2026-07-05,Guided-Bank,0,829.9333333333333,0
Skagit summer sockeye 2026,2026-07-05,Guided-Boat,57.86666666666667,829.9333333333333,0.06972447586151499
Skagit summer sockeye 2026,2026-07-05,Unguided-Bank,312.48333333333335,829.9333333333333,0.3765161860390393
Skagit summer sockeye 2026,2026-07-05,Unguided-Boat,459.5833333333333,829.9333333333333,0.5537593380994458
Skagit summer sockeye 2026,2026-07-12,Guided-Bank,0,534.0333333333333,0
Skagit summer sockeye 2026,2026-07-12,Guided-Boat,26.6,534.0333333333333,0.049809624867361596
Skagit summer sockeye 2026,2026-07-12,Unguided-Bank,267.93333333333334,534.0333333333333,0.5017164970975595
Skagit summer sockeye 2026,2026-07-12,Unguided-Boat,239.5,534.0333333333333,0.448473878035079
Skagit summer sockeye 2026,2026-07-19,Guided-Bank,0,260.43333333333334,0
Skagit summer sockeye 2026,2026-07-19,Guided-Boat,0,260.43333333333334,0
Skagit summer sockeye 2026,2026-07-19,Unguided-Bank,138.18333333333334,260.43333333333334,0.5305900422372968
Skagit summer sockeye 2026,2026-07-19,Unguided-Boat,122.25,260.43333333333334,0.46940995776270317
Skagit summer sockeye 2026,2026-07-26,Guided-Bank,0,129.53333333333333,0
Skagit summer sockeye 2026,2026-07-26,Guided-Boat,0,129.53333333333333,0
Skagit summer sockeye 2026,2026-07-26,Unguided-Bank,55.68333333333334,129.53333333333333,0.4298764796706125
Skagit summer sockeye 2026,2026-07-26,Unguided-Boat,73.85,129.53333333333333,0.5701235203293875
Skagit winter gamefish 2021-22,2021-12-26,Guided-Bank,0,59.05,0
Skagit winter gamefish 2021-22,2021-12-26,Guided-Boat,0,59.05,0
Skagit winter gamefish 2021-22,2021-12-26,Unguided-Bank,34.55,59.05,0.5850973751058425
Skagit winter gamefish 2021-22,2021-12-26,Unguided-Boat,24.5,59.05,0.4149026248941575
Skagit winter gamefish 2021-22,2022-01-02,Guided-Bank,0,85.18333333333334,0
Skagit winter gamefish 2021-22,2022-01-02,Guided-Boat,0,85.18333333333334,0
Skagit winter gamefish 2021-22,2022-01-02,Unguided-Bank,60.18333333333333,85.18333333333334,0.7065153590295441
Skagit winter gamefish 2021-22,2022-01-02,Unguided-Boat,25,85.18333333333334,0.29348464097045585
Skagit winter gamefish 2021-22,2022-01-09,Guided-Bank,0,101.01666666666667,0
Skagit winter gamefish 2021-22,2022-01-09,Guided-Boat,0,101.01666666666667,0
Skagit winter gamefish 2021-22,2022-01-09,Unguided-Bank,75.71666666666667,101.01666666666667,0.7495462794918331
Skagit winter gamefish 2021-22,2022-01-09,Unguided-Boat,25.299999999999997,101.01666666666667,0.25045372050816694
Skagit winter gamefish 2021-22,2022-01-16,Guided-Bank,16.3,250.55,0.0650568748752744
Skagit winter gamefish 2021-22,2022-01-16,Guided-Boat,0,250.55,0
Skagit winter gamefish 2021-22,2022-01-16,Unguided-Bank,148.51666666666668,250.55,0.5927625889709306
Skagit winter gamefish 2021-22,2022-01-16,Unguided-Boat,85.73333333333333,250.55,0.34218053615379496
Skagit winter gamefish 2021-22,2022-01-23,Guided-Bank,49.5,482.65,0.10255879001346732
Skagit winter gamefish 2021-22,2022-01-23,Guided-Boat,30.183333333333337,482.65,0.06253668980282469
Skagit winter gamefish 2021-22,2022-01-23,Unguided-Bank,173.70000000000002,482.65,0.3598881176836217
Skagit winter gamefish 2021-22,2022-01-23,Unguided-Boat,229.26666666666665,482.65,0.4750164025000863
Skagit winter gamefish 2021-22,2022-01-30,Guided-Bank,0,181.63333333333333,0
Skagit winter gamefish 2021-22,2022-01-30,Guided-Boat,0,181.63333333333333,0
Skagit winter gamefish 2021-22,2022-01-30,Unguided-Bank,104.56666666666666,181.63333333333333,0.5757019636630575
Skagit winter gamefish 2021-22,2022-01-30,Unguided-Boat,77.06666666666666,181.63333333333333,0.4242980363369426
Skagit winter gamefish 2022-23,2022-11-27,Guided-Bank,0,1,0
Skagit winter gamefish 2022-23,2022-11-27,Guided-Boat,0,1,0
Skagit winter gamefish 2022-23,2022-11-27,Unguided-Bank,1,1,1
Skagit winter gamefish 2022-23,2022-11-27,Unguided-Boat,0,1,0
Skagit winter gamefish 2022-23,2022-12-04,Guided-Bank,0,19.733333333333334,0
Skagit winter gamefish 2022-23,2022-12-04,Guided-Boat,0,19.733333333333334,0
Skagit winter gamefish 2022-23,2022-12-04,Unguided-Bank,15.733333333333333,19.733333333333334,0.7972972972972973
Skagit winter gamefish 2022-23,2022-12-04,Unguided-Boat,4,19.733333333333334,0.2027027027027027
Skagit winter gamefish 2022-23,2022-12-11,Guided-Bank,0,50.13333333333333,0
Skagit winter gamefish 2022-23,2022-12-11,Guided-Boat,0,50.13333333333333,0
Skagit winter gamefish 2022-23,2022-12-11,Unguided-Bank,22.46666666666667,50.13333333333333,0.44813829787234044
Skagit winter gamefish 2022-23,2022-12-11,Unguided-Boat,27.666666666666664,50.13333333333333,0.5518617021276595
Skagit winter gamefish 2022-23,2022-12-25,Guided-Bank,0,25.2,0
Skagit winter gamefish 2022-23,2022-12-25,Guided-Boat,0,25.2,0
Skagit winter gamefish 2022-23,2022-12-25,Unguided-Bank,9.566666666666666,25.2,0.37962962962962965
Skagit winter gamefish 2022-23,2022-12-25,Unguided-Boat,15.633333333333333,25.2,0.6203703703703703
Skagit winter gamefish 2022-23,2023-01-01,Guided-Bank,0,83.86666666666667,0
Skagit winter gamefish 2022-23,2023-01-01,Guided-Boat,0,83.86666666666667,0
Skagit winter gamefish 2022-23,2023-01-01,Unguided-Bank,26.233333333333334,83.86666666666667,0.3127980922098569
Skagit winter gamefish 2022-23,2023-01-01,Unguided-Boat,57.63333333333333,83.86666666666667,0.687201907790143
Skagit winter gamefish 2022-23,2023-01-08,Guided-Bank,0,281.6,0
Skagit winter gamefish 2022-23,2023-01-08,Guided-Boat,0,281.6,0
Skagit winter gamefish 2022-23,2023-01-08,Unguided-Bank,137.81666666666666,281.6,0.48940577651515144
Skagit winter gamefish 2022-23,2023-01-08,Unguided-Boat,143.78333333333333,281.6,0.5105942234848484
Skagit winter gamefish 2022-23,2023-01-15,Guided-Bank,0,347.6333333333333,0
Skagit winter gamefish 2022-23,2023-01-15,Guided-Boat,0,347.6333333333333,0
Skagit winter gamefish 2022-23,2023-01-15,Unguided-Bank,198.21666666666667,347.6333333333333,0.5701888963467255
Skagit winter gamefish 2022-23,2023-01-15,Unguided-Boat,149.41666666666666,347.6333333333333,0.4298111036532745
Skagit winter gamefish 2022-23,2023-01-22,Guided-Bank,0,551.8333333333334,0
Skagit winter gamefish 2022-23,2023-01-22,Guided-Boat,31.6,551.8333333333334,0.05726366656599215
Skagit winter gamefish 2022-23,2023-01-22,Unguided-Bank,349.6666666666667,551.8333333333334,0.6336454243430988
Skagit winter gamefish 2022-23,2023-01-22,Unguided-Boat,170.56666666666666,551.8333333333334,0.3090909090909091
Skagit winter gamefish 2022-23,2023-01-29,Guided-Bank,18.95,593.7833333333333,0.03191399781064923
Skagit winter gamefish 2022-23,2023-01-29,Guided-Boat,0,593.7833333333333,0
Skagit winter gamefish 2022-23,2023-01-29,Unguided-Bank,382.8,593.7833333333333,0.644679596934909
Skagit winter gamefish 2022-23,2023-01-29,Unguided-Boat,192.03333333333333,593.7833333333333,0.32340640525444186
Skagit winter gamefish 2024,2023-12-31,Guided-Bank,0,86.38333333333333,0
Skagit winter gamefish 2024,2023-12-31,Guided-Boat,0,86.38333333333333,0
Skagit winter gamefish 2024,2023-12-31,Unguided-Bank,68.56666666666666,86.38333333333333,0.793748794134671
Skagit winter gamefish 2024,2023-12-31,Unguided-Boat,17.816666666666666,86.38333333333333,0.20625120586532897
Skagit winter gamefish 2024,2024-01-07,Guided-Bank,0,21.65,0
Skagit winter gamefish 2024,2024-01-07,Guided-Boat,0,21.65,0
Skagit winter gamefish 2024,2024-01-07,Unguided-Bank,21.65,21.65,1
Skagit winter gamefish 2024,2024-01-07,Unguided-Boat,0,21.65,0
Skagit winter gamefish 2024,2024-01-14,Guided-Bank,0,73.2,0
Skagit winter gamefish 2024,2024-01-14,Guided-Boat,0,73.2,0
Skagit winter gamefish 2024,2024-01-14,Unguided-Bank,73.2,73.2,1
Skagit winter gamefish 2024,2024-01-14,Unguided-Boat,0,73.2,0
Skagit winter gamefish 2024,2024-01-21,Guided-Bank,0,195.35,0
Skagit winter gamefish 2024,2024-01-21,Guided-Boat,13.2,195.35,0.06757102636293831
Skagit winter gamefish 2024,2024-01-21,Unguided-Bank,81.35,195.35,0.4164320450473509
Skagit winter gamefish 2024,2024-01-21,Unguided-Boat,100.8,195.35,0.5159969285897108
Skagit winter gamefish 2024,2024-01-28,Guided-Bank,0,33,0
Skagit winter gamefish 2024,2024-01-28,Guided-Boat,0,33,0
Skagit winter gamefish 2024,2024-01-28,Unguided-Bank,27.083333333333336,33,0.8207070707070708
Skagit winter gamefish 2024,2024-01-28,Unguided-Boat,5.916666666666667,33,0.1792929292929293
Skagit winter gamefish 2025,2024-12-29,Guided-Bank,0,57.733333333333334,0
Skagit winter gamefish 2025,2024-12-29,Guided-Boat,0,57.733333333333334,0
Skagit winter gamefish 2025,2024-12-29,Unguided-Bank,30.166666666666668,57.733333333333334,0.5225173210161663
Skagit winter gamefish 2025,2024-12-29,Unguided-Boat,27.566666666666666,57.733333333333334,0.47748267898383373
Skagit winter gamefish 2025,2025-01-05,Guided-Bank,0,198.95,0
Skagit winter gamefish 2025,2025-01-05,Guided-Boat,0,198.95,0
Skagit winter gamefish 2025,2025-01-05,Unguided-Bank,153.48333333333332,198.95,0.7714668677222082
Skagit winter gamefish 2025,2025-01-05,Unguided-Boat,45.46666666666667,198.95,0.22853313227779176
Skagit winter gamefish 2025,2025-01-12,Guided-Bank,0,305.01666666666665,0
Skagit winter gamefish 2025,2025-01-12,Guided-Boat,0,305.01666666666665,0
Skagit winter gamefish 2025,2025-01-12,Unguided-Bank,125.26666666666667,305.01666666666665,0.41068794054969676
Skagit winter gamefish 2025,2025-01-12,Unguided-Boat,179.75,305.01666666666665,0.5893120594503033
Skagit winter gamefish 2025,2025-01-19,Guided-Bank,0,81.51666666666667,0
Skagit winter gamefish 2025,2025-01-19,Guided-Boat,0,81.51666666666667,0
Skagit winter gamefish 2025,2025-01-19,Unguided-Bank,60.583333333333336,81.51666666666667,0.7432017992230628
Skagit winter gamefish 2025,2025-01-19,Unguided-Boat,20.933333333333334,81.51666666666667,0.2567982007769372
Skagit winter gamefish 2025,2025-01-26,Guided-Bank,16.466666666666665,77.08333333333333,0.21362162162162163
Skagit winter gamefish 2025,2025-01-26,Guided-Boat,0,77.08333333333333,0
Skagit winter gamefish 2025,2025-01-26,Unguided-Bank,37.75,77.08333333333333,0.4897297297297298
Skagit winter gamefish 2025,2025-01-26,Unguided-Boat,22.866666666666667,77.08333333333333,0.29664864864864865
Skagit winter steelhead 2021,2021-01-31,Guided-Bank,0,423.8833333333333,0
Skagit winter steelhead 2021,2021-01-31,Guided-Boat,24.699999999999996,423.8833333333333,0.05827075059961467
Skagit winter steelhead 2021,2021-01-31,Unguided-Bank,179.9,423.8833333333333,0.42440923210002757
Skagit winter steelhead 2021,2021-01-31,Unguided-Boat,219.28333333333333,423.8833333333333,0.5173200173003578
Skagit winter steelhead 2021,2021-02-07,Guided-Bank,0,500.01666666666665,0
Skagit winter steelhead 2021,2021-02-07,Guided-Boat,99.18333333333334,500.01666666666665,0.19836005466484452
Skagit winter steelhead 2021,2021-02-07,Unguided-Bank,183.91666666666666,500.01666666666665,0.3678210726309123
Skagit winter steelhead 2021,2021-02-07,Unguided-Boat,216.91666666666669,500.01666666666665,0.43381887270424324
Skagit winter steelhead 2021,2021-02-14,Guided-Bank,0,872.8333333333334,0
Skagit winter steelhead 2021,2021-02-14,Guided-Boat,87.5,872.8333333333334,0.10024823372159633
Skagit winter steelhead 2021,2021-02-14,Unguided-Bank,284.7166666666667,872.8333333333334,0.32619820507924385
Skagit winter steelhead 2021,2021-02-14,Unguided-Boat,500.6166666666667,872.8333333333334,0.5735535611991598
Skagit winter steelhead 2021,2021-02-21,Guided-Bank,0,1092.2333333333333,0
Skagit winter steelhead 2021,2021-02-21,Guided-Boat,134.91666666666666,1092.2333333333333,0.12352366710409862
Skagit winter steelhead 2021,2021-02-21,Unguided-Bank,350.73333333333335,1092.2333333333333,0.3211157567064425
Skagit winter steelhead 2021,2021-02-21,Unguided-Boat,606.5833333333334,1092.2333333333333,0.5553605761894589
Skagit winter steelhead 2021,2021-02-28,Guided-Bank,0,1756.55,0
Skagit winter steelhead 2021,2021-02-28,Guided-Boat,113.38333333333334,1756.55,0.06454887895780555
Skagit winter steelhead 2021,2021-02-28,Unguided-Bank,505.96666666666664,1756.55,0.28804569563443494
Skagit winter steelhead 2021,2021-02-28,Unguided-Boat,1137.2,1756.55,0.6474054254077596
Skagit winter steelhead 2021,2021-03-07,Guided-Bank,7.033333333333333,2011,0.0034974307972816176
Skagit winter steelhead 2021,2021-03-07,Guided-Boat,167.21666666666667,2011,0.08315100281783525
Skagit winter steelhead 2021,2021-03-07,Unguided-Bank,588.9,2011,0.2928393833913476
Skagit winter steelhead 2021,2021-03-07,Unguided-Boat,1247.85,2011,0.6205121829935355
Skagit winter steelhead 2021,2021-03-14,Guided-Bank,0,2030.2833333333333,0
Skagit winter steelhead 2021,2021-03-14,Guided-Boat,89.33333333333333,2030.2833333333333,0.04400042686981291
Skagit winter steelhead 2021,2021-03-14,Unguided-Bank,445.3333333333333,2030.2833333333333,0.2193454115599629
Skagit winter steelhead 2021,2021-03-14,Unguided-Boat,1495.6166666666666,2030.2833333333333,0.7366541615702241
Skagit winter steelhead 2021,2021-03-21,Guided-Bank,4.050000000000001,2196.583333333333,0.001843772525513108
Skagit winter steelhead 2021,2021-03-21,Guided-Boat,166.88333333333333,2196.583333333333,0.0759740506089002
Skagit winter steelhead 2021,2021-03-21,Unguided-Bank,476.26666666666665,2196.583333333333,0.21682157896733567
Skagit winter steelhead 2021,2021-03-21,Unguided-Boat,1549.3833333333332,2196.583333333333,0.7053605978982511
Skagit winter steelhead 2021,2021-03-28,Guided-Bank,26.400000000000002,2515.133333333333,0.01049646142020304
Skagit winter steelhead 2021,2021-03-28,Guided-Boat,255.41666666666666,2515.133333333333,0.10155193892967901
Skagit winter steelhead 2021,2021-03-28,Unguided-Bank,439.8333333333333,2515.133333333333,0.17487475813078168
Skagit winter steelhead 2021,2021-03-28,Unguided-Boat,1793.4833333333333,2515.133333333333,0.7130768415193364
Skagit winter steelhead 2021,2021-04-04,Guided-Bank,0,2260.7666666666664,0
Skagit winter steelhead 2021,2021-04-04,Guided-Boat,273.7,2260.7666666666664,0.12106512539993808
Skagit winter steelhead 2021,2021-04-04,Unguided-Bank,433.53333333333336,2260.7666666666664,0.19176385591908354
Skagit winter steelhead 2021,2021-04-04,Unguided-Boat,1553.5333333333333,2260.7666666666664,0.6871710186809785
Skagit winter steelhead 2021,2021-04-11,Guided-Bank,5,1498.7333333333333,0.0033361505271117834
Skagit winter steelhead 2021,2021-04-11,Guided-Boat,182.53333333333333,1498.7333333333333,0.12179173524309417
Skagit winter steelhead 2021,2021-04-11,Unguided-Bank,252.65,1498.7333333333333,0.1685756861349584
Skagit winter steelhead 2021,2021-04-11,Unguided-Boat,1058.55,1498.7333333333333,0.7062964280948356
Skagit winter steelhead 2023,2023-03-19,Guided-Bank,0,756.7,0
Skagit winter steelhead 2023,2023-03-19,Guided-Boat,0,756.7,0
Skagit winter steelhead 2023,2023-03-19,Unguided-Bank,297.43333333333334,756.7,0.3930663847407603
Skagit winter steelhead 2023,2023-03-19,Unguided-Boat,459.26666666666665,756.7,0.6069336152592396
Skagit winter steelhead 2023,2023-03-26,Guided-Bank,11.233333333333333,1525,0.007366120218579234
Skagit winter steelhead 2023,2023-03-26,Guided-Boat,87.08333333333333,1525,0.05710382513661202
Skagit winter steelhead 2023,2023-03-26,Unguided-Bank,526.9166666666666,1525,0.3455191256830601
Skagit winter steelhead 2023,2023-03-26,Unguided-Boat,899.7666666666667,1525,0.5900109289617487
Skagit winter steelhead 2023,2023-04-02,Guided-Bank,42.28333333333333,2464.083333333333,0.017159863370421725
Skagit winter steelhead 2023,2023-04-02,Guided-Boat,190.48333333333332,2464.083333333333,0.07730393317325578
Skagit winter steelhead 2023,2023-04-02,Unguided-Bank,1115.1,2464.083333333333,0.4525415130711218
Skagit winter steelhead 2023,2023-04-02,Unguided-Boat,1116.2166666666667,2464.083333333333,0.4529946903852008
Skagit winter steelhead 2023,2023-04-09,Guided-Bank,44.06666666666667,1119.2666666666667,0.03937101673714933
Skagit winter steelhead 2023,2023-04-09,Guided-Boat,44.05,1119.2666666666667,0.03935612603490381
Skagit winter steelhead 2023,2023-04-09,Unguided-Bank,480.6166666666667,1119.2666666666667,0.42940318065399963
Skagit winter steelhead 2023,2023-04-09,Unguided-Boat,550.5333333333333,1119.2666666666667,0.4918696765739472
Skagit winter steelhead 2023,2023-04-16,Guided-Bank,2.566666666666667,603.7666666666667,0.004251090377077237
Skagit winter steelhead 2023,2023-04-16,Guided-Boat,19.366666666666667,603.7666666666667,0.032076409208855516
Skagit winter steelhead 2023,2023-04-16,Unguided-Bank,368.93333333333334,603.7666666666667,0.6110528349804009
Skagit winter steelhead 2023,2023-04-16,Unguided-Boat,212.9,603.7666666666667,0.35261966543366646
Skagit winter steelhead 2023,2023-04-23,Guided-Bank,32.36666666666667,1187.7,0.027251550616036596
Skagit winter steelhead 2023,2023-04-23,Guided-Boat,98.88333333333333,1187.7,0.08325615334961128
Skagit winter steelhead 2023,2023-04-23,Unguided-Bank,554.8833333333333,1187.7,0.46719149055597653
Skagit winter steelhead 2023,2023-04-23,Unguided-Boat,501.56666666666666,1187.7,0.42230080547837556
Skagit winter steelhead 2023,2023-04-30,Guided-Bank,0,196.68333333333334,0
Skagit winter steelhead 2023,2023-04-30,Guided-Boat,0,196.68333333333334,0
Skagit winter steelhead 2023,2023-04-30,Unguided-Bank,135.58333333333334,196.68333333333334,0.6893483603084485
Skagit winter steelhead 2023,2023-04-30,Unguided-Boat,61.099999999999994,196.68333333333334,0.3106516396915515
Skagit winter steelhead 2024,2024-01-28,Guided-Bank,0,97.75,0
Skagit winter steelhead 2024,2024-01-28,Guided-Boat,0,97.75,0
Skagit winter steelhead 2024,2024-01-28,Unguided-Bank,85.61666666666667,97.75,0.8758738277919864
Skagit winter steelhead 2024,2024-01-28,Unguided-Boat,12.133333333333333,97.75,0.12412617220801364
Skagit winter steelhead 2024,2024-02-04,Guided-Bank,0,655.7,0
Skagit winter steelhead 2024,2024-02-04,Guided-Boat,79.13333333333333,655.7,0.12068527273651566
Skagit winter steelhead 2024,2024-02-04,Unguided-Bank,251.8,655.7,0.3840170809821565
Skagit winter steelhead 2024,2024-02-04,Unguided-Boat,324.76666666666665,655.7,0.4952976462813278
Skagit winter steelhead 2024,2024-02-11,Guided-Bank,0,1029.7,0
Skagit winter steelhead 2024,2024-02-11,Guided-Boat,97.6,1029.7,0.09478488880256385
Skagit winter steelhead 2024,2024-02-11,Unguided-Bank,408.3833333333333,1029.7,0.39660418892233984
Skagit winter steelhead 2024,2024-02-11,Unguided-Boat,523.7166666666667,1029.7,0.5086109222750963
Skagit winter steelhead 2024,2024-02-18,Guided-Bank,104.28333333333333,912.7833333333333,0.11424763087260577
Skagit winter steelhead 2024,2024-02-18,Guided-Boat,19.133333333333333,912.7833333333333,0.020961527927401538
Skagit winter steelhead 2024,2024-02-18,Unguided-Bank,347.1666666666667,912.7833333333333,0.3803385250241934
Skagit winter steelhead 2024,2024-02-18,Unguided-Boat,442.2,912.7833333333333,0.4844523161757993
Skagit winter steelhead 2024,2024-02-25,Guided-Bank,28.633333333333333,824.4333333333334,0.03473092629280718
Skagit winter steelhead 2024,2024-02-25,Guided-Boat,122.31666666666666,824.4333333333334,0.14836453321473334
Skagit winter steelhead 2024,2024-02-25,Unguided-Bank,401.6666666666667,824.4333333333334,0.48720333158128815
Skagit winter steelhead 2024,2024-02-25,Unguided-Boat,271.81666666666666,824.4333333333334,0.3297012089111713
Skagit winter steelhead 2024,2024-03-03,Guided-Bank,0,1022.5333333333333,0
Skagit winter steelhead 2024,2024-03-03,Guided-Boat,116.46666666666667,1022.5333333333333,0.11390011735558743
Skagit winter steelhead 2024,2024-03-03,Unguided-Bank,307.2,1022.5333333333333,0.30043030382057634
Skagit winter steelhead 2024,2024-03-03,Unguided-Boat,598.8666666666667,1022.5333333333333,0.5856695788238363
Skagit winter steelhead 2024,2024-03-10,Guided-Bank,32.93333333333333,1757.9,0.018734474846881694
Skagit winter steelhead 2024,2024-03-10,Guided-Boat,256.51666666666665,1757.9,0.14592221779775108
Skagit winter steelhead 2024,2024-03-10,Unguided-Bank,637.5666666666667,1757.9,0.3626865388626581
Skagit winter steelhead 2024,2024-03-10,Unguided-Boat,830.8833333333333,1757.9,0.4726567684927091
Skagit winter steelhead 2024,2024-03-17,Guided-Bank,80.91666666666667,1444.2166666666667,0.05602806596424821
Skagit winter steelhead 2024,2024-03-17,Guided-Boat,140.68333333333334,1444.2166666666667,0.09741151489273309
Skagit winter steelhead 2024,2024-03-17,Unguided-Bank,486.8666666666667,1444.2166666666667,0.33711469885635814
Skagit winter steelhead 2024,2024-03-17,Unguided-Boat,735.75,1444.2166666666667,0.5094457202866606
Skagit winter steelhead 2024,2024-03-24,Guided-Bank,18.333333333333332,1618.1666666666667,0.011329694098259346
Skagit winter steelhead 2024,2024-03-24,Guided-Boat,333.43333333333334,1618.1666666666667,0.206056236481615
Skagit winter steelhead 2024,2024-03-24,Unguided-Bank,566.6666666666666,1618.1666666666667,0.3501905448552889
Skagit winter steelhead 2024,2024-03-24,Unguided-Boat,699.7333333333333,1618.1666666666667,0.43242352456483674
Skagit winter steelhead 2024,2024-03-31,Guided-Bank,68.05000000000001,1571.4333333333334,0.043304414229047794
Skagit winter steelhead 2024,2024-03-31,Guided-Boat,150.18333333333334,1571.4333333333334,0.09557092251235602
Skagit winter steelhead 2024,2024-03-31,Unguided-Bank,507.81666666666666,1571.4333333333334,0.32315508134823834
Skagit winter steelhead 2024,2024-03-31,Unguided-Boat,845.3833333333333,1571.4333333333334,0.5379695819103578
Skagit winter steelhead 2024,2024-04-07,Guided-Bank,89.05,1692.2,0.05262380333293937
Skagit winter steelhead 2024,2024-04-07,Guided-Boat,165.85,1692.2,0.09800850963243114
Skagit winter steelhead 2024,2024-04-07,Unguided-Bank,629.35,1692.2,0.37191230351022336
Skagit winter steelhead 2024,2024-04-07,Unguided-Boat,807.95,1692.2,0.4774553835244061
Skagit winter steelhead 2024,2024-04-14,Guided-Bank,50.58333333333334,1298.1833333333332,0.03896470709067801
Skagit winter steelhead 2024,2024-04-14,Guided-Boat,142,1298.1833333333332,0.10938362583610431
Skagit winter steelhead 2024,2024-04-14,Unguided-Bank,524.8,1298.1833333333332,0.40425723125906715
Skagit winter steelhead 2024,2024-04-14,Unguided-Boat,580.8,1298.1833333333332,0.44739443581415056
Skagit winter steelhead 2025,2025-01-26,Guided-Bank,0,113.36666666666667,0
Skagit winter steelhead 2025,2025-01-26,Guided-Boat,0,113.36666666666667,0
Skagit winter steelhead 2025,2025-01-26,Unguided-Bank,74.25,113.36666666666667,0.6549544251690679
Skagit winter steelhead 2025,2025-01-26,Unguided-Boat,39.11666666666667,113.36666666666667,0.34504557483093207
Skagit winter steelhead 2025,2025-02-02,Guided-Bank,10.233333333333333,373.95,0.027365512323394393
Skagit winter steelhead 2025,2025-02-02,Guided-Boat,0,373.95,0
Skagit winter steelhead 2025,2025-02-02,Unguided-Bank,137.45,373.95,0.36756250835673215
Skagit winter steelhead 2025,2025-02-02,Unguided-Boat,226.26666666666668,373.95,0.6050719793198734
Skagit winter steelhead 2025,2025-02-09,Guided-Bank,32,478.55,0.06686866576115348
Skagit winter steelhead 2025,2025-02-09,Guided-Boat,47.65,478.55,0.0995716226099676
Skagit winter steelhead 2025,2025-02-09,Unguided-Bank,254.4,478.55,0.5316058928011702
Skagit winter steelhead 2025,2025-02-09,Unguided-Boat,144.5,478.55,0.3019538188277087
Skagit winter steelhead 2025,2025-02-16,Guided-Bank,18.266666666666666,686.3666666666667,0.026613569035015296
Skagit winter steelhead 2025,2025-02-16,Guided-Boat,41.56666666666666,686.3666666666667,0.060560439026759255
Skagit winter steelhead 2025,2025-02-16,Unguided-Bank,309.23333333333335,686.3666666666667,0.45053664222233014
Skagit winter steelhead 2025,2025-02-16,Unguided-Boat,317.3,686.3666666666667,0.4622893497158953
Skagit winter steelhead 2025,2025-02-23,Guided-Bank,19.766666666666666,658.1166666666667,0.030035201458707927
Skagit winter steelhead 2025,2025-02-23,Guided-Boat,60.599999999999994,658.1166666666667,0.09208093803023779
Skagit winter steelhead 2025,2025-02-23,Unguided-Bank,232.13333333333333,658.1166666666667,0.35272368121153796
Skagit winter steelhead 2025,2025-02-23,Unguided-Boat,345.6166666666667,658.1166666666667,0.5251601792995163
Skagit winter steelhead 2025,2025-03-02,Guided-Bank,7.683333333333334,1486.5333333333333,0.005168624988788232
Skagit winter steelhead 2025,2025-03-02,Guided-Boat,102.96666666666667,1486.5333333333333,0.06926630191048525
Skagit winter steelhead 2025,2025-03-02,Unguided-Bank,568.3333333333334,1486.5333333333333,0.3823212844201274
Skagit winter steelhead 2025,2025-03-02,Unguided-Boat,807.55,1486.5333333333333,0.5432437886805991
Skagit winter steelhead 2025,2025-03-09,Guided-Bank,75.36666666666667,1923.95,0.039172882178157786
Skagit winter steelhead 2025,2025-03-09,Guided-Boat,190.43333333333334,1923.95,0.09898039623344335
Skagit winter steelhead 2025,2025-03-09,Unguided-Bank,761.1666666666666,1923.95,0.3956270519850654
Skagit winter steelhead 2025,2025-03-09,Unguided-Boat,896.9833333333333,1923.95,0.46621966960333344
Skagit winter steelhead 2025,2025-03-16,Guided-Bank,25.5,1742.8166666666666,0.014631487343285295
Skagit winter steelhead 2025,2025-03-16,Guided-Boat,268.1,1742.8166666666666,0.15383144144057992
Skagit winter steelhead 2025,2025-03-16,Unguided-Bank,708.95,1742.8166666666666,0.40678403733420043
Skagit winter steelhead 2025,2025-03-16,Unguided-Boat,740.2666666666667,1742.8166666666666,0.4247530338819344
Skagit winter steelhead 2025,2025-03-23,Guided-Bank,52.56666666666666,729.7,0.0720387373806587
Skagit winter steelhead 2025,2025-03-23,Guided-Boat,70.26666666666667,729.7,0.09629528116577588
Skagit winter steelhead 2025,2025-03-23,Unguided-Bank,383.05,729.7,0.5249417568863917
Skagit winter steelhead 2025,2025-03-23,Unguided-Boat,223.81666666666666,729.7,0.3067242245671737
Skagit winter steelhead 2025,2025-03-30,Guided-Bank,81.48333333333333,1572.3999999999999,0.051820995505808536
Skagit winter steelhead 2025,2025-03-30,Guided-Boat,107.5,1572.3999999999999,0.06836682777919105
Skagit winter steelhead 2025,2025-03-30,Unguided-Bank,652.75,1572.3999999999999,0.41512973798015773
Skagit winter steelhead 2025,2025-03-30,Unguided-Boat,730.6666666666666,1572.3999999999999,0.4646824387348427
Skagit winter steelhead 2025,2025-04-06,Guided-Bank,34.2,1487.9666666666667,0.02298438585093752
Skagit winter steelhead 2025,2025-04-06,Guided-Boat,216.48333333333332,1487.9666666666667,0.1454893702815923
Skagit winter steelhead 2025,2025-04-06,Unguided-Bank,576.7,1487.9666666666667,0.3875758865565985
Skagit winter steelhead 2025,2025-04-06,Unguided-Boat,660.5833333333334,1487.9666666666667,0.4439503573108717
Skookumchuck winter steelhead 2024-25,2024-12-01,Guided-Bank,0,24.4,0
Skookumchuck winter steelhead 2024-25,2024-12-01,Guided-Boat,0,24.4,0
Skookumchuck winter steelhead 2024-25,2024-12-01,Unguided-Bank,24.4,24.4,1
Skookumchuck winter steelhead 2024-25,2024-12-01,Unguided-Boat,0,24.4,0
Skookumchuck winter steelhead 2024-25,2024-12-08,Guided-Bank,0,56.93333333333333,0
Skookumchuck winter steelhead 2024-25,2024-12-08,Guided-Boat,0,56.93333333333333,0
Skookumchuck winter steelhead 2024-25,2024-12-08,Unguided-Bank,56.93333333333333,56.93333333333333,1
Skookumchuck winter steelhead 2024-25,2024-12-08,Unguided-Boat,0,56.93333333333333,0
Skookumchuck winter steelhead 2024-25,2024-12-15,Guided-Bank,0,94.33333333333333,0
Skookumchuck winter steelhead 2024-25,2024-12-15,Guided-Boat,0,94.33333333333333,0
Skookumchuck winter steelhead 2024-25,2024-12-15,Unguided-Bank,94.33333333333333,94.33333333333333,1
Skookumchuck winter steelhead 2024-25,2024-12-15,Unguided-Boat,0,94.33333333333333,0
Skookumchuck winter steelhead 2024-25,2024-12-22,Guided-Bank,0,171.58333333333334,0
Skookumchuck winter steelhead 2024-25,2024-12-22,Guided-Boat,0,171.58333333333334,0
Skookumchuck winter steelhead 2024-25,2024-12-22,Unguided-Bank,171.58333333333334,171.58333333333334,1
Skookumchuck winter steelhead 2024-25,2024-12-22,Unguided-Boat,0,171.58333333333334,0
Skookumchuck winter steelhead 2024-25,2024-12-29,Guided-Bank,0,315.05,0
Skookumchuck winter steelhead 2024-25,2024-12-29,Guided-Boat,0,315.05,0
Skookumchuck winter steelhead 2024-25,2024-12-29,Unguided-Bank,315.05,315.05,1
Skookumchuck winter steelhead 2024-25,2024-12-29,Unguided-Boat,0,315.05,0
Skookumchuck winter steelhead 2024-25,2025-01-05,Guided-Bank,0,292.56666666666666,0
Skookumchuck winter steelhead 2024-25,2025-01-05,Guided-Boat,0,292.56666666666666,0
Skookumchuck winter steelhead 2024-25,2025-01-05,Unguided-Bank,292.56666666666666,292.56666666666666,1
Skookumchuck winter steelhead 2024-25,2025-01-05,Unguided-Boat,0,292.56666666666666,0
Skookumchuck winter steelhead 2024-25,2025-01-12,Guided-Bank,0,272.5166666666667,0
Skookumchuck winter steelhead 2024-25,2025-01-12,Guided-Boat,0,272.5166666666667,0
Skookumchuck winter steelhead 2024-25,2025-01-12,Unguided-Bank,261.85,272.5166666666667,0.9608586630787107
Skookumchuck winter steelhead 2024-25,2025-01-12,Unguided-Boat,10.666666666666666,272.5166666666667,0.03914133692128921
Skookumchuck winter steelhead 2024-25,2025-01-19,Guided-Bank,0,291.6,0
Skookumchuck winter steelhead 2024-25,2025-01-19,Guided-Boat,0,291.6,0
Skookumchuck winter steelhead 2024-25,2025-01-19,Unguided-Bank,291.6,291.6,1
Skookumchuck winter steelhead 2024-25,2025-01-19,Unguided-Boat,0,291.6,0
Skookumchuck winter steelhead 2024-25,2025-01-26,Guided-Bank,0,106.61666666666666,0
Skookumchuck winter steelhead 2024-25,2025-01-26,Guided-Boat,0,106.61666666666666,0
Skookumchuck winter steelhead 2024-25,2025-01-26,Unguided-Bank,106.61666666666666,106.61666666666666,1
Skookumchuck winter steelhead 2024-25,2025-01-26,Unguided-Boat,0,106.61666666666666,0
Skookumchuck winter steelhead 2024-25,2025-02-02,Guided-Bank,0,85.88333333333334,0
Skookumchuck winter steelhead 2024-25,2025-02-02,Guided-Boat,0,85.88333333333334,0
Skookumchuck winter steelhead 2024-25,2025-02-02,Unguided-Bank,85.88333333333334,85.88333333333334,1
Skookumchuck winter steelhead 2024-25,2025-02-02,Unguided-Boat,0,85.88333333333334,0
Skookumchuck winter steelhead 2024-25,2025-02-09,Guided-Bank,0,96,0
Skookumchuck winter steelhead 2024-25,2025-02-09,Guided-Boat,0,96,0
Skookumchuck winter steelhead 2024-25,2025-02-09,Unguided-Bank,96,96,1
Skookumchuck winter steelhead 2024-25,2025-02-09,Unguided-Boat,0,96,0
Skookumchuck winter steelhead 2024-25,2025-02-16,Guided-Bank,0,253.05,0
Skookumchuck winter steelhead 2024-25,2025-02-16,Guided-Boat,0,253.05,0
Skookumchuck winter steelhead 2024-25,2025-02-16,Unguided-Bank,253.05,253.05,1
Skookumchuck winter steelhead 2024-25,2025-02-16,Unguided-Boat,0,253.05,0
Skookumchuck winter steelhead 2024-25,2025-02-23,Guided-Bank,0,160.81666666666666,0
Skookumchuck winter steelhead 2024-25,2025-02-23,Guided-Boat,0,160.81666666666666,0
Skookumchuck winter steelhead 2024-25,2025-02-23,Unguided-Bank,160.81666666666666,160.81666666666666,1
Skookumchuck winter steelhead 2024-25,2025-02-23,Unguided-Boat,0,160.81666666666666,0
Skookumchuck winter steelhead 2025-26,2025-11-30,Guided-Bank,0,17.6,0
Skookumchuck winter steelhead 2025-26,2025-11-30,Guided-Boat,0,17.6,0
Skookumchuck winter steelhead 2025-26,2025-11-30,Unguided-Bank,17.6,17.6,1
Skookumchuck winter steelhead 2025-26,2025-11-30,Unguided-Boat,0,17.6,0
Skookumchuck winter steelhead 2025-26,2025-12-07,Guided-Bank,0,3.1333333333333333,0
Skookumchuck winter steelhead 2025-26,2025-12-07,Guided-Boat,0,3.1333333333333333,0
Skookumchuck winter steelhead 2025-26,2025-12-07,Unguided-Bank,3.1333333333333333,3.1333333333333333,1
Skookumchuck winter steelhead 2025-26,2025-12-07,Unguided-Boat,0,3.1333333333333333,0
Skookumchuck winter steelhead 2025-26,2025-12-14,Guided-Bank,0,27.316666666666666,0
Skookumchuck winter steelhead 2025-26,2025-12-14,Guided-Boat,0,27.316666666666666,0
Skookumchuck winter steelhead 2025-26,2025-12-14,Unguided-Bank,27.316666666666666,27.316666666666666,1
Skookumchuck winter steelhead 2025-26,2025-12-14,Unguided-Boat,0,27.316666666666666,0
Skookumchuck winter steelhead 2025-26,2025-12-21,Guided-Bank,0,75.01666666666667,0
Skookumchuck winter steelhead 2025-26,2025-12-21,Guided-Boat,0,75.01666666666667,0
Skookumchuck winter steelhead 2025-26,2025-12-21,Unguided-Bank,75.01666666666667,75.01666666666667,1
Skookumchuck winter steelhead 2025-26,2025-12-21,Unguided-Boat,0,75.01666666666667,0
Skookumchuck winter steelhead 2025-26,2025-12-28,Guided-Bank,0,66.41666666666667,0
Skookumchuck winter steelhead 2025-26,2025-12-28,Guided-Boat,0,66.41666666666667,0
Skookumchuck winter steelhead 2025-26,2025-12-28,Unguided-Bank,66.41666666666667,66.41666666666667,1
Skookumchuck winter steelhead 2025-26,2025-12-28,Unguided-Boat,0,66.41666666666667,0
Skookumchuck winter steelhead 2025-26,2026-01-04,Guided-Bank,0,43.88333333333333,0
Skookumchuck winter steelhead 2025-26,2026-01-04,Guided-Boat,0,43.88333333333333,0
Skookumchuck winter steelhead 2025-26,2026-01-04,Unguided-Bank,43.88333333333333,43.88333333333333,1
Skookumchuck winter steelhead 2025-26,2026-01-04,Unguided-Boat,0,43.88333333333333,0
Skookumchuck winter steelhead 2025-26,2026-01-11,Guided-Bank,0,143.15,0
Skookumchuck winter steelhead 2025-26,2026-01-11,Guided-Boat,0,143.15,0
Skookumchuck winter steelhead 2025-26,2026-01-11,Unguided-Bank,143.15,143.15,1
Skookumchuck winter steelhead 2025-26,2026-01-11,Unguided-Boat,0,143.15,0
Skookumchuck winter steelhead 2025-26,2026-01-18,Guided-Bank,0,265.5,0
Skookumchuck winter steelhead 2025-26,2026-01-18,Guided-Boat,0,265.5,0
Skookumchuck winter steelhead 2025-26,2026-01-18,Unguided-Bank,265.5,265.5,1
Skookumchuck winter steelhead 2025-26,2026-01-18,Unguided-Boat,0,265.5,0
Skookumchuck winter steelhead 2025-26,2026-01-25,Guided-Bank,0,80.6,0
Skookumchuck winter steelhead 2025-26,2026-01-25,Guided-Boat,0,80.6,0
Skookumchuck winter steelhead 2025-26,2026-01-25,Unguided-Bank,80.6,80.6,1
Skookumchuck winter steelhead 2025-26,2026-01-25,Unguided-Boat,0,80.6,0
Skookumchuck winter steelhead 2025-26,2026-02-01,Guided-Bank,0,311.4166666666667,0
Skookumchuck winter steelhead 2025-26,2026-02-01,Guided-Boat,0,311.4166666666667,0
Skookumchuck winter steelhead 2025-26,2026-02-01,Unguided-Bank,311.4166666666667,311.4166666666667,1
Skookumchuck winter steelhead 2025-26,2026-02-01,Unguided-Boat,0,311.4166666666667,0
Skookumchuck winter steelhead 2025-26,2026-02-08,Guided-Bank,0,114.85,0
Skookumchuck winter steelhead 2025-26,2026-02-08,Guided-Boat,0,114.85,0
Skookumchuck winter steelhead 2025-26,2026-02-08,Unguided-Bank,114.85,114.85,1
Skookumchuck winter steelhead 2025-26,2026-02-08,Unguided-Boat,0,114.85,0
Skookumchuck winter steelhead 2025-26,2026-02-15,Guided-Bank,0,50.25,0
Skookumchuck winter steelhead 2025-26,2026-02-15,Guided-Boat,0,50.25,0
Skookumchuck winter steelhead 2025-26,2026-02-15,Unguided-Bank,50.25,50.25,1
Skookumchuck winter steelhead 2025-26,2026-02-15,Unguided-Boat,0,50.25,0
Skykomish summer Chinook 2020,2020-05-24,Guided-Bank,0,225.8,0
Skykomish summer Chinook 2020,2020-05-24,Guided-Boat,18,225.8,0.07971656333038087
Skykomish summer Chinook 2020,2020-05-24,Unguided-Bank,32.583333333333336,225.8,0.14430174195453205
Skykomish summer Chinook 2020,2020-05-24,Unguided-Boat,175.21666666666667,225.8,0.775981694715087
Skykomish summer Chinook 2020,2020-06-07,Guided-Bank,0,20.666666666666664,0
Skykomish summer Chinook 2020,2020-06-07,Guided-Boat,20.666666666666664,20.666666666666664,1
Skykomish summer Chinook 2020,2020-06-07,Unguided-Bank,0,20.666666666666664,0
Skykomish summer Chinook 2020,2020-06-07,Unguided-Boat,0,20.666666666666664,0
Skykomish summer Chinook 2020,2020-06-14,Guided-Bank,0,222.75,0
Skykomish summer Chinook 2020,2020-06-14,Guided-Boat,222.75,222.75,1
Skykomish summer Chinook 2020,2020-06-14,Unguided-Bank,0,222.75,0
Skykomish summer Chinook 2020,2020-06-14,Unguided-Boat,0,222.75,0
Skykomish summer Chinook 2020,2020-06-21,Guided-Bank,0,454.0833333333333,0
Skykomish summer Chinook 2020,2020-06-21,Guided-Boat,454.0833333333333,454.0833333333333,1
Skykomish summer Chinook 2020,2020-06-21,Unguided-Bank,0,454.0833333333333,0
Skykomish summer Chinook 2020,2020-06-21,Unguided-Boat,0,454.0833333333333,0
Skykomish summer Chinook 2020,2020-06-28,Guided-Bank,0,256.25,0
Skykomish summer Chinook 2020,2020-06-28,Guided-Boat,216.5,256.25,0.8448780487804878
Skykomish summer Chinook 2020,2020-06-28,Unguided-Bank,0,256.25,0
Skykomish summer Chinook 2020,2020-06-28,Unguided-Boat,39.75,256.25,0.1551219512195122
Skykomish summer Chinook 2020,2020-07-05,Guided-Bank,0,66,0
Skykomish summer Chinook 2020,2020-07-05,Guided-Boat,66,66,1
Skykomish summer Chinook 2020,2020-07-05,Unguided-Bank,0,66,0
Skykomish summer Chinook 2020,2020-07-05,Unguided-Boat,0,66,0
Skykomish summer Chinook 2020,2020-07-12,Guided-Bank,0,34.5,0
Skykomish summer Chinook 2020,2020-07-12,Guided-Boat,25.5,34.5,0.7391304347826086
Skykomish summer Chinook 2020,2020-07-12,Unguided-Bank,0,34.5,0
Skykomish summer Chinook 2020,2020-07-12,Unguided-Boat,9,34.5,0.2608695652173913
Skykomish summer Chinook 2021,2021-05-23,Guided-Bank,0,80.25,0
Skykomish summer Chinook 2021,2021-05-23,Guided-Boat,80.25,80.25,1
Skykomish summer Chinook 2021,2021-05-23,Unguided-Bank,0,80.25,0
Skykomish summer Chinook 2021,2021-05-23,Unguided-Boat,0,80.25,0
Skykomish summer Chinook 2021,2021-05-30,Guided-Bank,0,77.5,0
Skykomish summer Chinook 2021,2021-05-30,Guided-Boat,77.5,77.5,1
Skykomish summer Chinook 2021,2021-05-30,Unguided-Bank,0,77.5,0
Skykomish summer Chinook 2021,2021-05-30,Unguided-Boat,0,77.5,0
Skykomish summer Chinook 2021,2021-06-06,Guided-Bank,0,871.25,0
Skykomish summer Chinook 2021,2021-06-06,Guided-Boat,229,871.25,0.26284074605451935
Skykomish summer Chinook 2021,2021-06-06,Unguided-Bank,7.75,871.25,0.008895265423242468
Skykomish summer Chinook 2021,2021-06-06,Unguided-Boat,634.5,871.25,0.7282639885222382
Skykomish summer Chinook 2021,2021-06-13,Guided-Bank,0,365.23333333333335,0
Skykomish summer Chinook 2021,2021-06-13,Guided-Boat,262.6166666666667,365.23333333333335,0.7190380578625536
Skykomish summer Chinook 2021,2021-06-13,Unguided-Bank,6.833333333333333,365.23333333333335,0.018709500775759787
Skykomish summer Chinook 2021,2021-06-13,Unguided-Boat,95.78333333333333,365.23333333333335,0.2622524413616866
Skykomish summer Chinook 2021,2021-06-20,Guided-Bank,0,375.41666666666663,0
Skykomish summer Chinook 2021,2021-06-20,Guided-Boat,140.75,375.41666666666663,0.3749167591564928
Skykomish summer Chinook 2021,2021-06-20,Unguided-Bank,12,375.41666666666663,0.03196448390677026
Skykomish summer Chinook 2021,2021-06-20,Unguided-Boat,222.66666666666666,375.41666666666663,0.593118756936737
Skykomish summer Chinook 2021,2021-06-27,Guided-Bank,0,317.8,0
Skykomish summer Chinook 2021,2021-06-27,Guided-Boat,199.1,317.8,0.6264946507237256
Skykomish summer Chinook 2021,2021-06-27,Unguided-Bank,0,317.8,0
Skykomish summer Chinook 2021,2021-06-27,Unguided-Boat,118.7,317.8,0.3735053492762744
Skykomish summer Chinook 2021,2021-07-04,Guided-Bank,0,117,0
Skykomish summer Chinook 2021,2021-07-04,Guided-Boat,117,117,1
Skykomish summer Chinook 2021,2021-07-04,Unguided-Bank,0,117,0
Skykomish summer Chinook 2021,2021-07-04,Unguided-Boat,0,117,0
Skykomish summer Chinook 2021,2021-07-11,Guided-Bank,0,343.7833333333333,0
Skykomish summer Chinook 2021,2021-07-11,Guided-Boat,183.83333333333331,343.7833333333333,0.5347360255975178
Skykomish summer Chinook 2021,2021-07-11,Unguided-Bank,20.95,343.7833333333333,0.06093954525621758
Skykomish summer Chinook 2021,2021-07-11,Unguided-Boat,139,343.7833333333333,0.40432442914626465
Skykomish summer Chinook 2021,2021-07-18,Guided-Bank,0,94.93333333333334,0
Skykomish summer Chinook 2021,2021-07-18,Guided-Boat,76.25,94.93333333333334,0.8031952247191011
Skykomish summer Chinook 2021,2021-07-18,Unguided-Bank,1.6833333333333333,94.93333333333334,0.017731741573033706
Skykomish summer Chinook 2021,2021-07-18,Unguided-Boat,17,94.93333333333334,0.17907303370786515
Skykomish summer Chinook and gamefish 2022,2022-05-22,Guided-Bank,0,133.68333333333334,0
Skykomish summer Chinook and gamefish 2022,2022-05-22,Guided-Boat,0,133.68333333333334,0
Skykomish summer Chinook and gamefish 2022,2022-05-22,Unguided-Bank,52.96666666666667,133.68333333333334,0.39620994888417904
Skykomish summer Chinook and gamefish 2022,2022-05-22,Unguided-Boat,80.71666666666667,133.68333333333334,0.603790051115821
Skykomish summer Chinook and gamefish 2022,2022-05-29,Guided-Bank,0,402.55,0
Skykomish summer Chinook and gamefish 2022,2022-05-29,Guided-Boat,129.83333333333334,402.55,0.32252722229122677
Skykomish summer Chinook and gamefish 2022,2022-05-29,Unguided-Bank,146.71666666666667,402.55,0.36446818200637604
Skykomish summer Chinook and gamefish 2022,2022-05-29,Unguided-Boat,126,402.55,0.3130045957023972
Skykomish summer Chinook and gamefish 2022,2022-06-05,Guided-Bank,0,396.0833333333333,0
Skykomish summer Chinook and gamefish 2022,2022-06-05,Guided-Boat,24.25,396.0833333333333,0.06122448979591837
Skykomish summer Chinook and gamefish 2022,2022-06-05,Unguided-Bank,193.16666666666666,396.0833333333333,0.4876919840100989
Skykomish summer Chinook and gamefish 2022,2022-06-05,Unguided-Boat,178.66666666666666,396.0833333333333,0.45108352619398273
Skykomish summer Chinook and gamefish 2022,2022-06-12,Guided-Bank,0,807.0833333333333,0
Skykomish summer Chinook and gamefish 2022,2022-06-12,Guided-Boat,276.8666666666667,807.0833333333333,0.3430459473412494
Skykomish summer Chinook and gamefish 2022,2022-06-12,Unguided-Bank,284.65,807.0833333333333,0.35268972638100154
Skykomish summer Chinook and gamefish 2022,2022-06-12,Unguided-Boat,245.56666666666666,807.0833333333333,0.30426432627774913
Skykomish summer Chinook and gamefish 2022,2022-06-19,Guided-Bank,0,947.75,0
Skykomish summer Chinook and gamefish 2022,2022-06-19,Guided-Boat,328.71666666666664,947.75,0.34683900466016
Skykomish summer Chinook and gamefish 2022,2022-06-19,Unguided-Bank,264.56666666666666,947.75,0.2791523784401653
Skykomish summer Chinook and gamefish 2022,2022-06-19,Unguided-Boat,354.46666666666664,947.75,0.37400861689967463
Skykomish summer Chinook and gamefish 2022,2022-06-26,Guided-Bank,5.666666666666667,833.25,0.006800680068006801
Skykomish summer Chinook and gamefish 2022,2022-06-26,Guided-Boat,358.1166666666667,833.25,0.4297829782978298
Skykomish summer Chinook and gamefish 2022,2022-06-26,Unguided-Bank,200.11666666666667,833.25,0.24016401640164017
Skykomish summer Chinook and gamefish 2022,2022-06-26,Unguided-Boat,269.35,833.25,0.3232523252325233
Skykomish summer Chinook and gamefish 2022,2022-07-03,Guided-Bank,0,649.8833333333333,0
Skykomish summer Chinook and gamefish 2022,2022-07-03,Guided-Boat,165.56666666666666,649.8833333333333,0.25476367553150564
Skykomish summer Chinook and gamefish 2022,2022-07-03,Unguided-Bank,193.48333333333335,649.8833333333333,0.29772010360834
Skykomish summer Chinook and gamefish 2022,2022-07-03,Unguided-Boat,290.8333333333333,649.8833333333333,0.44751622086015436
Skykomish summer Chinook and gamefish 2022,2022-07-10,Guided-Bank,0,594.8166666666666,0
Skykomish summer Chinook and gamefish 2022,2022-07-10,Guided-Boat,122,594.8166666666666,0.20510521449186025
Skykomish summer Chinook and gamefish 2022,2022-07-10,Unguided-Bank,299.06666666666666,594.8166666666666,0.502787973885511
Skykomish summer Chinook and gamefish 2022,2022-07-10,Unguided-Boat,173.75,594.8166666666666,0.29210681162262886
Skykomish summer Chinook and gamefish 2022,2022-07-17,Guided-Bank,0,650.3833333333333,0
Skykomish summer Chinook and gamefish 2022,2022-07-17,Guided-Boat,55.95,650.3833333333333,0.08602618968300746
Skykomish summer Chinook and gamefish 2022,2022-07-17,Unguided-Bank,398.1666666666667,650.3833333333333,0.612203059734003
Skykomish summer Chinook and gamefish 2022,2022-07-17,Unguided-Boat,196.26666666666668,650.3833333333333,0.3017707505829895
Skykomish summer Chinook and gamefish 2022,2022-07-24,Guided-Bank,0,296.8833333333333,0
Skykomish summer Chinook and gamefish 2022,2022-07-24,Guided-Boat,23.650000000000002,296.8833333333333,0.07966092179868636
Skykomish summer Chinook and gamefish 2022,2022-07-24,Unguided-Bank,179.8,296.8833333333333,0.6056251052602033
Skykomish summer Chinook and gamefish 2022,2022-07-24,Unguided-Boat,93.43333333333334,296.8833333333333,0.3147139729411104
Skykomish summer Chinook and gamefish 2022,2022-07-31,Guided-Bank,0,96.56666666666666,0
Skykomish summer Chinook and gamefish 2022,2022-07-31,Guided-Boat,0,96.56666666666666,0
Skykomish summer Chinook and gamefish 2022,2022-07-31,Unguided-Bank,68.73333333333333,96.56666666666666,0.7117707973765965
Skykomish summer Chinook and gamefish 2022,2022-07-31,Unguided-Boat,27.833333333333332,96.56666666666666,0.2882292026234035
Skykomish summer Chinook and gamefish 2022,2022-08-07,Guided-Bank,0,5.483333333333333,0
Skykomish summer Chinook and gamefish 2022,2022-08-07,Guided-Boat,0,5.483333333333333,0
Skykomish summer Chinook and gamefish 2022,2022-08-07,Unguided-Bank,5.483333333333333,5.483333333333333,1
Skykomish summer Chinook and gamefish 2022,2022-08-07,Unguided-Boat,0,5.483333333333333,0
Skykomish summer Chinook and gamefish 2022,2022-08-14,Guided-Bank,0,6.216666666666667,0
Skykomish summer Chinook and gamefish 2022,2022-08-14,Guided-Boat,0,6.216666666666667,0
Skykomish summer Chinook and gamefish 2022,2022-08-14,Unguided-Bank,6.216666666666667,6.216666666666667,1
Skykomish summer Chinook and gamefish 2022,2022-08-14,Unguided-Boat,0,6.216666666666667,0
Skykomish summer Chinook and gamefish 2022,2022-08-21,Guided-Bank,0,5.966666666666667,0
Skykomish summer Chinook and gamefish 2022,2022-08-21,Guided-Boat,0,5.966666666666667,0
Skykomish summer Chinook and gamefish 2022,2022-08-21,Unguided-Bank,5.966666666666667,5.966666666666667,1
Skykomish summer Chinook and gamefish 2022,2022-08-21,Unguided-Boat,0,5.966666666666667,0
Skykomish summer Chinook and gamefish 2025,2025-06-08,Guided-Bank,0,429.5333333333333,0
Skykomish summer Chinook and gamefish 2025,2025-06-08,Guided-Boat,82.26666666666667,429.5333333333333,0.19152568679186716
Skykomish summer Chinook and gamefish 2025,2025-06-08,Unguided-Bank,215.2,429.5333333333333,0.5010088468104921
Skykomish summer Chinook and gamefish 2025,2025-06-08,Unguided-Boat,132.06666666666666,429.5333333333333,0.3074654663976409
Skykomish summer Chinook and gamefish 2025,2025-06-15,Guided-Bank,0,420,0
Skykomish summer Chinook and gamefish 2025,2025-06-15,Guided-Boat,26.266666666666666,420,0.06253968253968253
Skykomish summer Chinook and gamefish 2025,2025-06-15,Unguided-Bank,174.56666666666666,420,0.41563492063492063
Skykomish summer Chinook and gamefish 2025,2025-06-15,Unguided-Boat,219.16666666666666,420,0.5218253968253967
Skykomish summer Chinook and gamefish 2025,2025-06-22,Guided-Bank,0,513.35,0
Skykomish summer Chinook and gamefish 2025,2025-06-22,Guided-Boat,116,513.35,0.2259666893932015
Skykomish summer Chinook and gamefish 2025,2025-06-22,Unguided-Bank,198.08333333333334,513.35,0.38586409532158045
Skykomish summer Chinook and gamefish 2025,2025-06-22,Unguided-Boat,199.26666666666668,513.35,0.38816921528521803
Skykomish summer Chinook and gamefish 2025,2025-06-29,Guided-Bank,0,264.46666666666664,0
Skykomish summer Chinook and gamefish 2025,2025-06-29,Guided-Boat,81.23333333333333,264.46666666666664,0.30715906226367534
Skykomish summer Chinook and gamefish 2025,2025-06-29,Unguided-Bank,86.3,264.46666666666664,0.326317116208722
Skykomish summer Chinook and gamefish 2025,2025-06-29,Unguided-Boat,96.93333333333332,264.46666666666664,0.3665238215276027
Skykomish summer Chinook and gamefish 2025,2025-07-06,Guided-Bank,0,140.45000000000002,0
Skykomish summer Chinook and gamefish 2025,2025-07-06,Guided-Boat,14.35,140.45000000000002,0.10217159131363474
Skykomish summer Chinook and gamefish 2025,2025-07-06,Unguided-Bank,95.13333333333334,140.45000000000002,0.6773466239468375
Skykomish summer Chinook and gamefish 2025,2025-07-06,Unguided-Boat,30.966666666666665,140.45000000000002,0.22048178473952768
Skykomish winter gamefish 2021-22,2021-11-28,Guided-Bank,0,30.683333333333334,0
Skykomish winter gamefish 2021-22,2021-11-28,Guided-Boat,0,30.683333333333334,0
Skykomish winter gamefish 2021-22,2021-11-28,Unguided-Bank,30.683333333333334,30.683333333333334,1
Skykomish winter gamefish 2021-22,2021-11-28,Unguided-Boat,0,30.683333333333334,0
Skykomish winter gamefish 2021-22,2021-12-05,Guided-Bank,0,116.16666666666667,0
Skykomish winter gamefish 2021-22,2021-12-05,Guided-Boat,0,116.16666666666667,0
Skykomish winter gamefish 2021-22,2021-12-05,Unguided-Bank,116.16666666666667,116.16666666666667,1
Skykomish winter gamefish 2021-22,2021-12-05,Unguided-Boat,0,116.16666666666667,0
Skykomish winter gamefish 2021-22,2021-12-12,Guided-Bank,0,157.15,0
Skykomish winter gamefish 2021-22,2021-12-12,Guided-Boat,0,157.15,0
Skykomish winter gamefish 2021-22,2021-12-12,Unguided-Bank,157.15,157.15,1
Skykomish winter gamefish 2021-22,2021-12-12,Unguided-Boat,0,157.15,0
Skykomish winter gamefish 2021-22,2021-12-19,Guided-Bank,0,139.6,0
Skykomish winter gamefish 2021-22,2021-12-19,Guided-Boat,0,139.6,0
Skykomish winter gamefish 2021-22,2021-12-19,Unguided-Bank,139.6,139.6,1
Skykomish winter gamefish 2021-22,2021-12-19,Unguided-Boat,0,139.6,0
Skykomish winter gamefish 2021-22,2021-12-26,Guided-Bank,0,14.083333333333332,0
Skykomish winter gamefish 2021-22,2021-12-26,Guided-Boat,0,14.083333333333332,0
Skykomish winter gamefish 2021-22,2021-12-26,Unguided-Bank,14.083333333333332,14.083333333333332,1
Skykomish winter gamefish 2021-22,2021-12-26,Unguided-Boat,0,14.083333333333332,0
Skykomish winter gamefish 2021-22,2022-01-02,Guided-Bank,0,65.86666666666666,0
Skykomish winter gamefish 2021-22,2022-01-02,Guided-Boat,0,65.86666666666666,0
Skykomish winter gamefish 2021-22,2022-01-02,Unguided-Bank,65.86666666666666,65.86666666666666,1
Skykomish winter gamefish 2021-22,2022-01-02,Unguided-Boat,0,65.86666666666666,0
Skykomish winter gamefish 2021-22,2022-01-09,Guided-Bank,0,248.98333333333332,0
Skykomish winter gamefish 2021-22,2022-01-09,Guided-Boat,0,248.98333333333332,0
Skykomish winter gamefish 2021-22,2022-01-09,Unguided-Bank,238.35,248.98333333333332,0.9572929914987617
Skykomish winter gamefish 2021-22,2022-01-09,Unguided-Boat,10.633333333333333,248.98333333333332,0.04270700850123837
Skykomish winter gamefish 2021-22,2022-01-16,Guided-Bank,0,81.8,0
Skykomish winter gamefish 2021-22,2022-01-16,Guided-Boat,0,81.8,0
Skykomish winter gamefish 2021-22,2022-01-16,Unguided-Bank,81.8,81.8,1
Skykomish winter gamefish 2021-22,2022-01-16,Unguided-Boat,0,81.8,0
Skykomish winter gamefish 2021-22,2022-01-23,Guided-Bank,0,73.43333333333334,0
Skykomish winter gamefish 2021-22,2022-01-23,Guided-Boat,0,73.43333333333334,0
Skykomish winter gamefish 2021-22,2022-01-23,Unguided-Bank,73.43333333333334,73.43333333333334,1
Skykomish winter gamefish 2021-22,2022-01-23,Unguided-Boat,0,73.43333333333334,0
Skykomish winter gamefish 2021-22,2022-01-30,Guided-Bank,0,79.43333333333334,0
Skykomish winter gamefish 2021-22,2022-01-30,Guided-Boat,0,79.43333333333334,0
Skykomish winter gamefish 2021-22,2022-01-30,Unguided-Bank,79.43333333333334,79.43333333333334,1
Skykomish winter gamefish 2021-22,2022-01-30,Unguided-Boat,0,79.43333333333334,0
Skykomish winter gamefish 2021-22,2022-02-06,Guided-Bank,0,90.81666666666666,0
Skykomish winter gamefish 2021-22,2022-02-06,Guided-Boat,0,90.81666666666666,0
Skykomish winter gamefish 2021-22,2022-02-06,Unguided-Bank,90.81666666666666,90.81666666666666,1
Skykomish winter gamefish 2021-22,2022-02-06,Unguided-Boat,0,90.81666666666666,0
Skykomish winter gamefish 2021-22,2022-02-13,Guided-Bank,0,13.65,0
Skykomish winter gamefish 2021-22,2022-02-13,Guided-Boat,0,13.65,0
Skykomish winter gamefish 2021-22,2022-02-13,Unguided-Bank,13.65,13.65,1
Skykomish winter gamefish 2021-22,2022-02-13,Unguided-Boat,0,13.65,0
Skykomish winter gamefish 2022-23,2022-10-16,Guided-Bank,0,1.95,0
Skykomish winter gamefish 2022-23,2022-10-16,Guided-Boat,0,1.95,0
Skykomish winter gamefish 2022-23,2022-10-16,Unguided-Bank,1.95,1.95,1
Skykomish winter gamefish 2022-23,2022-10-16,Unguided-Boat,0,1.95,0
Snohomish fall salmon 2021,2021-08-22,Guided-Bank,0,598.3,0
Snohomish fall salmon 2021,2021-08-22,Guided-Boat,30.733333333333334,598.3,0.05136776422084796
Snohomish fall salmon 2021,2021-08-22,Unguided-Bank,221.16666666666666,598.3,0.3696584767953647
Snohomish fall salmon 2021,2021-08-22,Unguided-Boat,346.4,598.3,0.5789737589837874
Snohomish fall salmon 2021,2021-08-29,Guided-Bank,0,1148.7166666666667,0
Snohomish fall salmon 2021,2021-08-29,Guided-Boat,0,1148.7166666666667,0
Snohomish fall salmon 2021,2021-08-29,Unguided-Bank,194.03333333333333,1148.7166666666667,0.16891313494769525
Snohomish fall salmon 2021,2021-08-29,Unguided-Boat,954.6833333333333,1148.7166666666667,0.8310868650523047
Snohomish fall salmon 2021,2021-09-05,Guided-Bank,0,1237,0
Snohomish fall salmon 2021,2021-09-05,Guided-Boat,40.6,1237,0.032821341956346
Snohomish fall salmon 2021,2021-09-05,Unguided-Bank,138.26666666666665,1237,0.11177580167070869
Snohomish fall salmon 2021,2021-09-05,Unguided-Boat,1058.1333333333334,1237,0.8554028563729453
Snohomish fall salmon 2021,2021-09-12,Guided-Bank,0,784.15,0
Snohomish fall salmon 2021,2021-09-12,Guided-Boat,32.416666666666664,784.15,0.04133987969988735
Snohomish fall salmon 2021,2021-09-12,Unguided-Bank,383.2,784.15,0.48868201237008224
Snohomish fall salmon 2021,2021-09-12,Unguided-Boat,368.5333333333333,784.15,0.46997810793003036
Snohomish fall salmon 2021,2021-09-19,Guided-Bank,0,1054.7833333333333,0
Snohomish fall salmon 2021,2021-09-19,Guided-Boat,0,1054.7833333333333,0
Snohomish fall salmon 2021,2021-09-19,Unguided-Bank,374.8666666666667,1054.7833333333333,0.3553968429535292
Snohomish fall salmon 2021,2021-09-19,Unguided-Boat,679.9166666666666,1054.7833333333333,0.6446031570464709
Snohomish fall salmon 2021,2021-09-26,Guided-Bank,0,391.4666666666667,0
Snohomish fall salmon 2021,2021-09-26,Guided-Boat,20.45,391.4666666666667,0.052239441416893725
Snohomish fall salmon 2021,2021-09-26,Unguided-Bank,175.76666666666668,391.4666666666667,0.44899523160762944
Snohomish fall salmon 2021,2021-09-26,Unguided-Boat,195.25,391.4666666666667,0.4987653269754768
Snohomish fall salmon 2021,2021-10-03,Guided-Bank,0,212.11666666666667,0
Snohomish fall salmon 2021,2021-10-03,Guided-Boat,0,212.11666666666667,0
Snohomish fall salmon 2021,2021-10-03,Unguided-Bank,90.35,212.11666666666667,0.4259448416751787
Snohomish fall salmon 2021,2021-10-03,Unguided-Boat,121.76666666666667,212.11666666666667,0.5740551583248212
Snohomish fall salmon 2021,2021-10-10,Guided-Bank,0,27.35,0
Snohomish fall salmon 2021,2021-10-10,Guided-Boat,0,27.35,0
Snohomish fall salmon 2021,2021-10-10,Unguided-Bank,11.883333333333333,27.35,0.43449116392443626
Snohomish fall salmon 2021,2021-10-10,Unguided-Boat,15.466666666666667,27.35,0.5655088360755637
Snohomish fall salmon 2023,2023-09-10,Guided-Bank,0,22.53333333333333,0
Snohomish fall salmon 2023,2023-09-10,Guided-Boat,22.53333333333333,22.53333333333333,1
Snohomish fall salmon 2023,2023-09-10,Unguided-Bank,0,22.53333333333333,0
Snohomish fall salmon 2023,2023-09-10,Unguided-Boat,0,22.53333333333333,0
Snohomish fall salmon 2023,2023-09-17,Guided-Bank,0,19.25,0
Snohomish fall salmon 2023,2023-09-17,Guided-Boat,19.25,19.25,1
Snohomish fall salmon 2023,2023-09-17,Unguided-Bank,0,19.25,0
Snohomish fall salmon 2023,2023-09-17,Unguided-Boat,0,19.25,0
Snohomish fall salmon 2023,2023-10-15,Guided-Bank,0,51.083333333333336,0
Snohomish fall salmon 2023,2023-10-15,Guided-Boat,51.083333333333336,51.083333333333336,1
Snohomish fall salmon 2023,2023-10-15,Unguided-Bank,0,51.083333333333336,0
Snohomish fall salmon 2023,2023-10-15,Unguided-Boat,0,51.083333333333336,0
Snohomish fall salmon 2023,2023-10-22,Guided-Bank,0,83.31666666666666,0
Snohomish fall salmon 2023,2023-10-22,Guided-Boat,83.31666666666666,83.31666666666666,1
Snohomish fall salmon 2023,2023-10-22,Unguided-Bank,0,83.31666666666666,0
Snohomish fall salmon 2023,2023-10-22,Unguided-Boat,0,83.31666666666666,0
Snohomish fall salmon 2023,2023-10-29,Guided-Bank,0,33.7,0
Snohomish fall salmon 2023,2023-10-29,Guided-Boat,33.7,33.7,1
Snohomish fall salmon 2023,2023-10-29,Unguided-Bank,0,33.7,0
Snohomish fall salmon 2023,2023-10-29,Unguided-Boat,0,33.7,0
Snohomish fall salmon 2024,2024-09-29,Guided-Bank,0,24.733333333333334,0
Snohomish fall salmon 2024,2024-09-29,Guided-Boat,24.733333333333334,24.733333333333334,1
Snohomish fall salmon 2024,2024-09-29,Unguided-Bank,0,24.733333333333334,0
Snohomish fall salmon 2024,2024-09-29,Unguided-Boat,0,24.733333333333334,0
Snohomish fall salmon 2024,2024-10-13,Guided-Bank,0,88.91666666666667,0
Snohomish fall salmon 2024,2024-10-13,Guided-Boat,88.91666666666667,88.91666666666667,1
Snohomish fall salmon 2024,2024-10-13,Unguided-Bank,0,88.91666666666667,0
Snohomish fall salmon 2024,2024-10-13,Unguided-Boat,0,88.91666666666667,0
Snohomish fall salmon 2024,2024-10-20,Guided-Bank,0,26.35,0
Snohomish fall salmon 2024,2024-10-20,Guided-Boat,26.35,26.35,1
Snohomish fall salmon 2024,2024-10-20,Unguided-Bank,0,26.35,0
Snohomish fall salmon 2024,2024-10-20,Unguided-Boat,0,26.35,0
Snohomish fall salmon 2025,2025-08-17,Guided-Bank,0,834.05,0
Snohomish fall salmon 2025,2025-08-17,Guided-Boat,0,834.05,0
Snohomish fall salmon 2025,2025-08-17,Unguided-Bank,407.75,834.05,0.48887956357532525
Snohomish fall salmon 2025,2025-08-17,Unguided-Boat,426.3,834.05,0.5111204364246749
Snohomish fall salmon 2025,2025-08-24,Guided-Bank,0,1934.0500000000002,0
Snohomish fall salmon 2025,2025-08-24,Guided-Boat,25,1934.0500000000002,0.01292624285825082
Snohomish fall salmon 2025,2025-08-24,Unguided-Bank,736.5833333333334,1934.0500000000002,0.3808502020802633
Snohomish fall salmon 2025,2025-08-24,Unguided-Boat,1172.4666666666667,1934.0500000000002,0.6062235550614858
Snohomish fall salmon 2025,2025-08-31,Guided-Bank,0,1604.1666666666665,0
Snohomish fall salmon 2025,2025-08-31,Guided-Boat,39.45,1604.1666666666665,0.024592207792207797
Snohomish fall salmon 2025,2025-08-31,Unguided-Bank,780.55,1604.1666666666665,0.4865766233766234
Snohomish fall salmon 2025,2025-08-31,Unguided-Boat,784.1666666666666,1604.1666666666665,0.48883116883116884
Snohomish fall salmon 2025,2025-09-07,Guided-Bank,0,1841.7166666666667,0
Snohomish fall salmon 2025,2025-09-07,Guided-Boat,19.433333333333334,1841.7166666666667,0.010551749726251777
Snohomish fall salmon 2025,2025-09-07,Unguided-Bank,918.7,1841.7166666666667,0.4988280861153091
Snohomish fall salmon 2025,2025-09-07,Unguided-Boat,903.5833333333334,1841.7166666666667,0.4906201641584392
Snohomish fall salmon 2025,2025-09-14,Guided-Bank,0,1329.1166666666668,0
Snohomish fall salmon 2025,2025-09-14,Guided-Boat,20,1329.1166666666668,0.01504758799704064
Snohomish fall salmon 2025,2025-09-14,Unguided-Bank,657.7666666666667,1329.1166666666668,0.49489008990933825
Snohomish fall salmon 2025,2025-09-14,Unguided-Boat,651.35,1329.1166666666668,0.49006232209362105
Snohomish fall salmon 2025,2025-10-19,Guided-Bank,0,45.46666666666667,0
Snohomish fall salmon 2025,2025-10-19,Guided-Boat,0,45.46666666666667,0
Snohomish fall salmon 2025,2025-10-19,Unguided-Bank,16.983333333333334,45.46666666666667,0.37353372434017595
Snohomish fall salmon 2025,2025-10-19,Unguided-Boat,28.483333333333334,45.46666666666667,0.626466275659824
Snohomish fall salmon 2025,2025-10-26,Guided-Bank,0,243.5,0
Snohomish fall salmon 2025,2025-10-26,Guided-Boat,0,243.5,0
Snohomish fall salmon 2025,2025-10-26,Unguided-Bank,60.81666666666667,243.5,0.24976043805612597
Snohomish fall salmon 2025,2025-10-26,Unguided-Boat,182.68333333333334,243.5,0.7502395619438741
Snohomish fall salmon 2025,2025-11-02,Guided-Bank,0,295.26666666666665,0
Snohomish fall salmon 2025,2025-11-02,Guided-Boat,46.63333333333333,295.26666666666665,0.15793632874237978
Snohomish fall salmon 2025,2025-11-02,Unguided-Bank,151.86666666666667,295.26666666666665,0.5143373221946264
Snohomish fall salmon 2025,2025-11-02,Unguided-Boat,96.76666666666667,295.26666666666665,0.3277263490629939
Snohomish fall salmon 2025,2025-11-09,Guided-Bank,0.43333333333333335,286.51666666666665,0.0015124192891629341
Snohomish fall salmon 2025,2025-11-09,Guided-Boat,42.43333333333334,286.51666666666665,0.14810075039264733
Snohomish fall salmon 2025,2025-11-09,Unguided-Bank,135.35,286.51666666666665,0.47239834797277647
Snohomish fall salmon 2025,2025-11-09,Unguided-Boat,108.30000000000001,286.51666666666665,0.3779884823454134
South Fork Willapa winter steelhead 2022-23,2022-12-25,Guided-Bank,0,2,0
South Fork Willapa winter steelhead 2022-23,2022-12-25,Guided-Boat,0,2,0
South Fork Willapa winter steelhead 2022-23,2022-12-25,Unguided-Bank,2,2,1
South Fork Willapa winter steelhead 2022-23,2022-12-25,Unguided-Boat,0,2,0
South Fork Willapa winter steelhead 2022-23,2023-01-01,Guided-Bank,0,8.7,0
South Fork Willapa winter steelhead 2022-23,2023-01-01,Guided-Boat,0,8.7,0
South Fork Willapa winter steelhead 2022-23,2023-01-01,Unguided-Bank,8.7,8.7,1
South Fork Willapa winter steelhead 2022-23,2023-01-01,Unguided-Boat,0,8.7,0
South Fork Willapa winter steelhead 2022-23,2023-01-08,Guided-Bank,0,21.083333333333332,0
South Fork Willapa winter steelhead 2022-23,2023-01-08,Guided-Boat,0,21.083333333333332,0
South Fork Willapa winter steelhead 2022-23,2023-01-08,Unguided-Bank,21.083333333333332,21.083333333333332,1
South Fork Willapa winter steelhead 2022-23,2023-01-08,Unguided-Boat,0,21.083333333333332,0
South Fork Willapa winter steelhead 2022-23,2023-01-15,Guided-Bank,0,2.7,0
South Fork Willapa winter steelhead 2022-23,2023-01-15,Guided-Boat,0,2.7,0
South Fork Willapa winter steelhead 2022-23,2023-01-15,Unguided-Bank,2.7,2.7,1
South Fork Willapa winter steelhead 2022-23,2023-01-15,Unguided-Boat,0,2.7,0
South Fork Willapa winter steelhead 2022-23,2023-01-22,Guided-Bank,0,5.4,0
South Fork Willapa winter steelhead 2022-23,2023-01-22,Guided-Boat,0,5.4,0
South Fork Willapa winter steelhead 2022-23,2023-01-22,Unguided-Bank,5.4,5.4,1
South Fork Willapa winter steelhead 2022-23,2023-01-22,Unguided-Boat,0,5.4,0
South Fork Willapa winter steelhead 2022-23,2023-01-29,Guided-Bank,0,12.533333333333333,0
South Fork Willapa winter steelhead 2022-23,2023-01-29,Guided-Boat,0,12.533333333333333,0
South Fork Willapa winter steelhead 2022-23,2023-01-29,Unguided-Bank,12.533333333333333,12.533333333333333,1
South Fork Willapa winter steelhead 2022-23,2023-01-29,Unguided-Boat,0,12.533333333333333,0
South Fork Willapa winter steelhead 2022-23,2023-02-12,Guided-Bank,0,23.366666666666667,0
South Fork Willapa winter steelhead 2022-23,2023-02-12,Guided-Boat,0,23.366666666666667,0
South Fork Willapa winter steelhead 2022-23,2023-02-12,Unguided-Bank,23.366666666666667,23.366666666666667,1
South Fork Willapa winter steelhead 2022-23,2023-02-12,Unguided-Boat,0,23.366666666666667,0
South Fork Willapa winter steelhead 2023-24,2023-12-03,Guided-Bank,0,3.35,0
South Fork Willapa winter steelhead 2023-24,2023-12-03,Guided-Boat,0,3.35,0
South Fork Willapa winter steelhead 2023-24,2023-12-03,Unguided-Bank,3.35,3.35,1
South Fork Willapa winter steelhead 2023-24,2023-12-03,Unguided-Boat,0,3.35,0
South Fork Willapa winter steelhead 2023-24,2023-12-10,Guided-Bank,0,4.6,0
South Fork Willapa winter steelhead 2023-24,2023-12-10,Guided-Boat,0,4.6,0
South Fork Willapa winter steelhead 2023-24,2023-12-10,Unguided-Bank,4.6,4.6,1
South Fork Willapa winter steelhead 2023-24,2023-12-10,Unguided-Boat,0,4.6,0
South Fork Willapa winter steelhead 2023-24,2023-12-24,Guided-Bank,0,2.4166666666666665,0
South Fork Willapa winter steelhead 2023-24,2023-12-24,Guided-Boat,0,2.4166666666666665,0
South Fork Willapa winter steelhead 2023-24,2023-12-24,Unguided-Bank,2.4166666666666665,2.4166666666666665,1
South Fork Willapa winter steelhead 2023-24,2023-12-24,Unguided-Boat,0,2.4166666666666665,0
South Fork Willapa winter steelhead 2023-24,2023-12-31,Guided-Bank,0,7.383333333333334,0
South Fork Willapa winter steelhead 2023-24,2023-12-31,Guided-Boat,0,7.383333333333334,0
South Fork Willapa winter steelhead 2023-24,2023-12-31,Unguided-Bank,7.383333333333334,7.383333333333334,1
South Fork Willapa winter steelhead 2023-24,2023-12-31,Unguided-Boat,0,7.383333333333334,0
South Fork Willapa winter steelhead 2023-24,2024-01-14,Guided-Bank,0,2.9,0
South Fork Willapa winter steelhead 2023-24,2024-01-14,Guided-Boat,0,2.9,0
South Fork Willapa winter steelhead 2023-24,2024-01-14,Unguided-Bank,2.9,2.9,1
South Fork Willapa winter steelhead 2023-24,2024-01-14,Unguided-Boat,0,2.9,0
South Fork Willapa winter steelhead 2023-24,2024-01-21,Guided-Bank,0,8.466666666666667,0
South Fork Willapa winter steelhead 2023-24,2024-01-21,Guided-Boat,0,8.466666666666667,0
South Fork Willapa winter steelhead 2023-24,2024-01-21,Unguided-Bank,8.466666666666667,8.466666666666667,1
South Fork Willapa winter steelhead 2023-24,2024-01-21,Unguided-Boat,0,8.466666666666667,0
South Fork Willapa winter steelhead 2023-24,2024-01-28,Guided-Bank,0,8.983333333333334,0
South Fork Willapa winter steelhead 2023-24,2024-01-28,Guided-Boat,0,8.983333333333334,0
South Fork Willapa winter steelhead 2023-24,2024-01-28,Unguided-Bank,8.983333333333334,8.983333333333334,1
South Fork Willapa winter steelhead 2023-24,2024-01-28,Unguided-Boat,0,8.983333333333334,0
South Fork Willapa winter steelhead 2023-24,2024-02-04,Guided-Bank,0,3.6166666666666667,0
South Fork Willapa winter steelhead 2023-24,2024-02-04,Guided-Boat,0,3.6166666666666667,0
South Fork Willapa winter steelhead 2023-24,2024-02-04,Unguided-Bank,3.6166666666666667,3.6166666666666667,1
South Fork Willapa winter steelhead 2023-24,2024-02-04,Unguided-Boat,0,3.6166666666666667,0
South Fork Willapa winter steelhead 2023-24,2024-02-11,Guided-Bank,0,3.316666666666667,0
South Fork Willapa winter steelhead 2023-24,2024-02-11,Guided-Boat,0,3.316666666666667,0
South Fork Willapa winter steelhead 2023-24,2024-02-11,Unguided-Bank,3.316666666666667,3.316666666666667,1
South Fork Willapa winter steelhead 2023-24,2024-02-11,Unguided-Boat,0,3.316666666666667,0
South Fork Willapa winter steelhead 2023-24,2024-02-18,Guided-Bank,0,3.9,0
South Fork Willapa winter steelhead 2023-24,2024-02-18,Guided-Boat,0,3.9,0
South Fork Willapa winter steelhead 2023-24,2024-02-18,Unguided-Bank,3.9,3.9,1
South Fork Willapa winter steelhead 2023-24,2024-02-18,Unguided-Boat,0,3.9,0
South Fork Willapa winter steelhead 2023-24,2024-02-25,Guided-Bank,0,5.233333333333333,0
South Fork Willapa winter steelhead 2023-24,2024-02-25,Guided-Boat,0,5.233333333333333,0
South Fork Willapa winter steelhead 2023-24,2024-02-25,Unguided-Bank,5.233333333333333,5.233333333333333,1
South Fork Willapa winter steelhead 2023-24,2024-02-25,Unguided-Boat,0,5.233333333333333,0
Stillaguamish salmon and gamefish 2024-25,2024-10-20,Guided-Bank,0.8166666666666667,0.8166666666666667,1
Stillaguamish salmon and gamefish 2024-25,2024-10-20,Guided-Boat,0,0.8166666666666667,0
Stillaguamish salmon and gamefish 2024-25,2024-10-20,Unguided-Bank,0,0.8166666666666667,0
Stillaguamish salmon and gamefish 2024-25,2024-10-20,Unguided-Boat,0,0.8166666666666667,0
Stillaguamish salmon and gamefish 2025-26,2025-09-21,Guided-Bank,0,587.5,0
Stillaguamish salmon and gamefish 2025-26,2025-09-21,Guided-Boat,0,587.5,0
Stillaguamish salmon and gamefish 2025-26,2025-09-21,Unguided-Bank,555.3666666666667,587.5,0.9453049645390071
Stillaguamish salmon and gamefish 2025-26,2025-09-21,Unguided-Boat,32.13333333333333,587.5,0.054695035460992907
Stillaguamish salmon and gamefish 2025-26,2025-09-28,Guided-Bank,0,670.1333333333333,0
Stillaguamish salmon and gamefish 2025-26,2025-09-28,Guided-Boat,0,670.1333333333333,0
Stillaguamish salmon and gamefish 2025-26,2025-09-28,Unguided-Bank,643.7833333333333,670.1333333333333,0.9606794667727815
Stillaguamish salmon and gamefish 2025-26,2025-09-28,Unguided-Boat,26.35,670.1333333333333,0.039320533227218464
Stillaguamish salmon and gamefish 2025-26,2025-10-05,Guided-Bank,0,573.3,0
Stillaguamish salmon and gamefish 2025-26,2025-10-05,Guided-Boat,0,573.3,0
Stillaguamish salmon and gamefish 2025-26,2025-10-05,Unguided-Bank,543.4,573.3,0.9478458049886622
Stillaguamish salmon and gamefish 2025-26,2025-10-05,Unguided-Boat,29.9,573.3,0.05215419501133787
Stillaguamish salmon and gamefish 2025-26,2025-10-12,Guided-Bank,0,547.4333333333333,0
Stillaguamish salmon and gamefish 2025-26,2025-10-12,Guided-Boat,0,547.4333333333333,0
Stillaguamish salmon and gamefish 2025-26,2025-10-12,Unguided-Bank,540.9166666666666,547.4333333333333,0.9880959629787494
Stillaguamish salmon and gamefish 2025-26,2025-10-12,Unguided-Boat,6.516666666666667,547.4333333333333,0.011904037021250686
Stillaguamish salmon and gamefish 2025-26,2025-10-19,Guided-Bank,0,337.1333333333333,0
Stillaguamish salmon and gamefish 2025-26,2025-10-19,Guided-Boat,0,337.1333333333333,0
Stillaguamish salmon and gamefish 2025-26,2025-10-19,Unguided-Bank,331.5333333333333,337.1333333333333,0.9833893612813921
Stillaguamish salmon and gamefish 2025-26,2025-10-19,Unguided-Boat,5.6,337.1333333333333,0.016610638718607868
Stillaguamish salmon and gamefish 2025-26,2025-10-26,Guided-Bank,0,26.666666666666668,0
Stillaguamish salmon and gamefish 2025-26,2025-10-26,Guided-Boat,0,26.666666666666668,0
Stillaguamish salmon and gamefish 2025-26,2025-10-26,Unguided-Bank,26.666666666666668,26.666666666666668,1
Stillaguamish salmon and gamefish 2025-26,2025-10-26,Unguided-Boat,0,26.666666666666668,0
Upper Chehalis salmon 2023,2023-10-01,Guided-Bank,0,103.93333333333334,0
Upper Chehalis salmon 2023,2023-10-01,Guided-Boat,0,103.93333333333334,0
Upper Chehalis salmon 2023,2023-10-01,Unguided-Bank,3.5166666666666666,103.93333333333334,0.033835792174470816
Upper Chehalis salmon 2023,2023-10-01,Unguided-Boat,100.41666666666667,103.93333333333334,0.9661642078255291
Upper Chehalis salmon 2023,2023-10-08,Guided-Bank,0,244.21666666666667,0
Upper Chehalis salmon 2023,2023-10-08,Guided-Boat,0,244.21666666666667,0
Upper Chehalis salmon 2023,2023-10-08,Unguided-Bank,25.616666666666667,244.21666666666667,0.10489319593257354
Upper Chehalis salmon 2023,2023-10-08,Unguided-Boat,218.6,244.21666666666667,0.8951068040674265
Upper Chehalis salmon 2023,2023-10-15,Guided-Bank,0,430.6166666666667,0
Upper Chehalis salmon 2023,2023-10-15,Guided-Boat,128.93333333333334,430.6166666666667,0.29941556682277354
Upper Chehalis salmon 2023,2023-10-15,Unguided-Bank,11.783333333333333,430.6166666666667,0.027363858033053374
Upper Chehalis salmon 2023,2023-10-15,Unguided-Boat,289.9,430.6166666666667,0.673220575144173
Upper Chehalis salmon 2023,2023-10-22,Guided-Bank,0,495.85,0
Upper Chehalis salmon 2023,2023-10-22,Guided-Boat,276.73333333333335,495.85,0.5580988874323553
Upper Chehalis salmon 2023,2023-10-22,Unguided-Bank,15.066666666666668,495.85,0.03038553325938624
Upper Chehalis salmon 2023,2023-10-22,Unguided-Boat,204.05,495.85,0.41151557930825855
Upper Chehalis salmon 2023,2023-10-29,Guided-Bank,0,595.0666666666667,0
Upper Chehalis salmon 2023,2023-10-29,Guided-Boat,129.63333333333333,595.0666666666667,0.21784673986107997
Upper Chehalis salmon 2023,2023-10-29,Unguided-Bank,34.63333333333333,595.0666666666667,0.058200761819403986
Upper Chehalis salmon 2023,2023-10-29,Unguided-Boat,430.8,595.0666666666667,0.723952498319516
Upper Chehalis salmon 2023,2023-11-05,Guided-Bank,0,101.78333333333333,0
Upper Chehalis salmon 2023,2023-11-05,Guided-Boat,0,101.78333333333333,0
Upper Chehalis salmon 2023,2023-11-05,Unguided-Bank,7.516666666666667,101.78333333333333,0.07384968069428524
Upper Chehalis salmon 2023,2023-11-05,Unguided-Boat,94.26666666666667,101.78333333333333,0.9261503193057148
Upper Chehalis salmon 2023,2023-11-12,Guided-Bank,0,311.56666666666666,0
Upper Chehalis salmon 2023,2023-11-12,Guided-Boat,75.43333333333334,311.56666666666666,0.24210976783994867
Upper Chehalis salmon 2023,2023-11-12,Unguided-Bank,12.8,311.56666666666666,0.04108270033165722
Upper Chehalis salmon 2023,2023-11-12,Unguided-Boat,223.33333333333331,311.56666666666666,0.7168075318283941
Upper Chehalis salmon 2023,2023-11-19,Guided-Bank,0,243.03333333333333,0
Upper Chehalis salmon 2023,2023-11-19,Guided-Boat,74.45,243.03333333333333,0.30633657934439723
Upper Chehalis salmon 2023,2023-11-19,Unguided-Bank,4.066666666666666,243.03333333333333,0.016732958441914688
Upper Chehalis salmon 2023,2023-11-19,Unguided-Boat,164.51666666666665,243.03333333333333,0.676930462213688
Upper Chehalis salmon 2023,2023-11-26,Guided-Bank,0,240.53333333333333,0
Upper Chehalis salmon 2023,2023-11-26,Guided-Boat,121.31666666666666,240.53333333333333,0.5043652993348116
Upper Chehalis salmon 2023,2023-11-26,Unguided-Bank,1.3333333333333333,240.53333333333333,0.005543237250554323
Upper Chehalis salmon 2023,2023-11-26,Unguided-Boat,117.88333333333334,240.53333333333333,0.49009146341463417
Willapa winter steelhead 2022,2022-01-02,Guided-Bank,0,80.41666666666667,0
Willapa winter steelhead 2022,2022-01-02,Guided-Boat,0,80.41666666666667,0
Willapa winter steelhead 2022,2022-01-02,Unguided-Bank,80.41666666666667,80.41666666666667,1
Willapa winter steelhead 2022,2022-01-02,Unguided-Boat,0,80.41666666666667,0
Willapa winter steelhead 2022,2022-01-09,Guided-Bank,0,94.45,0
Willapa winter steelhead 2022,2022-01-09,Guided-Boat,0,94.45,0
Willapa winter steelhead 2022,2022-01-09,Unguided-Bank,94.45,94.45,1
Willapa winter steelhead 2022,2022-01-09,Unguided-Boat,0,94.45,0
Willapa winter steelhead 2022,2022-01-16,Guided-Bank,0,369.3833333333333,0
Willapa winter steelhead 2022,2022-01-16,Guided-Boat,0,369.3833333333333,0
Willapa winter steelhead 2022,2022-01-16,Unguided-Bank,369.3833333333333,369.3833333333333,1
Willapa winter steelhead 2022,2022-01-16,Unguided-Boat,0,369.3833333333333,0
Willapa winter steelhead 2022,2022-01-23,Guided-Bank,0,160.95,0
Willapa winter steelhead 2022,2022-01-23,Guided-Boat,0,160.95,0
Willapa winter steelhead 2022,2022-01-23,Unguided-Bank,160.95,160.95,1
Willapa winter steelhead 2022,2022-01-23,Unguided-Boat,0,160.95,0
Willapa winter steelhead 2022,2022-01-30,Guided-Bank,0,254.88333333333333,0
Willapa winter steelhead 2022,2022-01-30,Guided-Boat,0,254.88333333333333,0
Willapa winter steelhead 2022,2022-01-30,Unguided-Bank,242.95,254.88333333333333,0.9531811940103315
Willapa winter steelhead 2022,2022-01-30,Unguided-Boat,11.933333333333334,254.88333333333333,0.04681880598966848
Willapa winter steelhead 2022,2022-02-06,Guided-Bank,31.833333333333332,263.4166666666667,0.1208478329642518
Willapa winter steelhead 2022,2022-02-06,Guided-Boat,0,263.4166666666667,0
Willapa winter steelhead 2022,2022-02-06,Unguided-Bank,215.08333333333334,263.4166666666667,0.8165137614678899
Willapa winter steelhead 2022,2022-02-06,Unguided-Boat,16.5,263.4166666666667,0.06263840556785827
Willapa winter steelhead 2022,2022-02-13,Guided-Bank,0,115.26666666666667,0
Willapa winter steelhead 2022,2022-02-13,Guided-Boat,0,115.26666666666667,0
Willapa winter steelhead 2022,2022-02-13,Unguided-Bank,115.26666666666667,115.26666666666667,1
Willapa winter steelhead 2022,2022-02-13,Unguided-Boat,0,115.26666666666667,0
Willapa winter steelhead 2022,2022-02-20,Guided-Bank,0,64.9,0
Willapa winter steelhead 2022,2022-02-20,Guided-Boat,0,64.9,0
Willapa winter steelhead 2022,2022-02-20,Unguided-Bank,64.9,64.9,1
Willapa winter steelhead 2022,2022-02-20,Unguided-Boat,0,64.9,0
Willapa winter steelhead 2022,2022-02-27,Guided-Bank,0,16.416666666666668,0
Willapa winter steelhead 2022,2022-02-27,Guided-Boat,0,16.416666666666668,0
Willapa winter steelhead 2022,2022-02-27,Unguided-Bank,16.416666666666668,16.416666666666668,1
Willapa winter steelhead 2022,2022-02-27,Unguided-Boat,0,16.416666666666668,0
Willapa winter steelhead 2022-23,2022-12-18,Guided-Bank,0,113.43333333333334,0
Willapa winter steelhead 2022-23,2022-12-18,Guided-Boat,0,113.43333333333334,0
Willapa winter steelhead 2022-23,2022-12-18,Unguided-Bank,113.43333333333334,113.43333333333334,1
Willapa winter steelhead 2022-23,2022-12-18,Unguided-Boat,0,113.43333333333334,0
Willapa winter steelhead 2022-23,2022-12-25,Guided-Bank,0,85.88333333333334,0
Willapa winter steelhead 2022-23,2022-12-25,Guided-Boat,0,85.88333333333334,0
Willapa winter steelhead 2022-23,2022-12-25,Unguided-Bank,85.88333333333334,85.88333333333334,1
Willapa winter steelhead 2022-23,2022-12-25,Unguided-Boat,0,85.88333333333334,0
Willapa winter steelhead 2022-23,2023-01-01,Guided-Bank,0,177.15,0
Willapa winter steelhead 2022-23,2023-01-01,Guided-Boat,0,177.15,0
Willapa winter steelhead 2022-23,2023-01-01,Unguided-Bank,177.15,177.15,1
Willapa winter steelhead 2022-23,2023-01-01,Unguided-Boat,0,177.15,0
Willapa winter steelhead 2022-23,2023-01-08,Guided-Bank,0,170,0
Willapa winter steelhead 2022-23,2023-01-08,Guided-Boat,0,170,0
Willapa winter steelhead 2022-23,2023-01-08,Unguided-Bank,170,170,1
Willapa winter steelhead 2022-23,2023-01-08,Unguided-Boat,0,170,0
Willapa winter steelhead 2022-23,2023-01-15,Guided-Bank,0,153.55,0
Willapa winter steelhead 2022-23,2023-01-15,Guided-Boat,0,153.55,0
Willapa winter steelhead 2022-23,2023-01-15,Unguided-Bank,153.55,153.55,1
Willapa winter steelhead 2022-23,2023-01-15,Unguided-Boat,0,153.55,0
Willapa winter steelhead 2022-23,2023-01-22,Guided-Bank,0,195.36666666666667,0
Willapa winter steelhead 2022-23,2023-01-22,Guided-Boat,0,195.36666666666667,0
Willapa winter steelhead 2022-23,2023-01-22,Unguided-Bank,181.03333333333333,195.36666666666667,0.9266336802593413
Willapa winter steelhead 2022-23,2023-01-22,Unguided-Boat,14.333333333333334,195.36666666666667,0.07336631974065859
Willapa winter steelhead 2022-23,2023-01-29,Guided-Bank,0,115.3,0
Willapa winter steelhead 2022-23,2023-01-29,Guided-Boat,0,115.3,0
Willapa winter steelhead 2022-23,2023-01-29,Unguided-Bank,115.3,115.3,1
Willapa winter steelhead 2022-23,2023-01-29,Unguided-Boat,0,115.3,0
Willapa winter steelhead 2022-23,2023-02-05,Guided-Bank,0,183.81666666666666,0
Willapa winter steelhead 2022-23,2023-02-05,Guided-Boat,0,183.81666666666666,0
Willapa winter steelhead 2022-23,2023-02-05,Unguided-Bank,183.81666666666666,183.81666666666666,1
Willapa winter steelhead 2022-23,2023-02-05,Unguided-Boat,0,183.81666666666666,0
Willapa winter steelhead 2022-23,2023-02-12,Guided-Bank,0,86.06666666666666,0
Willapa winter steelhead 2022-23,2023-02-12,Guided-Boat,0,86.06666666666666,0
Willapa winter steelhead 2022-23,2023-02-12,Unguided-Bank,86.06666666666666,86.06666666666666,1
Willapa winter steelhead 2022-23,2023-02-12,Unguided-Boat,0,86.06666666666666,0
Willapa winter steelhead 2022-23,2023-02-19,Guided-Bank,0,22.8,0
Willapa winter steelhead 2022-23,2023-02-19,Guided-Boat,0,22.8,0
Willapa winter steelhead 2022-23,2023-02-19,Unguided-Bank,22.8,22.8,1
Willapa winter steelhead 2022-23,2023-02-19,Unguided-Boat,0,22.8,0
Willapa winter steelhead 2022-23,2023-02-26,Guided-Bank,0,56.36666666666667,0
Willapa winter steelhead 2022-23,2023-02-26,Guided-Boat,0,56.36666666666667,0
Willapa winter steelhead 2022-23,2023-02-26,Unguided-Bank,56.36666666666667,56.36666666666667,1
Willapa winter steelhead 2022-23,2023-02-26,Unguided-Boat,0,56.36666666666667,0
Willapa winter steelhead 2022-23,2023-03-05,Guided-Bank,0,111.91666666666666,0
Willapa winter steelhead 2022-23,2023-03-05,Guided-Boat,0,111.91666666666666,0
Willapa winter steelhead 2022-23,2023-03-05,Unguided-Bank,100.85,111.91666666666666,0.9011169024571855
Willapa winter steelhead 2022-23,2023-03-05,Unguided-Boat,11.066666666666666,111.91666666666666,0.0988830975428146
Willapa winter steelhead 2022-23,2023-03-12,Guided-Bank,0,70.88333333333334,0
Willapa winter steelhead 2022-23,2023-03-12,Guided-Boat,0,70.88333333333334,0
Willapa winter steelhead 2022-23,2023-03-12,Unguided-Bank,70.88333333333334,70.88333333333334,1
Willapa winter steelhead 2022-23,2023-03-12,Unguided-Boat,0,70.88333333333334,0
Willapa winter steelhead 2022-23,2023-03-19,Guided-Bank,0,91.8,0
Willapa winter steelhead 2022-23,2023-03-19,Guided-Boat,0,91.8,0
Willapa winter steelhead 2022-23,2023-03-19,Unguided-Bank,91.8,91.8,1
Willapa winter steelhead 2022-23,2023-03-19,Unguided-Boat,0,91.8,0
Willapa winter steelhead 2022-23,2023-03-26,Guided-Bank,0,96.58333333333333,0
Willapa winter steelhead 2022-23,2023-03-26,Guided-Boat,0,96.58333333333333,0
Willapa winter steelhead 2022-23,2023-03-26,Unguided-Bank,96.58333333333333,96.58333333333333,1
Willapa winter steelhead 2022-23,2023-03-26,Unguided-Boat,0,96.58333333333333,0
Willapa winter steelhead 2023-24,2023-11-26,Guided-Bank,0,31.066666666666666,0
Willapa winter steelhead 2023-24,2023-11-26,Guided-Boat,0,31.066666666666666,0
Willapa winter steelhead 2023-24,2023-11-26,Unguided-Bank,31.066666666666666,31.066666666666666,1
Willapa winter steelhead 2023-24,2023-11-26,Unguided-Boat,0,31.066666666666666,0
Willapa winter steelhead 2023-24,2023-12-03,Guided-Bank,0,116.9,0
Willapa winter steelhead 2023-24,2023-12-03,Guided-Boat,0,116.9,0
Willapa winter steelhead 2023-24,2023-12-03,Unguided-Bank,116.9,116.9,1
Willapa winter steelhead 2023-24,2023-12-03,Unguided-Boat,0,116.9,0
Willapa winter steelhead 2023-24,2023-12-10,Guided-Bank,0,306.05,0
Willapa winter steelhead 2023-24,2023-12-10,Guided-Boat,0,306.05,0
Willapa winter steelhead 2023-24,2023-12-10,Unguided-Bank,271.6,306.05,0.8874366933507597
Willapa winter steelhead 2023-24,2023-12-10,Unguided-Boat,34.45,306.05,0.11256330664924033
Willapa winter steelhead 2023-24,2023-12-17,Guided-Bank,0,522.6666666666666,0
Willapa winter steelhead 2023-24,2023-12-17,Guided-Boat,0,522.6666666666666,0
Willapa winter steelhead 2023-24,2023-12-17,Unguided-Bank,507.3,522.6666666666666,0.9705994897959185
Willapa winter steelhead 2023-24,2023-12-17,Unguided-Boat,15.366666666666667,522.6666666666666,0.029400510204081635
Willapa winter steelhead 2023-24,2023-12-24,Guided-Bank,0,359.3333333333333,0
Willapa winter steelhead 2023-24,2023-12-24,Guided-Boat,0,359.3333333333333,0
Willapa winter steelhead 2023-24,2023-12-24,Unguided-Bank,292.31666666666666,359.3333333333333,0.8134972170686456
Willapa winter steelhead 2023-24,2023-12-24,Unguided-Boat,67.01666666666667,359.3333333333333,0.18650278293135436
Willapa winter steelhead 2023-24,2023-12-31,Guided-Bank,0,132.85,0
Willapa winter steelhead 2023-24,2023-12-31,Guided-Boat,0,132.85,0
Willapa winter steelhead 2023-24,2023-12-31,Unguided-Bank,117.08333333333333,132.85,0.8813197842177894
Willapa winter steelhead 2023-24,2023-12-31,Unguided-Boat,15.766666666666667,132.85,0.11868021578221052
Willapa winter steelhead 2023-24,2024-01-07,Guided-Bank,0,7.833333333333333,0
Willapa winter steelhead 2023-24,2024-01-07,Guided-Boat,0,7.833333333333333,0
Willapa winter steelhead 2023-24,2024-01-07,Unguided-Bank,7.833333333333333,7.833333333333333,1
Willapa winter steelhead 2023-24,2024-01-07,Unguided-Boat,0,7.833333333333333,0
Willapa winter steelhead 2023-24,2024-01-14,Guided-Bank,0,301.43333333333334,0
Willapa winter steelhead 2023-24,2024-01-14,Guided-Boat,0,301.43333333333334,0
Willapa winter steelhead 2023-24,2024-01-14,Unguided-Bank,301.43333333333334,301.43333333333334,1
Willapa winter steelhead 2023-24,2024-01-14,Unguided-Boat,0,301.43333333333334,0
Willapa winter steelhead 2023-24,2024-01-21,Guided-Bank,0,67.86666666666666,0
Willapa winter steelhead 2023-24,2024-01-21,Guided-Boat,0,67.86666666666666,0
Willapa winter steelhead 2023-24,2024-01-21,Unguided-Bank,67.86666666666666,67.86666666666666,1
Willapa winter steelhead 2023-24,2024-01-21,Unguided-Boat,0,67.86666666666666,0
Willapa winter steelhead 2023-24,2024-01-28,Guided-Bank,0,66.38333333333333,0
Willapa winter steelhead 2023-24,2024-01-28,Guided-Boat,0,66.38333333333333,0
Willapa winter steelhead 2023-24,2024-01-28,Unguided-Bank,66.38333333333333,66.38333333333333,1
Willapa winter steelhead 2023-24,2024-01-28,Unguided-Boat,0,66.38333333333333,0
Willapa winter steelhead 2023-24,2024-02-04,Guided-Bank,0,102.13333333333334,0
Willapa winter steelhead 2023-24,2024-02-04,Guided-Boat,0,102.13333333333334,0
Willapa winter steelhead 2023-24,2024-02-04,Unguided-Bank,85.11666666666667,102.13333333333334,0.83338772845953
Willapa winter steelhead 2023-24,2024-02-04,Unguided-Boat,17.016666666666666,102.13333333333334,0.16661227154046995
Willapa winter steelhead 2023-24,2024-02-11,Guided-Bank,0,104.3,0
Willapa winter steelhead 2023-24,2024-02-11,Guided-Boat,0,104.3,0
Willapa winter steelhead 2023-24,2024-02-11,Unguided-Bank,104.3,104.3,1
Willapa winter steelhead 2023-24,2024-02-11,Unguided-Boat,0,104.3,0
Willapa winter steelhead 2023-24,2024-02-18,Guided-Bank,0,74.55000000000001,0
Willapa winter steelhead 2023-24,2024-02-18,Guided-Boat,0,74.55000000000001,0
Willapa winter steelhead 2023-24,2024-02-18,Unguided-Bank,46.45,74.55000000000001,0.6230717639168343
Willapa winter steelhead 2023-24,2024-02-18,Unguided-Boat,28.1,74.55000000000001,0.3769282360831656
Willapa winter steelhead 2023-24,2024-02-25,Guided-Bank,0,43.333333333333336,0
Willapa winter steelhead 2023-24,2024-02-25,Guided-Boat,0,43.333333333333336,0
Willapa winter steelhead 2023-24,2024-02-25,Unguided-Bank,43.333333333333336,43.333333333333336,1
Willapa winter steelhead 2023-24,2024-02-25,Unguided-Boat,0,43.333333333333336,0
Willapa winter steelhead 2023-24,2024-03-03,Guided-Bank,0,146.41666666666666,0
Willapa winter steelhead 2023-24,2024-03-03,Guided-Boat,0,146.41666666666666,0
Willapa winter steelhead 2023-24,2024-03-03,Unguided-Bank,109.58333333333333,146.41666666666666,0.7484348321001708
Willapa winter steelhead 2023-24,2024-03-03,Unguided-Boat,36.83333333333333,146.41666666666666,0.25156516789982925
Willapa winter steelhead 2023-24,2024-03-10,Guided-Bank,6.433333333333334,112.25,0.05731254639940609
Willapa winter steelhead 2023-24,2024-03-10,Guided-Boat,0,112.25,0
Willapa winter steelhead 2023-24,2024-03-10,Unguided-Bank,79.18333333333334,112.25,0.705419450631032
Willapa winter steelhead 2023-24,2024-03-10,Unguided-Boat,26.633333333333333,112.25,0.237268002969562
Willapa winter steelhead 2023-24,2024-03-17,Guided-Bank,0,93.18333333333334,0
Willapa winter steelhead 2023-24,2024-03-17,Guided-Boat,0,93.18333333333334,0
Willapa winter steelhead 2023-24,2024-03-17,Unguided-Bank,47.86666666666667,93.18333333333334,0.5136827043462707
Willapa winter steelhead 2023-24,2024-03-17,Unguided-Boat,45.31666666666667,93.18333333333334,0.4863172956537292
Willapa winter steelhead 2023-24,2024-03-24,Guided-Bank,0,74.93333333333334,0
Willapa winter steelhead 2023-24,2024-03-24,Guided-Boat,0,74.93333333333334,0
Willapa winter steelhead 2023-24,2024-03-24,Unguided-Bank,74.93333333333334,74.93333333333334,1
Willapa winter steelhead 2023-24,2024-03-24,Unguided-Boat,0,74.93333333333334,0
Willapa winter steelhead 2023-24,2024-03-31,Guided-Bank,0,28.650000000000002,0
Willapa winter steelhead 2023-24,2024-03-31,Guided-Boat,0,28.650000000000002,0
Willapa winter steelhead 2023-24,2024-03-31,Unguided-Bank,28.650000000000002,28.650000000000002,1
Willapa winter steelhead 2023-24,2024-03-31,Unguided-Boat,0,28.650000000000002,0
Wynoochee winter steelhead 2024-25,2024-12-01,Guided-Bank,0,238.65,0
Wynoochee winter steelhead 2024-25,2024-12-01,Guided-Boat,0,238.65,0
Wynoochee winter steelhead 2024-25,2024-12-01,Unguided-Bank,29.28333333333333,238.65,0.12270409944828549
Wynoochee winter steelhead 2024-25,2024-12-01,Unguided-Boat,209.36666666666667,238.65,0.8772959005517145
Wynoochee winter steelhead 2024-25,2024-12-08,Guided-Bank,0,432.6666666666667,0
Wynoochee winter steelhead 2024-25,2024-12-08,Guided-Boat,32.85,432.6666666666667,0.07592449922958397
Wynoochee winter steelhead 2024-25,2024-12-08,Unguided-Bank,104.26666666666667,432.6666666666667,0.24098613251155623
Wynoochee winter steelhead 2024-25,2024-12-08,Unguided-Boat,295.55,432.6666666666667,0.6830893682588598
Wynoochee winter steelhead 2024-25,2024-12-15,Guided-Bank,0,237.95,0
Wynoochee winter steelhead 2024-25,2024-12-15,Guided-Boat,0,237.95,0
Wynoochee winter steelhead 2024-25,2024-12-15,Unguided-Bank,98.63333333333334,237.95,0.4145128528402326
Wynoochee winter steelhead 2024-25,2024-12-15,Unguided-Boat,139.31666666666666,237.95,0.5854871471597675
Wynoochee winter steelhead 2024-25,2024-12-22,Guided-Bank,0,26.35,0
Wynoochee winter steelhead 2024-25,2024-12-22,Guided-Boat,0,26.35,0
Wynoochee winter steelhead 2024-25,2024-12-22,Unguided-Bank,26.35,26.35,1
Wynoochee winter steelhead 2024-25,2024-12-22,Unguided-Boat,0,26.35,0
Wynoochee winter steelhead 2024-25,2024-12-29,Guided-Bank,0,431.09999999999997,0
Wynoochee winter steelhead 2024-25,2024-12-29,Guided-Boat,152.35,431.09999999999997,0.35339828346091395
Wynoochee winter steelhead 2024-25,2024-12-29,Unguided-Bank,82.26666666666667,431.09999999999997,0.1908296605582618
Wynoochee winter steelhead 2024-25,2024-12-29,Unguided-Boat,196.48333333333332,431.09999999999997,0.45577205598082426
Wynoochee winter steelhead 2024-25,2025-01-05,Guided-Bank,26.45,1121,0.0235950044603033
Wynoochee winter steelhead 2024-25,2025-01-05,Guided-Boat,131.21666666666667,1121,0.11705322628605412
Wynoochee winter steelhead 2024-25,2025-01-05,Unguided-Bank,122.41666666666667,1121,0.1092030924769551
Wynoochee winter steelhead 2024-25,2025-01-05,Unguided-Boat,840.9166666666666,1121,0.7501486767766874
Wynoochee winter steelhead 2024-25,2025-01-12,Guided-Bank,0,703.8833333333333,0
Wynoochee winter steelhead 2024-25,2025-01-12,Guided-Boat,110.11666666666666,703.8833333333333,0.1564416451589989
Wynoochee winter steelhead 2024-25,2025-01-12,Unguided-Bank,203.71666666666667,703.8833333333333,0.2894182274524661
Wynoochee winter steelhead 2024-25,2025-01-12,Unguided-Boat,390.05,703.8833333333333,0.554140127388535
Wynoochee winter steelhead 2024-25,2025-01-19,Guided-Bank,0,573.9,0
Wynoochee winter steelhead 2024-25,2025-01-19,Guided-Boat,122.63333333333333,573.9,0.21368414938723354
Wynoochee winter steelhead 2024-25,2025-01-19,Unguided-Bank,89.1,573.9,0.15525352848928384
Wynoochee winter steelhead 2024-25,2025-01-19,Unguided-Boat,362.1666666666667,573.9,0.6310623221234827
Wynoochee winter steelhead 2024-25,2025-01-26,Guided-Bank,0,439.7,0
Wynoochee winter steelhead 2024-25,2025-01-26,Guided-Boat,135.38333333333333,439.7,0.3078993252975514
Wynoochee winter steelhead 2024-25,2025-01-26,Unguided-Bank,98.76666666666667,439.7,0.22462284891213707
Wynoochee winter steelhead 2024-25,2025-01-26,Unguided-Boat,205.55,439.7,0.4674778257903116
Wynoochee winter steelhead 2024-25,2025-02-02,Guided-Bank,0,846,0
Wynoochee winter steelhead 2024-25,2025-02-02,Guided-Boat,272.31666666666666,846,0.32188731284475963
Wynoochee winter steelhead 2024-25,2025-02-02,Unguided-Bank,177.08333333333334,846,0.2093183609141056
Wynoochee winter steelhead 2024-25,2025-02-02,Unguided-Boat,396.6,846,0.46879432624113476
Wynoochee winter steelhead 2024-25,2025-02-09,Guided-Bank,0,301.71666666666664,0
Wynoochee winter steelhead 2024-25,2025-02-09,Guided-Boat,43.36666666666667,301.71666666666664,0.1437330829144341
Wynoochee winter steelhead 2024-25,2025-02-09,Unguided-Bank,107.14999999999999,301.71666666666664,0.35513450809258135
Wynoochee winter steelhead 2024-25,2025-02-09,Unguided-Boat,151.2,301.71666666666664,0.5011324089929846
Wynoochee winter steelhead 2024-25,2025-02-16,Guided-Bank,0,453.0666666666667,0
Wynoochee winter steelhead 2024-25,2025-02-16,Guided-Boat,92.65,453.0666666666667,0.20449529134785166
Wynoochee winter steelhead 2024-25,2025-02-16,Unguided-Bank,134.55,453.0666666666667,0.2969761624484991
Wynoochee winter steelhead 2024-25,2025-02-16,Unguided-Boat,225.86666666666667,453.0666666666667,0.49852854620364917
Wynoochee winter steelhead 2024-25,2025-02-23,Guided-Bank,0,79.61666666666667,0
Wynoochee winter steelhead 2024-25,2025-02-23,Guided-Boat,0,79.61666666666667,0
Wynoochee winter steelhead 2024-25,2025-02-23,Unguided-Bank,66.93333333333334,79.61666666666667,0.8406949968599539
Wynoochee winter steelhead 2024-25,2025-02-23,Unguided-Boat,12.683333333333334,79.61666666666667,0.15930500314004603
Wynoochee winter steelhead 2025-26,2025-11-30,Guided-Bank,0,113.98333333333335,0
Wynoochee winter steelhead 2025-26,2025-11-30,Guided-Boat,0,113.98333333333335,0
Wynoochee winter steelhead 2025-26,2025-11-30,Unguided-Bank,20.65,113.98333333333335,0.18116683725690888
Wynoochee winter steelhead 2025-26,2025-11-30,Unguided-Boat,93.33333333333334,113.98333333333335,0.818833162743091
Wynoochee winter steelhead 2025-26,2025-12-07,Guided-Bank,0,34.95,0
Wynoochee winter steelhead 2025-26,2025-12-07,Guided-Boat,0,34.95,0
Wynoochee winter steelhead 2025-26,2025-12-07,Unguided-Bank,8.033333333333333,34.95,0.22985216976633283
Wynoochee winter steelhead 2025-26,2025-12-07,Unguided-Boat,26.916666666666668,34.95,0.7701478302336671
Wynoochee winter steelhead 2025-26,2025-12-14,Guided-Bank,0,28.833333333333332,0
Wynoochee winter steelhead 2025-26,2025-12-14,Guided-Boat,0,28.833333333333332,0
Wynoochee winter steelhead 2025-26,2025-12-14,Unguided-Bank,28.833333333333332,28.833333333333332,1
Wynoochee winter steelhead 2025-26,2025-12-14,Unguided-Boat,0,28.833333333333332,0
Wynoochee winter steelhead 2025-26,2025-12-21,Guided-Bank,0,422.15000000000003,0
Wynoochee winter steelhead 2025-26,2025-12-21,Guided-Boat,41.55,422.15000000000003,0.09842473054601443
Wynoochee winter steelhead 2025-26,2025-12-21,Unguided-Bank,158.48333333333335,422.15000000000003,0.3754194796478345
Wynoochee winter steelhead 2025-26,2025-12-21,Unguided-Boat,222.11666666666667,422.15000000000003,0.5261557898061511
Wynoochee winter steelhead 2025-26,2025-12-28,Guided-Bank,0,605.0666666666667,0
Wynoochee winter steelhead 2025-26,2025-12-28,Guided-Boat,56.233333333333334,605.0666666666667,0.09293741736447773
Wynoochee winter steelhead 2025-26,2025-12-28,Unguided-Bank,122.53333333333333,605.0666666666667,0.2025121198765976
Wynoochee winter steelhead 2025-26,2025-12-28,Unguided-Boat,426.3,605.0666666666667,0.7045504627589246
Wynoochee winter steelhead 2025-26,2026-01-04,Guided-Bank,0,556.95,0
Wynoochee winter steelhead 2025-26,2026-01-04,Guided-Boat,78.7,556.95,0.14130532363766946
Wynoochee winter steelhead 2025-26,2026-01-04,Unguided-Bank,124.51666666666667,556.95,0.22356884220606277
Wynoochee winter steelhead 2025-26,2026-01-04,Unguided-Boat,353.73333333333335,556.95,0.6351258341562678
Wynoochee winter steelhead 2025-26,2026-01-11,Guided-Bank,0,841.0666666666666,0
Wynoochee winter steelhead 2025-26,2026-01-11,Guided-Boat,262.9166666666667,841.0666666666666,0.312599080532657
Wynoochee winter steelhead 2025-26,2026-01-11,Unguided-Bank,215.43333333333334,841.0666666666666,0.25614299302473054
Wynoochee winter steelhead 2025-26,2026-01-11,Unguided-Boat,362.71666666666664,841.0666666666666,0.43125792644261257
Wynoochee winter steelhead 2025-26,2026-01-18,Guided-Bank,0,685.6,0
Wynoochee winter steelhead 2025-26,2026-01-18,Guided-Boat,345.31666666666666,685.6,0.503670750680669
Wynoochee winter steelhead 2025-26,2026-01-18,Unguided-Bank,142.05,685.6,0.20719078179696618
Wynoochee winter steelhead 2025-26,2026-01-18,Unguided-Boat,198.23333333333335,685.6,0.28913846752236483
Wynoochee winter steelhead 2025-26,2026-01-25,Guided-Bank,0,211.65,0
Wynoochee winter steelhead 2025-26,2026-01-25,Guided-Boat,75.83333333333334,211.65,0.3582959288132924
Wynoochee winter steelhead 2025-26,2026-01-25,Unguided-Bank,82.38333333333333,211.65,0.3892432474998031
Wynoochee winter steelhead 2025-26,2026-01-25,Unguided-Boat,53.43333333333333,211.65,0.2524608236869045
Wynoochee winter steelhead 2025-26,2026-02-01,Guided-Bank,0,730.7,0
Wynoochee winter steelhead 2025-26,2026-02-01,Guided-Boat,143.03333333333333,730.7,0.19574836914374344
Wynoochee winter steelhead 2025-26,2026-02-01,Unguided-Bank,231.3,730.7,0.3165457780210757
Wynoochee winter steelhead 2025-26,2026-02-01,Unguided-Boat,356.3666666666667,730.7,0.48770585283518086
Wynoochee winter steelhead 2025-26,2026-02-08,Guided-Bank,27.150000000000002,656.65,0.04134622706160055
Wynoochee winter steelhead 2025-26,2026-02-08,Guided-Boat,217.43333333333334,656.65,0.3311251554607985
Wynoochee winter steelhead 2025-26,2026-02-08,Unguided-Bank,108.23333333333333,656.65,0.16482651843955431
Wynoochee winter steelhead 2025-26,2026-02-08,Unguided-Boat,303.8333333333333,656.65,0.46270209903804665
Wynoochee winter steelhead 2025-26,2026-02-15,Guided-Bank,0,247.68333333333334,0
Wynoochee winter steelhead 2025-26,2026-02-15,Guided-Boat,53.65,247.68333333333334,0.21660722696992127
Wynoochee winter steelhead 2025-26,2026-02-15,Unguided-Bank,43.233333333333334,247.68333333333334,0.174550837763273
Wynoochee winter steelhead 2025-26,2026-02-15,Unguided-Boat,150.8,247.68333333333334,0.6088419352668057
