fishery_name,month,combined_type,hours,total_hours,prop
Baker summer sockeye 2022,2022-07-01,Guided-Bank,0,4812.75,0
Baker summer sockeye 2022,2022-07-01,Guided-Boat,162.05,4812.75,0.03367097813100618
Baker summer sockeye 2022,2022-07-01,Unguided-Bank,11.166666666666668,4812.75,0.0023202257891364953
Baker summer sockeye 2022,2022-07-01,Unguided-Boat,4639.533333333334,4812.75,0.9640087960798575
Baker summer sockeye 2022,2022-08-01,Guided-Bank,0,2386.383333333333,0
Baker summer sockeye 2022,2022-08-01,Guided-Boat,82.68333333333334,2386.383333333333,0.03464796798502616
Baker summer sockeye 2022,2022-08-01,Unguided-Bank,18.566666666666666,2386.383333333333,0.0077802532423541905
Baker summer sockeye 2022,2022-08-01,Unguided-Boat,2285.133333333333,2386.383333333333,0.9575717787726197
Baker summer sockeye 2023,2023-07-01,Guided-Bank,0,4250.166666666667,0
Baker summer sockeye 2023,2023-07-01,Guided-Boat,100.25,4250.166666666667,0.0235873103015568
Baker summer sockeye 2023,2023-07-01,Unguided-Bank,87.51666666666667,4250.166666666667,0.02059134935884867
Baker summer sockeye 2023,2023-07-01,Unguided-Boat,4062.4,4250.166666666667,0.9558213403395944
Baker summer sockeye 2023,2023-08-01,Guided-Bank,0,1661.4666666666667,0
Baker summer sockeye 2023,2023-08-01,Guided-Boat,106.73333333333333,1661.4666666666667,0.06424043014204317
Baker summer sockeye 2023,2023-08-01,Unguided-Bank,17.166666666666668,1661.4666666666667,0.010332236578123747
Baker summer sockeye 2023,2023-08-01,Unguided-Boat,1537.5666666666666,1661.4666666666667,0.9254273332798331
Cascade fall salmon 2021,2021-09-01,Guided-Bank,0,47.583333333333336,0
Cascade fall salmon 2021,2021-09-01,Guided-Boat,0,47.583333333333336,0
Cascade fall salmon 2021,2021-09-01,Unguided-Bank,47.583333333333336,47.583333333333336,1
Cascade fall salmon 2021,2021-09-01,Unguided-Boat,0,47.583333333333336,0
Cascade fall salmon 2021,2021-10-01,Guided-Bank,0,334.46666666666664,0
Cascade fall salmon 2021,2021-10-01,Guided-Boat,0,334.46666666666664,0
Cascade fall salmon 2021,2021-10-01,Unguided-Bank,334.46666666666664,334.46666666666664,1
Cascade fall salmon 2021,2021-10-01,Unguided-Boat,0,334.46666666666664,0
Cascade fall salmon 2021,2021-11-01,Guided-Bank,0,113.73333333333333,0
Cascade fall salmon 2021,2021-11-01,Guided-Boat,0,113.73333333333333,0
Cascade fall salmon 2021,2021-11-01,Unguided-Bank,113.73333333333333,113.73333333333333,1
Cascade fall salmon 2021,2021-11-01,Unguided-Boat,0,113.73333333333333,0
Cascade fall salmon 2022,2022-09-01,Guided-Bank,0,131.46666666666667,0
Cascade fall salmon 2022,2022-09-01,Guided-Boat,0,131.46666666666667,0
Cascade fall salmon 2022,2022-09-01,Unguided-Bank,131.46666666666667,131.46666666666667,1
Cascade fall salmon 2022,2022-09-01,Unguided-Boat,0,131.46666666666667,0
Cascade fall salmon 2022,2022-10-01,Guided-Bank,0,751.1166666666667,0
Cascade fall salmon 2022,2022-10-01,Guided-Boat,0,751.1166666666667,0
Cascade fall salmon 2022,2022-10-01,Unguided-Bank,751.1166666666667,751.1166666666667,1
Cascade fall salmon 2022,2022-10-01,Unguided-Boat,0,751.1166666666667,0
Cascade fall salmon 2022,2022-11-01,Guided-Bank,0,287.15,0
Cascade fall salmon 2022,2022-11-01,Guided-Boat,0,287.15,0
Cascade fall salmon 2022,2022-11-01,Unguided-Bank,287.15,287.15,1
Cascade fall salmon 2022,2022-11-01,Unguided-Boat,0,287.15,0
Cascade fall salmon 2023,2023-09-01,Guided-Bank,0,379.3666666666667,0
Cascade fall salmon 2023,2023-09-01,Guided-Boat,0,379.3666666666667,0
Cascade fall salmon 2023,2023-09-01,Unguided-Bank,379.3666666666667,379.3666666666667,1
Cascade fall salmon 2023,2023-09-01,Unguided-Boat,0,379.3666666666667,0
Cascade fall salmon 2023,2023-10-01,Guided-Bank,5.683333333333334,1158.3666666666668,0.004906333630686886
Cascade fall salmon 2023,2023-10-01,Guided-Boat,0,1158.3666666666668,0
Cascade fall salmon 2023,2023-10-01,Unguided-Bank,1152.6833333333334,1158.3666666666668,0.9950936663693131
Cascade fall salmon 2023,2023-10-01,Unguided-Boat,0,1158.3666666666668,0
Cascade fall salmon 2023,2023-11-01,Guided-Bank,0,226.01666666666668,0
Cascade fall salmon 2023,2023-11-01,Guided-Boat,0,226.01666666666668,0
Cascade fall salmon 2023,2023-11-01,Unguided-Bank,226.01666666666668,226.01666666666668,1
Cascade fall salmon 2023,2023-11-01,Unguided-Boat,0,226.01666666666668,0
Cascade fall salmon 2024,2024-09-01,Guided-Bank,0,181.8,0
Cascade fall salmon 2024,2024-09-01,Guided-Boat,0,181.8,0
Cascade fall salmon 2024,2024-09-01,Unguided-Bank,181.8,181.8,1
Cascade fall salmon 2024,2024-09-01,Unguided-Boat,0,181.8,0
Cascade fall salmon 2024,2024-10-01,Guided-Bank,0,953.3666666666667,0
Cascade fall salmon 2024,2024-10-01,Guided-Boat,0,953.3666666666667,0
Cascade fall salmon 2024,2024-10-01,Unguided-Bank,953.3666666666667,953.3666666666667,1
Cascade fall salmon 2024,2024-10-01,Unguided-Boat,0,953.3666666666667,0
Cascade fall salmon 2024,2024-11-01,Guided-Bank,0,231.18333333333334,0
Cascade fall salmon 2024,2024-11-01,Guided-Boat,0,231.18333333333334,0
Cascade fall salmon 2024,2024-11-01,Unguided-Bank,231.18333333333334,231.18333333333334,1
Cascade fall salmon 2024,2024-11-01,Unguided-Boat,0,231.18333333333334,0
Cascade spring Chinook 2022,2022-06-01,Guided-Bank,0,2277.75,0
Cascade spring Chinook 2022,2022-06-01,Guided-Boat,0,2277.75,0
Cascade spring Chinook 2022,2022-06-01,Unguided-Bank,2277.75,2277.75,1
Cascade spring Chinook 2022,2022-06-01,Unguided-Boat,0,2277.75,0
Cascade spring Chinook 2022,2022-07-01,Guided-Bank,0,597.2166666666667,0
Cascade spring Chinook 2022,2022-07-01,Guided-Boat,0,597.2166666666667,0
Cascade spring Chinook 2022,2022-07-01,Unguided-Bank,597.2166666666667,597.2166666666667,1
Cascade spring Chinook 2022,2022-07-01,Unguided-Boat,0,597.2166666666667,0
Cascade spring Chinook 2023,2023-06-01,Guided-Bank,0,628.0833333333334,0
Cascade spring Chinook 2023,2023-06-01,Guided-Boat,0,628.0833333333334,0
Cascade spring Chinook 2023,2023-06-01,Unguided-Bank,628.0833333333334,628.0833333333334,1
Cascade spring Chinook 2023,2023-06-01,Unguided-Boat,0,628.0833333333334,0
Cascade spring Chinook 2023,2023-07-01,Guided-Bank,0,174.41666666666666,0
Cascade spring Chinook 2023,2023-07-01,Guided-Boat,0,174.41666666666666,0
Cascade spring Chinook 2023,2023-07-01,Unguided-Bank,174.41666666666666,174.41666666666666,1
Cascade spring Chinook 2023,2023-07-01,Unguided-Boat,0,174.41666666666666,0
Cascade spring Chinook 2024,2024-05-01,Guided-Bank,0,70.61666666666667,0
Cascade spring Chinook 2024,2024-05-01,Guided-Boat,0,70.61666666666667,0
Cascade spring Chinook 2024,2024-05-01,Unguided-Bank,70.61666666666667,70.61666666666667,1
Cascade spring Chinook 2024,2024-05-01,Unguided-Boat,0,70.61666666666667,0
Cascade spring Chinook 2024,2024-06-01,Guided-Bank,0,977.35,0
Cascade spring Chinook 2024,2024-06-01,Guided-Boat,0,977.35,0
Cascade spring Chinook 2024,2024-06-01,Unguided-Bank,977.35,977.35,1
Cascade spring Chinook 2024,2024-06-01,Unguided-Boat,0,977.35,0
Cascade spring Chinook 2024,2024-07-01,Guided-Bank,0,53.68333333333333,0
Cascade spring Chinook 2024,2024-07-01,Guided-Boat,0,53.68333333333333,0
Cascade spring Chinook 2024,2024-07-01,Unguided-Bank,53.68333333333333,53.68333333333333,1
Cascade spring Chinook 2024,2024-07-01,Unguided-Boat,0,53.68333333333333,0
Cascade winter gamefish 2021-22,2021-12-01,Guided-Bank,0,46.55,0
Cascade winter gamefish 2021-22,2021-12-01,Guided-Boat,0,46.55,0
Cascade winter gamefish 2021-22,2021-12-01,Unguided-Bank,46.55,46.55,1
Cascade winter gamefish 2021-22,2021-12-01,Unguided-Boat,0,46.55,0
Cascade winter gamefish 2021-22,2022-01-01,Guided-Bank,0,17.05,0
Cascade winter gamefish 2021-22,2022-01-01,Guided-Boat,0,17.05,0
Cascade winter gamefish 2021-22,2022-01-01,Unguided-Bank,17.05,17.05,1
Cascade winter gamefish 2021-22,2022-01-01,Unguided-Boat,0,17.05,0
Cascade winter gamefish 2023,2023-01-01,Guided-Bank,0,25.566666666666666,0
Cascade winter gamefish 2023,2023-01-01,Guided-Boat,0,25.566666666666666,0
Cascade winter gamefish 2023,2023-01-01,Unguided-Bank,25.566666666666666,25.566666666666666,1
Cascade winter gamefish 2023,2023-01-01,Unguided-Boat,0,25.566666666666666,0
Chehalis salmon 2022,2022-09-01,Guided-Bank,0,2429.2833333333333,0
Chehalis salmon 2022,2022-09-01,Guided-Boat,224.73333333333332,2429.2833333333333,0.09251013673442784
Chehalis salmon 2022,2022-09-01,Unguided-Bank,148.08333333333334,2429.2833333333333,0.06095762124632094
Chehalis salmon 2022,2022-09-01,Unguided-Boat,2056.4666666666667,2429.2833333333333,0.8465322420192513
Chehalis salmon 2022,2022-10-01,Guided-Bank,0,5768.283333333334,0
Chehalis salmon 2022,2022-10-01,Guided-Boat,1372.8666666666668,5768.283333333334,0.23800264087813533
Chehalis salmon 2022,2022-10-01,Unguided-Bank,204.03333333333333,5768.283333333334,0.035371586578329194
Chehalis salmon 2022,2022-10-01,Unguided-Boat,4191.383333333333,5768.283333333334,0.7266257725435354
Chehalis salmon 2022,2022-11-01,Guided-Bank,0,717.3666666666667,0
Chehalis salmon 2022,2022-11-01,Guided-Boat,178.15,717.3666666666667,0.2483388318386692
Chehalis salmon 2022,2022-11-01,Unguided-Bank,36.516666666666666,717.3666666666667,0.0509037684122485
Chehalis salmon 2022,2022-11-01,Unguided-Boat,502.7,717.3666666666667,0.7007573997490822
Chehalis salmon 2022,2022-12-01,Guided-Bank,0,75.48333333333333,0
Chehalis salmon 2022,2022-12-01,Guided-Boat,0,75.48333333333333,0
Chehalis salmon 2022,2022-12-01,Unguided-Bank,75.48333333333333,75.48333333333333,1
Chehalis salmon 2022,2022-12-01,Unguided-Boat,0,75.48333333333333,0
Chehalis salmon 2024,2024-09-01,Guided-Bank,0,4137.15,0
Chehalis salmon 2024,2024-09-01,Guided-Boat,194.05,4137.15,0.046904269847600405
Chehalis salmon 2024,2024-09-01,Unguided-Bank,389.93333333333334,4137.15,0.09425167889328001
Chehalis salmon 2024,2024-09-01,Unguided-Boat,3553.1666666666665,4137.15,0.8588440512591197
Chehalis salmon 2024,2024-10-01,Guided-Bank,0,4713.45,0
Chehalis salmon 2024,2024-10-01,Guided-Boat,710.55,4713.45,0.15074945103904783
Chehalis salmon 2024,2024-10-01,Unguided-Bank,621.1833333333333,4713.45,0.13178952430456106
Chehalis salmon 2024,2024-10-01,Unguided-Boat,3381.7166666666667,4713.45,0.7174610246563912
Chehalis salmon 2024,2024-11-01,Guided-Bank,0,2202.15,0
Chehalis salmon 2024,2024-11-01,Guided-Boat,209.95,2202.15,0.0953386463229117
Chehalis salmon 2024,2024-11-01,Unguided-Bank,519.95,2202.15,0.23611016506595828
Chehalis salmon 2024,2024-11-01,Unguided-Boat,1472.25,2202.15,0.66855118861113
Chehalis salmon 2024,2024-12-01,Guided-Bank,0,455.73333333333335,0
Chehalis salmon 2024,2024-12-01,Guided-Boat,47.18333333333334,455.73333333333335,0.1035327677004096
Chehalis salmon 2024,2024-12-01,Unguided-Bank,10.866666666666667,455.73333333333335,0.023844353423054417
Chehalis salmon 2024,2024-12-01,Unguided-Boat,397.68333333333334,455.73333333333335,0.872622878876536
Chehalis salmon 2025,2025-09-01,Guided-Bank,0,4071.5666666666666,0
Chehalis salmon 2025,2025-09-01,Guided-Boat,118.68333333333332,4071.5666666666666,0.02914930370782745
Chehalis salmon 2025,2025-09-01,Unguided-Bank,236.66666666666666,4071.5666666666666,0.05812668342243362
Chehalis salmon 2025,2025-09-01,Unguided-Boat,3716.2166666666667,4071.5666666666666,0.9127240128697389
Chehalis salmon 2025,2025-10-01,Guided-Bank,12.5,5273.933333333333,0.002370147517981519
Chehalis salmon 2025,2025-10-01,Guided-Boat,1066.65,5273.933333333333,0.20224942800439902
Chehalis salmon 2025,2025-10-01,Unguided-Bank,609.2333333333333,5273.933333333333,0.11551782982972861
Chehalis salmon 2025,2025-10-01,Unguided-Boat,3585.55,5273.933333333333,0.6798625946478909
Chehalis salmon 2025,2025-11-01,Guided-Bank,0,2384.2,0
Chehalis salmon 2025,2025-11-01,Guided-Boat,462.96666666666664,2384.2,0.19418113692922853
Chehalis salmon 2025,2025-11-01,Unguided-Bank,247.31666666666666,2384.2,0.10373151022005984
Chehalis salmon 2025,2025-11-01,Unguided-Boat,1673.9166666666667,2384.2,0.7020873528507117
Chehalis salmon 2025,2025-12-01,Guided-Bank,0,170.98333333333335,0
Chehalis salmon 2025,2025-12-01,Guided-Boat,13.950000000000001,170.98333333333335,0.08158689930792475
Chehalis salmon 2025,2025-12-01,Unguided-Bank,25.983333333333334,170.98333333333335,0.151964129057413
Chehalis salmon 2025,2025-12-01,Unguided-Boat,131.05,170.98333333333335,0.7664489716346623
Chehalis winter steelhead 2024-25,2024-11-01,Guided-Bank,0,2041.4,0
Chehalis winter steelhead 2024-25,2024-11-01,Guided-Boat,209.95,2041.4,0.10284608601939844
Chehalis winter steelhead 2024-25,2024-11-01,Unguided-Bank,519.95,2041.4,0.25470265504065837
Chehalis winter steelhead 2024-25,2024-11-01,Unguided-Boat,1311.5,2041.4,0.6424512589399431
Chehalis winter steelhead 2024-25,2024-12-01,Guided-Bank,0,455.73333333333335,0
Chehalis winter steelhead 2024-25,2024-12-01,Guided-Boat,47.18333333333334,455.73333333333335,0.1035327677004096
Chehalis winter steelhead 2024-25,2024-12-01,Unguided-Bank,10.866666666666667,455.73333333333335,0.023844353423054417
Chehalis winter steelhead 2024-25,2024-12-01,Unguided-Boat,397.68333333333334,455.73333333333335,0.872622878876536
Chehalis winter steelhead 2024-25,2025-01-01,Guided-Bank,0,250.66666666666666,0
Chehalis winter steelhead 2024-25,2025-01-01,Guided-Boat,0,250.66666666666666,0
Chehalis winter steelhead 2024-25,2025-01-01,Unguided-Bank,37.416666666666664,250.66666666666666,0.14926861702127658
Chehalis winter steelhead 2024-25,2025-01-01,Unguided-Boat,213.25,250.66666666666666,0.8507313829787234
Chehalis winter steelhead 2024-25,2025-02-01,Guided-Bank,0,186.75,0
Chehalis winter steelhead 2024-25,2025-02-01,Guided-Boat,0,186.75,0
Chehalis winter steelhead 2024-25,2025-02-01,Unguided-Bank,28.416666666666664,186.75,0.15216421240517625
Chehalis winter steelhead 2024-25,2025-02-01,Unguided-Boat,158.33333333333334,186.75,0.8478357875948238
Chehalis winter steelhead 2025-26,2025-12-01,Guided-Bank,0,170.98333333333335,0
Chehalis winter steelhead 2025-26,2025-12-01,Guided-Boat,13.950000000000001,170.98333333333335,0.08158689930792475
Chehalis winter steelhead 2025-26,2025-12-01,Unguided-Bank,25.983333333333334,170.98333333333335,0.151964129057413
Chehalis winter steelhead 2025-26,2025-12-01,Unguided-Boat,131.05,170.98333333333335,0.7664489716346623
Chehalis winter steelhead 2025-26,2026-01-01,Guided-Bank,0,265.15000000000003,0
Chehalis winter steelhead 2025-26,2026-01-01,Guided-Boat,56.2,265.15000000000003,0.21195549688855364
Chehalis winter steelhead 2025-26,2026-01-01,Unguided-Bank,24.583333333333332,265.15000000000003,0.09271481551323149
Chehalis winter steelhead 2025-26,2026-01-01,Unguided-Boat,184.36666666666667,265.15000000000003,0.6953296875982148
Chehalis winter steelhead 2025-26,2026-02-01,Guided-Bank,0,99.83333333333333,0
Chehalis winter steelhead 2025-26,2026-02-01,Guided-Boat,0,99.83333333333333,0
Chehalis winter steelhead 2025-26,2026-02-01,Unguided-Bank,0,99.83333333333333,0
Chehalis winter steelhead 2025-26,2026-02-01,Unguided-Boat,99.83333333333333,99.83333333333333,1
Drano Lake salmon and steelhead 2023,2023-07-01,Guided-Bank,0,250.98333333333332,0
Drano Lake salmon and steelhead 2023,2023-07-01,Guided-Boat,29.25,250.98333333333332,0.11654160302808952
Drano Lake salmon and steelhead 2023,2023-07-01,Unguided-Bank,0,250.98333333333332,0
Drano Lake salmon and steelhead 2023,2023-07-01,Unguided-Boat,221.73333333333332,250.98333333333332,0.8834583969719105
Drano Lake salmon and steelhead 2023,2023-08-01,Guided-Bank,0,4897.616666666667,0
Drano Lake salmon and steelhead 2023,2023-08-01,Guided-Boat,682.6833333333333,4897.616666666667,0.1393909282406068
Drano Lake salmon and steelhead 2023,2023-08-01,Unguided-Bank,169.58333333333334,4897.616666666667,0.034625685282297175
Drano Lake salmon and steelhead 2023,2023-08-01,Unguided-Boat,4045.35,4897.616666666667,0.825983386477096
Drano Lake salmon and steelhead 2023,2023-09-01,Guided-Bank,0,5882.416666666667,0
Drano Lake salmon and steelhead 2023,2023-09-01,Guided-Boat,1418.2333333333333,5882.416666666667,0.24109705478190652
Drano Lake salmon and steelhead 2023,2023-09-01,Unguided-Bank,153.83333333333334,5882.416666666667,0.0261513833600136
Drano Lake salmon and steelhead 2023,2023-09-01,Unguided-Boat,4310.35,5882.416666666667,0.7327515618580799
Drano Lake salmon and steelhead 2023,2023-10-01,Guided-Bank,0,2345.616666666667,0
Drano Lake salmon and steelhead 2023,2023-10-01,Guided-Boat,822.6,2345.616666666667,0.35069668956990696
Drano Lake salmon and steelhead 2023,2023-10-01,Unguided-Bank,126.38333333333334,2345.616666666667,0.05388064261708009
Drano Lake salmon and steelhead 2023,2023-10-01,Unguided-Boat,1396.6333333333334,2345.616666666667,0.5954226678130129
Drano Lake salmon and steelhead 2024,2024-07-01,Guided-Bank,0,509.98333333333335,0
Drano Lake salmon and steelhead 2024,2024-07-01,Guided-Boat,97.8,509.98333333333335,0.19177097290761136
Drano Lake salmon and steelhead 2024,2024-07-01,Unguided-Bank,40.43333333333334,509.98333333333335,0.07928363672015426
Drano Lake salmon and steelhead 2024,2024-07-01,Unguided-Boat,371.75,509.98333333333335,0.7289453903722344
Drano Lake salmon and steelhead 2024,2024-08-01,Guided-Bank,0,2940.1833333333334,0
Drano Lake salmon and steelhead 2024,2024-08-01,Guided-Boat,225.31666666666666,2940.1833333333334,0.07663354325977405
Drano Lake salmon and steelhead 2024,2024-08-01,Unguided-Bank,93.53333333333333,2940.1833333333334,0.03181207521072949
Drano Lake salmon and steelhead 2024,2024-08-01,Unguided-Boat,2621.3333333333335,2940.1833333333334,0.8915543815294965
Drano Lake salmon and steelhead 2024,2024-09-01,Guided-Bank,45.733333333333334,7371.249999999999,0.006204284664518682
Drano Lake salmon and steelhead 2024,2024-09-01,Guided-Boat,2285.4166666666665,7371.249999999999,0.3100446554745351
Drano Lake salmon and steelhead 2024,2024-09-01,Unguided-Bank,362.26666666666665,7371.249999999999,0.04914589339212029
Drano Lake salmon and steelhead 2024,2024-09-01,Unguided-Boat,4677.833333333333,7371.249999999999,0.634605166468826
Drano Lake salmon and steelhead 2024,2024-10-01,Guided-Bank,0,2673.2000000000003,0
Drano Lake salmon and steelhead 2024,2024-10-01,Guided-Boat,560.0666666666667,2673.2000000000003,0.2095116963439573
Drano Lake salmon and steelhead 2024,2024-10-01,Unguided-Bank,238.7,2673.2000000000003,0.08929373036061648
Drano Lake salmon and steelhead 2024,2024-10-01,Unguided-Boat,1874.4333333333334,2673.2000000000003,0.7011945732954261
Drano Lake salmon and steelhead 2025,2025-07-01,Guided-Bank,0,540.8333333333334,0
Drano Lake salmon and steelhead 2025,2025-07-01,Guided-Boat,73.8,540.8333333333334,0.13645608628659475
Drano Lake salmon and steelhead 2025,2025-07-01,Unguided-Bank,59.68333333333333,540.8333333333334,0.11035439137134051
Drano Lake salmon and steelhead 2025,2025-07-01,Unguided-Boat,407.35,540.8333333333334,0.7531895223420647
Drano Lake salmon and steelhead 2025,2025-08-01,Guided-Bank,0,3690.5666666666666,0
Drano Lake salmon and steelhead 2025,2025-08-01,Guided-Boat,429.21666666666664,3690.5666666666666,0.11630101971693596
Drano Lake salmon and steelhead 2025,2025-08-01,Unguided-Bank,353.81666666666666,3690.5666666666666,0.09587055285096237
Drano Lake salmon and steelhead 2025,2025-08-01,Unguided-Boat,2907.5333333333333,3690.5666666666666,0.7878284274321017
Drano Lake salmon and steelhead 2025,2025-09-01,Guided-Bank,0,5257.4,0
Drano Lake salmon and steelhead 2025,2025-09-01,Guided-Boat,1704.6333333333334,5257.4,0.3242350464741761
Drano Lake salmon and steelhead 2025,2025-09-01,Unguided-Bank,506.95,5257.4,0.09642599003309621
Drano Lake salmon and steelhead 2025,2025-09-01,Unguided-Boat,3045.8166666666666,5257.4,0.5793389634927277
Drano Lake salmon and steelhead 2025,2025-10-01,Guided-Bank,0,2339.9166666666665,0
Drano Lake salmon and steelhead 2025,2025-10-01,Guided-Boat,626.8833333333333,2339.9166666666665,0.26790840129634247
Drano Lake salmon and steelhead 2025,2025-10-01,Unguided-Bank,393.9166666666667,2339.9166666666665,0.16834645108444035
Drano Lake salmon and steelhead 2025,2025-10-01,Unguided-Boat,1319.1166666666666,2339.9166666666665,0.5637451476192172
Drano Lake salmon and steelhead 2026,2026-07-01,Guided-Bank,0,169.8,0
Drano Lake salmon and steelhead 2026,2026-07-01,Guided-Boat,0,169.8,0
Drano Lake salmon and steelhead 2026,2026-07-01,Unguided-Bank,15.366666666666667,169.8,0.09049862583431488
Drano Lake salmon and steelhead 2026,2026-07-01,Unguided-Boat,154.43333333333334,169.8,0.9095013741656851
Drano Lake salmon and steelhead 2026,2026-08-01,Guided-Bank,0,478.8,0
Drano Lake salmon and steelhead 2026,2026-08-01,Guided-Boat,0,478.8,0
Drano Lake salmon and steelhead 2026,2026-08-01,Unguided-Bank,29.683333333333334,478.8,0.06199526594263436
Drano Lake salmon and steelhead 2026,2026-08-01,Unguided-Boat,449.1166666666667,478.8,0.9380047340573656
Drano Lake spring Chinook 2026,2026-04-01,Guided-Bank,0,6385.833333333334,0
Drano Lake spring Chinook 2026,2026-04-01,Guided-Boat,2094.766666666667,6385.833333333334,0.32803340728174346
Drano Lake spring Chinook 2026,2026-04-01,Unguided-Bank,360.7166666666667,6385.833333333334,0.05648701552916612
Drano Lake spring Chinook 2026,2026-04-01,Unguided-Boat,3930.35,6385.833333333334,0.6154795771890904
Drano Lake spring Chinook 2026,2026-05-01,Guided-Bank,0,9354.716666666667,0
Drano Lake spring Chinook 2026,2026-05-01,Guided-Boat,4268.85,9354.716666666667,0.45633129811521106
Drano Lake spring Chinook 2026,2026-05-01,Unguided-Bank,784.4,9354.716666666667,0.08385074908735878
Drano Lake spring Chinook 2026,2026-05-01,Unguided-Boat,4301.466666666666,9354.716666666667,0.4598179527974301
Drano Lake spring Chinook 2026,2026-06-01,Guided-Bank,0,157.73333333333332,0
Drano Lake spring Chinook 2026,2026-06-01,Guided-Boat,18.666666666666668,157.73333333333332,0.11834319526627221
Drano Lake spring Chinook 2026,2026-06-01,Unguided-Bank,30.433333333333334,157.73333333333332,0.1929416737109045
Drano Lake spring Chinook 2026,2026-06-01,Unguided-Boat,108.63333333333333,157.73333333333332,0.6887151310228233
Drano Lake spring Chinook 2026,2026-07-01,Guided-Bank,0,169.8,0
Drano Lake spring Chinook 2026,2026-07-01,Guided-Boat,0,169.8,0
Drano Lake spring Chinook 2026,2026-07-01,Unguided-Bank,15.366666666666667,169.8,0.09049862583431488
Drano Lake spring Chinook 2026,2026-07-01,Unguided-Boat,154.43333333333334,169.8,0.9095013741656851
Hoh fall salmon 2023,2023-09-01,Guided-Bank,32.28333333333333,767.6166666666667,0.04205658206135875
Hoh fall salmon 2023,2023-09-01,Guided-Boat,178.78333333333333,767.6166666666667,0.23290704995983239
Hoh fall salmon 2023,2023-09-01,Unguided-Bank,347.15,767.6166666666667,0.4522439585730725
Hoh fall salmon 2023,2023-09-01,Unguided-Boat,209.4,767.6166666666667,0.2727924094057364
Hoh fall salmon 2025,2025-09-01,Guided-Bank,0,699.5333333333333,0
Hoh fall salmon 2025,2025-09-01,Guided-Boat,236.86666666666667,699.5333333333333,0.338606690174402
Hoh fall salmon 2025,2025-09-01,Unguided-Bank,207.43333333333334,699.5333333333333,0.29653102068045367
Hoh fall salmon 2025,2025-09-01,Unguided-Boat,255.23333333333332,699.5333333333333,0.3648622891451444
Hoh fall salmon 2025,2025-10-01,Guided-Bank,0,1153.6499999999999,0
Hoh fall salmon 2025,2025-10-01,Guided-Boat,529.9333333333333,1153.6499999999999,0.4593536456753204
Hoh fall salmon 2025,2025-10-01,Unguided-Bank,212.16666666666666,1153.6499999999999,0.18390904231497135
Hoh fall salmon 2025,2025-10-01,Unguided-Boat,411.55,1153.6499999999999,0.3567373120097084
Hoh fall salmon 2025,2025-11-01,Guided-Bank,0,358.31666666666666,0
Hoh fall salmon 2025,2025-11-01,Guided-Boat,125.88333333333333,358.31666666666666,0.3513186659844644
Hoh fall salmon 2025,2025-11-01,Unguided-Bank,96,358.31666666666666,0.26791943811340063
Hoh fall salmon 2025,2025-11-01,Unguided-Boat,136.43333333333334,358.31666666666666,0.380761895902135
Hoh fall salmon 2025,2025-12-01,Guided-Bank,0,16,0
Hoh fall salmon 2025,2025-12-01,Guided-Boat,0,16,0
Hoh fall salmon 2025,2025-12-01,Unguided-Bank,0,16,0
Hoh fall salmon 2025,2025-12-01,Unguided-Boat,16,16,1
Hoh winter steelhead 2022-23,2022-12-01,Guided-Bank,0,66.58333333333333,0
Hoh winter steelhead 2022-23,2022-12-01,Guided-Boat,0,66.58333333333333,0
Hoh winter steelhead 2022-23,2022-12-01,Unguided-Bank,66.58333333333333,66.58333333333333,1
Hoh winter steelhead 2022-23,2022-12-01,Unguided-Boat,0,66.58333333333333,0
Hoh winter steelhead 2022-23,2023-01-01,Guided-Bank,193.88333333333333,988.8833333333333,0.19606289922977094
Hoh winter steelhead 2022-23,2023-01-01,Guided-Boat,61.71666666666667,988.8833333333333,0.0624104629801291
Hoh winter steelhead 2022-23,2023-01-01,Unguided-Bank,727.25,988.8833333333333,0.73542547991842655
Hoh winter steelhead 2022-23,2023-01-01,Unguided-Boat,6.033333333333333,988.8833333333333,0.006101157871673436
Hoh winter steelhead 2022-23,2023-02-01,Guided-Bank,1033.0166666666667,2660.083333333333,0.38833996428683315
Hoh winter steelhead 2022-23,2023-02-01,Guided-Boat,40.43333333333334,2660.083333333333,0.015200025061871498
Hoh winter steelhead 2022-23,2023-02-01,Unguided-Bank,1536.5833333333333,2660.083333333333,0.5776448106262335
Hoh winter steelhead 2022-23,2023-02-01,Unguided-Boat,50.050000000000004,2660.083333333333,0.018815200025061877
Hoh winter steelhead 2022-23,2023-03-01,Guided-Bank,1580.3833333333334,3488.133333333333,0.45307423263636715
Hoh winter steelhead 2022-23,2023-03-01,Guided-Boat,0,3488.133333333333,0
Hoh winter steelhead 2022-23,2023-03-01,Unguided-Bank,1883.75,3488.133333333333,0.5400452964336225
Hoh winter steelhead 2022-23,2023-03-01,Unguided-Boat,24,3488.133333333333,0.006880470930010321
Hoh winter steelhead 2023-24,2023-12-01,Guided-Bank,15.85,285.68333333333334,0.05548101044279797
Hoh winter steelhead 2023-24,2023-12-01,Guided-Boat,0,285.68333333333334,0
Hoh winter steelhead 2023-24,2023-12-01,Unguided-Bank,235.83333333333334,285.68333333333334,0.8255060964937868
Hoh winter steelhead 2023-24,2023-12-01,Unguided-Boat,34,285.68333333333334,0.1190128930634152
Hoh winter steelhead 2023-24,2024-01-01,Guided-Bank,164.58333333333334,781.5666666666667,0.21058131104192435
Hoh winter steelhead 2023-24,2024-01-01,Guided-Boat,64.6,781.5666666666667,0.08265449737706315
Hoh winter steelhead 2023-24,2024-01-01,Unguided-Bank,446.5,781.5666666666667,0.5712884377532307
Hoh winter steelhead 2023-24,2024-01-01,Unguided-Boat,105.88333333333334,781.5666666666667,0.1354757538277818
Hoh winter steelhead 2023-24,2024-02-01,Guided-Bank,551.3833333333333,3788.1,0.14555669948874986
Hoh winter steelhead 2023-24,2024-02-01,Guided-Boat,776.6166666666667,3788.1,0.20501482713409538
Hoh winter steelhead 2023-24,2024-02-01,Unguided-Bank,1797.9333333333334,3788.1,0.4746266818017828
Hoh winter steelhead 2023-24,2024-02-01,Unguided-Boat,662.1666666666666,3788.1,0.17480179157537198
Hoh winter steelhead 2023-24,2024-03-01,Guided-Bank,688.85,3758.95,0.18325596243631867
Hoh winter steelhead 2023-24,2024-03-01,Guided-Boat,876.5333333333333,3758.95,0.23318568571897294
Hoh winter steelhead 2023-24,2024-03-01,Unguided-Bank,1460.1833333333334,3758.95,0.38845510936121347
Hoh winter steelhead 2023-24,2024-03-01,Unguided-Boat,733.3833333333333,3758.95,0.19510324248349495
Hoh winter steelhead 2024-25,2024-12-01,Guided-Bank,0,62.93333333333333,0
Hoh winter steelhead 2024-25,2024-12-01,Guided-Boat,14.5,62.93333333333333,0.23040254237288138
Hoh winter steelhead 2024-25,2024-12-01,Unguided-Bank,48.43333333333333,62.93333333333333,0.7695974576271186
Hoh winter steelhead 2024-25,2024-12-01,Unguided-Boat,0,62.93333333333333,0
Hoh winter steelhead 2024-25,2025-01-01,Guided-Bank,200.4,1614.2,0.12414818485937307
Hoh winter steelhead 2024-25,2025-01-01,Guided-Boat,308.1333333333333,1614.2,0.19088919175649444
Hoh winter steelhead 2024-25,2025-01-01,Unguided-Bank,420.8833333333333,1614.2,0.2607380332879032
Hoh winter steelhead 2024-25,2025-01-01,Unguided-Boat,684.7833333333333,1614.2,0.42422459009622926
Hoh winter steelhead 2024-25,2025-02-01,Guided-Bank,376.21666666666664,2045.3833333333332,0.18393455179550694
Hoh winter steelhead 2024-25,2025-02-01,Guided-Boat,583.2833333333333,2045.3833333333332,0.2851706689047693
Hoh winter steelhead 2024-25,2025-02-01,Unguided-Bank,596.9166666666666,2045.3833333333332,0.29183608614522133
Hoh winter steelhead 2024-25,2025-02-01,Unguided-Boat,488.96666666666664,2045.3833333333332,0.23905869315450243
Hoh winter steelhead 2024-25,2025-03-01,Guided-Bank,351.46666666666664,1829.3166666666666,0.19213003033919768
Hoh winter steelhead 2024-25,2025-03-01,Guided-Boat,325.95,1829.3166666666666,0.17818128809482595
Hoh winter steelhead 2024-25,2025-03-01,Unguided-Bank,761.85,1829.3166666666666,0.41646698676190563
Hoh winter steelhead 2024-25,2025-03-01,Unguided-Boat,390.05,1829.3166666666666,0.21322169480407074
Hoh winter steelhead 2025-26,2025-12-01,Guided-Bank,0,160.01666666666668,0
Hoh winter steelhead 2025-26,2025-12-01,Guided-Boat,0,160.01666666666668,0
Hoh winter steelhead 2025-26,2025-12-01,Unguided-Bank,144.01666666666668,160.01666666666668,0.9000104155817102
Hoh winter steelhead 2025-26,2025-12-01,Unguided-Boat,16,160.01666666666668,0.09998958441828976
Hoh winter steelhead 2025-26,2026-01-01,Guided-Bank,103.91666666666667,969.9333333333334,0.10713794762526634
Hoh winter steelhead 2025-26,2026-01-01,Guided-Boat,139.15,969.9333333333334,0.14346346827960685
Hoh winter steelhead 2025-26,2026-01-01,Unguided-Bank,490.2166666666667,969.9333333333334,0.5054127431438586
Hoh winter steelhead 2025-26,2026-01-01,Unguided-Boat,236.65,969.9333333333334,0.24398584095126813
Hoh winter steelhead 2025-26,2026-02-01,Guided-Bank,365.6,2819.2166666666667,0.12968141268555686
Hoh winter steelhead 2025-26,2026-02-01,Guided-Boat,703.95,2819.2166666666667,0.2496970198577619
Hoh winter steelhead 2025-26,2026-02-01,Unguided-Bank,1153.7666666666667,2819.2166666666667,0.40925079661608127
Hoh winter steelhead 2025-26,2026-02-01,Unguided-Boat,595.9,2819.2166666666667,0.2113707708405999
Hoh winter steelhead 2025-26,2026-03-01,Guided-Bank,363.1,3579.8333333333335,0.10142930304017878
Hoh winter steelhead 2025-26,2026-03-01,Guided-Boat,1162.3,3579.8333333333335,0.324679919921784
Hoh winter steelhead 2025-26,2026-03-01,Unguided-Bank,1106.2,3579.8333333333335,0.30900879929233205
Hoh winter steelhead 2025-26,2026-03-01,Unguided-Boat,948.2333333333333,3579.8333333333335,0.2648819777457051
Humptulips salmon 2020,2020-09-01,Guided-Bank,0,6287.95,0
Humptulips salmon 2020,2020-09-01,Guided-Boat,1720.0333333333333,6287.95,0.27354437190711334
Humptulips salmon 2020,2020-09-01,Unguided-Bank,1507.9666666666667,6287.95,0.23981848880265694
Humptulips salmon 2020,2020-09-01,Unguided-Boat,3059.95,6287.95,0.4866371392902297
Humptulips salmon 2020,2020-10-01,Guided-Bank,0,3377.366666666667,0
Humptulips salmon 2020,2020-10-01,Guided-Boat,967.35,3377.366666666667,0.28642137365403025
Humptulips salmon 2020,2020-10-01,Unguided-Bank,1476.3666666666666,3377.366666666667,0.4371354408266795
Humptulips salmon 2020,2020-10-01,Unguided-Boat,933.65,3377.366666666667,0.27644318551929015
Humptulips salmon 2020,2020-11-01,Guided-Bank,0,1402.7166666666667,0
Humptulips salmon 2020,2020-11-01,Guided-Boat,408.3833333333333,1402.7166666666667,0.2911374356902677
Humptulips salmon 2020,2020-11-01,Unguided-Bank,617.1333333333333,1402.7166666666667,0.43995580005465584
Humptulips salmon 2020,2020-11-01,Unguided-Boat,377.2,1402.7166666666667,0.2689067642550764
Humptulips salmon 2021,2021-09-01,Guided-Bank,0,4079.0166666666664,0
Humptulips salmon 2021,2021-09-01,Guided-Boat,665.3666666666667,4079.0166666666664,0.16311937926215878
Humptulips salmon 2021,2021-09-01,Unguided-Bank,946.2,4079.0166666666664,0.23196767194707876
Humptulips salmon 2021,2021-09-01,Unguided-Boat,2467.45,4079.0166666666664,0.6049129487907625
Humptulips salmon 2021,2021-10-01,Guided-Bank,19.4,2564.633333333333,0.007564434162128439
Humptulips salmon 2021,2021-10-01,Guided-Boat,529.9,2564.633333333333,0.20661823002638455
Humptulips salmon 2021,2021-10-01,Unguided-Bank,798.4666666666667,2564.633333333333,0.31133755312650285
Humptulips salmon 2021,2021-10-01,Unguided-Boat,1216.8666666666666,2564.633333333333,0.4744797826849842
Humptulips salmon 2021,2021-11-01,Guided-Bank,0,975.9166666666666,0
Humptulips salmon 2021,2021-11-01,Guided-Boat,417.2,975.9166666666666,0.427495517035266
Humptulips salmon 2021,2021-11-01,Unguided-Bank,336.3666666666667,975.9166666666666,0.34466740671163865
Humptulips salmon 2021,2021-11-01,Unguided-Boat,222.35,975.9166666666666,0.22783707625309538
Humptulips salmon 2022,2022-09-01,Guided-Bank,17.25,3086.35,0.005589126314254702
Humptulips salmon 2022,2022-09-01,Guided-Boat,514.6833333333333,3086.35,0.16676116880241493
Humptulips salmon 2022,2022-09-01,Unguided-Bank,1059.4833333333333,3086.35,0.34328035813609387
Humptulips salmon 2022,2022-09-01,Unguided-Boat,1494.9333333333334,3086.35,0.48436934674723653
Humptulips salmon 2022,2022-10-01,Guided-Bank,0,1224.7666666666667,0
Humptulips salmon 2022,2022-10-01,Guided-Boat,160.71666666666667,1224.7666666666667,0.13122227363035135
Humptulips salmon 2022,2022-10-01,Unguided-Bank,441.1,1224.7666666666667,0.36015023269738455
Humptulips salmon 2022,2022-10-01,Unguided-Boat,622.95,1224.7666666666667,0.5086274936722641
Humptulips salmon 2022,2022-11-01,Guided-Bank,0,2070.5333333333333,0
Humptulips salmon 2022,2022-11-01,Guided-Boat,332.03333333333336,2070.5333333333333,0.16036125957885247
Humptulips salmon 2022,2022-11-01,Unguided-Bank,795.2833333333333,2070.5333333333333,0.384095885118166
Humptulips salmon 2022,2022-11-01,Unguided-Boat,943.2166666666667,2070.5333333333333,0.45554285530298155
Humptulips salmon 2022,2022-12-01,Guided-Bank,0,597.1,0
Humptulips salmon 2022,2022-12-01,Guided-Boat,0,597.1,0
Humptulips salmon 2022,2022-12-01,Unguided-Bank,597.1,597.1,1
Humptulips salmon 2022,2022-12-01,Unguided-Boat,0,597.1,0
Humptulips salmon 2023,2023-09-01,Guided-Bank,35.599999999999994,3122.766666666667,0.011400147305274166
Humptulips salmon 2023,2023-09-01,Guided-Boat,402.93333333333334,3122.766666666667,0.1290308807360994
Humptulips salmon 2023,2023-09-01,Unguided-Bank,1080.2,3122.766666666667,0.3459112112122797
Humptulips salmon 2023,2023-09-01,Unguided-Boat,1604.0333333333333,3122.766666666667,0.5136577607463467
Humptulips salmon 2023,2023-10-01,Guided-Bank,13.75,3959.2,0.0034729238229945446
Humptulips salmon 2023,2023-10-01,Guided-Boat,464.91666666666663,3959.2,0.11742692126355492
Humptulips salmon 2023,2023-10-01,Unguided-Bank,1522.6666666666667,3959.2,0.3845894793560989
Humptulips salmon 2023,2023-10-01,Unguided-Boat,1957.8666666666666,3959.2,0.4945106755573517
Humptulips salmon 2023,2023-11-01,Guided-Bank,0,1648.9833333333333,0
Humptulips salmon 2023,2023-11-01,Guided-Boat,396.8333333333333,1648.9833333333333,0.24065333185093846
Humptulips salmon 2023,2023-11-01,Unguided-Bank,707.8,1648.9833333333333,0.4292341745924256
Humptulips salmon 2023,2023-11-01,Unguided-Boat,544.35,1648.9833333333333,0.3301124935566359
Humptulips salmon 2024,2024-09-01,Guided-Bank,32.61666666666667,3090.7666666666664,0.010552937243186697
Humptulips salmon 2024,2024-09-01,Guided-Boat,357.5833333333333,3090.7666666666664,0.1156940564908383
Humptulips salmon 2024,2024-09-01,Unguided-Bank,1169.7166666666667,3090.7666666666664,0.37845518371924985
Humptulips salmon 2024,2024-09-01,Unguided-Boat,1530.85,3090.7666666666664,0.4952978225467252
Humptulips salmon 2024,2024-10-01,Guided-Bank,0,2983.883333333333,0
Humptulips salmon 2024,2024-10-01,Guided-Boat,692.1,2983.883333333333,0.23194606580909666
Humptulips salmon 2024,2024-10-01,Unguided-Bank,1241.15,2983.883333333333,0.4159512492110394
Humptulips salmon 2024,2024-10-01,Unguided-Boat,1050.6333333333332,2983.883333333333,0.352102684979864
Humptulips salmon 2024,2024-11-01,Guided-Bank,0,1160.5666666666666,0
Humptulips salmon 2024,2024-11-01,Guided-Boat,102.2,1160.5666666666666,0.08806043024959072
Humptulips salmon 2024,2024-11-01,Unguided-Bank,738,1160.5666666666666,0.6358962575753224
Humptulips salmon 2024,2024-11-01,Unguided-Boat,320.3666666666667,1160.5666666666666,0.27604331217508693
Humptulips salmon 2024,2024-12-01,Guided-Bank,2.716666666666667,729.5166666666667,0.003723926800849878
Humptulips salmon 2024,2024-12-01,Guided-Boat,72.56666666666666,729.5166666666667,0.09947225331840716
Humptulips salmon 2024,2024-12-01,Unguided-Bank,480.9166666666667,729.5166666666667,0.6592264284571977
Humptulips salmon 2024,2024-12-01,Unguided-Boat,173.31666666666666,729.5166666666667,0.23757739142354528
Humptulips salmon 2025,2025-09-01,Guided-Bank,9.333333333333334,1584.8666666666666,0.005889033777815169
Humptulips salmon 2025,2025-09-01,Guided-Boat,177.25,1584.8666666666666,0.11183906111975772
Humptulips salmon 2025,2025-09-01,Unguided-Bank,561.8666666666667,1584.8666666666666,0.3545198334244732
Humptulips salmon 2025,2025-09-01,Unguided-Boat,836.4166666666666,1584.8666666666666,0.527752071677954
Humptulips salmon 2025,2025-10-01,Guided-Bank,12,2969.05,0.004041696839056264
Humptulips salmon 2025,2025-10-01,Guided-Boat,249.96666666666667,2969.05,0.08419079054467478
Humptulips salmon 2025,2025-10-01,Unguided-Bank,1518.45,2969.05,0.511426213772082
Humptulips salmon 2025,2025-10-01,Unguided-Boat,1188.6333333333334,2969.05,0.400341298844187
Humptulips salmon 2025,2025-11-01,Guided-Bank,0,1914.0666666666666,0
Humptulips salmon 2025,2025-11-01,Guided-Boat,269.56666666666666,1914.0666666666666,0.14083452335341856
Humptulips salmon 2025,2025-11-01,Unguided-Bank,968.5333333333333,1914.0666666666666,0.5060081501863397
Humptulips salmon 2025,2025-11-01,Unguided-Boat,675.9666666666667,1914.0666666666666,0.3531573264602417
Humptulips salmon 2025,2025-12-01,Guided-Bank,0,891.55,0
Humptulips salmon 2025,2025-12-01,Guided-Boat,13,891.55,0.014581347092142897
Humptulips salmon 2025,2025-12-01,Unguided-Bank,826.25,891.55,0.9267567719140822
Humptulips salmon 2025,2025-12-01,Unguided-Boat,52.3,891.55,0.05866188099377489
Humptulips winter steelhead 2024-25,2024-11-01,Guided-Bank,0,1158.6333333333334,0
Humptulips winter steelhead 2024-25,2024-11-01,Guided-Boat,102.2,1158.6333333333334,0.08820737075289853
Humptulips winter steelhead 2024-25,2024-11-01,Unguided-Bank,736.0666666666667,1158.6333333333334,0.6352887022066227
Humptulips winter steelhead 2024-25,2024-11-01,Unguided-Boat,320.3666666666667,1158.6333333333334,0.2765039270404787
Humptulips winter steelhead 2024-25,2024-12-01,Guided-Bank,2.716666666666667,729.5166666666667,0.003723926800849878
Humptulips winter steelhead 2024-25,2024-12-01,Guided-Boat,72.56666666666666,729.5166666666667,0.09947225331840716
Humptulips winter steelhead 2024-25,2024-12-01,Unguided-Bank,480.9166666666667,729.5166666666667,0.6592264284571977
Humptulips winter steelhead 2024-25,2024-12-01,Unguided-Boat,173.31666666666666,729.5166666666667,0.23757739142354528
Humptulips winter steelhead 2024-25,2025-01-01,Guided-Bank,0,590.9833333333333,0
Humptulips winter steelhead 2024-25,2025-01-01,Guided-Boat,58.05,590.9833333333333,0.0982261203079613
Humptulips winter steelhead 2024-25,2025-01-01,Unguided-Bank,377.76666666666665,590.9833333333333,0.6392171240023689
Humptulips winter steelhead 2024-25,2025-01-01,Unguided-Boat,155.16666666666666,590.9833333333333,0.26255675568966974
Humptulips winter steelhead 2024-25,2025-02-01,Guided-Bank,0,4.833333333333333,0
Humptulips winter steelhead 2024-25,2025-02-01,Guided-Boat,0,4.833333333333333,0
Humptulips winter steelhead 2024-25,2025-02-01,Unguided-Bank,4.833333333333333,4.833333333333333,1
Humptulips winter steelhead 2024-25,2025-02-01,Unguided-Boat,0,4.833333333333333,0
Humptulips winter steelhead 2025-26,2025-11-01,Guided-Bank,0,1914.0666666666666,0
Humptulips winter steelhead 2025-26,2025-11-01,Guided-Boat,269.56666666666666,1914.0666666666666,0.14083452335341856
Humptulips winter steelhead 2025-26,2025-11-01,Unguided-Bank,968.5333333333333,1914.0666666666666,0.5060081501863397
Humptulips winter steelhead 2025-26,2025-11-01,Unguided-Boat,675.9666666666667,1914.0666666666666,0.3531573264602417
Humptulips winter steelhead 2025-26,2025-12-01,Guided-Bank,0,891.55,0
Humptulips winter steelhead 2025-26,2025-12-01,Guided-Boat,13,891.55,0.014581347092142897
Humptulips winter steelhead 2025-26,2025-12-01,Unguided-Bank,826.25,891.55,0.9267567719140822
Humptulips winter steelhead 2025-26,2025-12-01,Unguided-Boat,52.3,891.55,0.05866188099377489
Humptulips winter steelhead 2025-26,2026-01-01,Guided-Bank,0.6333333333333333,856.95,7.390551763035571e-4
Humptulips winter steelhead 2025-26,2026-01-01,Guided-Boat,14.2,856.95,0.01657039500554291
Humptulips winter steelhead 2025-26,2026-01-01,Unguided-Bank,594.7333333333333,856.95,0.6940117081898982
Humptulips winter steelhead 2025-26,2026-01-01,Unguided-Boat,247.38333333333333,856.95,0.28867884162825524
Humptulips winter steelhead 2025-26,2026-02-01,Guided-Bank,0,4.316666666666666,0
Humptulips winter steelhead 2025-26,2026-02-01,Guided-Boat,0,4.316666666666666,0
Humptulips winter steelhead 2025-26,2026-02-01,Unguided-Bank,4.316666666666666,4.316666666666666,1
Humptulips winter steelhead 2025-26,2026-02-01,Unguided-Boat,0,4.316666666666666,0
Lower Chehalis salmon 2023,2023-09-01,Guided-Bank,0,2670.266666666667,0
Lower Chehalis salmon 2023,2023-09-01,Guided-Boat,113.9,2670.266666666667,0.04265491586358416
Lower Chehalis salmon 2023,2023-09-01,Unguided-Bank,238.86666666666667,2670.266666666667,0.08945423678034653
Lower Chehalis salmon 2023,2023-09-01,Unguided-Boat,2317.5,2670.266666666667,0.8678908473560693
Lower Chehalis salmon 2023,2023-10-01,Guided-Bank,0,2686.4,0
Lower Chehalis salmon 2023,2023-10-01,Guided-Boat,108.01666666666667,2686.4,0.04020870557871749
Lower Chehalis salmon 2023,2023-10-01,Unguided-Bank,269.1333333333333,2686.4,0.10018364105618423
Lower Chehalis salmon 2023,2023-10-01,Unguided-Boat,2309.25,2686.4,0.8596076533650983
Lower Chehalis salmon 2023,2023-11-01,Guided-Bank,0,530.9,0
Lower Chehalis salmon 2023,2023-11-01,Guided-Boat,21.133333333333333,530.9,0.03980661769322534
Lower Chehalis salmon 2023,2023-11-01,Unguided-Bank,201.08333333333334,530.9,0.3787593394864068
Lower Chehalis salmon 2023,2023-11-01,Unguided-Boat,308.68333333333334,530.9,0.5814340428203679
Lower Cowlitz salmon and steelhead 2022-23,2022-08-01,Guided-Bank,0,821.7,0
Lower Cowlitz salmon and steelhead 2022-23,2022-08-01,Guided-Boat,597.5,821.7,0.7271510283558476
Lower Cowlitz salmon and steelhead 2022-23,2022-08-01,Unguided-Bank,0,821.7,0
Lower Cowlitz salmon and steelhead 2022-23,2022-08-01,Unguided-Boat,224.2,821.7,0.27284897164415234
Lower Cowlitz salmon and steelhead 2022-23,2022-09-01,Guided-Bank,0,776.4666666666666,0
Lower Cowlitz salmon and steelhead 2022-23,2022-09-01,Guided-Boat,135.04999999999998,776.4666666666666,0.1739289087318623
Lower Cowlitz salmon and steelhead 2022-23,2022-09-01,Unguided-Bank,0,776.4666666666666,0
Lower Cowlitz salmon and steelhead 2022-23,2022-09-01,Unguided-Boat,641.4166666666666,776.4666666666666,0.8260710912681377
Lower Cowlitz salmon and steelhead 2022-23,2022-10-01,Guided-Bank,0,202.83333333333334,0
Lower Cowlitz salmon and steelhead 2022-23,2022-10-01,Guided-Boat,24,202.83333333333334,0.11832374691865241
Lower Cowlitz salmon and steelhead 2022-23,2022-10-01,Unguided-Bank,4.9,202.83333333333334,0.024157764995891538
Lower Cowlitz salmon and steelhead 2022-23,2022-10-01,Unguided-Boat,173.93333333333334,202.83333333333334,0.857518488085456
Lower Cowlitz salmon and steelhead 2022-23,2022-11-01,Guided-Bank,0,94.28333333333333,0
Lower Cowlitz salmon and steelhead 2022-23,2022-11-01,Guided-Boat,21.8,94.28333333333333,0.2312179600494962
Lower Cowlitz salmon and steelhead 2022-23,2022-11-01,Unguided-Bank,0,94.28333333333333,0
Lower Cowlitz salmon and steelhead 2022-23,2022-11-01,Unguided-Boat,72.48333333333333,94.28333333333333,0.7687820399505039
Lower Cowlitz salmon and steelhead 2022-23,2023-02-01,Guided-Bank,0,346.16666666666663,0
Lower Cowlitz salmon and steelhead 2022-23,2023-02-01,Guided-Boat,257.8833333333333,346.16666666666663,0.7449687048627829
Lower Cowlitz salmon and steelhead 2022-23,2023-02-01,Unguided-Bank,6,346.16666666666663,0.017332691381800675
Lower Cowlitz salmon and steelhead 2022-23,2023-02-01,Unguided-Boat,82.28333333333333,346.16666666666663,0.2376986037554165
Lower Cowlitz salmon and steelhead 2022-23,2023-03-01,Guided-Bank,0,773.5833333333334,0
Lower Cowlitz salmon and steelhead 2022-23,2023-03-01,Guided-Boat,599.35,773.5833333333334,0.7747710869331035
Lower Cowlitz salmon and steelhead 2022-23,2023-03-01,Unguided-Bank,10.516666666666667,773.5833333333334,0.013594743078746096
Lower Cowlitz salmon and steelhead 2022-23,2023-03-01,Unguided-Boat,163.71666666666667,773.5833333333334,0.21163416998815038
Lower Cowlitz salmon and steelhead 2022-23,2023-04-01,Guided-Bank,0,239.96666666666664,0
Lower Cowlitz salmon and steelhead 2022-23,2023-04-01,Guided-Boat,174.23333333333332,239.96666666666664,0.72607306570357
Lower Cowlitz salmon and steelhead 2022-23,2023-04-01,Unguided-Bank,22.5,239.96666666666664,0.09376302264203362
Lower Cowlitz salmon and steelhead 2022-23,2023-04-01,Unguided-Boat,43.233333333333334,239.96666666666664,0.18016391165439646
Lower Cowlitz salmon and steelhead 2022-23,2023-05-01,Guided-Bank,0,157.61666666666667,0
Lower Cowlitz salmon and steelhead 2022-23,2023-05-01,Guided-Boat,70,157.61666666666667,0.44411547002220575
Lower Cowlitz salmon and steelhead 2022-23,2023-05-01,Unguided-Bank,0,157.61666666666667,0
Lower Cowlitz salmon and steelhead 2022-23,2023-05-01,Unguided-Boat,87.61666666666667,157.61666666666667,0.5558845299777943
Lower Cowlitz salmon and steelhead 2022-23,2023-06-01,Guided-Bank,0,686.7333333333333,0
Lower Cowlitz salmon and steelhead 2022-23,2023-06-01,Guided-Boat,485.93333333333334,686.7333333333333,0.7076012037666246
Lower Cowlitz salmon and steelhead 2022-23,2023-06-01,Unguided-Bank,18.133333333333333,686.7333333333333,0.026405203378312782
Lower Cowlitz salmon and steelhead 2022-23,2023-06-01,Unguided-Boat,182.66666666666666,686.7333333333333,0.2659935928550626
Lower Cowlitz salmon and steelhead 2022-23,2023-07-01,Guided-Bank,0,1955.7,0
Lower Cowlitz salmon and steelhead 2022-23,2023-07-01,Guided-Boat,1590.6833333333334,1955.7,0.8133575360910842
Lower Cowlitz salmon and steelhead 2022-23,2023-07-01,Unguided-Bank,53.733333333333334,1955.7,0.02747524330589218
Lower Cowlitz salmon and steelhead 2022-23,2023-07-01,Unguided-Boat,311.28333333333336,1955.7,0.15916722060302366
Lower Cowlitz salmon and steelhead 2023-24,2023-08-01,Guided-Bank,0,820.7833333333333,0
Lower Cowlitz salmon and steelhead 2023-24,2023-08-01,Guided-Boat,422.01666666666665,820.7833333333333,0.5141632992872662
Lower Cowlitz salmon and steelhead 2023-24,2023-08-01,Unguided-Bank,225.8,820.7833333333333,0.27510305196255613
Lower Cowlitz salmon and steelhead 2023-24,2023-08-01,Unguided-Boat,172.96666666666667,820.7833333333333,0.2107336487501777
Lower Cowlitz salmon and steelhead 2023-24,2023-09-01,Guided-Bank,0,1201.3166666666666,0
Lower Cowlitz salmon and steelhead 2023-24,2023-09-01,Guided-Boat,51.150000000000006,1201.3166666666666,0.04257828216262712
Lower Cowlitz salmon and steelhead 2023-24,2023-09-01,Unguided-Bank,807.65,1201.3166666666666,0.6723039997780214
Lower Cowlitz salmon and steelhead 2023-24,2023-09-01,Unguided-Boat,342.51666666666665,1201.3166666666666,0.28511771805935154
Lower Cowlitz salmon and steelhead 2023-24,2023-10-01,Guided-Bank,11.333333333333334,1094.25,0.010357170055593634
Lower Cowlitz salmon and steelhead 2023-24,2023-10-01,Guided-Boat,159.26666666666668,1094.25,0.14554870154595995
Lower Cowlitz salmon and steelhead 2023-24,2023-10-01,Unguided-Bank,779.35,1094.25,0.712222983778844
Lower Cowlitz salmon and steelhead 2023-24,2023-10-01,Unguided-Boat,144.3,1094.25,0.13187114461960248
Lower Cowlitz salmon and steelhead 2023-24,2023-11-01,Guided-Bank,0,485.1166666666667,0
Lower Cowlitz salmon and steelhead 2023-24,2023-11-01,Guided-Boat,28.06666666666667,485.1166666666667,0.05785549867729413
Lower Cowlitz salmon and steelhead 2023-24,2023-11-01,Unguided-Bank,413.31666666666666,485.1166666666667,0.8519943656165183
Lower Cowlitz salmon and steelhead 2023-24,2023-11-01,Unguided-Boat,43.733333333333334,485.1166666666667,0.09015013570618752
Lower Cowlitz salmon and steelhead 2023-24,2023-12-01,Guided-Bank,0,124.19999999999999,0
Lower Cowlitz salmon and steelhead 2023-24,2023-12-01,Guided-Boat,0,124.19999999999999,0
Lower Cowlitz salmon and steelhead 2023-24,2023-12-01,Unguided-Bank,86.06666666666666,124.19999999999999,0.6929683306494901
Lower Cowlitz salmon and steelhead 2023-24,2023-12-01,Unguided-Boat,38.13333333333333,124.19999999999999,0.30703166935050996
Lower Cowlitz salmon and steelhead 2023-24,2024-01-01,Guided-Bank,0,1273.5666666666668,0
Lower Cowlitz salmon and steelhead 2023-24,2024-01-01,Guided-Boat,529.6,1273.5666666666668,0.415840029314
Lower Cowlitz salmon and steelhead 2023-24,2024-01-01,Unguided-Bank,609.3166666666667,1273.5666666666668,0.47843327139005937
Lower Cowlitz salmon and steelhead 2023-24,2024-01-01,Unguided-Boat,134.65,1273.5666666666668,0.10572669929594053
Lower Cowlitz salmon and steelhead 2023-24,2024-02-01,Guided-Bank,0,3234.6,0
Lower Cowlitz salmon and steelhead 2023-24,2024-02-01,Guided-Boat,1304.8166666666666,3234.6,0.4033935159422082
Lower Cowlitz salmon and steelhead 2023-24,2024-02-01,Unguided-Bank,1213.5166666666667,3234.6,0.3751674601702426
Lower Cowlitz salmon and steelhead 2023-24,2024-02-01,Unguided-Boat,716.2666666666667,3234.6,0.2214390238875492
Lower Cowlitz salmon and steelhead 2023-24,2024-03-01,Guided-Bank,0,4504.466666666666,0
Lower Cowlitz salmon and steelhead 2023-24,2024-03-01,Guided-Boat,2406.9166666666665,4504.466666666666,0.534339988455903
Lower Cowlitz salmon and steelhead 2023-24,2024-03-01,Unguided-Bank,1263.4666666666667,4504.466666666666,0.28049195613243155
Lower Cowlitz salmon and steelhead 2023-24,2024-03-01,Unguided-Boat,834.0833333333334,4504.466666666666,0.18516805541166548
Lower Cowlitz salmon and steelhead 2023-24,2024-04-01,Guided-Bank,0,1395.8833333333332,0
Lower Cowlitz salmon and steelhead 2023-24,2024-04-01,Guided-Boat,346.6,1395.8833333333332,0.2483015533771925
Lower Cowlitz salmon and steelhead 2023-24,2024-04-01,Unguided-Bank,921.55,1395.8833333333332,0.6601912767303858
Lower Cowlitz salmon and steelhead 2023-24,2024-04-01,Unguided-Boat,127.73333333333333,1395.8833333333332,0.09150716989242177
Lower Cowlitz salmon and steelhead 2023-24,2024-05-01,Guided-Bank,0,502.1,0
Lower Cowlitz salmon and steelhead 2023-24,2024-05-01,Guided-Boat,96.18333333333334,502.1,0.19156210582221336
Lower Cowlitz salmon and steelhead 2023-24,2024-05-01,Unguided-Bank,346.45,502.1,0.6900019916351324
Lower Cowlitz salmon and steelhead 2023-24,2024-05-01,Unguided-Boat,59.46666666666667,502.1,0.11843590254265418
Lower Cowlitz salmon and steelhead 2023-24,2024-06-01,Guided-Bank,0,1183.8,0
Lower Cowlitz salmon and steelhead 2023-24,2024-06-01,Guided-Boat,708.35,1183.8,0.5983696570366617
Lower Cowlitz salmon and steelhead 2023-24,2024-06-01,Unguided-Bank,344.55,1183.8,0.29105423213380643
Lower Cowlitz salmon and steelhead 2023-24,2024-06-01,Unguided-Boat,130.9,1183.8,0.11057611082953202
Lower Cowlitz salmon and steelhead 2023-24,2024-07-01,Guided-Bank,72.66666666666667,1478.0666666666666,0.049163321455955984
Lower Cowlitz salmon and steelhead 2023-24,2024-07-01,Guided-Boat,819.1,1478.0666666666666,0.5541698615308286
Lower Cowlitz salmon and steelhead 2023-24,2024-07-01,Unguided-Bank,387.75,1478.0666666666666,0.2623359343286275
Lower Cowlitz salmon and steelhead 2023-24,2024-07-01,Unguided-Boat,198.55,1478.0666666666666,0.13433088268458798
Naselle winter steelhead 2022,2022-01-01,Guided-Bank,0,446.8333333333333,0
Naselle winter steelhead 2022,2022-01-01,Guided-Boat,26,446.8333333333333,0.05818724356583364
Naselle winter steelhead 2022,2022-01-01,Unguided-Bank,420.8333333333333,446.8333333333333,0.9418127564341664
Naselle winter steelhead 2022,2022-01-01,Unguided-Boat,0,446.8333333333333,0
Naselle winter steelhead 2022,2022-02-01,Guided-Bank,0,361.09999999999997,0
Naselle winter steelhead 2022,2022-02-01,Guided-Boat,0,361.09999999999997,0
Naselle winter steelhead 2022,2022-02-01,Unguided-Bank,345.1333333333333,361.09999999999997,0.9557832548693806
Naselle winter steelhead 2022,2022-02-01,Unguided-Boat,15.966666666666667,361.09999999999997,0.044216745130619406
Naselle winter steelhead 2022-23,2022-12-01,Guided-Bank,0,73.81666666666666,0
Naselle winter steelhead 2022-23,2022-12-01,Guided-Boat,0,73.81666666666666,0
Naselle winter steelhead 2022-23,2022-12-01,Unguided-Bank,73.81666666666666,73.81666666666666,1
Naselle winter steelhead 2022-23,2022-12-01,Unguided-Boat,0,73.81666666666666,0
Naselle winter steelhead 2022-23,2023-01-01,Guided-Bank,0,309.1166666666667,0
Naselle winter steelhead 2022-23,2023-01-01,Guided-Boat,0,309.1166666666667,0
Naselle winter steelhead 2022-23,2023-01-01,Unguided-Bank,309.1166666666667,309.1166666666667,1
Naselle winter steelhead 2022-23,2023-01-01,Unguided-Boat,0,309.1166666666667,0
Naselle winter steelhead 2022-23,2023-02-01,Guided-Bank,0,380.46666666666664,0
Naselle winter steelhead 2022-23,2023-02-01,Guided-Boat,0,380.46666666666664,0
Naselle winter steelhead 2022-23,2023-02-01,Unguided-Bank,380.46666666666664,380.46666666666664,1
Naselle winter steelhead 2022-23,2023-02-01,Unguided-Boat,0,380.46666666666664,0
Naselle winter steelhead 2022-23,2023-03-01,Guided-Bank,0,442.8833333333333,0
Naselle winter steelhead 2022-23,2023-03-01,Guided-Boat,0,442.8833333333333,0
Naselle winter steelhead 2022-23,2023-03-01,Unguided-Bank,442.8833333333333,442.8833333333333,1
Naselle winter steelhead 2022-23,2023-03-01,Unguided-Boat,0,442.8833333333333,0
Naselle winter steelhead 2023-24,2023-12-01,Guided-Bank,0,832.2666666666667,0
Naselle winter steelhead 2023-24,2023-12-01,Guided-Boat,22.75,832.2666666666667,0.027334988785645626
Naselle winter steelhead 2023-24,2023-12-01,Unguided-Bank,703.4666666666667,832.2666666666667,0.8452419096443448
Naselle winter steelhead 2023-24,2023-12-01,Unguided-Boat,106.05,832.2666666666667,0.1274231015700096
Naselle winter steelhead 2023-24,2024-01-01,Guided-Bank,0,414.9166666666667,0
Naselle winter steelhead 2023-24,2024-01-01,Guided-Boat,0,414.9166666666667,0
Naselle winter steelhead 2023-24,2024-01-01,Unguided-Bank,293.98333333333335,414.9166666666667,0.7085358505724041
Naselle winter steelhead 2023-24,2024-01-01,Unguided-Boat,120.93333333333334,414.9166666666667,0.2914641494275959
Naselle winter steelhead 2023-24,2024-02-01,Guided-Bank,16.666666666666668,585.9666666666667,0.028443028613686788
Naselle winter steelhead 2023-24,2024-02-01,Guided-Boat,33.666666666666664,585.9666666666667,0.0574549177996473
Naselle winter steelhead 2023-24,2024-02-01,Unguided-Bank,358.8333333333333,585.9666666666667,0.6123784060526765
Naselle winter steelhead 2023-24,2024-02-01,Unguided-Boat,176.8,585.9666666666667,0.30172364753398945
Naselle winter steelhead 2023-24,2024-03-01,Guided-Bank,11.466666666666667,405.81666666666666,0.02825578052486755
Naselle winter steelhead 2023-24,2024-03-01,Guided-Boat,10.533333333333333,405.81666666666666,0.02595589141237833
Naselle winter steelhead 2023-24,2024-03-01,Unguided-Bank,269.23333333333335,405.81666666666666,0.6634358700562651
Naselle winter steelhead 2023-24,2024-03-01,Unguided-Boat,114.58333333333333,405.81666666666666,0.28235245800648895
Nooksack fall salmon 2023,2023-11-01,Guided-Bank,0,111.13333333333334,0
Nooksack fall salmon 2023,2023-11-01,Guided-Boat,0,111.13333333333334,0
Nooksack fall salmon 2023,2023-11-01,Unguided-Bank,75.2,111.13333333333334,0.6766646670665867
Nooksack fall salmon 2023,2023-11-01,Unguided-Boat,35.93333333333334,111.13333333333334,0.3233353329334133
Nooksack fall salmon 2024,2024-11-01,Guided-Bank,0,148.83333333333331,0
Nooksack fall salmon 2024,2024-11-01,Guided-Boat,0,148.83333333333331,0
Nooksack fall salmon 2024,2024-11-01,Unguided-Bank,117.06666666666666,148.83333333333331,0.7865621500559911
Nooksack fall salmon 2024,2024-11-01,Unguided-Boat,31.766666666666666,148.83333333333331,0.21343784994400897
Nooksack spring Chinook 2022,2022-05-01,Guided-Bank,0,219.76666666666668,0
Nooksack spring Chinook 2022,2022-05-01,Guided-Boat,0,219.76666666666668,0
Nooksack spring Chinook 2022,2022-05-01,Unguided-Bank,204.71666666666667,219.76666666666668,0.9315182769604126
Nooksack spring Chinook 2022,2022-05-01,Unguided-Boat,15.05,219.76666666666668,0.06848172303958744
Nooksack spring Chinook 2022,2022-06-01,Guided-Bank,0,269.23333333333335,0
Nooksack spring Chinook 2022,2022-06-01,Guided-Boat,0,269.23333333333335,0
Nooksack spring Chinook 2022,2022-06-01,Unguided-Bank,269.23333333333335,269.23333333333335,1
Nooksack spring Chinook 2022,2022-06-01,Unguided-Boat,0,269.23333333333335,0
Nooksack spring Chinook 2022,2022-07-01,Guided-Bank,0,189.23333333333332,0
Nooksack spring Chinook 2022,2022-07-01,Guided-Boat,0,189.23333333333332,0
Nooksack spring Chinook 2022,2022-07-01,Unguided-Bank,165.7,189.23333333333332,0.8756385414831778
Nooksack spring Chinook 2022,2022-07-01,Unguided-Boat,23.53333333333333,189.23333333333332,0.12436145851682226
Nooksack spring Chinook 2026,2026-05-01,Guided-Bank,0,980.7833333333334,0
Nooksack spring Chinook 2026,2026-05-01,Guided-Boat,0,980.7833333333334,0
Nooksack spring Chinook 2026,2026-05-01,Unguided-Bank,725.3166666666667,980.7833333333334,0.7395279283565858
Nooksack spring Chinook 2026,2026-05-01,Unguided-Boat,255.46666666666667,980.7833333333334,0.26047207164341424
Nooksack spring Chinook 2026,2026-06-01,Guided-Bank,0,649.6833333333334,0
Nooksack spring Chinook 2026,2026-06-01,Guided-Boat,46.400000000000006,649.6833333333334,0.07141940945588877
Nooksack spring Chinook 2026,2026-06-01,Unguided-Bank,489.3833333333333,649.6833333333334,0.7532644108668325
Nooksack spring Chinook 2026,2026-06-01,Unguided-Boat,113.9,649.6833333333334,0.17531617967727867
Nooksack winter gamefish 2021-22,2022-01-01,Guided-Bank,0,413.8833333333333,0
Nooksack winter gamefish 2021-22,2022-01-01,Guided-Boat,0,413.8833333333333,0
Nooksack winter gamefish 2021-22,2022-01-01,Unguided-Bank,229.91666666666666,413.8833333333333,0.5555108122256674
Nooksack winter gamefish 2021-22,2022-01-01,Unguided-Boat,183.96666666666667,413.8833333333333,0.44448918777433255
Nooksack winter gamefish 2021-22,2022-02-01,Guided-Bank,0,1007,0
Nooksack winter gamefish 2021-22,2022-02-01,Guided-Boat,0,1007,0
Nooksack winter gamefish 2021-22,2022-02-01,Unguided-Bank,598.4833333333333,1007,0.5943230718305197
Nooksack winter gamefish 2021-22,2022-02-01,Unguided-Boat,408.51666666666665,1007,0.4056769281694803
Nooksack winter gamefish 2022-23,2022-12-01,Guided-Bank,0,368.46666666666664,0
Nooksack winter gamefish 2022-23,2022-12-01,Guided-Boat,0,368.46666666666664,0
Nooksack winter gamefish 2022-23,2022-12-01,Unguided-Bank,285.3333333333333,368.46666666666664,0.7743803148181654
Nooksack winter gamefish 2022-23,2022-12-01,Unguided-Boat,83.13333333333333,368.46666666666664,0.22561968518183462
Nooksack winter gamefish 2022-23,2023-01-01,Guided-Bank,0,63.03333333333333,0
Nooksack winter gamefish 2022-23,2023-01-01,Guided-Boat,0,63.03333333333333,0
Nooksack winter gamefish 2022-23,2023-01-01,Unguided-Bank,59.016666666666666,63.03333333333333,0.9362771020624009
Nooksack winter gamefish 2022-23,2023-01-01,Unguided-Boat,4.016666666666667,63.03333333333333,0.06372289793759915
Nooksack winter gamefish 2022-23,2023-02-01,Guided-Bank,33.15,1358.4166666666667,0.024403410833691182
Nooksack winter gamefish 2022-23,2023-02-01,Guided-Boat,10.7,1358.4166666666667,0.00787681737316729
Nooksack winter gamefish 2022-23,2023-02-01,Unguided-Bank,861.65,1358.4166666666667,0.634304643886878
Nooksack winter gamefish 2022-23,2023-02-01,Unguided-Boat,452.9166666666667,1358.4166666666667,0.33341512790626343
Post Quillayute winter steelhead 2023-24,2024-01-01,Guided-Bank,37.21666666666666,187.98333333333332,0.19797854419718058
Post Quillayute winter steelhead 2023-24,2024-01-01,Guided-Boat,94.31666666666666,187.98333333333332,0.501728876673464
Post Quillayute winter steelhead 2023-24,2024-01-01,Unguided-Bank,42.016666666666666,187.98333333333332,0.22351272275910986
Post Quillayute winter steelhead 2023-24,2024-01-01,Unguided-Boat,14.433333333333334,187.98333333333332,0.07677985637024559
Post Quillayute winter steelhead 2023-24,2024-02-01,Guided-Bank,352.76666666666665,1950.3,0.18087815549744482
Post Quillayute winter steelhead 2023-24,2024-02-01,Guided-Boat,712.15,1950.3,0.3651489514433677
Post Quillayute winter steelhead 2023-24,2024-02-01,Unguided-Bank,253.18333333333334,1950.3,0.12981763489377704
Post Quillayute winter steelhead 2023-24,2024-02-01,Unguided-Boat,632.2,1950.3,0.32415525816541046
Post Quillayute winter steelhead 2023-24,2024-03-01,Guided-Bank,288.76666666666665,2526.4666666666667,0.11429664617252025
Post Quillayute winter steelhead 2023-24,2024-03-01,Guided-Boat,864.75,2526.4666666666667,0.34227643349077763
Post Quillayute winter steelhead 2023-24,2024-03-01,Unguided-Bank,382.75,2526.4666666666667,0.15149616064596141
Post Quillayute winter steelhead 2023-24,2024-03-01,Unguided-Boat,990.2,2526.4666666666667,0.3919307596907407
Pre Quillayute winter steelhead 2023-24,2023-12-01,Guided-Bank,38,236.11666666666667,0.16093738970847743
Pre Quillayute winter steelhead 2023-24,2023-12-01,Guided-Boat,39.15,236.11666666666667,0.16580786334439188
Pre Quillayute winter steelhead 2023-24,2023-12-01,Unguided-Bank,123.80000000000001,236.11666666666667,0.5243170748923555
Pre Quillayute winter steelhead 2023-24,2023-12-01,Unguided-Boat,35.166666666666664,236.11666666666667,0.14893767205477518
Pre Quillayute winter steelhead 2023-24,2024-01-01,Guided-Bank,162.26666666666668,1194.4166666666667,0.13585432219353938
Pre Quillayute winter steelhead 2023-24,2024-01-01,Guided-Boat,494.1666666666667,1194.4166666666667,0.4137305518732994
Pre Quillayute winter steelhead 2023-24,2024-01-01,Unguided-Bank,220.86666666666667,1194.4166666666667,0.1849159282774018
Pre Quillayute winter steelhead 2023-24,2024-01-01,Unguided-Boat,317.1166666666667,1194.4166666666667,0.2654991976557594
Puyallup Carbon salmon 2024,2024-09-01,Guided-Bank,0,3.966666666666667,0
Puyallup Carbon salmon 2024,2024-09-01,Guided-Boat,0,3.966666666666667,0
Puyallup Carbon salmon 2024,2024-09-01,Unguided-Bank,0,3.966666666666667,0
Puyallup Carbon salmon 2024,2024-09-01,Unguided-Boat,3.966666666666667,3.966666666666667,1
Queets winter steelhead 2024-25,2025-01-01,Guided-Bank,6.266666666666667,167.71666666666667,0.037364603001093115
Queets winter steelhead 2024-25,2025-01-01,Guided-Boat,0,167.71666666666667,0
Queets winter steelhead 2024-25,2025-01-01,Unguided-Bank,84.63333333333334,167.71666666666667,0.5046208884030607
Queets winter steelhead 2024-25,2025-01-01,Unguided-Boat,76.81666666666666,167.71666666666667,0.45801450859584614
Queets winter steelhead 2024-25,2025-02-01,Guided-Bank,14.25,453.26666666666665,0.03143844683041624
Queets winter steelhead 2024-25,2025-02-01,Guided-Boat,75.18333333333334,453.26666666666665,0.16586998087954113
Queets winter steelhead 2024-25,2025-02-01,Unguided-Bank,153.2,453.26666666666665,0.3379908810119135
Queets winter steelhead 2024-25,2025-02-01,Unguided-Boat,210.63333333333333,453.26666666666665,0.46470069127812913
Queets winter steelhead 2025-26,2025-12-01,Guided-Bank,0,26.783333333333335,0
Queets winter steelhead 2025-26,2025-12-01,Guided-Boat,0,26.783333333333335,0
Queets winter steelhead 2025-26,2025-12-01,Unguided-Bank,26.783333333333335,26.783333333333335,1
Queets winter steelhead 2025-26,2025-12-01,Unguided-Boat,0,26.783333333333335,0
Queets winter steelhead 2025-26,2026-01-01,Guided-Bank,0,183.66666666666666,0
Queets winter steelhead 2025-26,2026-01-01,Guided-Boat,0,183.66666666666666,0
Queets winter steelhead 2025-26,2026-01-01,Unguided-Bank,183.66666666666666,183.66666666666666,1
Queets winter steelhead 2025-26,2026-01-01,Unguided-Boat,0,183.66666666666666,0
Queets winter steelhead 2025-26,2026-02-01,Guided-Bank,55.06666666666666,201.31666666666666,0.2735325772000993
Queets winter steelhead 2025-26,2026-02-01,Guided-Boat,16.5,201.31666666666666,0.0819604271876811
Queets winter steelhead 2025-26,2026-02-01,Unguided-Bank,52.81666666666667,201.31666666666666,0.26235615531087014
Queets winter steelhead 2025-26,2026-02-01,Unguided-Boat,76.93333333333334,201.31666666666666,0.3821508403013495
Queets winter steelhead 2025-26,2026-03-01,Guided-Bank,0,109.31666666666666,0
Queets winter steelhead 2025-26,2026-03-01,Guided-Boat,23.599999999999998,109.31666666666666,0.21588656807440157
Queets winter steelhead 2025-26,2026-03-01,Unguided-Bank,6,109.31666666666666,0.054886415612135996
Queets winter steelhead 2025-26,2026-03-01,Unguided-Boat,79.71666666666667,109.31666666666666,0.7292270163134624
Quillayute fall salmon 2022,2022-09-01,Guided-Bank,0,45.983333333333334,0
Quillayute fall salmon 2022,2022-09-01,Guided-Boat,0,45.983333333333334,0
Quillayute fall salmon 2022,2022-09-01,Unguided-Bank,29.566666666666666,45.983333333333334,0.6429865893439651
Quillayute fall salmon 2022,2022-09-01,Unguided-Boat,16.416666666666664,45.983333333333334,0.35701341065603476
Quillayute fall salmon 2022,2022-10-01,Guided-Bank,0,222.03333333333336,0
Quillayute fall salmon 2022,2022-10-01,Guided-Boat,0,222.03333333333336,0
Quillayute fall salmon 2022,2022-10-01,Unguided-Bank,195.3,222.03333333333336,0.8795976580093079
Quillayute fall salmon 2022,2022-10-01,Unguided-Boat,26.733333333333334,222.03333333333336,0.12040234199069208
Quillayute fall salmon 2022,2022-11-01,Guided-Bank,42.666666666666664,2417.4333333333334,0.017649573238834575
Quillayute fall salmon 2022,2022-11-01,Guided-Boat,531.5,2417.4333333333334,0.21986128538532604
Quillayute fall salmon 2022,2022-11-01,Unguided-Bank,814.6833333333333,2417.4333333333334,0.3370034333935441
Quillayute fall salmon 2022,2022-11-01,Unguided-Boat,1028.5833333333333,2417.4333333333334,0.42548570798229524
Quillayute fall salmon 2022,2022-12-01,Guided-Bank,24,1342.3000000000002,0.017879758623258583
Quillayute fall salmon 2022,2022-12-01,Guided-Boat,245,1342.3000000000002,0.1825225359457647
Quillayute fall salmon 2022,2022-12-01,Unguided-Bank,632.8166666666667,1342.3000000000002,0.47144205219896196
Quillayute fall salmon 2022,2022-12-01,Unguided-Boat,440.48333333333335,1342.3000000000002,0.3281556532320147
Quillayute fall salmon 2023,2023-10-01,Guided-Bank,0,2501.4,0
Quillayute fall salmon 2023,2023-10-01,Guided-Boat,472.4,2501.4,0.18885424162469017
Quillayute fall salmon 2023,2023-10-01,Unguided-Bank,1417.5,2501.4,0.5666826577116815
Quillayute fall salmon 2023,2023-10-01,Unguided-Boat,611.5,2501.4,0.24446310066362836
Quillayute fall salmon 2023,2023-11-01,Guided-Bank,0,616.9333333333333,0
Quillayute fall salmon 2023,2023-11-01,Guided-Boat,133.23333333333332,616.9333333333333,0.2159606656580938
Quillayute fall salmon 2023,2023-11-01,Unguided-Bank,222.11666666666667,616.9333333333333,0.36003349902744763
Quillayute fall salmon 2023,2023-11-01,Unguided-Boat,261.5833333333333,616.9333333333333,0.4240058353144586
Quillayute fall salmon 2023,2023-12-01,Guided-Bank,0,22.6,0
Quillayute fall salmon 2023,2023-12-01,Guided-Boat,0,22.6,0
Quillayute fall salmon 2023,2023-12-01,Unguided-Bank,22.6,22.6,1
Quillayute fall salmon 2023,2023-12-01,Unguided-Boat,0,22.6,0
Quillayute fall salmon 2024,2024-09-01,Guided-Bank,19.6,1532.6333333333334,0.01278844689967159
Quillayute fall salmon 2024,2024-09-01,Guided-Boat,162.28333333333333,1532.6333333333334,0.10588529546097131
Quillayute fall salmon 2024,2024-09-01,Unguided-Bank,957.5166666666667,1532.6333333333334,0.6247526044498575
Quillayute fall salmon 2024,2024-09-01,Unguided-Boat,393.23333333333335,1532.6333333333334,0.25657365318949954
Quillayute fall salmon 2024,2024-10-01,Guided-Bank,34.38333333333333,2820.9,0.012188781358195374
Quillayute fall salmon 2024,2024-10-01,Guided-Boat,664.6666666666666,2820.9,0.2356222009524147
Quillayute fall salmon 2024,2024-10-01,Unguided-Bank,1159.1666666666667,2820.9,0.41092086449950965
Quillayute fall salmon 2024,2024-10-01,Unguided-Boat,962.6833333333333,2820.9,0.34126815318988024
Quillayute fall salmon 2024,2024-11-01,Guided-Bank,13.566666666666666,1510.0833333333335,0.008984051652778543
Quillayute fall salmon 2024,2024-11-01,Guided-Boat,506.85,1510.0833333333335,0.3356437282710667
Quillayute fall salmon 2024,2024-11-01,Unguided-Bank,469.81666666666666,1510.0833333333335,0.31111969538104955
Quillayute fall salmon 2024,2024-11-01,Unguided-Boat,519.85,1510.0833333333335,0.3442525246951051
Quillayute fall salmon 2025,2025-09-01,Guided-Bank,25.666666666666664,1168.55,0.02196454295209162
Quillayute fall salmon 2025,2025-09-01,Guided-Boat,150.41666666666666,1168.55,0.1287207793133941
Quillayute fall salmon 2025,2025-09-01,Unguided-Bank,686.45,1168.55,0.5874374224466219
Quillayute fall salmon 2025,2025-09-01,Unguided-Boat,306.01666666666665,1168.55,0.2618772552878924
Quillayute fall salmon 2025,2025-10-01,Guided-Bank,0,3041.4666666666667,0
Quillayute fall salmon 2025,2025-10-01,Guided-Boat,676.8833333333333,3041.4666666666667,0.22255161983253693
Quillayute fall salmon 2025,2025-10-01,Unguided-Bank,1390.95,3041.4666666666667,0.4573287010652755
Quillayute fall salmon 2025,2025-10-01,Unguided-Boat,973.6333333333333,3041.4666666666667,0.3201196791021875
Quillayute fall salmon 2025,2025-11-01,Guided-Bank,7.6,1677,0.004531902206320811
Quillayute fall salmon 2025,2025-11-01,Guided-Boat,236.45,1677,0.14099582587954682
Quillayute fall salmon 2025,2025-11-01,Unguided-Bank,865.5166666666667,1677,0.516110117272908
Quillayute fall salmon 2025,2025-11-01,Unguided-Boat,567.4333333333333,1677,0.3383621546412244
Quillayute fall salmon 2025,2025-12-01,Guided-Bank,0,11.9,0
Quillayute fall salmon 2025,2025-12-01,Guided-Boat,0,11.9,0
Quillayute fall salmon 2025,2025-12-01,Unguided-Bank,11.9,11.9,1
Quillayute fall salmon 2025,2025-12-01,Unguided-Boat,0,11.9,0
Quillayute spring chinook 2025,2025-05-01,Guided-Bank,8.666666666666666,1213.2333333333333,0.007143445888397395
Quillayute spring chinook 2025,2025-05-01,Guided-Boat,616.2,1213.2333333333333,0.5078990026650548
Quillayute spring chinook 2025,2025-05-01,Unguided-Bank,217.23333333333332,1213.2333333333333,0.17905321867186855
Quillayute spring chinook 2025,2025-05-01,Unguided-Boat,371.1333333333333,1213.2333333333333,0.3059043327746792
Quillayute spring chinook 2025,2025-06-01,Guided-Bank,9.233333333333333,373.98333333333335,0.024689157270823117
Quillayute spring chinook 2025,2025-06-01,Guided-Boat,123.71666666666667,373.98333333333335,0.33080796826953074
Quillayute spring chinook 2025,2025-06-01,Unguided-Bank,69.53333333333333,373.98333333333335,0.18592628905031416
Quillayute spring chinook 2025,2025-06-01,Unguided-Boat,171.5,373.98333333333335,0.45857658540933194
Quillayute spring chinook 2026,2026-05-01,Guided-Bank,26.3,1382.5166666666667,0.019023278803148847
Quillayute spring chinook 2026,2026-05-01,Guided-Boat,478.48333333333335,1382.5166666666667,0.3460958879338405
Quillayute spring chinook 2026,2026-05-01,Unguided-Bank,258.85,1382.5166666666667,0.1872310159009536
Quillayute spring chinook 2026,2026-05-01,Unguided-Boat,618.8833333333333,1382.5166666666667,0.4476498173620571
Quillayute winter steelhead 2022-23,2022-12-01,Guided-Bank,12,103.11666666666666,0.11637304024567642
Quillayute winter steelhead 2022-23,2022-12-01,Guided-Boat,11.5,103.11666666666666,0.11152416356877325
Quillayute winter steelhead 2022-23,2022-12-01,Unguided-Bank,73.11666666666666,103.11666666666666,0.709067399385809
Quillayute winter steelhead 2022-23,2022-12-01,Unguided-Boat,6.5,103.11666666666666,0.06303539679974139
Quillayute winter steelhead 2022-23,2023-01-01,Guided-Bank,362.98333333333335,1173.3333333333335,0.3093607954545454
Quillayute winter steelhead 2022-23,2023-01-01,Guided-Boat,232.81666666666666,1173.3333333333335,0.19842329545454543
Quillayute winter steelhead 2022-23,2023-01-01,Unguided-Bank,397.3,1173.3333333333335,0.3386079545454545
Quillayute winter steelhead 2022-23,2023-01-01,Unguided-Boat,180.23333333333335,1173.3333333333335,0.15360795454545453
Quillayute winter steelhead 2022-23,2023-02-01,Guided-Bank,279.3833333333333,1340.8,0.2083706245027844
Quillayute winter steelhead 2022-23,2023-02-01,Guided-Boat,332.8,1340.8,0.24821002386634847
Quillayute winter steelhead 2022-23,2023-02-01,Unguided-Bank,337.7166666666667,1340.8,0.25187698886237075
Quillayute winter steelhead 2022-23,2023-02-01,Unguided-Boat,390.9,1340.8,0.29154236276849643
Quillayute winter steelhead 2022-23,2023-03-01,Guided-Bank,60.833333333333336,490.40000000000003,0.1240483958673192
Quillayute winter steelhead 2022-23,2023-03-01,Guided-Boat,339.6,490.40000000000003,0.6924959216965743
Quillayute winter steelhead 2022-23,2023-03-01,Unguided-Bank,61.75,490.40000000000003,0.12591761827079934
Quillayute winter steelhead 2022-23,2023-03-01,Unguided-Boat,28.21666666666667,490.40000000000003,0.05753806416530723
Quillayute winter steelhead 2024-25,2024-12-01,Guided-Bank,22.25,1342.7833333333333,0.016570059701863045
Quillayute winter steelhead 2024-25,2024-12-01,Guided-Boat,255.76666666666668,1342.7833333333333,0.1904750083781201
Quillayute winter steelhead 2024-25,2024-12-01,Unguided-Bank,863.2166666666667,1342.7833333333333,0.6428562562835901
Quillayute winter steelhead 2024-25,2024-12-01,Unguided-Boat,201.55,1342.7833333333333,0.15009867563642684
Quillayute winter steelhead 2024-25,2025-01-01,Guided-Bank,52.016666666666666,1325.3333333333333,0.03924798792756539
Quillayute winter steelhead 2024-25,2025-01-01,Guided-Boat,307.26666666666665,1325.3333333333333,0.231841046277666
Quillayute winter steelhead 2024-25,2025-01-01,Unguided-Bank,416.76666666666665,1325.3333333333333,0.3144617706237425
Quillayute winter steelhead 2024-25,2025-01-01,Unguided-Boat,549.2833333333333,1325.3333333333333,0.41444919517102613
Quillayute winter steelhead 2024-25,2025-02-01,Guided-Bank,283.2166666666667,1713.75,0.165261366399222
Quillayute winter steelhead 2024-25,2025-02-01,Guided-Boat,534.85,1713.75,0.31209336250911746
Quillayute winter steelhead 2024-25,2025-02-01,Unguided-Bank,507.5833333333333,1713.75,0.2961828349136883
Quillayute winter steelhead 2024-25,2025-02-01,Unguided-Boat,388.1,1713.75,0.2264624361779723
Quillayute winter steelhead 2024-25,2025-03-01,Guided-Bank,640.1666666666666,3118.9833333333336,0.20524850512186127
Quillayute winter steelhead 2024-25,2025-03-01,Guided-Boat,1393,3118.9833333333336,0.44661989216571635
Quillayute winter steelhead 2024-25,2025-03-01,Unguided-Bank,480.6,3118.9833333333336,0.15408867205659962
Quillayute winter steelhead 2024-25,2025-03-01,Unguided-Boat,605.2166666666667,3118.9833333333336,0.19404293065582268
Quillayute winter steelhead 2025-26,2025-12-01,Guided-Bank,10.083333333333334,1740.2,0.005794353139485883
Quillayute winter steelhead 2025-26,2025-12-01,Guided-Boat,116.48333333333333,1740.2,0.06693675056506915
Quillayute winter steelhead 2025-26,2025-12-01,Unguided-Bank,1339.25,1740.2,0.7695954487989886
Quillayute winter steelhead 2025-26,2025-12-01,Unguided-Boat,274.3833333333333,1740.2,0.15767344749645634
Quillayute winter steelhead 2025-26,2026-01-01,Guided-Bank,149.83333333333334,1971.8500000000001,0.07598617203810297
Quillayute winter steelhead 2025-26,2026-01-01,Guided-Boat,435.95,1971.8500000000001,0.22108679666303216
Quillayute winter steelhead 2025-26,2026-01-01,Unguided-Bank,789.7,1971.8500000000001,0.40048685244820853
Quillayute winter steelhead 2025-26,2026-01-01,Unguided-Boat,596.3666666666667,1971.8500000000001,0.3024401788506563
Quillayute winter steelhead 2025-26,2026-02-01,Guided-Bank,449.68333333333334,3293.2666666666664,0.1365462863620721
Quillayute winter steelhead 2025-26,2026-02-01,Guided-Boat,931.05,3293.2666666666664,0.28271321281807327
Quillayute winter steelhead 2025-26,2026-02-01,Unguided-Bank,908.5333333333333,3293.2666666666664,0.2758760298791474
Quillayute winter steelhead 2025-26,2026-02-01,Unguided-Boat,1004,3293.2666666666664,0.30486447094070734
Quillayute winter steelhead 2025-26,2026-03-01,Guided-Bank,473.15,3753.0833333333335,0.12606967604414146
Quillayute winter steelhead 2025-26,2026-03-01,Guided-Boat,1405.7,3753.0833333333335,0.37454537380376135
Quillayute winter steelhead 2025-26,2026-03-01,Unguided-Bank,779.8166666666667,3753.0833333333335,0.20778026955614273
Quillayute winter steelhead 2025-26,2026-03-01,Unguided-Boat,1094.4166666666667,3753.0833333333335,0.29160468059595446
Quinault winter steelhead 2024-25,2025-03-01,Guided-Bank,5.5,417.93333333333334,0.013159993619397034
Quinault winter steelhead 2024-25,2025-03-01,Guided-Boat,122.86666666666667,417.93333333333334,0.293986281703621
Quinault winter steelhead 2024-25,2025-03-01,Unguided-Bank,184.33333333333334,417.93333333333334,0.44105918009251877
Quinault winter steelhead 2024-25,2025-03-01,Unguided-Boat,105.23333333333333,417.93333333333334,0.2517945445844632
Quinault winter steelhead 2025-26,2026-01-01,Guided-Bank,0,23.833333333333332,0
Quinault winter steelhead 2025-26,2026-01-01,Guided-Boat,0,23.833333333333332,0
Quinault winter steelhead 2025-26,2026-01-01,Unguided-Bank,23.833333333333332,23.833333333333332,1
Quinault winter steelhead 2025-26,2026-01-01,Unguided-Boat,0,23.833333333333332,0
Quinault winter steelhead 2025-26,2026-02-01,Guided-Bank,0,62.7,0
Quinault winter steelhead 2025-26,2026-02-01,Guided-Boat,0,62.7,0
Quinault winter steelhead 2025-26,2026-02-01,Unguided-Bank,62.7,62.7,1
Quinault winter steelhead 2025-26,2026-02-01,Unguided-Boat,0,62.7,0
Quinault winter steelhead 2025-26,2026-03-01,Guided-Bank,0,118.26666666666667,0
Quinault winter steelhead 2025-26,2026-03-01,Guided-Boat,0,118.26666666666667,0
Quinault winter steelhead 2025-26,2026-03-01,Unguided-Bank,47.766666666666666,118.26666666666667,0.4038895152198422
Quinault winter steelhead 2025-26,2026-03-01,Unguided-Boat,70.5,118.26666666666667,0.5961104847801578
Satsop salmon 2022,2022-10-01,Guided-Bank,0,787.7166666666667,0
Satsop salmon 2022,2022-10-01,Guided-Boat,0,787.7166666666667,0
Satsop salmon 2022,2022-10-01,Unguided-Bank,252.08333333333334,787.7166666666667,0.3200177728878827
Satsop salmon 2022,2022-10-01,Unguided-Boat,535.6333333333333,787.7166666666667,0.6799822271121173
Satsop salmon 2022,2022-11-01,Guided-Bank,0,1940.2,0
Satsop salmon 2022,2022-11-01,Guided-Boat,93.33333333333334,1940.2,0.04810500635673299
Satsop salmon 2022,2022-11-01,Unguided-Bank,1004.2,1940.2,0.5175755076796207
Satsop salmon 2022,2022-11-01,Unguided-Boat,842.6666666666666,1940.2,0.43431948596364633
Satsop salmon 2022,2022-12-01,Guided-Bank,0,216.8,0
Satsop salmon 2022,2022-12-01,Guided-Boat,0,216.8,0
Satsop salmon 2022,2022-12-01,Unguided-Bank,198.5,216.8,0.915590405904059
Satsop salmon 2022,2022-12-01,Unguided-Boat,18.3,216.8,0.08440959409594095
Satsop salmon 2023,2023-10-01,Guided-Bank,0,1496.7333333333333,0
Satsop salmon 2023,2023-10-01,Guided-Boat,31.65,1496.7333333333333,0.02114605140082847
Satsop salmon 2023,2023-10-01,Unguided-Bank,877.2,1496.7333333333333,0.5860763440381275
Satsop salmon 2023,2023-10-01,Unguided-Boat,587.8833333333333,1496.7333333333333,0.39277760456104405
Satsop salmon 2023,2023-11-01,Guided-Bank,0,1439.7,0
Satsop salmon 2023,2023-11-01,Guided-Boat,126.06666666666666,1439.7,0.08756453890856891
Satsop salmon 2023,2023-11-01,Unguided-Bank,563.7833333333333,1439.7,0.391597786575907
Satsop salmon 2023,2023-11-01,Unguided-Boat,749.85,1439.7,0.5208376745155241
Satsop salmon 2024,2024-10-01,Guided-Bank,0,2613.2999999999997,0
Satsop salmon 2024,2024-10-01,Guided-Boat,43.3,2613.2999999999997,0.016569088891439942
Satsop salmon 2024,2024-10-01,Unguided-Bank,1676.3666666666666,2613.2999999999997,0.6414750188140155
Satsop salmon 2024,2024-10-01,Unguided-Boat,893.6333333333333,2613.2999999999997,0.3419558922945446
Satsop salmon 2024,2024-11-01,Guided-Bank,0,1462.0666666666666,0
Satsop salmon 2024,2024-11-01,Guided-Boat,151.88333333333333,1462.0666666666666,0.10388263189093065
Satsop salmon 2024,2024-11-01,Unguided-Bank,559.8833333333333,1462.0666666666666,0.3829396744334504
Satsop salmon 2024,2024-11-01,Unguided-Boat,750.3,1462.0666666666666,0.5131776936756189
Satsop salmon 2024,2024-12-01,Guided-Bank,0,296.7,0
Satsop salmon 2024,2024-12-01,Guided-Boat,41.349999999999994,296.7,0.1393663633299629
Satsop salmon 2024,2024-12-01,Unguided-Bank,130.76666666666665,296.7,0.44073699584316367
Satsop salmon 2024,2024-12-01,Unguided-Boat,124.58333333333333,296.7,0.4198966408268734
Satsop salmon 2025,2025-10-01,Guided-Bank,0,1321.1,0
Satsop salmon 2025,2025-10-01,Guided-Boat,163.91666666666666,1321.1,0.1240758963490021
Satsop salmon 2025,2025-10-01,Unguided-Bank,766,1321.1,0.5798198470971161
Satsop salmon 2025,2025-10-01,Unguided-Boat,391.18333333333334,1321.1,0.2961042565538819
Satsop salmon 2025,2025-11-01,Guided-Bank,0,1539.9,0
Satsop salmon 2025,2025-11-01,Guided-Boat,172.56666666666666,1539.9,0.11206355391042708
Satsop salmon 2025,2025-11-01,Unguided-Bank,477.7,1539.9,0.3102149490226638
Satsop salmon 2025,2025-11-01,Unguided-Boat,889.6333333333333,1539.9,0.5777214970669091
Satsop salmon 2025,2025-12-01,Guided-Bank,0,177.25,0
Satsop salmon 2025,2025-12-01,Guided-Boat,15.75,177.25,0.08885754583921016
Satsop salmon 2025,2025-12-01,Unguided-Bank,47.36666666666667,177.25,0.2672308415608839
Satsop salmon 2025,2025-12-01,Unguided-Boat,114.13333333333334,177.25,0.643911612599906
Satsop winter steelhead 2024-25,2024-11-01,Guided-Bank,0,1462.0666666666666,0
Satsop winter steelhead 2024-25,2024-11-01,Guided-Boat,151.88333333333333,1462.0666666666666,0.10388263189093065
Satsop winter steelhead 2024-25,2024-11-01,Unguided-Bank,559.8833333333333,1462.0666666666666,0.3829396744334504
Satsop winter steelhead 2024-25,2024-11-01,Unguided-Boat,750.3,1462.0666666666666,0.5131776936756189
Satsop winter steelhead 2024-25,2024-12-01,Guided-Bank,0,296.7,0
Satsop winter steelhead 2024-25,2024-12-01,Guided-Boat,41.349999999999994,296.7,0.1393663633299629
Satsop winter steelhead 2024-25,2024-12-01,Unguided-Bank,130.76666666666665,296.7,0.44073699584316367
Satsop winter steelhead 2024-25,2024-12-01,Unguided-Boat,124.58333333333333,296.7,0.4198966408268734
Satsop winter steelhead 2024-25,2025-01-01,Guided-Bank,0,443.08333333333337,0
Satsop winter steelhead 2024-25,2025-01-01,Guided-Boat,18.299999999999997,443.08333333333337,0.0413014858002633
Satsop winter steelhead 2024-25,2025-01-01,Unguided-Bank,92.93333333333334,443.08333333333337,0.20974233590370508
Satsop winter steelhead 2024-25,2025-01-01,Unguided-Boat,331.85,443.08333333333337,0.7489561782960316
Satsop winter steelhead 2024-25,2025-02-01,Guided-Bank,0,913.6666666666667,0
Satsop winter steelhead 2024-25,2025-02-01,Guided-Boat,53.06666666666666,913.6666666666667,0.05808099233856256
Satsop winter steelhead 2024-25,2025-02-01,Unguided-Bank,159.53333333333333,913.6666666666667,0.17460780736957313
Satsop winter steelhead 2024-25,2025-02-01,Unguided-Boat,701.0666666666667,913.6666666666667,0.7673112002918643
Satsop winter steelhead 2025-26,2025-12-01,Guided-Bank,0,177.25,0
Satsop winter steelhead 2025-26,2025-12-01,Guided-Boat,15.75,177.25,0.08885754583921016
Satsop winter steelhead 2025-26,2025-12-01,Unguided-Bank,47.36666666666667,177.25,0.2672308415608839
Satsop winter steelhead 2025-26,2025-12-01,Unguided-Boat,114.13333333333334,177.25,0.643911612599906
Satsop winter steelhead 2025-26,2026-01-01,Guided-Bank,0,462.8666666666666,0
Satsop winter steelhead 2025-26,2026-01-01,Guided-Boat,63.099999999999994,462.8666666666666,0.1363243554659369
Satsop winter steelhead 2025-26,2026-01-01,Unguided-Bank,118.61666666666666,462.8666666666666,0.25626530318306207
Satsop winter steelhead 2025-26,2026-01-01,Unguided-Boat,281.15,462.8666666666666,0.607410341351001
Satsop winter steelhead 2025-26,2026-02-01,Guided-Bank,0,710.55,0
Satsop winter steelhead 2025-26,2026-02-01,Guided-Boat,191.98333333333332,710.55,0.2701897591067952
Satsop winter steelhead 2025-26,2026-02-01,Unguided-Bank,138.36666666666667,710.55,0.19473178054558676
Satsop winter steelhead 2025-26,2026-02-01,Unguided-Boat,380.2,710.55,0.5350784603476181
Skagit fall salmon 2021,2021-08-01,Guided-Bank,0,1013.5166666666667,0
Skagit fall salmon 2021,2021-08-01,Guided-Boat,0,1013.5166666666667,0
Skagit fall salmon 2021,2021-08-01,Unguided-Bank,323.6333333333333,1013.5166666666667,0.31931722879084373
Skagit fall salmon 2021,2021-08-01,Unguided-Boat,689.8833333333333,1013.5166666666667,0.6806827712091562
Skagit fall salmon 2021,2021-09-01,Guided-Bank,0,2863.2333333333336,0
Skagit fall salmon 2021,2021-09-01,Guided-Boat,62.6,2863.2333333333336,0.02186339453065881
Skagit fall salmon 2021,2021-09-01,Unguided-Bank,1292,2863.2333333333336,0.45123811076056203
Skagit fall salmon 2021,2021-09-01,Unguided-Boat,1508.6333333333334,2863.2333333333336,0.5268984947087791
Skagit fall salmon 2021,2021-10-01,Guided-Bank,0,1376.0833333333335,0
Skagit fall salmon 2021,2021-10-01,Guided-Boat,132.38333333333333,1376.0833333333335,0.09620299158238961
Skagit fall salmon 2021,2021-10-01,Unguided-Bank,410.25,1376.0833333333335,0.29812874704778053
Skagit fall salmon 2021,2021-10-01,Unguided-Boat,833.45,1376.0833333333335,0.6056682613698298
Skagit fall salmon 2021,2021-11-01,Guided-Bank,0,313.26666666666665,0
Skagit fall salmon 2021,2021-11-01,Guided-Boat,30.46666666666667,313.26666666666665,0.09725473505001066
Skagit fall salmon 2021,2021-11-01,Unguided-Bank,89.85,313.26666666666665,0.28681634390295807
Skagit fall salmon 2021,2021-11-01,Unguided-Boat,192.95,313.26666666666665,0.6159289210470312
Skagit fall salmon 2021,2021-12-01,Guided-Bank,0,267.95,0
Skagit fall salmon 2021,2021-12-01,Guided-Boat,9.4,267.95,0.03508117186042172
Skagit fall salmon 2021,2021-12-01,Unguided-Bank,181.91666666666666,267.95,0.6789201965540834
Skagit fall salmon 2021,2021-12-01,Unguided-Boat,76.63333333333334,267.95,0.2859986315854948
Skagit fall salmon 2022,2022-09-01,Guided-Bank,0,6474.033333333334,0
Skagit fall salmon 2022,2022-09-01,Guided-Boat,339.55,6474.033333333334,0.052447984512488346
Skagit fall salmon 2022,2022-09-01,Unguided-Bank,1241.8833333333334,6474.033333333334,0.19182529180675623
Skagit fall salmon 2022,2022-09-01,Unguided-Boat,4892.6,6474.033333333334,0.7557267236807554
Skagit fall salmon 2022,2022-10-01,Guided-Bank,47.46666666666666,6153.433333333333,0.007713850804158111
Skagit fall salmon 2022,2022-10-01,Guided-Boat,816.0666666666667,6153.433333333333,0.13261972990688126
Skagit fall salmon 2022,2022-10-01,Unguided-Bank,998.1166666666667,6153.433333333333,0.16220483957465479
Skagit fall salmon 2022,2022-10-01,Unguided-Boat,4291.783333333334,6153.433333333333,0.6974615797143059
Skagit fall salmon 2022,2022-11-01,Guided-Bank,0,1270.6000000000001,0
Skagit fall salmon 2022,2022-11-01,Guided-Boat,138.01666666666668,1270.6000000000001,0.10862322262448187
Skagit fall salmon 2022,2022-11-01,Unguided-Bank,297.1166666666667,1270.6000000000001,0.2338396558056561
Skagit fall salmon 2022,2022-11-01,Unguided-Boat,835.4666666666667,1270.6000000000001,0.657537121569862
Skagit fall salmon 2023,2023-08-01,Guided-Bank,1.5833333333333333,3359.4,4.7131432200194477e-4
Skagit fall salmon 2023,2023-08-01,Guided-Boat,0,3359.4,0
Skagit fall salmon 2023,2023-08-01,Unguided-Bank,1743.1833333333334,3359.4,0.5188972237105832
Skagit fall salmon 2023,2023-08-01,Unguided-Boat,1614.6333333333334,3359.4,0.48063146196741485
Skagit fall salmon 2023,2023-09-01,Guided-Bank,9.333333333333334,7851.983333333334,0.0011886593408459434
Skagit fall salmon 2023,2023-09-01,Guided-Boat,298.9166666666667,7851.983333333334,0.03806893799655713
Skagit fall salmon 2023,2023-09-01,Unguided-Bank,3767.15,7851.983333333334,0.4797705038429781
Skagit fall salmon 2023,2023-09-01,Unguided-Boat,3776.5833333333335,7851.983333333334,0.4809718988196188
Skagit fall salmon 2023,2023-10-01,Guided-Bank,20.2,5038.2,0.004009368425231233
Skagit fall salmon 2023,2023-10-01,Guided-Boat,475.83333333333337,5038.2,0.09444510605639582
Skagit fall salmon 2023,2023-10-01,Unguided-Bank,1302.2666666666667,5038.2,0.25847855715665646
Skagit fall salmon 2023,2023-10-01,Unguided-Boat,3239.9,5038.2,0.6430669683617165
Skagit fall salmon 2023,2023-11-01,Guided-Bank,37.666666666666664,1045.0166666666667,0.03604408223154335
Skagit fall salmon 2023,2023-11-01,Guided-Boat,205.15,1045.0166666666667,0.19631265849029522
Skagit fall salmon 2023,2023-11-01,Unguided-Bank,418.0833333333333,1045.0166666666667,0.4000733640611792
Skagit fall salmon 2023,2023-11-01,Unguided-Boat,384.1166666666667,1045.0166666666667,0.3675698952169822
Skagit fall salmon 2024,2024-09-01,Guided-Bank,0,6284.7,0
Skagit fall salmon 2024,2024-09-01,Guided-Boat,65.8,6284.7,0.01046987127468296
Skagit fall salmon 2024,2024-09-01,Unguided-Bank,2076.016666666667,6284.7,0.33032868182517333
Skagit fall salmon 2024,2024-09-01,Unguided-Boat,4142.883333333333,6284.7,0.6592014469001437
Skagit fall salmon 2024,2024-10-01,Guided-Bank,9.133333333333333,3564.1,0.0025625917716487565
Skagit fall salmon 2024,2024-10-01,Guided-Boat,510.5,3564.1,0.14323391599562302
Skagit fall salmon 2024,2024-10-01,Unguided-Bank,1092.1833333333334,3564.1,0.3064401485180925
Skagit fall salmon 2024,2024-10-01,Unguided-Boat,1952.2833333333333,3564.1,0.5477633437146358
Skagit fall salmon 2024,2024-11-01,Guided-Bank,28.799999999999997,1125.25,0.02559431237502777
Skagit fall salmon 2024,2024-11-01,Guided-Boat,95.98333333333333,1125.25,0.08529956306006073
Skagit fall salmon 2024,2024-11-01,Unguided-Bank,557.3666666666667,1125.25,0.4953269643782863
Skagit fall salmon 2024,2024-11-01,Unguided-Boat,443.1,1125.25,0.39377916018662523
Skagit fall salmon 2025,2025-08-01,Guided-Bank,0,2730.633333333333,0
Skagit fall salmon 2025,2025-08-01,Guided-Boat,31.433333333333334,2730.633333333333,0.011511370988415386
Skagit fall salmon 2025,2025-08-01,Unguided-Bank,1762.5833333333333,2730.633333333333,0.6454851743795701
Skagit fall salmon 2025,2025-08-01,Unguided-Boat,936.6166666666667,2730.633333333333,0.3430034546320146
Skagit fall salmon 2025,2025-09-01,Guided-Bank,33.8,8131.833333333333,0.004156504273329097
Skagit fall salmon 2025,2025-09-01,Guided-Boat,228.91666666666669,8131.833333333333,0.028150683527699782
Skagit fall salmon 2025,2025-09-01,Unguided-Bank,4070.5,8131.833333333333,0.50056362853805
Skagit fall salmon 2025,2025-09-01,Unguided-Boat,3798.616666666667,8131.833333333333,0.4671291836609211
Skagit fall salmon 2025,2025-10-01,Guided-Bank,131.4,5715.25,0.022991120248458074
Skagit fall salmon 2025,2025-10-01,Guided-Boat,740.6666666666666,5715.25,0.129594797544581
Skagit fall salmon 2025,2025-10-01,Unguided-Bank,2515.15,5715.25,0.44007698700844233
Skagit fall salmon 2025,2025-10-01,Unguided-Boat,2328.0333333333333,5715.25,0.4073370951985186
Skagit fall salmon 2025,2025-11-01,Guided-Bank,76.25,879.5666666666667,0.08669041573502102
Skagit fall salmon 2025,2025-11-01,Guided-Boat,209.15,879.5666666666667,0.23778754689809375
Skagit fall salmon 2025,2025-11-01,Unguided-Bank,333.6166666666667,879.5666666666667,0.3792966233372494
Skagit fall salmon 2025,2025-11-01,Unguided-Boat,260.55,879.5666666666667,0.2962254140296358
Skagit spring Chinook 2021 lower,2021-05-01,Guided-Bank,0,506.03333333333336,0
Skagit spring Chinook 2021 lower,2021-05-01,Guided-Boat,0,506.03333333333336,0
Skagit spring Chinook 2021 lower,2021-05-01,Unguided-Bank,277.48333333333335,506.03333333333336,0.5483499110730519
Skagit spring Chinook 2021 lower,2021-05-01,Unguided-Boat,228.55,506.03333333333336,0.45165008892694813
Skagit spring Chinook 2022 lower,2022-05-01,Guided-Bank,0,1305.1666666666665,0
Skagit spring Chinook 2022 lower,2022-05-01,Guided-Boat,0,1305.1666666666665,0
Skagit spring Chinook 2022 lower,2022-05-01,Unguided-Bank,893.4166666666666,1305.1666666666665,0.6845230494189759
Skagit spring Chinook 2022 lower,2022-05-01,Unguided-Boat,411.75,1305.1666666666665,0.31547695058102415
Skagit spring Chinook 2022 upper,2022-06-01,Guided-Bank,0,723.2,0
Skagit spring Chinook 2022 upper,2022-06-01,Guided-Boat,295.2,723.2,0.40818584070796454
Skagit spring Chinook 2022 upper,2022-06-01,Unguided-Bank,209.48333333333332,723.2,0.2896616887905604
Skagit spring Chinook 2022 upper,2022-06-01,Unguided-Boat,218.51666666666668,723.2,0.3021524705014749
Skagit spring Chinook 2022 upper,2022-07-01,Guided-Bank,0,54.8,0
Skagit spring Chinook 2022 upper,2022-07-01,Guided-Boat,0,54.8,0
Skagit spring Chinook 2022 upper,2022-07-01,Unguided-Bank,48.3,54.8,0.8813868613138686
Skagit spring Chinook 2022 upper,2022-07-01,Unguided-Boat,6.5,54.8,0.1186131386861314
Skagit spring Chinook 2023 lower,2023-05-01,Guided-Bank,0,965.9166666666667,0
Skagit spring Chinook 2023 lower,2023-05-01,Guided-Boat,0,965.9166666666667,0
Skagit spring Chinook 2023 lower,2023-05-01,Unguided-Bank,514.1,965.9166666666667,0.5322405314468122
Skagit spring Chinook 2023 lower,2023-05-01,Unguided-Boat,451.81666666666666,965.9166666666667,0.4677594685531878
Skagit spring Chinook 2023 upper,2023-06-01,Guided-Bank,2.6,917.3166666666667,0.0028343538218354256
Skagit spring Chinook 2023 upper,2023-06-01,Guided-Boat,219.4,917.3166666666667,0.23917585711949707
Skagit spring Chinook 2023 upper,2023-06-01,Unguided-Bank,318.95,917.3166666666667,0.3476989044132342
Skagit spring Chinook 2023 upper,2023-06-01,Unguided-Boat,376.3666666666667,917.3166666666667,0.41029088464543323
Skagit spring Chinook 2023 upper,2023-07-01,Guided-Bank,0,162.78333333333333,0
Skagit spring Chinook 2023 upper,2023-07-01,Guided-Boat,41.05,162.78333333333333,0.25217569366233233
Skagit spring Chinook 2023 upper,2023-07-01,Unguided-Bank,86.06666666666666,162.78333333333333,0.5287191563427869
Skagit spring Chinook 2023 upper,2023-07-01,Unguided-Boat,35.666666666666664,162.78333333333333,0.2191051499948807
Skagit spring Chinook 2024 lower,2024-04-01,Guided-Bank,0,454.9333333333334,0
Skagit spring Chinook 2024 lower,2024-04-01,Guided-Boat,0,454.9333333333334,0
Skagit spring Chinook 2024 lower,2024-04-01,Unguided-Bank,265.78333333333336,454.9333333333334,0.5842247948417351
Skagit spring Chinook 2024 lower,2024-04-01,Unguided-Boat,189.15,454.9333333333334,0.4157752051582649
Skagit spring Chinook 2024 lower,2024-05-01,Guided-Bank,0,1343.4166666666665,0
Skagit spring Chinook 2024 lower,2024-05-01,Guided-Boat,0,1343.4166666666665,0
Skagit spring Chinook 2024 lower,2024-05-01,Unguided-Bank,681.4,1343.4166666666665,0.5072141926679486
Skagit spring Chinook 2024 lower,2024-05-01,Unguided-Boat,662.0166666666667,1343.4166666666665,0.4927858073320514
Skagit spring Chinook 2024 upper,2024-05-01,Guided-Bank,0,81.13333333333334,0
Skagit spring Chinook 2024 upper,2024-05-01,Guided-Boat,0,81.13333333333334,0
Skagit spring Chinook 2024 upper,2024-05-01,Unguided-Bank,81.13333333333334,81.13333333333334,1
Skagit spring Chinook 2024 upper,2024-05-01,Unguided-Boat,0,81.13333333333334,0
Skagit spring Chinook 2024 upper,2024-06-01,Guided-Bank,0,2263.366666666667,0
Skagit spring Chinook 2024 upper,2024-06-01,Guided-Boat,242.35,2263.366666666667,0.10707500625911252
Skagit spring Chinook 2024 upper,2024-06-01,Unguided-Bank,1671.1,2263.366666666667,0.7383249142133399
Skagit spring Chinook 2024 upper,2024-06-01,Unguided-Boat,349.9166666666667,2263.366666666667,0.15460007952754745
Skagit spring Chinook 2024 upper,2024-07-01,Guided-Bank,0,268.56666666666666,0
Skagit spring Chinook 2024 upper,2024-07-01,Guided-Boat,27.1,268.56666666666666,0.10090604443341195
Skagit spring Chinook 2024 upper,2024-07-01,Unguided-Bank,176.66666666666666,268.56666666666666,0.6578130817922303
Skagit spring Chinook 2024 upper,2024-07-01,Unguided-Boat,64.8,268.56666666666666,0.2412808737743577
Skagit spring Chinook 2025 lower,2025-04-01,Guided-Bank,0,382.45,0
Skagit spring Chinook 2025 lower,2025-04-01,Guided-Boat,0,382.45,0
Skagit spring Chinook 2025 lower,2025-04-01,Unguided-Bank,196.1,382.45,0.5127467642829128
Skagit spring Chinook 2025 lower,2025-04-01,Unguided-Boat,186.35,382.45,0.4872532357170872
Skagit spring Chinook 2025 lower,2025-05-01,Guided-Bank,4.5,545.6666666666666,0.00824679291386683
Skagit spring Chinook 2025 lower,2025-05-01,Guided-Boat,0,545.6666666666666,0
Skagit spring Chinook 2025 lower,2025-05-01,Unguided-Bank,305.6333333333333,545.6666666666666,0.5601099572388516
Skagit spring Chinook 2025 lower,2025-05-01,Unguided-Boat,235.53333333333333,545.6666666666666,0.43164324984728164
Skagit spring Chinook 2025 upper,2025-05-01,Guided-Bank,0,969.1666666666666,0
Skagit spring Chinook 2025 upper,2025-05-01,Guided-Boat,170.06666666666666,969.1666666666666,0.17547721410146175
Skagit spring Chinook 2025 upper,2025-05-01,Unguided-Bank,619.0333333333333,969.1666666666666,0.6387274290627687
Skagit spring Chinook 2025 upper,2025-05-01,Unguided-Boat,180.06666666666666,969.1666666666666,0.18579535683576956
Skagit spring Chinook 2025 upper,2025-06-01,Guided-Bank,32.86666666666667,2168.85,0.01515396024006578
Skagit spring Chinook 2025 upper,2025-06-01,Guided-Boat,111.4,2168.85,0.05136362588468544
Skagit spring Chinook 2025 upper,2025-06-01,Unguided-Bank,1687.2,2168.85,0.7779237844940868
Skagit spring Chinook 2025 upper,2025-06-01,Unguided-Boat,337.3833333333333,2168.85,0.15555862938116205
Skagit spring Chinook 2025 upper,2025-07-01,Guided-Bank,0,166.4,0
Skagit spring Chinook 2025 upper,2025-07-01,Guided-Boat,0,166.4,0
Skagit spring Chinook 2025 upper,2025-07-01,Unguided-Bank,142.4,166.4,0.8557692307692307
Skagit spring Chinook 2025 upper,2025-07-01,Unguided-Boat,24,166.4,0.14423076923076922
Skagit spring Chinook 2026 lower,2026-04-01,Guided-Bank,0,1001.2166666666667,0
Skagit spring Chinook 2026 lower,2026-04-01,Guided-Boat,22.933333333333334,1001.2166666666667,0.022905465017561966
Skagit spring Chinook 2026 lower,2026-04-01,Unguided-Bank,442.93333333333334,1001.2166666666667,0.4423950859787259
Skagit spring Chinook 2026 lower,2026-04-01,Unguided-Boat,535.35,1001.2166666666667,0.5346994490037121
Skagit spring Chinook 2026 lower,2026-05-01,Guided-Bank,0,525.7833333333333,0
Skagit spring Chinook 2026 lower,2026-05-01,Guided-Boat,0,525.7833333333333,0
Skagit spring Chinook 2026 lower,2026-05-01,Unguided-Bank,196.45,525.7833333333333,0.37363299204361744
Skagit spring Chinook 2026 lower,2026-05-01,Unguided-Boat,329.3333333333333,525.7833333333333,0.6263670079563826
Skagit spring Chinook 2026 upper,2026-05-01,Guided-Bank,0,1403.6333333333334,0
Skagit spring Chinook 2026 upper,2026-05-01,Guided-Boat,158.76666666666668,1403.6333333333334,0.11311121137999003
Skagit spring Chinook 2026 upper,2026-05-01,Unguided-Bank,610.35,1403.6333333333334,0.43483578332422995
Skagit spring Chinook 2026 upper,2026-05-01,Unguided-Boat,634.5166666666667,1403.6333333333334,0.45205300529577996
Skagit spring Chinook 2026 upper,2026-06-01,Guided-Bank,0.06666666666666667,1037.7833333333333,6.423948479933191e-5
Skagit spring Chinook 2026 upper,2026-06-01,Guided-Boat,202.46666666666667,1037.7833333333333,0.195095315335571
Skagit spring Chinook 2026 upper,2026-06-01,Unguided-Bank,633.0333333333333,1037.7833333333333,0.6099860279120561
Skagit spring Chinook 2026 upper,2026-06-01,Unguided-Boat,202.21666666666667,1037.7833333333333,0.19485441726757352
Skagit spring Chinook 2026 upper,2026-07-01,Guided-Bank,0,116.06666666666666,0
Skagit spring Chinook 2026 upper,2026-07-01,Guided-Boat,0,116.06666666666666,0
Skagit spring Chinook 2026 upper,2026-07-01,Unguided-Bank,58.25,116.06666666666666,0.5018667432510052
Skagit spring Chinook 2026 upper,2026-07-01,Unguided-Boat,57.81666666666667,116.06666666666666,0.4981332567489949
Skagit spring gamefish 2025,2025-04-01,Guided-Bank,0,9.733333333333333,0
Skagit spring gamefish 2025,2025-04-01,Guided-Boat,0,9.733333333333333,0
Skagit spring gamefish 2025,2025-04-01,Unguided-Bank,1,9.733333333333333,0.10273972602739727
Skagit spring gamefish 2025,2025-04-01,Unguided-Boat,8.733333333333333,9.733333333333333,0.8972602739726028
Skagit summer gamefish 2022,2022-07-01,Guided-Bank,0,129.13333333333333,0
Skagit summer gamefish 2022,2022-07-01,Guided-Boat,12.366666666666667,129.13333333333333,0.09576664945792464
Skagit summer gamefish 2022,2022-07-01,Unguided-Bank,51.11666666666667,129.13333333333333,0.395844088797109
Skagit summer gamefish 2022,2022-07-01,Unguided-Boat,65.65,129.13333333333333,0.5083892617449666
Skagit summer gamefish 2022,2022-08-01,Guided-Bank,0,237.86666666666665,0
Skagit summer gamefish 2022,2022-08-01,Guided-Boat,23.45,237.86666666666665,0.09858464125560538
Skagit summer gamefish 2022,2022-08-01,Unguided-Bank,128.1,237.86666666666665,0.5385369955156951
Skagit summer gamefish 2022,2022-08-01,Unguided-Boat,86.31666666666666,237.86666666666665,0.36287836322869954
Skagit summer gamefish 2024,2024-08-01,Guided-Bank,0,177.21666666666667,0
Skagit summer gamefish 2024,2024-08-01,Guided-Boat,0,177.21666666666667,0
Skagit summer gamefish 2024,2024-08-01,Unguided-Bank,60.199999999999996,177.21666666666667,0.3396971691902567
Skagit summer gamefish 2024,2024-08-01,Unguided-Boat,117.01666666666667,177.21666666666667,0.6603028308097433
Skagit summer sockeye 2022,2022-06-01,Guided-Bank,0,1046.3333333333333,0
Skagit summer sockeye 2022,2022-06-01,Guided-Boat,0,1046.3333333333333,0
Skagit summer sockeye 2022,2022-06-01,Unguided-Bank,791.8666666666667,1046.3333333333333,0.7568015291494107
Skagit summer sockeye 2022,2022-06-01,Unguided-Boat,254.46666666666667,1046.3333333333333,0.24319847085058938
Skagit summer sockeye 2022,2022-07-01,Guided-Bank,0,1978.0500000000002,0
Skagit summer sockeye 2022,2022-07-01,Guided-Boat,0,1978.0500000000002,0
Skagit summer sockeye 2022,2022-07-01,Unguided-Bank,1400.1833333333334,1978.0500000000002,0.7078604349401346
Skagit summer sockeye 2022,2022-07-01,Unguided-Boat,577.8666666666667,1978.0500000000002,0.2921395650598653
Skagit summer sockeye 2023,2023-06-01,Guided-Bank,0,790.6666666666666,0
Skagit summer sockeye 2023,2023-06-01,Guided-Boat,124.48333333333333,790.6666666666666,0.15744097807757168
Skagit summer sockeye 2023,2023-06-01,Unguided-Bank,494.76666666666665,790.6666666666666,0.6257588532883642
Skagit summer sockeye 2023,2023-06-01,Unguided-Boat,171.41666666666666,790.6666666666666,0.21680016863406407
Skagit summer sockeye 2023,2023-07-01,Guided-Bank,0,730.6833333333333,0
Skagit summer sockeye 2023,2023-07-01,Guided-Boat,36.4,730.6833333333333,0.04981638192559477
Skagit summer sockeye 2023,2023-07-01,Unguided-Bank,485.93333333333334,730.6833333333333,0.6650395748272165
Skagit summer sockeye 2023,2023-07-01,Unguided-Boat,208.35,730.6833333333333,0.28514404324718873
Skagit summer sockeye 2024,2024-06-01,Guided-Bank,0,1972.3333333333333,0
Skagit summer sockeye 2024,2024-06-01,Guided-Boat,86.86666666666667,1972.3333333333333,0.04404258914990705
Skagit summer sockeye 2024,2024-06-01,Unguided-Bank,1028.3166666666666,1972.3333333333333,0.5213706270069292
Skagit summer sockeye 2024,2024-06-01,Unguided-Boat,857.15,1972.3333333333333,0.4345867838431638
Skagit summer sockeye 2024,2024-07-01,Guided-Bank,0,2037.6,0
Skagit summer sockeye 2024,2024-07-01,Guided-Boat,49.7,2037.6,0.024391440910875542
Skagit summer sockeye 2024,2024-07-01,Unguided-Bank,1255.1,2037.6,0.6159697683549273
Skagit summer sockeye 2024,2024-07-01,Unguided-Boat,732.8,2037.6,0.3596387907341971
Skagit summer sockeye 2025,2025-06-01,Guided-Bank,0,2452.5666666666666,0
Skagit summer sockeye 2025,2025-06-01,Guided-Boat,51.93333333333333,2452.5666666666666,0.021175095478206504
Skagit summer sockeye 2025,2025-06-01,Unguided-Bank,1063.3166666666666,2452.5666666666666,0.43355260475420304
Skagit summer sockeye 2025,2025-06-01,Unguided-Boat,1337.3166666666666,2452.5666666666666,0.5452722997675904
Skagit summer sockeye 2025,2025-07-01,Guided-Bank,0,1816.5500000000002,0
Skagit summer sockeye 2025,2025-07-01,Guided-Boat,0,1816.5500000000002,0
Skagit summer sockeye 2025,2025-07-01,Unguided-Bank,941.1,1816.5500000000002,0.5180699677960969
Skagit summer sockeye 2025,2025-07-01,Unguided-Boat,875.45,1816.5500000000002,0.48193003220390296
Skagit summer sockeye 2026,2026-06-01,Guided-Bank,0,1772.7333333333333,0
Skagit summer sockeye 2026,2026-06-01,Guided-Boat,145.51666666666668,1772.7333333333333,0.08208604415027641
Skagit summer sockeye 2026,2026-06-01,Unguided-Bank,692.4333333333334,1772.7333333333333,0.3906020834116807
Skagit summer sockeye 2026,2026-06-01,Unguided-Boat,934.7833333333333,1772.7333333333333,0.5273118724380429
Skagit summer sockeye 2026,2026-07-01,Guided-Bank,0,1957.45,0
Skagit summer sockeye 2026,2026-07-01,Guided-Boat,137.8,1957.45,0.0703977113080794
Skagit summer sockeye 2026,2026-07-01,Unguided-Bank,850.9,1957.45,0.43469820429640604
Skagit summer sockeye 2026,2026-07-01,Unguided-Boat,968.75,1957.45,0.4949040843955146
Skagit winter gamefish 2021-22,2022-01-01,Guided-Bank,65.8,1160.0833333333333,0.05672006321384958
Skagit winter gamefish 2021-22,2022-01-01,Guided-Boat,30.183333333333337,1160.0833333333333,0.026018245815674166
Skagit winter gamefish 2021-22,2022-01-01,Unguided-Bank,597.2333333333333,1160.0833333333333,0.5148193376912579
Skagit winter gamefish 2021-22,2022-01-01,Unguided-Boat,466.8666666666667,1160.0833333333333,0.40244235327921846
Skagit winter gamefish 2022-23,2022-12-01,Guided-Bank,0,96.06666666666666,0
Skagit winter gamefish 2022-23,2022-12-01,Guided-Boat,0,96.06666666666666,0
Skagit winter gamefish 2022-23,2022-12-01,Unguided-Bank,48.766666666666666,96.06666666666666,0.5076335877862596
Skagit winter gamefish 2022-23,2022-12-01,Unguided-Boat,47.3,96.06666666666666,0.49236641221374045
Skagit winter gamefish 2022-23,2023-01-01,Guided-Bank,18.95,1858.7166666666667,0.01019520636998646
Skagit winter gamefish 2022-23,2023-01-01,Guided-Boat,31.6,1858.7166666666667,0.017000977376863964
Skagit winter gamefish 2022-23,2023-01-01,Unguided-Bank,1094.7333333333333,1858.7166666666667,0.58897267828161
Skagit winter gamefish 2022-23,2023-01-01,Unguided-Boat,713.4333333333333,1858.7166666666667,0.38383113797153945
Skagit winter gamefish 2024,2024-01-01,Guided-Bank,0,409.58333333333337,0
Skagit winter gamefish 2024,2024-01-01,Guided-Boat,13.2,409.58333333333337,0.03222787385554425
Skagit winter gamefish 2024,2024-01-01,Unguided-Bank,271.85,409.58333333333337,0.6637232960325534
Skagit winter gamefish 2024,2024-01-01,Unguided-Boat,124.53333333333333,409.58333333333337,0.3040488301119023
Skagit winter gamefish 2025,2025-01-01,Guided-Bank,16.466666666666665,720.3,0.02286084501827942
Skagit winter gamefish 2025,2025-01-01,Guided-Boat,0,720.3,0
Skagit winter gamefish 2025,2025-01-01,Unguided-Bank,407.25,720.3,0.5653894210745523
Skagit winter gamefish 2025,2025-01-01,Unguided-Boat,296.5833333333333,720.3,0.4117497339071683
Skagit winter steelhead 2021,2021-02-01,Guided-Bank,0,3415.7000000000003,0
Skagit winter steelhead 2021,2021-02-01,Guided-Boat,395.8,3415.7000000000003,0.11587668706268114
Skagit winter steelhead 2021,2021-02-01,Unguided-Bank,1107.4333333333334,3415.7000000000003,0.3242185593972929
Skagit winter steelhead 2021,2021-02-01,Unguided-Boat,1912.4666666666667,3415.7000000000003,0.5599047535400259
Skagit winter steelhead 2021,2021-03-01,Guided-Bank,11.083333333333334,8998.983333333334,0.0012316206089947198
Skagit winter steelhead 2021,2021-03-01,Guided-Boat,720.15,8998.983333333334,0.08002570660759827
Skagit winter steelhead 2021,2021-03-01,Unguided-Bank,2168.483333333333,8998.983333333334,0.24096981325668268
Skagit winter steelhead 2021,2021-03-01,Unguided-Boat,6099.266666666666,8998.983333333334,0.6777728595267243
Skagit winter steelhead 2021,2021-04-01,Guided-Bank,31.400000000000002,4743.333333333333,0.006619817287420942
Skagit winter steelhead 2021,2021-04-01,Guided-Boat,478.81666666666666,4743.333333333333,0.10094518622628251
Skagit winter steelhead 2021,2021-04-01,Unguided-Bank,865.8333333333334,4743.333333333333,0.18253689388615602
Skagit winter steelhead 2021,2021-04-01,Unguided-Boat,3367.2833333333333,4743.333333333333,0.7098981026001406
Skagit winter steelhead 2023,2023-03-01,Guided-Bank,0,1916.1833333333332,0
Skagit winter steelhead 2023,2023-03-01,Guided-Boat,87.08333333333333,1916.1833333333332,0.04544624296561742
Skagit winter steelhead 2023,2023-03-01,Unguided-Bank,710.4833333333333,1916.1833333333332,0.37078045768063256
Skagit winter steelhead 2023,2023-03-01,Unguided-Boat,1118.6166666666666,1916.1833333333332,0.5837732993537501
Skagit winter steelhead 2023,2023-04-01,Guided-Bank,132.51666666666668,5937.016666666666,0.02232041345120024
Skagit winter steelhead 2023,2023-04-01,Guided-Boat,352.7833333333333,5937.016666666666,0.0594209774269344
Skagit winter steelhead 2023,2023-04-01,Unguided-Bank,2768.983333333333,5937.016666666666,0.46639305375034035
Skagit winter steelhead 2023,2023-04-01,Unguided-Boat,2682.733333333333,5937.016666666666,0.45186555537152495
Skagit winter steelhead 2024,2024-02-01,Guided-Bank,104.28333333333333,3140.9833333333336,0.03320085535845993
Skagit winter steelhead 2024,2024-02-01,Guided-Boat,306.81666666666666,3140.9833333333336,0.09768172387628077
Skagit winter steelhead 2024,2024-02-01,Unguided-Bank,1332.1333333333334,3140.9833333333336,0.4241134676507888
Skagit winter steelhead 2024,2024-02-01,Unguided-Boat,1397.75,3140.9833333333336,0.4450039531144705
Skagit winter steelhead 2024,2024-03-01,Guided-Bank,160.81666666666666,6546.533333333334,0.02456516425996456
Skagit winter steelhead 2024,2024-03-01,Guided-Boat,858.4666666666667,6546.533333333334,0.1311330169657223
Skagit winter steelhead 2024,2024-03-01,Unguided-Bank,2241.35,6546.533333333334,0.34237204423715345
Skagit winter steelhead 2024,2024-03-01,Unguided-Boat,3285.9,6546.533333333334,0.5019297745371596
Skagit winter steelhead 2024,2024-04-01,Guided-Bank,207.68333333333334,4237.483333333334,0.049011008892857
Skagit winter steelhead 2024,2024-04-01,Guided-Boat,458.03333333333336,4237.483333333334,0.10809088727979264
Skagit winter steelhead 2024,2024-04-01,Unguided-Bank,1581.4166666666667,4237.483333333334,0.3731971413850202
Skagit winter steelhead 2024,2024-04-01,Unguided-Boat,1990.35,4237.483333333334,0.4697009624423301
Skagit winter steelhead 2025,2025-02-01,Guided-Bank,80.26666666666667,1864.2333333333333,0.04305612673663883
Skagit winter steelhead 2025,2025-02-01,Guided-Boat,89.21666666666667,1864.2333333333333,0.047857027911384485
Skagit winter steelhead 2025,2025-02-01,Unguided-Bank,841.5166666666667,1864.2333333333333,0.451400933359558
Skagit winter steelhead 2025,2025-02-01,Unguided-Boat,853.2333333333333,1864.2333333333333,0.4576859119924187
Skagit winter steelhead 2025,2025-03-01,Guided-Bank,161.11666666666667,6643.933333333333,0.02425019315867107
Skagit winter steelhead 2025,2025-03-01,Guided-Boat,692.3666666666667,6643.933333333333,0.10421035731845593
Skagit winter steelhead 2025,2025-03-01,Unguided-Bank,2697.3166666666666,6643.933333333333,0.4059818982731113
Skagit winter steelhead 2025,2025-03-01,Unguided-Boat,3093.133333333333,6643.933333333333,0.46555755124976167
Skagit winter steelhead 2025,2025-04-01,Guided-Bank,115.68333333333334,2745.5499999999997,0.04213484851244135
Skagit winter steelhead 2025,2025-04-01,Guided-Boat,323.98333333333335,2745.5499999999997,0.11800307163713404
Skagit winter steelhead 2025,2025-04-01,Unguided-Bank,1119.5833333333333,2745.5499999999997,0.40778107604426556
Skagit winter steelhead 2025,2025-04-01,Unguided-Boat,1186.3,2745.5499999999997,0.4320810038061591
Skookumchuck winter steelhead 2024-25,2024-12-01,Guided-Bank,0,526.2333333333333,0
Skookumchuck winter steelhead 2024-25,2024-12-01,Guided-Boat,0,526.2333333333333,0
Skookumchuck winter steelhead 2024-25,2024-12-01,Unguided-Bank,526.2333333333333,526.2333333333333,1
Skookumchuck winter steelhead 2024-25,2024-12-01,Unguided-Boat,0,526.2333333333333,0
Skookumchuck winter steelhead 2024-25,2025-01-01,Guided-Bank,0,1054.3833333333334,0
Skookumchuck winter steelhead 2024-25,2025-01-01,Guided-Boat,0,1054.3833333333334,0
Skookumchuck winter steelhead 2024-25,2025-01-01,Unguided-Bank,1043.7166666666667,1054.3833333333334,0.9898835022050803
Skookumchuck winter steelhead 2024-25,2025-01-01,Unguided-Boat,10.666666666666666,1054.3833333333334,0.01011649779491962
Skookumchuck winter steelhead 2024-25,2025-02-01,Guided-Bank,0,640.7333333333333,0
Skookumchuck winter steelhead 2024-25,2025-02-01,Guided-Boat,0,640.7333333333333,0
Skookumchuck winter steelhead 2024-25,2025-02-01,Unguided-Bank,640.7333333333333,640.7333333333333,1
Skookumchuck winter steelhead 2024-25,2025-02-01,Unguided-Boat,0,640.7333333333333,0
Skookumchuck winter steelhead 2025-26,2025-12-01,Guided-Bank,0,145.96666666666667,0
Skookumchuck winter steelhead 2025-26,2025-12-01,Guided-Boat,0,145.96666666666667,0
Skookumchuck winter steelhead 2025-26,2025-12-01,Unguided-Bank,145.96666666666667,145.96666666666667,1
Skookumchuck winter steelhead 2025-26,2025-12-01,Unguided-Boat,0,145.96666666666667,0
Skookumchuck winter steelhead 2025-26,2026-01-01,Guided-Bank,0,576.65,0
Skookumchuck winter steelhead 2025-26,2026-01-01,Guided-Boat,0,576.65,0
Skookumchuck winter steelhead 2025-26,2026-01-01,Unguided-Bank,576.65,576.65,1
Skookumchuck winter steelhead 2025-26,2026-01-01,Unguided-Boat,0,576.65,0
Skookumchuck winter steelhead 2025-26,2026-02-01,Guided-Bank,0,476.51666666666665,0
Skookumchuck winter steelhead 2025-26,2026-02-01,Guided-Boat,0,476.51666666666665,0
Skookumchuck winter steelhead 2025-26,2026-02-01,Unguided-Bank,476.51666666666665,476.51666666666665,1
Skookumchuck winter steelhead 2025-26,2026-02-01,Unguided-Boat,0,476.51666666666665,0
Skykomish summer Chinook 2020,2020-05-01,Guided-Bank,0,225.8,0
Skykomish summer Chinook 2020,2020-05-01,Guided-Boat,18,225.8,0.07971656333038087
Skykomish summer Chinook 2020,2020-05-01,Unguided-Bank,32.583333333333336,225.8,0.14430174195453205
Skykomish summer Chinook 2020,2020-05-01,Unguided-Boat,175.21666666666667,225.8,0.775981694715087
Skykomish summer Chinook 2020,2020-06-01,Guided-Bank,0,917.75,0
Skykomish summer Chinook 2020,2020-06-01,Guided-Boat,878,917.75,0.9566875510760011
Skykomish summer Chinook 2020,2020-06-01,Unguided-Bank,0,917.75,0
Skykomish summer Chinook 2020,2020-06-01,Unguided-Boat,39.75,917.75,0.04331244892399891
Skykomish summer Chinook 2020,2020-07-01,Guided-Bank,0,136.5,0
Skykomish summer Chinook 2020,2020-07-01,Guided-Boat,127.5,136.5,0.9340659340659341
Skykomish summer Chinook 2020,2020-07-01,Unguided-Bank,0,136.5,0
Skykomish summer Chinook 2020,2020-07-01,Unguided-Boat,9,136.5,0.06593406593406594
Skykomish summer Chinook 2021,2021-05-01,Guided-Bank,0,80.25,0
Skykomish summer Chinook 2021,2021-05-01,Guided-Boat,80.25,80.25,1
Skykomish summer Chinook 2021,2021-05-01,Unguided-Bank,0,80.25,0
Skykomish summer Chinook 2021,2021-05-01,Unguided-Boat,0,80.25,0
Skykomish summer Chinook 2021,2021-06-01,Guided-Bank,0,1704.5666666666666,0
Skykomish summer Chinook 2021,2021-06-01,Guided-Boat,709.8666666666667,1704.5666666666666,0.4164499286231105
Skykomish summer Chinook 2021,2021-06-01,Unguided-Bank,26.583333333333332,1704.5666666666666,0.015595361479946028
Skykomish summer Chinook 2021,2021-06-01,Unguided-Boat,968.1166666666667,1704.5666666666666,0.5679547098969435
Skykomish summer Chinook 2021,2021-07-01,Guided-Bank,0,858.3500000000001,0
Skykomish summer Chinook 2021,2021-07-01,Guided-Boat,576.1833333333334,858.3500000000001,0.6712685190578823
Skykomish summer Chinook 2021,2021-07-01,Unguided-Bank,22.633333333333333,858.3500000000001,0.02636842003067901
Skykomish summer Chinook 2021,2021-07-01,Unguided-Boat,259.53333333333336,858.3500000000001,0.3023630609114386
Skykomish summer Chinook and gamefish 2022,2022-05-01,Guided-Bank,0,244.85,0
Skykomish summer Chinook and gamefish 2022,2022-05-01,Guided-Boat,10.166666666666666,244.85,0.04152202028452794
Skykomish summer Chinook and gamefish 2022,2022-05-01,Unguided-Bank,127.43333333333334,244.85,0.5204547001565585
Skykomish summer Chinook and gamefish 2022,2022-05-01,Unguided-Boat,107.25,244.85,0.4380232795589136
Skykomish summer Chinook and gamefish 2022,2022-06-01,Guided-Bank,0,2894.65,0
Skykomish summer Chinook and gamefish 2022,2022-06-01,Guided-Boat,924.65,2894.65,0.3194341284783998
Skykomish summer Chinook and gamefish 2022,2022-06-01,Unguided-Bank,946.6666666666666,2894.65,0.32704011423373003
Skykomish summer Chinook and gamefish 2022,2022-06-01,Unguided-Boat,1023.3333333333334,2894.65,0.35352575728787017
Skykomish summer Chinook and gamefish 2022,2022-07-01,Guided-Bank,5.666666666666667,2648.8333333333335,0.002139306612974265
Skykomish summer Chinook and gamefish 2022,2022-07-01,Guided-Boat,550.1333333333333,2648.8333333333335,0.20768891965016043
Skykomish summer Chinook and gamefish 2022,2022-07-01,Unguided-Bank,1186.7333333333333,2648.8333333333335,0.4480211413829988
Skykomish summer Chinook and gamefish 2022,2022-07-01,Unguided-Boat,906.3,2648.8333333333335,0.34215063235386645
Skykomish summer Chinook and gamefish 2022,2022-08-01,Guided-Bank,0,38.266666666666666,0
Skykomish summer Chinook and gamefish 2022,2022-08-01,Guided-Boat,0,38.266666666666666,0
Skykomish summer Chinook and gamefish 2022,2022-08-01,Unguided-Bank,38.266666666666666,38.266666666666666,1
Skykomish summer Chinook and gamefish 2022,2022-08-01,Unguided-Boat,0,38.266666666666666,0
Skykomish summer Chinook and gamefish 2025,2025-06-01,Guided-Bank,0,1491.15,0
Skykomish summer Chinook and gamefish 2025,2025-06-01,Guided-Boat,259.8666666666667,1491.15,0.174272653097721
Skykomish summer Chinook and gamefish 2025,2025-06-01,Unguided-Bank,623.45,1491.15,0.4181001240653187
Skykomish summer Chinook and gamefish 2025,2025-06-01,Unguided-Boat,607.8333333333334,1491.15,0.4076272228369603
Skykomish summer Chinook and gamefish 2025,2025-07-01,Guided-Bank,0,276.65,0
Skykomish summer Chinook and gamefish 2025,2025-07-01,Guided-Boat,60.25,276.65,0.2177842038677029
Skykomish summer Chinook and gamefish 2025,2025-07-01,Unguided-Bank,145.83333333333334,276.65,0.5271401891680223
Skykomish summer Chinook and gamefish 2025,2025-07-01,Unguided-Boat,70.56666666666666,276.65,0.25507560696427495
Skykomish winter gamefish 2021-22,2021-12-01,Guided-Bank,0,457.68333333333334,0
Skykomish winter gamefish 2021-22,2021-12-01,Guided-Boat,0,457.68333333333334,0
Skykomish winter gamefish 2021-22,2021-12-01,Unguided-Bank,457.68333333333334,457.68333333333334,1
Skykomish winter gamefish 2021-22,2021-12-01,Unguided-Boat,0,457.68333333333334,0
Skykomish winter gamefish 2021-22,2022-01-01,Guided-Bank,0,483.1333333333333,0
Skykomish winter gamefish 2021-22,2022-01-01,Guided-Boat,0,483.1333333333333,0
Skykomish winter gamefish 2021-22,2022-01-01,Unguided-Bank,472.5,483.1333333333333,0.9779908927832207
Skykomish winter gamefish 2021-22,2022-01-01,Unguided-Boat,10.633333333333333,483.1333333333333,0.022009107216779355
Skykomish winter gamefish 2021-22,2022-02-01,Guided-Bank,0,170.85,0
Skykomish winter gamefish 2021-22,2022-02-01,Guided-Boat,0,170.85,0
Skykomish winter gamefish 2021-22,2022-02-01,Unguided-Bank,170.85,170.85,1
Skykomish winter gamefish 2021-22,2022-02-01,Unguided-Boat,0,170.85,0
Skykomish winter gamefish 2022-23,2022-10-01,Guided-Bank,0,1.95,0
Skykomish winter gamefish 2022-23,2022-10-01,Guided-Boat,0,1.95,0
Skykomish winter gamefish 2022-23,2022-10-01,Unguided-Bank,1.95,1.95,1
Skykomish winter gamefish 2022-23,2022-10-01,Unguided-Boat,0,1.95,0
Snohomish fall salmon 2021,2021-08-01,Guided-Bank,0,1050.1333333333332,0
Snohomish fall salmon 2021,2021-08-01,Guided-Boat,30.733333333333334,1050.1333333333332,0.029266124936516
Snohomish fall salmon 2021,2021-08-01,Unguided-Bank,312.3666666666667,1050.1333333333332,0.29745429151853736
Snohomish fall salmon 2021,2021-08-01,Unguided-Boat,707.0333333333333,1050.1333333333332,0.6732795835449468
Snohomish fall salmon 2021,2021-09-01,Guided-Bank,0,4006.25,0
Snohomish fall salmon 2021,2021-09-01,Guided-Boat,93.46666666666667,4006.25,0.023330213208528343
Snohomish fall salmon 2021,2021-09-01,Unguided-Bank,1119.4166666666667,4006.25,0.27941757670306816
Snohomish fall salmon 2021,2021-09-01,Unguided-Boat,2793.366666666667,4006.25,0.6972522100884035
Snohomish fall salmon 2021,2021-10-01,Guided-Bank,0,397.5,0
Snohomish fall salmon 2021,2021-10-01,Guided-Boat,0,397.5,0
Snohomish fall salmon 2021,2021-10-01,Unguided-Bank,157.75,397.5,0.3968553459119497
Snohomish fall salmon 2021,2021-10-01,Unguided-Boat,239.75,397.5,0.6031446540880503
Snohomish fall salmon 2023,2023-09-01,Guided-Bank,0,41.78333333333333,0
Snohomish fall salmon 2023,2023-09-01,Guided-Boat,41.78333333333333,41.78333333333333,1
Snohomish fall salmon 2023,2023-09-01,Unguided-Bank,0,41.78333333333333,0
Snohomish fall salmon 2023,2023-09-01,Unguided-Boat,0,41.78333333333333,0
Snohomish fall salmon 2023,2023-10-01,Guided-Bank,0,134.4,0
Snohomish fall salmon 2023,2023-10-01,Guided-Boat,134.4,134.4,1
Snohomish fall salmon 2023,2023-10-01,Unguided-Bank,0,134.4,0
Snohomish fall salmon 2023,2023-10-01,Unguided-Boat,0,134.4,0
Snohomish fall salmon 2023,2023-11-01,Guided-Bank,0,33.7,0
Snohomish fall salmon 2023,2023-11-01,Guided-Boat,33.7,33.7,1
Snohomish fall salmon 2023,2023-11-01,Unguided-Bank,0,33.7,0
Snohomish fall salmon 2023,2023-11-01,Unguided-Boat,0,33.7,0
Snohomish fall salmon 2024,2024-10-01,Guided-Bank,0,140,0
Snohomish fall salmon 2024,2024-10-01,Guided-Boat,140,140,1
Snohomish fall salmon 2024,2024-10-01,Unguided-Bank,0,140,0
Snohomish fall salmon 2024,2024-10-01,Unguided-Boat,0,140,0
Snohomish fall salmon 2025,2025-08-01,Guided-Bank,0,3383.5666666666666,0
Snohomish fall salmon 2025,2025-08-01,Guided-Boat,25,3383.5666666666666,0.007388652999300541
Snohomish fall salmon 2025,2025-08-01,Unguided-Bank,1463.75,3383.5666666666666,0.43260563310904665
Snohomish fall salmon 2025,2025-08-01,Unguided-Boat,1894.8166666666666,3383.5666666666666,0.5600057138916528
Snohomish fall salmon 2025,2025-09-01,Guided-Bank,0,4159.533333333333,0
Snohomish fall salmon 2025,2025-09-01,Guided-Boat,78.88333333333333,4159.533333333333,0.01896446716779126
Snohomish fall salmon 2025,2025-09-01,Unguided-Bank,2037.6,4159.533333333333,0.48986264484797976
Snohomish fall salmon 2025,2025-09-01,Unguided-Boat,2043.05,4159.533333333333,0.49117288798422903
Snohomish fall salmon 2025,2025-10-01,Guided-Bank,0,276.6666666666667,0
Snohomish fall salmon 2025,2025-10-01,Guided-Boat,0,276.6666666666667,0
Snohomish fall salmon 2025,2025-10-01,Unguided-Bank,65.5,276.6666666666667,0.2367469879518072
Snohomish fall salmon 2025,2025-10-01,Unguided-Boat,211.16666666666669,276.6666666666667,0.7632530120481927
Snohomish fall salmon 2025,2025-11-01,Guided-Bank,0.43333333333333335,594.0833333333333,7.294150652265396e-4
Snohomish fall salmon 2025,2025-11-01,Guided-Boat,89.06666666666666,594.0833333333333,0.1499228503296395
Snohomish fall salmon 2025,2025-11-01,Unguided-Bank,299.51666666666665,594.0833333333333,0.504166082199467
Snohomish fall salmon 2025,2025-11-01,Unguided-Boat,205.06666666666666,594.0833333333333,0.345181652405667
South Fork Willapa winter steelhead 2022-23,2022-12-01,Guided-Bank,0,2,0
South Fork Willapa winter steelhead 2022-23,2022-12-01,Guided-Boat,0,2,0
South Fork Willapa winter steelhead 2022-23,2022-12-01,Unguided-Bank,2,2,1
South Fork Willapa winter steelhead 2022-23,2022-12-01,Unguided-Boat,0,2,0
South Fork Willapa winter steelhead 2022-23,2023-01-01,Guided-Bank,0,37.88333333333333,0
South Fork Willapa winter steelhead 2022-23,2023-01-01,Guided-Boat,0,37.88333333333333,0
South Fork Willapa winter steelhead 2022-23,2023-01-01,Unguided-Bank,37.88333333333333,37.88333333333333,1
South Fork Willapa winter steelhead 2022-23,2023-01-01,Unguided-Boat,0,37.88333333333333,0
South Fork Willapa winter steelhead 2022-23,2023-02-01,Guided-Bank,0,35.9,0
South Fork Willapa winter steelhead 2022-23,2023-02-01,Guided-Boat,0,35.9,0
South Fork Willapa winter steelhead 2022-23,2023-02-01,Unguided-Bank,35.9,35.9,1
South Fork Willapa winter steelhead 2022-23,2023-02-01,Unguided-Boat,0,35.9,0
South Fork Willapa winter steelhead 2023-24,2023-12-01,Guided-Bank,0,10.366666666666667,0
South Fork Willapa winter steelhead 2023-24,2023-12-01,Guided-Boat,0,10.366666666666667,0
South Fork Willapa winter steelhead 2023-24,2023-12-01,Unguided-Bank,10.366666666666667,10.366666666666667,1
South Fork Willapa winter steelhead 2023-24,2023-12-01,Unguided-Boat,0,10.366666666666667,0
South Fork Willapa winter steelhead 2023-24,2024-01-01,Guided-Bank,0,27.733333333333334,0
South Fork Willapa winter steelhead 2023-24,2024-01-01,Guided-Boat,0,27.733333333333334,0
South Fork Willapa winter steelhead 2023-24,2024-01-01,Unguided-Bank,27.733333333333334,27.733333333333334,1
South Fork Willapa winter steelhead 2023-24,2024-01-01,Unguided-Boat,0,27.733333333333334,0
South Fork Willapa winter steelhead 2023-24,2024-02-01,Guided-Bank,0,16.066666666666666,0
South Fork Willapa winter steelhead 2023-24,2024-02-01,Guided-Boat,0,16.066666666666666,0
South Fork Willapa winter steelhead 2023-24,2024-02-01,Unguided-Bank,16.066666666666666,16.066666666666666,1
South Fork Willapa winter steelhead 2023-24,2024-02-01,Unguided-Boat,0,16.066666666666666,0
Stillaguamish salmon and gamefish 2024-25,2024-10-01,Guided-Bank,0.8166666666666667,0.8166666666666667,1
Stillaguamish salmon and gamefish 2024-25,2024-10-01,Guided-Boat,0,0.8166666666666667,0
Stillaguamish salmon and gamefish 2024-25,2024-10-01,Unguided-Bank,0,0.8166666666666667,0
Stillaguamish salmon and gamefish 2024-25,2024-10-01,Unguided-Boat,0,0.8166666666666667,0
Stillaguamish salmon and gamefish 2025-26,2025-09-01,Guided-Bank,0,979.6833333333334,0
Stillaguamish salmon and gamefish 2025-26,2025-09-01,Guided-Boat,0,979.6833333333334,0
Stillaguamish salmon and gamefish 2025-26,2025-09-01,Unguided-Bank,921.2,979.6833333333334,0.9403038396760858
Stillaguamish salmon and gamefish 2025-26,2025-09-01,Unguided-Boat,58.483333333333334,979.6833333333334,0.059696160323914185
Stillaguamish salmon and gamefish 2025-26,2025-10-01,Guided-Bank,0,1762.4833333333333,0
Stillaguamish salmon and gamefish 2025-26,2025-10-01,Guided-Boat,0,1762.4833333333333,0
Stillaguamish salmon and gamefish 2025-26,2025-10-01,Unguided-Bank,1720.4666666666667,1762.4833333333333,0.9761605310688517
Stillaguamish salmon and gamefish 2025-26,2025-10-01,Unguided-Boat,42.016666666666666,1762.4833333333333,0.023839468931148286
Upper Chehalis salmon 2023,2023-10-01,Guided-Bank,0,1509.0166666666667,0
Upper Chehalis salmon 2023,2023-10-01,Guided-Boat,468.73333333333335,1509.0166666666667,0.3106217072928287
Upper Chehalis salmon 2023,2023-10-01,Unguided-Bank,55.983333333333334,1509.0166666666667,0.03709921472040291
Upper Chehalis salmon 2023,2023-10-01,Unguided-Boat,984.3,1509.0166666666667,0.6522790779867684
Upper Chehalis salmon 2023,2023-11-01,Guided-Bank,0,1257.5833333333333,0
Upper Chehalis salmon 2023,2023-11-01,Guided-Boat,337.76666666666665,1257.5833333333333,0.26858392419322774
Upper Chehalis salmon 2023,2023-11-01,Unguided-Bank,60.35,1257.5833333333333,0.04798886753694255
Upper Chehalis salmon 2023,2023-11-01,Unguided-Boat,859.4666666666667,1257.5833333333333,0.6834272082698297
Willapa winter steelhead 2022,2022-01-01,Guided-Bank,0,811.3666666666667,0
Willapa winter steelhead 2022,2022-01-01,Guided-Boat,0,811.3666666666667,0
Willapa winter steelhead 2022,2022-01-01,Unguided-Bank,811.3666666666667,811.3666666666667,1
Willapa winter steelhead 2022,2022-01-01,Unguided-Boat,0,811.3666666666667,0
Willapa winter steelhead 2022,2022-02-01,Guided-Bank,31.833333333333332,608.7166666666667,0.05229581359691153
Willapa winter steelhead 2022,2022-02-01,Guided-Boat,0,608.7166666666667,0
Willapa winter steelhead 2022,2022-02-01,Unguided-Bank,548.45,608.7166666666667,0.9009938942584126
Willapa winter steelhead 2022,2022-02-01,Unguided-Boat,28.433333333333334,608.7166666666667,0.04671029214467595
Willapa winter steelhead 2022-23,2022-12-01,Guided-Bank,0,199.31666666666666,0
Willapa winter steelhead 2022-23,2022-12-01,Guided-Boat,0,199.31666666666666,0
Willapa winter steelhead 2022-23,2022-12-01,Unguided-Bank,199.31666666666666,199.31666666666666,1
Willapa winter steelhead 2022-23,2022-12-01,Unguided-Boat,0,199.31666666666666,0
Willapa winter steelhead 2022-23,2023-01-01,Guided-Bank,0,709.1500000000001,0
Willapa winter steelhead 2022-23,2023-01-01,Guided-Boat,0,709.1500000000001,0
Willapa winter steelhead 2022-23,2023-01-01,Unguided-Bank,694.8166666666667,709.1500000000001,0.9797880091188982
Willapa winter steelhead 2022-23,2023-01-01,Unguided-Boat,14.333333333333334,709.1500000000001,0.020211990881101788
Willapa winter steelhead 2022-23,2023-02-01,Guided-Bank,0,438.1166666666667,0
Willapa winter steelhead 2022-23,2023-02-01,Guided-Boat,0,438.1166666666667,0
Willapa winter steelhead 2022-23,2023-02-01,Unguided-Bank,438.1166666666667,438.1166666666667,1
Willapa winter steelhead 2022-23,2023-02-01,Unguided-Boat,0,438.1166666666667,0
Willapa winter steelhead 2022-23,2023-03-01,Guided-Bank,0,384.3333333333333,0
Willapa winter steelhead 2022-23,2023-03-01,Guided-Boat,0,384.3333333333333,0
Willapa winter steelhead 2022-23,2023-03-01,Unguided-Bank,373.26666666666665,384.3333333333333,0.9712055507372073
Willapa winter steelhead 2022-23,2023-03-01,Unguided-Boat,11.066666666666666,384.3333333333333,0.028794449262792714
Willapa winter steelhead 2023-24,2023-12-01,Guided-Bank,0,1336.0166666666667,0
Willapa winter steelhead 2023-24,2023-12-01,Guided-Boat,0,1336.0166666666667,0
Willapa winter steelhead 2023-24,2023-12-01,Unguided-Bank,1219.1833333333334,1336.0166666666667,0.9125509911303502
Willapa winter steelhead 2023-24,2023-12-01,Unguided-Boat,116.83333333333333,1336.0166666666667,0.08744900886964983
Willapa winter steelhead 2023-24,2024-01-01,Guided-Bank,0,531.3833333333333,0
Willapa winter steelhead 2023-24,2024-01-01,Guided-Boat,0,531.3833333333333,0
Willapa winter steelhead 2023-24,2024-01-01,Unguided-Bank,515.6166666666667,531.3833333333333,0.9703290154627858
Willapa winter steelhead 2023-24,2024-01-01,Unguided-Boat,15.766666666666667,531.3833333333333,0.02967098453721419
Willapa winter steelhead 2023-24,2024-02-01,Guided-Bank,0,355.75,0
Willapa winter steelhead 2023-24,2024-02-01,Guided-Boat,0,355.75,0
Willapa winter steelhead 2023-24,2024-02-01,Unguided-Bank,310.6333333333333,355.75,0.8731787303818224
Willapa winter steelhead 2023-24,2024-02-01,Unguided-Boat,45.11666666666667,355.75,0.12682126961817755
Willapa winter steelhead 2023-24,2024-03-01,Guided-Bank,6.433333333333334,468.9833333333333,0.013717616119975837
Willapa winter steelhead 2023-24,2024-03-01,Guided-Boat,0,468.9833333333333,0
Willapa winter steelhead 2023-24,2024-03-01,Unguided-Bank,353.76666666666665,468.9833333333333,0.7543267351362878
Willapa winter steelhead 2023-24,2024-03-01,Unguided-Boat,108.78333333333333,468.9833333333333,0.23195564874373648
Wynoochee winter steelhead 2024-25,2024-12-01,Guided-Bank,0,989.25,0
Wynoochee winter steelhead 2024-25,2024-12-01,Guided-Boat,63.78333333333333,989.25,0.06447645522702383
Wynoochee winter steelhead 2024-25,2024-12-01,Unguided-Bank,269.9,989.25,0.27283295425827647
Wynoochee winter steelhead 2024-25,2024-12-01,Unguided-Boat,655.5666666666667,989.25,0.6626905905146997
Wynoochee winter steelhead 2024-25,2025-01-01,Guided-Bank,26.45,3084.0333333333333,0.008576431296678592
Wynoochee winter steelhead 2024-25,2025-01-01,Guided-Boat,605.2,3084.0333333333333,0.19623653008506178
Wynoochee winter steelhead 2024-25,2025-01-01,Unguided-Bank,563.75,3084.0333333333333,0.18279633812864107
Wynoochee winter steelhead 2024-25,2025-01-01,Unguided-Boat,1888.6333333333334,3084.0333333333333,0.6123907004896186
Wynoochee winter steelhead 2024-25,2025-02-01,Guided-Bank,0,1812.3166666666666,0
Wynoochee winter steelhead 2024-25,2025-02-01,Guided-Boat,423.9,1812.3166666666666,0.2338995208710766
Wynoochee winter steelhead 2024-25,2025-02-01,Unguided-Bank,506.8666666666667,1812.3166666666666,0.27967886406900927
Wynoochee winter steelhead 2024-25,2025-02-01,Unguided-Boat,881.55,1812.3166666666666,0.4864216150599141
Wynoochee winter steelhead 2025-26,2025-12-01,Guided-Bank,0,819.9,0
Wynoochee winter steelhead 2025-26,2025-12-01,Guided-Boat,70.08333333333334,819.9,0.08547790380940766
Wynoochee winter steelhead 2025-26,2025-12-01,Unguided-Bank,274.6333333333333,819.9,0.33495954791234706
Wynoochee winter steelhead 2025-26,2025-12-01,Unguided-Boat,475.18333333333334,819.9,0.5795625482782454
Wynoochee winter steelhead 2025-26,2026-01-01,Guided-Bank,0,2680.35,0
Wynoochee winter steelhead 2025-26,2026-01-01,Guided-Boat,790.4666666666667,2680.35,0.2949117341640706
Wynoochee winter steelhead 2025-26,2026-01-01,Unguided-Bank,628.2833333333333,2680.35,0.23440346720888441
Wynoochee winter steelhead 2025-26,2026-01-01,Unguided-Boat,1261.6,2680.35,0.47068479862704493
Wynoochee winter steelhead 2025-26,2026-02-01,Guided-Bank,27.150000000000002,1635.0333333333333,0.016605166051660517
Wynoochee winter steelhead 2025-26,2026-02-01,Guided-Boat,414.1166666666667,1635.0333333333333,0.2532772012803001
Wynoochee winter steelhead 2025-26,2026-02-01,Unguided-Bank,382.76666666666665,1635.0333333333333,0.23410328025932192
Wynoochee winter steelhead 2025-26,2026-02-01,Unguided-Boat,811,1635.0333333333333,0.49601435240871744
