block,river_label,fishery_name,catch_area_code,year,month,location,mode,angler_trips,total_salmon_harvest,tier,source_id,method,location_basis,mode_basis
PugetSound,Cascade,Cascade fall salmon 2022,826,2022,9,bank,unguided,534.68092532271,137.273,P1,creel_pe,design-based PE (pe_period=month); trip_length_source=month; estimated,design_stratum,fishery_year_interviews
PugetSound,Cascade,Cascade fall salmon 2022,826,2022,10,bank,unguided,516.4022179752769,403.5083333333333,P1,creel_pe,design-based PE (pe_period=month); trip_length_source=month; estimated,design_stratum,fishery_year_interviews
PugetSound,Cascade,Cascade fall salmon 2022,826,2022,11,bank,unguided,607.0041831503946,413.9173,P1,creel_pe,design-based PE (pe_period=month); trip_length_source=month; estimated,design_stratum,fishery_year_interviews
PugetSound,Cascade,Cascade fall salmon 2023,826,2023,9,bank,unguided,560.4454128286586,540.4216556776557,P1,creel_pe,design-based PE (pe_period=month); trip_length_source=month; estimated,design_stratum,fishery_year_interviews
PugetSound,Cascade,Cascade fall salmon 2023,826,2023,10,bank,unguided,1739.1897989348374,1871.2774463631606,P1,creel_pe,design-based PE (pe_period=month); trip_length_source=month; estimated,design_stratum,fishery_year_interviews
PugetSound,Cascade,Cascade fall salmon 2023,826,2023,11,bank,unguided,598.0730550993933,338.1964035964036,P1,creel_pe,design-based PE (pe_period=month); trip_length_source=month; estimated,design_stratum,fishery_year_interviews
PugetSound,Cascade,Cascade fall salmon 2024,826,2024,9,bank,unguided,562.710907598417,482.57266666666663,P1,creel_pe,design-based PE (pe_period=month); trip_length_source=month; estimated,design_stratum,fishery_year_interviews
PugetSound,Cascade,Cascade fall salmon 2024,826,2024,10,bank,unguided,1649.2249173810378,778.6720535714287,P1,creel_pe,design-based PE (pe_period=month); trip_length_source=month; estimated,design_stratum,fishery_year_interviews
PugetSound,Cascade,Cascade fall salmon 2024,826,2024,11,bank,unguided,407.13948216526023,96.08371428571428,P1,creel_pe,design-based PE (pe_period=month); trip_length_source=month; estimated,design_stratum,fishery_year_interviews
WACoast,Chehalis,Chehalis salmon 2022,317,2022,9,bank,unguided,2173.254116421556,674.9531428571429,P1,creel_pe,design-based PE (pe_period=month); trip_length_source=month; estimated,design_stratum,fishery_year_interviews
WACoast,Chehalis,Chehalis salmon 2022,317,2022,9,boat,guided,560.933691764284,457.59915399239554,P1,creel_pe,design-based PE (pe_period=month); trip_length_source=month; estimated,design_stratum,fishery_year_interviews
WACoast,Chehalis,Chehalis salmon 2022,317,2022,9,boat,unguided,4356.585006035939,3554.020096007605,P1,creel_pe,design-based PE (pe_period=month); trip_length_source=month; estimated,design_stratum,fishery_year_interviews
WACoast,Chehalis,Chehalis salmon 2022,317,2022,10,bank,unguided,2974.2310549313233,384.0013666666666,P1,creel_pe,design-based PE (pe_period=month); trip_length_source=month; estimated,design_stratum,fishery_year_interviews
WACoast,Chehalis,Chehalis salmon 2022,317,2022,10,boat,guided,739.2655845467082,563.45441634981,P1,creel_pe,design-based PE (pe_period=month); trip_length_source=month; estimated,design_stratum,fishery_year_interviews
WACoast,Chehalis,Chehalis salmon 2022,317,2022,10,boat,unguided,5741.629373312766,4376.16263365019,P1,creel_pe,design-based PE (pe_period=month); trip_length_source=month; estimated,design_stratum,fishery_year_interviews
WACoast,Chehalis,Chehalis salmon 2022,317,2022,11,bank,unguided,1051.036690596382,0,P1,creel_pe,design-based PE (pe_period=month); trip_length_source=month; estimated,design_stratum,fishery_year_interviews
WACoast,Chehalis,Chehalis salmon 2022,317,2022,11,boat,guided,113.3981689632676,74.13565453557851,P1,creel_pe,design-based PE (pe_period=month); trip_length_source=month; estimated,design_stratum,fishery_year_interviews
WACoast,Chehalis,Chehalis salmon 2022,317,2022,11,boat,unguided,880.7257789480449,575.786916892993,P1,creel_pe,design-based PE (pe_period=month); trip_length_source=month; estimated,design_stratum,fishery_year_interviews
WACoast,Chehalis,Chehalis salmon 2022,317,2022,12,bank,unguided,73.96883125208909,0,P1,creel_pe,design-based PE (pe_period=month); trip_length_source=month; estimated,design_stratum,fishery_year_interviews
WACoast,Chehalis,Chehalis salmon 2022,317,2022,12,boat,guided,10.969019939778843,1.6749809885931561,P1,creel_pe,design-based PE (pe_period=month); trip_length_source=month; estimated,design_stratum,fishery_year_interviews
WACoast,Chehalis,Chehalis salmon 2022,317,2022,12,boat,unguided,85.19272153228233,13.009019011406844,P1,creel_pe,design-based PE (pe_period=month); trip_length_source=month; estimated,design_stratum,fishery_year_interviews
WACoast,Chehalis,Chehalis salmon 2024,315,2024,9,bank,unguided,0,0,P1,creel_pe,design-based PE (pe_period=month); trip_length_source=area_season; zero_effort,design_stratum,fishery_year_interviews
WACoast,Chehalis,Chehalis salmon 2024,315,2024,9,boat,guided,0,0,P1,creel_pe,design-based PE (pe_period=month); trip_length_source=area_season; zero_effort,design_stratum,fishery_year_interviews
WACoast,Chehalis,Chehalis salmon 2024,315,2024,9,boat,unguided,0,0,P1,creel_pe,design-based PE (pe_period=month); trip_length_source=area_season; zero_effort,design_stratum,fishery_year_interviews
WACoast,Chehalis,Chehalis salmon 2024,317,2024,9,bank,unguided,622.8796793645618,119.6075,P1,creel_pe,design-based PE (pe_period=month); trip_length_source=month; estimated,design_stratum,fishery_year_interviews
WACoast,Chehalis,Chehalis salmon 2024,317,2024,9,boat,guided,297.6817954609692,226.5669776035834,P1,creel_pe,design-based PE (pe_period=month); trip_length_source=month; estimated,design_stratum,fishery_year_interviews
WACoast,Chehalis,Chehalis salmon 2024,317,2024,9,boat,unguided,4625.093081328762,3520.1795223964164,P1,creel_pe,design-based PE (pe_period=month); trip_length_source=month; estimated,design_stratum,fishery_year_interviews
WACoast,Chehalis,Chehalis salmon 2024,315,2024,10,bank,unguided,553.5968305512835,0,P1,creel_pe,design-based PE (pe_period=month); trip_length_source=month; estimated,design_stratum,fishery_year_interviews
WACoast,Chehalis,Chehalis salmon 2024,315,2024,10,boat,guided,4.23442678170403,0,P1,creel_pe,design-based PE (pe_period=month); trip_length_source=area_season; estimated_donor,design_stratum,fishery_year_interviews
WACoast,Chehalis,Chehalis salmon 2024,315,2024,10,boat,unguided,65.79044573795707,0,P1,creel_pe,design-based PE (pe_period=month); trip_length_source=area_season; estimated_donor,design_stratum,fishery_year_interviews
WACoast,Chehalis,Chehalis salmon 2024,317,2024,10,bank,unguided,4984.426901139036,2462.6642666666667,P1,creel_pe,design-based PE (pe_period=month); trip_length_source=month; estimated,design_stratum,fishery_year_interviews
WACoast,Chehalis,Chehalis salmon 2024,317,2024,10,boat,guided,407.2546358059178,278.9644669652855,P1,creel_pe,design-based PE (pe_period=month); trip_length_source=month; estimated,design_stratum,fishery_year_interviews
WACoast,Chehalis,Chehalis salmon 2024,317,2024,10,boat,unguided,6327.530360021575,4334.281255256936,P1,creel_pe,design-based PE (pe_period=month); trip_length_source=month; estimated,design_stratum,fishery_year_interviews
WACoast,Chehalis,Chehalis salmon 2024,315,2024,11,bank,unguided,148.36183594373097,52.32959999999999,P1,creel_pe,design-based PE (pe_period=month); trip_length_source=month; estimated,design_stratum,fishery_year_interviews
WACoast,Chehalis,Chehalis salmon 2024,315,2024,11,boat,guided,14.86363156463661,9.278808510638298,P1,creel_pe,design-based PE (pe_period=month); trip_length_source=month; estimated,design_stratum,fishery_year_interviews
WACoast,Chehalis,Chehalis salmon 2024,315,2024,11,boat,unguided,230.93679412463177,144.16519148936172,P1,creel_pe,design-based PE (pe_period=month); trip_length_source=month; estimated,design_stratum,fishery_year_interviews
WACoast,Chehalis,Chehalis salmon 2024,317,2024,11,bank,unguided,1228.9122504290838,286.6584,P1,creel_pe,design-based PE (pe_period=month); trip_length_source=month; estimated,design_stratum,fishery_year_interviews
WACoast,Chehalis,Chehalis salmon 2024,317,2024,11,boat,guided,164.38139965563084,153.48979955207167,P1,creel_pe,design-based PE (pe_period=month); trip_length_source=month; estimated,design_stratum,fishery_year_interviews
WACoast,Chehalis,Chehalis salmon 2024,317,2024,11,boat,unguided,2553.999894649524,2384.7767004479283,P1,creel_pe,design-based PE (pe_period=month); trip_length_source=month; estimated,design_stratum,fishery_year_interviews
WACoast,Chehalis,Chehalis salmon 2024,315,2024,12,bank,unguided,286.57019143677866,0,P1,creel_pe,design-based PE (pe_period=month); trip_length_source=area_season; estimated_donor,design_stratum,fishery_year_interviews
WACoast,Chehalis,Chehalis salmon 2024,315,2024,12,boat,guided,12.303856979224376,3.477346024636058,P1,creel_pe,design-based PE (pe_period=month); trip_length_source=month; estimated,design_stratum,fishery_year_interviews
WACoast,Chehalis,Chehalis salmon 2024,315,2024,12,boat,unguided,191.16548158461578,54.02765397536393,P1,creel_pe,design-based PE (pe_period=month); trip_length_source=month; estimated,design_stratum,fishery_year_interviews
WACoast,Chehalis,Chehalis salmon 2024,317,2024,12,bank,unguided,886.438202282461,0,P1,creel_pe,design-based PE (pe_period=month); trip_length_source=month; estimated,design_stratum,fishery_year_interviews
WACoast,Chehalis,Chehalis salmon 2024,317,2024,12,boat,guided,28.505142152715376,24.289316909294513,P1,creel_pe,design-based PE (pe_period=month); trip_length_source=month; estimated,design_stratum,fishery_year_interviews
WACoast,Chehalis,Chehalis salmon 2024,317,2024,12,boat,unguided,442.88544937274446,377.3840164240388,P1,creel_pe,design-based PE (pe_period=month); trip_length_source=month; estimated,design_stratum,fishery_year_interviews
WACoast,Chehalis,Chehalis salmon 2025,317,2025,9,bank,unguided,1435.5547057359088,417.3926818373367,P1,creel_pe,design-based PE (pe_period=month); trip_length_source=month; estimated,design_stratum,fishery_year_interviews
WACoast,Chehalis,Chehalis salmon 2025,317,2025,9,boat,guided,666.1388452286335,570.5460836614174,P1,creel_pe,design-based PE (pe_period=month); trip_length_source=month; estimated,design_stratum,fishery_year_interviews
WACoast,Chehalis,Chehalis salmon 2025,317,2025,9,boat,unguided,8123.433450255671,6957.698344910011,P1,creel_pe,design-based PE (pe_period=month); trip_length_source=month; estimated,design_stratum,fishery_year_interviews
WACoast,Chehalis,Chehalis salmon 2025,315,2025,10,bank,unguided,1007.9221947894114,10.854884955752212,P1,creel_pe,design-based PE (pe_period=month); trip_length_source=month; estimated,design_stratum,fishery_year_interviews
WACoast,Chehalis,Chehalis salmon 2025,315,2025,10,boat,guided,14.256334148878903,1.8874397637795275,P1,creel_pe,design-based PE (pe_period=month); trip_length_source=month; estimated,design_stratum,fishery_year_interviews
WACoast,Chehalis,Chehalis salmon 2025,315,2025,10,boat,unguided,173.85321773762712,23.01696023622047,P1,creel_pe,design-based PE (pe_period=month); trip_length_source=month; estimated,design_stratum,fishery_year_interviews
WACoast,Chehalis,Chehalis salmon 2025,317,2025,10,bank,unguided,4212.685393126794,994.4886531509786,P1,creel_pe,design-based PE (pe_period=month); trip_length_source=month; estimated,design_stratum,fishery_year_interviews
WACoast,Chehalis,Chehalis salmon 2025,317,2025,10,boat,guided,497.8266501315806,277.34016500984256,P1,creel_pe,design-based PE (pe_period=month); trip_length_source=month; estimated,design_stratum,fishery_year_interviews
WACoast,Chehalis,Chehalis salmon 2025,317,2025,10,boat,unguided,6070.899019137067,3382.1092849901574,P1,creel_pe,design-based PE (pe_period=month); trip_length_source=month; estimated,design_stratum,fishery_year_interviews
WACoast,Chehalis,Chehalis salmon 2025,315,2025,11,bank,unguided,580.7577745574343,0,P1,creel_pe,design-based PE (pe_period=month); trip_length_source=month; estimated,design_stratum,fishery_year_interviews
WACoast,Chehalis,Chehalis salmon 2025,315,2025,11,boat,guided,38.30878213821351,17.50231003937008,P1,creel_pe,design-based PE (pe_period=month); trip_length_source=month; estimated,design_stratum,fishery_year_interviews
WACoast,Chehalis,Chehalis salmon 2025,315,2025,11,boat,unguided,467.1681354257465,213.43726138920132,P1,creel_pe,design-based PE (pe_period=month); trip_length_source=month; estimated,design_stratum,fishery_year_interviews
WACoast,Chehalis,Chehalis salmon 2025,317,2025,11,bank,unguided,734.9619428690485,16.069041789577188,P1,creel_pe,design-based PE (pe_period=month); trip_length_source=month; estimated,design_stratum,fishery_year_interviews
WACoast,Chehalis,Chehalis salmon 2025,317,2025,11,boat,guided,127.60164482176438,41.23078383366142,P1,creel_pe,design-based PE (pe_period=month); trip_length_source=month; estimated,design_stratum,fishery_year_interviews
WACoast,Chehalis,Chehalis salmon 2025,317,2025,11,boat,unguided,1556.0772011381396,502.8013768806243,P1,creel_pe,design-based PE (pe_period=month); trip_length_source=month; estimated,design_stratum,fishery_year_interviews
WACoast,Chehalis,Chehalis salmon 2025,315,2025,12,bank,unguided,31.827333690295884,0,P1,creel_pe,design-based PE (pe_period=month); trip_length_source=month; estimated,design_stratum,fishery_year_interviews
WACoast,Chehalis,Chehalis salmon 2025,315,2025,12,boat,guided,5.604110513756477,15.800384842519689,P1,creel_pe,design-based PE (pe_period=month); trip_length_source=month; estimated,design_stratum,fishery_year_interviews
WACoast,Chehalis,Chehalis salmon 2025,315,2025,12,boat,unguided,68.34103600541988,192.6826151574803,P1,creel_pe,design-based PE (pe_period=month); trip_length_source=month; estimated,design_stratum,fishery_year_interviews
WACoast,Chehalis,Chehalis salmon 2025,317,2025,12,bank,unguided,29.7767295361691,0,P1,creel_pe,design-based PE (pe_period=month); trip_length_source=month; estimated,design_stratum,fishery_year_interviews
WACoast,Chehalis,Chehalis salmon 2025,317,2025,12,boat,guided,17.871598096969958,10.89505790682415,P1,creel_pe,design-based PE (pe_period=month); trip_length_source=month; estimated,design_stratum,fishery_year_interviews
WACoast,Chehalis,Chehalis salmon 2025,317,2025,12,boat,unguided,217.94065731239985,132.86310875984253,P1,creel_pe,design-based PE (pe_period=month); trip_length_source=month; estimated,design_stratum,fishery_year_interviews
ColumbiaTrib,Drano Lake,Drano Lake salmon and steelhead 2022,618,2022,7,bank,unknown,0,0,P1,creel_pe,design-based PE (pe_period=month); trip_length_source=month; zero_effort,design_stratum,no_proportion_available
ColumbiaTrib,Drano Lake,Drano Lake salmon and steelhead 2022,618,2022,7,boat,unknown,782.6444284570871,357.401,P1,creel_pe,design-based PE (pe_period=month); trip_length_source=month; estimated,design_stratum,no_proportion_available
ColumbiaTrib,Drano Lake,Drano Lake salmon and steelhead 2022,618,2022,8,bank,unknown,784.1929585046526,32.39147619047619,P1,creel_pe,design-based PE (pe_period=month); trip_length_source=month; estimated,design_stratum,no_proportion_available
ColumbiaTrib,Drano Lake,Drano Lake salmon and steelhead 2022,618,2022,8,boat,unknown,3017.241588463634,1075.0142285714287,P1,creel_pe,design-based PE (pe_period=month); trip_length_source=month; estimated,design_stratum,no_proportion_available
ColumbiaTrib,Drano Lake,Drano Lake salmon and steelhead 2022,618,2022,9,bank,unknown,470.9785378777379,102.6675,P1,creel_pe,design-based PE (pe_period=month); trip_length_source=month; estimated,design_stratum,no_proportion_available
ColumbiaTrib,Drano Lake,Drano Lake salmon and steelhead 2022,618,2022,9,boat,unknown,5385.71028261397,2015.0996,P1,creel_pe,design-based PE (pe_period=month); trip_length_source=month; estimated,design_stratum,no_proportion_available
ColumbiaTrib,Drano Lake,Drano Lake salmon and steelhead 2022,618,2022,10,bank,unknown,1232.0114987399825,205.87845833333336,P1,creel_pe,design-based PE (pe_period=month); trip_length_source=month; estimated,design_stratum,no_proportion_available
ColumbiaTrib,Drano Lake,Drano Lake salmon and steelhead 2022,618,2022,10,boat,unknown,2458.1071007421247,1328.091875,P1,creel_pe,design-based PE (pe_period=month); trip_length_source=month; estimated,design_stratum,no_proportion_available
ColumbiaTrib,Drano Lake,Drano Lake salmon and steelhead 2023,618,2023,7,bank,unguided,99.6239873184393,0,P1,creel_pe,design-based PE (pe_period=month); trip_length_source=area_season; estimated_donor,design_stratum,fishery_year_interviews
ColumbiaTrib,Drano Lake,Drano Lake salmon and steelhead 2023,618,2023,7,boat,guided,281.91706252081,25.795969248291573,P1,creel_pe,design-based PE (pe_period=month); trip_length_source=month; estimated,design_stratum,fishery_year_interviews
ColumbiaTrib,Drano Lake,Drano Lake salmon and steelhead 2023,618,2023,7,boat,unguided,1815.7370128458952,166.14353075170845,P1,creel_pe,design-based PE (pe_period=month); trip_length_source=month; estimated,design_stratum,fishery_year_interviews
ColumbiaTrib,Drano Lake,Drano Lake salmon and steelhead 2023,618,2023,8,bank,unguided,658.4436542318466,52.19616666666667,P1,creel_pe,design-based PE (pe_period=month); trip_length_source=month; estimated,design_stratum,fishery_year_interviews
ColumbiaTrib,Drano Lake,Drano Lake salmon and steelhead 2023,618,2023,8,boat,guided,529.6377249014915,338.9882854973424,P1,creel_pe,design-based PE (pe_period=month); trip_length_source=month; estimated,design_stratum,fishery_year_interviews
ColumbiaTrib,Drano Lake,Drano Lake salmon and steelhead 2023,618,2023,8,boat,unguided,3411.2260247892677,2183.314381169324,P1,creel_pe,design-based PE (pe_period=month); trip_length_source=month; estimated,design_stratum,fishery_year_interviews
ColumbiaTrib,Drano Lake,Drano Lake salmon and steelhead 2023,618,2023,9,bank,unguided,919.8798666798992,325.30400000000003,P1,creel_pe,design-based PE (pe_period=month); trip_length_source=month; estimated,design_stratum,fishery_year_interviews
ColumbiaTrib,Drano Lake,Drano Lake salmon and steelhead 2023,618,2023,9,boat,guided,839.4884060495638,555.5809653975485,P1,creel_pe,design-based PE (pe_period=month); trip_length_source=month; estimated,design_stratum,fishery_year_interviews
ColumbiaTrib,Drano Lake,Drano Lake salmon and steelhead 2023,618,2023,9,boat,unguided,5406.874479641258,3578.318082221499,P1,creel_pe,design-based PE (pe_period=month); trip_length_source=month; estimated,design_stratum,fishery_year_interviews
ColumbiaTrib,Drano Lake,Drano Lake salmon and steelhead 2023,618,2023,10,bank,unguided,500.27181097080233,53.632124999999995,P1,creel_pe,design-based PE (pe_period=month); trip_length_source=month; estimated,design_stratum,fishery_year_interviews
ColumbiaTrib,Drano Lake,Drano Lake salmon and steelhead 2023,618,2023,10,boat,guided,261.926099960692,189.67031719817768,P1,creel_pe,design-based PE (pe_period=month); trip_length_source=month; estimated,design_stratum,fishery_year_interviews
ColumbiaTrib,Drano Lake,Drano Lake salmon and steelhead 2023,618,2023,10,boat,unguided,1686.981660763779,1221.6054328018224,P1,creel_pe,design-based PE (pe_period=month); trip_length_source=month; estimated,design_stratum,fishery_year_interviews
ColumbiaTrib,Drano Lake,Drano Lake salmon and steelhead 2024,618,2024,7,bank,unguided,135.96321521071056,0,P1,creel_pe,design-based PE (pe_period=month); trip_length_source=month; estimated,design_stratum,fishery_year_interviews
ColumbiaTrib,Drano Lake,Drano Lake salmon and steelhead 2024,618,2024,7,boat,guided,184.3970210766718,24.546118852459013,P1,creel_pe,design-based PE (pe_period=month); trip_length_source=month; estimated,design_stratum,fishery_year_interviews
ColumbiaTrib,Drano Lake,Drano Lake salmon and steelhead 2024,618,2024,7,boat,unguided,1138.9227772382671,151.60838114754097,P1,creel_pe,design-based PE (pe_period=month); trip_length_source=month; estimated,design_stratum,fishery_year_interviews
ColumbiaTrib,Drano Lake,Drano Lake salmon and steelhead 2024,618,2024,7,unknown,unknown,0,0,P1,creel_pe,design-based PE (pe_period=month); trip_length_source=fishery_season; zero_effort,design_stratum,no_proportion_available
ColumbiaTrib,Drano Lake,Drano Lake salmon and steelhead 2024,618,2024,8,bank,unguided,360.41680224491637,24.44926282051282,P1,creel_pe,design-based PE (pe_period=month); trip_length_source=month; estimated,design_stratum,fishery_year_interviews
ColumbiaTrib,Drano Lake,Drano Lake salmon and steelhead 2024,618,2024,8,boat,guided,372.1657935873777,102.91361994535518,P1,creel_pe,design-based PE (pe_period=month); trip_length_source=month; estimated,design_stratum,fishery_year_interviews
ColumbiaTrib,Drano Lake,Drano Lake salmon and steelhead 2024,618,2024,8,boat,unguided,2298.671078039686,635.6429467213114,P1,creel_pe,design-based PE (pe_period=month); trip_length_source=month; estimated,design_stratum,fishery_year_interviews
ColumbiaTrib,Drano Lake,Drano Lake salmon and steelhead 2024,618,2024,8,unknown,unknown,0,0,P1,creel_pe,design-based PE (pe_period=month); trip_length_source=fishery_season; zero_effort,design_stratum,no_proportion_available
ColumbiaTrib,Drano Lake,Drano Lake salmon and steelhead 2024,618,2024,9,bank,unguided,868.8893475049691,116.26614583333334,P1,creel_pe,design-based PE (pe_period=month); trip_length_source=month; estimated,design_stratum,fishery_year_interviews
ColumbiaTrib,Drano Lake,Drano Lake salmon and steelhead 2024,618,2024,9,boat,guided,859.3747234532283,536.7555150273223,P1,creel_pe,design-based PE (pe_period=month); trip_length_source=month; estimated,design_stratum,fishery_year_interviews
ColumbiaTrib,Drano Lake,Drano Lake salmon and steelhead 2024,618,2024,9,boat,unguided,5307.902703681704,3315.254651639344,P1,creel_pe,design-based PE (pe_period=month); trip_length_source=month; estimated,design_stratum,fishery_year_interviews
ColumbiaTrib,Drano Lake,Drano Lake salmon and steelhead 2024,618,2024,9,unknown,unknown,0,0,P1,creel_pe,design-based PE (pe_period=month); trip_length_source=fishery_season; zero_effort,design_stratum,no_proportion_available
ColumbiaTrib,Drano Lake,Drano Lake salmon and steelhead 2024,618,2024,10,bank,unguided,409.8976455201742,130.40971367521368,P1,creel_pe,design-based PE (pe_period=month); trip_length_source=month; estimated,design_stratum,fishery_year_interviews
ColumbiaTrib,Drano Lake,Drano Lake salmon and steelhead 2024,618,2024,10,boat,guided,250.67188142495132,179.19695355191254,P1,creel_pe,design-based PE (pe_period=month); trip_length_source=month; estimated,design_stratum,fishery_year_interviews
ColumbiaTrib,Drano Lake,Drano Lake salmon and steelhead 2024,618,2024,10,boat,unguided,1548.2675029188172,1106.804713114754,P1,creel_pe,design-based PE (pe_period=month); trip_length_source=month; estimated,design_stratum,fishery_year_interviews
ColumbiaTrib,Drano Lake,Drano Lake salmon and steelhead 2024,618,2024,10,unknown,unknown,331.95158667552386,0,P1,creel_pe,design-based PE (pe_period=month); trip_length_source=fishery_season; estimated_donor,design_stratum,no_proportion_available
ColumbiaTrib,Drano Lake,Drano Lake salmon and steelhead 2025,618,2025,7,bank,unguided,742.0036243386245,239.646,P1,creel_pe,design-based PE (pe_period=month); trip_length_source=month; estimated,design_stratum,fishery_year_interviews
ColumbiaTrib,Drano Lake,Drano Lake salmon and steelhead 2025,618,2025,7,boat,guided,284.35607617369175,152.72817573221758,P1,creel_pe,design-based PE (pe_period=month); trip_length_source=month; estimated,design_stratum,fishery_year_interviews
ColumbiaTrib,Drano Lake,Drano Lake salmon and steelhead 2025,618,2025,7,boat,unguided,1386.8185682241524,744.8628242677825,P1,creel_pe,design-based PE (pe_period=month); trip_length_source=month; estimated,design_stratum,fishery_year_interviews
ColumbiaTrib,Drano Lake,Drano Lake salmon and steelhead 2025,618,2025,8,bank,unguided,918.994604653597,12.201249999999998,P1,creel_pe,design-based PE (pe_period=month); trip_length_source=month; estimated,design_stratum,fishery_year_interviews
ColumbiaTrib,Drano Lake,Drano Lake salmon and steelhead 2025,618,2025,8,boat,guided,1021.1567835751983,254.08998216776249,P1,creel_pe,design-based PE (pe_period=month); trip_length_source=month; estimated,design_stratum,fishery_year_interviews
ColumbiaTrib,Drano Lake,Drano Lake salmon and steelhead 2025,618,2025,8,boat,unguided,4980.231854321664,1239.209339260809,P1,creel_pe,design-based PE (pe_period=month); trip_length_source=month; estimated,design_stratum,fishery_year_interviews
ColumbiaTrib,Drano Lake,Drano Lake salmon and steelhead 2025,618,2025,9,bank,unguided,1050.7780656748023,229.0134,P1,creel_pe,design-based PE (pe_period=month); trip_length_source=month; estimated,design_stratum,fishery_year_interviews
ColumbiaTrib,Drano Lake,Drano Lake salmon and steelhead 2025,618,2025,9,boat,guided,1196.1477100340567,1206.3579862522415,P1,creel_pe,design-based PE (pe_period=month); trip_length_source=month; estimated,design_stratum,fishery_year_interviews
ColumbiaTrib,Drano Lake,Drano Lake salmon and steelhead 2025,618,2025,9,boat,unguided,5833.671208772654,5883.467228033473,P1,creel_pe,design-based PE (pe_period=month); trip_length_source=month; estimated,design_stratum,fishery_year_interviews
ColumbiaTrib,Drano Lake,Drano Lake salmon and steelhead 2025,618,2025,10,bank,unguided,973.1423659252142,132.289,P1,creel_pe,design-based PE (pe_period=month); trip_length_source=month; estimated,design_stratum,fishery_year_interviews
ColumbiaTrib,Drano Lake,Drano Lake salmon and steelhead 2025,618,2025,10,boat,guided,314.67102109578826,295.6280632264063,P1,creel_pe,design-based PE (pe_period=month); trip_length_source=month; estimated,design_stratum,fishery_year_interviews
ColumbiaTrib,Drano Lake,Drano Lake salmon and steelhead 2025,618,2025,10,boat,unguided,1534.6660455081476,1441.7926034402603,P1,creel_pe,design-based PE (pe_period=month); trip_length_source=month; estimated,design_stratum,fishery_year_interviews
WACoast,Hoh,Hoh fall salmon 2023,348,2023,9,bank,unguided,69.9896206365267,0,P1,creel_pe,design-based PE (pe_period=month); trip_length_source=type_season; estimated_donor,design_stratum,fishery_year_interviews
WACoast,Hoh,Hoh fall salmon 2023,348,2023,9,boat,unknown,44.432467116895765,0,P1,creel_pe,design-based PE (pe_period=month); trip_length_source=month; estimated,design_stratum,no_proportion_available
WACoast,Hoh,Hoh fall salmon 2023,350,2023,9,bank,unguided,482.1983824481814,86.11079365079365,P1,creel_pe,design-based PE (pe_period=month); trip_length_source=month; estimated,design_stratum,fishery_year_interviews
WACoast,Hoh,Hoh fall salmon 2023,350,2023,9,boat,unknown,247.59977716148072,194.735,P1,creel_pe,design-based PE (pe_period=month); trip_length_source=month; estimated,design_stratum,no_proportion_available
WACoast,Hoh,Hoh fall salmon 2023,348,2023,10,bank,unguided,0,0,P1,creel_pe,design-based PE (pe_period=month); trip_length_source=type_season; zero_effort,design_stratum,fishery_year_interviews
WACoast,Hoh,Hoh fall salmon 2023,348,2023,10,boat,unknown,0,0,P1,creel_pe,design-based PE (pe_period=month); trip_length_source=area_season; zero_effort,design_stratum,no_proportion_available
WACoast,Hoh,Hoh fall salmon 2023,350,2023,10,bank,unguided,0,0,P1,creel_pe,design-based PE (pe_period=month); trip_length_source=area_season; zero_effort,design_stratum,fishery_year_interviews
WACoast,Hoh,Hoh fall salmon 2023,350,2023,10,boat,unknown,0,0,P1,creel_pe,design-based PE (pe_period=month); trip_length_source=area_season; zero_effort,design_stratum,no_proportion_available
WACoast,Hoh,Hoh fall salmon 2025,350,2025,9,bank,unguided,144.47213005941637,39.003,P1,creel_pe,design-based PE (pe_period=month); trip_length_source=month; estimated,design_stratum,fishery_year_interviews
WACoast,Hoh,Hoh fall salmon 2025,350,2025,9,boat,guided,148.51730489645723,76.3276815181518,P1,creel_pe,design-based PE (pe_period=month); trip_length_source=month; estimated,design_stratum,fishery_year_interviews
WACoast,Hoh,Hoh fall salmon 2025,350,2025,9,boat,unguided,151.4876509943864,77.85423514851483,P1,creel_pe,design-based PE (pe_period=month); trip_length_source=month; estimated,design_stratum,fishery_year_interviews
WACoast,Hoh,Hoh fall salmon 2025,348,2025,10,bank,unguided,28.33462619797528,3.014,P1,creel_pe,design-based PE (pe_period=month); trip_length_source=month; estimated,design_stratum,fishery_year_interviews
WACoast,Hoh,Hoh fall salmon 2025,348,2025,10,boat,guided,104.64141252642224,110.74059405940592,P1,creel_pe,design-based PE (pe_period=month); trip_length_source=month; estimated,design_stratum,fishery_year_interviews
WACoast,Hoh,Hoh fall salmon 2025,348,2025,10,boat,unguided,106.73424077695068,112.95540594059405,P1,creel_pe,design-based PE (pe_period=month); trip_length_source=month; estimated,design_stratum,fishery_year_interviews
WACoast,Hoh,Hoh fall salmon 2025,350,2025,10,bank,unguided,257.7865168891953,63.54983333333333,P1,creel_pe,design-based PE (pe_period=month); trip_length_source=month; estimated,design_stratum,fishery_year_interviews
WACoast,Hoh,Hoh fall salmon 2025,350,2025,10,boat,guided,256.89598877300597,388.2256600660066,P1,creel_pe,design-based PE (pe_period=month); trip_length_source=month; estimated,design_stratum,fishery_year_interviews
WACoast,Hoh,Hoh fall salmon 2025,350,2025,10,boat,unguided,262.03390854846606,395.9901732673267,P1,creel_pe,design-based PE (pe_period=month); trip_length_source=month; estimated,design_stratum,fishery_year_interviews
WACoast,Hoh,Hoh fall salmon 2025,348,2025,11,bank,unguided,36.646691496094384,6.273,P1,creel_pe,design-based PE (pe_period=month); trip_length_source=month; estimated,design_stratum,fishery_year_interviews
WACoast,Hoh,Hoh fall salmon 2025,348,2025,11,boat,guided,121.94574586070807,307.8270627062707,P1,creel_pe,design-based PE (pe_period=month); trip_length_source=month; estimated,design_stratum,fishery_year_interviews
WACoast,Hoh,Hoh fall salmon 2025,348,2025,11,boat,unguided,124.38466077792224,313.98360396039607,P1,creel_pe,design-based PE (pe_period=month); trip_length_source=month; estimated,design_stratum,fishery_year_interviews
WACoast,Hoh,Hoh fall salmon 2025,350,2025,11,bank,unguided,57.30538031055259,0,P1,creel_pe,design-based PE (pe_period=month); trip_length_source=month; estimated,design_stratum,fishery_year_interviews
WACoast,Hoh,Hoh fall salmon 2025,350,2025,11,boat,guided,16.020877399913452,0,P1,creel_pe,design-based PE (pe_period=month); trip_length_source=month; estimated,design_stratum,fishery_year_interviews
WACoast,Hoh,Hoh fall salmon 2025,350,2025,11,boat,unguided,16.34129494791172,0,P1,creel_pe,design-based PE (pe_period=month); trip_length_source=month; estimated,design_stratum,fishery_year_interviews
WACoast,Hoh,Hoh fall salmon 2025,348,2025,12,bank,unguided,0,0,P1,creel_pe,design-based PE (pe_period=month); trip_length_source=area_season; zero_effort,design_stratum,fishery_year_interviews
WACoast,Hoh,Hoh fall salmon 2025,348,2025,12,boat,guided,1.8556823073611708,0,P1,creel_pe,design-based PE (pe_period=month); trip_length_source=month; estimated,design_stratum,fishery_year_interviews
WACoast,Hoh,Hoh fall salmon 2025,348,2025,12,boat,unguided,1.8927959535083942,0,P1,creel_pe,design-based PE (pe_period=month); trip_length_source=month; estimated,design_stratum,fishery_year_interviews
WACoast,Hoh,Hoh fall salmon 2025,350,2025,12,bank,unguided,0,0,P1,creel_pe,design-based PE (pe_period=month); trip_length_source=area_season; zero_effort,design_stratum,fishery_year_interviews
WACoast,Hoh,Hoh fall salmon 2025,350,2025,12,boat,guided,0,0,P1,creel_pe,design-based PE (pe_period=month); trip_length_source=area_season; zero_effort,design_stratum,fishery_year_interviews
WACoast,Hoh,Hoh fall salmon 2025,350,2025,12,boat,unguided,0,0,P1,creel_pe,design-based PE (pe_period=month); trip_length_source=area_season; zero_effort,design_stratum,fishery_year_interviews
WACoast,Humptulips,Humptulips salmon 2022,358,2022,9,bank,unguided,2844.8147131357473,465.0203713968958,P1,creel_pe,design-based PE (pe_period=month); trip_length_source=month; estimated,design_stratum,fishery_year_interviews
WACoast,Humptulips,Humptulips salmon 2022,358,2022,9,boat,guided,604.3007567666247,324.46754587155965,P1,creel_pe,design-based PE (pe_period=month); trip_length_source=month; estimated,design_stratum,fishery_year_interviews
WACoast,Humptulips,Humptulips salmon 2022,358,2022,9,boat,unguided,2030.450542735859,1090.2109541284403,P1,creel_pe,design-based PE (pe_period=month); trip_length_source=month; estimated,design_stratum,fishery_year_interviews
WACoast,Humptulips,Humptulips salmon 2022,358,2022,10,bank,unguided,824.9861728187755,417.14101995565414,P1,creel_pe,design-based PE (pe_period=month); trip_length_source=month; estimated,design_stratum,fishery_year_interviews
WACoast,Humptulips,Humptulips salmon 2022,358,2022,10,boat,guided,72.78997097195725,85.25963302752295,P1,creel_pe,design-based PE (pe_period=month); trip_length_source=month; estimated,design_stratum,fishery_year_interviews
WACoast,Humptulips,Humptulips salmon 2022,358,2022,10,boat,unguided,244.57430246577636,286.4723669724771,P1,creel_pe,design-based PE (pe_period=month); trip_length_source=month; estimated,design_stratum,fishery_year_interviews
WACoast,Humptulips,Humptulips salmon 2022,358,2022,11,bank,unguided,2214.519472042901,496.72190568577776,P1,creel_pe,design-based PE (pe_period=month); trip_length_source=month; estimated,design_stratum,fishery_year_interviews
WACoast,Humptulips,Humptulips salmon 2022,358,2022,11,boat,guided,285.1771574883588,173.73870904325034,P1,creel_pe,design-based PE (pe_period=month); trip_length_source=month; estimated,design_stratum,fishery_year_interviews
WACoast,Humptulips,Humptulips salmon 2022,358,2022,11,boat,unguided,958.1952491608854,583.7620623853211,P1,creel_pe,design-based PE (pe_period=month); trip_length_source=month; estimated,design_stratum,fishery_year_interviews
WACoast,Humptulips,Humptulips salmon 2022,358,2022,12,bank,unguided,591.4035319281189,67.33463414634146,P1,creel_pe,design-based PE (pe_period=month); trip_length_source=month; estimated,design_stratum,fishery_year_interviews
WACoast,Humptulips,Humptulips salmon 2022,358,2022,12,boat,guided,16.13822751628178,7.483486238532111,P1,creel_pe,design-based PE (pe_period=month); trip_length_source=month; estimated,design_stratum,fishery_year_interviews
WACoast,Humptulips,Humptulips salmon 2022,358,2022,12,boat,unguided,54.224444454706784,25.14451376146789,P1,creel_pe,design-based PE (pe_period=month); trip_length_source=month; estimated,design_stratum,fishery_year_interviews
WACoast,Humptulips,Humptulips salmon 2023,358,2023,9,bank,unguided,3361.8689058192654,516.740001175779,P1,creel_pe,design-based PE (pe_period=month); trip_length_source=month; estimated,design_stratum,fishery_year_interviews
WACoast,Humptulips,Humptulips salmon 2023,358,2023,9,boat,guided,531.9288199400653,522.6712558139535,P1,creel_pe,design-based PE (pe_period=month); trip_length_source=month; estimated,design_stratum,fishery_year_interviews
WACoast,Humptulips,Humptulips salmon 2023,358,2023,9,boat,unguided,1788.514293131814,1757.3874108527134,P1,creel_pe,design-based PE (pe_period=month); trip_length_source=month; estimated,design_stratum,fishery_year_interviews
WACoast,Humptulips,Humptulips salmon 2023,358,2023,10,bank,unguided,3216.386606223718,972.4395158730158,P1,creel_pe,design-based PE (pe_period=month); trip_length_source=month; estimated,design_stratum,fishery_year_interviews
WACoast,Humptulips,Humptulips salmon 2023,358,2023,10,boat,guided,495.62894017030845,532.3602159468439,P1,creel_pe,design-based PE (pe_period=month); trip_length_source=month; estimated,design_stratum,fishery_year_interviews
WACoast,Humptulips,Humptulips salmon 2023,358,2023,10,boat,unguided,1666.462523471182,1789.9647840531566,P1,creel_pe,design-based PE (pe_period=month); trip_length_source=month; estimated,design_stratum,fishery_year_interviews
WACoast,Humptulips,Humptulips salmon 2023,358,2023,11,bank,unguided,1594.218167918979,222.48925925925926,P1,creel_pe,design-based PE (pe_period=month); trip_length_source=month; estimated,design_stratum,fishery_year_interviews
WACoast,Humptulips,Humptulips salmon 2023,358,2023,11,boat,guided,137.6598649886902,91.3615780730897,P1,creel_pe,design-based PE (pe_period=month); trip_length_source=month; estimated,design_stratum,fishery_year_interviews
WACoast,Humptulips,Humptulips salmon 2023,358,2023,11,boat,unguided,462.85635764313224,307.1867552602437,P1,creel_pe,design-based PE (pe_period=month); trip_length_source=month; estimated,design_stratum,fishery_year_interviews
WACoast,Humptulips,Humptulips salmon 2024,358,2024,9,bank,unguided,3645.8757901668523,626.6866522411127,P1,creel_pe,design-based PE (pe_period=month); trip_length_source=month; estimated,design_stratum,fishery_year_interviews
WACoast,Humptulips,Humptulips salmon 2024,358,2024,9,boat,guided,491.62035186182806,318.77644094488187,P1,creel_pe,design-based PE (pe_period=month); trip_length_source=month; estimated,design_stratum,fishery_year_interviews
WACoast,Humptulips,Humptulips salmon 2024,358,2024,9,boat,unguided,1459.497919589802,946.3675590551181,P1,creel_pe,design-based PE (pe_period=month); trip_length_source=month; estimated,design_stratum,fishery_year_interviews
WACoast,Humptulips,Humptulips salmon 2024,358,2024,10,bank,unguided,3201.120272286304,944.3500206079341,P1,creel_pe,design-based PE (pe_period=month); trip_length_source=month; estimated,design_stratum,fishery_year_interviews
WACoast,Humptulips,Humptulips salmon 2024,358,2024,10,boat,guided,336.3710280005755,335.9928532569792,P1,creel_pe,design-based PE (pe_period=month); trip_length_source=month; estimated,design_stratum,fishery_year_interviews
WACoast,Humptulips,Humptulips salmon 2024,358,2024,10,boat,unguided,998.6014893767085,997.478783106657,P1,creel_pe,design-based PE (pe_period=month); trip_length_source=month; estimated,design_stratum,fishery_year_interviews
WACoast,Humptulips,Humptulips salmon 2024,358,2024,11,bank,unguided,1966.5404648994863,387.9662040185471,P1,creel_pe,design-based PE (pe_period=month); trip_length_source=month; estimated,design_stratum,fishery_year_interviews
WACoast,Humptulips,Humptulips salmon 2024,358,2024,11,boat,guided,136.606337298814,160.8571968503937,P1,creel_pe,design-based PE (pe_period=month); trip_length_source=month; estimated,design_stratum,fishery_year_interviews
WACoast,Humptulips,Humptulips salmon 2024,358,2024,11,boat,unguided,405.55006385585403,477.5448031496063,P1,creel_pe,design-based PE (pe_period=month); trip_length_source=month; estimated,design_stratum,fishery_year_interviews
WACoast,Humptulips,Humptulips salmon 2024,358,2024,12,bank,unguided,903.375821737758,48.13927253992786,P1,creel_pe,design-based PE (pe_period=month); trip_length_source=month; estimated,design_stratum,fishery_year_interviews
WACoast,Humptulips,Humptulips salmon 2024,358,2024,12,boat,guided,40.648036698173314,4.792629921259842,P1,creel_pe,design-based PE (pe_period=month); trip_length_source=month; estimated,design_stratum,fishery_year_interviews
WACoast,Humptulips,Humptulips salmon 2024,358,2024,12,boat,unguided,120.67385894770203,14.228120078740158,P1,creel_pe,design-based PE (pe_period=month); trip_length_source=month; estimated,design_stratum,fishery_year_interviews
WACoast,Humptulips,Humptulips salmon 2025,358,2025,9,bank,unguided,3827.0310312753127,700.513713924964,P1,creel_pe,design-based PE (pe_period=month); trip_length_source=month; estimated,design_stratum,fishery_year_interviews
WACoast,Humptulips,Humptulips salmon 2025,358,2025,9,boat,guided,516.9895653576003,325.0672811059908,P1,creel_pe,design-based PE (pe_period=month); trip_length_source=month; estimated,design_stratum,fishery_year_interviews
WACoast,Humptulips,Humptulips salmon 2025,358,2025,9,boat,unguided,2287.678826707381,1438.4227188940092,P1,creel_pe,design-based PE (pe_period=month); trip_length_source=month; estimated,design_stratum,fishery_year_interviews
WACoast,Humptulips,Humptulips salmon 2025,358,2025,10,bank,unguided,3019.7197373310923,614.8002990620491,P1,creel_pe,design-based PE (pe_period=month); trip_length_source=month; estimated,design_stratum,fishery_year_interviews
WACoast,Humptulips,Humptulips salmon 2025,358,2025,10,boat,guided,276.0153500320944,228.5818279569893,P1,creel_pe,design-based PE (pe_period=month); trip_length_source=month; estimated,design_stratum,fishery_year_interviews
WACoast,Humptulips,Humptulips salmon 2025,358,2025,10,boat,unguided,1221.3679238920174,1011.4745887096775,P1,creel_pe,design-based PE (pe_period=month); trip_length_source=month; estimated,design_stratum,fishery_year_interviews
WACoast,Humptulips,Humptulips salmon 2025,358,2025,11,bank,unguided,1768.9072438423527,194.79497969490828,P1,creel_pe,design-based PE (pe_period=month); trip_length_source=month; estimated,design_stratum,fishery_year_interviews
WACoast,Humptulips,Humptulips salmon 2025,358,2025,11,boat,guided,133.90378564807045,79.71015668202764,P1,creel_pe,design-based PE (pe_period=month); trip_length_source=month; estimated,design_stratum,fishery_year_interviews
WACoast,Humptulips,Humptulips salmon 2025,358,2025,11,boat,unguided,592.5242514927118,352.71744331797237,P1,creel_pe,design-based PE (pe_period=month); trip_length_source=month; estimated,design_stratum,fishery_year_interviews
WACoast,Humptulips,Humptulips salmon 2025,358,2025,12,bank,unguided,1093.0241417185164,3.975493506493507,P1,creel_pe,design-based PE (pe_period=month); trip_length_source=month; estimated,design_stratum,fishery_year_interviews
WACoast,Humptulips,Humptulips salmon 2025,358,2025,12,boat,guided,19.79389312630869,5.756497695852534,P1,creel_pe,design-based PE (pe_period=month); trip_length_source=month; estimated,design_stratum,fishery_year_interviews
WACoast,Humptulips,Humptulips salmon 2025,358,2025,12,boat,unguided,87.58797708391594,25.472502304147465,P1,creel_pe,design-based PE (pe_period=month); trip_length_source=month; estimated,design_stratum,fishery_year_interviews
WACoast,Lower Chehalis,Lower Chehalis salmon 2023,317,2023,9,bank,unguided,1306.9342271571054,468.3573333333334,P1,creel_pe,design-based PE (pe_period=month); trip_length_source=month; estimated,design_stratum,fishery_year_interviews
WACoast,Lower Chehalis,Lower Chehalis salmon 2023,317,2023,9,boat,unguided,4366.774430475853,3609.2553779069763,P1,creel_pe,design-based PE (pe_period=month); trip_length_source=month; estimated,design_stratum,fishery_year_interviews
WACoast,Lower Chehalis,Lower Chehalis salmon 2023,317,2023,10,bank,unguided,3053.0555010098165,461.768,P1,creel_pe,design-based PE (pe_period=month); trip_length_source=month; estimated,design_stratum,fishery_year_interviews
WACoast,Lower Chehalis,Lower Chehalis salmon 2023,317,2023,10,boat,unguided,4183.830227479625,1608.9571308139532,P1,creel_pe,design-based PE (pe_period=month); trip_length_source=month; estimated,design_stratum,fishery_year_interviews
WACoast,Lower Chehalis,Lower Chehalis salmon 2023,317,2023,11,bank,unguided,877.1556858358864,152.30583333333334,P1,creel_pe,design-based PE (pe_period=month); trip_length_source=month; estimated,design_stratum,fishery_year_interviews
WACoast,Lower Chehalis,Lower Chehalis salmon 2023,317,2023,11,boat,unguided,656.3691465285112,64.73093023255812,P1,creel_pe,design-based PE (pe_period=month); trip_length_source=month; estimated,design_stratum,fishery_year_interviews
WACoast,Lower Chehalis,Lower Chehalis salmon 2023,317,2023,12,bank,unguided,0,0,P1,creel_pe,design-based PE (pe_period=month); trip_length_source=area_season; zero_effort,design_stratum,fishery_year_interviews
WACoast,Lower Chehalis,Lower Chehalis salmon 2023,317,2023,12,boat,unguided,0,0,P1,creel_pe,design-based PE (pe_period=month); trip_length_source=area_season; zero_effort,design_stratum,fishery_year_interviews
PugetSound,Nisqually,Nisqually salmon 2022,786,2022,7,bank,unknown,1350.1303766853594,0,P1,creel_pe,design-based PE (pe_period=month); trip_length_source=month; estimated,design_stratum,no_proportion_available
PugetSound,Nisqually,Nisqually salmon 2022,786,2022,7,boat,unknown,16.177406071683418,0,P1,creel_pe,design-based PE (pe_period=month); trip_length_source=month; estimated,design_stratum,no_proportion_available
PugetSound,Nisqually,Nisqually salmon 2022,786,2022,8,bank,unknown,4100.057106487495,77.41018181818183,P1,creel_pe,design-based PE (pe_period=month); trip_length_source=month; estimated,design_stratum,no_proportion_available
PugetSound,Nisqually,Nisqually salmon 2022,786,2022,8,boat,unknown,56.90147652429727,19.562,P1,creel_pe,design-based PE (pe_period=month); trip_length_source=month; estimated,design_stratum,no_proportion_available
PugetSound,Nisqually,Nisqually salmon 2022,786,2022,9,bank,unknown,8297.12795398039,1805.9604166666668,P1,creel_pe,design-based PE (pe_period=month); trip_length_source=month; estimated,design_stratum,no_proportion_available
PugetSound,Nisqually,Nisqually salmon 2022,786,2022,9,boat,unknown,156.96524556171363,26.9756,P1,creel_pe,design-based PE (pe_period=month); trip_length_source=month; estimated,design_stratum,no_proportion_available
PugetSound,Nisqually,Nisqually salmon 2022,786,2022,10,bank,unknown,2650.9042934831564,319.66333333333336,P1,creel_pe,design-based PE (pe_period=month); trip_length_source=month; estimated,design_stratum,no_proportion_available
PugetSound,Nisqually,Nisqually salmon 2022,786,2022,10,boat,unknown,96.75232396361,185.84295,P1,creel_pe,design-based PE (pe_period=month); trip_length_source=month; estimated,design_stratum,no_proportion_available
PugetSound,Nisqually,Nisqually salmon 2022,786,2022,11,bank,unknown,150.21139296101757,0,P1,creel_pe,design-based PE (pe_period=month); trip_length_source=month; estimated,design_stratum,no_proportion_available
PugetSound,Nisqually,Nisqually salmon 2022,786,2022,11,boat,unknown,3.9221766402815335,0,P1,creel_pe,design-based PE (pe_period=month); trip_length_source=area_season; estimated_donor,design_stratum,no_proportion_available
PugetSound,Nisqually,Nisqually salmon 2023,786,2023,7,bank,unknown,2206.5701468931384,0,P1,creel_pe,design-based PE (pe_period=month); trip_length_source=month; estimated,design_stratum,no_proportion_available
PugetSound,Nisqually,Nisqually salmon 2023,786,2023,7,boat,unknown,68.82417048038289,0,P1,creel_pe,design-based PE (pe_period=month); trip_length_source=month; estimated,design_stratum,no_proportion_available
PugetSound,Nisqually,Nisqually salmon 2023,786,2023,8,bank,unknown,4225.530305102257,463.35415384615385,P1,creel_pe,design-based PE (pe_period=month); trip_length_source=month; estimated,design_stratum,no_proportion_available
PugetSound,Nisqually,Nisqually salmon 2023,786,2023,8,boat,unknown,177.7231494626307,44.56266666666667,P1,creel_pe,design-based PE (pe_period=month); trip_length_source=month; estimated,design_stratum,no_proportion_available
PugetSound,Nisqually,Nisqually salmon 2023,786,2023,9,bank,unknown,9829.889241180184,2653.63625,P1,creel_pe,design-based PE (pe_period=month); trip_length_source=month; estimated,design_stratum,no_proportion_available
PugetSound,Nisqually,Nisqually salmon 2023,786,2023,9,boat,unknown,243.65792561315,340.9315,P1,creel_pe,design-based PE (pe_period=month); trip_length_source=month; estimated,design_stratum,no_proportion_available
PugetSound,Nisqually,Nisqually salmon 2023,786,2023,10,bank,unknown,1624.8263700296527,163.166,P1,creel_pe,design-based PE (pe_period=month); trip_length_source=month; estimated,design_stratum,no_proportion_available
PugetSound,Nisqually,Nisqually salmon 2023,786,2023,10,boat,unknown,70.77876014452636,60.0564,P1,creel_pe,design-based PE (pe_period=month); trip_length_source=month; estimated,design_stratum,no_proportion_available
PugetSound,Nisqually,Nisqually salmon 2023,786,2023,11,bank,unknown,83.51995346378636,0,P1,creel_pe,design-based PE (pe_period=month); trip_length_source=month; estimated,design_stratum,no_proportion_available
PugetSound,Nisqually,Nisqually salmon 2023,786,2023,11,boat,unknown,5.164165345694915,0,P1,creel_pe,design-based PE (pe_period=month); trip_length_source=area_season; estimated_donor,design_stratum,no_proportion_available
PugetSound,Nooksack,Nooksack fall salmon 2023,794,2023,11,bank,unknown,78.6338399582551,9.95,P1,creel_pe,design-based PE (pe_period=month); trip_length_source=month; estimated,design_stratum,no_proportion_available
PugetSound,Nooksack,Nooksack fall salmon 2023,794,2023,11,boat,unknown,42.53335549372317,83.19,P1,creel_pe,design-based PE (pe_period=month); trip_length_source=month; estimated,design_stratum,no_proportion_available
PugetSound,Nooksack,Nooksack fall salmon 2024,794,2024,11,bank,unguided,696.425430548081,199.7805,P1,creel_pe,design-based PE (pe_period=month); trip_length_source=month; estimated,design_stratum,fishery_year_interviews
PugetSound,Nooksack,Nooksack fall salmon 2024,794,2024,11,boat,unknown,76.55440917107583,135.774,P1,creel_pe,design-based PE (pe_period=month); trip_length_source=month; estimated,design_stratum,no_proportion_available
PugetSound,Puyallup Carbon,Puyallup Carbon salmon 2024,802,2024,8,bank,unknown,0,0,P1,creel_pe,design-based PE (pe_period=month); trip_length_source=area_season; zero_effort,design_stratum,no_proportion_available
PugetSound,Puyallup Carbon,Puyallup Carbon salmon 2024,804,2024,8,bank,unknown,18221.621166647175,6709.719,P1,creel_pe,design-based PE (pe_period=month); trip_length_source=month; estimated,design_stratum,no_proportion_available
PugetSound,Puyallup Carbon,Puyallup Carbon salmon 2024,802,2024,9,bank,unknown,7053.456625958042,2436.403333333333,P1,creel_pe,design-based PE (pe_period=month); trip_length_source=month; estimated,design_stratum,no_proportion_available
PugetSound,Puyallup Carbon,Puyallup Carbon salmon 2024,804,2024,9,bank,unknown,11403.82307587552,3955.6246666666666,P1,creel_pe,design-based PE (pe_period=month); trip_length_source=month; estimated,design_stratum,no_proportion_available
PugetSound,Puyallup Carbon,Puyallup Carbon salmon 2024,802,2024,10,bank,unknown,4830.183321124459,1460.3325,P1,creel_pe,design-based PE (pe_period=month); trip_length_source=month; estimated,design_stratum,no_proportion_available
PugetSound,Puyallup Carbon,Puyallup Carbon salmon 2024,804,2024,10,bank,unknown,1689.653256665081,155.609,P1,creel_pe,design-based PE (pe_period=month); trip_length_source=month; estimated,design_stratum,no_proportion_available
PugetSound,Puyallup Carbon,Puyallup Carbon salmon 2025,804,2025,8,bank,unknown,34438.234263178725,46380.103,P1,creel_pe,design-based PE (pe_period=month); trip_length_source=month; estimated,design_stratum,no_proportion_available
PugetSound,Puyallup Carbon,Puyallup Carbon salmon 2025,802,2025,9,bank,unknown,7775.954739701569,4068.504,P1,creel_pe,design-based PE (pe_period=month); trip_length_source=month; estimated,design_stratum,no_proportion_available
PugetSound,Puyallup Carbon,Puyallup Carbon salmon 2025,804,2025,9,bank,unknown,36309.798141710984,44308.867,P1,creel_pe,design-based PE (pe_period=month); trip_length_source=month; estimated,design_stratum,no_proportion_available
PugetSound,Puyallup Carbon,Puyallup Carbon salmon 2025,802,2025,10,bank,unknown,6327.033027328082,1285.6933714285717,P1,creel_pe,design-based PE (pe_period=month); trip_length_source=month; estimated,design_stratum,no_proportion_available
PugetSound,Puyallup Carbon,Puyallup Carbon salmon 2025,804,2025,10,bank,unknown,4991.377524921732,693.6818090909092,P1,creel_pe,design-based PE (pe_period=month); trip_length_source=month; estimated,design_stratum,no_proportion_available
PugetSound,Puyallup/Carbon,Puyallup_Carbon salmon 2022,802,2022,8,bank,unknown,0,0,P1,creel_pe,design-based PE (pe_period=month); trip_length_source=area_season; zero_effort,design_stratum,no_proportion_available
PugetSound,Puyallup/Carbon,Puyallup_Carbon salmon 2022,804,2022,8,bank,unknown,13340.793336127304,2823.324857142857,P1,creel_pe,design-based PE (pe_period=month); trip_length_source=month; estimated,design_stratum,no_proportion_available
PugetSound,Puyallup/Carbon,Puyallup_Carbon salmon 2022,802,2022,9,bank,unknown,4095.618184725453,941.0903333333332,P1,creel_pe,design-based PE (pe_period=month); trip_length_source=month; estimated,design_stratum,no_proportion_available
PugetSound,Puyallup/Carbon,Puyallup_Carbon salmon 2022,804,2022,9,bank,unknown,13620.591072779373,4213.162307692308,P1,creel_pe,design-based PE (pe_period=month); trip_length_source=month; estimated,design_stratum,no_proportion_available
PugetSound,Puyallup/Carbon,Puyallup_Carbon salmon 2023,802,2023,8,bank,unknown,0,0,P1,creel_pe,design-based PE (pe_period=month); trip_length_source=area_season; zero_effort,design_stratum,no_proportion_available
PugetSound,Puyallup/Carbon,Puyallup_Carbon salmon 2023,804,2023,8,bank,unknown,39268.45953735431,55507.45,P1,creel_pe,design-based PE (pe_period=month); trip_length_source=month; estimated,design_stratum,no_proportion_available
PugetSound,Puyallup/Carbon,Puyallup_Carbon salmon 2023,802,2023,9,bank,unknown,9861.395240437092,4362.718666666667,P1,creel_pe,design-based PE (pe_period=month); trip_length_source=month; estimated,design_stratum,no_proportion_available
PugetSound,Puyallup/Carbon,Puyallup_Carbon salmon 2023,804,2023,9,bank,unknown,40919.152249163795,39120.03834848485,P1,creel_pe,design-based PE (pe_period=month); trip_length_source=month; estimated,design_stratum,no_proportion_available
PugetSound,Puyallup/Carbon,Puyallup_Carbon salmon 2023,802,2023,10,bank,unknown,2651.82981952504,258.66999999999996,P1,creel_pe,design-based PE (pe_period=month); trip_length_source=month; estimated,design_stratum,no_proportion_available
PugetSound,Puyallup/Carbon,Puyallup_Carbon salmon 2023,804,2023,10,bank,unknown,2578.604540080479,358.5806623376624,P1,creel_pe,design-based PE (pe_period=month); trip_length_source=month; estimated,design_stratum,no_proportion_available
WACoast,Quillayute,Quillayute fall salmon 2022,398,2022,9,bank,unguided,69.779702630233,0,P1,creel_pe,design-based PE (pe_period=month); trip_length_source=area_season; estimated_donor,design_stratum,fishery_year_interviews
WACoast,Quillayute,Quillayute fall salmon 2022,398,2022,9,boat,guided,0,0,P1,creel_pe,design-based PE (pe_period=month); trip_length_source=area_season; zero_effort,design_stratum,fishery_year_interviews
WACoast,Quillayute,Quillayute fall salmon 2022,398,2022,9,boat,unguided,0,0,P1,creel_pe,design-based PE (pe_period=month); trip_length_source=area_season; zero_effort,design_stratum,fishery_year_interviews
WACoast,Quillayute,Quillayute fall salmon 2022,400,2022,9,bank,unguided,0,0,P1,creel_pe,design-based PE (pe_period=month); trip_length_source=area_season; zero_effort,design_stratum,fishery_year_interviews
WACoast,Quillayute,Quillayute fall salmon 2022,400,2022,9,boat,guided,0,0,P1,creel_pe,design-based PE (pe_period=month); trip_length_source=area_season; zero_effort,design_stratum,fishery_year_interviews
WACoast,Quillayute,Quillayute fall salmon 2022,400,2022,9,boat,unguided,0,0,P1,creel_pe,design-based PE (pe_period=month); trip_length_source=area_season; zero_effort,design_stratum,fishery_year_interviews
WACoast,Quillayute,Quillayute fall salmon 2022,402,2022,9,bank,unguided,78.67795849692453,0,P1,creel_pe,design-based PE (pe_period=month); trip_length_source=type_season; estimated_donor,design_stratum,fishery_year_interviews
WACoast,Quillayute,Quillayute fall salmon 2022,402,2022,9,boat,guided,0,0,P1,creel_pe,design-based PE (pe_period=month); trip_length_source=area_season; zero_effort,design_stratum,fishery_year_interviews
WACoast,Quillayute,Quillayute fall salmon 2022,402,2022,9,boat,unguided,0,0,P1,creel_pe,design-based PE (pe_period=month); trip_length_source=area_season; zero_effort,design_stratum,fishery_year_interviews
WACoast,Quillayute,Quillayute fall salmon 2022,404,2022,9,bank,unguided,966.6257336731001,0,P1,creel_pe,design-based PE (pe_period=month); trip_length_source=month; estimated,design_stratum,fishery_year_interviews
WACoast,Quillayute,Quillayute fall salmon 2022,404,2022,9,boat,guided,21.57006768856792,0,P1,creel_pe,design-based PE (pe_period=month); trip_length_source=month; estimated,design_stratum,fishery_year_interviews
WACoast,Quillayute,Quillayute fall salmon 2022,404,2022,9,boat,unguided,45.89376103950621,0,P1,creel_pe,design-based PE (pe_period=month); trip_length_source=month; estimated,design_stratum,fishery_year_interviews
WACoast,Quillayute,Quillayute fall salmon 2022,406,2022,9,bank,unguided,89.57072500548217,0,P1,creel_pe,design-based PE (pe_period=month); trip_length_source=area_season; estimated_donor,design_stratum,fishery_year_interviews
WACoast,Quillayute,Quillayute fall salmon 2022,406,2022,9,boat,guided,0,0,P1,creel_pe,design-based PE (pe_period=month); trip_length_source=area_season; zero_effort,design_stratum,fishery_year_interviews
WACoast,Quillayute,Quillayute fall salmon 2022,406,2022,9,boat,unguided,0,0,P1,creel_pe,design-based PE (pe_period=month); trip_length_source=area_season; zero_effort,design_stratum,fishery_year_interviews
WACoast,Quillayute,Quillayute fall salmon 2022,398,2022,10,bank,unguided,20.053872538783327,0,P1,creel_pe,design-based PE (pe_period=month); trip_length_source=month; estimated,design_stratum,fishery_year_interviews
WACoast,Quillayute,Quillayute fall salmon 2022,398,2022,10,boat,guided,0,0,P1,creel_pe,design-based PE (pe_period=month); trip_length_source=area_season; zero_effort,design_stratum,fishery_year_interviews
WACoast,Quillayute,Quillayute fall salmon 2022,398,2022,10,boat,unguided,0,0,P1,creel_pe,design-based PE (pe_period=month); trip_length_source=area_season; zero_effort,design_stratum,fishery_year_interviews
WACoast,Quillayute,Quillayute fall salmon 2022,400,2022,10,bank,unguided,0,0,P1,creel_pe,design-based PE (pe_period=month); trip_length_source=area_season; zero_effort,design_stratum,fishery_year_interviews
WACoast,Quillayute,Quillayute fall salmon 2022,400,2022,10,boat,guided,0,0,P1,creel_pe,design-based PE (pe_period=month); trip_length_source=area_season; zero_effort,design_stratum,fishery_year_interviews
WACoast,Quillayute,Quillayute fall salmon 2022,400,2022,10,boat,unguided,0,0,P1,creel_pe,design-based PE (pe_period=month); trip_length_source=area_season; zero_effort,design_stratum,fishery_year_interviews
WACoast,Quillayute,Quillayute fall salmon 2022,402,2022,10,bank,unguided,0,0,P1,creel_pe,design-based PE (pe_period=month); trip_length_source=type_season; zero_effort,design_stratum,fishery_year_interviews
WACoast,Quillayute,Quillayute fall salmon 2022,402,2022,10,boat,guided,1.9089656644344066,0,P1,creel_pe,design-based PE (pe_period=month); trip_length_source=area_season; estimated_donor,design_stratum,fishery_year_interviews
WACoast,Quillayute,Quillayute fall salmon 2022,402,2022,10,boat,unguided,4.061629073264695,0,P1,creel_pe,design-based PE (pe_period=month); trip_length_source=area_season; estimated_donor,design_stratum,fishery_year_interviews
WACoast,Quillayute,Quillayute fall salmon 2022,404,2022,10,bank,unguided,96.85038023541254,48.646551724137936,P1,creel_pe,design-based PE (pe_period=month); trip_length_source=month; estimated,design_stratum,fishery_year_interviews
WACoast,Quillayute,Quillayute fall salmon 2022,404,2022,10,boat,guided,38.636717687074835,0,P1,creel_pe,design-based PE (pe_period=month); trip_length_source=month; estimated,design_stratum,fishery_year_interviews
WACoast,Quillayute,Quillayute fall salmon 2022,404,2022,10,boat,unguided,82.20578231292517,0,P1,creel_pe,design-based PE (pe_period=month); trip_length_source=month; estimated,design_stratum,fishery_year_interviews
WACoast,Quillayute,Quillayute fall salmon 2022,406,2022,10,bank,unguided,11.868860942493846,0,P1,creel_pe,design-based PE (pe_period=month); trip_length_source=area_season; estimated_donor,design_stratum,fishery_year_interviews
WACoast,Quillayute,Quillayute fall salmon 2022,406,2022,10,boat,guided,5.405186005794653,16.215959183673473,P1,creel_pe,design-based PE (pe_period=month); trip_length_source=month; estimated,design_stratum,fishery_year_interviews
WACoast,Quillayute,Quillayute fall salmon 2022,406,2022,10,boat,unguided,11.5003957570099,34.502040816326534,P1,creel_pe,design-based PE (pe_period=month); trip_length_source=month; estimated,design_stratum,fishery_year_interviews
WACoast,Quillayute,Quillayute fall salmon 2022,398,2022,11,bank,unguided,152.75451977679356,14.85341379310345,P1,creel_pe,design-based PE (pe_period=month); trip_length_source=month; estimated,design_stratum,fishery_year_interviews
WACoast,Quillayute,Quillayute fall salmon 2022,398,2022,11,boat,guided,55.90274212726423,24.46577920310982,P1,creel_pe,design-based PE (pe_period=month); trip_length_source=month; estimated,design_stratum,fishery_year_interviews
WACoast,Quillayute,Quillayute fall salmon 2022,398,2022,11,boat,unguided,118.9420045260941,52.054849368318756,P1,creel_pe,design-based PE (pe_period=month); trip_length_source=month; estimated,design_stratum,fishery_year_interviews
WACoast,Quillayute,Quillayute fall salmon 2022,400,2022,11,bank,unguided,75.50220562231019,0,P1,creel_pe,design-based PE (pe_period=month); trip_length_source=month; estimated,design_stratum,fishery_year_interviews
WACoast,Quillayute,Quillayute fall salmon 2022,400,2022,11,boat,guided,2.5072813281666466,0,P1,creel_pe,design-based PE (pe_period=month); trip_length_source=area_season; estimated_donor,design_stratum,fishery_year_interviews
WACoast,Quillayute,Quillayute fall salmon 2022,400,2022,11,boat,unguided,5.334641123758822,0,P1,creel_pe,design-based PE (pe_period=month); trip_length_source=area_season; estimated_donor,design_stratum,fishery_year_interviews
WACoast,Quillayute,Quillayute fall salmon 2022,402,2022,11,bank,unguided,19.60150345228354,0,P1,creel_pe,design-based PE (pe_period=month); trip_length_source=type_season; estimated_donor,design_stratum,fishery_year_interviews
WACoast,Quillayute,Quillayute fall salmon 2022,402,2022,11,boat,guided,3.7565844117032356,0,P1,creel_pe,design-based PE (pe_period=month); trip_length_source=month; estimated,design_stratum,fishery_year_interviews
WACoast,Quillayute,Quillayute fall salmon 2022,402,2022,11,boat,unguided,7.992732790857947,0,P1,creel_pe,design-based PE (pe_period=month); trip_length_source=month; estimated,design_stratum,fishery_year_interviews
WACoast,Quillayute,Quillayute fall salmon 2022,404,2022,11,bank,unguided,70.38933369934773,21.246258620689655,P1,creel_pe,design-based PE (pe_period=month); trip_length_source=month; estimated,design_stratum,fishery_year_interviews
WACoast,Quillayute,Quillayute fall salmon 2022,404,2022,11,boat,guided,38.23970176846165,26.80100396825397,P1,creel_pe,design-based PE (pe_period=month); trip_length_source=month; estimated,design_stratum,fishery_year_interviews
WACoast,Quillayute,Quillayute fall salmon 2022,404,2022,11,boat,unguided,81.36106759247158,57.02341269841269,P1,creel_pe,design-based PE (pe_period=month); trip_length_source=month; estimated,design_stratum,fishery_year_interviews
WACoast,Quillayute,Quillayute fall salmon 2022,406,2022,11,bank,unguided,466.27544161201513,261.66516871921186,P1,creel_pe,design-based PE (pe_period=month); trip_length_source=month; estimated,design_stratum,fishery_year_interviews
WACoast,Quillayute,Quillayute fall salmon 2022,406,2022,11,boat,guided,115.11896951234368,341.1990578231293,P1,creel_pe,design-based PE (pe_period=month); trip_length_source=month; estimated,design_stratum,fishery_year_interviews
WACoast,Quillayute,Quillayute fall salmon 2022,406,2022,11,boat,unguided,244.93397768583762,725.9554421768707,P1,creel_pe,design-based PE (pe_period=month); trip_length_source=month; estimated,design_stratum,fishery_year_interviews
WACoast,Quillayute,Quillayute fall salmon 2022,398,2022,12,bank,unguided,216.19242285251676,6.795775862068967,P1,creel_pe,design-based PE (pe_period=month); trip_length_source=month; estimated,design_stratum,fishery_year_interviews
WACoast,Quillayute,Quillayute fall salmon 2022,398,2022,12,boat,guided,37.80195033871102,1.7772607709750567,P1,creel_pe,design-based PE (pe_period=month); trip_length_source=month; estimated,design_stratum,fishery_year_interviews
WACoast,Quillayute,Quillayute fall salmon 2022,398,2022,12,boat,unguided,80.42968157172558,3.7814058956916097,P1,creel_pe,design-based PE (pe_period=month); trip_length_source=month; estimated,design_stratum,fishery_year_interviews
WACoast,Quillayute,Quillayute fall salmon 2022,400,2022,12,bank,unguided,154.82079078521727,0,P1,creel_pe,design-based PE (pe_period=month); trip_length_source=month; estimated,design_stratum,fishery_year_interviews
WACoast,Quillayute,Quillayute fall salmon 2022,400,2022,12,boat,guided,1.9741643658875414,0,P1,creel_pe,design-based PE (pe_period=month); trip_length_source=month; estimated,design_stratum,fishery_year_interviews
WACoast,Quillayute,Quillayute fall salmon 2022,400,2022,12,boat,unguided,4.200349714654343,0,P1,creel_pe,design-based PE (pe_period=month); trip_length_source=month; estimated,design_stratum,fishery_year_interviews
WACoast,Quillayute,Quillayute fall salmon 2022,402,2022,12,bank,unguided,1.1973604442545502,0,P1,creel_pe,design-based PE (pe_period=month); trip_length_source=type_season; estimated_donor,design_stratum,fishery_year_interviews
WACoast,Quillayute,Quillayute fall salmon 2022,402,2022,12,boat,guided,0,0,P1,creel_pe,design-based PE (pe_period=month); trip_length_source=area_season; zero_effort,design_stratum,fishery_year_interviews
WACoast,Quillayute,Quillayute fall salmon 2022,402,2022,12,boat,unguided,0,0,P1,creel_pe,design-based PE (pe_period=month); trip_length_source=area_season; zero_effort,design_stratum,fishery_year_interviews
WACoast,Quillayute,Quillayute fall salmon 2022,404,2022,12,bank,unguided,73.37705585739211,0,P1,creel_pe,design-based PE (pe_period=month); trip_length_source=month; estimated,design_stratum,fishery_year_interviews
WACoast,Quillayute,Quillayute fall salmon 2022,404,2022,12,boat,guided,3.2624849654541013,0,P1,creel_pe,design-based PE (pe_period=month); trip_length_source=month; estimated,design_stratum,fishery_year_interviews
WACoast,Quillayute,Quillayute fall salmon 2022,404,2022,12,boat,unguided,6.941457373306598,0,P1,creel_pe,design-based PE (pe_period=month); trip_length_source=month; estimated,design_stratum,fishery_year_interviews
WACoast,Quillayute,Quillayute fall salmon 2022,406,2022,12,bank,unguided,99.69618292183021,22.042293103448277,P1,creel_pe,design-based PE (pe_period=month); trip_length_source=month; estimated,design_stratum,fishery_year_interviews
WACoast,Quillayute,Quillayute fall salmon 2022,406,2022,12,boat,guided,1.472038079041381,0,P1,creel_pe,design-based PE (pe_period=month); trip_length_source=area_season; estimated_donor,design_stratum,fishery_year_interviews
WACoast,Quillayute,Quillayute fall salmon 2022,406,2022,12,boat,unguided,3.131995912854002,0,P1,creel_pe,design-based PE (pe_period=month); trip_length_source=area_season; estimated_donor,design_stratum,fishery_year_interviews
WACoast,Quillayute,Quillayute fall salmon 2023,398,2023,9,bank,unguided,0,0,P1,creel_pe,design-based PE (pe_period=month); trip_length_source=area_season; zero_effort,design_stratum,fishery_year_interviews
WACoast,Quillayute,Quillayute fall salmon 2023,398,2023,9,boat,guided,0,0,P1,creel_pe,design-based PE (pe_period=month); trip_length_source=area_season; zero_effort,design_stratum,fishery_year_interviews
WACoast,Quillayute,Quillayute fall salmon 2023,398,2023,9,boat,unguided,0,0,P1,creel_pe,design-based PE (pe_period=month); trip_length_source=area_season; zero_effort,design_stratum,fishery_year_interviews
WACoast,Quillayute,Quillayute fall salmon 2023,400,2023,9,bank,unguided,0,0,P1,creel_pe,design-based PE (pe_period=month); trip_length_source=area_season; zero_effort,design_stratum,fishery_year_interviews
WACoast,Quillayute,Quillayute fall salmon 2023,400,2023,9,boat,guided,0,0,P1,creel_pe,design-based PE (pe_period=month); trip_length_source=type_season; zero_effort,design_stratum,fishery_year_interviews
WACoast,Quillayute,Quillayute fall salmon 2023,400,2023,9,boat,unguided,0,0,P1,creel_pe,design-based PE (pe_period=month); trip_length_source=type_season; zero_effort,design_stratum,fishery_year_interviews
WACoast,Quillayute,Quillayute fall salmon 2023,402,2023,9,bank,unguided,0,0,P1,creel_pe,design-based PE (pe_period=month); trip_length_source=type_season; zero_effort,design_stratum,fishery_year_interviews
WACoast,Quillayute,Quillayute fall salmon 2023,402,2023,9,boat,guided,0,0,P1,creel_pe,design-based PE (pe_period=month); trip_length_source=type_season; zero_effort,design_stratum,fishery_year_interviews
WACoast,Quillayute,Quillayute fall salmon 2023,402,2023,9,boat,unguided,0,0,P1,creel_pe,design-based PE (pe_period=month); trip_length_source=type_season; zero_effort,design_stratum,fishery_year_interviews
WACoast,Quillayute,Quillayute fall salmon 2023,404,2023,9,bank,unguided,0,0,P1,creel_pe,design-based PE (pe_period=month); trip_length_source=area_season; zero_effort,design_stratum,fishery_year_interviews
WACoast,Quillayute,Quillayute fall salmon 2023,404,2023,9,boat,guided,0,0,P1,creel_pe,design-based PE (pe_period=month); trip_length_source=area_season; zero_effort,design_stratum,fishery_year_interviews
WACoast,Quillayute,Quillayute fall salmon 2023,404,2023,9,boat,unguided,0,0,P1,creel_pe,design-based PE (pe_period=month); trip_length_source=area_season; zero_effort,design_stratum,fishery_year_interviews
WACoast,Quillayute,Quillayute fall salmon 2023,406,2023,9,bank,unguided,0,0,P1,creel_pe,design-based PE (pe_period=month); trip_length_source=area_season; zero_effort,design_stratum,fishery_year_interviews
WACoast,Quillayute,Quillayute fall salmon 2023,406,2023,9,boat,guided,0,0,P1,creel_pe,design-based PE (pe_period=month); trip_length_source=area_season; zero_effort,design_stratum,fishery_year_interviews
WACoast,Quillayute,Quillayute fall salmon 2023,406,2023,9,boat,unguided,0,0,P1,creel_pe,design-based PE (pe_period=month); trip_length_source=area_season; zero_effort,design_stratum,fishery_year_interviews
WACoast,Quillayute,Quillayute fall salmon 2023,398,2023,10,bank,unguided,88.59612463305619,0,P1,creel_pe,design-based PE (pe_period=month); trip_length_source=month; estimated,design_stratum,fishery_year_interviews
WACoast,Quillayute,Quillayute fall salmon 2023,398,2023,10,boat,guided,42.62268333127073,16.22264089347079,P1,creel_pe,design-based PE (pe_period=month); trip_length_source=month; estimated,design_stratum,fishery_year_interviews
WACoast,Quillayute,Quillayute fall salmon 2023,398,2023,10,boat,unguided,90.74506773754415,34.53852577319588,P1,creel_pe,design-based PE (pe_period=month); trip_length_source=month; estimated,design_stratum,fishery_year_interviews
WACoast,Quillayute,Quillayute fall salmon 2023,400,2023,10,bank,unguided,142.20360503651227,0,P1,creel_pe,design-based PE (pe_period=month); trip_length_source=month; estimated,design_stratum,fishery_year_interviews
WACoast,Quillayute,Quillayute fall salmon 2023,400,2023,10,boat,guided,1.288028409580861,0,P1,creel_pe,design-based PE (pe_period=month); trip_length_source=type_season; estimated_donor,design_stratum,fishery_year_interviews
WACoast,Quillayute,Quillayute fall salmon 2023,400,2023,10,boat,unguided,2.742254033301188,0,P1,creel_pe,design-based PE (pe_period=month); trip_length_source=type_season; estimated_donor,design_stratum,fishery_year_interviews
WACoast,Quillayute,Quillayute fall salmon 2023,402,2023,10,bank,unguided,39.71198441815997,0,P1,creel_pe,design-based PE (pe_period=month); trip_length_source=type_season; estimated_donor,design_stratum,fishery_year_interviews
WACoast,Quillayute,Quillayute fall salmon 2023,402,2023,10,boat,guided,36.1089839043901,0,P1,creel_pe,design-based PE (pe_period=month); trip_length_source=type_season; estimated_donor,design_stratum,fishery_year_interviews
WACoast,Quillayute,Quillayute fall salmon 2023,402,2023,10,boat,unguided,76.87719153837894,0,P1,creel_pe,design-based PE (pe_period=month); trip_length_source=type_season; estimated_donor,design_stratum,fishery_year_interviews
WACoast,Quillayute,Quillayute fall salmon 2023,404,2023,10,bank,unguided,543.0373692719395,63.0064,P1,creel_pe,design-based PE (pe_period=month); trip_length_source=month; estimated,design_stratum,fishery_year_interviews
WACoast,Quillayute,Quillayute fall salmon 2023,404,2023,10,boat,guided,236.72058823295285,218.35088092783502,P1,creel_pe,design-based PE (pe_period=month); trip_length_source=month; estimated,design_stratum,fishery_year_interviews
WACoast,Quillayute,Quillayute fall salmon 2023,404,2023,10,boat,unguided,503.9857684959642,464.87606907216497,P1,creel_pe,design-based PE (pe_period=month); trip_length_source=month; estimated,design_stratum,fishery_year_interviews
WACoast,Quillayute,Quillayute fall salmon 2023,406,2023,10,bank,unguided,384.31377949324616,80.94355555555556,P1,creel_pe,design-based PE (pe_period=month); trip_length_source=month; estimated,design_stratum,fishery_year_interviews
WACoast,Quillayute,Quillayute fall salmon 2023,406,2023,10,boat,guided,30.379503579121433,31.290984536082465,P1,creel_pe,design-based PE (pe_period=month); trip_length_source=month; estimated,design_stratum,fishery_year_interviews
WACoast,Quillayute,Quillayute fall salmon 2023,406,2023,10,boat,unguided,64.67894310393596,66.61951546391752,P1,creel_pe,design-based PE (pe_period=month); trip_length_source=month; estimated,design_stratum,fishery_year_interviews
WACoast,Quillayute,Quillayute fall salmon 2023,398,2023,11,bank,unguided,91.0700999645242,0,P1,creel_pe,design-based PE (pe_period=month); trip_length_source=month; estimated,design_stratum,fishery_year_interviews
WACoast,Quillayute,Quillayute fall salmon 2023,398,2023,11,boat,guided,55.57533844208657,4.268092783505154,P1,creel_pe,design-based PE (pe_period=month); trip_length_source=month; estimated,design_stratum,fishery_year_interviews
WACoast,Quillayute,Quillayute fall salmon 2023,398,2023,11,boat,unguided,118.32168829605529,9.086907216494845,P1,creel_pe,design-based PE (pe_period=month); trip_length_source=month; estimated,design_stratum,fishery_year_interviews
WACoast,Quillayute,Quillayute fall salmon 2023,400,2023,11,bank,unguided,54.5393272981472,0,P1,creel_pe,design-based PE (pe_period=month); trip_length_source=month; estimated,design_stratum,fishery_year_interviews
WACoast,Quillayute,Quillayute fall salmon 2023,400,2023,11,boat,guided,2.6877771372300656,0,P1,creel_pe,design-based PE (pe_period=month); trip_length_source=type_season; estimated_donor,design_stratum,fishery_year_interviews
WACoast,Quillayute,Quillayute fall salmon 2023,400,2023,11,boat,unguided,5.722364227651108,0,P1,creel_pe,design-based PE (pe_period=month); trip_length_source=type_season; estimated_donor,design_stratum,fishery_year_interviews
WACoast,Quillayute,Quillayute fall salmon 2023,402,2023,11,bank,unguided,2.2354686805276685,0,P1,creel_pe,design-based PE (pe_period=month); trip_length_source=type_season; estimated_donor,design_stratum,fishery_year_interviews
WACoast,Quillayute,Quillayute fall salmon 2023,402,2023,11,boat,guided,0,0,P1,creel_pe,design-based PE (pe_period=month); trip_length_source=type_season; zero_effort,design_stratum,fishery_year_interviews
WACoast,Quillayute,Quillayute fall salmon 2023,402,2023,11,boat,unguided,0,0,P1,creel_pe,design-based PE (pe_period=month); trip_length_source=type_season; zero_effort,design_stratum,fishery_year_interviews
WACoast,Quillayute,Quillayute fall salmon 2023,404,2023,11,bank,unguided,83.13911282200692,0,P1,creel_pe,design-based PE (pe_period=month); trip_length_source=month; estimated,design_stratum,fishery_year_interviews
WACoast,Quillayute,Quillayute fall salmon 2023,404,2023,11,boat,guided,54.87391896923952,0,P1,creel_pe,design-based PE (pe_period=month); trip_length_source=month; estimated,design_stratum,fishery_year_interviews
WACoast,Quillayute,Quillayute fall salmon 2023,404,2023,11,boat,unguided,116.82834361192931,0,P1,creel_pe,design-based PE (pe_period=month); trip_length_source=month; estimated,design_stratum,fishery_year_interviews
WACoast,Quillayute,Quillayute fall salmon 2023,406,2023,11,bank,unguided,230.0965842966889,0.392,P1,creel_pe,design-based PE (pe_period=month); trip_length_source=month; estimated,design_stratum,fishery_year_interviews
WACoast,Quillayute,Quillayute fall salmon 2023,406,2023,11,boat,guided,44.09300766498649,17.845773195876287,P1,creel_pe,design-based PE (pe_period=month); trip_length_source=month; estimated,design_stratum,fishery_year_interviews
WACoast,Quillayute,Quillayute fall salmon 2023,406,2023,11,boat,unguided,93.87543567384222,37.99422680412371,P1,creel_pe,design-based PE (pe_period=month); trip_length_source=month; estimated,design_stratum,fishery_year_interviews
WACoast,Quillayute,Quillayute fall salmon 2023,398,2023,12,bank,unguided,0,0,P1,creel_pe,design-based PE (pe_period=month); trip_length_source=area_season; zero_effort,design_stratum,fishery_year_interviews
WACoast,Quillayute,Quillayute fall salmon 2023,398,2023,12,boat,guided,0,0,P1,creel_pe,design-based PE (pe_period=month); trip_length_source=area_season; zero_effort,design_stratum,fishery_year_interviews
WACoast,Quillayute,Quillayute fall salmon 2023,398,2023,12,boat,unguided,0,0,P1,creel_pe,design-based PE (pe_period=month); trip_length_source=area_season; zero_effort,design_stratum,fishery_year_interviews
WACoast,Quillayute,Quillayute fall salmon 2023,400,2023,12,bank,unguided,0,0,P1,creel_pe,design-based PE (pe_period=month); trip_length_source=area_season; zero_effort,design_stratum,fishery_year_interviews
WACoast,Quillayute,Quillayute fall salmon 2023,400,2023,12,boat,guided,0,0,P1,creel_pe,design-based PE (pe_period=month); trip_length_source=type_season; zero_effort,design_stratum,fishery_year_interviews
WACoast,Quillayute,Quillayute fall salmon 2023,400,2023,12,boat,unguided,0,0,P1,creel_pe,design-based PE (pe_period=month); trip_length_source=type_season; zero_effort,design_stratum,fishery_year_interviews
WACoast,Quillayute,Quillayute fall salmon 2023,402,2023,12,bank,unguided,0,0,P1,creel_pe,design-based PE (pe_period=month); trip_length_source=type_season; zero_effort,design_stratum,fishery_year_interviews
WACoast,Quillayute,Quillayute fall salmon 2023,402,2023,12,boat,guided,0,0,P1,creel_pe,design-based PE (pe_period=month); trip_length_source=type_season; zero_effort,design_stratum,fishery_year_interviews
WACoast,Quillayute,Quillayute fall salmon 2023,402,2023,12,boat,unguided,0,0,P1,creel_pe,design-based PE (pe_period=month); trip_length_source=type_season; zero_effort,design_stratum,fishery_year_interviews
WACoast,Quillayute,Quillayute fall salmon 2023,404,2023,12,bank,unguided,0.3851001350837462,0,P1,creel_pe,design-based PE (pe_period=month); trip_length_source=area_season; estimated_donor,design_stratum,fishery_year_interviews
WACoast,Quillayute,Quillayute fall salmon 2023,404,2023,12,boat,guided,0.9276690662857956,0,P1,creel_pe,design-based PE (pe_period=month); trip_length_source=month; estimated,design_stratum,fishery_year_interviews
WACoast,Quillayute,Quillayute fall salmon 2023,404,2023,12,boat,unguided,1.9750373669310488,0,P1,creel_pe,design-based PE (pe_period=month); trip_length_source=month; estimated,design_stratum,fishery_year_interviews
WACoast,Quillayute,Quillayute fall salmon 2023,406,2023,12,bank,unguided,1.3421848775376062,0,P1,creel_pe,design-based PE (pe_period=month); trip_length_source=area_season; estimated_donor,design_stratum,fishery_year_interviews
WACoast,Quillayute,Quillayute fall salmon 2023,406,2023,12,boat,guided,0,0,P1,creel_pe,design-based PE (pe_period=month); trip_length_source=area_season; zero_effort,design_stratum,fishery_year_interviews
WACoast,Quillayute,Quillayute fall salmon 2023,406,2023,12,boat,unguided,0,0,P1,creel_pe,design-based PE (pe_period=month); trip_length_source=area_season; zero_effort,design_stratum,fishery_year_interviews
WACoast,Quillayute,Quillayute fall salmon 2024,398,2024,9,bank,unguided,159.25805916148718,0,P1,creel_pe,design-based PE (pe_period=month); trip_length_source=month; estimated,design_stratum,fishery_year_interviews
WACoast,Quillayute,Quillayute fall salmon 2024,398,2024,9,boat,guided,56.79513344196582,4.0423728813559325,P1,creel_pe,design-based PE (pe_period=month); trip_length_source=month; estimated,design_stratum,fishery_year_interviews
WACoast,Quillayute,Quillayute fall salmon 2024,398,2024,9,boat,unguided,82.82623626953347,5.8951271186440675,P1,creel_pe,design-based PE (pe_period=month); trip_length_source=month; estimated,design_stratum,fishery_year_interviews
WACoast,Quillayute,Quillayute fall salmon 2024,400,2024,9,bank,unguided,76.92433379062567,0,P1,creel_pe,design-based PE (pe_period=month); trip_length_source=month; estimated,design_stratum,fishery_year_interviews
WACoast,Quillayute,Quillayute fall salmon 2024,400,2024,9,boat,guided,4.008888037963598,0,P1,creel_pe,design-based PE (pe_period=month); trip_length_source=type_season; estimated_donor,design_stratum,fishery_year_interviews
WACoast,Quillayute,Quillayute fall salmon 2024,400,2024,9,boat,unguided,5.846295055363581,0,P1,creel_pe,design-based PE (pe_period=month); trip_length_source=type_season; estimated_donor,design_stratum,fishery_year_interviews
WACoast,Quillayute,Quillayute fall salmon 2024,402,2024,9,bank,unguided,149.07060927120546,0,P1,creel_pe,design-based PE (pe_period=month); trip_length_source=month; estimated,design_stratum,fishery_year_interviews
WACoast,Quillayute,Quillayute fall salmon 2024,402,2024,9,boat,guided,21.535014844411748,0,P1,creel_pe,design-based PE (pe_period=month); trip_length_source=area_season; estimated_donor,design_stratum,fishery_year_interviews
WACoast,Quillayute,Quillayute fall salmon 2024,402,2024,9,boat,unguided,31.4052299814338,0,P1,creel_pe,design-based PE (pe_period=month); trip_length_source=area_season; estimated_donor,design_stratum,fishery_year_interviews
WACoast,Quillayute,Quillayute fall salmon 2024,404,2024,9,bank,unguided,272.186521966205,14.028755868544597,P1,creel_pe,design-based PE (pe_period=month); trip_length_source=month; estimated,design_stratum,fishery_year_interviews
WACoast,Quillayute,Quillayute fall salmon 2024,404,2024,9,boat,guided,127.6677720961453,166.415593220339,P1,creel_pe,design-based PE (pe_period=month); trip_length_source=month; estimated,design_stratum,fishery_year_interviews
WACoast,Quillayute,Quillayute fall salmon 2024,404,2024,9,boat,unguided,186.18216764021187,242.68940677966103,P1,creel_pe,design-based PE (pe_period=month); trip_length_source=month; estimated,design_stratum,fishery_year_interviews
WACoast,Quillayute,Quillayute fall salmon 2024,406,2024,9,bank,unguided,442.9851588712301,16.58732394366197,P1,creel_pe,design-based PE (pe_period=month); trip_length_source=month; estimated,design_stratum,fishery_year_interviews
WACoast,Quillayute,Quillayute fall salmon 2024,406,2024,9,boat,guided,19.45415415380924,11.987796610169491,P1,creel_pe,design-based PE (pe_period=month); trip_length_source=month; estimated,design_stratum,fishery_year_interviews
WACoast,Quillayute,Quillayute fall salmon 2024,406,2024,9,boat,unguided,28.37064147430514,17.482203389830506,P1,creel_pe,design-based PE (pe_period=month); trip_length_source=month; estimated,design_stratum,fishery_year_interviews
WACoast,Quillayute,Quillayute fall salmon 2024,398,2024,10,bank,unguided,57.16532272251992,0,P1,creel_pe,design-based PE (pe_period=month); trip_length_source=month; estimated,design_stratum,fishery_year_interviews
WACoast,Quillayute,Quillayute fall salmon 2024,398,2024,10,boat,guided,64.93121636714858,3.0313220338983053,P1,creel_pe,design-based PE (pe_period=month); trip_length_source=month; estimated,design_stratum,fishery_year_interviews
WACoast,Quillayute,Quillayute fall salmon 2024,398,2024,10,boat,unguided,94.69135720209167,4.420677966101695,P1,creel_pe,design-based PE (pe_period=month); trip_length_source=month; estimated,design_stratum,fishery_year_interviews
WACoast,Quillayute,Quillayute fall salmon 2024,400,2024,10,bank,unguided,85.6843427251743,2.7605633802816896,P1,creel_pe,design-based PE (pe_period=month); trip_length_source=month; estimated,design_stratum,fishery_year_interviews
WACoast,Quillayute,Quillayute fall salmon 2024,400,2024,10,boat,guided,2.7640863554881125,0,P1,creel_pe,design-based PE (pe_period=month); trip_length_source=type_season; estimated_donor,design_stratum,fishery_year_interviews
WACoast,Quillayute,Quillayute fall salmon 2024,400,2024,10,boat,unguided,4.030959268420164,0,P1,creel_pe,design-based PE (pe_period=month); trip_length_source=type_season; estimated_donor,design_stratum,fishery_year_interviews
WACoast,Quillayute,Quillayute fall salmon 2024,402,2024,10,bank,unguided,55.465866183080365,0,P1,creel_pe,design-based PE (pe_period=month); trip_length_source=month; estimated,design_stratum,fishery_year_interviews
WACoast,Quillayute,Quillayute fall salmon 2024,402,2024,10,boat,guided,33.3697334554814,0,P1,creel_pe,design-based PE (pe_period=month); trip_length_source=month; estimated,design_stratum,fishery_year_interviews
WACoast,Quillayute,Quillayute fall salmon 2024,402,2024,10,boat,unguided,48.664194622577035,0,P1,creel_pe,design-based PE (pe_period=month); trip_length_source=month; estimated,design_stratum,fishery_year_interviews
WACoast,Quillayute,Quillayute fall salmon 2024,404,2024,10,bank,unguided,437.17114953486106,72.65342723004694,P1,creel_pe,design-based PE (pe_period=month); trip_length_source=month; estimated,design_stratum,fishery_year_interviews
WACoast,Quillayute,Quillayute fall salmon 2024,404,2024,10,boat,guided,367.58198165051766,300.8117694915254,P1,creel_pe,design-based PE (pe_period=month); trip_length_source=month; estimated,design_stratum,fishery_year_interviews
WACoast,Quillayute,Quillayute fall salmon 2024,404,2024,10,boat,unguided,536.0570565736715,438.68383050847456,P1,creel_pe,design-based PE (pe_period=month); trip_length_source=month; estimated,design_stratum,fishery_year_interviews
WACoast,Quillayute,Quillayute fall salmon 2024,406,2024,10,bank,unguided,619.5255918693757,82.23253521126759,P1,creel_pe,design-based PE (pe_period=month); trip_length_source=month; estimated,design_stratum,fishery_year_interviews
WACoast,Quillayute,Quillayute fall salmon 2024,406,2024,10,boat,guided,223.69741291830542,261.7223593220339,P1,creel_pe,design-based PE (pe_period=month); trip_length_source=month; estimated,design_stratum,fishery_year_interviews
WACoast,Quillayute,Quillayute fall salmon 2024,406,2024,10,boat,unguided,326.22539383919536,381.6784406779661,P1,creel_pe,design-based PE (pe_period=month); trip_length_source=month; estimated,design_stratum,fishery_year_interviews
WACoast,Quillayute,Quillayute fall salmon 2024,398,2024,11,bank,unguided,146.42584952563143,0,P1,creel_pe,design-based PE (pe_period=month); trip_length_source=month; estimated,design_stratum,fishery_year_interviews
WACoast,Quillayute,Quillayute fall salmon 2024,398,2024,11,boat,guided,92.0587538354268,0,P1,creel_pe,design-based PE (pe_period=month); trip_length_source=month; estimated,design_stratum,fishery_year_interviews
WACoast,Quillayute,Quillayute fall salmon 2024,398,2024,11,boat,unguided,134.25234934333074,0,P1,creel_pe,design-based PE (pe_period=month); trip_length_source=month; estimated,design_stratum,fishery_year_interviews
WACoast,Quillayute,Quillayute fall salmon 2024,400,2024,11,bank,unguided,89.41008002751083,0,P1,creel_pe,design-based PE (pe_period=month); trip_length_source=month; estimated,design_stratum,fishery_year_interviews
WACoast,Quillayute,Quillayute fall salmon 2024,400,2024,11,boat,guided,9.61064939429289,5.994305084745763,P1,creel_pe,design-based PE (pe_period=month); trip_length_source=type_season; estimated_donor,design_stratum,fishery_year_interviews
WACoast,Quillayute,Quillayute fall salmon 2024,400,2024,11,boat,unguided,14.015530366677131,8.741694915254238,P1,creel_pe,design-based PE (pe_period=month); trip_length_source=type_season; estimated_donor,design_stratum,fishery_year_interviews
WACoast,Quillayute,Quillayute fall salmon 2024,402,2024,11,bank,unguided,19.413269496666985,0,P1,creel_pe,design-based PE (pe_period=month); trip_length_source=area_season; estimated_donor,design_stratum,fishery_year_interviews
WACoast,Quillayute,Quillayute fall salmon 2024,402,2024,11,boat,guided,4.266135551663321,0,P1,creel_pe,design-based PE (pe_period=month); trip_length_source=area_season; estimated_donor,design_stratum,fishery_year_interviews
WACoast,Quillayute,Quillayute fall salmon 2024,402,2024,11,boat,unguided,6.2214476795090095,0,P1,creel_pe,design-based PE (pe_period=month); trip_length_source=area_season; estimated_donor,design_stratum,fishery_year_interviews
WACoast,Quillayute,Quillayute fall salmon 2024,404,2024,11,bank,unguided,18.911889061151868,0,P1,creel_pe,design-based PE (pe_period=month); trip_length_source=area_season; estimated_donor,design_stratum,fishery_year_interviews
WACoast,Quillayute,Quillayute fall salmon 2024,404,2024,11,boat,guided,78.19055768897957,0,P1,creel_pe,design-based PE (pe_period=month); trip_length_source=month; estimated,design_stratum,fishery_year_interviews
WACoast,Quillayute,Quillayute fall salmon 2024,404,2024,11,boat,unguided,114.02789662976184,0,P1,creel_pe,design-based PE (pe_period=month); trip_length_source=month; estimated,design_stratum,fishery_year_interviews
WACoast,Quillayute,Quillayute fall salmon 2024,406,2024,11,bank,unguided,404.421358552598,16.077971830985913,P1,creel_pe,design-based PE (pe_period=month); trip_length_source=month; estimated,design_stratum,fishery_year_interviews
WACoast,Quillayute,Quillayute fall salmon 2024,406,2024,11,boat,guided,274.877337231723,80.93023147699758,P1,creel_pe,design-based PE (pe_period=month); trip_length_source=month; estimated,design_stratum,fishery_year_interviews
WACoast,Quillayute,Quillayute fall salmon 2024,406,2024,11,boat,unguided,400.8627834629293,118.02325423728813,P1,creel_pe,design-based PE (pe_period=month); trip_length_source=month; estimated,design_stratum,fishery_year_interviews
WACoast,Quillayute,Quillayute fall salmon 2025,398,2025,9,bank,unguided,78.63280986853022,0,P1,creel_pe,design-based PE (pe_period=month); trip_length_source=month; estimated,design_stratum,fishery_year_interviews
WACoast,Quillayute,Quillayute fall salmon 2025,398,2025,9,boat,guided,11.461950239703409,0,P1,creel_pe,design-based PE (pe_period=month); trip_length_source=month; estimated,design_stratum,fishery_year_interviews
WACoast,Quillayute,Quillayute fall salmon 2025,398,2025,9,boat,unguided,24.15826435137488,0,P1,creel_pe,design-based PE (pe_period=month); trip_length_source=month; estimated,design_stratum,fishery_year_interviews
WACoast,Quillayute,Quillayute fall salmon 2025,400,2025,9,bank,unguided,94.42550879618602,35.080551980198024,P1,creel_pe,design-based PE (pe_period=month); trip_length_source=month; estimated,design_stratum,fishery_year_interviews
WACoast,Quillayute,Quillayute fall salmon 2025,400,2025,9,boat,guided,0,0,P1,creel_pe,design-based PE (pe_period=month); trip_length_source=area_season; zero_effort,design_stratum,fishery_year_interviews
WACoast,Quillayute,Quillayute fall salmon 2025,400,2025,9,boat,unguided,0,0,P1,creel_pe,design-based PE (pe_period=month); trip_length_source=area_season; zero_effort,design_stratum,fishery_year_interviews
WACoast,Quillayute,Quillayute fall salmon 2025,402,2025,9,bank,unguided,29.364014651988526,0,P1,creel_pe,design-based PE (pe_period=month); trip_length_source=area_season; estimated_donor,design_stratum,fishery_year_interviews
WACoast,Quillayute,Quillayute fall salmon 2025,402,2025,9,boat,guided,8.518794182659008,0,P1,creel_pe,design-based PE (pe_period=month); trip_length_source=month; estimated,design_stratum,fishery_year_interviews
WACoast,Quillayute,Quillayute fall salmon 2025,402,2025,9,boat,unguided,17.95499696960437,0,P1,creel_pe,design-based PE (pe_period=month); trip_length_source=month; estimated,design_stratum,fishery_year_interviews
WACoast,Quillayute,Quillayute fall salmon 2025,404,2025,9,bank,unguided,576.226653538605,292.55232920792076,P1,creel_pe,design-based PE (pe_period=month); trip_length_source=month; estimated,design_stratum,fishery_year_interviews
WACoast,Quillayute,Quillayute fall salmon 2025,404,2025,9,boat,guided,143.9302403687317,28.59742574257426,P1,creel_pe,design-based PE (pe_period=month); trip_length_source=month; estimated,design_stratum,fishery_year_interviews
WACoast,Quillayute,Quillayute fall salmon 2025,404,2025,9,boat,unguided,303.36066046948065,60.27457425742575,P1,creel_pe,design-based PE (pe_period=month); trip_length_source=month; estimated,design_stratum,fishery_year_interviews
WACoast,Quillayute,Quillayute fall salmon 2025,406,2025,9,bank,unguided,483.6139337765164,38.60468688118812,P1,creel_pe,design-based PE (pe_period=month); trip_length_source=month; estimated,design_stratum,fishery_year_interviews
WACoast,Quillayute,Quillayute fall salmon 2025,406,2025,9,boat,guided,21.68663262108522,5.106683168316832,P1,creel_pe,design-based PE (pe_period=month); trip_length_source=month; estimated,design_stratum,fishery_year_interviews
WACoast,Quillayute,Quillayute fall salmon 2025,406,2025,9,boat,unguided,45.70874875521039,10.763316831683168,P1,creel_pe,design-based PE (pe_period=month); trip_length_source=month; estimated,design_stratum,fishery_year_interviews
WACoast,Quillayute,Quillayute fall salmon 2025,398,2025,10,bank,unguided,60.30868988418683,0,P1,creel_pe,design-based PE (pe_period=month); trip_length_source=month; estimated,design_stratum,fishery_year_interviews
WACoast,Quillayute,Quillayute fall salmon 2025,398,2025,10,boat,guided,66.35543167388788,19.848275577557757,P1,creel_pe,design-based PE (pe_period=month); trip_length_source=month; estimated,design_stratum,fishery_year_interviews
WACoast,Quillayute,Quillayute fall salmon 2025,398,2025,10,boat,unguided,139.85683291265602,41.83405775577558,P1,creel_pe,design-based PE (pe_period=month); trip_length_source=month; estimated,design_stratum,fishery_year_interviews
WACoast,Quillayute,Quillayute fall salmon 2025,400,2025,10,bank,unguided,42.620454539278924,0,P1,creel_pe,design-based PE (pe_period=month); trip_length_source=area_season; estimated_donor,design_stratum,fishery_year_interviews
WACoast,Quillayute,Quillayute fall salmon 2025,400,2025,10,boat,guided,1.611768113938895,0,P1,creel_pe,design-based PE (pe_period=month); trip_length_source=month; estimated,design_stratum,fishery_year_interviews
WACoast,Quillayute,Quillayute fall salmon 2025,400,2025,10,boat,unguided,3.397111255532748,0,P1,creel_pe,design-based PE (pe_period=month); trip_length_source=month; estimated,design_stratum,fishery_year_interviews
WACoast,Quillayute,Quillayute fall salmon 2025,402,2025,10,bank,unguided,217.07341161785521,169.15301608910895,P1,creel_pe,design-based PE (pe_period=month); trip_length_source=month; estimated,design_stratum,fishery_year_interviews
WACoast,Quillayute,Quillayute fall salmon 2025,402,2025,10,boat,guided,5.2056129802795095,0,P1,creel_pe,design-based PE (pe_period=month); trip_length_source=area_season; estimated_donor,design_stratum,fishery_year_interviews
WACoast,Quillayute,Quillayute fall salmon 2025,402,2025,10,boat,unguided,10.971830435358351,0,P1,creel_pe,design-based PE (pe_period=month); trip_length_source=area_season; estimated_donor,design_stratum,fishery_year_interviews
WACoast,Quillayute,Quillayute fall salmon 2025,404,2025,10,bank,unguided,867.0548378862026,170.34119837340876,P1,creel_pe,design-based PE (pe_period=month); trip_length_source=month; estimated,design_stratum,fishery_year_interviews
WACoast,Quillayute,Quillayute fall salmon 2025,404,2025,10,boat,guided,346.74494009440286,421.9528231966054,P1,creel_pe,design-based PE (pe_period=month); trip_length_source=month; estimated,design_stratum,fishery_year_interviews
WACoast,Quillayute,Quillayute fall salmon 2025,404,2025,10,boat,unguided,730.831642968203,889.3467196605375,P1,creel_pe,design-based PE (pe_period=month); trip_length_source=month; estimated,design_stratum,fishery_year_interviews
WACoast,Quillayute,Quillayute fall salmon 2025,406,2025,10,bank,unguided,1228.1243439048258,255.48155555555553,P1,creel_pe,design-based PE (pe_period=month); trip_length_source=month; estimated,design_stratum,fishery_year_interviews
WACoast,Quillayute,Quillayute fall salmon 2025,406,2025,10,boat,guided,94.75335517144252,48.02940099009901,P1,creel_pe,design-based PE (pe_period=month); trip_length_source=month; estimated,design_stratum,fishery_year_interviews
WACoast,Quillayute,Quillayute fall salmon 2025,406,2025,10,boat,unguided,199.71091782288656,101.231199009901,P1,creel_pe,design-based PE (pe_period=month); trip_length_source=month; estimated,design_stratum,fishery_year_interviews
WACoast,Quillayute,Quillayute fall salmon 2025,398,2025,11,bank,unguided,308.2704795694148,0,P1,creel_pe,design-based PE (pe_period=month); trip_length_source=month; estimated,design_stratum,fishery_year_interviews
WACoast,Quillayute,Quillayute fall salmon 2025,398,2025,11,boat,guided,80.56492837768093,49.416901225836874,P1,creel_pe,design-based PE (pe_period=month); trip_length_source=month; estimated,design_stratum,fishery_year_interviews
WACoast,Quillayute,Quillayute fall salmon 2025,398,2025,11,boat,unguided,169.8060798114198,104.15562258368696,P1,creel_pe,design-based PE (pe_period=month); trip_length_source=month; estimated,design_stratum,fishery_year_interviews
WACoast,Quillayute,Quillayute fall salmon 2025,400,2025,11,bank,unguided,100.79448653391401,0,P1,creel_pe,design-based PE (pe_period=month); trip_length_source=month; estimated,design_stratum,fishery_year_interviews
WACoast,Quillayute,Quillayute fall salmon 2025,400,2025,11,boat,guided,7.210872094880877,0,P1,creel_pe,design-based PE (pe_period=month); trip_length_source=month; estimated,design_stratum,fishery_year_interviews
WACoast,Quillayute,Quillayute fall salmon 2025,400,2025,11,boat,unguided,15.19829964613354,0,P1,creel_pe,design-based PE (pe_period=month); trip_length_source=month; estimated,design_stratum,fishery_year_interviews
WACoast,Quillayute,Quillayute fall salmon 2025,402,2025,11,bank,unguided,104.40965001675407,0,P1,creel_pe,design-based PE (pe_period=month); trip_length_source=month; estimated,design_stratum,fishery_year_interviews
WACoast,Quillayute,Quillayute fall salmon 2025,402,2025,11,boat,guided,0,0,P1,creel_pe,design-based PE (pe_period=month); trip_length_source=area_season; zero_effort,design_stratum,fishery_year_interviews
WACoast,Quillayute,Quillayute fall salmon 2025,402,2025,11,boat,unguided,0,0,P1,creel_pe,design-based PE (pe_period=month); trip_length_source=area_season; zero_effort,design_stratum,fishery_year_interviews
WACoast,Quillayute,Quillayute fall salmon 2025,404,2025,11,bank,unguided,145.77912173711528,0,P1,creel_pe,design-based PE (pe_period=month); trip_length_source=month; estimated,design_stratum,fishery_year_interviews
WACoast,Quillayute,Quillayute fall salmon 2025,404,2025,11,boat,guided,38.78134509245679,0,P1,creel_pe,design-based PE (pe_period=month); trip_length_source=month; estimated,design_stratum,fishery_year_interviews
WACoast,Quillayute,Quillayute fall salmon 2025,404,2025,11,boat,unguided,81.739142733332,0,P1,creel_pe,design-based PE (pe_period=month); trip_length_source=month; estimated,design_stratum,fishery_year_interviews
WACoast,Quillayute,Quillayute fall salmon 2025,406,2025,11,bank,unguided,948.881334261875,8.841024339933991,P1,creel_pe,design-based PE (pe_period=month); trip_length_source=month; estimated,design_stratum,fishery_year_interviews
WACoast,Quillayute,Quillayute fall salmon 2025,406,2025,11,boat,guided,81.1579895831246,121.9173787128713,P1,creel_pe,design-based PE (pe_period=month); trip_length_source=month; estimated,design_stratum,fishery_year_interviews
WACoast,Quillayute,Quillayute fall salmon 2025,406,2025,11,boat,unguided,171.05607035212418,256.96432128712877,P1,creel_pe,design-based PE (pe_period=month); trip_length_source=month; estimated,design_stratum,fishery_year_interviews
WACoast,Quillayute,Quillayute fall salmon 2025,398,2025,12,bank,unguided,23.759656436137863,0,P1,creel_pe,design-based PE (pe_period=month); trip_length_source=area_season; estimated_donor,design_stratum,fishery_year_interviews
WACoast,Quillayute,Quillayute fall salmon 2025,398,2025,12,boat,guided,8.529721809317875,0,P1,creel_pe,design-based PE (pe_period=month); trip_length_source=area_season; estimated_donor,design_stratum,fishery_year_interviews
WACoast,Quillayute,Quillayute fall salmon 2025,398,2025,12,boat,unguided,17.9780290442546,0,P1,creel_pe,design-based PE (pe_period=month); trip_length_source=area_season; estimated_donor,design_stratum,fishery_year_interviews
WACoast,Quillayute,Quillayute fall salmon 2025,400,2025,12,bank,unguided,3.3748140699677953,0,P1,creel_pe,design-based PE (pe_period=month); trip_length_source=area_season; estimated_donor,design_stratum,fishery_year_interviews
WACoast,Quillayute,Quillayute fall salmon 2025,400,2025,12,boat,guided,0.4753330537396013,0,P1,creel_pe,design-based PE (pe_period=month); trip_length_source=area_season; estimated_donor,design_stratum,fishery_year_interviews
WACoast,Quillayute,Quillayute fall salmon 2025,400,2025,12,boat,unguided,1.001855820958852,0,P1,creel_pe,design-based PE (pe_period=month); trip_length_source=area_season; estimated_donor,design_stratum,fishery_year_interviews
WACoast,Quillayute,Quillayute fall salmon 2025,402,2025,12,bank,unguided,0,0,P1,creel_pe,design-based PE (pe_period=month); trip_length_source=area_season; zero_effort,design_stratum,fishery_year_interviews
WACoast,Quillayute,Quillayute fall salmon 2025,402,2025,12,boat,guided,0,0,P1,creel_pe,design-based PE (pe_period=month); trip_length_source=area_season; zero_effort,design_stratum,fishery_year_interviews
WACoast,Quillayute,Quillayute fall salmon 2025,402,2025,12,boat,unguided,0,0,P1,creel_pe,design-based PE (pe_period=month); trip_length_source=area_season; zero_effort,design_stratum,fishery_year_interviews
WACoast,Quillayute,Quillayute fall salmon 2025,404,2025,12,bank,unguided,0,0,P1,creel_pe,design-based PE (pe_period=month); trip_length_source=area_season; zero_effort,design_stratum,fishery_year_interviews
WACoast,Quillayute,Quillayute fall salmon 2025,404,2025,12,boat,guided,0,0,P1,creel_pe,design-based PE (pe_period=month); trip_length_source=area_season; zero_effort,design_stratum,fishery_year_interviews
WACoast,Quillayute,Quillayute fall salmon 2025,404,2025,12,boat,unguided,0,0,P1,creel_pe,design-based PE (pe_period=month); trip_length_source=area_season; zero_effort,design_stratum,fishery_year_interviews
WACoast,Quillayute,Quillayute fall salmon 2025,406,2025,12,bank,unguided,1.3753139043989682,0,P1,creel_pe,design-based PE (pe_period=month); trip_length_source=area_season; estimated_donor,design_stratum,fishery_year_interviews
WACoast,Quillayute,Quillayute fall salmon 2025,406,2025,12,boat,guided,0.4818516234599515,0,P1,creel_pe,design-based PE (pe_period=month); trip_length_source=area_season; estimated_donor,design_stratum,fishery_year_interviews
WACoast,Quillayute,Quillayute fall salmon 2025,406,2025,12,boat,unguided,1.01559496021559,0,P1,creel_pe,design-based PE (pe_period=month); trip_length_source=area_season; estimated_donor,design_stratum,fishery_year_interviews
WACoast,Satsop,Satsop salmon 2022,329,2022,10,bank,unguided,1493.4508721834516,624.928,P1,creel_pe,design-based PE (pe_period=month); trip_length_source=month; estimated,design_stratum,fishery_year_interviews
WACoast,Satsop,Satsop salmon 2022,329,2022,10,boat,unguided,466.9611490755016,175.2328775510204,P1,creel_pe,design-based PE (pe_period=month); trip_length_source=month; estimated,design_stratum,fishery_year_interviews
WACoast,Satsop,Satsop salmon 2022,329,2022,11,bank,unguided,2935.5397809182405,2019.527,P1,creel_pe,design-based PE (pe_period=month); trip_length_source=month; estimated,design_stratum,fishery_year_interviews
WACoast,Satsop,Satsop salmon 2022,329,2022,11,boat,unguided,920.0280489968819,701.742017857143,P1,creel_pe,design-based PE (pe_period=month); trip_length_source=month; estimated,design_stratum,fishery_year_interviews
WACoast,Satsop,Satsop salmon 2022,329,2022,12,bank,unguided,485.0978171657919,101.052,P1,creel_pe,design-based PE (pe_period=month); trip_length_source=month; estimated,design_stratum,fishery_year_interviews
WACoast,Satsop,Satsop salmon 2022,329,2022,12,boat,unguided,75.43012935249597,4.735408163265307,P1,creel_pe,design-based PE (pe_period=month); trip_length_source=month; estimated,design_stratum,fishery_year_interviews
WACoast,Satsop,Satsop salmon 2023,329,2023,10,bank,unguided,6441.985653238324,1652.2935,P1,creel_pe,design-based PE (pe_period=month); trip_length_source=month; estimated,design_stratum,fishery_year_interviews
WACoast,Satsop,Satsop salmon 2023,329,2023,10,boat,unguided,1950.175202601142,1016.7034214285715,P1,creel_pe,design-based PE (pe_period=month); trip_length_source=month; estimated,design_stratum,fishery_year_interviews
WACoast,Satsop,Satsop salmon 2023,329,2023,11,bank,unguided,2336.5893694379606,184.2375,P1,creel_pe,design-based PE (pe_period=month); trip_length_source=month; estimated,design_stratum,fishery_year_interviews
WACoast,Satsop,Satsop salmon 2023,329,2023,11,boat,unguided,1047.6921069256166,446.07451587301597,P1,creel_pe,design-based PE (pe_period=month); trip_length_source=month; estimated,design_stratum,fishery_year_interviews
WACoast,Satsop,Satsop salmon 2023,329,2023,12,bank,unguided,0,0,P1,creel_pe,design-based PE (pe_period=month); trip_length_source=area_season; zero_effort,design_stratum,fishery_year_interviews
WACoast,Satsop,Satsop salmon 2023,329,2023,12,boat,unguided,0,0,P1,creel_pe,design-based PE (pe_period=month); trip_length_source=area_season; zero_effort,design_stratum,fishery_year_interviews
WACoast,Satsop,Satsop salmon 2024,329,2024,10,bank,unguided,4029.698837928656,2330.2763333333332,P1,creel_pe,design-based PE (pe_period=month); trip_length_source=month; estimated,design_stratum,fishery_year_interviews
WACoast,Satsop,Satsop salmon 2024,329,2024,10,boat,unguided,1707.9454524066532,1319.1219301221167,P1,creel_pe,design-based PE (pe_period=month); trip_length_source=month; estimated,design_stratum,fishery_year_interviews
WACoast,Satsop,Satsop salmon 2024,329,2024,11,bank,unguided,1889.6618825778728,864.4244999999999,P1,creel_pe,design-based PE (pe_period=month); trip_length_source=month; estimated,design_stratum,fishery_year_interviews
WACoast,Satsop,Satsop salmon 2024,329,2024,11,boat,unguided,1022.3158819647126,954.5289179104478,P1,creel_pe,design-based PE (pe_period=month); trip_length_source=month; estimated,design_stratum,fishery_year_interviews
WACoast,Satsop,Satsop salmon 2024,329,2024,12,bank,unguided,495.759453364693,38.168000000000006,P1,creel_pe,design-based PE (pe_period=month); trip_length_source=month; estimated,design_stratum,fishery_year_interviews
WACoast,Satsop,Satsop salmon 2024,329,2024,12,boat,unguided,346.94586666258374,311.4036069651741,P1,creel_pe,design-based PE (pe_period=month); trip_length_source=month; estimated,design_stratum,fishery_year_interviews
WACoast,Satsop,Satsop salmon 2025,329,2025,10,bank,unguided,4881.508935752317,1637.0494545454544,P1,creel_pe,design-based PE (pe_period=month); trip_length_source=month; estimated,design_stratum,fishery_year_interviews
WACoast,Satsop,Satsop salmon 2025,329,2025,10,boat,unguided,1498.6531482039215,1118.705819047619,P1,creel_pe,design-based PE (pe_period=month); trip_length_source=month; estimated,design_stratum,fishery_year_interviews
WACoast,Satsop,Satsop salmon 2025,329,2025,11,bank,unguided,1141.021378454339,142.42710714285715,P1,creel_pe,design-based PE (pe_period=month); trip_length_source=month; estimated,design_stratum,fishery_year_interviews
WACoast,Satsop,Satsop salmon 2025,329,2025,11,boat,unguided,622.9687094600616,260.42355520833337,P1,creel_pe,design-based PE (pe_period=month); trip_length_source=month; estimated,design_stratum,fishery_year_interviews
WACoast,Satsop,Satsop salmon 2025,329,2025,12,bank,unguided,392.3264336022251,81.95179999999999,P1,creel_pe,design-based PE (pe_period=month); trip_length_source=month; estimated,design_stratum,fishery_year_interviews
WACoast,Satsop,Satsop salmon 2025,329,2025,12,boat,unguided,146.71364734348228,90.518725,P1,creel_pe,design-based PE (pe_period=month); trip_length_source=month; estimated,design_stratum,fishery_year_interviews
PugetSound,Skagit,Skagit fall salmon 2022,830,2022,9,bank,unguided,5706.491363803967,564.7546794871795,P1,creel_pe,design-based PE (pe_period=month); trip_length_source=month; estimated,design_stratum,fishery_year_interviews
PugetSound,Skagit,Skagit fall salmon 2022,830,2022,9,boat,guided,441.87407437250914,209.14404165808446,P1,creel_pe,design-based PE (pe_period=month); trip_length_source=month; estimated,design_stratum,fishery_year_interviews
PugetSound,Skagit,Skagit fall salmon 2022,830,2022,9,boat,unguided,8314.446868805171,3935.322579770487,P1,creel_pe,design-based PE (pe_period=month); trip_length_source=month; estimated,design_stratum,fishery_year_interviews
PugetSound,Skagit,Skagit fall salmon 2022,830,2022,10,bank,unguided,7624.537208950049,595.3912273374773,P1,creel_pe,design-based PE (pe_period=month); trip_length_source=month; estimated,design_stratum,fishery_year_interviews
PugetSound,Skagit,Skagit fall salmon 2022,830,2022,10,boat,guided,304.44958337881263,120.62687535473165,P1,creel_pe,design-based PE (pe_period=month); trip_length_source=month; estimated,design_stratum,fishery_year_interviews
PugetSound,Skagit,Skagit fall salmon 2022,830,2022,10,boat,unguided,5728.622772964596,2269.7546750420934,P1,creel_pe,design-based PE (pe_period=month); trip_length_source=month; estimated,design_stratum,fishery_year_interviews
PugetSound,Skagit,Skagit fall salmon 2022,830,2022,11,bank,unguided,2692.883008265429,208.0395180436847,P1,creel_pe,design-based PE (pe_period=month); trip_length_source=month; estimated,design_stratum,fishery_year_interviews
PugetSound,Skagit,Skagit fall salmon 2022,830,2022,11,boat,guided,106.50137975936416,46.81043340199108,P1,creel_pe,design-based PE (pe_period=month); trip_length_source=month; estimated,design_stratum,fishery_year_interviews
PugetSound,Skagit,Skagit fall salmon 2022,830,2022,11,boat,unguided,2003.9647375129339,880.8003999313423,P1,creel_pe,design-based PE (pe_period=month); trip_length_source=month; estimated,design_stratum,fishery_year_interviews
PugetSound,Skagit,Skagit fall salmon 2023,830,2023,8,bank,unguided,12168.93856656052,4461.605709456265,P1,creel_pe,design-based PE (pe_period=month); trip_length_source=month; estimated,design_stratum,fishery_year_interviews
PugetSound,Skagit,Skagit fall salmon 2023,830,2023,8,boat,guided,191.72629212370836,158.7859297461929,P1,creel_pe,design-based PE (pe_period=month); trip_length_source=month; estimated,design_stratum,fishery_year_interviews
PugetSound,Skagit,Skagit fall salmon 2023,830,2023,8,boat,unguided,4200.1434228031,3478.5196702538074,P1,creel_pe,design-based PE (pe_period=month); trip_length_source=month; estimated,design_stratum,fishery_year_interviews
PugetSound,Skagit,Skagit fall salmon 2023,830,2023,9,bank,unguided,26609.458989153616,11669.796909180455,P1,creel_pe,design-based PE (pe_period=month); trip_length_source=month; estimated,design_stratum,fishery_year_interviews
PugetSound,Skagit,Skagit fall salmon 2023,830,2023,9,boat,guided,480.9853182590758,328.08948341793564,P1,creel_pe,design-based PE (pe_period=month); trip_length_source=month; estimated,design_stratum,fishery_year_interviews
PugetSound,Skagit,Skagit fall salmon 2023,830,2023,9,boat,unguided,10536.934181396498,7187.448683248731,P1,creel_pe,design-based PE (pe_period=month); trip_length_source=month; estimated,design_stratum,fishery_year_interviews
PugetSound,Skagit,Skagit fall salmon 2023,830,2023,10,bank,unguided,13740.070912817464,1406.8747158884948,P1,creel_pe,design-based PE (pe_period=month); trip_length_source=month; estimated,design_stratum,fishery_year_interviews
PugetSound,Skagit,Skagit fall salmon 2023,830,2023,10,boat,guided,347.92545730511034,112.21263281242446,P1,creel_pe,design-based PE (pe_period=month); trip_length_source=month; estimated,design_stratum,fishery_year_interviews
PugetSound,Skagit,Skagit fall salmon 2023,830,2023,10,boat,unguided,7621.9949018933485,2458.2395374256707,P1,creel_pe,design-based PE (pe_period=month); trip_length_source=month; estimated,design_stratum,fishery_year_interviews
PugetSound,Skagit,Skagit fall salmon 2023,830,2023,11,bank,unguided,4816.254033434394,625.4745262017336,P1,creel_pe,design-based PE (pe_period=month); trip_length_source=month; estimated,design_stratum,fishery_year_interviews
PugetSound,Skagit,Skagit fall salmon 2023,830,2023,11,boat,guided,115.11013400708825,46.46600504537763,P1,creel_pe,design-based PE (pe_period=month); trip_length_source=month; estimated,design_stratum,fishery_year_interviews
PugetSound,Skagit,Skagit fall salmon 2023,830,2023,11,boat,unguided,2521.715028713422,1017.9296919243193,P1,creel_pe,design-based PE (pe_period=month); trip_length_source=month; estimated,design_stratum,fishery_year_interviews
PugetSound,Skagit,Skagit fall salmon 2024,830,2024,9,bank,unguided,5732.53666030569,712.3601301060181,P1,creel_pe,design-based PE (pe_period=month); trip_length_source=month; estimated,design_stratum,fishery_year_interviews
PugetSound,Skagit,Skagit fall salmon 2024,830,2024,9,boat,unguided,9392.734575135237,4865.529270070423,P1,creel_pe,design-based PE (pe_period=month); trip_length_source=month; estimated,design_stratum,fishery_year_interviews
PugetSound,Skagit,Skagit fall salmon 2024,830,2024,10,bank,unguided,5929.881868904439,900.3848348256048,P1,creel_pe,design-based PE (pe_period=month); trip_length_source=month; estimated,design_stratum,fishery_year_interviews
PugetSound,Skagit,Skagit fall salmon 2024,830,2024,10,boat,unguided,6252.017305188493,4202.553401207243,P1,creel_pe,design-based PE (pe_period=month); trip_length_source=month; estimated,design_stratum,fishery_year_interviews
PugetSound,Skagit,Skagit fall salmon 2024,830,2024,11,bank,unguided,2986.3201262642415,387.4529775491113,P1,creel_pe,design-based PE (pe_period=month); trip_length_source=month; estimated,design_stratum,fishery_year_interviews
PugetSound,Skagit,Skagit fall salmon 2024,830,2024,11,boat,unguided,2126.825423401489,1849.945707887324,P1,creel_pe,design-based PE (pe_period=month); trip_length_source=month; estimated,design_stratum,fishery_year_interviews
PugetSound,Skagit,Skagit fall salmon 2025,830,2025,8,bank,unguided,6806.1585064595965,1117.806465296316,P1,creel_pe,design-based PE (pe_period=month); trip_length_source=month; estimated,design_stratum,fishery_year_interviews
PugetSound,Skagit,Skagit fall salmon 2025,830,2025,8,boat,guided,248.89566196917207,56.94803486842105,P1,creel_pe,design-based PE (pe_period=month); trip_length_source=month; estimated,design_stratum,fishery_year_interviews
PugetSound,Skagit,Skagit fall salmon 2025,830,2025,8,boat,unguided,2852.0994707614964,652.5684651315789,P1,creel_pe,design-based PE (pe_period=month); trip_length_source=month; estimated,design_stratum,fishery_year_interviews
PugetSound,Skagit,Skagit fall salmon 2025,826,2025,9,bank,unguided,625.5593862878429,713.9417843032568,P1,creel_pe,design-based PE (pe_period=month); trip_length_source=month; estimated,design_stratum,fishery_year_interviews
PugetSound,Skagit,Skagit fall salmon 2025,826,2025,9,boat,guided,0,0,P1,creel_pe,design-based PE (pe_period=month); trip_length_source=type_season; zero_effort,design_stratum,fishery_year_interviews
PugetSound,Skagit,Skagit fall salmon 2025,826,2025,9,boat,unguided,0,0,P1,creel_pe,design-based PE (pe_period=month); trip_length_source=type_season; zero_effort,design_stratum,fishery_year_interviews
PugetSound,Skagit,Skagit fall salmon 2025,830,2025,9,bank,unguided,15105.50384643505,4308.723522797652,P1,creel_pe,design-based PE (pe_period=month); trip_length_source=month; estimated,design_stratum,fishery_year_interviews
PugetSound,Skagit,Skagit fall salmon 2025,830,2025,9,boat,guided,738.8388775843208,374.54791222744365,P1,creel_pe,design-based PE (pe_period=month); trip_length_source=month; estimated,design_stratum,fishery_year_interviews
PugetSound,Skagit,Skagit fall salmon 2025,830,2025,9,boat,unguided,8466.36681035148,4291.950666343985,P1,creel_pe,design-based PE (pe_period=month); trip_length_source=month; estimated,design_stratum,fishery_year_interviews
PugetSound,Skagit,Skagit fall salmon 2025,826,2025,10,bank,unguided,2230.020576664232,1908.8543229141385,P1,creel_pe,design-based PE (pe_period=month); trip_length_source=month; estimated,design_stratum,fishery_year_interviews
PugetSound,Skagit,Skagit fall salmon 2025,826,2025,10,boat,guided,0,0,P1,creel_pe,design-based PE (pe_period=month); trip_length_source=type_season; zero_effort,design_stratum,fishery_year_interviews
PugetSound,Skagit,Skagit fall salmon 2025,826,2025,10,boat,unguided,0,0,P1,creel_pe,design-based PE (pe_period=month); trip_length_source=type_season; zero_effort,design_stratum,fishery_year_interviews
PugetSound,Skagit,Skagit fall salmon 2025,830,2025,10,bank,unguided,10739.075476742853,3446.570358885055,P1,creel_pe,design-based PE (pe_period=month); trip_length_source=month; estimated,design_stratum,fishery_year_interviews
PugetSound,Skagit,Skagit fall salmon 2025,830,2025,10,boat,guided,515.892472628501,367.3284328508772,P1,creel_pe,design-based PE (pe_period=month); trip_length_source=month; estimated,design_stratum,fishery_year_interviews
PugetSound,Skagit,Skagit fall salmon 2025,830,2025,10,boat,unguided,5911.620301103643,4209.22253381579,P1,creel_pe,design-based PE (pe_period=month); trip_length_source=month; estimated,design_stratum,fishery_year_interviews
PugetSound,Skagit,Skagit fall salmon 2025,826,2025,11,bank,unguided,931.5197548499326,565.1555057394554,P1,creel_pe,design-based PE (pe_period=month); trip_length_source=month; estimated,design_stratum,fishery_year_interviews
PugetSound,Skagit,Skagit fall salmon 2025,826,2025,11,boat,guided,0,0,P1,creel_pe,design-based PE (pe_period=month); trip_length_source=type_season; zero_effort,design_stratum,fishery_year_interviews
PugetSound,Skagit,Skagit fall salmon 2025,826,2025,11,boat,unguided,0,0,P1,creel_pe,design-based PE (pe_period=month); trip_length_source=type_season; zero_effort,design_stratum,fishery_year_interviews
PugetSound,Skagit,Skagit fall salmon 2025,830,2025,11,bank,unguided,1601.341582801419,99.43133140111358,P1,creel_pe,design-based PE (pe_period=month); trip_length_source=month; estimated,design_stratum,fishery_year_interviews
PugetSound,Skagit,Skagit fall salmon 2025,830,2025,11,boat,guided,60.87874977287421,72.47628717105263,P1,creel_pe,design-based PE (pe_period=month); trip_length_source=month; estimated,design_stratum,fishery_year_interviews
PugetSound,Skagit,Skagit fall salmon 2025,830,2025,11,boat,unguided,697.610591659657,830.5069628289474,P1,creel_pe,design-based PE (pe_period=month); trip_length_source=month; estimated,design_stratum,fishery_year_interviews
PugetSound,Snohomish,Snohomish fall salmon 2022,850,2022,10,bank,unknown,89.59463293976594,0,P1,creel_pe,design-based PE (pe_period=month); trip_length_source=month; estimated,design_stratum,no_proportion_available
PugetSound,Snohomish,Snohomish fall salmon 2022,850,2022,10,boat,unknown,232.0313297084241,0,P1,creel_pe,design-based PE (pe_period=month); trip_length_source=month; estimated,design_stratum,no_proportion_available
PugetSound,Snohomish,Snohomish fall salmon 2022,852,2022,10,bank,unknown,115.28189961859584,11.418,P1,creel_pe,design-based PE (pe_period=month); trip_length_source=month; estimated,design_stratum,no_proportion_available
PugetSound,Snohomish,Snohomish fall salmon 2022,852,2022,10,boat,unknown,112.78052761408904,24.12,P1,creel_pe,design-based PE (pe_period=month); trip_length_source=month; estimated,design_stratum,no_proportion_available
PugetSound,Snohomish,Snohomish fall salmon 2022,850,2022,11,bank,unknown,602.8816214720915,0,P1,creel_pe,design-based PE (pe_period=month); trip_length_source=month; estimated,design_stratum,no_proportion_available
PugetSound,Snohomish,Snohomish fall salmon 2022,850,2022,11,boat,unknown,871.4511985145845,0,P1,creel_pe,design-based PE (pe_period=month); trip_length_source=month; estimated,design_stratum,no_proportion_available
PugetSound,Snohomish,Snohomish fall salmon 2022,852,2022,11,bank,unknown,523.3759320306426,133,P1,creel_pe,design-based PE (pe_period=month); trip_length_source=month; estimated,design_stratum,no_proportion_available
PugetSound,Snohomish,Snohomish fall salmon 2022,852,2022,11,boat,unknown,1340.2792645478082,658.3385000000001,P1,creel_pe,design-based PE (pe_period=month); trip_length_source=month; estimated,design_stratum,no_proportion_available
PugetSound,Snohomish,Snohomish fall salmon 2023,850,2023,9,bank,unknown,21024.411768513623,12135.619681818182,P1,creel_pe,design-based PE (pe_period=month); trip_length_source=month; estimated,design_stratum,no_proportion_available
PugetSound,Snohomish,Snohomish fall salmon 2023,850,2023,9,boat,unknown,12341.138613221096,19825.23809090909,P1,creel_pe,design-based PE (pe_period=month); trip_length_source=month; estimated,design_stratum,no_proportion_available
PugetSound,Snohomish,Snohomish fall salmon 2023,844,2023,10,bank,unknown,1476.104426190437,214.06133333333335,P1,creel_pe,design-based PE (pe_period=month); trip_length_source=month; estimated,design_stratum,no_proportion_available
PugetSound,Snohomish,Snohomish fall salmon 2023,844,2023,10,boat,unknown,98.10909128600017,18.249,P1,creel_pe,design-based PE (pe_period=month); trip_length_source=month; estimated,design_stratum,no_proportion_available
PugetSound,Snohomish,Snohomish fall salmon 2023,850,2023,10,bank,unknown,8990.944163888456,2974.0926666666664,P1,creel_pe,design-based PE (pe_period=month); trip_length_source=month; estimated,design_stratum,no_proportion_available
PugetSound,Snohomish,Snohomish fall salmon 2023,850,2023,10,boat,unknown,5730.9967622681415,3327.8392063492065,P1,creel_pe,design-based PE (pe_period=month); trip_length_source=month; estimated,design_stratum,no_proportion_available
PugetSound,Snohomish,Snohomish fall salmon 2023,844,2023,11,bank,unknown,1102.7011336375908,9.7125,P1,creel_pe,design-based PE (pe_period=month); trip_length_source=month; estimated,design_stratum,no_proportion_available
PugetSound,Snohomish,Snohomish fall salmon 2023,844,2023,11,boat,unknown,506.2709553699295,95.593,P1,creel_pe,design-based PE (pe_period=month); trip_length_source=month; estimated,design_stratum,no_proportion_available
PugetSound,Snohomish,Snohomish fall salmon 2024,850,2024,9,bank,unknown,1470.9152490299296,42.614,P1,creel_pe,design-based PE (pe_period=month); trip_length_source=month; estimated,design_stratum,no_proportion_available
PugetSound,Snohomish,Snohomish fall salmon 2024,850,2024,9,boat,unknown,2445.833501061334,696.491,P1,creel_pe,design-based PE (pe_period=month); trip_length_source=month; estimated,design_stratum,no_proportion_available
PugetSound,Snohomish,Snohomish fall salmon 2024,850,2024,10,bank,unknown,3999.6713506384785,275.92339999999996,P1,creel_pe,design-based PE (pe_period=month); trip_length_source=month; estimated,design_stratum,no_proportion_available
PugetSound,Snohomish,Snohomish fall salmon 2024,850,2024,10,boat,unknown,3306.411611222708,727.7281349206348,P1,creel_pe,design-based PE (pe_period=month); trip_length_source=month; estimated,design_stratum,no_proportion_available
PugetSound,Snohomish,Snohomish fall salmon 2024,844,2024,11,bank,unknown,1728.3155672375287,237.51,P1,creel_pe,design-based PE (pe_period=month); trip_length_source=month; estimated,design_stratum,no_proportion_available
PugetSound,Snohomish,Snohomish fall salmon 2024,844,2024,11,boat,unknown,574.7576622227213,530.9305714285714,P1,creel_pe,design-based PE (pe_period=month); trip_length_source=month; estimated,design_stratum,no_proportion_available
PugetSound,Snohomish,Snohomish fall salmon 2024,850,2024,11,bank,unknown,363.4697181928075,0,P1,creel_pe,design-based PE (pe_period=month); trip_length_source=month; estimated,design_stratum,no_proportion_available
PugetSound,Snohomish,Snohomish fall salmon 2024,850,2024,11,boat,unknown,51.16685354134498,0.938,P1,creel_pe,design-based PE (pe_period=month); trip_length_source=month; estimated,design_stratum,no_proportion_available
PugetSound,Snohomish,Snohomish fall salmon 2024,852,2024,11,bank,unknown,1029.7497014942662,40.24708333333333,P1,creel_pe,design-based PE (pe_period=month); trip_length_source=month; estimated,design_stratum,no_proportion_available
PugetSound,Snohomish,Snohomish fall salmon 2024,852,2024,11,boat,unknown,394.0794739410613,156.52833333333334,P1,creel_pe,design-based PE (pe_period=month); trip_length_source=month; estimated,design_stratum,no_proportion_available
PugetSound,Snohomish,Snohomish fall salmon 2025,850,2025,8,bank,unguided,7504.710623722703,965.5373941520468,P1,creel_pe,design-based PE (pe_period=month); trip_length_source=month; estimated,design_stratum,fishery_year_interviews
PugetSound,Snohomish,Snohomish fall salmon 2025,850,2025,8,boat,unguided,3297.198024137069,2601.6236594724223,P1,creel_pe,design-based PE (pe_period=month); trip_length_source=month; estimated,design_stratum,fishery_year_interviews
PugetSound,Snohomish,Snohomish fall salmon 2025,850,2025,9,bank,unguided,16286.600601977592,9000.728405380118,P1,creel_pe,design-based PE (pe_period=month); trip_length_source=month; estimated,design_stratum,fishery_year_interviews
PugetSound,Snohomish,Snohomish fall salmon 2025,850,2025,9,boat,unguided,6137.855673384362,9596.435162110312,P1,creel_pe,design-based PE (pe_period=month); trip_length_source=month; estimated,design_stratum,fishery_year_interviews
PugetSound,Snohomish,Snohomish fall salmon 2025,844,2025,10,bank,unguided,209.26493893619875,45.92122807017544,P1,creel_pe,design-based PE (pe_period=month); trip_length_source=month; estimated,design_stratum,fishery_year_interviews
PugetSound,Snohomish,Snohomish fall salmon 2025,844,2025,10,boat,unguided,37.11251993146279,40.08398081534772,P1,creel_pe,design-based PE (pe_period=month); trip_length_source=month; estimated,design_stratum,fishery_year_interviews
PugetSound,Snohomish,Snohomish fall salmon 2025,850,2025,10,bank,unguided,381.8402485212561,0,P1,creel_pe,design-based PE (pe_period=month); trip_length_source=month; estimated,design_stratum,fishery_year_interviews
PugetSound,Snohomish,Snohomish fall salmon 2025,850,2025,10,boat,unguided,383.43912147421554,231.25902797761793,P1,creel_pe,design-based PE (pe_period=month); trip_length_source=month; estimated,design_stratum,fishery_year_interviews
PugetSound,Snohomish,Snohomish fall salmon 2025,844,2025,11,bank,unguided,1766.634844301894,46.87860701754386,P1,creel_pe,design-based PE (pe_period=month); trip_length_source=month; estimated,design_stratum,fishery_year_interviews
PugetSound,Snohomish,Snohomish fall salmon 2025,844,2025,11,boat,unguided,399.9102558676358,23.63781654676259,P1,creel_pe,design-based PE (pe_period=month); trip_length_source=month; estimated,design_stratum,fishery_year_interviews
PugetSound,Snohomish,Snohomish fall salmon 2025,850,2025,11,bank,unguided,103.20311301793373,0,P1,creel_pe,design-based PE (pe_period=month); trip_length_source=month; estimated,design_stratum,fishery_year_interviews
PugetSound,Snohomish,Snohomish fall salmon 2025,850,2025,11,boat,unguided,35.6994130976472,0,P1,creel_pe,design-based PE (pe_period=month); trip_length_source=area_season; estimated_donor,design_stratum,fishery_year_interviews
PugetSound,Stillaguamish,Stillaguamish salmon and gamefish 2022-23,872,2022,9,bank,unknown,434.23582807481114,0,P1,creel_pe,design-based PE (pe_period=month); trip_length_source=month; estimated,design_stratum,no_proportion_available
PugetSound,Stillaguamish,Stillaguamish salmon and gamefish 2022-23,872,2022,9,boat,unknown,35.75694444444444,0,P1,creel_pe,design-based PE (pe_period=month); trip_length_source=month; estimated,design_stratum,no_proportion_available
PugetSound,Stillaguamish,Stillaguamish salmon and gamefish 2022-23,874,2022,9,bank,unknown,1687.100052034429,0,P1,creel_pe,design-based PE (pe_period=month); trip_length_source=month; estimated,design_stratum,no_proportion_available
PugetSound,Stillaguamish,Stillaguamish salmon and gamefish 2022-23,874,2022,9,boat,unknown,0,0,P1,creel_pe,design-based PE (pe_period=month); trip_length_source=type_season; zero_effort,design_stratum,no_proportion_available
PugetSound,Stillaguamish,Stillaguamish salmon and gamefish 2022-23,876,2022,9,bank,unknown,3628.9803237061506,329.21100476190475,P1,creel_pe,design-based PE (pe_period=month); trip_length_source=month; estimated,design_stratum,no_proportion_available
PugetSound,Stillaguamish,Stillaguamish salmon and gamefish 2022-23,876,2022,9,boat,unknown,926.0225510206894,0,P1,creel_pe,design-based PE (pe_period=month); trip_length_source=month; estimated,design_stratum,no_proportion_available
PugetSound,Stillaguamish,Stillaguamish salmon and gamefish 2022-23,872,2022,10,bank,unknown,0,0,P1,creel_pe,design-based PE (pe_period=month); trip_length_source=area_season; zero_effort,design_stratum,no_proportion_available
PugetSound,Stillaguamish,Stillaguamish salmon and gamefish 2022-23,872,2022,10,boat,unknown,0,0,P1,creel_pe,design-based PE (pe_period=month); trip_length_source=area_season; zero_effort,design_stratum,no_proportion_available
PugetSound,Stillaguamish,Stillaguamish salmon and gamefish 2022-23,874,2022,10,bank,unknown,0,0,P1,creel_pe,design-based PE (pe_period=month); trip_length_source=area_season; zero_effort,design_stratum,no_proportion_available
PugetSound,Stillaguamish,Stillaguamish salmon and gamefish 2022-23,874,2022,10,boat,unknown,0,0,P1,creel_pe,design-based PE (pe_period=month); trip_length_source=type_season; zero_effort,design_stratum,no_proportion_available
PugetSound,Stillaguamish,Stillaguamish salmon and gamefish 2022-23,876,2022,10,bank,unknown,0,0,P1,creel_pe,design-based PE (pe_period=month); trip_length_source=area_season; zero_effort,design_stratum,no_proportion_available
PugetSound,Stillaguamish,Stillaguamish salmon and gamefish 2022-23,876,2022,10,boat,unknown,0,0,P1,creel_pe,design-based PE (pe_period=month); trip_length_source=area_season; zero_effort,design_stratum,no_proportion_available
PugetSound,Stillaguamish,Stillaguamish salmon and gamefish 2022-23,872,2022,11,bank,unknown,406.2329256278199,0,P1,creel_pe,design-based PE (pe_period=month); trip_length_source=month; estimated,design_stratum,no_proportion_available
PugetSound,Stillaguamish,Stillaguamish salmon and gamefish 2022-23,872,2022,11,boat,unknown,0,0,P1,creel_pe,design-based PE (pe_period=month); trip_length_source=area_season; zero_effort,design_stratum,no_proportion_available
PugetSound,Stillaguamish,Stillaguamish salmon and gamefish 2022-23,874,2022,11,bank,unknown,222.39747543505857,0,P1,creel_pe,design-based PE (pe_period=month); trip_length_source=month; estimated,design_stratum,no_proportion_available
PugetSound,Stillaguamish,Stillaguamish salmon and gamefish 2022-23,874,2022,11,boat,unknown,0,0,P1,creel_pe,design-based PE (pe_period=month); trip_length_source=type_season; zero_effort,design_stratum,no_proportion_available
PugetSound,Stillaguamish,Stillaguamish salmon and gamefish 2022-23,876,2022,11,bank,unknown,1063.3121373108906,0,P1,creel_pe,design-based PE (pe_period=month); trip_length_source=month; estimated,design_stratum,no_proportion_available
PugetSound,Stillaguamish,Stillaguamish salmon and gamefish 2022-23,876,2022,11,boat,unknown,220.8481503995528,0,P1,creel_pe,design-based PE (pe_period=month); trip_length_source=area_season; estimated_donor,design_stratum,no_proportion_available
PugetSound,Stillaguamish,Stillaguamish salmon and gamefish 2023-24,872,2023,9,bank,unknown,252.3364503375305,0,P1,creel_pe,design-based PE (pe_period=month); trip_length_source=month; estimated,design_stratum,no_proportion_available
PugetSound,Stillaguamish,Stillaguamish salmon and gamefish 2023-24,872,2023,9,boat,unknown,0,0,P1,creel_pe,design-based PE (pe_period=month); trip_length_source=month; zero_effort,design_stratum,no_proportion_available
PugetSound,Stillaguamish,Stillaguamish salmon and gamefish 2023-24,876,2023,9,bank,unknown,5326.994658647663,2432.5323333333336,P1,creel_pe,design-based PE (pe_period=month); trip_length_source=month; estimated,design_stratum,no_proportion_available
PugetSound,Stillaguamish,Stillaguamish salmon and gamefish 2023-24,876,2023,9,boat,unknown,453.9091677705219,704.8666666666667,P1,creel_pe,design-based PE (pe_period=month); trip_length_source=month; estimated,design_stratum,no_proportion_available
PugetSound,Stillaguamish,Stillaguamish salmon and gamefish 2024-25,872,2024,9,bank,unknown,325.5659523938896,0,P1,creel_pe,design-based PE (pe_period=month); trip_length_source=month; estimated,design_stratum,no_proportion_available
PugetSound,Stillaguamish,Stillaguamish salmon and gamefish 2024-25,872,2024,9,boat,unknown,0,0,P1,creel_pe,design-based PE (pe_period=month); trip_length_source=month; zero_effort,design_stratum,no_proportion_available
PugetSound,Stillaguamish,Stillaguamish salmon and gamefish 2024-25,876,2024,9,bank,unknown,3429.251035645707,449.584,P1,creel_pe,design-based PE (pe_period=month); trip_length_source=month; estimated,design_stratum,no_proportion_available
PugetSound,Stillaguamish,Stillaguamish salmon and gamefish 2024-25,876,2024,9,boat,unknown,88.30102606327912,20.996,P1,creel_pe,design-based PE (pe_period=month); trip_length_source=month; estimated,design_stratum,no_proportion_available
PugetSound,Stillaguamish,Stillaguamish salmon and gamefish 2024-25,872,2024,10,bank,unknown,405.4393955280794,0,P1,creel_pe,design-based PE (pe_period=month); trip_length_source=month; estimated,design_stratum,no_proportion_available
PugetSound,Stillaguamish,Stillaguamish salmon and gamefish 2024-25,872,2024,10,boat,unknown,9.530855848502382,0,P1,creel_pe,design-based PE (pe_period=month); trip_length_source=month; estimated,design_stratum,no_proportion_available
PugetSound,Stillaguamish,Stillaguamish salmon and gamefish 2024-25,874,2024,10,bank,unknown,343.92516783208544,0,P1,creel_pe,design-based PE (pe_period=month); trip_length_source=month; estimated,design_stratum,no_proportion_available
PugetSound,Stillaguamish,Stillaguamish salmon and gamefish 2024-25,874,2024,10,boat,unknown,8.415741287471665,0,P1,creel_pe,design-based PE (pe_period=month); trip_length_source=type_season; estimated_donor,design_stratum,no_proportion_available
PugetSound,Stillaguamish,Stillaguamish salmon and gamefish 2024-25,876,2024,10,bank,unknown,4381.3402150859765,334.061873015873,P1,creel_pe,design-based PE (pe_period=month); trip_length_source=month; estimated,design_stratum,no_proportion_available
PugetSound,Stillaguamish,Stillaguamish salmon and gamefish 2024-25,876,2024,10,boat,unknown,95.17257954401389,0,P1,creel_pe,design-based PE (pe_period=month); trip_length_source=month; estimated,design_stratum,no_proportion_available
PugetSound,Stillaguamish,Stillaguamish salmon and gamefish 2024-25,872,2024,11,bank,unknown,372.4062564803528,0,P1,creel_pe,design-based PE (pe_period=month); trip_length_source=month; estimated,design_stratum,no_proportion_available
PugetSound,Stillaguamish,Stillaguamish salmon and gamefish 2024-25,872,2024,11,boat,unknown,0,0,P1,creel_pe,design-based PE (pe_period=month); trip_length_source=area_season; zero_effort,design_stratum,no_proportion_available
PugetSound,Stillaguamish,Stillaguamish salmon and gamefish 2024-25,874,2024,11,bank,unknown,415.28011540682223,0,P1,creel_pe,design-based PE (pe_period=month); trip_length_source=month; estimated,design_stratum,no_proportion_available
PugetSound,Stillaguamish,Stillaguamish salmon and gamefish 2024-25,874,2024,11,boat,unknown,0,0,P1,creel_pe,design-based PE (pe_period=month); trip_length_source=type_season; zero_effort,design_stratum,no_proportion_available
PugetSound,Stillaguamish,Stillaguamish salmon and gamefish 2024-25,876,2024,11,bank,unknown,65.84380185822603,0,P1,creel_pe,design-based PE (pe_period=month); trip_length_source=month; estimated,design_stratum,no_proportion_available
PugetSound,Stillaguamish,Stillaguamish salmon and gamefish 2024-25,876,2024,11,boat,unknown,19.5665437550644,0,P1,creel_pe,design-based PE (pe_period=month); trip_length_source=area_season; estimated_donor,design_stratum,no_proportion_available
PugetSound,Stillaguamish,Stillaguamish salmon and gamefish 2025-26,872,2025,9,bank,unguided,525.5541304520517,0,P1,creel_pe,design-based PE (pe_period=month); trip_length_source=month; estimated,design_stratum,fishery_year_interviews
PugetSound,Stillaguamish,Stillaguamish salmon and gamefish 2025-26,872,2025,9,boat,unknown,9.00402231199721,0,P1,creel_pe,design-based PE (pe_period=month); trip_length_source=month; estimated,design_stratum,no_proportion_available
PugetSound,Stillaguamish,Stillaguamish salmon and gamefish 2025-26,876,2025,9,bank,unguided,3244.384890636863,420.9596666666667,P1,creel_pe,design-based PE (pe_period=month); trip_length_source=month; estimated,design_stratum,fishery_year_interviews
PugetSound,Stillaguamish,Stillaguamish salmon and gamefish 2025-26,876,2025,9,boat,unknown,98.80427983539091,0,P1,creel_pe,design-based PE (pe_period=month); trip_length_source=month; estimated,design_stratum,no_proportion_available
PugetSound,Stillaguamish,Stillaguamish salmon and gamefish 2025-26,872,2025,10,bank,unguided,367.8207244236637,0,P1,creel_pe,design-based PE (pe_period=month); trip_length_source=month; estimated,design_stratum,fishery_year_interviews
PugetSound,Stillaguamish,Stillaguamish salmon and gamefish 2025-26,872,2025,10,boat,unknown,16.46515350877193,0,P1,creel_pe,design-based PE (pe_period=month); trip_length_source=month; estimated,design_stratum,no_proportion_available
PugetSound,Stillaguamish,Stillaguamish salmon and gamefish 2025-26,876,2025,10,bank,unguided,6442.433050569772,1417.906726839827,P1,creel_pe,design-based PE (pe_period=month); trip_length_source=month; estimated,design_stratum,fishery_year_interviews
PugetSound,Stillaguamish,Stillaguamish salmon and gamefish 2025-26,876,2025,10,boat,unknown,192.42997172395104,19.076,P1,creel_pe,design-based PE (pe_period=month); trip_length_source=month; estimated,design_stratum,no_proportion_available
WACoast,Upper Chehalis,Upper Chehalis salmon 2023,315,2023,10,bank,unknown,414.9953007808692,0,P1,creel_pe,design-based PE (pe_period=month); trip_length_source=area_season; estimated_donor,design_stratum,no_proportion_available
WACoast,Upper Chehalis,Upper Chehalis salmon 2023,315,2023,10,boat,guided,86.80521872502113,10.4821220657277,P1,creel_pe,design-based PE (pe_period=month); trip_length_source=month; estimated,design_stratum,fishery_year_interviews
WACoast,Upper Chehalis,Upper Chehalis salmon 2023,315,2023,10,boat,unguided,473.48301122738803,57.17521126760564,P1,creel_pe,design-based PE (pe_period=month); trip_length_source=month; estimated,design_stratum,fishery_year_interviews
WACoast,Upper Chehalis,Upper Chehalis salmon 2023,317,2023,10,bank,unknown,1770.6395131527754,0,P1,creel_pe,design-based PE (pe_period=month); trip_length_source=month; estimated,design_stratum,no_proportion_available
WACoast,Upper Chehalis,Upper Chehalis salmon 2023,317,2023,10,boat,guided,253.53828607450598,170.76919014084504,P1,creel_pe,design-based PE (pe_period=month); trip_length_source=month; estimated,design_stratum,fishery_year_interviews
WACoast,Upper Chehalis,Upper Chehalis salmon 2023,317,2023,10,boat,unguided,1382.9361058609418,931.4683098591548,P1,creel_pe,design-based PE (pe_period=month); trip_length_source=month; estimated,design_stratum,fishery_year_interviews
WACoast,Upper Chehalis,Upper Chehalis salmon 2023,315,2023,11,bank,unknown,173.63076001335153,57.82,P1,creel_pe,design-based PE (pe_period=month); trip_length_source=month; estimated,design_stratum,no_proportion_available
WACoast,Upper Chehalis,Upper Chehalis salmon 2023,315,2023,11,boat,guided,108.09594038935538,62.19273474178404,P1,creel_pe,design-based PE (pe_period=month); trip_length_source=month; estimated,design_stratum,fishery_year_interviews
WACoast,Upper Chehalis,Upper Chehalis salmon 2023,315,2023,11,boat,unguided,589.6142203055748,339.2330985915493,P1,creel_pe,design-based PE (pe_period=month); trip_length_source=month; estimated,design_stratum,fishery_year_interviews
WACoast,Upper Chehalis,Upper Chehalis salmon 2023,317,2023,11,bank,unknown,385.8723096356553,0,P1,creel_pe,design-based PE (pe_period=month); trip_length_source=month; estimated,design_stratum,no_proportion_available
WACoast,Upper Chehalis,Upper Chehalis salmon 2023,317,2023,11,boat,guided,296.6673955836194,146.52890845070422,P1,creel_pe,design-based PE (pe_period=month); trip_length_source=month; estimated,design_stratum,fishery_year_interviews
WACoast,Upper Chehalis,Upper Chehalis salmon 2023,317,2023,11,boat,unguided,1618.1857940924695,799.2485915492958,P1,creel_pe,design-based PE (pe_period=month); trip_length_source=month; estimated,design_stratum,fishery_year_interviews
WACoast,Upper Chehalis,Upper Chehalis salmon 2023,315,2023,12,bank,unknown,0,0,P1,creel_pe,design-based PE (pe_period=month); trip_length_source=area_season; zero_effort,design_stratum,no_proportion_available
WACoast,Upper Chehalis,Upper Chehalis salmon 2023,315,2023,12,boat,guided,0,0,P1,creel_pe,design-based PE (pe_period=month); trip_length_source=area_season; zero_effort,design_stratum,fishery_year_interviews
WACoast,Upper Chehalis,Upper Chehalis salmon 2023,315,2023,12,boat,unguided,0,0,P1,creel_pe,design-based PE (pe_period=month); trip_length_source=area_season; zero_effort,design_stratum,fishery_year_interviews
WACoast,Upper Chehalis,Upper Chehalis salmon 2023,317,2023,12,bank,unknown,0,0,P1,creel_pe,design-based PE (pe_period=month); trip_length_source=area_season; zero_effort,design_stratum,no_proportion_available
WACoast,Upper Chehalis,Upper Chehalis salmon 2023,317,2023,12,boat,guided,0,0,P1,creel_pe,design-based PE (pe_period=month); trip_length_source=area_season; zero_effort,design_stratum,fishery_year_interviews
WACoast,Upper Chehalis,Upper Chehalis salmon 2023,317,2023,12,boat,unguided,0,0,P1,creel_pe,design-based PE (pe_period=month); trip_length_source=area_season; zero_effort,design_stratum,fishery_year_interviews
PugetSound,Wallace,Wallace salmon and gamefish 2022-23,860,2022,10,bank,unknown,2567.7533645782755,1303.83775,P1,creel_pe,design-based PE (pe_period=month); trip_length_source=month; estimated,design_stratum,no_proportion_available
PugetSound,Wallace,Wallace salmon and gamefish 2022-23,860,2022,11,bank,unknown,2210.314817922488,1114.9186753246754,P1,creel_pe,design-based PE (pe_period=month); trip_length_source=month; estimated,design_stratum,no_proportion_available
PugetSound,Wallace,Wallace salmon and gamefish 2022-23,860,2022,12,bank,unknown,938.121020105106,0,P1,creel_pe,design-based PE (pe_period=month); trip_length_source=month; estimated,design_stratum,no_proportion_available
PugetSound,Wallace,Wallace salmon and gamefish 2022-23,860,2023,1,bank,unknown,1145.3637985410098,0,P1,creel_pe,design-based PE (pe_period=month); trip_length_source=month; estimated,design_stratum,no_proportion_available
PugetSound,Wallace,Wallace salmon and gamefish 2022-23,860,2023,2,bank,unknown,471.44188893531106,0,P1,creel_pe,design-based PE (pe_period=month); trip_length_source=month; estimated,design_stratum,no_proportion_available
PugetSound,Wallace,Wallace salmon and gamefish 2023-24,860,2023,10,bank,unknown,2388.1937151438447,728.1773333333333,P1,creel_pe,design-based PE (pe_period=month); trip_length_source=month; estimated,design_stratum,no_proportion_available
PugetSound,Wallace,Wallace salmon and gamefish 2023-24,860,2023,11,bank,unknown,1644.5285527282613,12.075,P1,creel_pe,design-based PE (pe_period=month); trip_length_source=month; estimated,design_stratum,no_proportion_available
PugetSound,Wallace,Wallace salmon and gamefish 2024-25,860,2024,10,bank,unknown,1710.6456062675736,773.7488000000001,P1,creel_pe,design-based PE (pe_period=month); trip_length_source=month; estimated,design_stratum,no_proportion_available
PugetSound,Wallace,Wallace salmon and gamefish 2024-25,860,2024,11,bank,unknown,1017.0297169678868,138.1845,P1,creel_pe,design-based PE (pe_period=month); trip_length_source=month; estimated,design_stratum,no_proportion_available
ColumbiaTrib,Hanford Reach,Hanford Reach fall Chinook 2022,NA,2022,8,boat,unknown,2107.17138651288,580.718492202775,P1,R3_external,"external district-supplied calculation, not independently vetted by WDFW HQ (Todd Miller / R-district weekly summary)",design_stratum,not_collected
ColumbiaTrib,Hanford Reach,Hanford Reach fall Chinook 2022,NA,2022,9,boat,unknown,16541.7244399157,6261.23678936223,P1,R3_external,"external district-supplied calculation, not independently vetted by WDFW HQ (Todd Miller / R-district weekly summary)",design_stratum,not_collected
ColumbiaTrib,Hanford Reach,Hanford Reach fall Chinook 2022,NA,2022,10,boat,unknown,9250.7337664669,4489.24332261707,P1,R3_external,"external district-supplied calculation, not independently vetted by WDFW HQ (Todd Miller / R-district weekly summary)",design_stratum,not_collected
ColumbiaTrib,Hanford Reach,Hanford Reach fall Chinook 2022,NA,2022,11,boat,unknown,369.289253036238,131.275779237229,P1,R3_external,"external district-supplied calculation, not independently vetted by WDFW HQ (Todd Miller / R-district weekly summary)",design_stratum,not_collected
ColumbiaTrib,Yakima,Yakima fall salmon 2022,690,2022,9,bank,unknown,3446.55574787697,897.244699976621,P1,R3_external,"external district-supplied calculation, not independently vetted by WDFW HQ (Todd Miller / R-district weekly summary)",design_stratum,not_collected
ColumbiaTrib,Yakima,Yakima fall salmon 2022,690,2022,10,bank,unknown,4456.28025919085,2010.06559192547,P1,R3_external,"external district-supplied calculation, not independently vetted by WDFW HQ (Todd Miller / R-district weekly summary)",design_stratum,not_collected
ColumbiaTrib,Hanford Reach,Hanford Reach fall Chinook 2023,NA,2023,8,boat,unknown,822.604812248812,108.723175523712,P1,R3_external,"external district-supplied calculation, not independently vetted by WDFW HQ (Todd Miller / R-district weekly summary)",design_stratum,not_collected
ColumbiaTrib,Hanford Reach,Hanford Reach fall Chinook 2023,NA,2023,9,boat,unknown,15556.6403816441,5179.64249459698,P1,R3_external,"external district-supplied calculation, not independently vetted by WDFW HQ (Todd Miller / R-district weekly summary)",design_stratum,not_collected
ColumbiaTrib,Hanford Reach,Hanford Reach fall Chinook 2023,NA,2023,10,boat,unknown,10283.9228824369,5697.65432462859,P1,R3_external,"external district-supplied calculation, not independently vetted by WDFW HQ (Todd Miller / R-district weekly summary)",design_stratum,not_collected
ColumbiaTrib,Hanford Reach,Hanford Reach fall Chinook 2023,NA,2023,11,boat,unknown,713.677091623707,102.924261789761,P1,R3_external,"external district-supplied calculation, not independently vetted by WDFW HQ (Todd Miller / R-district weekly summary)",design_stratum,not_collected
ColumbiaTrib,Hanford Reach,Hanford Reach fall Chinook 2023,NA,2023,12,boat,unknown,273.29505148267,16.15275145941,P1,R3_external,"external district-supplied calculation, not independently vetted by WDFW HQ (Todd Miller / R-district weekly summary)",design_stratum,not_collected
ColumbiaTrib,McNary Reservoir,McNary Reservoir fall salmon 2023,533,2023,8,combined,unknown,42.7363496207883,0,P1,R3_external,"external district-supplied calculation, not independently vetted by WDFW HQ (Todd Miller / R-district weekly summary)",design_stratum,not_collected
ColumbiaTrib,McNary Reservoir,McNary Reservoir fall salmon 2023,533,2023,9,combined,unknown,839.652724204945,35.8489986463728,P1,R3_external,"external district-supplied calculation, not independently vetted by WDFW HQ (Todd Miller / R-district weekly summary)",design_stratum,not_collected
ColumbiaTrib,McNary Reservoir,McNary Reservoir fall salmon 2023,533,2023,10,combined,unknown,588.118208523227,26.843769294565,P1,R3_external,"external district-supplied calculation, not independently vetted by WDFW HQ (Todd Miller / R-district weekly summary)",design_stratum,not_collected
ColumbiaTrib,McNary Reservoir,McNary Reservoir fall salmon 2023,533,2023,11,combined,unknown,91.7565723713098,0,P1,R3_external,"external district-supplied calculation, not independently vetted by WDFW HQ (Todd Miller / R-district weekly summary)",design_stratum,not_collected
ColumbiaTrib,Hanford Reach,Hanford Reach fall Chinook 2024,NA,2024,8,boat,unknown,765.239474143475,74.8781558398323,P1,R3_external,"external district-supplied calculation, not independently vetted by WDFW HQ (Todd Miller / R-district weekly summary)",design_stratum,not_collected
ColumbiaTrib,Hanford Reach,Hanford Reach fall Chinook 2024,NA,2024,9,boat,unknown,13211.4707134562,5375.16026492164,P1,R3_external,"external district-supplied calculation, not independently vetted by WDFW HQ (Todd Miller / R-district weekly summary)",design_stratum,not_collected
ColumbiaTrib,Hanford Reach,Hanford Reach fall Chinook 2024,NA,2024,10,boat,unknown,8470.45840169334,5719.98665930838,P1,R3_external,"external district-supplied calculation, not independently vetted by WDFW HQ (Todd Miller / R-district weekly summary)",design_stratum,not_collected
ColumbiaTrib,Hanford Reach,Hanford Reach fall Chinook 2024,NA,2024,11,boat,unknown,399.438758826463,96.0099336584526,P1,R3_external,"external district-supplied calculation, not independently vetted by WDFW HQ (Todd Miller / R-district weekly summary)",design_stratum,not_collected
ColumbiaTrib,Hanford Reach,Hanford Reach fall Chinook 2024,NA,2024,12,boat,unknown,223.748091416729,0,P1,R3_external,"external district-supplied calculation, not independently vetted by WDFW HQ (Todd Miller / R-district weekly summary)",design_stratum,not_collected
ColumbiaTrib,McNary Reservoir,McNary Reservoir fall salmon 2024,533,2024,9,combined,unknown,990.786268409634,17.9070699340551,P1,R3_external,"external district-supplied calculation, not independently vetted by WDFW HQ (Todd Miller / R-district weekly summary)",design_stratum,not_collected
ColumbiaTrib,McNary Reservoir,McNary Reservoir fall salmon 2024,533,2024,10,combined,unknown,659.221294607678,49.9323187880075,P1,R3_external,"external district-supplied calculation, not independently vetted by WDFW HQ (Todd Miller / R-district weekly summary)",design_stratum,not_collected
ColumbiaTrib,McNary Reservoir,McNary Reservoir fall salmon 2024,533,2024,11,combined,unknown,887.510124231638,68.0114908670786,P1,R3_external,"external district-supplied calculation, not independently vetted by WDFW HQ (Todd Miller / R-district weekly summary)",design_stratum,not_collected
ColumbiaTrib,McNary Reservoir,McNary Reservoir fall salmon 2024,533,2024,NA,combined,unknown,229.662723713912,0,P1,R3_external,"external district-supplied calculation, not independently vetted by WDFW HQ (Todd Miller / R-district weekly summary)",design_stratum,not_collected
ColumbiaTrib,Hanford Reach,Hanford Reach fall Chinook 2025,NA,2025,8,boat,unknown,382.603077587765,20.3861699970603,P1,R3_external,"external district-supplied calculation, not independently vetted by WDFW HQ (Todd Miller / R-district weekly summary)",design_stratum,not_collected
ColumbiaTrib,Hanford Reach,Hanford Reach fall Chinook 2025,NA,2025,9,boat,unknown,8782.92760159549,2682.29516621867,P1,R3_external,"external district-supplied calculation, not independently vetted by WDFW HQ (Todd Miller / R-district weekly summary)",design_stratum,not_collected
ColumbiaTrib,Hanford Reach,Hanford Reach fall Chinook 2025,NA,2025,10,boat,unknown,9292.528424014,5206.55595955321,P1,R3_external,"external district-supplied calculation, not independently vetted by WDFW HQ (Todd Miller / R-district weekly summary)",design_stratum,not_collected
ColumbiaTrib,Hanford Reach,Hanford Reach fall Chinook 2025,NA,2025,11,boat,unknown,44.7948987464492,26.4129744720663,P1,R3_external,"external district-supplied calculation, not independently vetted by WDFW HQ (Todd Miller / R-district weekly summary)",design_stratum,not_collected
ColumbiaTrib,McNary Reservoir,McNary Reservoir fall salmon 2025,533,2025,9,combined,unknown,544.946588064235,12.6564341269841,P1,R3_external,"external district-supplied calculation, not independently vetted by WDFW HQ (Todd Miller / R-district weekly summary)",design_stratum,not_collected
ColumbiaTrib,McNary Reservoir,McNary Reservoir fall salmon 2025,533,2025,10,combined,unknown,1392.89803891703,27.7645425239638,P1,R3_external,"external district-supplied calculation, not independently vetted by WDFW HQ (Todd Miller / R-district weekly summary)",design_stratum,not_collected
ColumbiaTrib,McNary Reservoir,McNary Reservoir fall salmon 2025,533,2025,11,combined,unknown,37.9125890637282,2.19549617868717,P1,R3_external,"external district-supplied calculation, not independently vetted by WDFW HQ (Todd Miller / R-district weekly summary)",design_stratum,not_collected
unknown,NA,Snake River spring Chinook 2022,NA,2022,NA,boat,unknown,1378,NA,P1,R1_external,"external district-supplied calculation, not independently vetted by WDFW HQ (Jeremy Trump / R1 annual angler-trip summary)",design_stratum,not_collected
unknown,NA,Snake River spring Chinook 2023,NA,2023,NA,boat,unknown,709,NA,P1,R1_external,"external district-supplied calculation, not independently vetted by WDFW HQ (Jeremy Trump / R1 annual angler-trip summary)",design_stratum,not_collected
unknown,NA,Snake River spring Chinook 2024,NA,2024,NA,boat,unknown,587,NA,P1,R1_external,"external district-supplied calculation, not independently vetted by WDFW HQ (Jeremy Trump / R1 annual angler-trip summary)",design_stratum,not_collected
unknown,NA,Snake River spring Chinook 2025,NA,2025,NA,boat,unknown,949,NA,P1,R1_external,"external district-supplied calculation, not independently vetted by WDFW HQ (Jeremy Trump / R1 annual angler-trip summary)",design_stratum,not_collected
unknown,NA,Snake River fall Chinook 2023,NA,2023,NA,boat,unknown,4827,NA,P1,R1_external,"external district-supplied calculation, not independently vetted by WDFW HQ (Jeremy Trump / R1 annual angler-trip summary)",design_stratum,not_collected
unknown,NA,Snake River fall Chinook 2024,NA,2024,NA,boat,unknown,6332,NA,P1,R1_external,"external district-supplied calculation, not independently vetted by WDFW HQ (Jeremy Trump / R1 annual angler-trip summary)",design_stratum,not_collected
unknown,NA,Snake River spring Chinook 2022,NA,2022,NA,bank,unknown,2942,NA,P1,R1_external,"external district-supplied calculation, not independently vetted by WDFW HQ (Jeremy Trump / R1 annual angler-trip summary)",design_stratum,not_collected
unknown,NA,Snake River spring Chinook 2023,NA,2023,NA,bank,unknown,1540,NA,P1,R1_external,"external district-supplied calculation, not independently vetted by WDFW HQ (Jeremy Trump / R1 annual angler-trip summary)",design_stratum,not_collected
unknown,NA,Snake River spring Chinook 2024,NA,2024,NA,bank,unknown,1211,NA,P1,R1_external,"external district-supplied calculation, not independently vetted by WDFW HQ (Jeremy Trump / R1 annual angler-trip summary)",design_stratum,not_collected
unknown,NA,Snake River spring Chinook 2025,NA,2025,NA,bank,unknown,2172,NA,P1,R1_external,"external district-supplied calculation, not independently vetted by WDFW HQ (Jeremy Trump / R1 annual angler-trip summary)",design_stratum,not_collected
unknown,NA,Snake River fall Chinook 2023,NA,2023,NA,bank,unknown,173,NA,P1,R1_external,"external district-supplied calculation, not independently vetted by WDFW HQ (Jeremy Trump / R1 annual angler-trip summary)",design_stratum,not_collected
unknown,NA,Snake River fall Chinook 2024,NA,2024,NA,bank,unknown,124,NA,P1,R1_external,"external district-supplied calculation, not independently vetted by WDFW HQ (Jeremy Trump / R1 annual angler-trip summary)",design_stratum,not_collected
WACoast,Chehalis + Upper Chehalis,NA,315,2022,NA,unknown,unknown,34542.46405162604,11439,P2,p2_block_ratio,"P2 block ratio 3.02 creel-trips per CRC-salmon (block_year, 7 donor area(s) [329|358|398|400|402|404|406]) x CRC harvest 11439. CRC-denominated: the CRC reporting bias is inside the ratio, not applied on top of it.",crc_no_split,not_collected
WACoast,Hoh,NA,348,2022,NA,unknown,unknown,271.7739107130294,90,P2,p2_block_ratio,"P2 block ratio 3.02 creel-trips per CRC-salmon (block_year, 7 donor area(s) [329|358|398|400|402|404|406]) x CRC harvest 90. CRC-denominated: the CRC reporting bias is inside the ratio, not applied on top of it.",crc_no_split,not_collected
WACoast,Hoh,NA,348,2024,NA,unknown,unknown,154.49578227655405,107,P2,p2_block_ratio,"P2 block ratio 1.444 creel-trips per CRC-salmon (block_year, 7 donor area(s) [315|329|358|398|402|404|406]) x CRC harvest 107. CRC-denominated: the CRC reporting bias is inside the ratio, not applied on top of it.",crc_no_split,not_collected
WACoast,Hoh,NA,350,2022,NA,unknown,unknown,1328.6724523748105,440,P2,p2_block_ratio,"P2 block ratio 3.02 creel-trips per CRC-salmon (block_year, 7 donor area(s) [329|358|398|400|402|404|406]) x CRC harvest 440. CRC-denominated: the CRC reporting bias is inside the ratio, not applied on top of it.",crc_no_split,not_collected
WACoast,Hoh,NA,350,2024,NA,unknown,unknown,424.5024298066065,294,P2,p2_block_ratio,"P2 block ratio 1.444 creel-trips per CRC-salmon (block_year, 7 donor area(s) [315|329|358|398|402|404|406]) x CRC harvest 294. CRC-denominated: the CRC reporting bias is inside the ratio, not applied on top of it.",crc_no_split,not_collected
ColumbiaTrib,Lower Cowlitz,NA,507,2024,NA,unknown,unknown,20.228370677883184,13,P2,p2_block_ratio,"P2 block ratio 1.556 creel-trips per CRC-salmon (block_year, 2 donor area(s) [533|618]) x CRC harvest 13. CRC-denominated: the CRC reporting bias is inside the ratio, not applied on top of it.",crc_no_split,not_collected
ColumbiaTrib,McNary Reservoir,NA,533,2022,NA,unknown,unknown,1023.896575129728,385,P2,p2_block_ratio,"P2 block ratio 2.659 creel-trips per CRC-salmon (block_year, 2 donor area(s) [618|690]) x CRC harvest 385. CRC-denominated: the CRC reporting bias is inside the ratio, not applied on top of it.",crc_no_split,not_collected
ColumbiaTrib,Lower Cowlitz,NA,561,2022,NA,unknown,unknown,18267.910583288576,6869,P2,p2_block_ratio,"P2 block ratio 2.659 creel-trips per CRC-salmon (block_year, 2 donor area(s) [618|690]) x CRC harvest 6869. CRC-denominated: the CRC reporting bias is inside the ratio, not applied on top of it.",crc_no_split,not_collected
ColumbiaTrib,Lower Cowlitz,NA,561,2023,NA,unknown,unknown,9929.002666745839,6615,P2,p2_block_ratio,"P2 block ratio 1.501 creel-trips per CRC-salmon (block_year, 2 donor area(s) [533|618]) x CRC harvest 6615. CRC-denominated: the CRC reporting bias is inside the ratio, not applied on top of it.",crc_no_split,not_collected
ColumbiaTrib,Lower Cowlitz,NA,561,2024,NA,unknown,unknown,5936.248779701873,3815,P2,p2_block_ratio,"P2 block ratio 1.556 creel-trips per CRC-salmon (block_year, 2 donor area(s) [533|618]) x CRC harvest 3815. CRC-denominated: the CRC reporting bias is inside the ratio, not applied on top of it.",crc_no_split,not_collected
ColumbiaTrib,Yakima,NA,690,2023,NA,unknown,unknown,618.4050035826584,412,P2,p2_block_ratio,"P2 block ratio 1.501 creel-trips per CRC-salmon (block_year, 2 donor area(s) [533|618]) x CRC harvest 412. CRC-denominated: the CRC reporting bias is inside the ratio, not applied on top of it.",crc_no_split,not_collected
ColumbiaTrib,Yakima,NA,690,2024,NA,unknown,unknown,1121.896558365675,721,P2,p2_block_ratio,"P2 block ratio 1.556 creel-trips per CRC-salmon (block_year, 2 donor area(s) [533|618]) x CRC harvest 721. CRC-denominated: the CRC reporting bias is inside the ratio, not applied on top of it.",crc_no_split,not_collected
PugetSound,Nisqually,NA,786,2024,NA,unknown,unknown,10891.169781269538,3230,P2,p2_block_ratio,"P2 block ratio 3.372 creel-trips per CRC-salmon (block_year, 10 donor area(s) [794|802|804|826|830|844|850|852|860|872]) x CRC harvest 3230. CRC-denominated: the CRC reporting bias is inside the ratio, not applied on top of it.",crc_no_split,not_collected
PugetSound,Nooksack,NA,794,2022,NA,unknown,unknown,13396.899480403976,2507,P2,p2_block_ratio,"P2 block ratio 5.344 creel-trips per CRC-salmon (block_year, 9 donor area(s) [786|802|804|826|830|850|852|860|872]) x CRC harvest 2507. CRC-denominated: the CRC reporting bias is inside the ratio, not applied on top of it.",crc_no_split,not_collected
PugetSound,Snohomish,NA,844,2022,NA,unknown,unknown,4761.323269660927,891,P2,p2_block_ratio,"P2 block ratio 5.344 creel-trips per CRC-salmon (block_year, 9 donor area(s) [786|802|804|826|830|850|852|860|872]) x CRC harvest 891. CRC-denominated: the CRC reporting bias is inside the ratio, not applied on top of it.",crc_no_split,not_collected
PugetSound,Snohomish,NA,852,2023,NA,unknown,unknown,302.54000850399785,144,P2,p2_block_ratio,"P2 block ratio 2.101 creel-trips per CRC-salmon (block_year, 10 donor area(s) [786|794|802|804|826|830|844|850|860|872]) x CRC harvest 144. CRC-denominated: the CRC reporting bias is inside the ratio, not applied on top of it.",crc_no_split,not_collected
ColumbiaTrib,Lower Cowlitz,NA,507,2025,NA,unknown,unknown,54.149792276179596,34.8,P3,crc_harvest_projection,"P3 projected: 6-yr mean CRC harvest 35 (5 of 6 years: 2019|2020|2021|2022|2024) x block_year ratio 1.556 (2 donor area(s) [533|618]) from 2024. Excludes PugetSound, which use a separate NEPA-derived 2014+ even/odd-year projection.",crc_no_split,not_collected
ColumbiaTrib,Lower Cowlitz,NA,561,2025,NA,unknown,unknown,8583.312619562817,5516.166666666667,P3,crc_harvest_projection,"P3 projected: 6-yr mean CRC harvest 5516 (6 of 6 years: 2019|2020|2021|2022|2023|2024) x block_year ratio 1.556 (2 donor area(s) [533|618]) from 2024. Excludes PugetSound, which use a separate NEPA-derived 2014+ even/odd-year projection.",crc_no_split,not_collected
ColumbiaTrib,Yakima,NA,690,2025,NA,unknown,unknown,717.5884828936253,461.1666666666667,P3,crc_harvest_projection,"P3 projected: 6-yr mean CRC harvest 461 (6 of 6 years: 2019|2020|2021|2022|2023|2024) x block_year ratio 1.556 (2 donor area(s) [533|618]) from 2024. Excludes PugetSound, which use a separate NEPA-derived 2014+ even/odd-year projection.",crc_no_split,not_collected
