block,river_label,year,mode,location,angler_trips,total_salmon_harvest,catch_area_codes,tier,source_id,method,trips_per_salmon
ColumbiaTrib,Abernathy Creek,2022,unknown,unknown,199.96571664178794,48,501,P2,p2_block_ratio,"P2 block ratio 4.166 creel-trips per CRC-salmon (block_year, 2 donor area(s) [618|690]) x CRC harvest 48. CRC-denominated: the CRC reporting bias is inside the ratio, not applied on top of it.",4.165952430037248
ColumbiaTrib,Abernathy Creek,2023,unknown,unknown,38.16193555285354,17,501,P2,p2_block_ratio,"P2 block ratio 2.245 creel-trips per CRC-salmon (block_year, 2 donor area(s) [533|618]) x CRC harvest 17. CRC-denominated: the CRC reporting bias is inside the ratio, not applied on top of it.",2.2448197384031494
ColumbiaTrib,Abernathy Creek,2025,unknown,unknown,43.54516511968526,15.6,501,P3,crc_harvest_projection,"P3 projected: 6-yr mean CRC harvest 16 (5 of 6 years: 2019|2021|2022|2023|2024) x block_year ratio 2.791 (2 donor area(s) [533|618]) from 2024. Excludes PugetSound, which use a separate NEPA-derived 2014+ even/odd-year projection.",2.7913567384413627
ColumbiaTrib,Big White Salmon River,2022,unknown,unknown,658.2204839458852,158,508,P2,p2_block_ratio,"P2 block ratio 4.166 creel-trips per CRC-salmon (block_year, 2 donor area(s) [618|690]) x CRC harvest 158. CRC-denominated: the CRC reporting bias is inside the ratio, not applied on top of it.",4.165952430037248
ColumbiaTrib,Big White Salmon River,2023,unknown,unknown,408.5571923893732,182,508,P2,p2_block_ratio,"P2 block ratio 2.245 creel-trips per CRC-salmon (block_year, 2 donor area(s) [533|618]) x CRC harvest 182. CRC-denominated: the CRC reporting bias is inside the ratio, not applied on top of it.",2.2448197384031494
ColumbiaTrib,Big White Salmon River,2024,unknown,unknown,396.3726568586735,142,508,P2,p2_block_ratio,"P2 block ratio 2.791 creel-trips per CRC-salmon (block_year, 2 donor area(s) [533|618]) x CRC harvest 142. CRC-denominated: the CRC reporting bias is inside the ratio, not applied on top of it.",2.7913567384413627
ColumbiaTrib,Big White Salmon River,2025,unknown,unknown,302.86220612088783,108.5,508,P3,crc_harvest_projection,"P3 projected: 6-yr mean CRC harvest 108 (6 of 6 years: 2019|2020|2021|2022|2023|2024) x block_year ratio 2.791 (2 donor area(s) [533|618]) from 2024. Excludes PugetSound, which use a separate NEPA-derived 2014+ even/odd-year projection.",2.7913567384413627
ColumbiaTrib,Cedar Creek (Clark Co),2022,unknown,unknown,95.81690589085672,23,609,P2,p2_block_ratio,"P2 block ratio 4.166 creel-trips per CRC-salmon (block_year, 2 donor area(s) [618|690]) x CRC harvest 23. CRC-denominated: the CRC reporting bias is inside the ratio, not applied on top of it.",4.165952430037248
ColumbiaTrib,Cedar Creek (Clark Co),2024,unknown,unknown,108.86291279921315,39,609,P2,p2_block_ratio,"P2 block ratio 2.791 creel-trips per CRC-salmon (block_year, 2 donor area(s) [533|618]) x CRC harvest 39. CRC-denominated: the CRC reporting bias is inside the ratio, not applied on top of it.",2.7913567384413627
ColumbiaTrib,Cedar Creek (Clark Co),2025,unknown,unknown,135.10166614056195,48.4,609,P3,crc_harvest_projection,"P3 projected: 6-yr mean CRC harvest 48 (5 of 6 years: 2020|2021|2022|2023|2024) x block_year ratio 2.791 (2 donor area(s) [533|618]) from 2024. Excludes PugetSound, which use a separate NEPA-derived 2014+ even/odd-year projection.",2.7913567384413627
ColumbiaTrib,Chinook River,2022,unknown,unknown,49.991429160446984,12,515,P2,p2_block_ratio,"P2 block ratio 4.166 creel-trips per CRC-salmon (block_year, 2 donor area(s) [618|690]) x CRC harvest 12. CRC-denominated: the CRC reporting bias is inside the ratio, not applied on top of it.",4.165952430037248
ColumbiaTrib,Chinook River,2023,unknown,unknown,190.8096777642677,85,515,P2,p2_block_ratio,"P2 block ratio 2.245 creel-trips per CRC-salmon (block_year, 2 donor area(s) [533|618]) x CRC harvest 85. CRC-denominated: the CRC reporting bias is inside the ratio, not applied on top of it.",2.2448197384031494
ColumbiaTrib,Chinook River,2024,unknown,unknown,36.287637599737714,13,515,P2,p2_block_ratio,"P2 block ratio 2.791 creel-trips per CRC-salmon (block_year, 2 donor area(s) [533|618]) x CRC harvest 13. CRC-denominated: the CRC reporting bias is inside the ratio, not applied on top of it.",2.7913567384413627
ColumbiaTrib,Chinook River,2025,unknown,unknown,68.10910441796925,24.4,515,P3,crc_harvest_projection,"P3 projected: 6-yr mean CRC harvest 24 (5 of 6 years: 2020|2021|2022|2023|2024) x block_year ratio 2.791 (2 donor area(s) [533|618]) from 2024. Excludes PugetSound, which use a separate NEPA-derived 2014+ even/odd-year projection.",2.7913567384413627
ColumbiaTrib,Cispus River,2022,unknown,unknown,712.3778655363694,171,555,P2,p2_block_ratio,"P2 block ratio 4.166 creel-trips per CRC-salmon (block_year, 2 donor area(s) [618|690]) x CRC harvest 171. CRC-denominated: the CRC reporting bias is inside the ratio, not applied on top of it.",4.165952430037248
ColumbiaTrib,Cispus River,2023,unknown,unknown,35.91711581445039,16,555,P2,p2_block_ratio,"P2 block ratio 2.245 creel-trips per CRC-salmon (block_year, 2 donor area(s) [533|618]) x CRC harvest 16. CRC-denominated: the CRC reporting bias is inside the ratio, not applied on top of it.",2.2448197384031494
ColumbiaTrib,Cispus River,2024,unknown,unknown,1898.1225821401267,680,555,P2,p2_block_ratio,"P2 block ratio 2.791 creel-trips per CRC-salmon (block_year, 2 donor area(s) [533|618]) x CRC harvest 680. CRC-denominated: the CRC reporting bias is inside the ratio, not applied on top of it.",2.7913567384413627
ColumbiaTrib,Cispus River,2025,unknown,unknown,832.2895341785996,298.1666666666667,555,P3,crc_harvest_projection,"P3 projected: 6-yr mean CRC harvest 298 (6 of 6 years: 2019|2020|2021|2022|2023|2024) x block_year ratio 2.791 (2 donor area(s) [533|618]) from 2024. Excludes PugetSound, which use a separate NEPA-derived 2014+ even/odd-year projection.",2.7913567384413627
ColumbiaTrib,Coal Creek (Cowlitz Co),2022,unknown,unknown,399.93143328357587,96,517,P2,p2_block_ratio,"P2 block ratio 4.166 creel-trips per CRC-salmon (block_year, 2 donor area(s) [618|690]) x CRC harvest 96. CRC-denominated: the CRC reporting bias is inside the ratio, not applied on top of it.",4.165952430037248
ColumbiaTrib,Coal Creek (Cowlitz Co),2023,unknown,unknown,114.48580665856062,51,517,P2,p2_block_ratio,"P2 block ratio 2.245 creel-trips per CRC-salmon (block_year, 2 donor area(s) [533|618]) x CRC harvest 51. CRC-denominated: the CRC reporting bias is inside the ratio, not applied on top of it.",2.2448197384031494
ColumbiaTrib,Coal Creek (Cowlitz Co),2024,unknown,unknown,667.1342604874857,239,517,P2,p2_block_ratio,"P2 block ratio 2.791 creel-trips per CRC-salmon (block_year, 2 donor area(s) [533|618]) x CRC harvest 239. CRC-denominated: the CRC reporting bias is inside the ratio, not applied on top of it.",2.7913567384413627
ColumbiaTrib,Coal Creek (Cowlitz Co),2025,unknown,unknown,270.29637750573863,96.83333333333333,517,P3,crc_harvest_projection,"P3 projected: 6-yr mean CRC harvest 97 (6 of 6 years: 2019|2020|2021|2022|2023|2024) x block_year ratio 2.791 (2 donor area(s) [533|618]) from 2024. Excludes PugetSound, which use a separate NEPA-derived 2014+ even/odd-year projection.",2.791356738441363
ColumbiaTrib,Coweeman River,2024,unknown,unknown,72.57527519947543,26,557,P2,p2_block_ratio,"P2 block ratio 2.791 creel-trips per CRC-salmon (block_year, 2 donor area(s) [533|618]) x CRC harvest 26. CRC-denominated: the CRC reporting bias is inside the ratio, not applied on top of it.",2.7913567384413627
ColumbiaTrib,Deep River (Wahkiakum Co),2022,unknown,unknown,99.98285832089397,24,580,P2,p2_block_ratio,"P2 block ratio 4.166 creel-trips per CRC-salmon (block_year, 2 donor area(s) [618|690]) x CRC harvest 24. CRC-denominated: the CRC reporting bias is inside the ratio, not applied on top of it.",4.165952430037248
ColumbiaTrib,Deep River (Wahkiakum Co),2025,unknown,unknown,25.820049830582604,9.25,580,P3,crc_harvest_projection,"P3 projected: 6-yr mean CRC harvest 9 (4 of 6 years: 2019|2021|2022|2023) x block_year ratio 2.791 (2 donor area(s) [533|618]) from 2024. Excludes PugetSound, which use a separate NEPA-derived 2014+ even/odd-year projection.",2.7913567384413627
ColumbiaTrib,Drano Lake,2022,unknown,bank,2487.182995122373,340.93743452380954,618,P1,creel_pe,design-based PE (pe_period=month); trip_length_source=month; estimated; design-based PE (pe_period=month); trip_length_source=month; zero_effort,7.295130259298879
ColumbiaTrib,Drano Lake,2022,unknown,boat,11643.703400276816,4775.606703571429,618,P1,creel_pe,design-based PE (pe_period=month); trip_length_source=month; estimated,2.4381621274568306
ColumbiaTrib,Drano Lake,2023,unguided,bank,2178.2193192009877,431.1322916666667,618,P1,creel_pe,design-based PE (pe_period=month); trip_length_source=area_season; estimated_donor; design-based PE (pe_period=month); trip_length_source=month; estimated,5.052322364396437
ColumbiaTrib,Drano Lake,2023,guided,boat,1912.9692934325574,1110.0355373413602,618,P1,creel_pe,design-based PE (pe_period=month); trip_length_source=month; estimated,1.7233405860269115
ColumbiaTrib,Drano Lake,2023,unguided,boat,12320.819178040201,7149.381426944354,618,P1,creel_pe,design-based PE (pe_period=month); trip_length_source=month; estimated,1.7233405860269118
ColumbiaTrib,Drano Lake,2024,unguided,bank,1775.1670104807702,271.1251223290598,618,P1,creel_pe,design-based PE (pe_period=month); trip_length_source=month; estimated,6.547408794992745
ColumbiaTrib,Drano Lake,2024,guided,boat,1666.609419542229,843.4122073770491,618,P1,creel_pe,design-based PE (pe_period=month); trip_length_source=month; estimated,1.9760318916005066
ColumbiaTrib,Drano Lake,2024,unguided,boat,10293.764061878475,5209.31069262295,618,P1,creel_pe,design-based PE (pe_period=month); trip_length_source=month; estimated,1.9760318916005069
ColumbiaTrib,Drano Lake,2024,unknown,unknown,331.95158667552386,0,618,P1,creel_pe,design-based PE (pe_period=month); trip_length_source=fishery_season; estimated_donor; design-based PE (pe_period=month); trip_length_source=fishery_season; zero_effort,NA
ColumbiaTrib,Drano Lake,2025,unguided,bank,3684.9186605922378,613.14965,618,P1,creel_pe,design-based PE (pe_period=month); trip_length_source=month; estimated,6.009819398237018
ColumbiaTrib,Drano Lake,2025,guided,boat,2816.331590878735,1908.8042073786278,618,P1,creel_pe,design-based PE (pe_period=month); trip_length_source=month; estimated,1.4754428872233156
ColumbiaTrib,Drano Lake,2025,unguided,boat,13735.387676826618,9309.331995002325,618,P1,creel_pe,design-based PE (pe_period=month); trip_length_source=month; estimated,1.4754428872233154
ColumbiaTrib,Drano Lake,2025,unknown,unknown,79.40973749210038,27,618,P2,p2_block_ratio,"P2 block ratio 2.941 creel-trips per CRC-salmon (block_pooled, 3 donor area(s) [533|618|690]) x CRC harvest 27. CRC-denominated: the CRC reporting bias is inside the ratio, not applied on top of it.",2.9411013885963104
ColumbiaTrib,Elochoman River,2022,unknown,unknown,49.991429160446984,12,584,P2,p2_block_ratio,"P2 block ratio 4.166 creel-trips per CRC-salmon (block_year, 2 donor area(s) [618|690]) x CRC harvest 12. CRC-denominated: the CRC reporting bias is inside the ratio, not applied on top of it.",4.165952430037248
ColumbiaTrib,Elochoman River,2023,unknown,unknown,152.64774221141417,68,584,P2,p2_block_ratio,"P2 block ratio 2.245 creel-trips per CRC-salmon (block_year, 2 donor area(s) [533|618]) x CRC harvest 68. CRC-denominated: the CRC reporting bias is inside the ratio, not applied on top of it.",2.2448197384031494
ColumbiaTrib,Elochoman River,2024,unknown,unknown,184.22954473712994,66,584,P2,p2_block_ratio,"P2 block ratio 2.791 creel-trips per CRC-salmon (block_year, 2 donor area(s) [533|618]) x CRC harvest 66. CRC-denominated: the CRC reporting bias is inside the ratio, not applied on top of it.",2.7913567384413627
ColumbiaTrib,Elochoman River,2025,unknown,unknown,140.68437961744468,50.4,584,P3,crc_harvest_projection,"P3 projected: 6-yr mean CRC harvest 50 (5 of 6 years: 2019|2021|2022|2023|2024) x block_year ratio 2.791 (2 donor area(s) [533|618]) from 2024. Excludes PugetSound, which use a separate NEPA-derived 2014+ even/odd-year projection.",2.7913567384413627
ColumbiaTrib,Entiat River,2022,unknown,unknown,4703.360293512053,1129,586,P2,p2_block_ratio,"P2 block ratio 4.166 creel-trips per CRC-salmon (block_year, 2 donor area(s) [618|690]) x CRC harvest 1129. CRC-denominated: the CRC reporting bias is inside the ratio, not applied on top of it.",4.165952430037248
ColumbiaTrib,Entiat River,2023,unknown,unknown,179.58557907225196,80,586,P2,p2_block_ratio,"P2 block ratio 2.245 creel-trips per CRC-salmon (block_year, 2 donor area(s) [533|618]) x CRC harvest 80. CRC-denominated: the CRC reporting bias is inside the ratio, not applied on top of it.",2.2448197384031494
ColumbiaTrib,Entiat River,2024,unknown,unknown,175.85547452180586,63,586,P2,p2_block_ratio,"P2 block ratio 2.791 creel-trips per CRC-salmon (block_year, 2 donor area(s) [533|618]) x CRC harvest 63. CRC-denominated: the CRC reporting bias is inside the ratio, not applied on top of it.",2.7913567384413627
ColumbiaTrib,Entiat River,2025,unknown,unknown,778.3233039020665,278.8333333333333,586,P3,crc_harvest_projection,"P3 projected: 6-yr mean CRC harvest 279 (6 of 6 years: 2019|2020|2021|2022|2023|2024) x block_year ratio 2.791 (2 donor area(s) [533|618]) from 2024. Excludes PugetSound, which use a separate NEPA-derived 2014+ even/odd-year projection.",2.7913567384413627
ColumbiaTrib,Germany Creek,2024,unknown,unknown,36.287637599737714,13,589,P2,p2_block_ratio,"P2 block ratio 2.791 creel-trips per CRC-salmon (block_year, 2 donor area(s) [533|618]) x CRC harvest 13. CRC-denominated: the CRC reporting bias is inside the ratio, not applied on top of it.",2.7913567384413627
ColumbiaTrib,Germany Creek,2025,unknown,unknown,86.53205889168224,31,589,P3,crc_harvest_projection,"P3 projected: 6-yr mean CRC harvest 31 (3 of 6 years: 2021|2022|2024) x block_year ratio 2.791 (2 donor area(s) [533|618]) from 2024. Excludes PugetSound, which use a separate NEPA-derived 2014+ even/odd-year projection.",2.7913567384413627
ColumbiaTrib,Grays River,2023,unknown,unknown,267.1335488699748,119,594|595,P2,p2_block_ratio,"P2 block ratio 2.245 creel-trips per CRC-salmon (block_year, 2 donor area(s) [533|618]) x CRC harvest 102. CRC-denominated: the CRC reporting bias is inside the ratio, not applied on top of it.; P2 block ratio 2.245 creel-trips per CRC-salmon (block_year, 2 donor area(s) [533|618]) x CRC harvest 17. CRC-denominated: the CRC reporting bias is inside the ratio, not applied on top of it.",2.2448197384031494
ColumbiaTrib,Grays River,2024,unknown,unknown,1108.168625161221,397,595,P2,p2_block_ratio,"P2 block ratio 2.791 creel-trips per CRC-salmon (block_year, 2 donor area(s) [533|618]) x CRC harvest 397. CRC-denominated: the CRC reporting bias is inside the ratio, not applied on top of it.",2.7913567384413627
ColumbiaTrib,Grays River,2025,unknown,unknown,434.8933798491643,155.8,594|595,P3,crc_harvest_projection,"P3 projected: 6-yr mean CRC harvest 122 (5 of 6 years: 2020|2021|2022|2023|2024) x block_year ratio 2.791 (2 donor area(s) [533|618]) from 2024. Excludes PugetSound, which use a separate NEPA-derived 2014+ even/odd-year projection.; P3 projected: 6-yr mean CRC harvest 34 (3 of 6 years: 2019|2023|2024) x block_year ratio 2.791 (2 donor area(s) [533|618]) from 2024. Excludes PugetSound, which use a separate NEPA-derived 2014+ even/odd-year projection.",2.7913567384413627
ColumbiaTrib,Green River (Cowlitz Co),2022,unknown,unknown,2645.3797930736528,635,565|566,P2,p2_block_ratio,"P2 block ratio 4.166 creel-trips per CRC-salmon (block_year, 2 donor area(s) [618|690]) x CRC harvest 574. CRC-denominated: the CRC reporting bias is inside the ratio, not applied on top of it.; P2 block ratio 4.166 creel-trips per CRC-salmon (block_year, 2 donor area(s) [618|690]) x CRC harvest 61. CRC-denominated: the CRC reporting bias is inside the ratio, not applied on top of it.",4.165952430037248
ColumbiaTrib,Green River (Cowlitz Co),2023,unknown,unknown,478.1466042798708,213,565|566,P2,p2_block_ratio,"P2 block ratio 2.245 creel-trips per CRC-salmon (block_year, 2 donor area(s) [533|618]) x CRC harvest 180. CRC-denominated: the CRC reporting bias is inside the ratio, not applied on top of it.; P2 block ratio 2.245 creel-trips per CRC-salmon (block_year, 2 donor area(s) [533|618]) x CRC harvest 33. CRC-denominated: the CRC reporting bias is inside the ratio, not applied on top of it.",2.2448197384031494
ColumbiaTrib,Green River (Cowlitz Co),2024,unknown,unknown,1677.605399803259,601,565|566,P2,p2_block_ratio,"P2 block ratio 2.791 creel-trips per CRC-salmon (block_year, 2 donor area(s) [533|618]) x CRC harvest 536. CRC-denominated: the CRC reporting bias is inside the ratio, not applied on top of it.; P2 block ratio 2.791 creel-trips per CRC-salmon (block_year, 2 donor area(s) [533|618]) x CRC harvest 65. CRC-denominated: the CRC reporting bias is inside the ratio, not applied on top of it.",2.7913567384413627
ColumbiaTrib,Green River (Cowlitz Co),2025,unknown,unknown,1118.4035998688394,400.6666666666667,565|566,P3,crc_harvest_projection,"P3 projected: 6-yr mean CRC harvest 189 (6 of 6 years: 2019|2020|2021|2022|2023|2024) x block_year ratio 2.791 (2 donor area(s) [533|618]) from 2024. Excludes PugetSound, which use a separate NEPA-derived 2014+ even/odd-year projection.; P3 projected: 6-yr mean CRC harvest 211 (6 of 6 years: 2019|2020|2021|2022|2023|2024) x block_year ratio 2.791 (2 donor area(s) [533|618]) from 2024. Excludes PugetSound, which use a separate NEPA-derived 2014+ even/odd-year projection.",2.7913567384413627
ColumbiaTrib,Hanford Reach,2022,unknown,boat,28268.918845931716,11462.474383419303,,P1,R3_external,"external district-supplied calculation, not independently vetted by WDFW HQ (Todd Miller / R-district weekly summary)",2.46621435305655
ColumbiaTrib,Hanford Reach,2023,unknown,boat,27650.140219436187,11105.097007998453,,P1,R3_external,"external district-supplied calculation, not independently vetted by WDFW HQ (Todd Miller / R-district weekly summary)",2.4898603046439987
ColumbiaTrib,Hanford Reach,2024,unknown,boat,23070.355439536208,11266.035013728306,,P1,R3_external,"external district-supplied calculation, not independently vetted by WDFW HQ (Todd Miller / R-district weekly summary)",2.0477794904261937
ColumbiaTrib,Hanford Reach,2025,unknown,boat,18502.854001943706,7935.650270241007,,P1,R3_external,"external district-supplied calculation, not independently vetted by WDFW HQ (Todd Miller / R-district weekly summary)",2.3316115720636175
ColumbiaTrib,Icicle Creek,2022,unknown,unknown,9577.524636655635,2299,672,P2,p2_block_ratio,"P2 block ratio 4.166 creel-trips per CRC-salmon (block_year, 2 donor area(s) [618|690]) x CRC harvest 2299. CRC-denominated: the CRC reporting bias is inside the ratio, not applied on top of it.",4.165952430037248
ColumbiaTrib,Icicle Creek,2023,unknown,unknown,1382.80895885634,616,672,P2,p2_block_ratio,"P2 block ratio 2.245 creel-trips per CRC-salmon (block_year, 2 donor area(s) [533|618]) x CRC harvest 616. CRC-denominated: the CRC reporting bias is inside the ratio, not applied on top of it.",2.2448197384031494
ColumbiaTrib,Icicle Creek,2024,unknown,unknown,2562.465485889171,918,672,P2,p2_block_ratio,"P2 block ratio 2.791 creel-trips per CRC-salmon (block_year, 2 donor area(s) [533|618]) x CRC harvest 918. CRC-denominated: the CRC reporting bias is inside the ratio, not applied on top of it.",2.7913567384413627
ColumbiaTrib,Icicle Creek,2025,unknown,unknown,3198.8948222538015,1146,672,P3,crc_harvest_projection,"P3 projected: 6-yr mean CRC harvest 1146 (6 of 6 years: 2019|2020|2021|2022|2023|2024) x block_year ratio 2.791 (2 donor area(s) [533|618]) from 2024. Excludes PugetSound, which use a separate NEPA-derived 2014+ even/odd-year projection.",2.7913567384413627
ColumbiaTrib,Kalama River,2022,unknown,unknown,6303.086026646357,1513,602|603|604,P2,p2_block_ratio,"P2 block ratio 4.166 creel-trips per CRC-salmon (block_year, 2 donor area(s) [618|690]) x CRC harvest 121. CRC-denominated: the CRC reporting bias is inside the ratio, not applied on top of it.; P2 block ratio 4.166 creel-trips per CRC-salmon (block_year, 2 donor area(s) [618|690]) x CRC harvest 543. CRC-denominated: the CRC reporting bias is inside the ratio, not applied on top of it.; P2 block ratio 4.166 creel-trips per CRC-salmon (block_year, 2 donor area(s) [618|690]) x CRC harvest 849. CRC-denominated: the CRC reporting bias is inside the ratio, not applied on top of it.",4.165952430037248
ColumbiaTrib,Kalama River,2023,unknown,unknown,7210.360999750916,3212,602|603|604,P2,p2_block_ratio,"P2 block ratio 2.245 creel-trips per CRC-salmon (block_year, 2 donor area(s) [533|618]) x CRC harvest 2518. CRC-denominated: the CRC reporting bias is inside the ratio, not applied on top of it.; P2 block ratio 2.245 creel-trips per CRC-salmon (block_year, 2 donor area(s) [533|618]) x CRC harvest 51. CRC-denominated: the CRC reporting bias is inside the ratio, not applied on top of it.; P2 block ratio 2.245 creel-trips per CRC-salmon (block_year, 2 donor area(s) [533|618]) x CRC harvest 643. CRC-denominated: the CRC reporting bias is inside the ratio, not applied on top of it.",2.2448197384031494
ColumbiaTrib,Kalama River,2024,unknown,unknown,9448.742559624014,3385,600|602|603|604,P2,p2_block_ratio,"P2 block ratio 2.791 creel-trips per CRC-salmon (block_year, 2 donor area(s) [533|618]) x CRC harvest 13. CRC-denominated: the CRC reporting bias is inside the ratio, not applied on top of it.; P2 block ratio 2.791 creel-trips per CRC-salmon (block_year, 2 donor area(s) [533|618]) x CRC harvest 1561. CRC-denominated: the CRC reporting bias is inside the ratio, not applied on top of it.; P2 block ratio 2.791 creel-trips per CRC-salmon (block_year, 2 donor area(s) [533|618]) x CRC harvest 1758. CRC-denominated: the CRC reporting bias is inside the ratio, not applied on top of it.; P2 block ratio 2.791 creel-trips per CRC-salmon (block_year, 2 donor area(s) [533|618]) x CRC harvest 53. CRC-denominated: the CRC reporting bias is inside the ratio, not applied on top of it.",2.791356738441363
ColumbiaTrib,Kalama River,2025,unknown,unknown,2425.49564599142,868.2333333333333,602|603|604,P2|P3,crc_harvest_projection|p2_block_ratio,"P2 block ratio 2.941 creel-trips per CRC-salmon (block_pooled, 3 donor area(s) [533|618|690]) x CRC harvest 13. CRC-denominated: the CRC reporting bias is inside the ratio, not applied on top of it.; P3 projected: 6-yr mean CRC harvest 71 (5 of 6 years: 2020|2021|2022|2023|2024) x block_year ratio 2.791 (2 donor area(s) [533|618]) from 2024. Excludes PugetSound, which use a separate NEPA-derived 2014+ even/odd-year projection.; P3 projected: 6-yr mean CRC harvest 784 (6 of 6 years: 2019|2020|2021|2022|2023|2024) x block_year ratio 2.791 (2 donor area(s) [533|618]) from 2024. Excludes PugetSound, which use a separate NEPA-derived 2014+ even/odd-year projection.",2.793598855136584
ColumbiaTrib,Klickitat River,2022,unknown,unknown,23566.79289672071,5657,607|608,P2,p2_block_ratio,"P2 block ratio 4.166 creel-trips per CRC-salmon (block_year, 2 donor area(s) [618|690]) x CRC harvest 471. CRC-denominated: the CRC reporting bias is inside the ratio, not applied on top of it.; P2 block ratio 4.166 creel-trips per CRC-salmon (block_year, 2 donor area(s) [618|690]) x CRC harvest 5186. CRC-denominated: the CRC reporting bias is inside the ratio, not applied on top of it.",4.165952430037248
ColumbiaTrib,Klickitat River,2023,unknown,unknown,16620.64534313692,7404,607|608,P2,p2_block_ratio,"P2 block ratio 2.245 creel-trips per CRC-salmon (block_year, 2 donor area(s) [533|618]) x CRC harvest 1586. CRC-denominated: the CRC reporting bias is inside the ratio, not applied on top of it.; P2 block ratio 2.245 creel-trips per CRC-salmon (block_year, 2 donor area(s) [533|618]) x CRC harvest 5818. CRC-denominated: the CRC reporting bias is inside the ratio, not applied on top of it.",2.2448197384031494
ColumbiaTrib,Klickitat River,2024,unknown,unknown,21331.548195168893,7642,607|608,P2,p2_block_ratio,"P2 block ratio 2.791 creel-trips per CRC-salmon (block_year, 2 donor area(s) [533|618]) x CRC harvest 1223. CRC-denominated: the CRC reporting bias is inside the ratio, not applied on top of it.; P2 block ratio 2.791 creel-trips per CRC-salmon (block_year, 2 donor area(s) [533|618]) x CRC harvest 6419. CRC-denominated: the CRC reporting bias is inside the ratio, not applied on top of it.",2.7913567384413627
ColumbiaTrib,Klickitat River,2025,unknown,unknown,3290.8714801655647,1176,607|608,P2|P3,crc_harvest_projection|p2_block_ratio,"P2 block ratio 2.941 creel-trips per CRC-salmon (block_pooled, 3 donor area(s) [533|618|690]) x CRC harvest 55. CRC-denominated: the CRC reporting bias is inside the ratio, not applied on top of it.; P3 projected: 6-yr mean CRC harvest 1121 (6 of 6 years: 2019|2020|2021|2022|2023|2024) x block_year ratio 2.791 (2 donor area(s) [533|618]) from 2024. Excludes PugetSound, which use a separate NEPA-derived 2014+ even/odd-year projection.",2.7983601021816025
ColumbiaTrib,Lake Wenatchee,2022,unknown,unknown,98803.89378319342,23717,670,P2,p2_block_ratio,"P2 block ratio 4.166 creel-trips per CRC-salmon (block_year, 2 donor area(s) [618|690]) x CRC harvest 23717. CRC-denominated: the CRC reporting bias is inside the ratio, not applied on top of it.",4.165952430037248
ColumbiaTrib,Lake Wenatchee,2023,unknown,unknown,52095.53166912189,23207,670,P2,p2_block_ratio,"P2 block ratio 2.245 creel-trips per CRC-salmon (block_year, 2 donor area(s) [533|618]) x CRC harvest 23207. CRC-denominated: the CRC reporting bias is inside the ratio, not applied on top of it.",2.2448197384031494
ColumbiaTrib,Lake Wenatchee,2024,unknown,unknown,87779.79535376553,31447,670,P2,p2_block_ratio,"P2 block ratio 2.791 creel-trips per CRC-salmon (block_year, 2 donor area(s) [533|618]) x CRC harvest 31447. CRC-denominated: the CRC reporting bias is inside the ratio, not applied on top of it.",2.7913567384413627
ColumbiaTrib,Lake Wenatchee,2025,unknown,unknown,55996.2909871768,20060.6,670,P3,crc_harvest_projection,"P3 projected: 6-yr mean CRC harvest 20061 (5 of 6 years: 2020|2021|2022|2023|2024) x block_year ratio 2.791 (2 donor area(s) [533|618]) from 2024. Excludes PugetSound, which use a separate NEPA-derived 2014+ even/odd-year projection.",2.7913567384413627
ColumbiaTrib,Lewis River,2022,unknown,unknown,34419.09897696775,8262,611|615,P2,p2_block_ratio,"P2 block ratio 4.166 creel-trips per CRC-salmon (block_year, 2 donor area(s) [618|690]) x CRC harvest 1310. CRC-denominated: the CRC reporting bias is inside the ratio, not applied on top of it.; P2 block ratio 4.166 creel-trips per CRC-salmon (block_year, 2 donor area(s) [618|690]) x CRC harvest 6952. CRC-denominated: the CRC reporting bias is inside the ratio, not applied on top of it.",4.165952430037248
ColumbiaTrib,Lewis River,2023,unknown,unknown,23370.81829651519,10411,611|615,P2,p2_block_ratio,"P2 block ratio 2.245 creel-trips per CRC-salmon (block_year, 2 donor area(s) [533|618]) x CRC harvest 1204. CRC-denominated: the CRC reporting bias is inside the ratio, not applied on top of it.; P2 block ratio 2.245 creel-trips per CRC-salmon (block_year, 2 donor area(s) [533|618]) x CRC harvest 9207. CRC-denominated: the CRC reporting bias is inside the ratio, not applied on top of it.",2.2448197384031494
ColumbiaTrib,Lewis River,2024,unknown,unknown,22738.39199134334,8146,611|615,P2,p2_block_ratio,"P2 block ratio 2.791 creel-trips per CRC-salmon (block_year, 2 donor area(s) [533|618]) x CRC harvest 7262. CRC-denominated: the CRC reporting bias is inside the ratio, not applied on top of it.; P2 block ratio 2.791 creel-trips per CRC-salmon (block_year, 2 donor area(s) [533|618]) x CRC harvest 884. CRC-denominated: the CRC reporting bias is inside the ratio, not applied on top of it.",2.7913567384413622
ColumbiaTrib,Lewis River,2025,unknown,unknown,2667.105017256249,952,611|615,P2|P3,crc_harvest_projection|p2_block_ratio,"P2 block ratio 2.941 creel-trips per CRC-salmon (block_pooled, 3 donor area(s) [533|618|690]) x CRC harvest 65. CRC-denominated: the CRC reporting bias is inside the ratio, not applied on top of it.; P3 projected: 6-yr mean CRC harvest 887 (6 of 6 years: 2019|2020|2021|2022|2023|2024) x block_year ratio 2.791 (2 donor area(s) [533|618]) from 2024. Excludes PugetSound, which use a separate NEPA-derived 2014+ even/odd-year projection.",2.8015809004792533
ColumbiaTrib,Little Washougal River,2024,unknown,unknown,111.6542695376545,40,661,P2,p2_block_ratio,"P2 block ratio 2.791 creel-trips per CRC-salmon (block_year, 2 donor area(s) [533|618]) x CRC harvest 40. CRC-denominated: the CRC reporting bias is inside the ratio, not applied on top of it.",2.7913567384413627
ColumbiaTrib,Lower Cowlitz,2022,unknown,unknown,28615.92724192586,6869,561,P2,p2_block_ratio,"P2 block ratio 4.166 creel-trips per CRC-salmon (block_year, 2 donor area(s) [618|690]) x CRC harvest 6869. CRC-denominated: the CRC reporting bias is inside the ratio, not applied on top of it.",4.165952430037248
ColumbiaTrib,Lower Cowlitz,2023,unknown,unknown,14849.482569536833,6615,561,P2,p2_block_ratio,"P2 block ratio 2.245 creel-trips per CRC-salmon (block_year, 2 donor area(s) [533|618]) x CRC harvest 6615. CRC-denominated: the CRC reporting bias is inside the ratio, not applied on top of it.",2.2448197384031494
ColumbiaTrib,Lower Cowlitz,2024,unknown,unknown,10685.313594753537,3828,507|561,P2,p2_block_ratio,"P2 block ratio 2.791 creel-trips per CRC-salmon (block_year, 2 donor area(s) [533|618]) x CRC harvest 13. CRC-denominated: the CRC reporting bias is inside the ratio, not applied on top of it.; P2 block ratio 2.791 creel-trips per CRC-salmon (block_year, 2 donor area(s) [533|618]) x CRC harvest 3815. CRC-denominated: the CRC reporting bias is inside the ratio, not applied on top of it.",2.791356738441363
ColumbiaTrib,Lower Cowlitz,2025,unknown,unknown,191.25445893284132,66.8,507|561,P2|P3,crc_harvest_projection|p2_block_ratio,"P2 block ratio 2.941 creel-trips per CRC-salmon (block_pooled, 3 donor area(s) [533|618|690]) x CRC harvest 32. CRC-denominated: the CRC reporting bias is inside the ratio, not applied on top of it.; P3 projected: 6-yr mean CRC harvest 35 (5 of 6 years: 2019|2020|2021|2022|2024) x block_year ratio 2.791 (2 donor area(s) [533|618]) from 2024. Excludes PugetSound, which use a separate NEPA-derived 2014+ even/odd-year projection.",2.863090702587445
ColumbiaTrib,McNary Reservoir,2022,unknown,unknown,1603.8916855643406,385,533,P2,p2_block_ratio,"P2 block ratio 4.166 creel-trips per CRC-salmon (block_year, 2 donor area(s) [618|690]) x CRC harvest 385. CRC-denominated: the CRC reporting bias is inside the ratio, not applied on top of it.",4.165952430037248
ColumbiaTrib,McNary Reservoir,2023,unknown,combined,1562.26385472027,62.6927679409378,533,P1,R3_external,"external district-supplied calculation, not independently vetted by WDFW HQ (Todd Miller / R-district weekly summary)",24.919363206168573
ColumbiaTrib,McNary Reservoir,2024,unknown,combined,2767.180410962862,135.85087958914121,533,P1,R3_external,"external district-supplied calculation, not independently vetted by WDFW HQ (Todd Miller / R-district weekly summary)",20.369249130603695
ColumbiaTrib,McNary Reservoir,2025,unknown,combined,1975.7572160449931,42.61647282963507,533,P1,R3_external,"external district-supplied calculation, not independently vetted by WDFW HQ (Todd Miller / R-district weekly summary)",46.36135008036308
ColumbiaTrib,Methow River,2022,unknown,unknown,58.32333402052148,14,621,P2,p2_block_ratio,"P2 block ratio 4.166 creel-trips per CRC-salmon (block_year, 2 donor area(s) [618|690]) x CRC harvest 14. CRC-denominated: the CRC reporting bias is inside the ratio, not applied on top of it.",4.165952430037248
ColumbiaTrib,Methow River,2024,unknown,unknown,175.85547452180586,63,621,P2,p2_block_ratio,"P2 block ratio 2.791 creel-trips per CRC-salmon (block_year, 2 donor area(s) [533|618]) x CRC harvest 63. CRC-denominated: the CRC reporting bias is inside the ratio, not applied on top of it.",2.7913567384413627
ColumbiaTrib,Methow River,2025,unknown,unknown,53.73361721499623,19.25,621,P3,crc_harvest_projection,"P3 projected: 6-yr mean CRC harvest 19 (4 of 6 years: 2019|2022|2023|2024) x block_year ratio 2.791 (2 donor area(s) [533|618]) from 2024. Excludes PugetSound, which use a separate NEPA-derived 2014+ even/odd-year projection.",2.7913567384413627
ColumbiaTrib,Mill Creek (Lewis Co),2022,unknown,unknown,99.98285832089397,24,625,P2,p2_block_ratio,"P2 block ratio 4.166 creel-trips per CRC-salmon (block_year, 2 donor area(s) [618|690]) x CRC harvest 24. CRC-denominated: the CRC reporting bias is inside the ratio, not applied on top of it.",4.165952430037248
ColumbiaTrib,Mill Creek (Lewis Co),2025,unknown,unknown,22.3308539075309,8,625,P3,crc_harvest_projection,"P3 projected: 6-yr mean CRC harvest 8 (3 of 6 years: 2019|2022|2023) x block_year ratio 2.791 (2 donor area(s) [533|618]) from 2024. Excludes PugetSound, which use a separate NEPA-derived 2014+ even/odd-year projection.",2.7913567384413627
ColumbiaTrib,Okanogan River,2022,unknown,unknown,599.8971499253638,144,627,P2,p2_block_ratio,"P2 block ratio 4.166 creel-trips per CRC-salmon (block_year, 2 donor area(s) [618|690]) x CRC harvest 144. CRC-denominated: the CRC reporting bias is inside the ratio, not applied on top of it.",4.165952430037248
ColumbiaTrib,Okanogan River,2024,unknown,unknown,1007.6797825773319,361,627,P2,p2_block_ratio,"P2 block ratio 2.791 creel-trips per CRC-salmon (block_year, 2 donor area(s) [533|618]) x CRC harvest 361. CRC-denominated: the CRC reporting bias is inside the ratio, not applied on top of it.",2.7913567384413627
ColumbiaTrib,Okanogan River,2025,unknown,unknown,436.84732956607326,156.5,627,P3,crc_harvest_projection,"P3 projected: 6-yr mean CRC harvest 156 (6 of 6 years: 2019|2020|2021|2022|2023|2024) x block_year ratio 2.791 (2 donor area(s) [533|618]) from 2024. Excludes PugetSound, which use a separate NEPA-derived 2014+ even/odd-year projection.",2.7913567384413627
ColumbiaTrib,Olequa Creek,2024,unknown,unknown,36.287637599737714,13,569,P2,p2_block_ratio,"P2 block ratio 2.791 creel-trips per CRC-salmon (block_year, 2 donor area(s) [533|618]) x CRC harvest 13. CRC-denominated: the CRC reporting bias is inside the ratio, not applied on top of it.",2.7913567384413627
ColumbiaTrib,Olequa Creek,2025,unknown,unknown,28.471838732101897,10.2,569,P3,crc_harvest_projection,"P3 projected: 6-yr mean CRC harvest 10 (5 of 6 years: 2019|2020|2021|2022|2024) x block_year ratio 2.791 (2 donor area(s) [533|618]) from 2024. Excludes PugetSound, which use a separate NEPA-derived 2014+ even/odd-year projection.",2.7913567384413627
ColumbiaTrib,Salmon Creek (Clark Co),2024,unknown,unknown,332.1714518745222,119,635,P2,p2_block_ratio,"P2 block ratio 2.791 creel-trips per CRC-salmon (block_year, 2 donor area(s) [533|618]) x CRC harvest 119. CRC-denominated: the CRC reporting bias is inside the ratio, not applied on top of it.",2.7913567384413627
ColumbiaTrib,Similkameen River,2022,unknown,unknown,179.13595449160167,43,629,P2,p2_block_ratio,"P2 block ratio 4.166 creel-trips per CRC-salmon (block_year, 2 donor area(s) [618|690]) x CRC harvest 43. CRC-denominated: the CRC reporting bias is inside the ratio, not applied on top of it.",4.165952430037248
ColumbiaTrib,Similkameen River,2025,unknown,unknown,37.6833159689584,13.5,629,P3,crc_harvest_projection,"P3 projected: 6-yr mean CRC harvest 14 (4 of 6 years: 2019|2021|2022|2023) x block_year ratio 2.791 (2 donor area(s) [533|618]) from 2024. Excludes PugetSound, which use a separate NEPA-derived 2014+ even/odd-year projection.",2.7913567384413627
ColumbiaTrib,Skamokawa Creek,2024,unknown,unknown,44.6617078150618,16,638,P2,p2_block_ratio,"P2 block ratio 2.791 creel-trips per CRC-salmon (block_year, 2 donor area(s) [533|618]) x CRC harvest 16. CRC-denominated: the CRC reporting bias is inside the ratio, not applied on top of it.",2.7913567384413627
ColumbiaTrib,Snake River,2022,unknown,bank,2942,0,,P1,R1_external,"external district-supplied calculation, not independently vetted by WDFW HQ (Jeremy Trump / R1 annual angler-trip summary)",NA
ColumbiaTrib,Snake River,2022,unknown,boat,1378,0,,P1,R1_external,"external district-supplied calculation, not independently vetted by WDFW HQ (Jeremy Trump / R1 annual angler-trip summary)",NA
ColumbiaTrib,Snake River,2023,unknown,bank,1713,0,,P1,R1_external,"external district-supplied calculation, not independently vetted by WDFW HQ (Jeremy Trump / R1 annual angler-trip summary)",NA
ColumbiaTrib,Snake River,2023,unknown,boat,5536,0,,P1,R1_external,"external district-supplied calculation, not independently vetted by WDFW HQ (Jeremy Trump / R1 annual angler-trip summary)",NA
ColumbiaTrib,Snake River,2024,unknown,bank,1335,0,,P1,R1_external,"external district-supplied calculation, not independently vetted by WDFW HQ (Jeremy Trump / R1 annual angler-trip summary)",NA
ColumbiaTrib,Snake River,2024,unknown,boat,6919,0,,P1,R1_external,"external district-supplied calculation, not independently vetted by WDFW HQ (Jeremy Trump / R1 annual angler-trip summary)",NA
ColumbiaTrib,Snake River,2025,unknown,bank,2172,0,,P1,R1_external,"external district-supplied calculation, not independently vetted by WDFW HQ (Jeremy Trump / R1 annual angler-trip summary)",NA
ColumbiaTrib,Snake River,2025,unknown,boat,949,0,,P1,R1_external,"external district-supplied calculation, not independently vetted by WDFW HQ (Jeremy Trump / R1 annual angler-trip summary)",NA
ColumbiaTrib,Tilton River,2022,unknown,unknown,13326.881823689157,3199,571,P2,p2_block_ratio,"P2 block ratio 4.166 creel-trips per CRC-salmon (block_year, 2 donor area(s) [618|690]) x CRC harvest 3199. CRC-denominated: the CRC reporting bias is inside the ratio, not applied on top of it.",4.165952430037248
ColumbiaTrib,Tilton River,2023,unknown,unknown,6384.267336018557,2844,571,P2,p2_block_ratio,"P2 block ratio 2.245 creel-trips per CRC-salmon (block_year, 2 donor area(s) [533|618]) x CRC harvest 2844. CRC-denominated: the CRC reporting bias is inside the ratio, not applied on top of it.",2.2448197384031494
ColumbiaTrib,Tilton River,2024,unknown,unknown,6020.956484818019,2157,571,P2,p2_block_ratio,"P2 block ratio 2.791 creel-trips per CRC-salmon (block_year, 2 donor area(s) [533|618]) x CRC harvest 2157. CRC-denominated: the CRC reporting bias is inside the ratio, not applied on top of it.",2.7913567384413627
ColumbiaTrib,Tilton River,2025,unknown,unknown,7206.352646409451,2581.6666666666665,571,P3,crc_harvest_projection,"P3 projected: 6-yr mean CRC harvest 2582 (6 of 6 years: 2019|2020|2021|2022|2023|2024) x block_year ratio 2.791 (2 donor area(s) [533|618]) from 2024. Excludes PugetSound, which use a separate NEPA-derived 2014+ even/odd-year projection.",2.7913567384413627
ColumbiaTrib,Toutle River,2022,unknown,unknown,4628.3731497713825,1111,573|575,P2,p2_block_ratio,"P2 block ratio 4.166 creel-trips per CRC-salmon (block_year, 2 donor area(s) [618|690]) x CRC harvest 1087. CRC-denominated: the CRC reporting bias is inside the ratio, not applied on top of it.; P2 block ratio 4.166 creel-trips per CRC-salmon (block_year, 2 donor area(s) [618|690]) x CRC harvest 24. CRC-denominated: the CRC reporting bias is inside the ratio, not applied on top of it.",4.165952430037248
ColumbiaTrib,Toutle River,2023,unknown,unknown,2936.2242178313195,1308,573|575,P2,p2_block_ratio,"P2 block ratio 2.245 creel-trips per CRC-salmon (block_year, 2 donor area(s) [533|618]) x CRC harvest 1276. CRC-denominated: the CRC reporting bias is inside the ratio, not applied on top of it.; P2 block ratio 2.245 creel-trips per CRC-salmon (block_year, 2 donor area(s) [533|618]) x CRC harvest 32. CRC-denominated: the CRC reporting bias is inside the ratio, not applied on top of it.",2.2448197384031494
ColumbiaTrib,Toutle River,2024,unknown,unknown,1203.0747542682275,431,573|575,P2,p2_block_ratio,"P2 block ratio 2.791 creel-trips per CRC-salmon (block_year, 2 donor area(s) [533|618]) x CRC harvest 26. CRC-denominated: the CRC reporting bias is inside the ratio, not applied on top of it.; P2 block ratio 2.791 creel-trips per CRC-salmon (block_year, 2 donor area(s) [533|618]) x CRC harvest 405. CRC-denominated: the CRC reporting bias is inside the ratio, not applied on top of it.",2.791356738441363
ColumbiaTrib,Toutle River,2025,unknown,unknown,1892.0746425401703,677.8333333333334,573|575,P3,crc_harvest_projection,"P3 projected: 6-yr mean CRC harvest 42 (6 of 6 years: 2019|2020|2021|2022|2023|2024) x block_year ratio 2.791 (2 donor area(s) [533|618]) from 2024. Excludes PugetSound, which use a separate NEPA-derived 2014+ even/odd-year projection.; P3 projected: 6-yr mean CRC harvest 636 (6 of 6 years: 2019|2020|2021|2022|2023|2024) x block_year ratio 2.791 (2 donor area(s) [533|618]) from 2024. Excludes PugetSound, which use a separate NEPA-derived 2014+ even/odd-year projection.",2.7913567384413627
ColumbiaTrib,Upper Cowlitz River,2022,unknown,unknown,7577.867470237755,1819,559|563,P2,p2_block_ratio,"P2 block ratio 4.166 creel-trips per CRC-salmon (block_year, 2 donor area(s) [618|690]) x CRC harvest 1747. CRC-denominated: the CRC reporting bias is inside the ratio, not applied on top of it.; P2 block ratio 4.166 creel-trips per CRC-salmon (block_year, 2 donor area(s) [618|690]) x CRC harvest 72. CRC-denominated: the CRC reporting bias is inside the ratio, not applied on top of it.",4.165952430037248
ColumbiaTrib,Upper Cowlitz River,2023,unknown,unknown,5356.139895829914,2386,559|563,P2,p2_block_ratio,"P2 block ratio 2.245 creel-trips per CRC-salmon (block_year, 2 donor area(s) [533|618]) x CRC harvest 16. CRC-denominated: the CRC reporting bias is inside the ratio, not applied on top of it.; P2 block ratio 2.245 creel-trips per CRC-salmon (block_year, 2 donor area(s) [533|618]) x CRC harvest 2370. CRC-denominated: the CRC reporting bias is inside the ratio, not applied on top of it.",2.2448197384031494
ColumbiaTrib,Upper Cowlitz River,2024,unknown,unknown,2771.8172412722733,993,559|563,P2,p2_block_ratio,"P2 block ratio 2.791 creel-trips per CRC-salmon (block_year, 2 donor area(s) [533|618]) x CRC harvest 65. CRC-denominated: the CRC reporting bias is inside the ratio, not applied on top of it.; P2 block ratio 2.791 creel-trips per CRC-salmon (block_year, 2 donor area(s) [533|618]) x CRC harvest 928. CRC-denominated: the CRC reporting bias is inside the ratio, not applied on top of it.",2.7913567384413627
ColumbiaTrib,Upper Cowlitz River,2025,unknown,unknown,4032.5800348016223,1444.6666666666667,559|563,P3,crc_harvest_projection,"P3 projected: 6-yr mean CRC harvest 1386 (6 of 6 years: 2019|2020|2021|2022|2023|2024) x block_year ratio 2.791 (2 donor area(s) [533|618]) from 2024. Excludes PugetSound, which use a separate NEPA-derived 2014+ even/odd-year projection.; P3 projected: 6-yr mean CRC harvest 59 (4 of 6 years: 2021|2022|2023|2024) x block_year ratio 2.791 (2 donor area(s) [533|618]) from 2024. Excludes PugetSound, which use a separate NEPA-derived 2014+ even/odd-year projection.",2.7913567384413627
ColumbiaTrib,Washougal River,2022,unknown,unknown,2216.2866927798163,532,667|668,P2,p2_block_ratio,"P2 block ratio 4.166 creel-trips per CRC-salmon (block_year, 2 donor area(s) [618|690]) x CRC harvest 435. CRC-denominated: the CRC reporting bias is inside the ratio, not applied on top of it.; P2 block ratio 4.166 creel-trips per CRC-salmon (block_year, 2 donor area(s) [618|690]) x CRC harvest 97. CRC-denominated: the CRC reporting bias is inside the ratio, not applied on top of it.",4.165952430037248
ColumbiaTrib,Washougal River,2023,unknown,unknown,879.9693374540346,392,665|667|668,P2,p2_block_ratio,"P2 block ratio 2.245 creel-trips per CRC-salmon (block_year, 2 donor area(s) [533|618]) x CRC harvest 17. CRC-denominated: the CRC reporting bias is inside the ratio, not applied on top of it.; P2 block ratio 2.245 creel-trips per CRC-salmon (block_year, 2 donor area(s) [533|618]) x CRC harvest 324. CRC-denominated: the CRC reporting bias is inside the ratio, not applied on top of it.; P2 block ratio 2.245 creel-trips per CRC-salmon (block_year, 2 donor area(s) [533|618]) x CRC harvest 51. CRC-denominated: the CRC reporting bias is inside the ratio, not applied on top of it.",2.2448197384031494
ColumbiaTrib,Washougal River,2024,unknown,unknown,1069.089630823042,383,667|668,P2,p2_block_ratio,"P2 block ratio 2.791 creel-trips per CRC-salmon (block_year, 2 donor area(s) [533|618]) x CRC harvest 26. CRC-denominated: the CRC reporting bias is inside the ratio, not applied on top of it.; P2 block ratio 2.791 creel-trips per CRC-salmon (block_year, 2 donor area(s) [533|618]) x CRC harvest 357. CRC-denominated: the CRC reporting bias is inside the ratio, not applied on top of it.",2.7913567384413627
ColumbiaTrib,Washougal River,2025,unknown,unknown,1140.7344537763702,408.66666666666663,665|667|668,P3,crc_harvest_projection,"P3 projected: 6-yr mean CRC harvest 353 (6 of 6 years: 2019|2020|2021|2022|2023|2024) x block_year ratio 2.791 (2 donor area(s) [533|618]) from 2024. Excludes PugetSound, which use a separate NEPA-derived 2014+ even/odd-year projection.; P3 projected: 6-yr mean CRC harvest 50 (6 of 6 years: 2019|2020|2021|2022|2023|2024) x block_year ratio 2.791 (2 donor area(s) [533|618]) from 2024. Excludes PugetSound, which use a separate NEPA-derived 2014+ even/odd-year projection.; P3 projected: 6-yr mean CRC harvest 6 (3 of 6 years: 2019|2023|2024) x block_year ratio 2.791 (2 donor area(s) [533|618]) from 2024. Excludes PugetSound, which use a separate NEPA-derived 2014+ even/odd-year projection.",2.7913567384413627
ColumbiaTrib,Wenatchee River,2022,unknown,unknown,2124.6357393189965,510,674,P2,p2_block_ratio,"P2 block ratio 4.166 creel-trips per CRC-salmon (block_year, 2 donor area(s) [618|690]) x CRC harvest 510. CRC-denominated: the CRC reporting bias is inside the ratio, not applied on top of it.",4.165952430037248
ColumbiaTrib,Wenatchee River,2023,unknown,unknown,150.40292247301102,67,674,P2,p2_block_ratio,"P2 block ratio 2.245 creel-trips per CRC-salmon (block_year, 2 donor area(s) [533|618]) x CRC harvest 67. CRC-denominated: the CRC reporting bias is inside the ratio, not applied on top of it.",2.2448197384031494
ColumbiaTrib,Wenatchee River,2025,unknown,unknown,412.19034504317455,147.66666666666666,674,P3,crc_harvest_projection,"P3 projected: 6-yr mean CRC harvest 148 (6 of 6 years: 2019|2020|2021|2022|2023|2024) x block_year ratio 2.791 (2 donor area(s) [533|618]) from 2024. Excludes PugetSound, which use a separate NEPA-derived 2014+ even/odd-year projection.",2.7913567384413627
ColumbiaTrib,Wind River,2022,unknown,unknown,23941.72861542407,5747,677|680,P2,p2_block_ratio,"P2 block ratio 4.166 creel-trips per CRC-salmon (block_year, 2 donor area(s) [618|690]) x CRC harvest 311. CRC-denominated: the CRC reporting bias is inside the ratio, not applied on top of it.; P2 block ratio 4.166 creel-trips per CRC-salmon (block_year, 2 donor area(s) [618|690]) x CRC harvest 5436. CRC-denominated: the CRC reporting bias is inside the ratio, not applied on top of it.",4.165952430037248
ColumbiaTrib,Wind River,2023,unknown,unknown,8907.444721983697,3968,677|680,P2,p2_block_ratio,"P2 block ratio 2.245 creel-trips per CRC-salmon (block_year, 2 donor area(s) [533|618]) x CRC harvest 133. CRC-denominated: the CRC reporting bias is inside the ratio, not applied on top of it.; P2 block ratio 2.245 creel-trips per CRC-salmon (block_year, 2 donor area(s) [533|618]) x CRC harvest 3835. CRC-denominated: the CRC reporting bias is inside the ratio, not applied on top of it.",2.2448197384031494
ColumbiaTrib,Wind River,2024,unknown,unknown,14274.99836038913,5114,677|680,P2,p2_block_ratio,"P2 block ratio 2.791 creel-trips per CRC-salmon (block_year, 2 donor area(s) [533|618]) x CRC harvest 136. CRC-denominated: the CRC reporting bias is inside the ratio, not applied on top of it.; P2 block ratio 2.791 creel-trips per CRC-salmon (block_year, 2 donor area(s) [533|618]) x CRC harvest 4978. CRC-denominated: the CRC reporting bias is inside the ratio, not applied on top of it.",2.791356738441363
ColumbiaTrib,Wind River,2025,unknown,unknown,9241.251708733205,3310.666666666667,677|680,P3,crc_harvest_projection,"P3 projected: 6-yr mean CRC harvest 156 (6 of 6 years: 2019|2020|2021|2022|2023|2024) x block_year ratio 2.791 (2 donor area(s) [533|618]) from 2024. Excludes PugetSound, which use a separate NEPA-derived 2014+ even/odd-year projection.; P3 projected: 6-yr mean CRC harvest 3154 (6 of 6 years: 2019|2020|2021|2022|2023|2024) x block_year ratio 2.791 (2 donor area(s) [533|618]) from 2024. Excludes PugetSound, which use a separate NEPA-derived 2014+ even/odd-year projection.",2.7913567384413627
ColumbiaTrib,Yakima,2022,unknown,bank,7902.836007067821,2907.310291902091,690,P1,R3_external,"external district-supplied calculation, not independently vetted by WDFW HQ (Todd Miller / R-district weekly summary)",2.718263691729112
ColumbiaTrib,Yakima,2023,unknown,unknown,924.8657322220976,412,690,P2,p2_block_ratio,"P2 block ratio 2.245 creel-trips per CRC-salmon (block_year, 2 donor area(s) [533|618]) x CRC harvest 412. CRC-denominated: the CRC reporting bias is inside the ratio, not applied on top of it.",2.2448197384031494
ColumbiaTrib,Yakima,2024,unknown,unknown,2012.5682084162224,721,690,P2,p2_block_ratio,"P2 block ratio 2.791 creel-trips per CRC-salmon (block_year, 2 donor area(s) [533|618]) x CRC harvest 721. CRC-denominated: the CRC reporting bias is inside the ratio, not applied on top of it.",2.7913567384413627
ColumbiaTrib,Yakima,2025,unknown,unknown,1287.2806825445418,461.1666666666667,690,P3,crc_harvest_projection,"P3 projected: 6-yr mean CRC harvest 461 (6 of 6 years: 2019|2020|2021|2022|2023|2024) x block_year ratio 2.791 (2 donor area(s) [533|618]) from 2024. Excludes PugetSound, which use a separate NEPA-derived 2014+ even/odd-year projection.",2.7913567384413627
PugetSound,Baker,2022,unknown,unknown,35200.91470078158,5887,824|825,P2,p2_block_ratio,"P2 block ratio 5.979 creel-trips per CRC-salmon (block_year, 9 donor area(s) [786|802|804|826|830|850|852|860|872]) x CRC harvest 164. CRC-denominated: the CRC reporting bias is inside the ratio, not applied on top of it.; P2 block ratio 5.979 creel-trips per CRC-salmon (block_year, 9 donor area(s) [786|802|804|826|830|850|852|860|872]) x CRC harvest 5723. CRC-denominated: the CRC reporting bias is inside the ratio, not applied on top of it.",5.9794317480519075
PugetSound,Baker,2023,unknown,unknown,28026.574900862994,12909,824|825,P2,p2_block_ratio,"P2 block ratio 2.171 creel-trips per CRC-salmon (block_year, 10 donor area(s) [786|794|802|804|826|830|844|850|860|872]) x CRC harvest 12729. CRC-denominated: the CRC reporting bias is inside the ratio, not applied on top of it.; P2 block ratio 2.171 creel-trips per CRC-salmon (block_year, 10 donor area(s) [786|794|802|804|826|830|844|850|860|872]) x CRC harvest 180. CRC-denominated: the CRC reporting bias is inside the ratio, not applied on top of it.",2.1710879929400413
PugetSound,California Creek,2023,unknown,unknown,175.85812742814335,81,710,P2,p2_block_ratio,"P2 block ratio 2.171 creel-trips per CRC-salmon (block_year, 10 donor area(s) [786|794|802|804|826|830|844|850|860|872]) x CRC harvest 81. CRC-denominated: the CRC reporting bias is inside the ratio, not applied on top of it.",2.1710879929400413
PugetSound,Canyon Creek (Snohomish Co),2022,unknown,unknown,71.75318097662287,12,866,P2,p2_block_ratio,"P2 block ratio 5.979 creel-trips per CRC-salmon (block_year, 9 donor area(s) [786|802|804|826|830|850|852|860|872]) x CRC harvest 12. CRC-denominated: the CRC reporting bias is inside the ratio, not applied on top of it.",5.979431748051906
PugetSound,Canyon Creek (Snohomish Co),2023,unknown,unknown,314.807758976306,145,866,P2,p2_block_ratio,"P2 block ratio 2.171 creel-trips per CRC-salmon (block_year, 10 donor area(s) [786|794|802|804|826|830|844|850|860|872]) x CRC harvest 145. CRC-denominated: the CRC reporting bias is inside the ratio, not applied on top of it.",2.1710879929400413
PugetSound,Cascade,2022,unguided,bank,1658.0873264483816,954.6986333333333,826,P1,creel_pe,design-based PE (pe_period=month); trip_length_source=month; estimated,1.7367651618596798
PugetSound,Cascade,2023,unguided,bank,2897.708266862889,2749.89550563722,826,P1,creel_pe,design-based PE (pe_period=month); trip_length_source=month; estimated,1.0537521374621894
PugetSound,Cascade,2024,unguided,bank,2619.075307144715,1357.3284345238096,826,P1,creel_pe,design-based PE (pe_period=month); trip_length_source=month; estimated,1.9295811098686393
PugetSound,Chambers Creek,2022,unknown,unknown,944.7502161922013,158,714,P2,p2_block_ratio,"P2 block ratio 5.979 creel-trips per CRC-salmon (block_year, 9 donor area(s) [786|802|804|826|830|850|852|860|872]) x CRC harvest 158. CRC-denominated: the CRC reporting bias is inside the ratio, not applied on top of it.",5.979431748051907
PugetSound,Chambers Creek,2023,unknown,unknown,86.84351971760165,40,714,P2,p2_block_ratio,"P2 block ratio 2.171 creel-trips per CRC-salmon (block_year, 10 donor area(s) [786|794|802|804|826|830|844|850|860|872]) x CRC harvest 40. CRC-denominated: the CRC reporting bias is inside the ratio, not applied on top of it.",2.1710879929400413
PugetSound,Clallam River,2022,unknown,unknown,173.4035206935053,29,718,P2,p2_block_ratio,"P2 block ratio 5.979 creel-trips per CRC-salmon (block_year, 9 donor area(s) [786|802|804|826|830|850|852|860|872]) x CRC harvest 29. CRC-denominated: the CRC reporting bias is inside the ratio, not applied on top of it.",5.979431748051907
PugetSound,Clallam River,2023,unknown,unknown,43.421759858800826,20,718,P2,p2_block_ratio,"P2 block ratio 2.171 creel-trips per CRC-salmon (block_year, 10 donor area(s) [786|794|802|804|826|830|844|850|860|872]) x CRC harvest 20. CRC-denominated: the CRC reporting bias is inside the ratio, not applied on top of it.",2.1710879929400413
PugetSound,Deep Creek (Clallam Co),2022,unknown,unknown,430.5190858597373,72,726,P2,p2_block_ratio,"P2 block ratio 5.979 creel-trips per CRC-salmon (block_year, 9 donor area(s) [786|802|804|826|830|850|852|860|872]) x CRC harvest 72. CRC-denominated: the CRC reporting bias is inside the ratio, not applied on top of it.",5.979431748051907
PugetSound,Deschutes River,2023,unknown,unknown,175.85812742814335,81,728,P2,p2_block_ratio,"P2 block ratio 2.171 creel-trips per CRC-salmon (block_year, 10 donor area(s) [786|794|802|804|826|830|844|850|860|872]) x CRC harvest 81. CRC-denominated: the CRC reporting bias is inside the ratio, not applied on top of it.",2.1710879929400413
PugetSound,Dewatto River,2023,unknown,unknown,43.421759858800826,20,732,P2,p2_block_ratio,"P2 block ratio 2.171 creel-trips per CRC-salmon (block_year, 10 donor area(s) [786|794|802|804|826|830|844|850|860|872]) x CRC harvest 20. CRC-denominated: the CRC reporting bias is inside the ratio, not applied on top of it.",2.1710879929400413
PugetSound,Duckabush River,2022,unknown,unknown,83.71204447272669,14,736,P2,p2_block_ratio,"P2 block ratio 5.979 creel-trips per CRC-salmon (block_year, 9 donor area(s) [786|802|804|826|830|850|852|860|872]) x CRC harvest 14. CRC-denominated: the CRC reporting bias is inside the ratio, not applied on top of it.",5.979431748051907
PugetSound,Dungeness,2022,unknown,unknown,10954.318962431093,1832,738,P2,p2_block_ratio,"P2 block ratio 5.979 creel-trips per CRC-salmon (block_year, 9 donor area(s) [786|802|804|826|830|850|852|860|872]) x CRC harvest 1832. CRC-denominated: the CRC reporting bias is inside the ratio, not applied on top of it.",5.979431748051907
PugetSound,Dungeness,2023,unknown,unknown,2153.719288996521,992,738,P2,p2_block_ratio,"P2 block ratio 2.171 creel-trips per CRC-salmon (block_year, 10 donor area(s) [786|794|802|804|826|830|844|850|860|872]) x CRC harvest 992. CRC-denominated: the CRC reporting bias is inside the ratio, not applied on top of it.",2.1710879929400413
PugetSound,Green-Duwamish,2022,unknown,unknown,43811.29641797632,7327,746,P2,p2_block_ratio,"P2 block ratio 5.979 creel-trips per CRC-salmon (block_year, 9 donor area(s) [786|802|804|826|830|850|852|860|872]) x CRC harvest 7327. CRC-denominated: the CRC reporting bias is inside the ratio, not applied on top of it.",5.979431748051907
PugetSound,Green-Duwamish,2023,unknown,unknown,97371.12539536791,44849,746,P2,p2_block_ratio,"P2 block ratio 2.171 creel-trips per CRC-salmon (block_year, 10 donor area(s) [786|794|802|804|826|830|844|850|860|872]) x CRC harvest 44849. CRC-denominated: the CRC reporting bias is inside the ratio, not applied on top of it.",2.1710879929400413
PugetSound,Kennedy Creek,2022,unknown,unknown,2033.0067943376482,340,754,P2,p2_block_ratio,"P2 block ratio 5.979 creel-trips per CRC-salmon (block_year, 9 donor area(s) [786|802|804|826|830|850|852|860|872]) x CRC harvest 340. CRC-denominated: the CRC reporting bias is inside the ratio, not applied on top of it.",5.979431748051907
PugetSound,Lake Sammamish,2022,unknown,unknown,502.27226683636013,84,764,P2,p2_block_ratio,"P2 block ratio 5.979 creel-trips per CRC-salmon (block_year, 9 donor area(s) [786|802|804|826|830|850|852|860|872]) x CRC harvest 84. CRC-denominated: the CRC reporting bias is inside the ratio, not applied on top of it.",5.979431748051907
PugetSound,Lake Sammamish,2023,unknown,unknown,646.9842218961323,298,764,P2,p2_block_ratio,"P2 block ratio 2.171 creel-trips per CRC-salmon (block_year, 10 donor area(s) [786|794|802|804|826|830|844|850|860|872]) x CRC harvest 298. CRC-denominated: the CRC reporting bias is inside the ratio, not applied on top of it.",2.1710879929400413
PugetSound,Lake Washington,2022,unknown,unknown,5249.941074789574,878,762,P2,p2_block_ratio,"P2 block ratio 5.979 creel-trips per CRC-salmon (block_year, 9 donor area(s) [786|802|804|826|830|850|852|860|872]) x CRC harvest 878. CRC-denominated: the CRC reporting bias is inside the ratio, not applied on top of it.",5.979431748051906
PugetSound,Lake Washington,2023,unknown,unknown,831.5267012960359,383,762,P2,p2_block_ratio,"P2 block ratio 2.171 creel-trips per CRC-salmon (block_year, 10 donor area(s) [786|794|802|804|826|830|844|850|860|872]) x CRC harvest 383. CRC-denominated: the CRC reporting bias is inside the ratio, not applied on top of it.",2.1710879929400413
PugetSound,Little Quilcene River,2022,unknown,unknown,83.71204447272669,14,766,P2,p2_block_ratio,"P2 block ratio 5.979 creel-trips per CRC-salmon (block_year, 9 donor area(s) [786|802|804|826|830|850|852|860|872]) x CRC harvest 14. CRC-denominated: the CRC reporting bias is inside the ratio, not applied on top of it.",5.979431748051907
PugetSound,Lyre River,2022,unknown,unknown,257.115565166232,43,768,P2,p2_block_ratio,"P2 block ratio 5.979 creel-trips per CRC-salmon (block_year, 9 donor area(s) [786|802|804|826|830|850|852|860|872]) x CRC harvest 43. CRC-denominated: the CRC reporting bias is inside the ratio, not applied on top of it.",5.979431748051907
PugetSound,Lyre River,2023,unknown,unknown,43.421759858800826,20,768,P2,p2_block_ratio,"P2 block ratio 2.171 creel-trips per CRC-salmon (block_year, 10 donor area(s) [786|794|802|804|826|830|844|850|860|872]) x CRC harvest 20. CRC-denominated: the CRC reporting bias is inside the ratio, not applied on top of it.",2.1710879929400413
PugetSound,McAllister Creek,2022,unknown,unknown,328.8687461428549,55,770,P2,p2_block_ratio,"P2 block ratio 5.979 creel-trips per CRC-salmon (block_year, 9 donor area(s) [786|802|804|826|830|850|852|860|872]) x CRC harvest 55. CRC-denominated: the CRC reporting bias is inside the ratio, not applied on top of it.",5.9794317480519075
PugetSound,Minter Creek,2022,unknown,unknown,46029.665596503575,7698,778,P2,p2_block_ratio,"P2 block ratio 5.979 creel-trips per CRC-salmon (block_year, 9 donor area(s) [786|802|804|826|830|850|852|860|872]) x CRC harvest 7698. CRC-denominated: the CRC reporting bias is inside the ratio, not applied on top of it.",5.979431748051907
PugetSound,Minter Creek,2023,unknown,unknown,10032.597615375931,4621,778,P2,p2_block_ratio,"P2 block ratio 2.171 creel-trips per CRC-salmon (block_year, 10 donor area(s) [786|794|802|804|826|830|844|850|860|872]) x CRC harvest 4621. CRC-denominated: the CRC reporting bias is inside the ratio, not applied on top of it.",2.1710879929400413
PugetSound,Nisqually,2022,unknown,bank,16548.43112359742,2203.033931818182,786,P1,creel_pe,design-based PE (pe_period=month); trip_length_source=month; estimated,7.511655124594411
PugetSound,Nisqually,2022,unknown,boat,330.7186287615859,232.38055,786,P1,creel_pe,design-based PE (pe_period=month); trip_length_source=area_season; estimated_donor; design-based PE (pe_period=month); trip_length_source=month; estimated,1.4231768913602532
PugetSound,Nisqually,2023,unknown,bank,17970.336016669018,3280.156403846154,786,P1,creel_pe,design-based PE (pe_period=month); trip_length_source=month; estimated,5.478499743365245
PugetSound,Nisqually,2023,unknown,boat,566.1481710463848,445.55056666666667,786,P1,creel_pe,design-based PE (pe_period=month); trip_length_source=area_season; estimated_donor; design-based PE (pe_period=month); trip_length_source=month; estimated,1.270670970709239
PugetSound,Nooksack,2022,unknown,unknown,14990.43539236613,2507,794,P2,p2_block_ratio,"P2 block ratio 5.979 creel-trips per CRC-salmon (block_year, 9 donor area(s) [786|802|804|826|830|850|852|860|872]) x CRC harvest 2507. CRC-denominated: the CRC reporting bias is inside the ratio, not applied on top of it.",5.979431748051907
PugetSound,Nooksack,2023,unknown,bank,78.6338399582551,9.95,794,P1,creel_pe,design-based PE (pe_period=month); trip_length_source=month; estimated,7.902898488266844
PugetSound,Nooksack,2023,unknown,boat,42.53335549372317,83.19,794,P1,creel_pe,design-based PE (pe_period=month); trip_length_source=month; estimated,0.5112796669518352
PugetSound,Nooksack,2024,unguided,bank,696.425430548081,199.7805,794,P1,creel_pe,design-based PE (pe_period=month); trip_length_source=month; estimated,3.4859529861426966
PugetSound,Nooksack,2024,unknown,boat,76.55440917107583,135.774,794,P1,creel_pe,design-based PE (pe_period=month); trip_length_source=month; estimated,0.5638370319138851
PugetSound,Nooksack Mainstem,2022,unknown,unknown,1740.0146386831047,291,788,P2,p2_block_ratio,"P2 block ratio 5.979 creel-trips per CRC-salmon (block_year, 9 donor area(s) [786|802|804|826|830|850|852|860|872]) x CRC harvest 291. CRC-denominated: the CRC reporting bias is inside the ratio, not applied on top of it.",5.979431748051907
PugetSound,Nooksack Mainstem,2023,unknown,unknown,147.63398351992282,68,788,P2,p2_block_ratio,"P2 block ratio 2.171 creel-trips per CRC-salmon (block_year, 10 donor area(s) [786|794|802|804|826|830|844|850|860|872]) x CRC harvest 68. CRC-denominated: the CRC reporting bias is inside the ratio, not applied on top of it.",2.1710879929400413
PugetSound,Nooksack North Fork,2022,unknown,unknown,5853.863681342817,979,790,P2,p2_block_ratio,"P2 block ratio 5.979 creel-trips per CRC-salmon (block_year, 9 donor area(s) [786|802|804|826|830|850|852|860|872]) x CRC harvest 979. CRC-denominated: the CRC reporting bias is inside the ratio, not applied on top of it.",5.979431748051907
PugetSound,Nooksack North Fork,2023,unknown,unknown,1615.2894667473906,744,790,P2,p2_block_ratio,"P2 block ratio 2.171 creel-trips per CRC-salmon (block_year, 10 donor area(s) [786|794|802|804|826|830|844|850|860|872]) x CRC harvest 744. CRC-denominated: the CRC reporting bias is inside the ratio, not applied on top of it.",2.1710879929400413
PugetSound,Nooksack South Fork,2022,unknown,unknown,2415.69042621297,404,792,P2,p2_block_ratio,"P2 block ratio 5.979 creel-trips per CRC-salmon (block_year, 9 donor area(s) [786|802|804|826|830|850|852|860|872]) x CRC harvest 404. CRC-denominated: the CRC reporting bias is inside the ratio, not applied on top of it.",5.979431748051907
PugetSound,Nooksack South Fork,2023,unknown,unknown,2607.4766795209894,1201,792,P2,p2_block_ratio,"P2 block ratio 2.171 creel-trips per CRC-salmon (block_year, 10 donor area(s) [786|794|802|804|826|830|844|850|860|872]) x CRC harvest 1201. CRC-denominated: the CRC reporting bias is inside the ratio, not applied on top of it.",2.1710879929400413
PugetSound,Pilchuck River,2023,unknown,unknown,662.1818378467126,305,840,P2,p2_block_ratio,"P2 block ratio 2.171 creel-trips per CRC-salmon (block_year, 10 donor area(s) [786|794|802|804|826|830|844|850|860|872]) x CRC harvest 305. CRC-denominated: the CRC reporting bias is inside the ratio, not applied on top of it.",2.1710879929400413
PugetSound,Puyallup Carbon,2024,unknown,bank,43198.73744627028,14717.6885,802|804,P1,creel_pe,design-based PE (pe_period=month); trip_length_source=area_season; zero_effort; design-based PE (pe_period=month); trip_length_source=month; estimated,2.9351577488727445
PugetSound,Puyallup Carbon,2025,unknown,bank,89842.3976968411,96736.84918051948,802|804,P1,creel_pe,design-based PE (pe_period=month); trip_length_source=month; estimated,0.9287298320951851
PugetSound,Puyallup/Carbon,2022,unknown,bank,31057.00259363213,7977.577498168498,802|804,P1,creel_pe,design-based PE (pe_period=month); trip_length_source=area_season; zero_effort; design-based PE (pe_period=month); trip_length_source=month; estimated,3.89303677723748
PugetSound,Puyallup/Carbon,2023,unknown,bank,95279.44138656072,99607.45767748918,802|804,P1,creel_pe,design-based PE (pe_period=month); trip_length_source=area_season; zero_effort; design-based PE (pe_period=month); trip_length_source=month; estimated,0.9565492746040986
PugetSound,Pysht River,2022,unknown,unknown,83.71204447272669,14,810,P2,p2_block_ratio,"P2 block ratio 5.979 creel-trips per CRC-salmon (block_year, 9 donor area(s) [786|802|804|826|830|850|852|860|872]) x CRC harvest 14. CRC-denominated: the CRC reporting bias is inside the ratio, not applied on top of it.",5.979431748051907
PugetSound,Quilcene,2022,unknown,unknown,15600.337430667425,2609,812,P2,p2_block_ratio,"P2 block ratio 5.979 creel-trips per CRC-salmon (block_year, 9 donor area(s) [786|802|804|826|830|850|852|860|872]) x CRC harvest 2609. CRC-denominated: the CRC reporting bias is inside the ratio, not applied on top of it.",5.979431748051907
PugetSound,Quilcene,2023,unknown,unknown,6563.199002657745,3023,812,P2,p2_block_ratio,"P2 block ratio 2.171 creel-trips per CRC-salmon (block_year, 10 donor area(s) [786|794|802|804|826|830|844|850|860|872]) x CRC harvest 3023. CRC-denominated: the CRC reporting bias is inside the ratio, not applied on top of it.",2.1710879929400413
PugetSound,Samish,2022,unknown,unknown,55823.9747998126,9336,816,P2,p2_block_ratio,"P2 block ratio 5.979 creel-trips per CRC-salmon (block_year, 9 donor area(s) [786|802|804|826|830|850|852|860|872]) x CRC harvest 9336. CRC-denominated: the CRC reporting bias is inside the ratio, not applied on top of it.",5.979431748051907
PugetSound,Samish,2023,unknown,unknown,30636.222668376922,14111,816,P2,p2_block_ratio,"P2 block ratio 2.171 creel-trips per CRC-salmon (block_year, 10 donor area(s) [786|794|802|804|826|830|844|850|860|872]) x CRC harvest 14111. CRC-denominated: the CRC reporting bias is inside the ratio, not applied on top of it.",2.1710879929400413
PugetSound,Sauk River,2023,unknown,unknown,106.38331165406203,49,828,P2,p2_block_ratio,"P2 block ratio 2.171 creel-trips per CRC-salmon (block_year, 10 donor area(s) [786|794|802|804|826|830|844|850|860|872]) x CRC harvest 49. CRC-denominated: the CRC reporting bias is inside the ratio, not applied on top of it.",2.1710879929400413
PugetSound,Skagit,2022,unguided,bank,16023.911581019445,1368.1854248683414,830,P1,creel_pe,design-based PE (pe_period=month); trip_length_source=month; estimated,11.7117981888759
PugetSound,Skagit,2022,guided,boat,852.8250375106859,376.58135041480716,830,P1,creel_pe,design-based PE (pe_period=month); trip_length_source=month; estimated,2.2646502185285935
PugetSound,Skagit,2022,unguided,boat,16047.0343792827,7085.877654743923,830,P1,creel_pe,design-based PE (pe_period=month); trip_length_source=month; estimated,2.264650218528593
PugetSound,Skagit,2023,unguided,bank,57334.722501965996,18163.75186072695,830,P1,creel_pe,design-based PE (pe_period=month); trip_length_source=month; estimated,3.156546232385678
PugetSound,Skagit,2023,guided,boat,1135.7472016949828,645.5540510219306,830,P1,creel_pe,design-based PE (pe_period=month); trip_length_source=month; estimated,1.7593371149899257
PugetSound,Skagit,2023,unguided,boat,24880.787534806368,14142.137582852529,830,P1,creel_pe,design-based PE (pe_period=month); trip_length_source=month; estimated,1.7593371149899255
PugetSound,Skagit,2024,unguided,bank,14648.738655474372,2000.1979424807341,830,P1,creel_pe,design-based PE (pe_period=month); trip_length_source=month; estimated,7.323644497557255
PugetSound,Skagit,2024,unguided,boat,17771.57730372522,10918.02837916499,830,P1,creel_pe,design-based PE (pe_period=month); trip_length_source=month; estimated,1.627727707471336
PugetSound,Skagit,2025,unguided,bank,38039.179130240926,12160.483291336986,826|830,P1,creel_pe,design-based PE (pe_period=month); trip_length_source=month; estimated,3.1280976437293146
PugetSound,Skagit,2025,guided,boat,1564.5057619548681,871.3006671177945,826|830,P1,creel_pe,design-based PE (pe_period=month); trip_length_source=month; estimated; design-based PE (pe_period=month); trip_length_source=type_season; zero_effort,1.795598030620303
PugetSound,Skagit,2025,unguided,boat,17927.697173876277,9984.248628120302,826|830,P1,creel_pe,design-based PE (pe_period=month); trip_length_source=month; estimated; design-based PE (pe_period=month); trip_length_source=type_season; zero_effort,1.795598030620303
PugetSound,Skokomish River,2023,unknown,unknown,744.6831815784342,343,834,P2,p2_block_ratio,"P2 block ratio 2.171 creel-trips per CRC-salmon (block_year, 10 donor area(s) [786|794|802|804|826|830|844|850|860|872]) x CRC harvest 343. CRC-denominated: the CRC reporting bias is inside the ratio, not applied on top of it.",2.1710879929400413
PugetSound,Snohomish,2022,unknown,bank,1331.134086061096,144.418,850|852,P1,creel_pe,design-based PE (pe_period=month); trip_length_source=month; estimated,9.217231135046157
PugetSound,Snohomish,2022,unknown,boat,2556.542320384906,682.4585000000001,850|852,P1,creel_pe,design-based PE (pe_period=month); trip_length_source=month; estimated,3.7460773371346474
PugetSound,Snohomish,2022,unknown,unknown,5327.673687514249,891,844,P2,p2_block_ratio,"P2 block ratio 5.979 creel-trips per CRC-salmon (block_year, 9 donor area(s) [786|802|804|826|830|850|852|860|872]) x CRC harvest 891. CRC-denominated: the CRC reporting bias is inside the ratio, not applied on top of it.",5.979431748051907
PugetSound,Snohomish,2023,unknown,bank,32594.161492230105,15333.486181818182,844|850,P1,creel_pe,design-based PE (pe_period=month); trip_length_source=month; estimated,2.125684994641266
PugetSound,Snohomish,2023,unknown,boat,18676.515422145167,23266.919297258297,844|850,P1,creel_pe,design-based PE (pe_period=month); trip_length_source=month; estimated,0.8027068467266292
PugetSound,Snohomish,2023,unknown,unknown,312.63667098336595,144,852,P2,p2_block_ratio,"P2 block ratio 2.171 creel-trips per CRC-salmon (block_year, 10 donor area(s) [786|794|802|804|826|830|844|850|860|872]) x CRC harvest 144. CRC-denominated: the CRC reporting bias is inside the ratio, not applied on top of it.",2.1710879929400413
PugetSound,Snohomish,2024,unknown,bank,8592.12158659301,596.2944833333332,844|850|852,P1,creel_pe,design-based PE (pe_period=month); trip_length_source=month; estimated,14.409191811673944
PugetSound,Snohomish,2024,unknown,boat,6772.2491019891695,2112.6160396825394,844|850|852,P1,creel_pe,design-based PE (pe_period=month); trip_length_source=month; estimated,3.2056223065535505
PugetSound,Snohomish,2025,unguided,bank,26252.254370477578,10059.065634619883,844|850,P1,creel_pe,design-based PE (pe_period=month); trip_length_source=month; estimated,2.6098104261419914
PugetSound,Snohomish,2025,unguided,boat,10291.215007892391,12493.039646922463,844|850,P1,creel_pe,design-based PE (pe_period=month); trip_length_source=area_season; estimated_donor; design-based PE (pe_period=month); trip_length_source=month; estimated,0.8237558911795761
PugetSound,Stillaguamish,2022,unknown,bank,7442.258742189159,329.21100476190475,872|874|876,P1,creel_pe,design-based PE (pe_period=month); trip_length_source=area_season; zero_effort; design-based PE (pe_period=month); trip_length_source=month; estimated,22.606348616965658
PugetSound,Stillaguamish,2022,unknown,boat,1182.6276458646867,0,872|874|876,P1,creel_pe,design-based PE (pe_period=month); trip_length_source=area_season; estimated_donor; design-based PE (pe_period=month); trip_length_source=area_season; zero_effort; design-based PE (pe_period=month); trip_length_source=month; estimated; design-based PE (pe_period=month); trip_length_source=type_season; zero_effort,NA
PugetSound,Stillaguamish,2023,unknown,bank,5579.331108985193,2432.5323333333336,872|876,P1,creel_pe,design-based PE (pe_period=month); trip_length_source=month; estimated,2.2936308112047814
PugetSound,Stillaguamish,2023,unknown,boat,453.9091677705219,704.8666666666667,872|876,P1,creel_pe,design-based PE (pe_period=month); trip_length_source=month; estimated; design-based PE (pe_period=month); trip_length_source=month; zero_effort,0.6439645811555688
PugetSound,Stillaguamish,2024,unknown,bank,9739.051940231138,783.645873015873,872|874|876,P1,creel_pe,design-based PE (pe_period=month); trip_length_source=month; estimated,12.427873706206414
PugetSound,Stillaguamish,2024,unknown,boat,220.98674649833146,20.996,872|874|876,P1,creel_pe,design-based PE (pe_period=month); trip_length_source=area_season; estimated_donor; design-based PE (pe_period=month); trip_length_source=area_season; zero_effort; design-based PE (pe_period=month); trip_length_source=month; estimated; design-based PE (pe_period=month); trip_length_source=month; zero_effort; design-based PE (pe_period=month); trip_length_source=type_season; estimated_donor; design-based PE (pe_period=month); trip_length_source=type_season; zero_effort,10.525183201482733
PugetSound,Stillaguamish,2025,unguided,bank,10580.19279608235,1838.8663935064935,872|876,P1,creel_pe,design-based PE (pe_period=month); trip_length_source=month; estimated,5.7536495492243
PugetSound,Stillaguamish,2025,unknown,boat,316.7034273801111,19.076,872|876,P1,creel_pe,design-based PE (pe_period=month); trip_length_source=month; estimated,16.602192670376972
PugetSound,Suiattle River,2023,unknown,unknown,71.64590376702137,33,832,P2,p2_block_ratio,"P2 block ratio 2.171 creel-trips per CRC-salmon (block_year, 10 donor area(s) [786|794|802|804|826|830|844|850|860|872]) x CRC harvest 33. CRC-denominated: the CRC reporting bias is inside the ratio, not applied on top of it.",2.1710879929400413
PugetSound,Tolt River,2023,unknown,unknown,208.42444732224396,96,858,P2,p2_block_ratio,"P2 block ratio 2.171 creel-trips per CRC-salmon (block_year, 10 donor area(s) [786|794|802|804|826|830|844|850|860|872]) x CRC harvest 96. CRC-denominated: the CRC reporting bias is inside the ratio, not applied on top of it.",2.1710879929400413
PugetSound,Wallace,2022,unknown,bank,5716.1892026058695,2418.7564253246755,860,P1,creel_pe,design-based PE (pe_period=month); trip_length_source=month; estimated,2.3632760797063606
PugetSound,Wallace,2023,unknown,bank,5649.527955348427,740.2523333333334,860,P1,creel_pe,design-based PE (pe_period=month); trip_length_source=month; estimated,7.631894829576257
PugetSound,Wallace,2024,unknown,bank,2727.6753232354604,911.9333000000001,860,P1,creel_pe,design-based PE (pe_period=month); trip_length_source=month; estimated,2.9910908212645158
PugetSound,Whatcom Creek,2022,unknown,unknown,364.7453366311663,61,884,P2,p2_block_ratio,"P2 block ratio 5.979 creel-trips per CRC-salmon (block_year, 9 donor area(s) [786|802|804|826|830|850|852|860|872]) x CRC harvest 61. CRC-denominated: the CRC reporting bias is inside the ratio, not applied on top of it.",5.979431748051907
PugetSound,Whatcom Creek,2023,unknown,unknown,293.0968790469056,135,884,P2,p2_block_ratio,"P2 block ratio 2.171 creel-trips per CRC-salmon (block_year, 10 donor area(s) [786|794|802|804|826|830|844|850|860|872]) x CRC harvest 135. CRC-denominated: the CRC reporting bias is inside the ratio, not applied on top of it.",2.1710879929400413
WACoast,Bear River (Pacific Co),2023,unknown,unknown,28.449262354704867,17,305,P2,p2_block_ratio,"P2 block ratio 1.673 creel-trips per CRC-salmon (block_year, 10 donor area(s) [315|329|348|350|358|398|400|402|404|406]) x CRC harvest 17. CRC-denominated: the CRC reporting bias is inside the ratio, not applied on top of it.",1.6734860208649922
WACoast,Bear River (Pacific Co),2025,unknown,unknown,10.280689857433897,7,305,P3,crc_harvest_projection,"P3 projected: 6-yr mean CRC harvest 7 (4 of 6 years: 2019|2020|2023|2024) x block_year ratio 1.469 (6 donor area(s) [315|329|358|398|404|406]) from 2024. Excludes PugetSound, which use a separate NEPA-derived 2014+ even/odd-year projection.",1.468669979633414
WACoast,Cedar Creek (Jefferson Co),2022,unknown,unknown,50.128155728853365,14,311,P2,p2_block_ratio,"P2 block ratio 3.581 creel-trips per CRC-salmon (block_year, 6 donor area(s) [329|358|398|400|404|406]) x CRC harvest 14. CRC-denominated: the CRC reporting bias is inside the ratio, not applied on top of it.",3.5805825520609544
WACoast,Cedar Creek (Jefferson Co),2025,unknown,unknown,29.006232097759927,19.75,311,P3,crc_harvest_projection,"P3 projected: 6-yr mean CRC harvest 20 (4 of 6 years: 2020|2021|2022|2023) x block_year ratio 1.469 (6 donor area(s) [315|329|358|398|404|406]) from 2024. Excludes PugetSound, which use a separate NEPA-derived 2014+ even/odd-year projection.",1.468669979633414
WACoast,Chehalis,2022,unguided,bank,6272.49069320135,1058.9545095238095,317,P1,creel_pe,design-based PE (pe_period=month); trip_length_source=month; estimated,5.923286257142398
WACoast,Chehalis,2022,guided,boat,1424.5664652140385,1096.8642058663772,317,P1,creel_pe,design-based PE (pe_period=month); trip_length_source=month; estimated,1.298762834628941
WACoast,Chehalis,2022,unguided,boat,11064.132879829032,8518.978665562196,317,P1,creel_pe,design-based PE (pe_period=month); trip_length_source=month; estimated,1.2987628346289413
WACoast,Chehalis,2024,unguided,bank,8711.185891146935,2921.2597666666666,315|317,P1,creel_pe,design-based PE (pe_period=month); trip_length_source=area_season; estimated_donor; design-based PE (pe_period=month); trip_length_source=area_season; zero_effort; design-based PE (pe_period=month); trip_length_source=month; estimated,2.981996325882009
WACoast,Chehalis,2024,guided,boat,929.2248884007982,696.0667155655094,315|317,P1,creel_pe,design-based PE (pe_period=month); trip_length_source=area_season; estimated_donor; design-based PE (pe_period=month); trip_length_source=area_season; zero_effort; design-based PE (pe_period=month); trip_length_source=month; estimated,1.3349652664340699
WACoast,Chehalis,2024,unguided,boat,14437.40150681981,10814.814339990045,315|317,P1,creel_pe,design-based PE (pe_period=month); trip_length_source=area_season; estimated_donor; design-based PE (pe_period=month); trip_length_source=area_season; zero_effort; design-based PE (pe_period=month); trip_length_source=month; estimated,1.3349652664340699
WACoast,Chehalis,2025,unguided,bank,8033.486074305062,1438.8052617336448,315|317,P1,creel_pe,design-based PE (pe_period=month); trip_length_source=month; estimated,5.583442240561003
WACoast,Chehalis,2025,guided,boat,1367.6079650797974,935.2022250574148,315|317,P1,creel_pe,design-based PE (pe_period=month); trip_length_source=month; estimated,1.462366029973716
WACoast,Chehalis,2025,unguided,boat,16677.71271701207,11404.608952323537,315|317,P1,creel_pe,design-based PE (pe_period=month); trip_length_source=month; estimated,1.4623660299737158
WACoast,Chehalis + Upper Chehalis,2022,unknown,unknown,40958.28381302526,11439,315,P2,p2_block_ratio,"P2 block ratio 3.581 creel-trips per CRC-salmon (block_year, 6 donor area(s) [329|358|398|400|404|406]) x CRC harvest 11439. CRC-denominated: the CRC reporting bias is inside the ratio, not applied on top of it.",3.5805825520609544
WACoast,Clearwater River,2023,unknown,unknown,164.00163004476923,98,392,P2,p2_block_ratio,"P2 block ratio 1.673 creel-trips per CRC-salmon (block_year, 10 donor area(s) [315|329|348|350|358|398|400|402|404|406]) x CRC harvest 98. CRC-denominated: the CRC reporting bias is inside the ratio, not applied on top of it.",1.6734860208649922
WACoast,Clearwater River,2024,unknown,unknown,121.89960830957335,83,392,P2,p2_block_ratio,"P2 block ratio 1.469 creel-trips per CRC-salmon (block_year, 6 donor area(s) [315|329|358|398|404|406]) x CRC harvest 83. CRC-denominated: the CRC reporting bias is inside the ratio, not applied on top of it.",1.468669979633414
WACoast,Clearwater River,2025,unknown,unknown,160.67249577189548,109.4,392,P3,crc_harvest_projection,"P3 projected: 6-yr mean CRC harvest 109 (5 of 6 years: 2019|2020|2021|2023|2024) x block_year ratio 1.469 (6 donor area(s) [315|329|358|398|404|406]) from 2024. Excludes PugetSound, which use a separate NEPA-derived 2014+ even/odd-year projection.",1.468669979633414
WACoast,Cloquallum Creek,2022,unknown,unknown,146.80388463449913,41,321,P2,p2_block_ratio,"P2 block ratio 3.581 creel-trips per CRC-salmon (block_year, 6 donor area(s) [329|358|398|400|404|406]) x CRC harvest 41. CRC-denominated: the CRC reporting bias is inside the ratio, not applied on top of it.",3.5805825520609544
WACoast,Cloquallum Creek,2023,unknown,unknown,82.00081502238461,49,321,P2,p2_block_ratio,"P2 block ratio 1.673 creel-trips per CRC-salmon (block_year, 10 donor area(s) [315|329|348|350|358|398|400|402|404|406]) x CRC harvest 49. CRC-denominated: the CRC reporting bias is inside the ratio, not applied on top of it.",1.6734860208649922
WACoast,Cloquallum Creek,2025,unknown,unknown,34.366877523421884,23.4,321,P3,crc_harvest_projection,"P3 projected: 6-yr mean CRC harvest 23 (5 of 6 years: 2019|2021|2022|2023|2024) x block_year ratio 1.469 (6 donor area(s) [315|329|358|398|404|406]) from 2024. Excludes PugetSound, which use a separate NEPA-derived 2014+ even/odd-year projection.",1.468669979633414
WACoast,Cook Creek,2022,unknown,unknown,361.6388377581564,101,408,P2,p2_block_ratio,"P2 block ratio 3.581 creel-trips per CRC-salmon (block_year, 6 donor area(s) [329|358|398|400|404|406]) x CRC harvest 101. CRC-denominated: the CRC reporting bias is inside the ratio, not applied on top of it.",3.5805825520609544
WACoast,Cook Creek,2023,unknown,unknown,33.46972041729985,20,408,P2,p2_block_ratio,"P2 block ratio 1.673 creel-trips per CRC-salmon (block_year, 10 donor area(s) [315|329|348|350|358|398|400|402|404|406]) x CRC harvest 20. CRC-denominated: the CRC reporting bias is inside the ratio, not applied on top of it.",1.6734860208649924
WACoast,Cook Creek,2025,unknown,unknown,51.40344928716949,35,408,P3,crc_harvest_projection,"P3 projected: 6-yr mean CRC harvest 35 (6 of 6 years: 2019|2020|2021|2022|2023|2024) x block_year ratio 1.469 (6 donor area(s) [315|329|358|398|404|406]) from 2024. Excludes PugetSound, which use a separate NEPA-derived 2014+ even/odd-year projection.",1.468669979633414
WACoast,Copalis River,2022,unknown,unknown,565.7320432256308,158,339,P2,p2_block_ratio,"P2 block ratio 3.581 creel-trips per CRC-salmon (block_year, 6 donor area(s) [329|358|398|400|404|406]) x CRC harvest 158. CRC-denominated: the CRC reporting bias is inside the ratio, not applied on top of it.",3.5805825520609544
WACoast,Copalis River,2023,unknown,unknown,572.3322191358274,342,339,P2,p2_block_ratio,"P2 block ratio 1.673 creel-trips per CRC-salmon (block_year, 10 donor area(s) [315|329|348|350|358|398|400|402|404|406]) x CRC harvest 342. CRC-denominated: the CRC reporting bias is inside the ratio, not applied on top of it.",1.6734860208649922
WACoast,Copalis River,2024,unknown,unknown,299.60867584521645,204,339,P2,p2_block_ratio,"P2 block ratio 1.469 creel-trips per CRC-salmon (block_year, 6 donor area(s) [315|329|358|398|404|406]) x CRC harvest 204. CRC-denominated: the CRC reporting bias is inside the ratio, not applied on top of it.",1.468669979633414
WACoast,Copalis River,2025,unknown,unknown,434.97109230142945,296.1666666666667,339,P3,crc_harvest_projection,"P3 projected: 6-yr mean CRC harvest 296 (6 of 6 years: 2019|2020|2021|2022|2023|2024) x block_year ratio 1.469 (6 donor area(s) [315|329|358|398|404|406]) from 2024. Excludes PugetSound, which use a separate NEPA-derived 2014+ even/odd-year projection.",1.468669979633414
WACoast,Elk River,2022,unknown,unknown,132.48155442625531,37,342,P2,p2_block_ratio,"P2 block ratio 3.581 creel-trips per CRC-salmon (block_year, 6 donor area(s) [329|358|398|400|404|406]) x CRC harvest 37. CRC-denominated: the CRC reporting bias is inside the ratio, not applied on top of it.",3.5805825520609544
WACoast,Elk River,2024,unknown,unknown,99.86955861507215,68,342,P2,p2_block_ratio,"P2 block ratio 1.469 creel-trips per CRC-salmon (block_year, 6 donor area(s) [315|329|358|398|404|406]) x CRC harvest 68. CRC-denominated: the CRC reporting bias is inside the ratio, not applied on top of it.",1.468669979633414
WACoast,Elk River,2025,unknown,unknown,71.72005067209838,48.833333333333336,342,P3,crc_harvest_projection,"P3 projected: 6-yr mean CRC harvest 49 (6 of 6 years: 2019|2020|2021|2022|2023|2024) x block_year ratio 1.469 (6 donor area(s) [315|329|358|398|404|406]) from 2024. Excludes PugetSound, which use a separate NEPA-derived 2014+ even/odd-year projection.",1.468669979633414
WACoast,Goodman Creek,2024,unknown,unknown,23.498719674134623,16,345,P2,p2_block_ratio,"P2 block ratio 1.469 creel-trips per CRC-salmon (block_year, 6 donor area(s) [315|329|358|398|404|406]) x CRC harvest 16. CRC-denominated: the CRC reporting bias is inside the ratio, not applied on top of it.",1.468669979633414
WACoast,Goodman Creek,2025,unknown,unknown,45.16160187372748,30.75,345,P3,crc_harvest_projection,"P3 projected: 6-yr mean CRC harvest 31 (4 of 6 years: 2020|2021|2022|2024) x block_year ratio 1.469 (6 donor area(s) [315|329|358|398|404|406]) from 2024. Excludes PugetSound, which use a separate NEPA-derived 2014+ even/odd-year projection.",1.468669979633414
WACoast,Hoh,2022,unknown,unknown,1897.7087525923057,530,348|350,P2,p2_block_ratio,"P2 block ratio 3.581 creel-trips per CRC-salmon (block_year, 6 donor area(s) [329|358|398|400|404|406]) x CRC harvest 440. CRC-denominated: the CRC reporting bias is inside the ratio, not applied on top of it.; P2 block ratio 3.581 creel-trips per CRC-salmon (block_year, 6 donor area(s) [329|358|398|400|404|406]) x CRC harvest 90. CRC-denominated: the CRC reporting bias is inside the ratio, not applied on top of it.",3.580582552060954
WACoast,Hoh,2023,unguided,bank,552.188003084708,86.11079365079365,348|350,P1,creel_pe,design-based PE (pe_period=month); trip_length_source=area_season; zero_effort; design-based PE (pe_period=month); trip_length_source=month; estimated; design-based PE (pe_period=month); trip_length_source=type_season; estimated_donor; design-based PE (pe_period=month); trip_length_source=type_season; zero_effort,6.412529482935717
WACoast,Hoh,2023,unknown,boat,292.0322442783765,194.735,348|350,P1,creel_pe,design-based PE (pe_period=month); trip_length_source=area_season; zero_effort; design-based PE (pe_period=month); trip_length_source=month; estimated,1.4996392239627003
WACoast,Hoh,2024,unknown,unknown,588.936661832999,401,348|350,P2,p2_block_ratio,"P2 block ratio 1.469 creel-trips per CRC-salmon (block_year, 6 donor area(s) [315|329|358|398|404|406]) x CRC harvest 107. CRC-denominated: the CRC reporting bias is inside the ratio, not applied on top of it.; P2 block ratio 1.469 creel-trips per CRC-salmon (block_year, 6 donor area(s) [315|329|358|398|404|406]) x CRC harvest 294. CRC-denominated: the CRC reporting bias is inside the ratio, not applied on top of it.",1.468669979633414
WACoast,Hoh,2025,unguided,bank,524.5453449532339,111.83983333333333,348|350,P1,creel_pe,design-based PE (pe_period=month); trip_length_source=area_season; zero_effort; design-based PE (pe_period=month); trip_length_source=month; estimated,4.690147770426761
WACoast,Hoh,2025,guided,boat,649.8770117638682,883.120998349835,348|350,P1,creel_pe,design-based PE (pe_period=month); trip_length_source=area_season; zero_effort; design-based PE (pe_period=month); trip_length_source=month; estimated,0.7358867165181245
WACoast,Hoh,2025,unguided,boat,662.8745519991455,900.7834183168317,348|350,P1,creel_pe,design-based PE (pe_period=month); trip_length_source=area_season; zero_effort; design-based PE (pe_period=month); trip_length_source=month; estimated,0.7358867165181245
WACoast,Hoh South Fork,2022,unknown,unknown,39.3864080726705,11,352,P2,p2_block_ratio,"P2 block ratio 3.581 creel-trips per CRC-salmon (block_year, 6 donor area(s) [329|358|398|400|404|406]) x CRC harvest 11. CRC-denominated: the CRC reporting bias is inside the ratio, not applied on top of it.",3.5805825520609544
WACoast,Hoh South Fork,2023,unknown,unknown,28.449262354704867,17,352,P2,p2_block_ratio,"P2 block ratio 1.673 creel-trips per CRC-salmon (block_year, 10 donor area(s) [315|329|348|350|358|398|400|402|404|406]) x CRC harvest 17. CRC-denominated: the CRC reporting bias is inside the ratio, not applied on top of it.",1.6734860208649922
WACoast,Hoh South Fork,2025,unknown,unknown,13.70758647657853,9.333333333333334,352,P3,crc_harvest_projection,"P3 projected: 6-yr mean CRC harvest 9 (3 of 6 years: 2022|2023|2024) x block_year ratio 1.469 (6 donor area(s) [315|329|358|398|404|406]) from 2024. Excludes PugetSound, which use a separate NEPA-derived 2014+ even/odd-year projection.",1.468669979633414
WACoast,Hoquiam River,2023,unknown,unknown,105.4296193144945,63,355,P2,p2_block_ratio,"P2 block ratio 1.673 creel-trips per CRC-salmon (block_year, 10 donor area(s) [315|329|348|350|358|398|400|402|404|406]) x CRC harvest 63. CRC-denominated: the CRC reporting bias is inside the ratio, not applied on top of it.",1.6734860208649922
WACoast,Hoquiam River,2024,unknown,unknown,358.355475030553,244,355,P2,p2_block_ratio,"P2 block ratio 1.469 creel-trips per CRC-salmon (block_year, 6 donor area(s) [315|329|358|398|404|406]) x CRC harvest 244. CRC-denominated: the CRC reporting bias is inside the ratio, not applied on top of it.",1.468669979633414
WACoast,Hoquiam River,2025,unknown,unknown,113.08758843177287,77,355,P3,crc_harvest_projection,"P3 projected: 6-yr mean CRC harvest 77 (6 of 6 years: 2019|2020|2021|2022|2023|2024) x block_year ratio 1.469 (6 donor area(s) [315|329|358|398|404|406]) from 2024. Excludes PugetSound, which use a separate NEPA-derived 2014+ even/odd-year projection.",1.468669979633414
WACoast,Humptulips,2022,unguided,bank,6475.723889925543,1446.2179311846692,358,P1,creel_pe,design-based PE (pe_period=month); trip_length_source=month; estimated,4.477695754070035
WACoast,Humptulips,2022,guided,boat,978.4061127432225,590.9493741808651,358,P1,creel_pe,design-based PE (pe_period=month); trip_length_source=month; estimated,1.655651322246384
WACoast,Humptulips,2022,unguided,boat,3287.4445388172276,1985.5898972477064,358,P1,creel_pe,design-based PE (pe_period=month); trip_length_source=month; estimated,1.6556513222463844
WACoast,Humptulips,2023,unguided,bank,8172.473679961962,1711.668776308054,358,P1,creel_pe,design-based PE (pe_period=month); trip_length_source=month; estimated,4.774564911787079
WACoast,Humptulips,2023,guided,boat,1165.217625099064,1146.393049833887,358,P1,creel_pe,design-based PE (pe_period=month); trip_length_source=month; estimated,1.0164206990507354
WACoast,Humptulips,2023,unguided,boat,3917.8331742461282,3854.538950166114,358,P1,creel_pe,design-based PE (pe_period=month); trip_length_source=month; estimated,1.0164206990507352
WACoast,Humptulips,2024,unguided,bank,9716.9123490904,2007.1421494075219,358,P1,creel_pe,design-based PE (pe_period=month); trip_length_source=month; estimated,4.841168001956755
WACoast,Humptulips,2024,guided,boat,1005.2457538593909,820.4191209735146,358,P1,creel_pe,design-based PE (pe_period=month); trip_length_source=month; estimated,1.2252831853389274
WACoast,Humptulips,2024,unguided,boat,2984.3233317700665,2435.6192653901217,358,P1,creel_pe,design-based PE (pe_period=month); trip_length_source=month; estimated,1.2252831853389274
WACoast,Humptulips,2025,unguided,bank,9708.682154167274,1514.084486188415,358,P1,creel_pe,design-based PE (pe_period=month); trip_length_source=month; estimated,6.412245976185976
WACoast,Humptulips,2025,guided,boat,946.7025941640738,639.1157634408603,358,P1,creel_pe,design-based PE (pe_period=month); trip_length_source=month; estimated,1.481269354189033
WACoast,Humptulips,2025,unguided,boat,4189.158979176026,2828.0872532258068,358,P1,creel_pe,design-based PE (pe_period=month); trip_length_source=month; estimated,1.4812693541890327
WACoast,Joe Creek,2022,unknown,unknown,361.6388377581564,101,323,P2,p2_block_ratio,"P2 block ratio 3.581 creel-trips per CRC-salmon (block_year, 6 donor area(s) [329|358|398|400|404|406]) x CRC harvest 101. CRC-denominated: the CRC reporting bias is inside the ratio, not applied on top of it.",3.5805825520609544
WACoast,Joe Creek,2023,unknown,unknown,33.46972041729985,20,323,P2,p2_block_ratio,"P2 block ratio 1.673 creel-trips per CRC-salmon (block_year, 10 donor area(s) [315|329|348|350|358|398|400|402|404|406]) x CRC harvest 20. CRC-denominated: the CRC reporting bias is inside the ratio, not applied on top of it.",1.6734860208649924
WACoast,Joe Creek,2024,unknown,unknown,116.02492839103971,79,323,P2,p2_block_ratio,"P2 block ratio 1.469 creel-trips per CRC-salmon (block_year, 6 donor area(s) [315|329|358|398|404|406]) x CRC harvest 79. CRC-denominated: the CRC reporting bias is inside the ratio, not applied on top of it.",1.468669979633414
WACoast,Joe Creek,2025,unknown,unknown,74.60843496537743,50.8,323,P3,crc_harvest_projection,"P3 projected: 6-yr mean CRC harvest 51 (5 of 6 years: 2020|2021|2022|2023|2024) x block_year ratio 1.469 (6 donor area(s) [315|329|358|398|404|406]) from 2024. Excludes PugetSound, which use a separate NEPA-derived 2014+ even/odd-year projection.",1.468669979633414
WACoast,Johns River,2022,unknown,unknown,128.90097187419437,36,367,P2,p2_block_ratio,"P2 block ratio 3.581 creel-trips per CRC-salmon (block_year, 6 donor area(s) [329|358|398|400|404|406]) x CRC harvest 36. CRC-denominated: the CRC reporting bias is inside the ratio, not applied on top of it.",3.580582552060955
WACoast,Johns River,2023,unknown,unknown,26.775776333839875,16,367,P2,p2_block_ratio,"P2 block ratio 1.673 creel-trips per CRC-salmon (block_year, 10 donor area(s) [315|329|348|350|358|398|400|402|404|406]) x CRC harvest 16. CRC-denominated: the CRC reporting bias is inside the ratio, not applied on top of it.",1.6734860208649922
WACoast,Johns River,2024,unknown,unknown,160.0850277800421,109,367,P2,p2_block_ratio,"P2 block ratio 1.469 creel-trips per CRC-salmon (block_year, 6 donor area(s) [315|329|358|398|404|406]) x CRC harvest 109. CRC-denominated: the CRC reporting bias is inside the ratio, not applied on top of it.",1.468669979633414
WACoast,Johns River,2025,unknown,unknown,155.67901784114187,106,367,P3,crc_harvest_projection,"P3 projected: 6-yr mean CRC harvest 106 (6 of 6 years: 2019|2020|2021|2022|2023|2024) x block_year ratio 1.469 (6 donor area(s) [315|329|358|398|404|406]) from 2024. Excludes PugetSound, which use a separate NEPA-derived 2014+ even/odd-year projection.",1.468669979633414
WACoast,Lower Chehalis,2023,unguided,bank,5237.145414002808,1082.4311666666667,317,P1,creel_pe,design-based PE (pe_period=month); trip_length_source=area_season; zero_effort; design-based PE (pe_period=month); trip_length_source=month; estimated,4.838317276220466
WACoast,Lower Chehalis,2023,unguided,boat,9206.973804483989,5282.943438953487,317,P1,creel_pe,design-based PE (pe_period=month); trip_length_source=area_season; zero_effort; design-based PE (pe_period=month); trip_length_source=month; estimated,1.7427734956609384
WACoast,Moclips River,2023,unknown,unknown,23.42880429210989,14,371,P2,p2_block_ratio,"P2 block ratio 1.673 creel-trips per CRC-salmon (block_year, 10 donor area(s) [315|329|348|350|358|398|400|402|404|406]) x CRC harvest 14. CRC-denominated: the CRC reporting bias is inside the ratio, not applied on top of it.",1.6734860208649922
WACoast,Moclips River,2025,unknown,unknown,56.176626720978085,38.25,371,P3,crc_harvest_projection,"P3 projected: 6-yr mean CRC harvest 38 (4 of 6 years: 2020|2021|2022|2023) x block_year ratio 1.469 (6 donor area(s) [315|329|358|398|404|406]) from 2024. Excludes PugetSound, which use a separate NEPA-derived 2014+ even/odd-year projection.",1.468669979633414
WACoast,Naselle,2022,unknown,unknown,15994.462260056283,4467,375,P2,p2_block_ratio,"P2 block ratio 3.581 creel-trips per CRC-salmon (block_year, 6 donor area(s) [329|358|398|400|404|406]) x CRC harvest 4467. CRC-denominated: the CRC reporting bias is inside the ratio, not applied on top of it.",3.5805825520609544
WACoast,Naselle,2023,unknown,unknown,5174.418776514556,3092,375,P2,p2_block_ratio,"P2 block ratio 1.673 creel-trips per CRC-salmon (block_year, 10 donor area(s) [315|329|348|350|358|398|400|402|404|406]) x CRC harvest 3092. CRC-denominated: the CRC reporting bias is inside the ratio, not applied on top of it.",1.6734860208649922
WACoast,Naselle,2024,unknown,unknown,4605.749056130386,3136,375,P2,p2_block_ratio,"P2 block ratio 1.469 creel-trips per CRC-salmon (block_year, 6 donor area(s) [315|329|358|398|404|406]) x CRC harvest 3136. CRC-denominated: the CRC reporting bias is inside the ratio, not applied on top of it.",1.4686699796334137
WACoast,Naselle,2025,unknown,unknown,4930.32512162937,3357,375,P3,crc_harvest_projection,"P3 projected: 6-yr mean CRC harvest 3357 (6 of 6 years: 2019|2020|2021|2022|2023|2024) x block_year ratio 1.469 (6 donor area(s) [315|329|358|398|404|406]) from 2024. Excludes PugetSound, which use a separate NEPA-derived 2014+ even/odd-year projection.",1.4686699796334137
WACoast,Nemah,2022,unknown,unknown,3107.9456551889084,868,379,P2,p2_block_ratio,"P2 block ratio 3.581 creel-trips per CRC-salmon (block_year, 6 donor area(s) [329|358|398|400|404|406]) x CRC harvest 868. CRC-denominated: the CRC reporting bias is inside the ratio, not applied on top of it.",3.5805825520609544
WACoast,Nemah,2023,unknown,unknown,1638.3428144268273,979,379,P2,p2_block_ratio,"P2 block ratio 1.673 creel-trips per CRC-salmon (block_year, 10 donor area(s) [315|329|348|350|358|398|400|402|404|406]) x CRC harvest 979. CRC-denominated: the CRC reporting bias is inside the ratio, not applied on top of it.",1.6734860208649922
WACoast,Nemah,2024,unknown,unknown,3814.135937107976,2597,379,P2,p2_block_ratio,"P2 block ratio 1.469 creel-trips per CRC-salmon (block_year, 6 donor area(s) [315|329|358|398|404|406]) x CRC harvest 2597. CRC-denominated: the CRC reporting bias is inside the ratio, not applied on top of it.",1.468669979633414
WACoast,Nemah,2025,unknown,unknown,2824.7419274949325,1923.3333333333333,379,P3,crc_harvest_projection,"P3 projected: 6-yr mean CRC harvest 1923 (6 of 6 years: 2019|2020|2021|2022|2023|2024) x block_year ratio 1.469 (6 donor area(s) [315|329|358|398|404|406]) from 2024. Excludes PugetSound, which use a separate NEPA-derived 2014+ even/odd-year projection.",1.4686699796334137
WACoast,Newaukum River,2022,unknown,unknown,214.83495312365727,60,325,P2,p2_block_ratio,"P2 block ratio 3.581 creel-trips per CRC-salmon (block_year, 6 donor area(s) [329|358|398|400|404|406]) x CRC harvest 60. CRC-denominated: the CRC reporting bias is inside the ratio, not applied on top of it.",3.5805825520609544
WACoast,Newaukum River,2023,unknown,unknown,26.775776333839875,16,325,P2,p2_block_ratio,"P2 block ratio 1.673 creel-trips per CRC-salmon (block_year, 10 donor area(s) [315|329|348|350|358|398|400|402|404|406]) x CRC harvest 16. CRC-denominated: the CRC reporting bias is inside the ratio, not applied on top of it.",1.6734860208649922
WACoast,Newaukum River,2025,unknown,unknown,53.16585326272959,36.2,325,P3,crc_harvest_projection,"P3 projected: 6-yr mean CRC harvest 36 (5 of 6 years: 2020|2021|2022|2023|2024) x block_year ratio 1.469 (6 donor area(s) [315|329|358|398|404|406]) from 2024. Excludes PugetSound, which use a separate NEPA-derived 2014+ even/odd-year projection.",1.468669979633414
WACoast,North River,2022,unknown,unknown,755.5029184848614,211,382,P2,p2_block_ratio,"P2 block ratio 3.581 creel-trips per CRC-salmon (block_year, 6 donor area(s) [329|358|398|400|404|406]) x CRC harvest 211. CRC-denominated: the CRC reporting bias is inside the ratio, not applied on top of it.",3.5805825520609544
WACoast,North River,2023,unknown,unknown,594.0875374070722,355,382,P2,p2_block_ratio,"P2 block ratio 1.673 creel-trips per CRC-salmon (block_year, 10 donor area(s) [315|329|348|350|358|398|400|402|404|406]) x CRC harvest 355. CRC-denominated: the CRC reporting bias is inside the ratio, not applied on top of it.",1.6734860208649922
WACoast,North River,2024,unknown,unknown,859.1719380855471,585,382,P2,p2_block_ratio,"P2 block ratio 1.469 creel-trips per CRC-salmon (block_year, 6 donor area(s) [315|329|358|398|404|406]) x CRC harvest 585. CRC-denominated: the CRC reporting bias is inside the ratio, not applied on top of it.",1.468669979633414
WACoast,North River,2025,unknown,unknown,519.9091727902286,354,382,P3,crc_harvest_projection,"P3 projected: 6-yr mean CRC harvest 354 (6 of 6 years: 2019|2020|2021|2022|2023|2024) x block_year ratio 1.469 (6 donor area(s) [315|329|358|398|404|406]) from 2024. Excludes PugetSound, which use a separate NEPA-derived 2014+ even/odd-year projection.",1.4686699796334142
WACoast,Queets River,2022,unknown,unknown,103.83689400976768,29,394,P2,p2_block_ratio,"P2 block ratio 3.581 creel-trips per CRC-salmon (block_year, 6 donor area(s) [329|358|398|400|404|406]) x CRC harvest 29. CRC-denominated: the CRC reporting bias is inside the ratio, not applied on top of it.",3.5805825520609544
WACoast,Queets River,2023,unknown,unknown,217.553182712449,130,394,P2,p2_block_ratio,"P2 block ratio 1.673 creel-trips per CRC-salmon (block_year, 10 donor area(s) [315|329|348|350|358|398|400|402|404|406]) x CRC harvest 130. CRC-denominated: the CRC reporting bias is inside the ratio, not applied on top of it.",1.6734860208649922
WACoast,Queets River,2024,unknown,unknown,142.46098802444115,97,394,P2,p2_block_ratio,"P2 block ratio 1.469 creel-trips per CRC-salmon (block_year, 6 donor area(s) [315|329|358|398|404|406]) x CRC harvest 97. CRC-denominated: the CRC reporting bias is inside the ratio, not applied on top of it.",1.468669979633414
WACoast,Queets River,2025,unknown,unknown,200.71823054989989,136.66666666666666,394,P3,crc_harvest_projection,"P3 projected: 6-yr mean CRC harvest 137 (6 of 6 years: 2019|2020|2021|2022|2023|2024) x block_year ratio 1.469 (6 donor area(s) [315|329|358|398|404|406]) from 2024. Excludes PugetSound, which use a separate NEPA-derived 2014+ even/odd-year projection.",1.468669979633414
WACoast,Quigg Lake,2022,unknown,unknown,340.15534244579067,95,370,P2,p2_block_ratio,"P2 block ratio 3.581 creel-trips per CRC-salmon (block_year, 6 donor area(s) [329|358|398|400|404|406]) x CRC harvest 95. CRC-denominated: the CRC reporting bias is inside the ratio, not applied on top of it.",3.5805825520609544
WACoast,Quigg Lake,2025,unknown,unknown,46.50788268839144,31.666666666666668,370,P3,crc_harvest_projection,"P3 projected: 6-yr mean CRC harvest 32 (3 of 6 years: 2019|2022|2023) x block_year ratio 1.469 (6 donor area(s) [315|329|358|398|404|406]) from 2024. Excludes PugetSound, which use a separate NEPA-derived 2014+ even/odd-year projection.",1.468669979633414
WACoast,Quillayute,2022,unguided,bank,2663.2340505463903,375.2494618226601,398|400|402|404|406,P1,creel_pe,design-based PE (pe_period=month); trip_length_source=area_season; estimated_donor; design-based PE (pe_period=month); trip_length_source=area_season; zero_effort; design-based PE (pe_period=month); trip_length_source=month; estimated; design-based PE (pe_period=month); trip_length_source=type_season; estimated_donor; design-based PE (pe_period=month); trip_length_source=type_season; zero_effort,7.097236162872935
WACoast,Quillayute,2022,guided,boat,327.5568539429053,410.4590609491416,398|400|402|404|406,P1,creel_pe,design-based PE (pe_period=month); trip_length_source=area_season; estimated_donor; design-based PE (pe_period=month); trip_length_source=area_season; zero_effort; design-based PE (pe_period=month); trip_length_source=month; estimated,0.7980256378930118
WACoast,Quillayute,2022,unguided,boat,696.9294764742666,873.3171509556204,398|400|402|404|406,P1,creel_pe,design-based PE (pe_period=month); trip_length_source=area_season; estimated_donor; design-based PE (pe_period=month); trip_length_source=area_season; zero_effort; design-based PE (pe_period=month); trip_length_source=month; estimated,0.7980256378930117
WACoast,Quillayute,2022,unknown,unknown,42.96699062473145,12,402,P2,p2_block_ratio,"P2 block ratio 3.581 creel-trips per CRC-salmon (block_year, 6 donor area(s) [329|358|398|400|404|406]) x CRC harvest 12. CRC-denominated: the CRC reporting bias is inside the ratio, not applied on top of it.",3.5805825520609544
WACoast,Quillayute,2023,unguided,bank,1660.6707409274304,144.34195555555556,398|400|402|404|406,P1,creel_pe,design-based PE (pe_period=month); trip_length_source=area_season; estimated_donor; design-based PE (pe_period=month); trip_length_source=area_season; zero_effort; design-based PE (pe_period=month); trip_length_source=month; estimated; design-based PE (pe_period=month); trip_length_source=type_season; estimated_donor; design-based PE (pe_period=month); trip_length_source=type_season; zero_effort,11.505114604660163
WACoast,Quillayute,2023,guided,boat,505.2774987371444,287.9783723367697,398|400|402|404|406,P1,creel_pe,design-based PE (pe_period=month); trip_length_source=area_season; zero_effort; design-based PE (pe_period=month); trip_length_source=month; estimated; design-based PE (pe_period=month); trip_length_source=type_season; estimated_donor; design-based PE (pe_period=month); trip_length_source=type_season; zero_effort,1.7545675205992872
WACoast,Quillayute,2023,unguided,boat,1075.7520940855334,613.1152443298969,398|400|402|404|406,P1,creel_pe,design-based PE (pe_period=month); trip_length_source=area_season; zero_effort; design-based PE (pe_period=month); trip_length_source=month; estimated; design-based PE (pe_period=month); trip_length_source=type_season; estimated_donor; design-based PE (pe_period=month); trip_length_source=type_season; zero_effort,1.7545675205992872
WACoast,Quillayute,2024,unguided,bank,3034.019402759324,204.3405774647887,398|400|402|404|406,P1,creel_pe,design-based PE (pe_period=month); trip_length_source=area_season; estimated_donor; design-based PE (pe_period=month); trip_length_source=month; estimated,14.84785567507822
WACoast,Quillayute,2024,guided,boat,1380.8088270233225,834.9357501210654,398|400|402|404|406,P1,creel_pe,design-based PE (pe_period=month); trip_length_source=area_season; estimated_donor; design-based PE (pe_period=month); trip_length_source=month; estimated; design-based PE (pe_period=month); trip_length_source=type_season; estimated_donor,1.6537905183998955
WACoast,Quillayute,2024,unguided,boat,2013.6795394090116,1217.6146355932203,398|400|402|404|406,P1,creel_pe,design-based PE (pe_period=month); trip_length_source=area_season; estimated_donor; design-based PE (pe_period=month); trip_length_source=month; estimated; design-based PE (pe_period=month); trip_length_source=type_season; estimated_donor,1.6537905183998953
WACoast,Quillayute,2024,unknown,unknown,58.746799185336556,40,402,P2,p2_block_ratio,"P2 block ratio 1.469 creel-trips per CRC-salmon (block_year, 6 donor area(s) [315|329|358|398|404|406]) x CRC harvest 40. CRC-denominated: the CRC reporting bias is inside the ratio, not applied on top of it.",1.468669979633414
WACoast,Quillayute,2025,unguided,bank,5314.089514993753,970.0543624273141,398|400|402|404|406,P1,creel_pe,design-based PE (pe_period=month); trip_length_source=area_season; estimated_donor; design-based PE (pe_period=month); trip_length_source=area_season; zero_effort; design-based PE (pe_period=month); trip_length_source=month; estimated,5.4781357837478275
WACoast,Quillayute,2025,guided,boat,917.4707670807916,694.8688886138614,398|400|402|404|406,P1,creel_pe,design-based PE (pe_period=month); trip_length_source=area_season; estimated_donor; design-based PE (pe_period=month); trip_length_source=area_season; zero_effort; design-based PE (pe_period=month); trip_length_source=month; estimated,1.3203509066451096
WACoast,Quillayute,2025,unguided,boat,1933.7460783087456,1464.5698113861388,398|400|402|404|406,P1,creel_pe,design-based PE (pe_period=month); trip_length_source=area_season; estimated_donor; design-based PE (pe_period=month); trip_length_source=area_season; zero_effort; design-based PE (pe_period=month); trip_length_source=month; estimated,1.3203509066451096
WACoast,Quillayute,2025,unknown,unknown,72.95274371511157,40,406,P2,p2_block_ratio,"P2 block ratio 1.824 creel-trips per CRC-salmon (block_pooled, 10 donor area(s) [315|329|348|350|358|398|400|402|404|406]) x CRC harvest 40. CRC-denominated: the CRC reporting bias is inside the ratio, not applied on top of it.",1.8238185928777892
WACoast,Quinault River,2022,unknown,unknown,100.25631145770673,28,410,P2,p2_block_ratio,"P2 block ratio 3.581 creel-trips per CRC-salmon (block_year, 6 donor area(s) [329|358|398|400|404|406]) x CRC harvest 28. CRC-denominated: the CRC reporting bias is inside the ratio, not applied on top of it.",3.5805825520609544
WACoast,Quinault River,2023,unknown,unknown,234.2880429210989,140,410,P2,p2_block_ratio,"P2 block ratio 1.673 creel-trips per CRC-salmon (block_year, 10 donor area(s) [315|329|348|350|358|398|400|402|404|406]) x CRC harvest 140. CRC-denominated: the CRC reporting bias is inside the ratio, not applied on top of it.",1.6734860208649922
WACoast,Quinault River,2024,unknown,unknown,23.498719674134623,16,410,P2,p2_block_ratio,"P2 block ratio 1.469 creel-trips per CRC-salmon (block_year, 6 donor area(s) [315|329|358|398|404|406]) x CRC harvest 16. CRC-denominated: the CRC reporting bias is inside the ratio, not applied on top of it.",1.468669979633414
WACoast,Quinault River,2025,unknown,unknown,98.64566696537764,67.16666666666667,410,P3,crc_harvest_projection,"P3 projected: 6-yr mean CRC harvest 67 (6 of 6 years: 2019|2020|2021|2022|2023|2024) x block_year ratio 1.469 (6 donor area(s) [315|329|358|398|404|406]) from 2024. Excludes PugetSound, which use a separate NEPA-derived 2014+ even/odd-year projection.",1.468669979633414
WACoast,Salmon River (Jefferson Co),2023,unknown,unknown,164.00163004476923,98,396,P2,p2_block_ratio,"P2 block ratio 1.673 creel-trips per CRC-salmon (block_year, 10 donor area(s) [315|329|348|350|358|398|400|402|404|406]) x CRC harvest 98. CRC-denominated: the CRC reporting bias is inside the ratio, not applied on top of it.",1.6734860208649922
WACoast,Salmon River (Jefferson Co),2024,unknown,unknown,305.4833557637501,208,396,P2,p2_block_ratio,"P2 block ratio 1.469 creel-trips per CRC-salmon (block_year, 6 donor area(s) [315|329|358|398|404|406]) x CRC harvest 208. CRC-denominated: the CRC reporting bias is inside the ratio, not applied on top of it.",1.4686699796334142
WACoast,Salmon River (Jefferson Co),2025,unknown,unknown,231.0707434623238,157.33333333333334,396,P3,crc_harvest_projection,"P3 projected: 6-yr mean CRC harvest 157 (6 of 6 years: 2019|2020|2021|2022|2023|2024) x block_year ratio 1.469 (6 donor area(s) [315|329|358|398|404|406]) from 2024. Excludes PugetSound, which use a separate NEPA-derived 2014+ even/odd-year projection.",1.468669979633414
WACoast,Satsop,2022,unguided,bank,4914.088470267484,2745.507,329,P1,creel_pe,design-based PE (pe_period=month); trip_length_source=month; estimated,1.7898655768378968
WACoast,Satsop,2022,unguided,boat,1462.4193274248796,881.7103035714287,329,P1,creel_pe,design-based PE (pe_period=month); trip_length_source=month; estimated,1.6586165790523812
WACoast,Satsop,2023,unguided,bank,8778.575022676285,1836.531,329,P1,creel_pe,design-based PE (pe_period=month); trip_length_source=area_season; zero_effort; design-based PE (pe_period=month); trip_length_source=month; estimated,4.779976500628786
WACoast,Satsop,2023,unguided,boat,2997.8673095267586,1462.7779373015874,329,P1,creel_pe,design-based PE (pe_period=month); trip_length_source=area_season; zero_effort; design-based PE (pe_period=month); trip_length_source=month; estimated,2.0494343215600983
WACoast,Satsop,2024,unguided,bank,6415.120173871222,3232.868833333333,329,P1,creel_pe,design-based PE (pe_period=month); trip_length_source=month; estimated,1.9843428560189205
WACoast,Satsop,2024,unguided,boat,3077.20720103395,2585.0544549977385,329,P1,creel_pe,design-based PE (pe_period=month); trip_length_source=month; estimated,1.190383898909643
WACoast,Satsop,2025,unguided,bank,6414.856747808881,1861.4283616883115,329,P1,creel_pe,design-based PE (pe_period=month); trip_length_source=month; estimated,3.446201250522808
WACoast,Satsop,2025,unguided,boat,2268.3355050074656,1469.6480992559523,329,P1,creel_pe,design-based PE (pe_period=month); trip_length_source=month; estimated,1.543454862531969
WACoast,Skookumchuck River,2023,unknown,unknown,26.775776333839875,16,333,P2,p2_block_ratio,"P2 block ratio 1.673 creel-trips per CRC-salmon (block_year, 10 donor area(s) [315|329|348|350|358|398|400|402|404|406]) x CRC harvest 16. CRC-denominated: the CRC reporting bias is inside the ratio, not applied on top of it.",1.6734860208649922
WACoast,Skookumchuck River,2024,unknown,unknown,160.0850277800421,109,333,P2,p2_block_ratio,"P2 block ratio 1.469 creel-trips per CRC-salmon (block_year, 6 donor area(s) [315|329|358|398|404|406]) x CRC harvest 109. CRC-denominated: the CRC reporting bias is inside the ratio, not applied on top of it.",1.468669979633414
WACoast,Skookumchuck River,2025,unknown,unknown,77.83950892057094,53,333,P3,crc_harvest_projection,"P3 projected: 6-yr mean CRC harvest 53 (6 of 6 years: 2019|2020|2021|2022|2023|2024) x block_year ratio 1.469 (6 donor area(s) [315|329|358|398|404|406]) from 2024. Excludes PugetSound, which use a separate NEPA-derived 2014+ even/odd-year projection.",1.468669979633414
WACoast,Smith Creek (Pacific Co),2022,unknown,unknown,42.96699062473145,12,384,P2,p2_block_ratio,"P2 block ratio 3.581 creel-trips per CRC-salmon (block_year, 6 donor area(s) [329|358|398|400|404|406]) x CRC harvest 12. CRC-denominated: the CRC reporting bias is inside the ratio, not applied on top of it.",3.5805825520609544
WACoast,Smith Creek (Pacific Co),2023,unknown,unknown,199.14483648293407,119,384,P2,p2_block_ratio,"P2 block ratio 1.673 creel-trips per CRC-salmon (block_year, 10 donor area(s) [315|329|348|350|358|398|400|402|404|406]) x CRC harvest 119. CRC-denominated: the CRC reporting bias is inside the ratio, not applied on top of it.",1.6734860208649922
WACoast,Smith Creek (Pacific Co),2024,unknown,unknown,117.49359837067311,80,384,P2,p2_block_ratio,"P2 block ratio 1.469 creel-trips per CRC-salmon (block_year, 6 donor area(s) [315|329|358|398|404|406]) x CRC harvest 80. CRC-denominated: the CRC reporting bias is inside the ratio, not applied on top of it.",1.468669979633414
WACoast,Smith Creek (Pacific Co),2025,unknown,unknown,84.4485238289213,57.5,384,P3,crc_harvest_projection,"P3 projected: 6-yr mean CRC harvest 58 (6 of 6 years: 2019|2020|2021|2022|2023|2024) x block_year ratio 1.469 (6 donor area(s) [315|329|358|398|404|406]) from 2024. Excludes PugetSound, which use a separate NEPA-derived 2014+ even/odd-year projection.",1.468669979633414
WACoast,Sooes River,2023,unknown,unknown,33.46972041729985,20,418,P2,p2_block_ratio,"P2 block ratio 1.673 creel-trips per CRC-salmon (block_year, 10 donor area(s) [315|329|348|350|358|398|400|402|404|406]) x CRC harvest 20. CRC-denominated: the CRC reporting bias is inside the ratio, not applied on top of it.",1.6734860208649924
WACoast,Upper Chehalis,2023,unknown,bank,2745.1378835826513,57.82,315|317,P1,creel_pe,design-based PE (pe_period=month); trip_length_source=area_season; estimated_donor; design-based PE (pe_period=month); trip_length_source=area_season; zero_effort; design-based PE (pe_period=month); trip_length_source=month; estimated,47.47730687621327
WACoast,Upper Chehalis,2023,guided,boat,745.1068407725019,389.972955399061,315|317,P1,creel_pe,design-based PE (pe_period=month); trip_length_source=area_season; zero_effort; design-based PE (pe_period=month); trip_length_source=month; estimated,1.9106628561204477
WACoast,Upper Chehalis,2023,unguided,boat,4064.219131486374,2127.1252112676057,315|317,P1,creel_pe,design-based PE (pe_period=month); trip_length_source=area_season; zero_effort; design-based PE (pe_period=month); trip_length_source=month; estimated,1.9106628561204475
WACoast,Willapa,2022,unknown,unknown,10935.099113994154,3054,424,P2,p2_block_ratio,"P2 block ratio 3.581 creel-trips per CRC-salmon (block_year, 6 donor area(s) [329|358|398|400|404|406]) x CRC harvest 3054. CRC-denominated: the CRC reporting bias is inside the ratio, not applied on top of it.",3.5805825520609544
WACoast,Willapa,2023,unknown,unknown,5135.928598034661,3069,424,P2,p2_block_ratio,"P2 block ratio 1.673 creel-trips per CRC-salmon (block_year, 10 donor area(s) [315|329|348|350|358|398|400|402|404|406]) x CRC harvest 3069. CRC-denominated: the CRC reporting bias is inside the ratio, not applied on top of it.",1.6734860208649922
WACoast,Willapa,2024,unknown,unknown,4319.3584101018705,2941,424,P2,p2_block_ratio,"P2 block ratio 1.469 creel-trips per CRC-salmon (block_year, 6 donor area(s) [315|329|358|398|404|406]) x CRC harvest 2941. CRC-denominated: the CRC reporting bias is inside the ratio, not applied on top of it.",1.468669979633414
WACoast,Willapa,2025,unknown,unknown,3514.5272612627596,2393,424,P3,crc_harvest_projection,"P3 projected: 6-yr mean CRC harvest 2393 (6 of 6 years: 2019|2020|2021|2022|2023|2024) x block_year ratio 1.469 (6 donor area(s) [315|329|358|398|404|406]) from 2024. Excludes PugetSound, which use a separate NEPA-derived 2014+ even/odd-year projection.",1.468669979633414
WACoast,Wishkah River,2022,unknown,unknown,755.5029184848614,211,335,P2,p2_block_ratio,"P2 block ratio 3.581 creel-trips per CRC-salmon (block_year, 6 donor area(s) [329|358|398|400|404|406]) x CRC harvest 211. CRC-denominated: the CRC reporting bias is inside the ratio, not applied on top of it.",3.5805825520609544
WACoast,Wishkah River,2023,unknown,unknown,420.04499123711304,251,335,P2,p2_block_ratio,"P2 block ratio 1.673 creel-trips per CRC-salmon (block_year, 10 donor area(s) [315|329|348|350|358|398|400|402|404|406]) x CRC harvest 251. CRC-denominated: the CRC reporting bias is inside the ratio, not applied on top of it.",1.6734860208649922
WACoast,Wishkah River,2024,unknown,unknown,120.43093832993995,82,335,P2,p2_block_ratio,"P2 block ratio 1.469 creel-trips per CRC-salmon (block_year, 6 donor area(s) [315|329|358|398|404|406]) x CRC harvest 82. CRC-denominated: the CRC reporting bias is inside the ratio, not applied on top of it.",1.468669979633414
WACoast,Wishkah River,2025,unknown,unknown,200.9630088798388,136.83333333333334,335,P3,crc_harvest_projection,"P3 projected: 6-yr mean CRC harvest 137 (6 of 6 years: 2019|2020|2021|2022|2023|2024) x block_year ratio 1.469 (6 donor area(s) [315|329|358|398|404|406]) from 2024. Excludes PugetSound, which use a separate NEPA-derived 2014+ even/odd-year projection.",1.468669979633414
WACoast,Wynoochee River,2022,unknown,unknown,895.1456380152387,250,337,P2,p2_block_ratio,"P2 block ratio 3.581 creel-trips per CRC-salmon (block_year, 6 donor area(s) [329|358|398|400|404|406]) x CRC harvest 250. CRC-denominated: the CRC reporting bias is inside the ratio, not applied on top of it.",3.5805825520609544
WACoast,Wynoochee River,2023,unknown,unknown,681.1088104920518,407,337,P2,p2_block_ratio,"P2 block ratio 1.673 creel-trips per CRC-salmon (block_year, 10 donor area(s) [315|329|348|350|358|398|400|402|404|406]) x CRC harvest 407. CRC-denominated: the CRC reporting bias is inside the ratio, not applied on top of it.",1.6734860208649922
WACoast,Wynoochee River,2024,unknown,unknown,892.9513476171156,608,337,P2,p2_block_ratio,"P2 block ratio 1.469 creel-trips per CRC-salmon (block_year, 6 donor area(s) [315|329|358|398|404|406]) x CRC harvest 608. CRC-denominated: the CRC reporting bias is inside the ratio, not applied on top of it.",1.468669979633414
WACoast,Wynoochee River,2025,unknown,unknown,579.6350852953208,394.6666666666667,337,P3,crc_harvest_projection,"P3 projected: 6-yr mean CRC harvest 395 (6 of 6 years: 2019|2020|2021|2022|2023|2024) x block_year ratio 1.469 (6 donor area(s) [315|329|358|398|404|406]) from 2024. Excludes PugetSound, which use a separate NEPA-derived 2014+ even/odd-year projection.",1.4686699796334142
