fishery_name,week,angler_final,hours,total_hours,prop
Baker summer sockeye 2022,2022-07-10,Bank,11.166666666666668,1433.0500000000002,0.0077922380005349895
Baker summer sockeye 2022,2022-07-10,Boat,1421.8833333333334,1433.0500000000002,0.9922077619994649
Baker summer sockeye 2022,2022-07-17,Boat,2054.883333333333,2054.883333333333,1
Baker summer sockeye 2022,2022-07-24,Boat,907.45,907.45,1
Baker summer sockeye 2022,2022-07-31,Boat,1162.3666666666666,1162.3666666666666,1
Baker summer sockeye 2022,2022-08-07,Boat,818.1166666666667,818.1166666666667,1
Baker summer sockeye 2022,2022-08-14,Boat,575.6666666666666,575.6666666666666,1
Baker summer sockeye 2022,2022-08-21,Bank,14.8,224.05,0.06605668377594287
Baker summer sockeye 2022,2022-08-21,Boat,209.25,224.05,0.9339433162240571
Baker summer sockeye 2022,2022-08-28,Bank,3.7666666666666666,52.9,0.07120352867044738
Baker summer sockeye 2022,2022-08-28,Boat,49.13333333333333,52.9,0.9287964713295527
Baker summer sockeye 2023,2023-07-16,Bank,71.95,2650.583333333333,0.02714496808878549
Baker summer sockeye 2023,2023-07-16,Boat,2578.633333333333,2650.583333333333,0.9728550319112146
Baker summer sockeye 2023,2023-07-23,Bank,15.566666666666666,1319.1499999999999,0.011800528117853669
Baker summer sockeye 2023,2023-07-23,Boat,1303.5833333333333,1319.1499999999999,0.9881994718821464
Baker summer sockeye 2023,2023-07-30,Boat,1064.7166666666667,1064.7166666666667,1
Baker summer sockeye 2023,2023-08-06,Boat,806.0166666666667,806.0166666666667,1
Baker summer sockeye 2023,2023-08-13,Bank,17.166666666666668,131.76666666666665,0.13028079939286621
Baker summer sockeye 2023,2023-08-13,Boat,114.6,131.76666666666665,0.8697192006071339
Cascade fall salmon 2021,2021-09-19,Bank,26.55,26.55,1
Cascade fall salmon 2021,2021-09-26,Bank,86.45,86.45,1
Cascade fall salmon 2021,2021-10-03,Bank,67.78333333333333,67.78333333333333,1
Cascade fall salmon 2021,2021-10-10,Bank,102.4,102.4,1
Cascade fall salmon 2021,2021-10-17,Bank,81.23333333333333,81.23333333333333,1
Cascade fall salmon 2021,2021-10-24,Bank,26.366666666666667,26.366666666666667,1
Cascade fall salmon 2021,2021-10-31,Bank,75.46666666666667,75.46666666666667,1
Cascade fall salmon 2021,2021-11-07,Bank,24.583333333333336,24.583333333333336,1
Cascade fall salmon 2021,2021-11-14,Bank,18.233333333333334,18.233333333333334,1
Cascade fall salmon 2021,2021-11-21,Bank,21.900000000000002,21.900000000000002,1
Cascade fall salmon 2021,2021-11-28,Bank,1.8833333333333333,1.8833333333333333,1
Cascade fall salmon 2022,2022-09-18,Bank,54.36666666666667,54.36666666666667,1
Cascade fall salmon 2022,2022-09-25,Bank,152.56666666666666,152.56666666666666,1
Cascade fall salmon 2022,2022-10-02,Bank,232.31666666666666,232.31666666666666,1
Cascade fall salmon 2022,2022-10-09,Bank,202.75,202.75,1
Cascade fall salmon 2022,2022-10-16,Bank,157.35,157.35,1
Cascade fall salmon 2022,2022-10-23,Bank,58.766666666666666,58.766666666666666,1
Cascade fall salmon 2022,2022-10-30,Bank,131.06666666666666,131.06666666666666,1
Cascade fall salmon 2022,2022-11-06,Bank,88.63333333333333,88.63333333333333,1
Cascade fall salmon 2022,2022-11-13,Bank,75.78333333333333,75.78333333333333,1
Cascade fall salmon 2022,2022-11-20,Bank,6.766666666666667,6.766666666666667,1
Cascade fall salmon 2022,2022-11-27,Bank,16.733333333333334,16.733333333333334,1
Cascade fall salmon 2023,2023-09-10,Bank,27.96666666666667,27.96666666666667,1
Cascade fall salmon 2023,2023-09-17,Bank,34.86666666666667,34.86666666666667,1
Cascade fall salmon 2023,2023-09-24,Bank,316.53333333333336,316.53333333333336,1
Cascade fall salmon 2023,2023-10-01,Bank,311.43333333333334,311.43333333333334,1
Cascade fall salmon 2023,2023-10-08,Bank,414.2833333333333,414.2833333333333,1
Cascade fall salmon 2023,2023-10-15,Bank,204.35,204.35,1
Cascade fall salmon 2023,2023-10-22,Bank,196.11666666666667,196.11666666666667,1
Cascade fall salmon 2023,2023-10-29,Bank,133.15,133.15,1
Cascade fall salmon 2023,2023-11-05,Bank,63.41666666666667,63.41666666666667,1
Cascade fall salmon 2023,2023-11-12,Bank,43.88333333333333,43.88333333333333,1
Cascade fall salmon 2023,2023-11-19,Bank,12.066666666666666,12.066666666666666,1
Cascade fall salmon 2023,2023-11-26,Bank,9.416666666666668,9.416666666666668,1
Cascade fall salmon 2024,2024-09-15,Bank,94,94,1
Cascade fall salmon 2024,2024-09-22,Bank,107.2,107.2,1
Cascade fall salmon 2024,2024-09-29,Bank,146.56666666666666,146.56666666666666,1
Cascade fall salmon 2024,2024-10-06,Bank,116.61666666666666,116.61666666666666,1
Cascade fall salmon 2024,2024-10-13,Bank,280.1166666666667,280.1166666666667,1
Cascade fall salmon 2024,2024-10-20,Bank,249.65,249.65,1
Cascade fall salmon 2024,2024-10-27,Bank,263.3333333333333,263.3333333333333,1
Cascade fall salmon 2024,2024-11-03,Bank,91.55,91.55,1
Cascade fall salmon 2024,2024-11-10,Bank,17.25,17.25,1
Cascade fall salmon 2024,2024-11-17,Bank,31.733333333333334,31.733333333333334,1
Cascade fall salmon 2024,2024-11-24,Bank,17.083333333333332,17.083333333333332,1
Cascade spring Chinook 2021,2021-05-30,Bank,123.25,123.25,1
Cascade spring Chinook 2021,2021-06-06,Bank,158,158,1
Cascade spring Chinook 2021,2021-06-13,Bank,419.5,419.5,1
Cascade spring Chinook 2021,2021-06-20,Bank,187.25,187.25,1
Cascade spring Chinook 2021,2021-06-27,Bank,182.25,182.25,1
Cascade spring Chinook 2021,2021-07-04,Bank,30.166666666666668,30.166666666666668,1
Cascade spring Chinook 2021,2021-07-11,Bank,63.666666666666664,63.666666666666664,1
Cascade spring Chinook 2022,2022-05-29,Bank,294.01666666666665,294.01666666666665,1
Cascade spring Chinook 2022,2022-06-05,Bank,566.5166666666667,566.5166666666667,1
Cascade spring Chinook 2022,2022-06-12,Bank,344.95,344.95,1
Cascade spring Chinook 2022,2022-06-19,Bank,584.2333333333333,584.2333333333333,1
Cascade spring Chinook 2022,2022-06-26,Bank,719.5166666666667,719.5166666666667,1
Cascade spring Chinook 2022,2022-07-03,Bank,223.53333333333333,223.53333333333333,1
Cascade spring Chinook 2022,2022-07-10,Bank,164.96666666666667,164.96666666666667,1
Cascade spring Chinook 2023,2023-05-28,Bank,110.45,110.45,1
Cascade spring Chinook 2023,2023-06-04,Bank,128.61666666666667,128.61666666666667,1
Cascade spring Chinook 2023,2023-06-11,Bank,257.9,257.9,1
Cascade spring Chinook 2023,2023-06-18,Bank,59.7,59.7,1
Cascade spring Chinook 2023,2023-06-25,Bank,138.8,138.8,1
Cascade spring Chinook 2023,2023-07-02,Bank,34.5,34.5,1
Cascade spring Chinook 2023,2023-07-09,Bank,83.36666666666667,83.36666666666667,1
Cascade spring Chinook 2024,2024-05-26,Bank,224.71666666666667,224.71666666666667,1
Cascade spring Chinook 2024,2024-06-02,Bank,346.45,346.45,1
Cascade spring Chinook 2024,2024-06-09,Bank,305.65,305.65,1
Cascade spring Chinook 2024,2024-06-16,Bank,0.3333333333333333,0.3333333333333333,1
Cascade spring Chinook 2024,2024-06-23,Bank,106.65,106.65,1
Cascade spring Chinook 2024,2024-06-30,Bank,90.46666666666667,90.46666666666667,1
Cascade spring Chinook 2024,2024-07-07,Bank,28.383333333333333,28.383333333333333,1
Cascade spring Chinook 2024,2024-07-14,Bank,7.266666666666667,7.266666666666667,1
Cascade winter gamefish 2021-22,2021-11-28,Bank,5.283333333333333,5.283333333333333,1
Cascade winter gamefish 2021-22,2021-12-05,Bank,32.483333333333334,32.483333333333334,1
Cascade winter gamefish 2021-22,2021-12-12,Bank,3.283333333333333,3.283333333333333,1
Cascade winter gamefish 2021-22,2021-12-19,Bank,5.5,5.5,1
Cascade winter gamefish 2021-22,2021-12-26,Bank,3.5,3.5,1
Cascade winter gamefish 2021-22,2022-01-02,Bank,3.1,3.1,1
Cascade winter gamefish 2021-22,2022-01-09,Bank,8.45,8.45,1
Cascade winter gamefish 2021-22,2022-01-16,Bank,2,2,1
Cascade winter gamefish 2023,2023-01-08,Bank,12.4,12.4,1
Cascade winter gamefish 2023,2023-01-15,Bank,13.166666666666666,13.166666666666666,1
Chehalis salmon 2022,2022-09-11,Bank,6.9,588.25,0.011729706757331067
Chehalis salmon 2022,2022-09-11,Boat,581.35,588.25,0.988270293242669
Chehalis salmon 2022,2022-09-18,Bank,79.31666666666666,1034.1,0.07670115720594398
Chehalis salmon 2022,2022-09-18,Boat,954.7833333333333,1034.1,0.923298842794056
Chehalis salmon 2022,2022-09-25,Bank,75.6,1155.1499999999999,0.0654460459680561
Chehalis salmon 2022,2022-09-25,Boat,1079.55,1155.1499999999999,0.934553954031944
Chehalis salmon 2022,2022-10-02,Bank,78.81666666666666,898.7666666666667,0.08769424767273672
Chehalis salmon 2022,2022-10-02,Boat,819.95,898.7666666666667,0.9123057523272633
Chehalis salmon 2022,2022-10-09,Bank,30.383333333333333,1320.6166666666668,0.023006928581344573
Chehalis salmon 2022,2022-10-09,Boat,1290.2333333333333,1320.6166666666668,0.9769930714186553
Chehalis salmon 2022,2022-10-16,Bank,20.65,1529.8666666666668,0.01349790831445006
Chehalis salmon 2022,2022-10-16,Boat,1509.2166666666667,1529.8666666666668,0.9865020916855499
Chehalis salmon 2022,2022-10-23,Bank,60.45,1528.9666666666667,0.039536506137042446
Chehalis salmon 2022,2022-10-23,Boat,1468.5166666666667,1528.9666666666667,0.9604634938629575
Chehalis salmon 2022,2022-10-30,Bank,1.9333333333333333,399.98333333333335,0.004833534730613776
Chehalis salmon 2022,2022-10-30,Boat,398.05,399.98333333333335,0.9951664652693862
Chehalis salmon 2022,2022-11-06,Bank,33.266666666666666,111.33333333333333,0.29880239520958085
Chehalis salmon 2022,2022-11-06,Boat,78.06666666666666,111.33333333333333,0.7011976047904191
Chehalis salmon 2022,2022-11-13,Bank,1.3166666666666667,154.81666666666666,0.008504682958337818
Chehalis salmon 2022,2022-11-13,Boat,153.5,154.81666666666666,0.9914953170416622
Chehalis salmon 2022,2022-11-20,Boat,209.08333333333334,209.08333333333334,1
Chehalis salmon 2022,2022-11-27,Boat,33.833333333333336,33.833333333333336,1
Chehalis salmon 2022,2022-12-04,Bank,59.63333333333333,59.63333333333333,1
Chehalis salmon 2022,2022-12-11,Bank,15.85,15.85,1
Chehalis salmon 2024,2024-09-15,Bank,147.21666666666667,1772.3,0.08306532001730332
Chehalis salmon 2024,2024-09-15,Boat,1625.0833333333333,1772.3,0.9169346799826966
Chehalis salmon 2024,2024-09-22,Bank,242.71666666666667,2387.75,0.10165078700310613
Chehalis salmon 2024,2024-09-22,Boat,2145.0333333333333,2387.75,0.8983492129968939
Chehalis salmon 2024,2024-09-29,Bank,52.88333333333333,1276.1666666666667,0.041439205955334985
Chehalis salmon 2024,2024-09-29,Boat,1223.2833333333333,1276.1666666666667,0.9585607940446649
Chehalis salmon 2024,2024-10-06,Bank,101.85,1261.1166666666666,0.08076175875877199
Chehalis salmon 2024,2024-10-06,Boat,1159.2666666666667,1261.1166666666666,0.9192382412412281
Chehalis salmon 2024,2024-10-13,Bank,162.6,1034.1166666666666,0.15723564394733025
Chehalis salmon 2024,2024-10-13,Boat,871.5166666666667,1034.1166666666666,0.8427643560526699
Chehalis salmon 2024,2024-10-20,Bank,106,659.7666666666667,0.1606628606072854
Chehalis salmon 2024,2024-10-20,Boat,553.7666666666667,659.7666666666667,0.8393371393927146
Chehalis salmon 2024,2024-10-27,Bank,335.93333333333334,902,0.37243163340724317
Chehalis salmon 2024,2024-10-27,Boat,566.0666666666667,902,0.6275683665927569
Chehalis salmon 2024,2024-11-03,Bank,231.33333333333331,1183.7,0.19543240122778854
Chehalis salmon 2024,2024-11-03,Boat,952.3666666666667,1183.7,0.8045675987722114
Chehalis salmon 2024,2024-11-10,Bank,68.08333333333333,402.95,0.16896223683666295
Chehalis salmon 2024,2024-11-10,Boat,334.8666666666667,402.95,0.8310377631633371
Chehalis salmon 2024,2024-11-17,Bank,35.516666666666666,71.93333333333334,0.4937442075996292
Chehalis salmon 2024,2024-11-17,Boat,36.41666666666667,71.93333333333334,0.5062557924003708
Chehalis salmon 2024,2024-11-24,Bank,58.61666666666667,277.3833333333333,0.21132007450579823
Chehalis salmon 2024,2024-11-24,Boat,218.76666666666668,277.3833333333333,0.78867992549420185
Chehalis salmon 2024,2024-12-01,Bank,6.816666666666666,249.51666666666668,0.027319484336383672
Chehalis salmon 2024,2024-12-01,Boat,242.70000000000002,249.51666666666668,0.9726805156636164
Chehalis salmon 2024,2024-12-08,Bank,3.6166666666666667,151.43333333333334,0.023882896764252697
Chehalis salmon 2024,2024-12-08,Boat,147.81666666666666,151.43333333333334,0.9761171032357473
Chehalis salmon 2024,2024-12-15,Boat,54.35,54.35,1
Chehalis salmon 2024,2024-12-22,Bank,0.43333333333333335,0.43333333333333335,1
Chehalis salmon 2025,2025-09-14,Bank,117.38333333333334,2012.45,0.0583285713102603
Chehalis salmon 2025,2025-09-14,Boat,1895.0666666666666,2012.45,0.9416714286897396
Chehalis salmon 2025,2025-09-21,Bank,89.3,1753.7333333333333,0.05091994221850528
Chehalis salmon 2025,2025-09-21,Boat,1664.4333333333334,1753.7333333333333,0.9490800577814947
Chehalis salmon 2025,2025-09-28,Bank,152.5,1553.2,0.09818439351017254
Chehalis salmon 2025,2025-09-28,Boat,1400.7,1553.2,0.9018156064898275
Chehalis salmon 2025,2025-10-05,Bank,96.86666666666666,1012.3333333333334,0.09568653276259466
Chehalis salmon 2025,2025-10-05,Boat,915.4666666666667,1012.3333333333334,0.9043134672374054
Chehalis salmon 2025,2025-10-12,Bank,198.26666666666668,1586.2666666666667,0.1249894931495335
Chehalis salmon 2025,2025-10-12,Boat,1388,1586.2666666666667,0.8750105068504666
Chehalis salmon 2025,2025-10-19,Bank,50.9,866.55,0.05873867636027927
Chehalis salmon 2025,2025-10-19,Boat,815.65,866.55,0.9412613236397207
Chehalis salmon 2025,2025-10-26,Bank,167.55,864.3833333333332,0.19383761062800073
Chehalis salmon 2025,2025-10-26,Boat,696.8333333333333,864.3833333333332,0.8061623893719994
Chehalis salmon 2025,2025-11-02,Bank,74.16666666666667,486,0.15260631001371744
Chehalis salmon 2025,2025-11-02,Boat,411.8333333333333,486,0.8473936899862825
Chehalis salmon 2025,2025-11-09,Bank,30.166666666666668,294.56666666666666,0.10241032024442685
Chehalis salmon 2025,2025-11-09,Boat,264.4,294.56666666666666,0.8975896797555731
Chehalis salmon 2025,2025-11-16,Bank,86.7,937.7166666666667,0.09245863178287685
Chehalis salmon 2025,2025-11-16,Boat,851.0166666666667,937.7166666666667,0.9075413682171231
Chehalis salmon 2025,2025-11-23,Bank,41.916666666666664,452.3666666666667,0.0926608208680274
Chehalis salmon 2025,2025-11-23,Boat,410.45,452.3666666666667,0.9073391791319726
Chehalis salmon 2025,2025-11-30,Boat,110.73333333333333,110.73333333333333,1
Chehalis salmon 2025,2025-12-07,Bank,3.283333333333333,16.21666666666667,0.20246659815005136
Chehalis salmon 2025,2025-12-07,Boat,12.933333333333334,16.21666666666667,0.7975334018499486
Chehalis salmon 2025,2025-12-21,Bank,22.7,29.799999999999997,0.7617449664429531
Chehalis salmon 2025,2025-12-21,Boat,7.1,29.799999999999997,0.238255033557047
Chehalis salmon 2025,2025-12-28,Boat,14.233333333333333,14.233333333333333,1
Chehalis winter steelhead 2024-25,2024-10-27,Bank,131.85,344.79999999999995,0.38239559164733183
Chehalis winter steelhead 2024-25,2024-10-27,Boat,212.95,344.79999999999995,0.6176044083526683
Chehalis winter steelhead 2024-25,2024-11-03,Bank,231.33333333333331,1102.25,0.2098737431012323
Chehalis winter steelhead 2024-25,2024-11-03,Boat,870.9166666666666,1102.25,0.7901262568987676
Chehalis winter steelhead 2024-25,2024-11-10,Bank,68.08333333333333,350.15,0.1944404778904279
Chehalis winter steelhead 2024-25,2024-11-10,Boat,282.06666666666666,350.15,0.8055595221095722
Chehalis winter steelhead 2024-25,2024-11-17,Bank,35.516666666666666,71.93333333333334,0.4937442075996292
Chehalis winter steelhead 2024-25,2024-11-17,Boat,36.41666666666667,71.93333333333334,0.5062557924003708
Chehalis winter steelhead 2024-25,2024-11-24,Bank,58.61666666666667,277.3833333333333,0.21132007450579823
Chehalis winter steelhead 2024-25,2024-11-24,Boat,218.76666666666668,277.3833333333333,0.78867992549420185
Chehalis winter steelhead 2024-25,2024-12-01,Bank,6.816666666666666,249.51666666666668,0.027319484336383672
Chehalis winter steelhead 2024-25,2024-12-01,Boat,242.70000000000002,249.51666666666668,0.9726805156636164
Chehalis winter steelhead 2024-25,2024-12-08,Bank,3.6166666666666667,151.43333333333334,0.023882896764252697
Chehalis winter steelhead 2024-25,2024-12-08,Boat,147.81666666666666,151.43333333333334,0.9761171032357473
Chehalis winter steelhead 2024-25,2024-12-15,Boat,54.35,54.35,1
Chehalis winter steelhead 2024-25,2024-12-22,Bank,0.43333333333333335,0.43333333333333335,1
Chehalis winter steelhead 2024-25,2024-12-29,Boat,3.6,3.6,1
Chehalis winter steelhead 2024-25,2025-01-05,Bank,33.166666666666664,70,0.4738095238095238
Chehalis winter steelhead 2024-25,2025-01-05,Boat,36.833333333333336,70,0.5261904761904762
Chehalis winter steelhead 2024-25,2025-01-12,Bank,5.550000000000001,103.53333333333333,0.053605924018029626
Chehalis winter steelhead 2024-25,2025-01-12,Boat,97.98333333333333,103.53333333333333,0.9463940759819705
Chehalis winter steelhead 2024-25,2025-01-19,Bank,44.33333333333333,123.01666666666665,0.36038477171115024
Chehalis winter steelhead 2024-25,2025-01-19,Boat,78.68333333333332,123.01666666666665,0.6396152282888498
Chehalis winter steelhead 2024-25,2025-01-26,Bank,18.7,50.11666666666667,0.37312936481543063
Chehalis winter steelhead 2024-25,2025-01-26,Boat,31.416666666666668,50.11666666666667,0.6268706351845693
Chehalis winter steelhead 2024-25,2025-02-02,Bank,4.433333333333334,116.96666666666667,0.037902536335138216
Chehalis winter steelhead 2024-25,2025-02-02,Boat,112.53333333333333,116.96666666666667,0.9620974636648617
Chehalis winter steelhead 2024-25,2025-02-09,Boat,21.45,21.45,1
Chehalis winter steelhead 2024-25,2025-02-16,Bank,5.283333333333333,30.866666666666667,0.17116630669546434
Chehalis winter steelhead 2024-25,2025-02-16,Boat,25.583333333333332,30.866666666666667,0.8288336933045356
Chehalis winter steelhead 2025-26,2025-11-30,Boat,110.73333333333333,110.73333333333333,1
Chehalis winter steelhead 2025-26,2025-12-07,Bank,3.283333333333333,16.21666666666667,0.20246659815005136
Chehalis winter steelhead 2025-26,2025-12-07,Boat,12.933333333333334,16.21666666666667,0.7975334018499486
Chehalis winter steelhead 2025-26,2025-12-21,Bank,22.7,29.799999999999997,0.7617449664429531
Chehalis winter steelhead 2025-26,2025-12-21,Boat,7.1,29.799999999999997,0.238255033557047
Chehalis winter steelhead 2025-26,2025-12-28,Bank,3.4499999999999997,31.583333333333332,0.10923482849604221
Chehalis winter steelhead 2025-26,2025-12-28,Boat,28.133333333333333,31.583333333333332,0.8907651715039578
Chehalis winter steelhead 2025-26,2026-01-04,Bank,2.1166666666666667,22.833333333333336,0.09270072992700729
Chehalis winter steelhead 2025-26,2026-01-04,Boat,20.71666666666667,22.833333333333336,0.9072992700729927
Chehalis winter steelhead 2025-26,2026-01-11,Bank,5.333333333333333,68.81666666666666,0.07750060547348026
Chehalis winter steelhead 2025-26,2026-01-11,Boat,63.483333333333334,68.81666666666666,0.9224993945265199
Chehalis winter steelhead 2025-26,2026-01-18,Bank,5.083333333333334,122.75,0.04141208418194162
Chehalis winter steelhead 2025-26,2026-01-18,Boat,117.66666666666667,122.75,0.9585879158180585
Chehalis winter steelhead 2025-26,2026-01-25,Bank,8.6,33.4,0.25748502994011974
Chehalis winter steelhead 2025-26,2026-01-25,Boat,24.8,33.4,0.7425149700598803
Chehalis winter steelhead 2025-26,2026-02-01,Boat,47.86666666666667,47.86666666666667,1
Chehalis winter steelhead 2025-26,2026-02-08,Boat,28.866666666666667,28.866666666666667,1
Chehalis winter steelhead 2025-26,2026-02-15,Boat,23.1,23.1,1
Drano Lake salmon and steelhead 2022,2022-07-31,Bank,49.483333333333334,248.39999999999998,0.19920826623725177
Drano Lake salmon and steelhead 2022,2022-07-31,Boat,198.91666666666666,248.39999999999998,0.8007917337627483
Drano Lake salmon and steelhead 2022,2022-08-07,Bank,114.81666666666666,470.76666666666665,0.24389294059335836
Drano Lake salmon and steelhead 2022,2022-08-07,Boat,355.95,470.76666666666665,0.7561070594066417
Drano Lake salmon and steelhead 2022,2022-08-14,Bank,59.93333333333334,909.7666666666667,0.0658776975781336
Drano Lake salmon and steelhead 2022,2022-08-14,Boat,849.8333333333334,909.7666666666667,0.9341223024218664
Drano Lake salmon and steelhead 2022,2022-08-21,Bank,93.78333333333333,1151.3666666666666,0.08145392432182046
Drano Lake salmon and steelhead 2022,2022-08-21,Boat,1057.5833333333333,1151.3666666666666,0.9185460756781796
Drano Lake salmon and steelhead 2022,2022-08-28,Bank,113.16666666666667,2581.7166666666667,0.043833883139771344
Drano Lake salmon and steelhead 2022,2022-08-28,Boat,2468.55,2581.7166666666667,0.9561661168602287
Drano Lake salmon and steelhead 2022,2022-09-04,Bank,134.95,1530.8,0.08815651946694539
Drano Lake salmon and steelhead 2022,2022-09-04,Boat,1395.85,1530.8,0.9118434805330545
Drano Lake salmon and steelhead 2022,2022-09-11,Bank,42.166666666666664,797,0.05290673358427436
Drano Lake salmon and steelhead 2022,2022-09-11,Boat,754.8333333333334,797,0.9470932664157257
Drano Lake salmon and steelhead 2022,2022-10-02,Bank,145.4,914.1999999999999,0.15904616057755416
Drano Lake salmon and steelhead 2022,2022-10-02,Boat,768.8,914.1999999999999,0.8409538394224458
Drano Lake salmon and steelhead 2022,2022-10-09,Bank,235.91666666666666,853.6666666666666,0.2763568918391253
Drano Lake salmon and steelhead 2022,2022-10-09,Boat,617.75,853.6666666666666,0.7236431081608747
Drano Lake salmon and steelhead 2022,2022-10-16,Bank,138.53333333333333,574.5166666666667,0.24113022540686374
Drano Lake salmon and steelhead 2022,2022-10-16,Boat,435.98333333333335,574.5166666666667,0.7588697745931363
Drano Lake salmon and steelhead 2022,2022-10-23,Bank,273.3833333333333,566.6666666666667,0.48244117647058815
Drano Lake salmon and steelhead 2022,2022-10-23,Boat,293.28333333333336,566.6666666666667,0.5175588235294117
Drano Lake salmon and steelhead 2022,2022-10-30,Bank,41.483333333333334,105.71666666666667,0.39240107204792685
Drano Lake salmon and steelhead 2022,2022-10-30,Boat,64.23333333333333,105.71666666666667,0.6075989279520732
Drano Lake salmon and steelhead 2023,2023-07-09,Boat,5.5,5.5,1
Drano Lake salmon and steelhead 2023,2023-07-16,Boat,70.13333333333334,70.13333333333334,1
Drano Lake salmon and steelhead 2023,2023-07-23,Boat,194.18333333333334,194.18333333333334,1
Drano Lake salmon and steelhead 2023,2023-07-30,Bank,17.366666666666667,380.43333333333334,0.045649697713134145
Drano Lake salmon and steelhead 2023,2023-07-30,Boat,363.06666666666666,380.43333333333334,0.9543503022868658
Drano Lake salmon and steelhead 2023,2023-08-06,Bank,13.466666666666667,901.9333333333334,0.014930889200975682
Drano Lake salmon and steelhead 2023,2023-08-06,Boat,888.4666666666667,901.9333333333334,0.9850691107990243
Drano Lake salmon and steelhead 2023,2023-08-13,Bank,44.5,1303.6166666666666,0.0341358016799417
Drano Lake salmon and steelhead 2023,2023-08-13,Boat,1259.1166666666666,1303.6166666666666,0.9658641983200583
Drano Lake salmon and steelhead 2023,2023-08-20,Bank,23.833333333333332,1370.2333333333333,0.017393631255017392
Drano Lake salmon and steelhead 2023,2023-08-20,Boat,1346.4,1370.2333333333333,0.9826063687449826
Drano Lake salmon and steelhead 2023,2023-08-27,Bank,106.43333333333334,1532.5166666666667,0.06945003316984046
Drano Lake salmon and steelhead 2023,2023-08-27,Boat,1426.0833333333333,1532.5166666666667,0.9305499668301594
Drano Lake salmon and steelhead 2023,2023-09-03,Bank,92.98333333333333,2877.0499999999997,0.0323189841446389
Drano Lake salmon and steelhead 2023,2023-09-03,Boat,2784.0666666666666,2877.0499999999997,0.9676810158553611
Drano Lake salmon and steelhead 2023,2023-09-10,Bank,14.883333333333333,1170.2,0.012718623597105906
Drano Lake salmon and steelhead 2023,2023-09-10,Boat,1155.3166666666666,1170.2,0.987281376402894
Drano Lake salmon and steelhead 2023,2023-09-17,Bank,6.783333333333334,995.6333333333333,0.0068130837992567556
Drano Lake salmon and steelhead 2023,2023-09-17,Boat,988.85,995.6333333333333,0.9931869162007433
Drano Lake salmon and steelhead 2023,2023-09-24,Bank,14.466666666666665,562.5333333333334,0.025716994548471196
Drano Lake salmon and steelhead 2023,2023-09-24,Boat,548.0666666666667,562.5333333333334,0.9742830054515288
Drano Lake salmon and steelhead 2023,2023-10-01,Bank,17.21666666666667,922.5,0.018663053297199642
Drano Lake salmon and steelhead 2023,2023-10-01,Boat,905.2833333333333,922.5,0.9813369467028004
Drano Lake salmon and steelhead 2023,2023-10-08,Bank,62.333333333333336,562.8166666666667,0.110752465278806
Drano Lake salmon and steelhead 2023,2023-10-08,Boat,500.48333333333335,562.8166666666667,0.8892475347211939
Drano Lake salmon and steelhead 2023,2023-10-15,Bank,8.466666666666667,525.7166666666667,0.016104999524458676
Drano Lake salmon and steelhead 2023,2023-10-15,Boat,517.25,525.7166666666667,0.9838950004755412
Drano Lake salmon and steelhead 2023,2023-10-22,Bank,32.71666666666667,298.45000000000005,0.10962193555592784
Drano Lake salmon and steelhead 2023,2023-10-22,Boat,265.73333333333335,298.45000000000005,0.8903780644440721
Drano Lake salmon and steelhead 2023,2023-10-29,Bank,5.65,36.13333333333333,0.15636531365313655
Drano Lake salmon and steelhead 2023,2023-10-29,Boat,30.483333333333334,36.13333333333333,0.8436346863468636
Drano Lake salmon and steelhead 2024,2024-07-14,Bank,2,73.35,0.027266530334015
Drano Lake salmon and steelhead 2024,2024-07-14,Boat,71.35,73.35,0.972733469665985
Drano Lake salmon and steelhead 2024,2024-07-21,Bank,1.7333333333333334,115.08333333333333,0.015061549601737872
Drano Lake salmon and steelhead 2024,2024-07-21,Boat,113.35,115.08333333333333,0.9849384503982621
Drano Lake salmon and steelhead 2024,2024-07-28,Bank,36.7,480.34999999999997,0.07640262308733216
Drano Lake salmon and steelhead 2024,2024-07-28,Boat,443.65,480.34999999999997,0.9235973769126679
Drano Lake salmon and steelhead 2024,2024-08-04,Bank,2.7666666666666666,848.55,0.0032604639286626207
Drano Lake salmon and steelhead 2024,2024-08-04,Boat,845.7833333333333,848.55,0.9967395360713374
Drano Lake salmon and steelhead 2024,2024-08-11,Bank,27.8,451.31666666666666,0.06159754791535877
Drano Lake salmon and steelhead 2024,2024-08-11,Boat,423.51666666666665,451.31666666666666,0.9384024520846412
Drano Lake salmon and steelhead 2024,2024-08-18,Bank,44.46666666666667,1098.4166666666667,0.040482512707685304
Drano Lake salmon and steelhead 2024,2024-08-18,Boat,1053.95,1098.4166666666667,0.9595174872923147
Drano Lake salmon and steelhead 2024,2024-08-25,Bank,19.883333333333333,405.81666666666666,0.04899585198570783
Drano Lake salmon and steelhead 2024,2024-08-25,Boat,385.93333333333334,405.81666666666666,0.9510041480142922
Drano Lake salmon and steelhead 2024,2024-09-01,Bank,112.98333333333333,1345.9666666666667,0.08394214814631368
Drano Lake salmon and steelhead 2024,2024-09-01,Boat,1232.9833333333333,1345.9666666666667,0.9160578518536863
Drano Lake salmon and steelhead 2024,2024-09-08,Bank,53.05,2573.3500000000004,0.020615151456272948
Drano Lake salmon and steelhead 2024,2024-09-08,Boat,2520.3,2573.3500000000004,0.979384848543727
Drano Lake salmon and steelhead 2024,2024-09-15,Bank,101.56666666666666,1909.95,0.053177657355777196
Drano Lake salmon and steelhead 2024,2024-09-15,Boat,1808.3833333333334,1909.95,0.9468223426442228
Drano Lake salmon and steelhead 2024,2024-09-22,Bank,47.81666666666667,896.2666666666667,0.05335093722106517
Drano Lake salmon and steelhead 2024,2024-09-22,Boat,848.4499999999999,896.2666666666667,0.9466490627789348
Drano Lake salmon and steelhead 2024,2024-09-29,Bank,96.88333333333334,1110.6000000000001,0.08723512815895311
Drano Lake salmon and steelhead 2024,2024-09-29,Boat,1013.7166666666667,1110.6000000000001,0.9127648718410468
Drano Lake salmon and steelhead 2024,2024-10-06,Bank,80.16666666666667,1102.4166666666667,0.07271902638143472
Drano Lake salmon and steelhead 2024,2024-10-06,Boat,1022.25,1102.4166666666667,0.9272809736185652
Drano Lake salmon and steelhead 2024,2024-10-13,Bank,69.15,835.1333333333333,0.08280114951704319
Drano Lake salmon and steelhead 2024,2024-10-13,Boat,765.9833333333333,835.1333333333333,0.9171988504829568
Drano Lake salmon and steelhead 2024,2024-10-20,Bank,56.56666666666666,274.15,0.20633473159462581
Drano Lake salmon and steelhead 2024,2024-10-20,Boat,217.58333333333334,274.15,0.7936652684053743
Drano Lake salmon and steelhead 2024,2024-10-27,Bank,38.833333333333336,67.75,0.5731857318573186
Drano Lake salmon and steelhead 2024,2024-10-27,Boat,28.916666666666664,67.75,0.4268142681426814
Drano Lake salmon and steelhead 2025,2025-06-29,Bank,23.7,65.85,0.3599088838268793
Drano Lake salmon and steelhead 2025,2025-06-29,Boat,42.15,65.85,0.6400911161731208
Drano Lake salmon and steelhead 2025,2025-07-06,Boat,24.066666666666666,24.066666666666666,1
Drano Lake salmon and steelhead 2025,2025-07-13,Boat,96.51666666666667,96.51666666666667,1
Drano Lake salmon and steelhead 2025,2025-07-20,Bank,35.983333333333334,339.40000000000003,0.10602042820663916
Drano Lake salmon and steelhead 2025,2025-07-20,Boat,303.4166666666667,339.40000000000003,0.8939795717933608
Drano Lake salmon and steelhead 2025,2025-07-27,Bank,32.38333333333333,302.06666666666666,0.10720591480909292
Drano Lake salmon and steelhead 2025,2025-07-27,Boat,269.68333333333334,302.06666666666666,0.8927940851909071
Drano Lake salmon and steelhead 2025,2025-08-03,Bank,145.61666666666667,819.5,0.17768964815944682
Drano Lake salmon and steelhead 2025,2025-08-03,Boat,673.8833333333333,819.5,0.8223103518405531
Drano Lake salmon and steelhead 2025,2025-08-10,Bank,85.2,1056.7833333333333,0.08062201334237545
Drano Lake salmon and steelhead 2025,2025-08-10,Boat,971.5833333333334,1056.7833333333333,0.9193779866576246
Drano Lake salmon and steelhead 2025,2025-08-17,Bank,82.61666666666666,698.0833333333334,0.11834785722812462
Drano Lake salmon and steelhead 2025,2025-08-17,Boat,615.4666666666667,698.0833333333334,0.8816521427718753
Drano Lake salmon and steelhead 2025,2025-08-24,Bank,105.81666666666666,568.3833333333333,0.1861713045773099
Drano Lake salmon and steelhead 2025,2025-08-24,Boat,462.56666666666666,568.3833333333333,0.8138286954226901
Drano Lake salmon and steelhead 2025,2025-08-31,Bank,74.48333333333333,706.95,0.1053587005210175
Drano Lake salmon and steelhead 2025,2025-08-31,Boat,632.4666666666667,706.95,0.8946412994789825
Drano Lake salmon and steelhead 2025,2025-09-07,Bank,159.93333333333334,1801.7666666666667,0.08876473091225279
Drano Lake salmon and steelhead 2025,2025-09-07,Boat,1641.8333333333333,1801.7666666666667,0.9112352690877472
Drano Lake salmon and steelhead 2025,2025-09-14,Bank,155.48333333333332,1161.4333333333334,0.13387193984444506
Drano Lake salmon and steelhead 2025,2025-09-14,Boat,1005.95,1161.4333333333334,0.8661280601555549
Drano Lake salmon and steelhead 2025,2025-09-21,Bank,137.56666666666666,1385.2833333333333,0.09930579785122177
Drano Lake salmon and steelhead 2025,2025-09-21,Boat,1247.7166666666667,1385.2833333333333,0.9006942021487783
Drano Lake salmon and steelhead 2025,2025-09-28,Bank,63.18333333333334,885.4000000000001,0.07136134327234395
Drano Lake salmon and steelhead 2025,2025-09-28,Boat,822.2166666666667,885.4000000000001,0.928638656727656
Drano Lake salmon and steelhead 2025,2025-10-05,Bank,134.11666666666667,1008.5833333333334,0.13297529538131042
Drano Lake salmon and steelhead 2025,2025-10-05,Boat,874.4666666666667,1008.5833333333334,0.8670247046186895
Drano Lake salmon and steelhead 2025,2025-10-12,Bank,123.78333333333333,737.8333333333333,0.1677659814772984
Drano Lake salmon and steelhead 2025,2025-10-12,Boat,614.05,737.8333333333333,0.8322340185227016
Drano Lake salmon and steelhead 2025,2025-10-19,Bank,77.26666666666667,231.25,0.33412612612612613
Drano Lake salmon and steelhead 2025,2025-10-19,Boat,153.98333333333335,231.25,0.665873873873874
Drano Lake salmon and steelhead 2025,2025-10-26,Bank,34.75,101.58333333333333,0.3420836751435603
Drano Lake salmon and steelhead 2025,2025-10-26,Boat,66.83333333333333,101.58333333333333,0.6579163248564397
Drano Lake salmon and steelhead 2026,2026-07-05,Bank,8.5,18,0.4722222222222222
Drano Lake salmon and steelhead 2026,2026-07-05,Boat,9.5,18,0.5277777777777778
Drano Lake salmon and steelhead 2026,2026-07-12,Bank,6.866666666666667,75.63333333333333,0.09078889378580875
Drano Lake salmon and steelhead 2026,2026-07-12,Boat,68.76666666666667,75.63333333333333,0.9092111062141913
Drano Lake salmon and steelhead 2026,2026-07-19,Boat,76.16666666666667,76.16666666666667,1
Drano Lake salmon and steelhead 2026,2026-08-02,Bank,2.6333333333333337,329.7,0.007987058942472957
Drano Lake salmon and steelhead 2026,2026-08-02,Boat,327.06666666666666,329.7,0.992012941057527
Drano Lake salmon and steelhead 2026,2026-08-09,Bank,27.05,149.1,0.18142186452045608
Drano Lake salmon and steelhead 2026,2026-08-09,Boat,122.05,149.1,0.818578135479544
Drano Lake spring Chinook 2026,2026-04-05,Boat,120.85000000000001,120.85000000000001,1
Drano Lake spring Chinook 2026,2026-04-12,Bank,16.866666666666667,355.7,0.04741823634148627
Drano Lake spring Chinook 2026,2026-04-12,Boat,338.8333333333333,355.7,0.9525817636585137
Drano Lake spring Chinook 2026,2026-04-19,Bank,133.71666666666667,2256.266666666667,0.05926456683607138
Drano Lake spring Chinook 2026,2026-04-19,Boat,2122.55,2256.266666666667,0.9407354331639286
Drano Lake spring Chinook 2026,2026-04-26,Bank,415.81666666666666,4048.2666666666664,0.10271474211185035
Drano Lake spring Chinook 2026,2026-04-26,Boat,3632.45,4048.2666666666664,0.8972852578881497
Drano Lake spring Chinook 2026,2026-05-03,Bank,455.26666666666665,5613.916666666666,0.08109608562055606
Drano Lake spring Chinook 2026,2026-05-03,Boat,5158.65,5613.916666666666,0.918903914379444
Drano Lake spring Chinook 2026,2026-05-10,Bank,103.33333333333333,2448.1833333333334,0.04220816796127741
Drano Lake spring Chinook 2026,2026-05-10,Boat,2344.85,2448.1833333333334,0.9577918320387225
Drano Lake spring Chinook 2026,2026-05-17,Bank,17.4,600.5333333333333,0.02897424511545293
Drano Lake spring Chinook 2026,2026-05-17,Boat,583.1333333333333,600.5333333333333,0.9710257548845471
Drano Lake spring Chinook 2026,2026-05-24,Boat,189.75,189.75,1
Drano Lake spring Chinook 2026,2026-05-31,Bank,9.383333333333333,154.08333333333331,0.060897782585181186
Drano Lake spring Chinook 2026,2026-05-31,Boat,144.7,154.08333333333331,0.9391022174148188
Drano Lake spring Chinook 2026,2026-06-07,Bank,1.25,33.46666666666667,0.03735059760956175
Drano Lake spring Chinook 2026,2026-06-07,Boat,32.21666666666667,33.46666666666667,0.9626494023904383
Drano Lake spring Chinook 2026,2026-06-14,Boat,10.166666666666666,10.166666666666666,1
Drano Lake spring Chinook 2026,2026-06-21,Bank,22.516666666666666,67.1,0.33556880278191753
Drano Lake spring Chinook 2026,2026-06-21,Boat,44.583333333333336,67.1,0.6644311972180825
Drano Lake spring Chinook 2026,2026-07-05,Bank,8.5,18,0.4722222222222222
Drano Lake spring Chinook 2026,2026-07-05,Boat,9.5,18,0.5277777777777778
Drano Lake spring Chinook 2026,2026-07-12,Bank,6.866666666666667,75.63333333333333,0.09078889378580875
Drano Lake spring Chinook 2026,2026-07-12,Boat,68.76666666666667,75.63333333333333,0.9092111062141913
Drano Lake spring Chinook 2026,2026-07-19,Boat,76.16666666666667,76.16666666666667,1
Hoh fall salmon 2023,2023-09-10,Bank,69.8,87.3,0.7995418098510882
Hoh fall salmon 2023,2023-09-10,Boat,17.5,87.3,0.2004581901489118
Hoh fall salmon 2023,2023-09-17,Bank,127.63333333333333,282.43333333333334,0.45190605452614185
Hoh fall salmon 2023,2023-09-17,Boat,154.8,282.43333333333334,0.5480939454738581
Hoh fall salmon 2023,2023-09-24,Bank,182,397.8833333333333,0.4574205169019394
Hoh fall salmon 2023,2023-09-24,Boat,215.88333333333333,397.8833333333333,0.5425794830980606
Hoh fall salmon 2025,2025-09-14,Bank,60.78333333333333,298.2,0.2038341158059468
Hoh fall salmon 2025,2025-09-14,Boat,237.41666666666666,298.2,0.7961658841940532
Hoh fall salmon 2025,2025-09-21,Bank,117.53333333333333,346.7166666666667,0.3389895688121905
Hoh fall salmon 2025,2025-09-21,Boat,229.18333333333334,346.7166666666667,0.6610104311878094
Hoh fall salmon 2025,2025-09-28,Bank,49.18333333333334,81.35,0.6045892235197706
Hoh fall salmon 2025,2025-09-28,Boat,32.166666666666664,81.35,0.3954107764802295
Hoh fall salmon 2025,2025-10-05,Bank,40.85,383.43333333333334,0.10653742501956012
Hoh fall salmon 2025,2025-10-05,Boat,342.5833333333333,383.43333333333334,0.8934625749804398
Hoh fall salmon 2025,2025-10-12,Bank,103.61666666666666,418.4166666666667,0.24763991236805413
Hoh fall salmon 2025,2025-10-12,Boat,314.8,418.4166666666667,0.7523600876319458
Hoh fall salmon 2025,2025-10-19,Bank,30.983333333333334,246.75,0.12556568726781492
Hoh fall salmon 2025,2025-10-19,Boat,215.76666666666668,246.75,0.8744343127321851
Hoh fall salmon 2025,2025-10-26,Bank,17.65,79.31666666666666,0.2225257407018281
Hoh fall salmon 2025,2025-10-26,Boat,61.666666666666664,79.31666666666666,0.7774742592981719
Hoh fall salmon 2025,2025-11-02,Bank,28.199999999999996,149.86666666666667,0.18816725978647683
Hoh fall salmon 2025,2025-11-02,Boat,121.66666666666667,149.86666666666667,0.8118327402135231
Hoh fall salmon 2025,2025-11-09,Bank,3.0666666666666664,22.4,0.1369047619047619
Hoh fall salmon 2025,2025-11-09,Boat,19.333333333333332,22.4,0.8630952380952381
Hoh fall salmon 2025,2025-11-16,Bank,16.46666666666667,108.06666666666666,0.1523750771128933
Hoh fall salmon 2025,2025-11-16,Boat,91.6,108.06666666666666,0.8476249228871067
Hoh fall salmon 2025,2025-11-23,Bank,28.983333333333334,58.7,0.4937535491198183
Hoh fall salmon 2025,2025-11-23,Boat,29.71666666666667,58.7,0.5062464508801817
Hoh fall salmon 2025,2025-11-30,Bank,18.283333333333335,34.28333333333333,0.5333009236752553
Hoh fall salmon 2025,2025-11-30,Boat,16,34.28333333333333,0.4666990763247448
Hoh winter steelhead 2022-23,2022-12-11,Bank,18.8,18.8,1
Hoh winter steelhead 2022-23,2022-12-18,Bank,4.65,4.65,1
Hoh winter steelhead 2022-23,2022-12-25,Bank,43.13333333333333,43.13333333333333,1
Hoh winter steelhead 2022-23,2023-01-01,Bank,84.01666666666667,84.01666666666667,1
Hoh winter steelhead 2022-23,2023-01-08,Bank,37.35,37.35,1
Hoh winter steelhead 2022-23,2023-01-15,Bank,123.26666666666667,142.26666666666665,0.8664479850046861
Hoh winter steelhead 2022-23,2023-01-15,Boat,19,142.26666666666665,0.13355201499531397
Hoh winter steelhead 2022-23,2023-01-22,Bank,287.43333333333334,311.43333333333334,0.922936958150487
Hoh winter steelhead 2022-23,2023-01-22,Boat,24,311.43333333333334,0.077063041849513
Hoh winter steelhead 2022-23,2023-01-29,Bank,668.7166666666667,693.4666666666667,0.9643097481253605
Hoh winter steelhead 2022-23,2023-01-29,Boat,24.75,693.4666666666667,0.03569025187463949
Hoh winter steelhead 2022-23,2023-02-05,Bank,365.8,365.8,1
Hoh winter steelhead 2022-23,2023-02-12,Bank,1042.6833333333334,1123.1666666666667,0.9283424840480783
Hoh winter steelhead 2022-23,2023-02-12,Boat,80.48333333333333,1123.1666666666667,0.07165751595192164
Hoh winter steelhead 2022-23,2023-02-19,Bank,520.2,520.2,1
Hoh winter steelhead 2022-23,2023-02-26,Bank,656.1166666666667,666.1166666666667,0.9849876147821953
Hoh winter steelhead 2022-23,2023-02-26,Boat,10,666.1166666666667,0.015012385217804689
Hoh winter steelhead 2022-23,2023-03-05,Bank,1074.0666666666666,1074.0666666666666,1
Hoh winter steelhead 2022-23,2023-03-12,Bank,545.6,569.6,0.9578651685393258
Hoh winter steelhead 2022-23,2023-03-12,Boat,24,569.6,0.042134831460674156
Hoh winter steelhead 2022-23,2023-03-19,Bank,780.8166666666667,780.8166666666667,1
Hoh winter steelhead 2022-23,2023-03-26,Bank,768.8,768.8,1
Hoh winter steelhead 2023-24,2023-11-26,Bank,19.316666666666666,19.316666666666666,1
Hoh winter steelhead 2023-24,2023-12-03,Bank,7.85,7.85,1
Hoh winter steelhead 2023-24,2023-12-10,Bank,41.416666666666664,41.416666666666664,1
Hoh winter steelhead 2023-24,2023-12-17,Bank,78.05,112.05,0.6965640339134315
Hoh winter steelhead 2023-24,2023-12-17,Boat,34,112.05,0.30343596608656853
Hoh winter steelhead 2023-24,2023-12-24,Bank,60.016666666666666,60.016666666666666,1
Hoh winter steelhead 2023-24,2023-12-31,Bank,146.88333333333333,164.64999999999998,0.8920943415325439
Hoh winter steelhead 2023-24,2023-12-31,Boat,17.766666666666666,164.64999999999998,0.10790565846745623
Hoh winter steelhead 2023-24,2024-01-07,Bank,144.41666666666666,188.06666666666666,0.7679014533853243
Hoh winter steelhead 2023-24,2024-01-07,Boat,43.65,188.06666666666666,0.23209854661467563
Hoh winter steelhead 2023-24,2024-01-14,Bank,123.3,216.3,0.5700416088765603
Hoh winter steelhead 2023-24,2024-01-14,Boat,93,216.3,0.42995839112343964
Hoh winter steelhead 2023-24,2024-01-21,Bank,241.51666666666668,257.58333333333337,0.9376253639598835
Hoh winter steelhead 2023-24,2024-01-21,Boat,16.066666666666666,257.58333333333337,0.062374636040116456
Hoh winter steelhead 2023-24,2024-02-04,Bank,204.95,337.48333333333335,0.6072892488517951
Hoh winter steelhead 2023-24,2024-02-04,Boat,132.53333333333333,337.48333333333335,0.3927107511482048
Hoh winter steelhead 2023-24,2024-02-11,Bank,586.9,1082.3833333333332,0.542229339574704
Hoh winter steelhead 2023-24,2024-02-11,Boat,495.48333333333335,1082.3833333333332,0.45777066042529607
Hoh winter steelhead 2023-24,2024-02-18,Bank,1208.1833333333334,1923.5833333333335,0.6280899363167699
Hoh winter steelhead 2023-24,2024-02-18,Boat,715.4,1923.5833333333335,0.37191006368323004
Hoh winter steelhead 2023-24,2024-02-25,Bank,535.5166666666667,650.6166666666667,0.823090913748495
Hoh winter steelhead 2023-24,2024-02-25,Boat,115.1,650.6166666666667,0.17690908625150498
Hoh winter steelhead 2023-24,2024-03-03,Bank,480.51666666666665,908.2666666666667,0.5290480035231944
Hoh winter steelhead 2023-24,2024-03-03,Boat,427.75,908.2666666666667,0.47095199647680563
Hoh winter steelhead 2023-24,2024-03-10,Bank,336.23333333333335,529.75,0.6347019034135599
Hoh winter steelhead 2023-24,2024-03-10,Boat,193.51666666666668,529.75,0.3652980965864402
Hoh winter steelhead 2023-24,2024-03-17,Bank,565.4166666666666,936.6166666666666,0.6036799117390609
Hoh winter steelhead 2023-24,2024-03-17,Boat,371.2,936.6166666666666,0.39632008826093923
Hoh winter steelhead 2023-24,2024-03-24,Bank,498.2833333333333,1010.75,0.4929837579355264
Hoh winter steelhead 2023-24,2024-03-24,Boat,512.4666666666667,1010.75,0.5070162420644736
Hoh winter steelhead 2023-24,2024-03-31,Bank,108.35,193.6,0.5596590909090909
Hoh winter steelhead 2023-24,2024-03-31,Boat,85.25,193.6,0.4403409090909091
Hoh winter steelhead 2024-25,2024-12-01,Bank,6,20.5,0.2926829268292683
Hoh winter steelhead 2024-25,2024-12-01,Boat,14.5,20.5,0.7073170731707317
Hoh winter steelhead 2024-25,2024-12-08,Bank,16.35,16.35,1
Hoh winter steelhead 2024-25,2024-12-15,Bank,15.666666666666666,15.666666666666666,1
Hoh winter steelhead 2024-25,2024-12-29,Bank,18.183333333333334,18.183333333333334,1
Hoh winter steelhead 2024-25,2025-01-05,Bank,91.41666666666667,245.83333333333331,0.37186440677966104
Hoh winter steelhead 2024-25,2025-01-05,Boat,154.41666666666666,245.83333333333331,0.628135593220339
Hoh winter steelhead 2024-25,2025-01-12,Bank,207.56666666666666,553.8333333333333,0.37478182365332535
Hoh winter steelhead 2024-25,2025-01-12,Boat,346.26666666666665,553.8333333333333,0.6252181763466748
Hoh winter steelhead 2024-25,2025-01-19,Bank,160.58333333333334,466.30000000000007,0.34437772535563654
Hoh winter steelhead 2024-25,2025-01-19,Boat,305.7166666666667,466.30000000000007,0.6556222746443634
Hoh winter steelhead 2024-25,2025-01-26,Bank,267.6666666666667,523.5333333333333,0.51126957850503
Hoh winter steelhead 2024-25,2025-01-26,Boat,255.86666666666667,523.5333333333333,0.4887304214949701
Hoh winter steelhead 2024-25,2025-02-02,Bank,232.53333333333333,594.0166666666667,0.3914592744311327
Hoh winter steelhead 2024-25,2025-02-02,Boat,361.48333333333335,594.0166666666667,0.6085407255688674
Hoh winter steelhead 2024-25,2025-02-09,Bank,416.05,884.3,0.4704851294809454
Hoh winter steelhead 2024-25,2025-02-09,Boat,468.25,884.3,0.5295148705190547
Hoh winter steelhead 2024-25,2025-02-16,Bank,153.31666666666666,326.48333333333335,0.4696002858747256
Hoh winter steelhead 2024-25,2025-02-16,Boat,173.16666666666666,326.48333333333335,0.5303997141252743
Hoh winter steelhead 2024-25,2025-02-23,Bank,196.43333333333334,207.8,0.9452999679178697
Hoh winter steelhead 2024-25,2025-02-23,Boat,11.366666666666667,207.8,0.05470003208213025
Hoh winter steelhead 2024-25,2025-03-02,Bank,318.56666666666666,639.9833333333333,0.49777337951509154
Hoh winter steelhead 2024-25,2025-03-02,Boat,321.4166666666667,639.9833333333333,0.5022266204849085
Hoh winter steelhead 2024-25,2025-03-09,Bank,301.25,450.3,0.6689984454807906
Hoh winter steelhead 2024-25,2025-03-09,Boat,149.05,450.3,0.33100155451920943
Hoh winter steelhead 2024-25,2025-03-16,Bank,128.36666666666667,254.53333333333336,0.504321634363541
Hoh winter steelhead 2024-25,2025-03-16,Boat,126.16666666666667,254.53333333333336,0.49567836563645884
Hoh winter steelhead 2024-25,2025-03-23,Bank,148.51666666666665,167.56666666666666,0.8863139049134672
Hoh winter steelhead 2024-25,2025-03-23,Boat,19.05,167.56666666666666,0.11368609508653273
Hoh winter steelhead 2024-25,2025-03-30,Bank,77.7,166.65,0.46624662466246625
Hoh winter steelhead 2024-25,2025-03-30,Boat,88.95,166.65,0.5337533753375338
Hoh winter steelhead 2025-26,2025-11-30,Bank,30.900000000000002,46.900000000000006,0.6588486140724946
Hoh winter steelhead 2025-26,2025-11-30,Boat,16,46.900000000000006,0.34115138592750527
Hoh winter steelhead 2025-26,2025-12-14,Bank,0.7666666666666667,0.7666666666666667,1
Hoh winter steelhead 2025-26,2025-12-21,Bank,43.31666666666667,43.31666666666667,1
Hoh winter steelhead 2025-26,2025-12-28,Bank,97.95,97.95,1
Hoh winter steelhead 2025-26,2026-01-04,Bank,133.65,133.65,1
Hoh winter steelhead 2025-26,2026-01-11,Bank,89.13333333333334,141.60000000000002,0.629472693032015
Hoh winter steelhead 2025-26,2026-01-11,Boat,52.46666666666667,141.60000000000002,0.3705273069679849
Hoh winter steelhead 2025-26,2026-01-18,Bank,268.8833333333333,558.4,0.481524594078319
Hoh winter steelhead 2025-26,2026-01-18,Boat,289.51666666666665,558.4,0.518475405921681
Hoh winter steelhead 2025-26,2026-01-25,Bank,73.55,107.36666666666666,0.6850357031977646
Hoh winter steelhead 2025-26,2026-01-25,Boat,33.81666666666666,107.36666666666666,0.3149642968022353
Hoh winter steelhead 2025-26,2026-02-01,Bank,286.35,341.65000000000003,0.8381384457778428
Hoh winter steelhead 2025-26,2026-02-01,Boat,55.3,341.65000000000003,0.16186155422215714
Hoh winter steelhead 2025-26,2026-02-08,Bank,369,639.8166666666666,0.5767277084581521
Hoh winter steelhead 2025-26,2026-02-08,Boat,270.81666666666666,639.8166666666666,0.423272291541848
Hoh winter steelhead 2025-26,2026-02-15,Bank,421.3833333333333,928.4666666666667,0.45384863933366837
Hoh winter steelhead 2025-26,2026-02-15,Boat,507.0833333333333,928.4666666666667,0.5461513606663315
Hoh winter steelhead 2025-26,2026-02-22,Bank,442.6333333333333,909.2833333333333,0.486793628681929
Hoh winter steelhead 2025-26,2026-02-22,Boat,466.65,909.2833333333333,0.513206371318071
Hoh winter steelhead 2025-26,2026-03-01,Bank,573.7333333333333,1183.7,0.4846948832756047
Hoh winter steelhead 2025-26,2026-03-01,Boat,609.9666666666667,1183.7,0.5153051167243953
Hoh winter steelhead 2025-26,2026-03-08,Bank,109.75,238.8,0.45958961474036847
Hoh winter steelhead 2025-26,2026-03-08,Boat,129.05,238.8,0.5404103852596315
Hoh winter steelhead 2025-26,2026-03-15,Bank,45.46666666666667,202.03333333333333,0.2250453720508167
Hoh winter steelhead 2025-26,2026-03-15,Boat,156.56666666666666,202.03333333333333,0.7749546279491832
Hoh winter steelhead 2025-26,2026-03-22,Bank,341.65,882.15,0.38729241058776853
Hoh winter steelhead 2025-26,2026-03-22,Boat,540.5,882.15,0.6127075894122315
Hoh winter steelhead 2025-26,2026-03-29,Bank,398.7,1073.15,0.3715230862414387
Hoh winter steelhead 2025-26,2026-03-29,Boat,674.45,1073.15,0.6284769137585612
Humptulips salmon 2020,2020-08-30,Bank,219.61666666666667,1247.6666666666665,0.17602190756078015
Humptulips salmon 2020,2020-08-30,Boat,1028.05,1247.6666666666665,0.8239780924392199
Humptulips salmon 2020,2020-09-06,Bank,41.96666666666667,563.6500000000001,0.0744551879121204
Humptulips salmon 2020,2020-09-06,Boat,521.6833333333334,563.6500000000001,0.9255448120878795
Humptulips salmon 2020,2020-09-13,Bank,493.5,2003.6333333333332,0.2463025503668336
Humptulips salmon 2020,2020-09-13,Boat,1510.1333333333332,2003.6333333333332,0.7536974496331664
Humptulips salmon 2020,2020-09-20,Bank,413.23333333333335,1148.2166666666667,0.35989142583426476
Humptulips salmon 2020,2020-09-20,Boat,734.9833333333333,1148.2166666666667,0.6401085741657353
Humptulips salmon 2020,2020-09-27,Bank,340.51666666666665,1536.1166666666666,0.22167370099927305
Humptulips salmon 2020,2020-09-27,Boat,1195.6,1536.1166666666666,0.7783262990007269
Humptulips salmon 2020,2020-10-04,Bank,161.25,309.9,0.5203291384317522
Humptulips salmon 2020,2020-10-04,Boat,148.65,309.9,0.4796708615682479
Humptulips salmon 2020,2020-10-11,Bank,521.2833333333333,1294.35,0.4027375387903839
Humptulips salmon 2020,2020-10-11,Boat,773.0666666666666,1294.35,0.5972624612096161
Humptulips salmon 2020,2020-10-18,Bank,594.1166666666667,1341.1833333333334,0.44297945843844366
Humptulips salmon 2020,2020-10-18,Boat,747.0666666666667,1341.1833333333334,0.5570205415615563
Humptulips salmon 2020,2020-10-25,Bank,198.85,220.6,0.9014052583862194
Humptulips salmon 2020,2020-10-25,Boat,21.75,220.6,0.0985947416137806
Humptulips salmon 2020,2020-11-01,Bank,142.71666666666667,186.5,0.7652368185880251
Humptulips salmon 2020,2020-11-01,Boat,43.78333333333333,186.5,0.23476318141197497
Humptulips salmon 2020,2020-11-08,Bank,151.6,289.75,0.5232096635030198
Humptulips salmon 2020,2020-11-08,Boat,138.15,289.75,0.47679033649698016
Humptulips salmon 2020,2020-11-15,Bank,126.01666666666667,219.38333333333333,0.5744131277064499
Humptulips salmon 2020,2020-11-15,Boat,93.36666666666667,219.38333333333333,0.42558687229355013
Humptulips salmon 2020,2020-11-22,Bank,138.15,534.1833333333333,0.2586190758478675
Humptulips salmon 2020,2020-11-22,Boat,396.0333333333333,534.1833333333333,0.7413809241521325
Humptulips salmon 2020,2020-11-29,Bank,58.65,172.9,0.33921341816078654
Humptulips salmon 2020,2020-11-29,Boat,114.25,172.9,0.6607865818392133
Humptulips salmon 2021,2021-08-29,Bank,182.01666666666665,704.5833333333334,0.25833234772324065
Humptulips salmon 2021,2021-08-29,Boat,522.5666666666667,704.5833333333334,0.7416676522767593
Humptulips salmon 2021,2021-09-05,Bank,282.53333333333336,873.1333333333334,0.3235855539436512
Humptulips salmon 2021,2021-09-05,Boat,590.6,873.1333333333334,0.6764144460563487
Humptulips salmon 2021,2021-09-12,Bank,209.86666666666667,859.7833333333333,0.24409250392540757
Humptulips salmon 2021,2021-09-12,Boat,649.9166666666666,859.7833333333333,0.7559074960745924
Humptulips salmon 2021,2021-09-19,Bank,107.18333333333334,672.0666666666666,0.15948318619184607
Humptulips salmon 2021,2021-09-19,Boat,564.8833333333333,672.0666666666666,0.840516813808154
Humptulips salmon 2021,2021-09-26,Bank,220.43333333333334,1025.2833333333333,0.2149974803712795
Humptulips salmon 2021,2021-09-26,Boat,804.85,1025.2833333333333,0.7850025196287206
Humptulips salmon 2021,2021-10-03,Bank,286.8,780.2166666666667,0.36759019930361225
Humptulips salmon 2021,2021-10-03,Boat,493.4166666666667,780.2166666666667,0.6324098006963877
Humptulips salmon 2021,2021-10-10,Bank,272.6666666666667,866.4166666666667,0.3147061652399731
Humptulips salmon 2021,2021-10-10,Boat,593.75,866.4166666666667,0.6852938347600269
Humptulips salmon 2021,2021-10-17,Bank,110.33333333333333,613,0.17998912452419794
Humptulips salmon 2021,2021-10-17,Boat,502.66666666666663,613,0.820010875475802
Humptulips salmon 2021,2021-10-24,Bank,77.23333333333333,103.35,0.747298822770521
Humptulips salmon 2021,2021-10-24,Boat,26.116666666666667,103.35,0.25270117722947916
Humptulips salmon 2021,2021-10-31,Bank,29.78333333333333,160.6,0.18545039435450394
Humptulips salmon 2021,2021-10-31,Boat,130.81666666666666,160.6,0.81454960564549606
Humptulips salmon 2021,2021-11-07,Bank,65.68333333333334,164.51666666666668,0.39925032924729004
Humptulips salmon 2021,2021-11-07,Boat,98.83333333333334,164.51666666666668,0.60074967075271
Humptulips salmon 2021,2021-11-14,Bank,118.8,220.18333333333334,0.5395503746877601
Humptulips salmon 2021,2021-11-14,Boat,101.38333333333333,220.18333333333334,0.46044962531223976
Humptulips salmon 2021,2021-11-21,Bank,119.63333333333334,558.9666666666667,0.21402588109010676
Humptulips salmon 2021,2021-11-21,Boat,439.3333333333333,558.9666666666667,0.7859741189098932
Humptulips salmon 2021,2021-11-28,Bank,17.46666666666667,17.46666666666667,1
Humptulips salmon 2022,2022-08-28,Bank,321.03333333333336,847.9333333333334,0.3786068087113767
Humptulips salmon 2022,2022-08-28,Boat,526.9,847.9333333333334,0.6213931912886232
Humptulips salmon 2022,2022-09-04,Bank,102.8,281.75,0.36486246672582073
Humptulips salmon 2022,2022-09-04,Boat,178.95,281.75,0.6351375332741792
Humptulips salmon 2022,2022-09-11,Bank,378.45,972.8166666666666,0.3890249961452141
Humptulips salmon 2022,2022-09-11,Boat,594.3666666666667,972.8166666666666,0.610975003854786
Humptulips salmon 2022,2022-09-18,Bank,181.93333333333334,584.8499999999999,0.3110769143085122
Humptulips salmon 2022,2022-09-18,Boat,402.91666666666663,584.8499999999999,0.6889230856914879
Humptulips salmon 2022,2022-09-25,Bank,188.4,540.1166666666667,0.3488135279414941
Humptulips salmon 2022,2022-09-25,Boat,351.7166666666667,540.1166666666667,0.6511864720585059
Humptulips salmon 2022,2022-10-02,Bank,185.33333333333334,361.05,0.5133176383695702
Humptulips salmon 2022,2022-10-02,Boat,175.71666666666667,361.05,0.48668236163042977
Humptulips salmon 2022,2022-10-23,Bank,99.36666666666667,519.0166666666667,0.19145178382197106
Humptulips salmon 2022,2022-10-23,Boat,419.65,519.0166666666667,0.808548216178029
Humptulips salmon 2022,2022-10-30,Bank,284.96666666666664,699.5333333333333,0.4073668159725531
Humptulips salmon 2022,2022-10-30,Boat,414.56666666666666,699.5333333333333,0.5926331840274469
Humptulips salmon 2022,2022-11-06,Bank,240,507.01666666666665,0.4733572203412117
Humptulips salmon 2022,2022-11-06,Boat,267.01666666666665,507.01666666666665,0.5266427796587884
Humptulips salmon 2022,2022-11-13,Bank,135.03333333333333,452.1166666666667,0.2986692225458031
Humptulips salmon 2022,2022-11-13,Boat,317.0833333333333,452.1166666666667,0.7013307774541969
Humptulips salmon 2022,2022-11-20,Bank,92.31666666666666,309.8666666666667,0.29792383820998275
Humptulips salmon 2022,2022-11-20,Boat,217.55,309.8666666666667,0.7020761617900172
Humptulips salmon 2022,2022-11-27,Bank,198.68333333333334,412.51666666666665,0.4816371055714921
Humptulips salmon 2022,2022-11-27,Boat,213.83333333333334,412.51666666666665,0.518362894428508
Humptulips salmon 2022,2022-12-04,Bank,256.95,256.95,1
Humptulips salmon 2022,2022-12-11,Bank,298.1333333333333,298.1333333333333,1
Humptulips salmon 2023,2023-08-27,Bank,189.79999999999998,503.98333333333335,0.37659975528291273
Humptulips salmon 2023,2023-08-27,Boat,314.18333333333334,503.98333333333335,0.6234002447170872
Humptulips salmon 2023,2023-09-03,Bank,30.116666666666664,117.93333333333332,0.2553702656868287
Humptulips salmon 2023,2023-09-03,Boat,87.81666666666666,117.93333333333332,0.7446297343131714
Humptulips salmon 2023,2023-09-10,Bank,286.06666666666666,644.8333333333333,0.4436288446627036
Humptulips salmon 2023,2023-09-10,Boat,358.76666666666665,644.8333333333333,0.5563711553372965
Humptulips salmon 2023,2023-09-17,Bank,224.9,656.85,0.34239171804826063
Humptulips salmon 2023,2023-09-17,Boat,431.95,656.85,0.6576082819517394
Humptulips salmon 2023,2023-09-24,Bank,392.98333333333335,1207.2333333333333,0.3255239252284839
Humptulips salmon 2023,2023-09-24,Boat,814.25,1207.2333333333333,0.6744760747715162
Humptulips salmon 2023,2023-10-01,Bank,204.93333333333334,934.9833333333333,0.2191839426727749
Humptulips salmon 2023,2023-10-01,Boat,730.05,934.9833333333333,0.780816057327225
Humptulips salmon 2023,2023-10-08,Bank,112.48333333333333,423.56666666666666,0.26556228850240027
Humptulips salmon 2023,2023-10-08,Boat,311.0833333333333,423.56666666666666,0.7344377114975997
Humptulips salmon 2023,2023-10-15,Bank,446.01666666666665,1191.4,0.37436349392871127
Humptulips salmon 2023,2023-10-15,Boat,745.3833333333333,1191.4,0.6256365060712886
Humptulips salmon 2023,2023-10-22,Bank,523,964.0666666666666,0.5424936034852362
Humptulips salmon 2023,2023-10-22,Boat,441.06666666666666,964.0666666666666,0.4575063965147639
Humptulips salmon 2023,2023-10-29,Bank,413.46666666666664,670.4666666666667,0.616684896092274
Humptulips salmon 2023,2023-10-29,Boat,257,670.4666666666667,0.38331510390772594
Humptulips salmon 2023,2023-11-05,Bank,83.68333333333334,258.25,0.3240400129073895
Humptulips salmon 2023,2023-11-05,Boat,174.56666666666666,258.25,0.6759599870926105
Humptulips salmon 2023,2023-11-12,Bank,158.78333333333333,503.1333333333333,0.31558897575195444
Humptulips salmon 2023,2023-11-12,Boat,344.35,503.1333333333333,0.6844110242480457
Humptulips salmon 2023,2023-11-19,Bank,208.55,528.0666666666667,0.3949311955561166
Humptulips salmon 2023,2023-11-19,Boat,319.5166666666667,528.0666666666667,0.6050688044438833
Humptulips salmon 2023,2023-11-26,Bank,95.93333333333334,154.88333333333333,0.6193909394167654
Humptulips salmon 2023,2023-11-26,Boat,58.95,154.88333333333333,0.38060906058323474
Humptulips salmon 2024,2024-09-01,Bank,196.08333333333334,490.65,0.3996399334216516
Humptulips salmon 2024,2024-09-01,Boat,294.56666666666666,490.65,0.6003600665783485
Humptulips salmon 2024,2024-09-08,Bank,365.31666666666666,785.6666666666667,0.46497666525243947
Humptulips salmon 2024,2024-09-08,Boat,420.35,785.6666666666667,0.5350233347475605
Humptulips salmon 2024,2024-09-15,Bank,463.8333333333333,1044.5666666666666,0.4440437821106041
Humptulips salmon 2024,2024-09-15,Boat,580.7333333333333,1044.5666666666666,0.555956217889396
Humptulips salmon 2024,2024-09-22,Bank,179.1,771.8833333333333,0.23202988361799062
Humptulips salmon 2024,2024-09-22,Boat,592.7833333333333,771.8833333333333,0.7679701163820093
Humptulips salmon 2024,2024-09-29,Bank,277.28333333333336,679.3666666666667,0.40814974731367454
Humptulips salmon 2024,2024-09-29,Boat,402.0833333333333,679.3666666666667,0.5918502526863255
Humptulips salmon 2024,2024-10-06,Bank,300.1166666666667,668.2166666666667,0.44913077095752374
Humptulips salmon 2024,2024-10-06,Boat,368.1,668.2166666666667,0.5508692290424763
Humptulips salmon 2024,2024-10-13,Bank,65.73333333333333,291.6,0.22542295381801553
Humptulips salmon 2024,2024-10-13,Boat,225.86666666666667,291.6,0.7745770461819844
Humptulips salmon 2024,2024-10-20,Bank,415.26666666666665,1054.6999999999998,0.39372965456211884
Humptulips salmon 2024,2024-10-20,Boat,639.4333333333333,1054.6999999999998,0.6062703454378813
Humptulips salmon 2024,2024-10-27,Bank,260.01666666666665,367.26666666666665,0.7079778544200399
Humptulips salmon 2024,2024-10-27,Boat,107.25,367.26666666666665,0.2920221455799601
Humptulips salmon 2024,2024-11-03,Bank,287.96666666666664,647.8,0.4445302047957188
Humptulips salmon 2024,2024-11-03,Boat,359.8333333333333,647.8,0.5554697952042812
Humptulips salmon 2024,2024-11-10,Bank,167.3,173.83333333333334,0.9624161073825503
Humptulips salmon 2024,2024-11-10,Boat,6.533333333333333,173.83333333333334,0.03758389261744966
Humptulips salmon 2024,2024-11-17,Bank,112.55000000000001,112.55000000000001,1
Humptulips salmon 2024,2024-11-24,Bank,94.91666666666667,151.11666666666667,0.6281019080180875
Humptulips salmon 2024,2024-11-24,Boat,56.199999999999996,151.11666666666667,0.37189809198191237
Humptulips salmon 2024,2024-12-01,Bank,126.86666666666667,218.15,0.5815570326228131
Humptulips salmon 2024,2024-12-01,Boat,91.28333333333333,218.15,0.41844296737718695
Humptulips salmon 2024,2024-12-08,Bank,172.56666666666666,327.16666666666663,0.5274579724910852
Humptulips salmon 2024,2024-12-08,Boat,154.6,327.16666666666663,0.47254202750891494
Humptulips salmon 2024,2024-12-15,Bank,138.86666666666667,138.86666666666667,1
Humptulips salmon 2024,2024-12-22,Bank,33.78333333333333,33.78333333333333,1
Humptulips salmon 2024,2024-12-29,Bank,11.55,11.55,1
Humptulips salmon 2025,2025-08-31,Bank,116.35,208.3,0.5585693710993759
Humptulips salmon 2025,2025-08-31,Boat,91.95,208.3,0.44143062890062407
Humptulips salmon 2025,2025-09-07,Bank,34.35,299.48333333333335,0.11469753464299627
Humptulips salmon 2025,2025-09-07,Boat,265.1333333333333,299.48333333333335,0.8853024653570036
Humptulips salmon 2025,2025-09-14,Bank,171.23333333333335,466.48333333333335,0.3670727785915896
Humptulips salmon 2025,2025-09-14,Boat,295.25,466.48333333333335,0.6329272214084104
Humptulips salmon 2025,2025-09-21,Bank,135.08333333333334,344.33333333333337,0.3923039690222652
Humptulips salmon 2025,2025-09-21,Boat,209.25,344.33333333333337,0.6076960309777347
Humptulips salmon 2025,2025-09-28,Bank,693.7333333333333,1196.4833333333333,0.5798102773405397
Humptulips salmon 2025,2025-09-28,Boat,502.75,1196.4833333333333,0.42018972265946036
Humptulips salmon 2025,2025-10-05,Bank,276.76666666666665,543.1166666666667,0.509589713689508
Humptulips salmon 2025,2025-10-05,Boat,266.35,543.1166666666667,0.49041028631049194
Humptulips salmon 2025,2025-10-12,Bank,169.95,525.0333333333333,0.32369373373119165
Humptulips salmon 2025,2025-10-12,Boat,355.0833333333333,525.0333333333333,0.6763062662688083
Humptulips salmon 2025,2025-10-19,Bank,201.56666666666666,505.05,0.3991023991023991
Humptulips salmon 2025,2025-10-19,Boat,303.48333333333335,505.05,0.6008976008976009
Humptulips salmon 2025,2025-10-26,Bank,413.4166666666667,576.4333333333334,0.717197710056092
Humptulips salmon 2025,2025-10-26,Boat,163.01666666666665,576.4333333333334,0.2828022899439079
Humptulips salmon 2025,2025-11-02,Bank,249.01666666666665,369.75,0.6734730673878746
Humptulips salmon 2025,2025-11-02,Boat,120.73333333333333,369.75,0.3265269326121253
Humptulips salmon 2025,2025-11-09,Bank,203.33333333333334,534.8666666666667,0.3801570484856039
Humptulips salmon 2025,2025-11-09,Boat,331.53333333333336,534.8666666666667,0.6198429515143962
Humptulips salmon 2025,2025-11-16,Bank,209.93333333333334,658.3166666666666,0.3188941492189676
Humptulips salmon 2025,2025-11-16,Boat,448.3833333333333,658.3166666666666,0.6811058507810325
Humptulips salmon 2025,2025-11-23,Bank,195.45,240.33333333333331,0.813245492371706
Humptulips salmon 2025,2025-11-23,Boat,44.88333333333333,240.33333333333331,0.18675450762829404
Humptulips salmon 2025,2025-11-30,Bank,48.95,90.58333333333334,0.5403863845446182
Humptulips salmon 2025,2025-11-30,Boat,41.63333333333333,90.58333333333334,0.4596136154553817
Humptulips salmon 2025,2025-12-07,Bank,192.23333333333335,192.23333333333335,1
Humptulips salmon 2025,2025-12-14,Bank,195.01666666666665,195.01666666666665,1
Humptulips salmon 2025,2025-12-21,Bank,308.7166666666667,320.7166666666667,0.9625837967052955
Humptulips salmon 2025,2025-12-21,Boat,12,320.7166666666667,0.03741620329470456
Humptulips salmon 2025,2025-12-28,Bank,81.33333333333333,93,0.8745519713261648
Humptulips salmon 2025,2025-12-28,Boat,11.666666666666666,93,0.12544802867383512
Humptulips winter steelhead 2024-25,2024-10-27,Bank,75.26666666666667,75.26666666666667,1
Humptulips winter steelhead 2024-25,2024-11-03,Bank,286.03333333333336,645.8666666666667,0.4428674649050372
Humptulips winter steelhead 2024-25,2024-11-03,Boat,359.8333333333333,645.8666666666667,0.5571325350949629
Humptulips winter steelhead 2024-25,2024-11-10,Bank,167.3,173.83333333333334,0.9624161073825503
Humptulips winter steelhead 2024-25,2024-11-10,Boat,6.533333333333333,173.83333333333334,0.03758389261744966
Humptulips winter steelhead 2024-25,2024-11-17,Bank,112.55000000000001,112.55000000000001,1
Humptulips winter steelhead 2024-25,2024-11-24,Bank,94.91666666666667,151.11666666666667,0.6281019080180875
Humptulips winter steelhead 2024-25,2024-11-24,Boat,56.199999999999996,151.11666666666667,0.37189809198191237
Humptulips winter steelhead 2024-25,2024-12-01,Bank,126.86666666666667,218.15,0.5815570326228131
Humptulips winter steelhead 2024-25,2024-12-01,Boat,91.28333333333333,218.15,0.41844296737718695
Humptulips winter steelhead 2024-25,2024-12-08,Bank,172.56666666666666,327.16666666666663,0.5274579724910852
Humptulips winter steelhead 2024-25,2024-12-08,Boat,154.6,327.16666666666663,0.47254202750891494
Humptulips winter steelhead 2024-25,2024-12-15,Bank,138.86666666666667,138.86666666666667,1
Humptulips winter steelhead 2024-25,2024-12-22,Bank,33.78333333333333,33.78333333333333,1
Humptulips winter steelhead 2024-25,2024-12-29,Bank,63.61666666666667,87.51666666666667,0.7269091601599695
Humptulips winter steelhead 2024-25,2024-12-29,Boat,23.9,87.51666666666667,0.27309083984003046
Humptulips winter steelhead 2024-25,2025-01-05,Bank,129.26666666666668,164.75,0.7846231664137583
Humptulips winter steelhead 2024-25,2025-01-05,Boat,35.483333333333334,164.75,0.2153768335862418
Humptulips winter steelhead 2024-25,2025-01-12,Bank,121.1,140.26666666666665,0.8633555133079849
Humptulips winter steelhead 2024-25,2025-01-12,Boat,19.166666666666668,140.26666666666665,0.13664448669201523
Humptulips winter steelhead 2024-25,2025-01-19,Bank,54.55,124.13333333333333,0.4394468313641246
Humptulips winter steelhead 2024-25,2025-01-19,Boat,69.58333333333333,124.13333333333333,0.5605531686358755
Humptulips winter steelhead 2024-25,2025-01-26,Bank,25.616666666666667,90.69999999999999,0.28243292907019485
Humptulips winter steelhead 2024-25,2025-01-26,Boat,65.08333333333333,90.69999999999999,0.7175670709298052
Humptulips winter steelhead 2025-26,2025-10-26,Bank,110.8,110.8,1
Humptulips winter steelhead 2025-26,2025-11-02,Bank,249.01666666666665,369.75,0.6734730673878746
Humptulips winter steelhead 2025-26,2025-11-02,Boat,120.73333333333333,369.75,0.3265269326121253
Humptulips winter steelhead 2025-26,2025-11-09,Bank,203.33333333333334,534.8666666666667,0.3801570484856039
Humptulips winter steelhead 2025-26,2025-11-09,Boat,331.53333333333336,534.8666666666667,0.6198429515143962
Humptulips winter steelhead 2025-26,2025-11-16,Bank,209.93333333333334,658.3166666666666,0.3188941492189676
Humptulips winter steelhead 2025-26,2025-11-16,Boat,448.3833333333333,658.3166666666666,0.6811058507810325
Humptulips winter steelhead 2025-26,2025-11-23,Bank,195.45,240.33333333333331,0.813245492371706
Humptulips winter steelhead 2025-26,2025-11-23,Boat,44.88333333333333,240.33333333333331,0.18675450762829404
Humptulips winter steelhead 2025-26,2025-11-30,Bank,48.95,90.58333333333334,0.5403863845446182
Humptulips winter steelhead 2025-26,2025-11-30,Boat,41.63333333333333,90.58333333333334,0.4596136154553817
Humptulips winter steelhead 2025-26,2025-12-07,Bank,192.23333333333335,192.23333333333335,1
Humptulips winter steelhead 2025-26,2025-12-14,Bank,195.01666666666665,195.01666666666665,1
Humptulips winter steelhead 2025-26,2025-12-21,Bank,308.7166666666667,320.7166666666667,0.9625837967052955
Humptulips winter steelhead 2025-26,2025-12-21,Boat,12,320.7166666666667,0.03741620329470456
Humptulips winter steelhead 2025-26,2025-12-28,Bank,199.15,302.7166666666667,0.6578759015581126
Humptulips winter steelhead 2025-26,2025-12-28,Boat,103.56666666666666,302.7166666666667,0.3421240984418873
Humptulips winter steelhead 2025-26,2026-01-04,Bank,193.33333333333334,193.33333333333334,1
Humptulips winter steelhead 2025-26,2026-01-11,Bank,175.9,309.15,0.5689794598091542
Humptulips winter steelhead 2025-26,2026-01-11,Boat,133.25,309.15,0.4310205401908459
Humptulips winter steelhead 2025-26,2026-01-18,Bank,85.9,122.33333333333334,0.7021798365122616
Humptulips winter steelhead 2025-26,2026-01-18,Boat,36.43333333333334,122.33333333333334,0.29782016348773843
Humptulips winter steelhead 2025-26,2026-01-25,Bank,22.416666666666668,22.416666666666668,1
Humptulips winter steelhead 2025-26,2026-02-01,Bank,4.316666666666666,4.316666666666666,1
Lower Chehalis salmon 2023,2023-09-10,Boat,275.7833333333333,275.7833333333333,1
Lower Chehalis salmon 2023,2023-09-17,Bank,55.733333333333334,1060.0833333333333,0.05257448313811808
Lower Chehalis salmon 2023,2023-09-17,Boat,1004.35,1060.0833333333333,0.947425516861882
Lower Chehalis salmon 2023,2023-09-24,Bank,183.13333333333333,1368.5,0.13382048471562538
Lower Chehalis salmon 2023,2023-09-24,Boat,1185.3666666666666,1368.5,0.8661795152843745
Lower Chehalis salmon 2023,2023-10-01,Bank,16.633333333333333,931.7666666666667,0.017851393410367403
Lower Chehalis salmon 2023,2023-10-01,Boat,915.1333333333333,931.7666666666667,0.9821486065896327
Lower Chehalis salmon 2023,2023-10-08,Bank,74.83333333333333,825.6,0.09064114987080102
Lower Chehalis salmon 2023,2023-10-08,Boat,750.7666666666667,825.6,0.9093588501291989
Lower Chehalis salmon 2023,2023-10-15,Bank,49.45,528.65,0.09354014943724583
Lower Chehalis salmon 2023,2023-10-15,Boat,479.2,528.65,0.9064598505627542
Lower Chehalis salmon 2023,2023-10-22,Bank,88.95,290.9166666666667,0.3057576625608708
Lower Chehalis salmon 2023,2023-10-22,Boat,201.96666666666667,290.9166666666667,0.6942423374391291
Lower Chehalis salmon 2023,2023-10-29,Bank,112.25,261.3666666666667,0.42947328146920033
Lower Chehalis salmon 2023,2023-10-29,Boat,149.11666666666667,261.3666666666667,0.5705267185307996
Lower Chehalis salmon 2023,2023-11-05,Bank,17.516666666666666,61.483333333333334,0.28490105719707237
Lower Chehalis salmon 2023,2023-11-05,Boat,43.96666666666667,61.483333333333334,0.7150989428029276
Lower Chehalis salmon 2023,2023-11-12,Bank,24.183333333333334,32.68333333333334,0.7399286078531361
Lower Chehalis salmon 2023,2023-11-12,Boat,8.5,32.68333333333334,0.2600713921468638
Lower Chehalis salmon 2023,2023-11-19,Bank,17.2,203.88333333333333,0.08436197171585057
Lower Chehalis salmon 2023,2023-11-19,Boat,186.68333333333334,203.88333333333333,0.9156380282841495
Lower Chehalis salmon 2023,2023-11-26,Bank,74.18333333333334,98.48333333333333,0.7532577424268065
Lower Chehalis salmon 2023,2023-11-26,Boat,24.3,98.48333333333333,0.24674225757319343
Lower Cowlitz salmon and steelhead 2022-23,2022-07-31,Bank,109.33333333333333,499.43333333333334,0.2189147700727491
Lower Cowlitz salmon and steelhead 2022-23,2022-07-31,Boat,390.1,499.43333333333334,0.7810852299272509
Lower Cowlitz salmon and steelhead 2022-23,2022-08-07,Bank,152.71666666666667,397.31666666666666,0.3843701497546038
Lower Cowlitz salmon and steelhead 2022-23,2022-08-07,Boat,244.6,397.31666666666666,0.6156298502453962
Lower Cowlitz salmon and steelhead 2022-23,2022-08-14,Bank,48.11666666666667,141.08333333333334,0.3410513880685174
Lower Cowlitz salmon and steelhead 2022-23,2022-08-14,Boat,92.96666666666667,141.08333333333334,0.6589486119314826
Lower Cowlitz salmon and steelhead 2022-23,2022-08-21,Bank,15.55,109.58333333333333,0.14190114068441065
Lower Cowlitz salmon and steelhead 2022-23,2022-08-21,Boat,94.03333333333333,109.58333333333333,0.8580988593155894
Lower Cowlitz salmon and steelhead 2022-23,2022-08-28,Bank,51.833333333333336,57.583333333333336,0.9001447178002895
Lower Cowlitz salmon and steelhead 2022-23,2022-08-28,Boat,5.75,57.583333333333336,0.09985528219971056
Lower Cowlitz salmon and steelhead 2022-23,2022-09-04,Boat,711.7166666666667,711.7166666666667,1
Lower Cowlitz salmon and steelhead 2022-23,2022-09-11,Bank,16.45,38.61666666666667,0.4259818731117824
Lower Cowlitz salmon and steelhead 2022-23,2022-09-11,Boat,22.166666666666668,38.61666666666667,0.5740181268882175
Lower Cowlitz salmon and steelhead 2022-23,2022-09-18,Bank,20.666666666666668,20.666666666666668,1
Lower Cowlitz salmon and steelhead 2022-23,2022-09-25,Bank,58.88333333333333,102.75,0.573073803730738
Lower Cowlitz salmon and steelhead 2022-23,2022-09-25,Boat,43.86666666666667,102.75,0.426926196269262
Lower Cowlitz salmon and steelhead 2022-23,2022-10-02,Bank,34.4,41.949999999999996,0.8200238379022646
Lower Cowlitz salmon and steelhead 2022-23,2022-10-02,Boat,7.55,41.949999999999996,0.17997616209773543
Lower Cowlitz salmon and steelhead 2022-23,2022-10-09,Bank,92.5,170.26666666666665,0.5432654659357871
Lower Cowlitz salmon and steelhead 2022-23,2022-10-09,Boat,77.76666666666667,170.26666666666665,0.45673453406421305
Lower Cowlitz salmon and steelhead 2022-23,2022-10-16,Bank,43.583333333333336,126.83333333333334,0.3436268068331143
Lower Cowlitz salmon and steelhead 2022-23,2022-10-16,Boat,83.25,126.83333333333334,0.6563731931668856
Lower Cowlitz salmon and steelhead 2022-23,2022-10-23,Bank,100.76666666666667,130.13333333333333,0.7743340163934427
Lower Cowlitz salmon and steelhead 2022-23,2022-10-23,Boat,29.366666666666667,130.13333333333333,0.2256659836065574
Lower Cowlitz salmon and steelhead 2022-23,2022-10-30,Bank,57.583333333333336,69.91666666666667,0.8235995232419547
Lower Cowlitz salmon and steelhead 2022-23,2022-10-30,Boat,12.333333333333334,69.91666666666667,0.1764004767580453
Lower Cowlitz salmon and steelhead 2022-23,2022-11-06,Bank,55.28333333333333,111.01666666666667,0.49797327728569285
Lower Cowlitz salmon and steelhead 2022-23,2022-11-06,Boat,55.733333333333334,111.01666666666667,0.5020267227143071
Lower Cowlitz salmon and steelhead 2022-23,2022-11-13,Bank,112.35,112.35,1
Lower Cowlitz salmon and steelhead 2022-23,2022-11-20,Bank,42.7,68.91666666666667,0.6195888754534462
Lower Cowlitz salmon and steelhead 2022-23,2022-11-20,Boat,26.216666666666665,68.91666666666667,0.38041112454655374
Lower Cowlitz salmon and steelhead 2022-23,2022-11-27,Bank,42.5,42.5,1
Lower Cowlitz salmon and steelhead 2022-23,2022-12-04,Bank,17.266666666666666,17.266666666666666,1
Lower Cowlitz salmon and steelhead 2022-23,2022-12-11,Bank,10.1,10.1,1
Lower Cowlitz salmon and steelhead 2022-23,2022-12-18,Bank,8.566666666666666,8.566666666666666,1
Lower Cowlitz salmon and steelhead 2022-23,2022-12-25,Bank,9.233333333333333,9.233333333333333,1
Lower Cowlitz salmon and steelhead 2022-23,2023-01-01,Bank,41.58333333333333,41.58333333333333,1
Lower Cowlitz salmon and steelhead 2022-23,2023-01-08,Bank,26.53333333333333,26.53333333333333,1
Lower Cowlitz salmon and steelhead 2022-23,2023-01-22,Bank,34.7,34.7,1
Lower Cowlitz salmon and steelhead 2022-23,2023-01-29,Bank,146.56666666666666,163.86666666666667,0.8944263628966639
Lower Cowlitz salmon and steelhead 2022-23,2023-01-29,Boat,17.3,163.86666666666667,0.10557363710333605
Lower Cowlitz salmon and steelhead 2022-23,2023-02-05,Bank,75.26666666666667,230.64999999999998,0.32632415636967993
Lower Cowlitz salmon and steelhead 2022-23,2023-02-05,Boat,155.38333333333333,230.64999999999998,0.6736758436303202
Lower Cowlitz salmon and steelhead 2022-23,2023-02-12,Bank,122.46666666666667,142.71666666666667,0.8581104753007124
Lower Cowlitz salmon and steelhead 2022-23,2023-02-12,Boat,20.25,142.71666666666667,0.14188952469928764
Lower Cowlitz salmon and steelhead 2022-23,2023-02-19,Bank,41.983333333333334,53.583333333333336,0.7835147744945568
Lower Cowlitz salmon and steelhead 2022-23,2023-02-19,Boat,11.6,53.583333333333336,0.21648522550544322
Lower Cowlitz salmon and steelhead 2022-23,2023-02-26,Bank,223.75,359.3833333333333,0.6225942586838566
Lower Cowlitz salmon and steelhead 2022-23,2023-02-26,Boat,135.63333333333333,359.3833333333333,0.3774057413161434
Lower Cowlitz salmon and steelhead 2022-23,2023-03-05,Bank,107.16666666666667,379.7666666666667,0.28219081892390063
Lower Cowlitz salmon and steelhead 2022-23,2023-03-05,Boat,272.6,379.7666666666667,0.7178091810760994
Lower Cowlitz salmon and steelhead 2022-23,2023-03-12,Bank,299.05,669.9000000000001,0.44640991192715324
Lower Cowlitz salmon and steelhead 2022-23,2023-03-12,Boat,370.85,669.9000000000001,0.5535900880728466
Lower Cowlitz salmon and steelhead 2022-23,2023-03-19,Bank,33.71666666666667,48.61666666666667,0.6935207404868016
Lower Cowlitz salmon and steelhead 2022-23,2023-03-19,Boat,14.9,48.61666666666667,0.3064792595131985
Lower Cowlitz salmon and steelhead 2022-23,2023-03-26,Bank,72.28333333333333,237.66666666666666,0.3041374474053296
Lower Cowlitz salmon and steelhead 2022-23,2023-03-26,Boat,165.38333333333333,237.66666666666666,0.6958625525946704
Lower Cowlitz salmon and steelhead 2022-23,2023-04-02,Bank,138.5,254.25,0.5447394296951819
Lower Cowlitz salmon and steelhead 2022-23,2023-04-02,Boat,115.75,254.25,0.4552605703048181
Lower Cowlitz salmon and steelhead 2022-23,2023-04-09,Bank,86.43333333333334,175.5,0.4924976258309592
Lower Cowlitz salmon and steelhead 2022-23,2023-04-09,Boat,89.06666666666666,175.5,0.5075023741690408
Lower Cowlitz salmon and steelhead 2022-23,2023-04-16,Bank,77.76666666666667,77.76666666666667,1
Lower Cowlitz salmon and steelhead 2022-23,2023-04-23,Bank,109.43333333333334,122.08333333333334,0.8963822525597269
Lower Cowlitz salmon and steelhead 2022-23,2023-04-23,Boat,12.649999999999999,122.08333333333334,0.10361774744027302
Lower Cowlitz salmon and steelhead 2022-23,2023-04-30,Bank,162.46666666666667,185.26666666666668,0.8769341489744512
Lower Cowlitz salmon and steelhead 2022-23,2023-04-30,Boat,22.8,185.26666666666668,0.12306585102554875
Lower Cowlitz salmon and steelhead 2022-23,2023-05-07,Bank,9.983333333333334,37.583333333333336,0.2656319290465632
Lower Cowlitz salmon and steelhead 2022-23,2023-05-07,Boat,27.6,37.583333333333336,0.7343680709534368
Lower Cowlitz salmon and steelhead 2022-23,2023-05-14,Bank,52.46666666666667,99.83333333333334,0.525542570951586
Lower Cowlitz salmon and steelhead 2022-23,2023-05-14,Boat,47.36666666666667,99.83333333333334,0.474457429048414
Lower Cowlitz salmon and steelhead 2022-23,2023-05-21,Bank,60.05,116.88333333333333,0.5137601597034079
Lower Cowlitz salmon and steelhead 2022-23,2023-05-21,Boat,56.833333333333336,116.88333333333333,0.4862398402965921
Lower Cowlitz salmon and steelhead 2022-23,2023-05-28,Bank,146.3,178.31666666666666,0.8204505093934014
Lower Cowlitz salmon and steelhead 2022-23,2023-05-28,Boat,32.016666666666666,178.31666666666666,0.17954949060659875
Lower Cowlitz salmon and steelhead 2022-23,2023-06-04,Bank,161.85,234.8,0.68931005110732535
Lower Cowlitz salmon and steelhead 2022-23,2023-06-04,Boat,72.95,234.8,0.3106899488926746
Lower Cowlitz salmon and steelhead 2022-23,2023-06-11,Bank,113.83333333333333,362.75,0.313806570181484
Lower Cowlitz salmon and steelhead 2022-23,2023-06-11,Boat,248.91666666666666,362.75,0.6861934298185159
Lower Cowlitz salmon and steelhead 2022-23,2023-06-18,Bank,217.38333333333333,472.25,0.460314099170637
Lower Cowlitz salmon and steelhead 2022-23,2023-06-18,Boat,254.86666666666667,472.25,0.539685900829363
Lower Cowlitz salmon and steelhead 2022-23,2023-06-25,Bank,64.36666666666666,133.33333333333331,0.48275
Lower Cowlitz salmon and steelhead 2022-23,2023-06-25,Boat,68.96666666666667,133.33333333333331,0.5172500000000001
Lower Cowlitz salmon and steelhead 2022-23,2023-07-02,Bank,299.40000000000003,564.5,0.5303808680248008
Lower Cowlitz salmon and steelhead 2022-23,2023-07-02,Boat,265.09999999999997,564.5,0.4696191319751992
Lower Cowlitz salmon and steelhead 2022-23,2023-07-09,Bank,297.3833333333333,769.0833333333333,0.38667244555206415
Lower Cowlitz salmon and steelhead 2022-23,2023-07-09,Boat,471.7,769.0833333333333,0.6133275544479359
Lower Cowlitz salmon and steelhead 2022-23,2023-07-16,Bank,215.03333333333333,996.6666666666666,0.21575250836120402
Lower Cowlitz salmon and steelhead 2022-23,2023-07-16,Boat,781.6333333333333,996.6666666666666,0.784247491638796
Lower Cowlitz salmon and steelhead 2022-23,2023-07-23,Bank,63.766666666666666,454.5833333333333,0.1402749770852429
Lower Cowlitz salmon and steelhead 2022-23,2023-07-23,Boat,390.81666666666666,454.5833333333333,0.8597250229147572
Lower Cowlitz salmon and steelhead 2023-24,2023-07-30,Bank,5.35,80.23333333333333,0.06668051516410468
Lower Cowlitz salmon and steelhead 2023-24,2023-07-30,Boat,74.88333333333334,80.23333333333333,0.9333194848358953
Lower Cowlitz salmon and steelhead 2023-24,2023-08-06,Bank,60.63333333333333,108.26666666666667,0.5600369458128078
Lower Cowlitz salmon and steelhead 2023-24,2023-08-06,Boat,47.63333333333333,108.26666666666667,0.4399630541871921
Lower Cowlitz salmon and steelhead 2023-24,2023-08-13,Bank,59.65,263.5,0.22637571157495257
Lower Cowlitz salmon and steelhead 2023-24,2023-08-13,Boat,203.85,263.5,0.7736242884250474
Lower Cowlitz salmon and steelhead 2023-24,2023-08-20,Bank,72.75,282.83333333333337,0.2572186210960518
Lower Cowlitz salmon and steelhead 2023-24,2023-08-20,Boat,210.08333333333334,282.83333333333337,0.7427813789039481
Lower Cowlitz salmon and steelhead 2023-24,2023-08-27,Bank,129.66666666666666,210.79999999999998,0.6151170145477546
Lower Cowlitz salmon and steelhead 2023-24,2023-08-27,Boat,81.13333333333333,210.79999999999998,0.3848829854522454
Lower Cowlitz salmon and steelhead 2023-24,2023-09-03,Bank,102.8,167.6,0.6133651551312649
Lower Cowlitz salmon and steelhead 2023-24,2023-09-03,Boat,64.8,167.6,0.38663484486873506
Lower Cowlitz salmon and steelhead 2023-24,2023-09-10,Bank,154.11666666666667,246.9,0.6242068313757256
Lower Cowlitz salmon and steelhead 2023-24,2023-09-10,Boat,92.78333333333333,246.9,0.3757931686242743
Lower Cowlitz salmon and steelhead 2023-24,2023-09-17,Bank,208.61666666666667,296.2,0.7043101507990097
Lower Cowlitz salmon and steelhead 2023-24,2023-09-17,Boat,87.58333333333333,296.2,0.29568984920099034
Lower Cowlitz salmon and steelhead 2023-24,2023-09-24,Bank,269.06666666666666,394.9666666666667,0.6812389231158748
Lower Cowlitz salmon and steelhead 2023-24,2023-09-24,Boat,125.9,394.9666666666667,0.31876107688412525
Lower Cowlitz salmon and steelhead 2023-24,2023-10-01,Bank,427.05,567.3166666666667,0.7527541937189693
Lower Cowlitz salmon and steelhead 2023-24,2023-10-01,Boat,140.26666666666668,567.3166666666667,0.24724580628103057
Lower Cowlitz salmon and steelhead 2023-24,2023-10-08,Bank,116.45,162.51666666666668,0.7165418931391652
Lower Cowlitz salmon and steelhead 2023-24,2023-10-08,Boat,46.06666666666667,162.51666666666668,0.2834581068608348
Lower Cowlitz salmon and steelhead 2023-24,2023-10-15,Bank,124.5,208.1,0.5982700624699664
Lower Cowlitz salmon and steelhead 2023-24,2023-10-15,Boat,83.6,208.1,0.4017299375300336
Lower Cowlitz salmon and steelhead 2023-24,2023-10-22,Bank,163.36666666666667,208.3,0.7842854856777084
Lower Cowlitz salmon and steelhead 2023-24,2023-10-22,Boat,44.93333333333334,208.3,0.21571451432229158
Lower Cowlitz salmon and steelhead 2023-24,2023-10-29,Bank,94.83333333333333,143.25,0.6620127981384526
Lower Cowlitz salmon and steelhead 2023-24,2023-10-29,Boat,48.41666666666667,143.25,0.33798720186154746
Lower Cowlitz salmon and steelhead 2023-24,2023-11-05,Bank,131.53333333333333,131.53333333333333,1
Lower Cowlitz salmon and steelhead 2023-24,2023-11-12,Bank,157.86666666666667,181.25,0.8709885057471265
Lower Cowlitz salmon and steelhead 2023-24,2023-11-12,Boat,23.383333333333333,181.25,0.12901149425287356
Lower Cowlitz salmon and steelhead 2023-24,2023-11-19,Bank,49.31666666666666,49.31666666666666,1
Lower Cowlitz salmon and steelhead 2023-24,2023-12-03,Bank,17.033333333333335,17.033333333333335,1
Lower Cowlitz salmon and steelhead 2023-24,2023-12-10,Bank,15.766666666666666,15.766666666666666,1
Lower Cowlitz salmon and steelhead 2023-24,2023-12-17,Bank,14.25,14.25,1
Lower Cowlitz salmon and steelhead 2023-24,2023-12-24,Bank,39.016666666666666,77.15,0.5057247785698854
Lower Cowlitz salmon and steelhead 2023-24,2023-12-24,Boat,38.13333333333333,77.15,0.49427522143011443
Lower Cowlitz salmon and steelhead 2023-24,2023-12-31,Bank,45.63333333333333,75.81666666666666,0.6018905253901957
Lower Cowlitz salmon and steelhead 2023-24,2023-12-31,Boat,30.183333333333334,75.81666666666666,0.3981094746098044
Lower Cowlitz salmon and steelhead 2023-24,2024-01-07,Bank,29.65,64.1,0.4625585023400936
Lower Cowlitz salmon and steelhead 2023-24,2024-01-07,Boat,34.45,64.1,0.5374414976599065
Lower Cowlitz salmon and steelhead 2023-24,2024-01-14,Bank,68.65,179.26666666666665,0.3829490516920789
Lower Cowlitz salmon and steelhead 2023-24,2024-01-14,Boat,110.61666666666666,179.26666666666665,0.6170509483079212
Lower Cowlitz salmon and steelhead 2023-24,2024-01-21,Bank,312.15,672.65,0.4640600609529473
Lower Cowlitz salmon and steelhead 2023-24,2024-01-21,Boat,360.5,672.65,0.5359399390470527
Lower Cowlitz salmon and steelhead 2023-24,2024-01-28,Bank,289.56666666666666,594.8,0.4868303071060301
Lower Cowlitz salmon and steelhead 2023-24,2024-01-28,Boat,305.23333333333335,594.8,0.5131696928939701
Lower Cowlitz salmon and steelhead 2023-24,2024-02-04,Bank,122.58333333333334,640.4166666666667,0.19141184124918673
Lower Cowlitz salmon and steelhead 2023-24,2024-02-04,Boat,517.8333333333334,640.4166666666667,0.8085881587508132
Lower Cowlitz salmon and steelhead 2023-24,2024-02-11,Bank,306.55,623.0833333333334,0.49198876554767956
Lower Cowlitz salmon and steelhead 2023-24,2024-02-11,Boat,316.53333333333336,623.0833333333334,0.5080112344523204
Lower Cowlitz salmon and steelhead 2023-24,2024-02-18,Bank,589.5833333333334,1260.65,0.467682015891273
Lower Cowlitz salmon and steelhead 2023-24,2024-02-18,Boat,671.0666666666666,1260.65,0.5323179841087269
Lower Cowlitz salmon and steelhead 2023-24,2024-02-25,Bank,248.53333333333333,870.2333333333333,0.2855939020186157
Lower Cowlitz salmon and steelhead 2023-24,2024-02-25,Boat,621.7,870.2333333333333,0.7144060979813843
Lower Cowlitz salmon and steelhead 2023-24,2024-03-03,Bank,133.43333333333334,268.4,0.49714356681569805
Lower Cowlitz salmon and steelhead 2023-24,2024-03-03,Boat,134.96666666666667,268.4,0.5028564331843021
Lower Cowlitz salmon and steelhead 2023-24,2024-03-10,Bank,239.83333333333334,897.6500000000001,0.2671791158395068
Lower Cowlitz salmon and steelhead 2023-24,2024-03-10,Boat,657.8166666666667,897.6500000000001,0.7328208841604931
Lower Cowlitz salmon and steelhead 2023-24,2024-03-17,Bank,472.6,1526.5500000000002,0.30958697717074446
Lower Cowlitz salmon and steelhead 2023-24,2024-03-17,Boat,1053.95,1526.5500000000002,0.6904130228292554
Lower Cowlitz salmon and steelhead 2023-24,2024-03-24,Bank,391.76666666666665,1524,0.2570647419072616
Lower Cowlitz salmon and steelhead 2023-24,2024-03-24,Boat,1132.2333333333333,1524,0.7429352580927384
Lower Cowlitz salmon and steelhead 2023-24,2024-03-31,Bank,398.76666666666665,763.1333333333333,0.5225386564165283
Lower Cowlitz salmon and steelhead 2023-24,2024-03-31,Boat,364.3666666666667,763.1333333333333,0.47746134358347164
Lower Cowlitz salmon and steelhead 2023-24,2024-04-07,Bank,393.26666666666665,456.9,0.8607280951338732
Lower Cowlitz salmon and steelhead 2023-24,2024-04-07,Boat,63.63333333333333,456.9,0.1392719048661268
Lower Cowlitz salmon and steelhead 2023-24,2024-04-14,Bank,33.95,33.95,1
Lower Cowlitz salmon and steelhead 2023-24,2024-04-21,Bank,134.95,134.95,1
Lower Cowlitz salmon and steelhead 2023-24,2024-04-28,Bank,68.11666666666666,114.44999999999999,0.5951652832386778
Lower Cowlitz salmon and steelhead 2023-24,2024-04-28,Boat,46.333333333333336,114.44999999999999,0.4048347167613223
Lower Cowlitz salmon and steelhead 2023-24,2024-05-05,Bank,116.05,142.1,0.8166783954961295
Lower Cowlitz salmon and steelhead 2023-24,2024-05-05,Boat,26.05,142.1,0.18332160450387053
Lower Cowlitz salmon and steelhead 2023-24,2024-05-12,Bank,66.13333333333334,75.16666666666667,0.8798226164079823
Lower Cowlitz salmon and steelhead 2023-24,2024-05-12,Boat,9.033333333333333,75.16666666666667,0.12017738359201773
Lower Cowlitz salmon and steelhead 2023-24,2024-05-19,Bank,72.13333333333334,72.13333333333334,1
Lower Cowlitz salmon and steelhead 2023-24,2024-05-26,Bank,131.13333333333333,251.7,0.5209905972718845
Lower Cowlitz salmon and steelhead 2023-24,2024-05-26,Boat,120.56666666666666,251.7,0.4790094027281155
Lower Cowlitz salmon and steelhead 2023-24,2024-06-02,Bank,40.266666666666666,120.53333333333332,0.334070796460177
Lower Cowlitz salmon and steelhead 2023-24,2024-06-02,Boat,80.26666666666665,120.53333333333332,0.665929203539823
Lower Cowlitz salmon and steelhead 2023-24,2024-06-09,Bank,63.699999999999996,164.21666666666667,0.38790216177813863
Lower Cowlitz salmon and steelhead 2023-24,2024-06-09,Boat,100.51666666666667,164.21666666666667,0.6120978382218614
Lower Cowlitz salmon and steelhead 2023-24,2024-06-16,Bank,127.55,533.2166666666667,0.23920857687619165
Lower Cowlitz salmon and steelhead 2023-24,2024-06-16,Boat,405.6666666666667,533.2166666666667,0.7607914231238083
Lower Cowlitz salmon and steelhead 2023-24,2024-06-23,Bank,114.81666666666666,367.6166666666667,0.3123271523779299
Lower Cowlitz salmon and steelhead 2023-24,2024-06-23,Boat,252.8,367.6166666666667,0.6876728476220701
Lower Cowlitz salmon and steelhead 2023-24,2024-06-30,Bank,147.96666666666667,495.7833333333333,0.29845026389215723
Lower Cowlitz salmon and steelhead 2023-24,2024-06-30,Boat,347.81666666666666,495.7833333333333,0.7015497361078429
Lower Cowlitz salmon and steelhead 2023-24,2024-07-07,Bank,31.133333333333333,263.93333333333334,0.117959080575903
Lower Cowlitz salmon and steelhead 2023-24,2024-07-07,Boat,232.79999999999998,263.93333333333334,0.8820409194240969
Lower Cowlitz salmon and steelhead 2023-24,2024-07-14,Bank,63.583333333333336,111.65,0.5694879832810867
Lower Cowlitz salmon and steelhead 2023-24,2024-07-14,Boat,48.06666666666666,111.65,0.4305120167189132
Lower Cowlitz salmon and steelhead 2023-24,2024-07-21,Bank,150.85,316.51666666666665,0.47659417618872096
Lower Cowlitz salmon and steelhead 2023-24,2024-07-21,Boat,165.66666666666666,316.51666666666665,0.523405823811279
Lower Cowlitz salmon and steelhead 2023-24,2024-07-28,Bank,76.8,300.09999999999997,0.2559146951016328
Lower Cowlitz salmon and steelhead 2023-24,2024-07-28,Boat,223.29999999999998,300.09999999999997,0.7440853048983672
Naselle winter steelhead 2022,2022-01-02,Bank,36.166666666666664,36.166666666666664,1
Naselle winter steelhead 2022,2022-01-09,Bank,85.73333333333333,85.73333333333333,1
Naselle winter steelhead 2022,2022-01-16,Bank,143.4,143.4,1
Naselle winter steelhead 2022,2022-01-23,Bank,114.95,140.95,0.8155374246186592
Naselle winter steelhead 2022,2022-01-23,Boat,26,140.95,0.18446257538134092
Naselle winter steelhead 2022,2022-01-30,Bank,78.58333333333333,78.58333333333333,1
Naselle winter steelhead 2022,2022-02-06,Bank,43.166666666666664,48.666666666666664,0.886986301369863
Naselle winter steelhead 2022,2022-02-06,Boat,5.5,48.666666666666664,0.113013698630137
Naselle winter steelhead 2022,2022-02-13,Bank,136.26666666666668,136.26666666666668,1
Naselle winter steelhead 2022,2022-02-20,Bank,89.5,99.96666666666667,0.895298432810937
Naselle winter steelhead 2022,2022-02-20,Boat,10.466666666666667,99.96666666666667,0.10470156718906302
Naselle winter steelhead 2022,2022-02-27,Bank,38.2,38.2,1
Naselle winter steelhead 2022-23,2022-12-18,Bank,46.61666666666667,46.61666666666667,1
Naselle winter steelhead 2022-23,2022-12-25,Bank,27.2,27.2,1
Naselle winter steelhead 2022-23,2023-01-01,Bank,30.616666666666667,30.616666666666667,1
Naselle winter steelhead 2022-23,2023-01-08,Bank,94.08333333333333,94.08333333333333,1
Naselle winter steelhead 2022-23,2023-01-15,Bank,72.13333333333333,72.13333333333333,1
Naselle winter steelhead 2022-23,2023-01-22,Bank,107.6,107.6,1
Naselle winter steelhead 2022-23,2023-01-29,Bank,89.68333333333334,89.68333333333334,1
Naselle winter steelhead 2022-23,2023-02-05,Bank,83.36666666666667,83.36666666666667,1
Naselle winter steelhead 2022-23,2023-02-12,Bank,107.78333333333333,107.78333333333333,1
Naselle winter steelhead 2022-23,2023-02-19,Bank,91.21666666666667,91.21666666666667,1
Naselle winter steelhead 2022-23,2023-02-26,Bank,65.66666666666667,65.66666666666667,1
Naselle winter steelhead 2022-23,2023-03-05,Bank,162.85,162.85,1
Naselle winter steelhead 2022-23,2023-03-12,Bank,118.43333333333334,118.43333333333334,1
Naselle winter steelhead 2022-23,2023-03-19,Bank,101.68333333333334,101.68333333333334,1
Naselle winter steelhead 2022-23,2023-03-26,Bank,27.55,27.55,1
Naselle winter steelhead 2023-24,2023-11-26,Bank,33.31666666666666,33.31666666666666,1
Naselle winter steelhead 2023-24,2023-12-03,Bank,84.78333333333333,84.78333333333333,1
Naselle winter steelhead 2023-24,2023-12-10,Bank,111.26666666666667,156.75,0.7098351940457204
Naselle winter steelhead 2023-24,2023-12-10,Boat,45.483333333333334,156.75,0.2901648059542796
Naselle winter steelhead 2023-24,2023-12-17,Bank,235.98333333333332,265.71666666666664,0.8881013610989149
Naselle winter steelhead 2023-24,2023-12-17,Boat,29.733333333333334,265.71666666666664,0.11189863890108513
Naselle winter steelhead 2023-24,2023-12-24,Bank,311.95,365.5333333333333,0.853410541674266
Naselle winter steelhead 2023-24,2023-12-24,Boat,53.583333333333336,365.5333333333333,0.1465894583257341
Naselle winter steelhead 2023-24,2023-12-31,Bank,61.85,91.96666666666667,0.6725262776368249
Naselle winter steelhead 2023-24,2023-12-31,Boat,30.116666666666667,91.96666666666667,0.32747372236317507
Naselle winter steelhead 2023-24,2024-01-07,Bank,18.933333333333334,18.933333333333334,1
Naselle winter steelhead 2023-24,2024-01-14,Bank,147.56666666666666,238.38333333333333,0.6190309725232469
Naselle winter steelhead 2023-24,2024-01-14,Boat,90.81666666666666,238.38333333333333,0.38096902747675315
Naselle winter steelhead 2023-24,2024-01-21,Bank,15.466666666666667,15.466666666666667,1
Naselle winter steelhead 2023-24,2024-01-28,Bank,77.43333333333334,110.33333333333334,0.7018126888217523
Naselle winter steelhead 2023-24,2024-01-28,Boat,32.9,110.33333333333334,0.2981873111782477
Naselle winter steelhead 2023-24,2024-02-04,Bank,76.64999999999999,151.89999999999998,0.5046082949308756
Naselle winter steelhead 2023-24,2024-02-04,Boat,75.25,151.89999999999998,0.4953917050691245
Naselle winter steelhead 2023-24,2024-02-11,Bank,102.33333333333333,148.93333333333334,0.6871083258728737
Naselle winter steelhead 2023-24,2024-02-11,Boat,46.6,148.93333333333334,0.3128916741271262
Naselle winter steelhead 2023-24,2024-02-18,Bank,120.06666666666666,175.78333333333333,0.6830378306627477
Naselle winter steelhead 2023-24,2024-02-18,Boat,55.71666666666667,175.78333333333333,0.3169621693372523
Naselle winter steelhead 2023-24,2024-02-25,Bank,50.56666666666667,50.56666666666667,1
Naselle winter steelhead 2023-24,2024-03-03,Bank,87.2,143.46666666666667,0.6078066914498141
Naselle winter steelhead 2023-24,2024-03-03,Boat,56.266666666666666,143.46666666666667,0.39219330855018586
Naselle winter steelhead 2023-24,2024-03-10,Bank,71.75,101.9,0.7041216879293425
Naselle winter steelhead 2023-24,2024-03-10,Boat,30.150000000000002,101.9,0.2958783120706575
Naselle winter steelhead 2023-24,2024-03-17,Bank,60.88333333333333,86.61666666666667,0.7029055224167788
Naselle winter steelhead 2023-24,2024-03-17,Boat,25.733333333333334,86.61666666666667,0.29709447758322105
Naselle winter steelhead 2023-24,2024-03-24,Bank,59.63333333333333,72.6,0.8213957759412306
Naselle winter steelhead 2023-24,2024-03-24,Boat,12.966666666666667,72.6,0.17860422405876952
Naselle winter steelhead 2023-24,2024-03-31,Bank,1.2333333333333334,1.2333333333333334,1
Nisqually salmon 2021,2021-08-01,Bank,267,267,1
Nisqually salmon 2021,2021-08-08,Bank,1384.5,1402.0833333333333,0.9874591381872214
Nisqually salmon 2021,2021-08-08,Boat,17.583333333333336,1402.0833333333333,0.012540861812778605
Nisqually salmon 2021,2021-08-15,Bank,1489.5833333333333,1588.5,0.9377295142167663
Nisqually salmon 2021,2021-08-15,Boat,98.91666666666666,1588.5,0.06227048578323365
Nisqually salmon 2021,2021-08-22,Bank,1959.9666666666667,2076.383333333333,0.9439329603557468
Nisqually salmon 2021,2021-08-22,Boat,116.41666666666667,2076.383333333333,0.05606703964425323
Nisqually salmon 2021,2021-08-29,Bank,2302.2,2384.2,0.9656069121717976
Nisqually salmon 2021,2021-08-29,Boat,82,2384.2,0.034393087828202336
Nisqually salmon 2021,2021-09-05,Bank,1420.7166666666667,1435.7166666666667,0.9895522561322452
Nisqually salmon 2021,2021-09-05,Boat,15,1435.7166666666667,0.01044774386775478
Nisqually salmon 2021,2021-09-12,Bank,2094.133333333333,2191.7166666666667,0.9554763009208914
Nisqually salmon 2021,2021-09-12,Boat,97.58333333333333,2191.7166666666667,0.044523699079108456
Nisqually salmon 2021,2021-09-19,Bank,1145.6,1297.3999999999999,0.8829967627562818
Nisqually salmon 2021,2021-09-19,Boat,151.8,1297.3999999999999,0.11700323724371822
Nisqually salmon 2021,2021-09-26,Bank,652.5666666666667,796.4333333333334,0.8193613192148328
Nisqually salmon 2021,2021-09-26,Boat,143.86666666666667,796.4333333333334,0.1806386807851672
Nisqually salmon 2021,2021-10-03,Bank,440.9166666666667,465.9166666666667,0.9463423358969772
Nisqually salmon 2021,2021-10-03,Boat,25,465.9166666666667,0.053657664103022716
Nisqually salmon 2021,2021-10-10,Bank,175.16666666666666,195.33333333333331,0.8967576791808874
Nisqually salmon 2021,2021-10-10,Boat,20.166666666666664,195.33333333333331,0.10324232081911262
Nisqually salmon 2021,2021-10-17,Bank,112.05,139.3,0.8043790380473796
Nisqually salmon 2021,2021-10-17,Boat,27.25,139.3,0.19562096195262021
Nisqually salmon 2021,2021-10-24,Bank,17.95,17.95,1
Nisqually salmon 2021,2021-10-31,Bank,3.75,3.75,1
Nisqually salmon 2021,2021-11-07,Bank,3,3,1
Nisqually salmon 2022,2022-06-26,Bank,34.65,34.65,1
Nisqually salmon 2022,2022-07-03,Bank,43.166666666666664,48.416666666666664,0.891566265060241
Nisqually salmon 2022,2022-07-03,Boat,5.25,48.416666666666664,0.10843373493975904
Nisqually salmon 2022,2022-07-10,Bank,28.816666666666666,35.21666666666667,0.8182678655939422
Nisqually salmon 2022,2022-07-10,Boat,6.4,35.21666666666667,0.18173213440605773
Nisqually salmon 2022,2022-07-17,Bank,54.21666666666667,60.583333333333336,0.894910591471802
Nisqually salmon 2022,2022-07-17,Boat,6.366666666666666,60.583333333333336,0.10508940852819806
Nisqually salmon 2022,2022-07-24,Bank,51.8,59.96666666666666,0.8638132295719845
Nisqually salmon 2022,2022-07-24,Boat,8.166666666666666,59.96666666666666,0.13618677042801558
Nisqually salmon 2022,2022-07-31,Bank,288.0833333333333,294.75,0.9773819621147865
Nisqually salmon 2022,2022-07-31,Boat,6.666666666666667,294.75,0.02261803788521346
Nisqually salmon 2022,2022-08-07,Bank,697.7333333333333,810.4,0.8609740046067786
Nisqually salmon 2022,2022-08-07,Boat,112.66666666666667,810.4,0.13902599539322147
Nisqually salmon 2022,2022-08-14,Bank,1117.9166666666667,1216.4166666666667,0.919024457080222
Nisqually salmon 2022,2022-08-14,Boat,98.5,1216.4166666666667,0.08097554291977803
Nisqually salmon 2022,2022-08-21,Bank,933.8,1054.3,0.8857061557431471
Nisqually salmon 2022,2022-08-21,Boat,120.5,1054.3,0.11429384425685289
Nisqually salmon 2022,2022-08-28,Bank,716.3666666666667,792.8166666666667,0.9035716538081523
Nisqually salmon 2022,2022-08-28,Boat,76.45,792.8166666666667,0.09642834619184763
Nisqually salmon 2022,2022-09-04,Bank,355.03333333333336,363.98333333333335,0.9754109620403865
Nisqually salmon 2022,2022-09-04,Boat,8.95,363.98333333333335,0.024589037959613532
Nisqually salmon 2022,2022-09-11,Bank,878.2333333333333,979.4166666666667,0.8966902067557219
Nisqually salmon 2022,2022-09-11,Boat,101.18333333333334,979.4166666666667,0.10330979324427805
Nisqually salmon 2022,2022-09-18,Bank,1458.8833333333334,1474.0333333333335,0.9897220777458673
Nisqually salmon 2022,2022-09-18,Boat,15.15,1474.0333333333335,0.01027792225413265
Nisqually salmon 2022,2022-09-25,Bank,1473.5833333333333,1624.5166666666667,0.9070903140421254
Nisqually salmon 2022,2022-09-25,Boat,150.93333333333334,1624.5166666666667,0.09290968595787465
Nisqually salmon 2022,2022-10-02,Bank,807.7166666666667,900.5666666666667,0.8968982492504719
Nisqually salmon 2022,2022-10-02,Boat,92.85,900.5666666666667,0.10310175074952806
Nisqually salmon 2022,2022-10-09,Bank,435.45,586.9833333333333,0.7418438910815185
Nisqually salmon 2022,2022-10-09,Boat,151.53333333333333,586.9833333333333,0.2581561089184815
Nisqually salmon 2022,2022-10-16,Bank,184.1,230.38333333333333,0.7991029443680822
Nisqually salmon 2022,2022-10-16,Boat,46.28333333333333,230.38333333333333,0.20089705563191781
Nisqually salmon 2022,2022-10-23,Bank,84.56666666666666,107.64999999999999,0.7855705217525933
Nisqually salmon 2022,2022-10-23,Boat,23.083333333333332,107.64999999999999,0.2144294782474067
Nisqually salmon 2022,2022-10-30,Bank,7.2,7.2,1
Nisqually salmon 2022,2022-11-06,Bank,4.3,4.3,1
Nisqually salmon 2023,2023-06-25,Bank,13.483333333333333,30.28333333333333,0.4452394056136489
Nisqually salmon 2023,2023-06-25,Boat,16.8,30.28333333333333,0.5547605943863512
Nisqually salmon 2023,2023-07-02,Bank,44.65,68.44999999999999,0.652300949598247
Nisqually salmon 2023,2023-07-02,Boat,23.799999999999997,68.44999999999999,0.34769905040175314
Nisqually salmon 2023,2023-07-09,Bank,53.1,53.1,1
Nisqually salmon 2023,2023-07-16,Bank,58.38333333333333,58.38333333333333,1
Nisqually salmon 2023,2023-07-23,Bank,167.6,171.56666666666666,0.9768797357684088
Nisqually salmon 2023,2023-07-23,Boat,3.966666666666667,171.56666666666666,0.02312026423159122
Nisqually salmon 2023,2023-07-30,Bank,224.86666666666667,235.98333333333335,0.9528921534006639
Nisqually salmon 2023,2023-07-30,Boat,11.116666666666667,235.98333333333335,0.04710784659933611
Nisqually salmon 2023,2023-08-06,Bank,494.6,534.0500000000001,0.9261305121243328
Nisqually salmon 2023,2023-08-06,Boat,39.45,534.0500000000001,0.07386948787566706
Nisqually salmon 2023,2023-08-13,Bank,531.4166666666666,580.6333333333333,0.9152362362937022
Nisqually salmon 2023,2023-08-13,Boat,49.21666666666667,580.6333333333333,0.08476376370629772
Nisqually salmon 2023,2023-08-20,Bank,899.2,996.9666666666667,0.9019358721455081
Nisqually salmon 2023,2023-08-20,Boat,97.76666666666667,996.9666666666667,0.09806412785449195
Nisqually salmon 2023,2023-08-27,Bank,950.0833333333334,1037.1833333333334,0.9160225611029872
Nisqually salmon 2023,2023-08-27,Boat,87.1,1037.1833333333334,0.08397743889701273
Nisqually salmon 2023,2023-09-03,Bank,829.0833333333334,996.1,0.8323294180637821
Nisqually salmon 2023,2023-09-03,Boat,167.01666666666665,996.1,0.1676705819362179
Nisqually salmon 2023,2023-09-10,Bank,1309.9166666666667,1455.2166666666667,0.9001523255414429
Nisqually salmon 2023,2023-09-10,Boat,145.3,1455.2166666666667,0.09984767445855715
Nisqually salmon 2023,2023-09-17,Bank,1184.4,1184.4,1
Nisqually salmon 2023,2023-09-24,Bank,986.6833333333333,1073.6499999999999,0.9189990530744035
Nisqually salmon 2023,2023-09-24,Boat,86.96666666666667,1073.6499999999999,0.08100094692559649
Nisqually salmon 2023,2023-10-01,Bank,512.65,663.2833333333333,0.7728974545820037
Nisqually salmon 2023,2023-10-01,Boat,150.63333333333333,663.2833333333333,0.22710254541799632
Nisqually salmon 2023,2023-10-08,Bank,265.1666666666667,412.01666666666665,0.6435823793535861
Nisqually salmon 2023,2023-10-08,Boat,146.85,412.01666666666665,0.35641762064641397
Nisqually salmon 2023,2023-10-15,Bank,15.483333333333333,15.483333333333333,1
Nisqually salmon 2023,2023-10-22,Bank,2.7666666666666666,2.7666666666666666,1
Nisqually salmon 2023,2023-10-29,Bank,4.233333333333333,4.233333333333333,1
Nisqually salmon 2023,2023-11-05,Bank,10.983333333333334,10.983333333333334,1
Nooksack fall salmon 2023,2023-10-29,Bank,9.866666666666667,9.866666666666667,1
Nooksack fall salmon 2023,2023-11-05,Bank,6.35,6.35,1
Nooksack fall salmon 2023,2023-11-12,Bank,34.45,61.78333333333334,0.5575937415700027
Nooksack fall salmon 2023,2023-11-12,Boat,27.333333333333336,61.78333333333334,0.4424062584299973
Nooksack fall salmon 2023,2023-11-19,Bank,10.666666666666668,19.266666666666666,0.5536332179930796
Nooksack fall salmon 2023,2023-11-19,Boat,8.6,19.266666666666666,0.4463667820069204
Nooksack fall salmon 2023,2023-11-26,Bank,13.866666666666667,13.866666666666667,1
Nooksack fall salmon 2024,2024-11-03,Bank,66.18333333333334,79.05000000000001,0.8372338182584861
Nooksack fall salmon 2024,2024-11-03,Boat,12.866666666666667,79.05000000000001,0.1627661817415138
Nooksack fall salmon 2024,2024-11-10,Bank,16.066666666666666,23.366666666666667,0.687589158345221
Nooksack fall salmon 2024,2024-11-10,Boat,7.3,23.366666666666667,0.3124108416547789
Nooksack fall salmon 2024,2024-11-17,Bank,20.9,32.5,0.643076923076923
Nooksack fall salmon 2024,2024-11-17,Boat,11.6,32.5,0.3569230769230769
Nooksack fall salmon 2024,2024-11-24,Bank,13.916666666666668,13.916666666666668,1
Nooksack spring Chinook 2022,2022-05-22,Bank,107.06666666666666,107.06666666666666,1
Nooksack spring Chinook 2022,2022-05-29,Bank,146.01666666666668,161.0666666666667,0.9065604304635762
Nooksack spring Chinook 2022,2022-05-29,Boat,15.05,161.0666666666667,0.09343956953642384
Nooksack spring Chinook 2022,2022-06-05,Bank,19.51666666666667,19.51666666666667,1
Nooksack spring Chinook 2022,2022-06-12,Bank,90.65,90.65,1
Nooksack spring Chinook 2022,2022-06-19,Bank,86.89999999999999,86.89999999999999,1
Nooksack spring Chinook 2022,2022-06-26,Bank,58.06666666666666,58.06666666666666,1
Nooksack spring Chinook 2022,2022-07-03,Bank,77.76666666666667,87.43333333333334,0.889439573008006
Nooksack spring Chinook 2022,2022-07-03,Boat,9.666666666666666,87.43333333333334,0.1105604269919939
Nooksack spring Chinook 2022,2022-07-10,Bank,78.63333333333333,92.5,0.85009009009009
Nooksack spring Chinook 2022,2022-07-10,Boat,13.866666666666667,92.5,0.1499099099099099
Nooksack spring Chinook 2026,2026-05-17,Bank,202.58333333333334,252.53333333333336,0.8022043294614571
Nooksack spring Chinook 2026,2026-05-17,Boat,49.95,252.53333333333336,0.19779567053854274
Nooksack spring Chinook 2026,2026-05-24,Bank,422.1166666666667,587.2833333333333,0.7187615290745524
Nooksack spring Chinook 2026,2026-05-24,Boat,165.16666666666666,587.2833333333333,0.2812384709254477
Nooksack spring Chinook 2026,2026-05-31,Bank,441.4666666666667,602.6833333333334,0.7325018666519177
Nooksack spring Chinook 2026,2026-05-31,Boat,161.21666666666667,602.6833333333334,0.26749813334808215
Nooksack spring Chinook 2026,2026-06-07,Bank,148.53333333333333,187.96666666666667,0.7902110303245256
Nooksack spring Chinook 2026,2026-06-07,Boat,39.43333333333334,187.96666666666667,0.2097889696754744
Nooksack winter gamefish 2021-22,2022-01-23,Bank,193.05,318.7166666666667,0.6057104010876955
Nooksack winter gamefish 2021-22,2022-01-23,Boat,125.66666666666666,318.7166666666667,0.3942895989123045
Nooksack winter gamefish 2021-22,2022-01-30,Bank,154.63333333333333,273.0333333333333,0.5663533146136003
Nooksack winter gamefish 2021-22,2022-01-30,Boat,118.4,273.0333333333333,0.4336466853863998
Nooksack winter gamefish 2021-22,2022-02-06,Bank,305,510.65,0.5972779790463135
Nooksack winter gamefish 2021-22,2022-02-06,Boat,205.65,510.65,0.40272202095368653
Nooksack winter gamefish 2021-22,2022-02-13,Bank,181.31666666666666,324.0833333333333,0.5594754435587554
Nooksack winter gamefish 2021-22,2022-02-13,Boat,142.76666666666665,324.0833333333333,0.4405245564412445
Nooksack winter gamefish 2022-23,2022-11-27,Bank,24.866666666666667,24.866666666666667,1
Nooksack winter gamefish 2022-23,2022-12-04,Bank,106.63333333333334,149.28333333333333,0.7143016635034052
Nooksack winter gamefish 2022-23,2022-12-04,Boat,42.65,149.28333333333333,0.2856983364965948
Nooksack winter gamefish 2022-23,2022-12-11,Bank,141.26666666666665,181.75,0.7772581384685923
Nooksack winter gamefish 2022-23,2022-12-11,Boat,40.483333333333334,181.75,0.22274186153140763
Nooksack winter gamefish 2022-23,2022-12-18,Bank,2.466666666666667,2.466666666666667,1
Nooksack winter gamefish 2022-23,2022-12-25,Bank,10.1,10.1,1
Nooksack winter gamefish 2022-23,2023-01-01,Bank,59.016666666666666,63.03333333333333,0.9362771020624009
Nooksack winter gamefish 2022-23,2023-01-01,Boat,4.016666666666667,63.03333333333333,0.06372289793759915
Nooksack winter gamefish 2022-23,2023-01-29,Bank,123.55,131.78333333333333,0.9375237131655495
Nooksack winter gamefish 2022-23,2023-01-29,Boat,8.233333333333333,131.78333333333333,0.06247628683445048
Nooksack winter gamefish 2022-23,2023-02-05,Bank,524.3166666666666,752.2833333333333,0.6969670115426368
Nooksack winter gamefish 2022-23,2023-02-05,Boat,227.96666666666667,752.2833333333333,0.30303298845736315
Nooksack winter gamefish 2022-23,2023-02-12,Bank,246.93333333333334,484.2833333333333,0.5098943455965861
Nooksack winter gamefish 2022-23,2023-02-12,Boat,237.35,484.2833333333333,0.490105654403414
North Fork Skykomish summer gamefish 2025,2025-05-25,Bank,11.933333333333334,11.933333333333334,1
North Fork Skykomish summer gamefish 2025,2025-06-01,Bank,1.3666666666666667,1.3666666666666667,1
North Fork Skykomish summer gamefish 2025,2025-06-08,Bank,0.5166666666666667,0.5166666666666667,1
North Fork Skykomish summer gamefish 2025,2025-06-22,Bank,7.5,7.5,1
North Fork Skykomish summer gamefish 2025,2025-06-29,Bank,1.2,1.2,1
North Fork Skykomish summer gamefish 2025,2025-07-06,Bank,12.35,12.35,1
North Fork Skykomish summer gamefish 2025,2025-07-13,Bank,1.5833333333333333,1.5833333333333333,1
Post Quillayute winter steelhead 2023-24,2024-01-21,Bank,73.96666666666667,152.95,0.48360030511060265
Post Quillayute winter steelhead 2023-24,2024-01-21,Boat,78.98333333333333,152.95,0.5163996948893974
Post Quillayute winter steelhead 2023-24,2024-01-28,Bank,108.16666666666666,385.4,0.28066078533125755
Post Quillayute winter steelhead 2023-24,2024-01-28,Boat,277.23333333333335,385.4,0.7193392146687425
Post Quillayute winter steelhead 2023-24,2024-02-04,Boat,182.18333333333334,182.18333333333334,1
Post Quillayute winter steelhead 2023-24,2024-02-11,Bank,223.76666666666665,443.23333333333335,0.5048507182071144
Post Quillayute winter steelhead 2023-24,2024-02-11,Boat,219.46666666666667,443.23333333333335,0.4951492817928856
Post Quillayute winter steelhead 2023-24,2024-02-18,Bank,192.55,476.6333333333333,0.40397929925169596
Post Quillayute winter steelhead 2023-24,2024-02-18,Boat,284.0833333333333,476.6333333333333,0.596020700748304
Post Quillayute winter steelhead 2023-24,2024-02-25,Bank,211.01666666666668,1051.6833333333334,0.20064658246303546
Post Quillayute winter steelhead 2023-24,2024-02-25,Boat,840.6666666666666,1051.6833333333334,0.7993534175369644
Post Quillayute winter steelhead 2023-24,2024-03-03,Bank,151.2,703.3333333333333,0.21497630331753556
Post Quillayute winter steelhead 2023-24,2024-03-03,Boat,552.1333333333333,703.3333333333333,0.7850236966824645
Post Quillayute winter steelhead 2023-24,2024-03-10,Bank,345.26666666666665,872.1,0.3959026105568933
Post Quillayute winter steelhead 2023-24,2024-03-10,Boat,526.8333333333334,872.1,0.6040973894431068
Post Quillayute winter steelhead 2023-24,2024-03-17,Bank,17.083333333333332,192.28333333333333,0.08884458698101759
Post Quillayute winter steelhead 2023-24,2024-03-17,Boat,175.2,192.28333333333333,0.9111554130189824
Post Quillayute winter steelhead 2023-24,2024-03-24,Bank,42.18333333333333,177.75,0.23731833098921704
Post Quillayute winter steelhead 2023-24,2024-03-24,Boat,135.56666666666666,177.75,0.7626816690107829
Post Quillayute winter steelhead 2023-24,2024-03-31,Boat,35.7,35.7,1
Pre Quillayute winter steelhead 2023-24,2023-11-26,Bank,49,49,1
Pre Quillayute winter steelhead 2023-24,2023-12-03,Bank,14.066666666666666,14.066666666666666,1
Pre Quillayute winter steelhead 2023-24,2023-12-10,Bank,3.5166666666666666,11.133333333333333,0.3158682634730539
Pre Quillayute winter steelhead 2023-24,2023-12-10,Boat,7.616666666666666,11.133333333333333,0.6841317365269461
Pre Quillayute winter steelhead 2023-24,2023-12-17,Bank,9.666666666666668,14.033333333333335,0.6888361045130641
Pre Quillayute winter steelhead 2023-24,2023-12-17,Boat,4.366666666666666,14.033333333333335,0.3111638954869358
Pre Quillayute winter steelhead 2023-24,2023-12-24,Bank,78.38333333333334,121.91666666666667,0.6429254955570746
Pre Quillayute winter steelhead 2023-24,2023-12-24,Boat,43.53333333333333,121.91666666666667,0.3570745044429255
Pre Quillayute winter steelhead 2023-24,2023-12-31,Bank,156.71666666666667,186.01666666666668,0.8424872323268524
Pre Quillayute winter steelhead 2023-24,2023-12-31,Boat,29.3,186.01666666666668,0.15751276767314756
Pre Quillayute winter steelhead 2023-24,2024-01-07,Bank,75.25,209.35,0.35944590398853593
Pre Quillayute winter steelhead 2023-24,2024-01-07,Boat,134.1,209.35,0.6405540960114641
Pre Quillayute winter steelhead 2023-24,2024-01-14,Bank,140.05,491.25,0.28508905852417304
Pre Quillayute winter steelhead 2023-24,2024-01-14,Boat,351.2,491.25,0.7149109414758269
Pre Quillayute winter steelhead 2023-24,2024-01-21,Bank,18.28333333333333,333.76666666666665,0.054778787576151
Pre Quillayute winter steelhead 2023-24,2024-01-21,Boat,315.48333333333335,333.76666666666665,0.945221212423849
Puyallup Carbon salmon 2024,2024-08-11,Bank,1382.3333333333333,1382.3333333333333,1
Puyallup Carbon salmon 2024,2024-08-18,Bank,1989.4,1989.4,1
Puyallup Carbon salmon 2024,2024-08-25,Bank,2025.3833333333334,2025.3833333333334,1
Puyallup Carbon salmon 2024,2024-09-01,Bank,1330.15,1330.15,1
Puyallup Carbon salmon 2024,2024-09-08,Bank,1138.4,1142.3666666666668,0.9965276764611479
Puyallup Carbon salmon 2024,2024-09-08,Boat,3.966666666666667,1142.3666666666668,0.0034723235388520904
Puyallup Carbon salmon 2024,2024-09-15,Bank,913.9,913.9,1
Puyallup Carbon salmon 2024,2024-09-22,Bank,563.55,563.55,1
Puyallup Carbon salmon 2024,2024-09-29,Bank,427,427,1
Puyallup Carbon salmon 2024,2024-10-06,Bank,365,365,1
Puyallup Carbon salmon 2024,2024-10-13,Bank,64.3,64.3,1
Puyallup Carbon salmon 2024,2024-10-20,Bank,68.11666666666667,68.11666666666667,1
Puyallup Carbon salmon 2024,2024-10-27,Bank,4.916666666666667,4.916666666666667,1
Puyallup Carbon salmon 2025,2025-08-10,Bank,345.5833333333333,345.5833333333333,1
Puyallup Carbon salmon 2025,2025-08-17,Bank,2448.6833333333334,2448.6833333333334,1
Puyallup Carbon salmon 2025,2025-08-24,Bank,2325.95,2325.95,1
Puyallup Carbon salmon 2025,2025-08-31,Bank,1287.1833333333334,1287.1833333333334,1
Puyallup Carbon salmon 2025,2025-09-07,Bank,1696.0333333333333,1696.0333333333333,1
Puyallup Carbon salmon 2025,2025-09-14,Bank,1403.35,1403.35,1
Puyallup Carbon salmon 2025,2025-09-21,Bank,941.3833333333333,941.3833333333333,1
Puyallup Carbon salmon 2025,2025-09-28,Bank,446.56666666666666,446.56666666666666,1
Puyallup Carbon salmon 2025,2025-10-05,Bank,378.45,378.45,1
Puyallup Carbon salmon 2025,2025-10-12,Bank,135.11666666666667,135.11666666666667,1
Puyallup Carbon salmon 2025,2025-10-19,Bank,127.11666666666666,127.11666666666666,1
Puyallup Carbon salmon 2025,2025-10-26,Bank,21.849999999999998,21.849999999999998,1
Puyallup_Carbon salmon 2022,2022-08-14,Bank,1181.6,1181.6,1
Puyallup_Carbon salmon 2022,2022-08-21,Bank,1936.2166666666667,1936.2166666666667,1
Puyallup_Carbon salmon 2022,2022-08-28,Bank,2267.2166666666667,2267.2166666666667,1
Puyallup_Carbon salmon 2022,2022-09-04,Bank,1409.5833333333333,1409.5833333333333,1
Puyallup_Carbon salmon 2022,2022-09-11,Bank,1767.4166666666667,1767.4166666666667,1
Puyallup_Carbon salmon 2022,2022-09-18,Bank,1090.8,1090.8,1
Puyallup_Carbon salmon 2022,2022-09-25,Bank,635.2833333333333,635.2833333333333,1
Puyallup_Carbon salmon 2023,2023-08-13,Bank,2378.233333333333,2378.233333333333,1
Puyallup_Carbon salmon 2023,2023-08-20,Bank,3344.633333333333,3344.633333333333,1
Puyallup_Carbon salmon 2023,2023-08-27,Bank,2433.6666666666665,2433.6666666666665,1
Puyallup_Carbon salmon 2023,2023-09-03,Bank,1496.95,1496.95,1
Puyallup_Carbon salmon 2023,2023-09-10,Bank,1719.45,1719.45,1
Puyallup_Carbon salmon 2023,2023-09-17,Bank,1125.4833333333333,1125.4833333333333,1
Puyallup_Carbon salmon 2023,2023-09-24,Bank,961.9166666666666,961.9166666666666,1
Puyallup_Carbon salmon 2023,2023-10-01,Bank,518.3333333333334,518.3333333333334,1
Puyallup_Carbon salmon 2023,2023-10-08,Bank,276.23333333333335,276.23333333333335,1
Puyallup_Carbon salmon 2023,2023-10-15,Bank,117.46666666666667,117.46666666666667,1
Puyallup_Carbon salmon 2023,2023-10-22,Bank,204.01666666666668,204.01666666666668,1
Puyallup_Carbon salmon 2023,2023-10-29,Bank,7.483333333333333,7.483333333333333,1
Queets winter steelhead 2024-25,2025-01-05,Bank,2.0833333333333335,2.0833333333333335,1
Queets winter steelhead 2024-25,2025-01-12,Bank,53.016666666666666,111.86666666666667,0.47392729439809295
Queets winter steelhead 2024-25,2025-01-12,Boat,58.85,111.86666666666667,0.526072705601907
Queets winter steelhead 2024-25,2025-01-19,Bank,16.45,16.45,1
Queets winter steelhead 2024-25,2025-01-26,Bank,61.18333333333333,132.76666666666665,0.46083354255586245
Queets winter steelhead 2024-25,2025-01-26,Boat,71.58333333333333,132.76666666666665,0.5391664574441376
Queets winter steelhead 2024-25,2025-02-02,Bank,31.433333333333334,73.93333333333334,0.42515779981965734
Queets winter steelhead 2024-25,2025-02-02,Boat,42.5,73.93333333333334,0.5748422001803426
Queets winter steelhead 2024-25,2025-02-09,Bank,33.3,71.8,0.4637883008356546
Queets winter steelhead 2024-25,2025-02-09,Boat,38.5,71.8,0.5362116991643454
Queets winter steelhead 2024-25,2025-02-16,Bank,43.483333333333334,194.68333333333334,0.22335416488314358
Queets winter steelhead 2024-25,2025-02-16,Boat,151.2,194.68333333333334,0.7766458351168564
Queets winter steelhead 2024-25,2025-02-23,Bank,17.4,17.4,1
Queets winter steelhead 2025-26,2025-12-14,Bank,7.25,7.25,1
Queets winter steelhead 2025-26,2025-12-21,Bank,5.633333333333334,5.633333333333334,1
Queets winter steelhead 2025-26,2025-12-28,Bank,13.9,13.9,1
Queets winter steelhead 2025-26,2026-01-11,Bank,121.16666666666667,121.16666666666667,1
Queets winter steelhead 2025-26,2026-01-18,Bank,5.4,5.4,1
Queets winter steelhead 2025-26,2026-01-25,Bank,57.1,57.1,1
Queets winter steelhead 2025-26,2026-02-01,Bank,57.81666666666666,83.94999999999999,0.6887035934087751
Queets winter steelhead 2025-26,2026-02-01,Boat,26.133333333333333,83.94999999999999,0.311296406591225
Queets winter steelhead 2025-26,2026-02-08,Bank,29.900000000000002,50.7,0.5897435897435898
Queets winter steelhead 2025-26,2026-02-08,Boat,20.8,50.7,0.41025641025641024
Queets winter steelhead 2025-26,2026-02-15,Bank,3.1666666666666665,3.1666666666666665,1
Queets winter steelhead 2025-26,2026-02-22,Bank,17,63.5,0.2677165354330709
Queets winter steelhead 2025-26,2026-02-22,Boat,46.5,63.5,0.7322834645669292
Queets winter steelhead 2025-26,2026-03-01,Bank,6,6,1
Queets winter steelhead 2025-26,2026-03-22,Boat,103.31666666666666,103.31666666666666,1
Quillayute fall salmon 2022,2022-09-18,Bank,20.266666666666666,20.266666666666666,1
Quillayute fall salmon 2022,2022-09-25,Bank,9.3,25.716666666666665,0.3616331821127674
Quillayute fall salmon 2022,2022-09-25,Boat,16.416666666666664,25.716666666666665,0.6383668178872326
Quillayute fall salmon 2022,2022-10-02,Bank,194.8,198.8,0.9798792756539235
Quillayute fall salmon 2022,2022-10-02,Boat,4,198.8,0.02012072434607646
Quillayute fall salmon 2022,2022-10-30,Bank,137.91666666666666,511.01666666666665,0.26988682691366883
Quillayute fall salmon 2022,2022-10-30,Boat,373.1,511.01666666666665,0.7301131730863313
Quillayute fall salmon 2022,2022-11-06,Bank,123.71666666666667,565.1,0.21892880316168228
Quillayute fall salmon 2022,2022-11-06,Boat,441.3833333333333,565.1,0.7810711968383176
Quillayute fall salmon 2022,2022-11-13,Bank,214.71666666666667,605.7666666666667,0.3544544103890387
Quillayute fall salmon 2022,2022-11-13,Boat,391.05,605.7666666666667,0.6455455896109613
Quillayute fall salmon 2022,2022-11-20,Bank,145.05,363.43333333333334,0.39911033660460427
Quillayute fall salmon 2022,2022-11-20,Boat,218.38333333333333,363.43333333333334,0.6008896633953957
Quillayute fall salmon 2022,2022-11-27,Bank,280.9166666666667,575.5666666666666,0.488069728383622
Quillayute fall salmon 2022,2022-11-27,Boat,294.65,575.5666666666666,0.511930271616378
Quillayute fall salmon 2022,2022-12-04,Bank,331.26666666666665,515.2166666666667,0.6429657425678517
Quillayute fall salmon 2022,2022-12-04,Boat,183.95,515.2166666666667,0.35703425743214823
Quillayute fall salmon 2022,2022-12-11,Bank,281.0833333333333,646.8666666666667,0.43453055755951764
Quillayute fall salmon 2022,2022-12-11,Boat,365.78333333333336,646.8666666666667,0.5654694424404824
Quillayute fall salmon 2023,2023-10-01,Bank,519.6333333333333,703.7166666666667,0.7384127134500154
Quillayute fall salmon 2023,2023-10-01,Boat,184.08333333333334,703.7166666666667,0.2615872865499846
Quillayute fall salmon 2023,2023-10-08,Bank,292.65,715.3666666666666,0.4090909090909091
Quillayute fall salmon 2023,2023-10-08,Boat,422.71666666666664,715.3666666666666,0.5909090909090909
Quillayute fall salmon 2023,2023-10-15,Bank,404.78333333333336,651.85,0.6209761959551021
Quillayute fall salmon 2023,2023-10-15,Boat,247.06666666666666,651.85,0.3790238040448978
Quillayute fall salmon 2023,2023-10-22,Bank,169.95,367.35,0.462637811351572
Quillayute fall salmon 2023,2023-10-22,Boat,197.4,367.35,0.5373621886484279
Quillayute fall salmon 2023,2023-10-29,Bank,74.93333333333334,120.21666666666667,0.6233190073478442
Quillayute fall salmon 2023,2023-10-29,Boat,45.28333333333333,120.21666666666667,0.3766809926521558
Quillayute fall salmon 2023,2023-11-05,Bank,57.083333333333336,261.5333333333333,0.21826408360948257
Quillayute fall salmon 2023,2023-11-05,Boat,204.45,261.5333333333333,0.7817359163905175
Quillayute fall salmon 2023,2023-11-12,Bank,23.033333333333335,102.43333333333334,0.22486169866579891
Quillayute fall salmon 2023,2023-11-12,Boat,79.4,102.43333333333334,0.7751383013342011
Quillayute fall salmon 2023,2023-11-19,Bank,21.566666666666666,85.08333333333333,0.25347698334965724
Quillayute fall salmon 2023,2023-11-19,Boat,63.516666666666666,85.08333333333333,0.7465230166503428
Quillayute fall salmon 2023,2023-11-26,Bank,98.58333333333334,133.38333333333333,0.7390978383106336
Quillayute fall salmon 2023,2023-11-26,Boat,34.8,133.38333333333333,0.2609021616893665
Quillayute fall salmon 2024,2024-09-01,Bank,106.91666666666667,154.06666666666666,0.6939636520986586
Quillayute fall salmon 2024,2024-09-01,Boat,47.150000000000006,154.06666666666666,0.30603634790134143
Quillayute fall salmon 2024,2024-09-08,Bank,222.86666666666667,299.8666666666667,0.7432192085371276
Quillayute fall salmon 2024,2024-09-08,Boat,77,299.8666666666667,0.25678079146287236
Quillayute fall salmon 2024,2024-09-15,Bank,143.73333333333332,217.95,0.6594784736560373
Quillayute fall salmon 2024,2024-09-15,Boat,74.21666666666667,217.95,0.3405215263439627
Quillayute fall salmon 2024,2024-09-22,Bank,382.75,601.65,0.6361672068478351
Quillayute fall salmon 2024,2024-09-22,Boat,218.9,601.65,0.3638327931521649
Quillayute fall salmon 2024,2024-09-29,Bank,478.81666666666666,879.6333333333333,0.5443366554246087
Quillayute fall salmon 2024,2024-09-29,Boat,400.81666666666666,879.6333333333333,0.45566334457539126
Quillayute fall salmon 2024,2024-10-06,Bank,366.01666666666665,640.6833333333334,0.5712910694310761
Quillayute fall salmon 2024,2024-10-06,Boat,274.6666666666667,640.6833333333334,0.4287089305689238
Quillayute fall salmon 2024,2024-10-13,Bank,236.01666666666668,443.43333333333334,0.5322483650304443
Quillayute fall salmon 2024,2024-10-13,Boat,207.41666666666666,443.43333333333334,0.46775163496955574
Quillayute fall salmon 2024,2024-10-20,Bank,193.15,688,0.2807412790697674
Quillayute fall salmon 2024,2024-10-20,Boat,494.85,688,0.7192587209302326
Quillayute fall salmon 2024,2024-10-27,Bank,92.31666666666666,939.1500000000001,0.09829810644377006
Quillayute fall salmon 2024,2024-10-27,Boat,846.8333333333334,939.1500000000001,0.9017018935562299
Quillayute fall salmon 2024,2024-11-03,Bank,38.06666666666667,350.8,0.10851387305207146
Quillayute fall salmon 2024,2024-11-03,Boat,312.73333333333335,350.8,0.8914861269479285
Quillayute fall salmon 2024,2024-11-10,Bank,110.31666666666666,172.16666666666666,0.640755082284608
Quillayute fall salmon 2024,2024-11-10,Boat,61.85,172.16666666666666,0.3592449177153921
Quillayute fall salmon 2024,2024-11-17,Bank,109.63333333333334,196.9666666666667,0.5566085632086647
Quillayute fall salmon 2024,2024-11-17,Boat,87.33333333333334,196.9666666666667,0.44339143679133525
Quillayute fall salmon 2024,2024-11-24,Bank,173.45,279.25,0.6211280214861234
Quillayute fall salmon 2024,2024-11-24,Boat,105.8,279.25,0.37887197851387644
Quillayute fall salmon 2025,2025-08-31,Bank,170.98333333333332,207.01666666666665,0.8259399404234764
Quillayute fall salmon 2025,2025-08-31,Boat,36.03333333333333,207.01666666666665,0.17406005957652362
Quillayute fall salmon 2025,2025-09-07,Bank,150.56666666666666,208.76666666666665,0.721219862685614
Quillayute fall salmon 2025,2025-09-07,Boat,58.2,208.76666666666665,0.2787801373143861
Quillayute fall salmon 2025,2025-09-14,Bank,122.95,225.05,0.5463230393245945
Quillayute fall salmon 2025,2025-09-14,Boat,102.1,225.05,0.4536769606754054
Quillayute fall salmon 2025,2025-09-21,Bank,154.55,356.98333333333335,0.43293337690835243
Quillayute fall salmon 2025,2025-09-21,Boat,202.43333333333334,356.98333333333335,0.5670666230916476
Quillayute fall salmon 2025,2025-09-28,Bank,277.8,495.35,0.5608155849399414
Quillayute fall salmon 2025,2025-09-28,Boat,217.55,495.35,0.43918441506005856
Quillayute fall salmon 2025,2025-10-05,Bank,370.46666666666664,1014.2666666666667,0.3652556855527803
Quillayute fall salmon 2025,2025-10-05,Boat,643.8,1014.2666666666667,0.6347443144472197
Quillayute fall salmon 2025,2025-10-12,Bank,395,763.5666666666666,0.5173091194831275
Quillayute fall salmon 2025,2025-10-12,Boat,368.56666666666666,763.5666666666666,0.4826908805168726
Quillayute fall salmon 2025,2025-10-19,Bank,410.3,643.95,0.63716127028496
Quillayute fall salmon 2025,2025-10-19,Boat,233.65,643.95,0.36283872971504
Quillayute fall salmon 2025,2025-10-26,Bank,52.45,297.06666666666666,0.1765596947935368
Quillayute fall salmon 2025,2025-10-26,Boat,244.61666666666667,297.06666666666666,0.8234403052064633
Quillayute fall salmon 2025,2025-11-02,Bank,91.35,268.3,0.34047707789787546
Quillayute fall salmon 2025,2025-11-02,Boat,176.95000000000002,268.3,0.6595229221021245
Quillayute fall salmon 2025,2025-11-09,Bank,155.38333333333333,494.7833333333333,0.3140431838852023
Quillayute fall salmon 2025,2025-11-09,Boat,339.4,494.7833333333333,0.6859568161147978
Quillayute fall salmon 2025,2025-11-16,Bank,269.1666666666667,365.6166666666667,0.7361991156493596
Quillayute fall salmon 2025,2025-11-16,Boat,96.45,365.6166666666667,0.2638008843506405
Quillayute fall salmon 2025,2025-11-23,Bank,194.68333333333334,329.01666666666665,0.5917126791955828
Quillayute fall salmon 2025,2025-11-23,Boat,134.33333333333331,329.01666666666665,0.40828732080441715
Quillayute fall salmon 2025,2025-11-30,Bank,172.43333333333334,229.18333333333334,0.7523816449712748
Quillayute fall salmon 2025,2025-11-30,Boat,56.75,229.18333333333334,0.24761835502872517
Quillayute spring chinook 2025,2025-04-27,Bank,80.63333333333334,534.7333333333333,0.15079167186136394
Quillayute spring chinook 2025,2025-04-27,Boat,454.1,534.7333333333333,0.8492083281386361
Quillayute spring chinook 2025,2025-05-04,Bank,55.7,206.63333333333333,0.26955960638812715
Quillayute spring chinook 2025,2025-05-04,Boat,150.93333333333334,206.63333333333333,0.730440393611873
Quillayute spring chinook 2025,2025-05-11,Bank,49.93333333333333,272.0333333333333,0.18355593677245435
Quillayute spring chinook 2025,2025-05-11,Boat,222.1,272.0333333333333,0.8164440632275457
Quillayute spring chinook 2025,2025-05-18,Bank,24.166666666666668,108.7,0.2223244403557191
Quillayute spring chinook 2025,2025-05-18,Boat,84.53333333333333,108.7,0.7776755596442808
Quillayute spring chinook 2025,2025-05-25,Bank,15.466666666666667,91.13333333333334,0.16971470373079736
Quillayute spring chinook 2025,2025-05-25,Boat,75.66666666666667,91.13333333333334,0.8302852962692027
Quillayute spring chinook 2025,2025-06-01,Bank,18.6,95.03333333333333,0.1957207997193967
Quillayute spring chinook 2025,2025-06-01,Boat,76.43333333333332,95.03333333333333,0.8042792002806032
Quillayute spring chinook 2025,2025-06-08,Bank,2.7666666666666666,55.266666666666666,0.05006031363088058
Quillayute spring chinook 2025,2025-06-08,Boat,52.5,55.266666666666666,0.9499396863691194
Quillayute spring chinook 2025,2025-06-15,Bank,33.68333333333333,81.63333333333333,0.4126173948550429
Quillayute spring chinook 2025,2025-06-15,Boat,47.95,81.63333333333333,0.5873826051449572
Quillayute spring chinook 2025,2025-06-22,Bank,8.483333333333334,48.800000000000004,0.17383879781420766
Quillayute spring chinook 2025,2025-06-22,Boat,40.31666666666667,48.800000000000004,0.8261612021857924
Quillayute spring chinook 2025,2025-06-29,Bank,15.233333333333333,93.25,0.16336014298480786
Quillayute spring chinook 2025,2025-06-29,Boat,78.01666666666667,93.25,0.8366398570151922
Quillayute spring chinook 2026,2026-04-26,Bank,60.21666666666667,365.66666666666663,0.16467639015496813
Quillayute spring chinook 2026,2026-04-26,Boat,305.45,365.66666666666663,0.835323609845032
Quillayute spring chinook 2026,2026-05-03,Bank,105.28333333333333,326.95,0.32201661823928224
Quillayute spring chinook 2026,2026-05-03,Boat,221.66666666666666,326.95,0.6779833817607177
Quillayute spring chinook 2026,2026-05-10,Bank,27.733333333333334,211.81666666666666,0.1309308364151389
Quillayute spring chinook 2026,2026-05-10,Boat,184.08333333333334,211.81666666666666,0.8690691635848612
Quillayute spring chinook 2026,2026-05-17,Bank,21.533333333333335,160.81666666666666,0.13389988599854907
Quillayute spring chinook 2026,2026-05-17,Boat,139.28333333333333,160.81666666666666,0.8661001140014509
Quillayute spring chinook 2026,2026-05-24,Bank,60.53333333333333,257.4666666666667,0.23511134127395128
Quillayute spring chinook 2026,2026-05-24,Boat,196.93333333333334,257.4666666666667,0.7648886587260486
Quillayute spring chinook 2026,2026-05-31,Bank,9.85,59.800000000000004,0.16471571906354512
Quillayute spring chinook 2026,2026-05-31,Boat,49.95,59.800000000000004,0.8352842809364548
Quillayute winter steelhead 2022-23,2022-12-18,Bank,68.75,86.75,0.792507204610951
Quillayute winter steelhead 2022-23,2022-12-18,Boat,18,86.75,0.207492795389049
Quillayute winter steelhead 2022-23,2022-12-25,Bank,16.366666666666667,16.366666666666667,1
Quillayute winter steelhead 2022-23,2023-01-01,Bank,114.81666666666666,218.03333333333333,0.5266014370891301
Quillayute winter steelhead 2022-23,2023-01-01,Boat,103.21666666666667,218.03333333333333,0.4733985629108699
Quillayute winter steelhead 2022-23,2023-01-08,Bank,70,70,1
Quillayute winter steelhead 2022-23,2023-01-15,Bank,259.3,305.6666666666667,0.8483097055616139
Quillayute winter steelhead 2022-23,2023-01-15,Boat,46.36666666666667,305.6666666666667,0.15169029443838603
Quillayute winter steelhead 2022-23,2023-01-22,Bank,250.93333333333334,436.9,0.5743495841916534
Quillayute winter steelhead 2022-23,2023-01-22,Boat,185.96666666666667,436.9,0.4256504158083467
Quillayute winter steelhead 2022-23,2023-01-29,Bank,121.1,211.23333333333332,0.5732996686129084
Quillayute winter steelhead 2022-23,2023-01-29,Boat,90.13333333333333,211.23333333333332,0.4267003313870917
Quillayute winter steelhead 2022-23,2023-02-05,Bank,196.71666666666667,428.16666666666663,0.45943947061113277
Quillayute winter steelhead 2022-23,2023-02-05,Boat,231.45,428.16666666666663,0.5405605293888673
Quillayute winter steelhead 2022-23,2023-02-12,Bank,208.21666666666667,499.3166666666667,0.4170032377582696
Quillayute winter steelhead 2022-23,2023-02-12,Boat,291.1,499.3166666666667,0.5829967622417304
Quillayute winter steelhead 2022-23,2023-02-19,Bank,68.1,247.08333333333331,0.2756155143338955
Quillayute winter steelhead 2022-23,2023-02-19,Boat,178.98333333333332,247.08333333333331,0.7243844856661046
Quillayute winter steelhead 2022-23,2023-02-26,Bank,154.85,221.38333333333333,0.6994654821952873
Quillayute winter steelhead 2022-23,2023-02-26,Boat,66.53333333333333,221.38333333333333,0.3005345178047128
Quillayute winter steelhead 2022-23,2023-03-12,Bank,17.266666666666666,214.38333333333333,0.08054108683821815
Quillayute winter steelhead 2022-23,2023-03-12,Boat,197.11666666666667,214.38333333333333,0.919458913161782
Quillayute winter steelhead 2022-23,2023-03-19,Bank,38.666666666666664,152.36666666666667,0.2537737912929337
Quillayute winter steelhead 2022-23,2023-03-19,Boat,113.7,152.36666666666667,0.7462262087070662
Quillayute winter steelhead 2024-25,2024-12-01,Bank,121.18333333333334,221.18333333333334,0.5478863687740185
Quillayute winter steelhead 2024-25,2024-12-01,Boat,100,221.18333333333334,0.45211363122598147
Quillayute winter steelhead 2024-25,2024-12-08,Bank,279.46666666666664,560.3833333333333,0.49870624275049813
Quillayute winter steelhead 2024-25,2024-12-08,Boat,280.9166666666667,560.3833333333333,0.5012937572495019
Quillayute winter steelhead 2024-25,2024-12-15,Bank,303.25,337.48333333333335,0.8985628919946663
Quillayute winter steelhead 2024-25,2024-12-15,Boat,34.233333333333334,337.48333333333335,0.10143710800533359
Quillayute winter steelhead 2024-25,2024-12-22,Bank,164.48333333333335,191.65,0.8582485433515958
Quillayute winter steelhead 2024-25,2024-12-22,Boat,27.166666666666668,191.65,0.14175145664840422
Quillayute winter steelhead 2024-25,2024-12-29,Bank,73.26666666666667,178.75,0.4098834498834499
Quillayute winter steelhead 2024-25,2024-12-29,Boat,105.48333333333333,178.75,0.5901165501165502
Quillayute winter steelhead 2024-25,2025-01-05,Bank,132.6,328.25,0.40396039603960393
Quillayute winter steelhead 2024-25,2025-01-05,Boat,195.65,328.25,0.596039603960396
Quillayute winter steelhead 2024-25,2025-01-12,Bank,162.23333333333332,574.4333333333333,0.2824232577032438
Quillayute winter steelhead 2024-25,2025-01-12,Boat,412.2,574.4333333333333,0.7175767422967563
Quillayute winter steelhead 2024-25,2025-01-19,Bank,56.36666666666667,141.48333333333335,0.3983979267287077
Quillayute winter steelhead 2024-25,2025-01-19,Boat,85.11666666666667,141.48333333333335,0.6016020732712922
Quillayute winter steelhead 2024-25,2025-01-26,Bank,187.7,456.68333333333334,0.41100689755848324
Quillayute winter steelhead 2024-25,2025-01-26,Boat,268.98333333333335,456.68333333333334,0.5889931024415168
Quillayute winter steelhead 2024-25,2025-02-02,Bank,153.06666666666666,275.3333333333333,0.5559322033898305
Quillayute winter steelhead 2024-25,2025-02-02,Boat,122.26666666666667,275.3333333333333,0.44406779661016954
Quillayute winter steelhead 2024-25,2025-02-09,Bank,106.45,354.26666666666665,0.30047986450884456
Quillayute winter steelhead 2024-25,2025-02-09,Boat,247.81666666666666,354.26666666666665,0.6995201354911554
Quillayute winter steelhead 2024-25,2025-02-16,Bank,270.8333333333333,619.9833333333333,0.4368396999919352
Quillayute winter steelhead 2024-25,2025-02-16,Boat,349.15,619.9833333333333,0.5631603000080647
Quillayute winter steelhead 2024-25,2025-02-23,Bank,216.6,488.01666666666665,0.4438373006386394
Quillayute winter steelhead 2024-25,2025-02-23,Boat,271.4166666666667,488.01666666666665,0.5561626993613606
Quillayute winter steelhead 2024-25,2025-03-02,Bank,270.35,581.8666666666667,0.4646253437213566
Quillayute winter steelhead 2024-25,2025-03-02,Boat,311.51666666666665,581.8666666666667,0.5353746562786434
Quillayute winter steelhead 2024-25,2025-03-09,Bank,268.6333333333333,821.3166666666667,0.3270764422979362
Quillayute winter steelhead 2024-25,2025-03-09,Boat,552.6833333333334,821.3166666666667,0.6729235577020638
Quillayute winter steelhead 2024-25,2025-03-16,Bank,147.61666666666667,488.45,0.30221448800627837
Quillayute winter steelhead 2024-25,2025-03-16,Boat,340.8333333333333,488.45,0.6977855119937216
Quillayute winter steelhead 2024-25,2025-03-23,Bank,286.18333333333334,487.15,0.5874645044305313
Quillayute winter steelhead 2024-25,2025-03-23,Boat,200.96666666666667,487.15,0.4125354955694687
Quillayute winter steelhead 2024-25,2025-03-30,Bank,65.53333333333333,394.16666666666663,0.16625792811839324
Quillayute winter steelhead 2024-25,2025-03-30,Boat,328.6333333333333,394.16666666666663,0.8337420718816069
Quillayute winter steelhead 2025-26,2025-11-30,Bank,439.93333333333334,595.15,0.7391974012153799
Quillayute winter steelhead 2025-26,2025-11-30,Boat,155.21666666666667,595.15,0.26080259878462014
Quillayute winter steelhead 2025-26,2025-12-07,Bank,258.9166666666667,258.9166666666667,1
Quillayute winter steelhead 2025-26,2025-12-14,Bank,275.98333333333335,322.48333333333335,0.8558065016279911
Quillayute winter steelhead 2025-26,2025-12-14,Boat,46.5,322.48333333333335,0.14419349837200887
Quillayute winter steelhead 2025-26,2025-12-21,Bank,87.73333333333333,160.5,0.5466251298027
Quillayute winter steelhead 2025-26,2025-12-21,Boat,72.76666666666667,160.5,0.4533748701973001
Quillayute winter steelhead 2025-26,2025-12-28,Bank,472.78333333333336,726.8166666666667,0.650484991630168
Quillayute winter steelhead 2025-26,2025-12-28,Boat,254.03333333333333,726.8166666666667,0.3495150083698319
Quillayute winter steelhead 2025-26,2026-01-04,Bank,217.65,503.85,0.43197380172670435
Quillayute winter steelhead 2025-26,2026-01-04,Boat,286.2,503.85,0.5680261982732956
Quillayute winter steelhead 2025-26,2026-01-11,Bank,68.86666666666667,249.95000000000002,0.27552177102087083
Quillayute winter steelhead 2025-26,2026-01-11,Boat,181.08333333333334,249.95000000000002,0.7244782289791292
Quillayute winter steelhead 2025-26,2026-01-18,Bank,303.85,637,0.4770015698587127
Quillayute winter steelhead 2025-26,2026-01-18,Boat,333.15,637,0.5229984301412872
Quillayute winter steelhead 2025-26,2026-01-25,Bank,163.15,257.3833333333333,0.6338794275723629
Quillayute winter steelhead 2025-26,2026-01-25,Boat,94.23333333333333,257.3833333333333,0.3661205724276371
Quillayute winter steelhead 2025-26,2026-02-01,Bank,268.6333333333333,790.7333333333333,0.3397268358485794
Quillayute winter steelhead 2025-26,2026-02-01,Boat,522.1,790.7333333333333,0.6602731641514207
Quillayute winter steelhead 2025-26,2026-02-08,Bank,281.75,742.8333333333334,0.37929100291676016
Quillayute winter steelhead 2025-26,2026-02-08,Boat,461.08333333333337,742.8333333333334,0.6207089970832399
Quillayute winter steelhead 2025-26,2026-02-15,Bank,292.3333333333333,597.7833333333333,0.4890289123707029
Quillayute winter steelhead 2025-26,2026-02-15,Boat,305.45,597.7833333333333,0.5109710876292971
Quillayute winter steelhead 2025-26,2026-02-22,Bank,515.5,1161.9166666666665,0.443663487054436
Quillayute winter steelhead 2025-26,2026-02-22,Boat,646.4166666666666,1161.9166666666665,0.5563365129455641
Quillayute winter steelhead 2025-26,2026-03-01,Bank,389.53333333333336,829.0833333333334,0.46983616443863707
Quillayute winter steelhead 2025-26,2026-03-01,Boat,439.55,829.0833333333334,0.5301638355613629
Quillayute winter steelhead 2025-26,2026-03-08,Bank,186.55,839.6666666666667,0.2221714966256451
Quillayute winter steelhead 2025-26,2026-03-08,Boat,653.1166666666667,839.6666666666667,0.7778285033743548
Quillayute winter steelhead 2025-26,2026-03-15,Bank,318.43333333333334,760.1833333333334,0.4188901800004385
Quillayute winter steelhead 2025-26,2026-03-15,Boat,441.75,760.1833333333334,0.5811098199995615
Quillayute winter steelhead 2025-26,2026-03-22,Bank,187.23333333333332,902.7166666666667,0.207410963203663
Quillayute winter steelhead 2025-26,2026-03-22,Boat,715.4833333333333,902.7166666666667,0.792589036796337
Quillayute winter steelhead 2025-26,2026-03-29,Bank,171.21666666666667,421.43333333333334,0.40627224551135016
Quillayute winter steelhead 2025-26,2026-03-29,Boat,250.21666666666667,421.43333333333334,0.5937277544886499
Quinault winter steelhead 2024-25,2025-02-23,Bank,1.0666666666666667,25.066666666666666,0.0425531914893617
Quinault winter steelhead 2024-25,2025-02-23,Boat,24,25.066666666666666,0.9574468085106383
Quinault winter steelhead 2024-25,2025-03-02,Bank,12.95,56.25,0.23022222222222222
Quinault winter steelhead 2024-25,2025-03-02,Boat,43.300000000000004,56.25,0.7697777777777779
Quinault winter steelhead 2024-25,2025-03-09,Bank,44.5,95.41666666666666,0.4663755458515284
Quinault winter steelhead 2024-25,2025-03-09,Boat,50.916666666666664,95.41666666666666,0.5336244541484716
Quinault winter steelhead 2024-25,2025-03-16,Bank,54.68333333333333,113.14999999999999,0.48328177934894684
Quinault winter steelhead 2024-25,2025-03-16,Boat,58.46666666666666,113.14999999999999,0.5167182206510532
Quinault winter steelhead 2024-25,2025-03-23,Bank,37.58333333333333,76.73333333333332,0.4897914856646395
Quinault winter steelhead 2024-25,2025-03-23,Boat,39.15,76.73333333333332,0.5102085143353606
Quinault winter steelhead 2024-25,2025-03-30,Bank,39.05,51.31666666666666,0.7609613510880155
Quinault winter steelhead 2024-25,2025-03-30,Boat,12.266666666666667,51.31666666666666,0.23903864891198445
Quinault winter steelhead 2025-26,2026-01-11,Bank,21,21,1
Quinault winter steelhead 2025-26,2026-01-25,Bank,2.8333333333333335,2.8333333333333335,1
Quinault winter steelhead 2025-26,2026-02-01,Bank,44.03333333333333,44.03333333333333,1
Quinault winter steelhead 2025-26,2026-02-15,Bank,6.666666666666667,6.666666666666667,1
Quinault winter steelhead 2025-26,2026-02-22,Bank,12,12,1
Quinault winter steelhead 2025-26,2026-03-01,Bank,14.366666666666667,35.36666666666667,0.4062205466540999
Quinault winter steelhead 2025-26,2026-03-01,Boat,21,35.36666666666667,0.5937794533459001
Quinault winter steelhead 2025-26,2026-03-08,Bank,27.333333333333332,32.83333333333333,0.8324873096446701
Quinault winter steelhead 2025-26,2026-03-08,Boat,5.5,32.83333333333333,0.16751269035532998
Quinault winter steelhead 2025-26,2026-03-15,Bank,4.816666666666666,26.316666666666666,0.1830272324255858
Quinault winter steelhead 2025-26,2026-03-15,Boat,21.5,26.316666666666666,0.8169727675744142
Quinault winter steelhead 2025-26,2026-03-22,Bank,0.75,23.25,0.03225806451612903
Quinault winter steelhead 2025-26,2026-03-22,Boat,22.5,23.25,0.967741935483871
Quinault winter steelhead 2025-26,2026-03-29,Bank,0.5,0.5,1
Satsop salmon 2022,2022-09-25,Bank,11.95,171.23333333333332,0.06978781389916294
Satsop salmon 2022,2022-09-25,Boat,159.28333333333333,171.23333333333332,0.9302121861008371
Satsop salmon 2022,2022-10-02,Bank,145.26666666666665,291.4333333333333,0.49845590758320946
Satsop salmon 2022,2022-10-02,Boat,146.16666666666666,291.4333333333333,0.5015440924167907
Satsop salmon 2022,2022-10-23,Bank,33.21666666666667,192.70000000000002,0.17237502162255663
Satsop salmon 2022,2022-10-23,Boat,159.48333333333335,192.70000000000002,0.8276249783774433
Satsop salmon 2022,2022-10-30,Bank,140.25,320.9166666666667,0.43702934302778496
Satsop salmon 2022,2022-10-30,Boat,180.66666666666669,320.9166666666667,0.562970656972215
Satsop salmon 2022,2022-11-06,Bank,172.70000000000002,395.25,0.4369386464263125
Satsop salmon 2022,2022-11-06,Boat,222.55,395.25,0.5630613535736876
Satsop salmon 2022,2022-11-13,Bank,465.56666666666666,729.2333333333333,0.638433057549024
Satsop salmon 2022,2022-11-13,Boat,263.6666666666667,729.2333333333333,0.3615669424509759
Satsop salmon 2022,2022-11-20,Bank,253.11666666666667,449.35,0.5632951300025963
Satsop salmon 2022,2022-11-20,Boat,196.23333333333332,449.35,0.4367048699974036
Satsop salmon 2022,2022-11-27,Bank,82.48333333333333,244.36666666666667,0.3375392170235984
Satsop salmon 2022,2022-11-27,Boat,161.88333333333333,244.36666666666667,0.6624607829764015
Satsop salmon 2022,2022-12-04,Bank,88.63333333333334,88.63333333333334,1
Satsop salmon 2022,2022-12-11,Bank,68.83333333333333,68.83333333333333,1
Satsop salmon 2023,2023-10-01,Bank,259.75,349.05,0.7441627274029509
Satsop salmon 2023,2023-10-01,Boat,89.3,349.05,0.25583727259704914
Satsop salmon 2023,2023-10-08,Bank,104.56666666666666,259.8833333333333,0.4023600333482973
Satsop salmon 2023,2023-10-08,Boat,155.31666666666666,259.8833333333333,0.5976399666517027
Satsop salmon 2023,2023-10-15,Bank,189.3,338.9666666666667,0.5584619923296292
Satsop salmon 2023,2023-10-15,Boat,149.66666666666666,338.9666666666667,0.44153800767037066
Satsop salmon 2023,2023-10-22,Bank,184.98333333333332,374.81666666666666,0.49353017030548263
Satsop salmon 2023,2023-10-22,Boat,189.83333333333334,374.81666666666666,0.5064698296945174
Satsop salmon 2023,2023-10-29,Bank,354.35,436.15000000000003,0.8124498452367305
Satsop salmon 2023,2023-10-29,Boat,81.8,436.15000000000003,0.1875501547632695
Satsop salmon 2023,2023-11-05,Bank,55.233333333333334,248.25,0.22249076871433368
Satsop salmon 2023,2023-11-05,Boat,193.01666666666665,248.25,0.7775092312856663
Satsop salmon 2023,2023-11-12,Bank,181.31666666666666,577.45,0.3139954397206107
Satsop salmon 2023,2023-11-12,Boat,396.1333333333333,577.45,0.6860045602793892
Satsop salmon 2023,2023-11-19,Bank,54.2,178.68333333333334,0.3033299132543606
Satsop salmon 2023,2023-11-19,Boat,124.48333333333333,178.68333333333334,0.6966700867456393
Satsop salmon 2023,2023-11-26,Bank,74.91666666666667,204.81666666666666,0.3657742696720645
Satsop salmon 2023,2023-11-26,Boat,129.9,204.81666666666666,0.6342257303279356
Satsop salmon 2024,2024-09-29,Bank,448.4166666666667,627.5833333333334,0.7145133448413226
Satsop salmon 2024,2024-09-29,Boat,179.16666666666666,627.5833333333334,0.28548665515867744
Satsop salmon 2024,2024-10-06,Bank,399.1666666666667,736.7,0.5418306863942808
Satsop salmon 2024,2024-10-06,Boat,337.5333333333333,736.7,0.4581693136057191
Satsop salmon 2024,2024-10-13,Bank,452.81666666666666,533.4,0.8489251343582053
Satsop salmon 2024,2024-10-13,Boat,80.58333333333333,533.4,0.1510748656417948
Satsop salmon 2024,2024-10-20,Bank,308.8,512.0166666666667,0.6031053676638131
Satsop salmon 2024,2024-10-20,Boat,203.21666666666667,512.0166666666667,0.396894632336187
Satsop salmon 2024,2024-10-27,Bank,78.63333333333334,232.3,0.33849906729803414
Satsop salmon 2024,2024-10-27,Boat,153.66666666666666,232.3,0.6615009327019657
Satsop salmon 2024,2024-11-03,Bank,242.25,726.9166666666667,0.3332569070273988
Satsop salmon 2024,2024-11-03,Boat,484.6666666666667,726.9166666666667,0.6667430929726011
Satsop salmon 2024,2024-11-10,Bank,94.56666666666666,135.25,0.6991990141712877
Satsop salmon 2024,2024-11-10,Boat,40.68333333333333,135.25,0.30080098582871223
Satsop salmon 2024,2024-11-17,Bank,152.15,319.3666666666667,0.4764116480534391
Satsop salmon 2024,2024-11-17,Boat,167.21666666666667,319.3666666666667,0.523588351946561
Satsop salmon 2024,2024-11-24,Bank,87.75,325.83333333333337,0.269309462915601
Satsop salmon 2024,2024-11-24,Boat,238.08333333333334,325.83333333333337,0.7306905370843989
Satsop salmon 2024,2024-12-01,Bank,45.9,220.31666666666666,0.20833648536197896
Satsop salmon 2024,2024-12-01,Boat,174.41666666666666,220.31666666666666,0.791663514638021
Satsop salmon 2024,2024-12-08,Bank,45.916666666666664,80.08333333333333,0.5733610822060354
Satsop salmon 2024,2024-12-08,Boat,34.166666666666664,80.08333333333333,0.4266389177939646
Satsop salmon 2024,2024-12-15,Bank,32.45,45.28333333333334,0.7165991902834008
Satsop salmon 2024,2024-12-15,Boat,12.833333333333334,45.28333333333334,0.28340080971659914
Satsop salmon 2024,2024-12-22,Bank,5.25,10.583333333333332,0.4960629921259843
Satsop salmon 2024,2024-12-22,Boat,5.333333333333333,10.583333333333332,0.5039370078740157
Satsop salmon 2024,2024-12-29,Bank,1.25,4.4,0.28409090909090906
Satsop salmon 2024,2024-12-29,Boat,3.15,4.4,0.7159090909090908
Satsop salmon 2025,2025-09-28,Bank,267.8,444.15,0.6029494540132838
Satsop salmon 2025,2025-09-28,Boat,176.35,444.15,0.3970505459867162
Satsop salmon 2025,2025-10-05,Bank,141.21666666666667,244.01666666666665,0.5787173007308244
Satsop salmon 2025,2025-10-05,Boat,102.8,244.01666666666665,0.4212826992691756
Satsop salmon 2025,2025-10-12,Bank,190.91666666666666,205.95,0.927004936473254
Satsop salmon 2025,2025-10-12,Boat,15.033333333333333,205.95,0.07299506352674598
Satsop salmon 2025,2025-10-19,Bank,82.93333333333334,158.63333333333333,0.5227989073334735
Satsop salmon 2025,2025-10-19,Boat,75.7,158.63333333333333,0.4772010926665266
Satsop salmon 2025,2025-10-26,Bank,92.03333333333333,277.25,0.3319507063420499
Satsop salmon 2025,2025-10-26,Boat,185.21666666666667,277.25,0.6680492936579501
Satsop salmon 2025,2025-11-02,Bank,59.483333333333334,192.08333333333331,0.30967462039045557
Satsop salmon 2025,2025-11-02,Boat,132.6,192.08333333333331,0.6903253796095445
Satsop salmon 2025,2025-11-09,Bank,123.81666666666666,405.45,0.3053808525506639
Satsop salmon 2025,2025-11-09,Boat,281.6333333333333,405.45,0.6946191474493362
Satsop salmon 2025,2025-11-16,Bank,207.25,626,0.3310702875399361
Satsop salmon 2025,2025-11-16,Boat,418.75,626,0.6689297124600639
Satsop salmon 2025,2025-11-23,Bank,78.25,307.4666666666667,0.25449913269731134
Satsop salmon 2025,2025-11-23,Boat,229.21666666666667,307.4666666666667,0.7455008673026886
Satsop salmon 2025,2025-11-30,Bank,15.866666666666665,54.28333333333333,0.2922935216456862
Satsop salmon 2025,2025-11-30,Boat,38.416666666666664,54.28333333333333,0.7077064783543138
Satsop salmon 2025,2025-12-07,Bank,7.15,25.450000000000003,0.280943025540275
Satsop salmon 2025,2025-12-07,Boat,18.3,25.450000000000003,0.7190569744597249
Satsop salmon 2025,2025-12-14,Bank,6,47.63333333333333,0.12596221133659902
Satsop salmon 2025,2025-12-14,Boat,41.63333333333333,47.63333333333333,0.874037788663401
Satsop salmon 2025,2025-12-21,Bank,9.9,20.833333333333336,0.47519999999999996
Satsop salmon 2025,2025-12-21,Boat,10.933333333333334,20.833333333333336,0.5247999999999999
Satsop salmon 2025,2025-12-28,Bank,8.45,29.05,0.29087779690189325
Satsop salmon 2025,2025-12-28,Boat,20.6,29.05,0.7091222030981067
Satsop winter steelhead 2024-25,2024-10-27,Bank,11.466666666666667,14.966666666666667,0.7661469933184856
Satsop winter steelhead 2024-25,2024-10-27,Boat,3.5,14.966666666666667,0.23385300668151449
Satsop winter steelhead 2024-25,2024-11-03,Bank,242.25,726.9166666666667,0.3332569070273988
Satsop winter steelhead 2024-25,2024-11-03,Boat,484.6666666666667,726.9166666666667,0.6667430929726011
Satsop winter steelhead 2024-25,2024-11-10,Bank,94.56666666666666,135.25,0.6991990141712877
Satsop winter steelhead 2024-25,2024-11-10,Boat,40.68333333333333,135.25,0.30080098582871223
Satsop winter steelhead 2024-25,2024-11-17,Bank,152.15,319.3666666666667,0.4764116480534391
Satsop winter steelhead 2024-25,2024-11-17,Boat,167.21666666666667,319.3666666666667,0.523588351946561
Satsop winter steelhead 2024-25,2024-11-24,Bank,87.75,325.83333333333337,0.269309462915601
Satsop winter steelhead 2024-25,2024-11-24,Boat,238.08333333333334,325.83333333333337,0.7306905370843989
Satsop winter steelhead 2024-25,2024-12-01,Bank,45.9,220.31666666666666,0.20833648536197896
Satsop winter steelhead 2024-25,2024-12-01,Boat,174.41666666666666,220.31666666666666,0.791663514638021
Satsop winter steelhead 2024-25,2024-12-08,Bank,45.916666666666664,80.08333333333333,0.5733610822060354
Satsop winter steelhead 2024-25,2024-12-08,Boat,34.166666666666664,80.08333333333333,0.4266389177939646
Satsop winter steelhead 2024-25,2024-12-15,Bank,32.45,45.28333333333334,0.7165991902834008
Satsop winter steelhead 2024-25,2024-12-15,Boat,12.833333333333334,45.28333333333334,0.28340080971659914
Satsop winter steelhead 2024-25,2024-12-22,Bank,5.25,10.583333333333332,0.4960629921259843
Satsop winter steelhead 2024-25,2024-12-22,Boat,5.333333333333333,10.583333333333332,0.5039370078740157
Satsop winter steelhead 2024-25,2024-12-29,Bank,16.316666666666666,19.466666666666665,0.8381849315068494
Satsop winter steelhead 2024-25,2024-12-29,Boat,3.15,19.466666666666665,0.1618150684931507
Satsop winter steelhead 2024-25,2025-01-05,Bank,39.53333333333333,87.5,0.45180952380952377
Satsop winter steelhead 2024-25,2025-01-05,Boat,47.96666666666667,87.5,0.5481904761904762
Satsop winter steelhead 2024-25,2025-01-12,Bank,16.033333333333335,156.26666666666668,0.1026023890784983
Satsop winter steelhead 2024-25,2025-01-12,Boat,140.23333333333335,156.26666666666668,0.8973976109215017
Satsop winter steelhead 2024-25,2025-01-19,Bank,31.05,115.39999999999999,0.2690641247833622
Satsop winter steelhead 2024-25,2025-01-19,Boat,84.35,115.39999999999999,0.7309358752166378
Satsop winter steelhead 2024-25,2025-01-26,Bank,26.8,129.11666666666667,0.20756421840712533
Satsop winter steelhead 2024-25,2025-01-26,Boat,102.31666666666666,129.11666666666667,0.7924357815928745
Satsop winter steelhead 2024-25,2025-02-02,Bank,57.75,436.73333333333335,0.13223172034803846
Satsop winter steelhead 2024-25,2025-02-02,Boat,378.98333333333335,436.73333333333335,0.8677682796519616
Satsop winter steelhead 2024-25,2025-02-09,Bank,14.6,122.03333333333333,0.11963944277519803
Satsop winter steelhead 2024-25,2025-02-09,Boat,107.43333333333334,122.03333333333333,0.880360557224802
Satsop winter steelhead 2024-25,2025-02-16,Bank,64.15,264.4666666666667,0.24256365011343584
Satsop winter steelhead 2024-25,2025-02-16,Boat,200.31666666666666,264.4666666666667,0.757436349886564
Satsop winter steelhead 2024-25,2025-02-23,Bank,11.766666666666666,54.449999999999996,0.21610039791857974
Satsop winter steelhead 2024-25,2025-02-23,Boat,42.68333333333333,54.449999999999996,0.7838996020814203
Satsop winter steelhead 2025-26,2025-11-30,Bank,15.866666666666665,54.28333333333333,0.2922935216456862
Satsop winter steelhead 2025-26,2025-11-30,Boat,38.416666666666664,54.28333333333333,0.7077064783543138
Satsop winter steelhead 2025-26,2025-12-07,Bank,7.15,25.450000000000003,0.280943025540275
Satsop winter steelhead 2025-26,2025-12-07,Boat,18.3,25.450000000000003,0.7190569744597249
Satsop winter steelhead 2025-26,2025-12-14,Bank,6,47.63333333333333,0.12596221133659902
Satsop winter steelhead 2025-26,2025-12-14,Boat,41.63333333333333,47.63333333333333,0.874037788663401
Satsop winter steelhead 2025-26,2025-12-21,Bank,9.9,20.833333333333336,0.47519999999999996
Satsop winter steelhead 2025-26,2025-12-21,Boat,10.933333333333334,20.833333333333336,0.5247999999999999
Satsop winter steelhead 2025-26,2025-12-28,Bank,16.866666666666667,110.68333333333334,0.15238668875169403
Satsop winter steelhead 2025-26,2025-12-28,Boat,93.81666666666666,110.68333333333334,0.847613311248306
Satsop winter steelhead 2025-26,2026-01-04,Bank,40.916666666666664,109.81666666666666,0.37259068143876156
Satsop winter steelhead 2025-26,2026-01-04,Boat,68.9,109.81666666666666,0.6274093185612385
Satsop winter steelhead 2025-26,2026-01-11,Bank,16.6,115.31666666666666,0.14395143806908514
Satsop winter steelhead 2025-26,2026-01-11,Boat,98.71666666666667,115.31666666666666,0.8560485619309149
Satsop winter steelhead 2025-26,2026-01-18,Bank,11.916666666666666,88.66666666666667,0.1343984962406015
Satsop winter steelhead 2025-26,2026-01-18,Boat,76.75,88.66666666666667,0.8656015037593985
Satsop winter steelhead 2025-26,2026-01-25,Bank,40.766666666666666,67.43333333333334,0.6045477014335146
Satsop winter steelhead 2025-26,2026-01-25,Boat,26.666666666666668,67.43333333333334,0.3954522985664854
Satsop winter steelhead 2025-26,2026-02-01,Bank,85.65,309.05,0.27713962142048215
Satsop winter steelhead 2025-26,2026-02-01,Boat,223.4,309.05,0.7228603785795179
Satsop winter steelhead 2025-26,2026-02-08,Bank,41.68333333333334,292.58333333333337,0.14246653375106808
Satsop winter steelhead 2025-26,2026-02-08,Boat,250.9,292.58333333333337,0.8575334662489318
Satsop winter steelhead 2025-26,2026-02-15,Bank,11.033333333333335,108.91666666666666,0.101300688599847
Satsop winter steelhead 2025-26,2026-02-15,Boat,97.88333333333333,108.91666666666666,0.898699311400153
Silver Lake Winter Crappie 2025-26,2025-11-09,Bank,94.25,137.86666666666667,0.6836315280464216
Silver Lake Winter Crappie 2025-26,2025-11-09,Boat,43.61666666666667,137.86666666666667,0.3163684719535783
Silver Lake Winter Crappie 2025-26,2025-11-16,Bank,57.11666666666667,72.9,0.7834933699131229
Silver Lake Winter Crappie 2025-26,2025-11-16,Boat,15.783333333333333,72.9,0.21650663008687698
Silver Lake Winter Crappie 2025-26,2025-11-23,Bank,296.65,357.4,0.8300223838836038
Silver Lake Winter Crappie 2025-26,2025-11-23,Boat,60.75,357.4,0.1699776161163962
Silver Lake Winter Crappie 2025-26,2025-11-30,Bank,3.7,3.7,1
Silver Lake Winter Crappie 2025-26,2025-12-07,Bank,242.2,316.8333333333333,0.7644397685428722
Silver Lake Winter Crappie 2025-26,2025-12-07,Boat,74.63333333333333,316.8333333333333,0.23556023145712782
Silver Lake Winter Crappie 2025-26,2025-12-14,Bank,12.7,17.933333333333334,0.70817843866171
Silver Lake Winter Crappie 2025-26,2025-12-14,Boat,5.233333333333333,17.933333333333334,0.29182156133828996
Silver Lake Winter Crappie 2025-26,2025-12-21,Bank,270.6333333333333,294.73333333333335,0.9182311694186834
Silver Lake Winter Crappie 2025-26,2025-12-21,Boat,24.1,294.73333333333335,0.08176883058131644
Silver Lake Winter Crappie 2025-26,2025-12-28,Bank,108.71666666666667,117.71666666666667,0.9235452357355232
Silver Lake Winter Crappie 2025-26,2025-12-28,Boat,9,117.71666666666667,0.07645476426447685
Silver Lake Winter Crappie 2025-26,2026-01-04,Bank,92.11666666666667,102.31666666666668,0.9003094966606939
Silver Lake Winter Crappie 2025-26,2026-01-04,Boat,10.2,102.31666666666668,0.09969050333930606
Silver Lake Winter Crappie 2025-26,2026-01-11,Bank,175.7,241.61666666666667,0.7271849348140994
Silver Lake Winter Crappie 2025-26,2026-01-11,Boat,65.91666666666667,241.61666666666667,0.27281506518590054
Silver Lake Winter Crappie 2025-26,2026-01-18,Bank,174.61666666666667,242.9,0.7188829422258817
Silver Lake Winter Crappie 2025-26,2026-01-18,Boat,68.28333333333333,242.9,0.2811170577741183
Silver Lake Winter Crappie 2025-26,2026-01-25,Bank,4.5,4.5,1
Silver Lake Winter Crappie 2025-26,2026-02-01,Bank,136.43333333333334,154.03333333333333,0.8857390175286735
Silver Lake Winter Crappie 2025-26,2026-02-01,Boat,17.6,154.03333333333333,0.11426098247132656
Silver Lake Winter Crappie 2025-26,2026-02-08,Boat,40.166666666666664,40.166666666666664,1
Silver Lake Winter Crappie 2025-26,2026-02-15,Bank,260.5,357.95,0.7277552730828328
Silver Lake Winter Crappie 2025-26,2026-02-15,Boat,97.45,357.95,0.2722447269171672
Silver Lake Winter Crappie 2025-26,2026-02-22,Bank,16.716666666666665,16.716666666666665,1
Silver Lake Winter Crappie 2025-26,2026-03-01,Bank,201.25,254.65,0.7903004123306498
Silver Lake Winter Crappie 2025-26,2026-03-01,Boat,53.4,254.65,0.20969958766935007
Silver Lake Winter Crappie 2025-26,2026-03-08,Bank,135.41666666666666,150.54999999999998,0.8994796855972546
Silver Lake Winter Crappie 2025-26,2026-03-08,Boat,15.133333333333333,150.54999999999998,0.1005203144027455
Silver Lake Winter Crappie 2025-26,2026-03-22,Bank,53.266666666666666,119.81666666666666,0.44456809013771037
Silver Lake Winter Crappie 2025-26,2026-03-22,Boat,66.55,119.81666666666666,0.5554319098622896
Skagit fall salmon 2021,2021-08-15,Bank,94,193.21666666666667,0.4865004744242215
Skagit fall salmon 2021,2021-08-15,Boat,99.21666666666667,193.21666666666667,0.5134995255757785
Skagit fall salmon 2021,2021-08-22,Bank,144.65,670.4333333333333,0.21575597872023072
Skagit fall salmon 2021,2021-08-22,Boat,525.7833333333333,670.4333333333333,0.7842440212797693
Skagit fall salmon 2021,2021-08-29,Bank,553.0666666666667,1021.25,0.5415585475316198
Skagit fall salmon 2021,2021-08-29,Boat,468.18333333333334,1021.25,0.45844145246838025
Skagit fall salmon 2021,2021-09-05,Bank,288.26666666666665,704.4,0.4092371758470566
Skagit fall salmon 2021,2021-09-05,Boat,416.1333333333333,704.4,0.5907628241529435
Skagit fall salmon 2021,2021-09-12,Bank,314.25,675.6666666666667,0.4650962012826837
Skagit fall salmon 2021,2021-09-12,Boat,361.4166666666667,675.6666666666667,0.5349037987173162
Skagit fall salmon 2021,2021-09-19,Bank,254.46666666666667,563.1,0.45190315515302193
Skagit fall salmon 2021,2021-09-19,Boat,308.6333333333333,563.1,0.548096844846978
Skagit fall salmon 2021,2021-09-26,Bank,215.66666666666666,474.48333333333335,0.45452948821525163
Skagit fall salmon 2021,2021-09-26,Boat,258.81666666666666,474.48333333333335,0.5454705117847483
Skagit fall salmon 2021,2021-10-03,Bank,106.75,503.78333333333336,0.21189664869156713
Skagit fall salmon 2021,2021-10-03,Boat,397.03333333333336,503.78333333333336,0.7881033513084329
Skagit fall salmon 2021,2021-10-10,Bank,134.96666666666667,397.23333333333335,0.3397667198120332
Skagit fall salmon 2021,2021-10-10,Boat,262.26666666666665,397.23333333333335,0.6602332801879667
Skagit fall salmon 2021,2021-10-17,Bank,85.75,418.0833333333333,0.2051026509866454
Skagit fall salmon 2021,2021-10-17,Boat,332.3333333333333,418.0833333333333,0.7948973490133546
Skagit fall salmon 2021,2021-10-24,Bank,6.8,29.033333333333335,0.23421354764638344
Skagit fall salmon 2021,2021-10-24,Boat,22.233333333333334,29.033333333333335,0.7657864523536165
Skagit fall salmon 2021,2021-10-31,Bank,58.5,173.48333333333335,0.33720818522432505
Skagit fall salmon 2021,2021-10-31,Boat,114.98333333333333,173.48333333333335,0.6627918147756748
Skagit fall salmon 2021,2021-11-07,Bank,37.68333333333334,177.95000000000002,0.21176360400861666
Skagit fall salmon 2021,2021-11-07,Boat,140.26666666666668,177.95000000000002,0.7882363959913834
Skagit fall salmon 2021,2021-11-21,Bank,8.533333333333333,8.533333333333333,1
Skagit fall salmon 2021,2021-11-28,Bank,0.65,0.65,1
Skagit fall salmon 2021,2021-12-05,Bank,62.11666666666667,94.76666666666667,0.6554695743932466
Skagit fall salmon 2021,2021-12-05,Boat,32.65,94.76666666666667,0.3445304256067534
Skagit fall salmon 2021,2021-12-12,Bank,37.25,84.83333333333334,0.4390962671905697
Skagit fall salmon 2021,2021-12-12,Boat,47.583333333333336,84.83333333333334,0.5609037328094302
Skagit fall salmon 2021,2021-12-19,Bank,77.06666666666666,82.86666666666666,0.9300080450522928
Skagit fall salmon 2021,2021-12-19,Boat,5.8,82.86666666666666,0.06999195494770716
Skagit fall salmon 2021,2021-12-26,Bank,4.833333333333333,4.833333333333333,1
Skagit fall salmon 2022,2022-08-28,Bank,283.35,1001.8833333333333,0.28281736063746615
Skagit fall salmon 2022,2022-08-28,Boat,718.5333333333333,1001.8833333333333,0.7171826393625339
Skagit fall salmon 2022,2022-09-04,Bank,317.98333333333335,1354.75,0.23471735252506615
Skagit fall salmon 2022,2022-09-04,Boat,1036.7666666666667,1354.75,0.7652826474749339
Skagit fall salmon 2022,2022-09-11,Bank,212.78333333333333,1461.1,0.1456322861770812
Skagit fall salmon 2022,2022-09-11,Boat,1248.3166666666666,1461.1,0.8543677138229188
Skagit fall salmon 2022,2022-09-18,Bank,252.5,1823.3,0.13848516426260077
Skagit fall salmon 2022,2022-09-18,Boat,1570.8,1823.3,0.8615148357373992
Skagit fall salmon 2022,2022-09-25,Bank,273.51666666666665,1264.6166666666668,0.21628424950907385
Skagit fall salmon 2022,2022-09-25,Boat,991.1,1264.6166666666668,0.783715750490926
Skagit fall salmon 2022,2022-10-02,Bank,299.46666666666664,1829.3166666666666,0.16370411538005994
Skagit fall salmon 2022,2022-10-02,Boat,1529.85,1829.3166666666666,0.83629588461994
Skagit fall salmon 2022,2022-10-09,Bank,327.4166666666667,1653.6333333333334,0.19799834707411962
Skagit fall salmon 2022,2022-10-09,Boat,1326.2166666666667,1653.6333333333334,0.8020016529258803
Skagit fall salmon 2022,2022-10-16,Bank,186.95,1194.25,0.15654176261251831
Skagit fall salmon 2022,2022-10-16,Boat,1007.3,1194.25,0.8434582373874816
Skagit fall salmon 2022,2022-10-23,Bank,135.8,1170.6833333333334,0.116000626414772
Skagit fall salmon 2022,2022-10-23,Boat,1034.8833333333334,1170.6833333333334,0.8839993735852281
Skagit fall salmon 2022,2022-10-30,Bank,43.35,102.1,0.42458374142997063
Skagit fall salmon 2022,2022-10-30,Boat,58.75,102.1,0.5754162585700294
Skagit fall salmon 2022,2022-11-06,Bank,41.43333333333333,298.3833333333333,0.13885940903759145
Skagit fall salmon 2022,2022-11-06,Boat,256.95,298.3833333333333,0.8611405909624085
Skagit fall salmon 2022,2022-11-13,Bank,135.45,587.7833333333333,0.23044205631326736
Skagit fall salmon 2022,2022-11-13,Boat,452.3333333333333,587.7833333333333,0.7695579436867327
Skagit fall salmon 2022,2022-11-20,Bank,52.4,271.6333333333333,0.19290710516627807
Skagit fall salmon 2022,2022-11-20,Boat,219.23333333333335,271.6333333333333,0.807092894833722
Skagit fall salmon 2022,2022-11-27,Bank,42.833333333333336,88.85,0.48208591258675676
Skagit fall salmon 2022,2022-11-27,Boat,46.016666666666666,88.85,0.5179140874132433
Skagit fall salmon 2023,2023-08-13,Bank,358.05,619.8333333333333,0.5776552836784082
Skagit fall salmon 2023,2023-08-13,Boat,261.7833333333333,619.8333333333333,0.4223447163215918
Skagit fall salmon 2023,2023-08-20,Bank,738.05,1557.2333333333331,0.47394952586852757
Skagit fall salmon 2023,2023-08-20,Boat,819.1833333333333,1557.2333333333331,0.5260504741314725
Skagit fall salmon 2023,2023-08-27,Bank,966.8166666666666,2021.6333333333332,0.47823542020478493
Skagit fall salmon 2023,2023-08-27,Boat,1054.8166666666666,2021.6333333333332,0.5217645797952151
Skagit fall salmon 2023,2023-09-03,Bank,664.3666666666667,1435.3666666666668,0.46285501962332504
Skagit fall salmon 2023,2023-09-03,Boat,771,1435.3666666666668,0.5371449803766749
Skagit fall salmon 2023,2023-09-10,Bank,1242.1666666666667,2266.3166666666666,0.5480993388685018
Skagit fall salmon 2023,2023-09-10,Boat,1024.15,2266.3166666666666,0.4519006611314983
Skagit fall salmon 2023,2023-09-17,Bank,998.6166666666667,1976.1666666666665,0.5053301847010205
Skagit fall salmon 2023,2023-09-17,Boat,977.55,1976.1666666666665,0.4946698152989795
Skagit fall salmon 2023,2023-09-24,Bank,719.4666666666667,1534.3000000000002,0.46892176671229
Skagit fall salmon 2023,2023-09-24,Boat,814.8333333333334,1534.3000000000002,0.5310782332877099
Skagit fall salmon 2023,2023-10-01,Bank,443.5,1371.1666666666665,0.3234471860945667
Skagit fall salmon 2023,2023-10-01,Boat,927.6666666666666,1371.1666666666665,0.6765528139054334
Skagit fall salmon 2023,2023-10-08,Bank,376.46666666666664,1407.9666666666667,0.26738322403465986
Skagit fall salmon 2023,2023-10-08,Boat,1031.5,1407.9666666666667,0.73261677596534
Skagit fall salmon 2023,2023-10-15,Bank,223.5,839.9,0.26610310751279914
Skagit fall salmon 2023,2023-10-15,Boat,616.4,839.9,0.7338968924872008
Skagit fall salmon 2023,2023-10-22,Bank,253.71666666666667,1286.1666666666667,0.1972657768562913
Skagit fall salmon 2023,2023-10-22,Boat,1032.45,1286.1666666666667,0.8027342231437087
Skagit fall salmon 2023,2023-10-29,Bank,137.35,377.31666666666666,0.36401784531118864
Skagit fall salmon 2023,2023-10-29,Boat,239.96666666666667,377.31666666666666,0.6359821546888114
Skagit fall salmon 2023,2023-11-05,Bank,55.96666666666667,167.56666666666666,0.3339964193355878
Skagit fall salmon 2023,2023-11-05,Boat,111.6,167.56666666666666,0.6660035806644121
Skagit fall salmon 2023,2023-11-12,Bank,202.85,418.1,0.48517101171968424
Skagit fall salmon 2023,2023-11-12,Boat,215.25,418.1,0.5148289882803156
Skagit fall salmon 2023,2023-11-19,Bank,80.16666666666667,166.71666666666667,0.4808557432770169
Skagit fall salmon 2023,2023-11-19,Boat,86.55,166.71666666666667,0.519144256722983
Skagit fall salmon 2023,2023-11-26,Bank,43,99.21666666666667,0.4333949269275995
Skagit fall salmon 2023,2023-11-26,Boat,56.21666666666667,99.21666666666667,0.5666050730724005
Skagit fall salmon 2024,2024-09-01,Bank,511.8833333333333,1348.1166666666668,0.3797025479990604
Skagit fall salmon 2024,2024-09-01,Boat,836.2333333333333,1348.1166666666668,0.6202974520009396
Skagit fall salmon 2024,2024-09-08,Bank,611.2666666666667,1654.65,0.3694235437504407
Skagit fall salmon 2024,2024-09-08,Boat,1043.3833333333334,1654.65,0.6305764562495594
Skagit fall salmon 2024,2024-09-15,Bank,562.95,1724.45,0.32645191220389114
Skagit fall salmon 2024,2024-09-15,Boat,1161.5,1724.45,0.6735480877961089
Skagit fall salmon 2024,2024-09-22,Bank,174.91666666666666,775.8166666666666,0.22546134181185418
Skagit fall salmon 2024,2024-09-22,Boat,600.9,775.8166666666666,0.7745386581881458
Skagit fall salmon 2024,2024-09-29,Bank,501.3833333333333,1650.2166666666667,0.303828790158868
Skagit fall salmon 2024,2024-09-29,Boat,1148.8333333333333,1650.2166666666667,0.6961712098411319
Skagit fall salmon 2024,2024-10-06,Bank,305.23333333333335,1184.2166666666667,0.257751256104598
Skagit fall salmon 2024,2024-10-06,Boat,878.9833333333333,1184.2166666666667,0.742248743895402
Skagit fall salmon 2024,2024-10-13,Bank,209.7,887.5666666666666,0.2362639426146393
Skagit fall salmon 2024,2024-10-13,Boat,677.8666666666667,887.5666666666666,0.7637360573853608
Skagit fall salmon 2024,2024-10-20,Bank,237.75,512.1,0.4642647920328061
Skagit fall salmon 2024,2024-10-20,Boat,274.35,512.1,0.535735207967194
Skagit fall salmon 2024,2024-10-27,Bank,247.76666666666668,475.78333333333336,0.5207552457351036
Skagit fall salmon 2024,2024-10-27,Boat,228.01666666666668,475.78333333333336,0.4792447542648965
Skagit fall salmon 2024,2024-11-03,Bank,275,528.75,0.5200945626477541
Skagit fall salmon 2024,2024-11-03,Boat,253.75,528.75,0.4799054373522459
Skagit fall salmon 2024,2024-11-10,Bank,48.56666666666666,78.76666666666667,0.6165890816758358
Skagit fall salmon 2024,2024-11-10,Boat,30.200000000000003,78.76666666666667,0.38341091832416424
Skagit fall salmon 2024,2024-11-17,Bank,121.95,279.75,0.4359249329758713
Skagit fall salmon 2024,2024-11-17,Boat,157.8,279.75,0.5640750670241287
Skagit fall salmon 2024,2024-11-24,Bank,38.516666666666666,48.55,0.7933401991074494
Skagit fall salmon 2024,2024-11-24,Boat,10.033333333333333,48.55,0.20665980089255065
Skagit fall salmon 2025,2025-08-10,Bank,231.15,330.25,0.6999242997728994
Skagit fall salmon 2025,2025-08-10,Boat,99.1,330.25,0.3000757002271007
Skagit fall salmon 2025,2025-08-17,Bank,533.75,892.5,0.5980392156862745
Skagit fall salmon 2025,2025-08-17,Boat,358.75,892.5,0.4019607843137255
Skagit fall salmon 2025,2025-08-24,Bank,1024.9,1575.0333333333333,0.6507163869547735
Skagit fall salmon 2025,2025-08-24,Boat,550.1333333333333,1575.0333333333333,0.34928361304522654
Skagit fall salmon 2025,2025-08-31,Bank,704.2,1355.3833333333332,0.5195578126729217
Skagit fall salmon 2025,2025-08-31,Boat,651.1833333333333,1355.3833333333332,0.48044218732707844
Skagit fall salmon 2025,2025-09-07,Bank,701.9833333333333,1576.0500000000002,0.4454067658597971
Skagit fall salmon 2025,2025-09-07,Boat,874.0666666666667,1576.0500000000002,0.5545932341402028
Skagit fall salmon 2025,2025-09-14,Bank,908.1833333333333,1760.1999999999998,0.5159546263682158
Skagit fall salmon 2025,2025-09-14,Boat,852.0166666666667,1760.1999999999998,0.4840453736317843
Skagit fall salmon 2025,2025-09-21,Bank,1438.45,2630.0666666666666,0.5469252997389167
Skagit fall salmon 2025,2025-09-21,Boat,1191.6166666666668,2630.0666666666666,0.45307470026108343
Skagit fall salmon 2025,2025-09-28,Bank,705.55,1474.25,0.4785823299983042
Skagit fall salmon 2025,2025-09-28,Boat,768.7,1474.25,0.5214176700016958
Skagit fall salmon 2025,2025-10-05,Bank,920.7333333333333,1892.2666666666667,0.48657694475760993
Skagit fall salmon 2025,2025-10-05,Boat,971.5333333333333,1892.2666666666667,0.5134230552423901
Skagit fall salmon 2025,2025-10-12,Bank,683.4333333333333,1705.55,0.4007114029687393
Skagit fall salmon 2025,2025-10-12,Boat,1022.1166666666667,1705.55,0.5992885970312607
Skagit fall salmon 2025,2025-10-19,Bank,529.9666666666667,1128.1333333333332,0.46977307646850264
Skagit fall salmon 2025,2025-10-19,Boat,598.1666666666666,1128.1333333333332,0.5302269235314975
Skagit fall salmon 2025,2025-10-26,Bank,275.98333333333335,466.45000000000005,0.5916675599385429
Skagit fall salmon 2025,2025-10-26,Boat,190.46666666666667,466.45000000000005,0.4083324400614571
Skagit fall salmon 2025,2025-11-02,Bank,144.63333333333333,233.46666666666664,0.6195031410622501
Skagit fall salmon 2025,2025-11-02,Boat,88.83333333333333,233.46666666666664,0.38049685893774987
Skagit fall salmon 2025,2025-11-09,Bank,195.13333333333333,534,0.36541822721598
Skagit fall salmon 2025,2025-11-09,Boat,338.8666666666667,534,0.63458177278402
Skagit fall salmon 2025,2025-11-16,Bank,53.33333333333333,95.33333333333333,0.5594405594405594
Skagit fall salmon 2025,2025-11-16,Boat,42,95.33333333333333,0.4405594405594406
Skagit spring Chinook 2021 lower,2021-05-16,Bank,97.68333333333334,137.9,0.7083635484650713
Skagit spring Chinook 2021 lower,2021-05-16,Boat,40.21666666666667,137.9,0.2916364515349287
Skagit spring Chinook 2021 lower,2021-05-23,Bank,157.88333333333333,318.7166666666667,0.49537206505255443
Skagit spring Chinook 2021 lower,2021-05-23,Boat,160.83333333333334,318.7166666666667,0.5046279349474455
Skagit spring Chinook 2021 lower,2021-05-30,Bank,21.916666666666668,49.41666666666667,0.44350758853288363
Skagit spring Chinook 2021 lower,2021-05-30,Boat,27.5,49.41666666666667,0.5564924114671163
Skagit spring Chinook 2021 upper,2021-05-30,Bank,40,163,0.24539877300613497
Skagit spring Chinook 2021 upper,2021-05-30,Boat,123,163,0.754601226993865
Skagit spring Chinook 2021 upper,2021-06-06,Bank,50.5,314.25,0.16070007955449483
Skagit spring Chinook 2021 upper,2021-06-06,Boat,263.75,314.25,0.8392999204455052
Skagit spring Chinook 2021 upper,2021-06-13,Bank,6,116.75,0.05139186295503212
Skagit spring Chinook 2021 upper,2021-06-13,Boat,110.75,116.75,0.9486081370449678
Skagit spring Chinook 2021 upper,2021-06-20,Bank,33.916666666666664,147.66666666666666,0.22968397291196388
Skagit spring Chinook 2021 upper,2021-06-20,Boat,113.75,147.66666666666666,0.7703160270880361
Skagit spring Chinook 2021 upper,2021-06-27,Bank,12.333333333333334,17.333333333333336,0.7115384615384615
Skagit spring Chinook 2021 upper,2021-06-27,Boat,5,17.333333333333336,0.28846153846153844
Skagit spring Chinook 2021 upper,2021-07-04,Bank,7.75,56.5,0.13716814159292035
Skagit spring Chinook 2021 upper,2021-07-04,Boat,48.75,56.5,0.8628318584070797
Skagit spring Chinook 2021 upper,2021-07-11,Bank,6,30.333333333333332,0.19780219780219782
Skagit spring Chinook 2021 upper,2021-07-11,Boat,24.333333333333332,30.333333333333332,0.8021978021978022
Skagit spring Chinook 2022 lower,2022-05-01,Bank,130.05,183.75,0.7077551020408164
Skagit spring Chinook 2022 lower,2022-05-01,Boat,53.699999999999996,183.75,0.2922448979591836
Skagit spring Chinook 2022 lower,2022-05-08,Bank,214.48333333333332,296.31666666666666,0.7238314865852973
Skagit spring Chinook 2022 lower,2022-05-08,Boat,81.83333333333333,296.31666666666666,0.2761685134147027
Skagit spring Chinook 2022 lower,2022-05-15,Bank,288.5,452.16666666666663,0.6380390711389606
Skagit spring Chinook 2022 lower,2022-05-15,Boat,163.66666666666666,452.16666666666663,0.3619609288610394
Skagit spring Chinook 2022 lower,2022-05-22,Bank,204.16666666666666,322.1333333333333,0.6337955298013245
Skagit spring Chinook 2022 lower,2022-05-22,Boat,117.96666666666667,322.1333333333333,0.3662044701986755
Skagit spring Chinook 2022 lower,2022-05-29,Bank,63.53333333333333,65.28333333333333,0.9731937707429155
Skagit spring Chinook 2022 lower,2022-05-29,Boat,1.75,65.28333333333333,0.026806229257084504
Skagit spring Chinook 2022 upper,2022-05-29,Bank,28.983333333333334,147.51666666666665,0.19647497457914362
Skagit spring Chinook 2022 upper,2022-05-29,Boat,118.53333333333333,147.51666666666665,0.8035250254208565
Skagit spring Chinook 2022 upper,2022-06-05,Bank,66.76666666666667,148.96666666666667,0.44819870217050795
Skagit spring Chinook 2022 upper,2022-06-05,Boat,82.2,148.96666666666667,0.551801297829492
Skagit spring Chinook 2022 upper,2022-06-12,Bank,70.66666666666667,234.43333333333334,0.3014360870183421
Skagit spring Chinook 2022 upper,2022-06-12,Boat,163.76666666666668,234.43333333333334,0.698563912981658
Skagit spring Chinook 2022 upper,2022-06-19,Bank,40.2,180.81666666666666,0.22232463821550374
Skagit spring Chinook 2022 upper,2022-06-19,Boat,140.61666666666667,180.81666666666666,0.7776753617844964
Skagit spring Chinook 2022 upper,2022-06-26,Bank,27.833333333333336,36.43333333333334,0.7639524245196706
Skagit spring Chinook 2022 upper,2022-06-26,Boat,8.6,36.43333333333334,0.23604757548032934
Skagit spring Chinook 2022 upper,2022-07-03,Bank,11.85,11.85,1
Skagit spring Chinook 2022 upper,2022-07-10,Bank,18.616666666666667,25.116666666666667,0.7412076974120769
Skagit spring Chinook 2022 upper,2022-07-10,Boat,6.5,25.116666666666667,0.258792302587923
Skagit spring Chinook 2023 lower,2023-04-30,Bank,88.96666666666667,153.55,0.5793986757842179
Skagit spring Chinook 2023 lower,2023-04-30,Boat,64.58333333333333,153.55,0.420601324215782
Skagit spring Chinook 2023 lower,2023-05-07,Bank,268.5833333333333,489.0833333333333,0.5491565854489692
Skagit spring Chinook 2023 lower,2023-05-07,Boat,220.5,489.0833333333333,0.45084341455103083
Skagit spring Chinook 2023 lower,2023-05-14,Bank,77.13333333333334,107.53333333333333,0.7172969621822691
Skagit spring Chinook 2023 lower,2023-05-14,Boat,30.4,107.53333333333333,0.28270303781773093
Skagit spring Chinook 2023 lower,2023-05-21,Bank,78.91666666666667,162.4,0.485940065681445
Skagit spring Chinook 2023 lower,2023-05-21,Boat,83.48333333333333,162.4,0.514059934318555
Skagit spring Chinook 2023 lower,2023-05-28,Bank,0.5,53.35,0.00937207122774133
Skagit spring Chinook 2023 lower,2023-05-28,Boat,52.85,53.35,0.9906279287722587
Skagit spring Chinook 2023 upper,2023-05-28,Bank,39.333333333333336,136,0.28921568627450983
Skagit spring Chinook 2023 upper,2023-05-28,Boat,96.66666666666667,136,0.7107843137254902
Skagit spring Chinook 2023 upper,2023-06-04,Bank,71.63333333333334,94.63333333333334,0.7569566748855231
Skagit spring Chinook 2023 upper,2023-06-04,Boat,23,94.63333333333334,0.2430433251144769
Skagit spring Chinook 2023 upper,2023-06-11,Bank,120.63333333333334,432.1333333333333,0.2791576673866091
Skagit spring Chinook 2023 upper,2023-06-11,Boat,311.5,432.1333333333333,0.7208423326133909
Skagit spring Chinook 2023 upper,2023-06-18,Bank,80.61666666666666,187.05,0.43098993139089364
Skagit spring Chinook 2023 upper,2023-06-18,Boat,106.43333333333334,187.05,0.5690100686091063
Skagit spring Chinook 2023 upper,2023-06-25,Bank,11.333333333333334,78.21666666666665,0.14489665459194548
Skagit spring Chinook 2023 upper,2023-06-25,Boat,66.88333333333333,78.21666666666665,0.8551033454080545
Skagit spring Chinook 2023 upper,2023-07-02,Bank,52.949999999999996,76.31666666666666,0.693819611268836
Skagit spring Chinook 2023 upper,2023-07-02,Boat,23.366666666666667,76.31666666666666,0.30618038873116404
Skagit spring Chinook 2023 upper,2023-07-09,Bank,33.11666666666667,77.75,0.42593783494105036
Skagit spring Chinook 2023 upper,2023-07-09,Boat,44.63333333333333,77.75,0.5740621650589496
Skagit spring Chinook 2024 lower,2024-04-21,Bank,96.85,191.41666666666666,0.5059643012625163
Skagit spring Chinook 2024 lower,2024-04-21,Boat,94.56666666666666,191.41666666666666,0.49403569873748365
Skagit spring Chinook 2024 lower,2024-04-28,Bank,306.65,568.0166666666667,0.5398609195739561
Skagit spring Chinook 2024 lower,2024-04-28,Boat,261.3666666666667,568.0166666666667,0.46013908042604384
Skagit spring Chinook 2024 lower,2024-05-05,Bank,237.25,481.7166666666667,0.4925094280870498
Skagit spring Chinook 2024 lower,2024-05-05,Boat,244.46666666666667,481.7166666666667,0.5074905719129502
Skagit spring Chinook 2024 lower,2024-05-12,Bank,127.06666666666666,225.96666666666667,0.5623248266706004
Skagit spring Chinook 2024 lower,2024-05-12,Boat,98.9,225.96666666666667,0.43767517332939965
Skagit spring Chinook 2024 lower,2024-05-19,Bank,111.23333333333333,164.31666666666666,0.6769449234202252
Skagit spring Chinook 2024 lower,2024-05-19,Boat,53.083333333333336,164.31666666666666,0.32305507657977484
Skagit spring Chinook 2024 lower,2024-05-26,Bank,91.13333333333333,189.91666666666666,0.47985958753839403
Skagit spring Chinook 2024 lower,2024-05-26,Boat,98.78333333333333,189.91666666666666,0.520140412461606
Skagit spring Chinook 2024 upper,2024-05-26,Bank,286.46666666666664,336.8166666666666,0.8505121480528478
Skagit spring Chinook 2024 upper,2024-05-26,Boat,50.349999999999994,336.8166666666666,0.14948785194715228
Skagit spring Chinook 2024 upper,2024-06-02,Bank,511.71666666666664,700.5833333333333,0.7304151302486024
Skagit spring Chinook 2024 upper,2024-06-02,Boat,188.86666666666667,700.5833333333333,0.26958486975139767
Skagit spring Chinook 2024 upper,2024-06-09,Bank,599.35,880.6833333333334,0.680551087223936
Skagit spring Chinook 2024 upper,2024-06-09,Boat,281.3333333333333,880.6833333333334,0.319448912776064
Skagit spring Chinook 2024 upper,2024-06-16,Bank,42.55,47.55,0.8948475289169295
Skagit spring Chinook 2024 upper,2024-06-16,Boat,5,47.55,0.10515247108307046
Skagit spring Chinook 2024 upper,2024-06-23,Bank,232.85,299.56666666666666,0.777289418048292
Skagit spring Chinook 2024 upper,2024-06-23,Boat,66.71666666666667,299.56666666666666,0.22271058195170804
Skagit spring Chinook 2024 upper,2024-06-30,Bank,127.7,132.86666666666667,0.9611138986452584
Skagit spring Chinook 2024 upper,2024-06-30,Boat,5.166666666666667,132.86666666666667,0.038886101354741597
Skagit spring Chinook 2024 upper,2024-07-07,Bank,98.33333333333333,150.86666666666667,0.651789659743703
Skagit spring Chinook 2024 upper,2024-07-07,Boat,52.53333333333333,150.86666666666667,0.34821034025629694
Skagit spring Chinook 2024 upper,2024-07-14,Bank,45.88333333333333,81.26666666666667,0.5646021328958163
Skagit spring Chinook 2024 upper,2024-07-14,Boat,35.38333333333333,81.26666666666667,0.43539786710418377
Skagit spring Chinook 2025 lower,2025-04-20,Bank,54.55,164.6,0.33140947752126365
Skagit spring Chinook 2025 lower,2025-04-20,Boat,110.05,164.6,0.6685905224787363
Skagit spring Chinook 2025 lower,2025-04-27,Bank,194.08333333333334,289.95,0.6693682818876818
Skagit spring Chinook 2025 lower,2025-04-27,Boat,95.86666666666666,289.95,0.33063171811231823
Skagit spring Chinook 2025 lower,2025-05-04,Bank,142.76666666666668,243.76666666666668,0.5856693559414741
Skagit spring Chinook 2025 lower,2025-05-04,Boat,101,243.76666666666668,0.4143306440585259
Skagit spring Chinook 2025 lower,2025-05-11,Bank,69.31666666666666,121,0.5728650137741047
Skagit spring Chinook 2025 lower,2025-05-11,Boat,51.68333333333333,121,0.4271349862258953
Skagit spring Chinook 2025 lower,2025-05-18,Bank,33.733333333333334,82.96666666666667,0.40658899156287664
Skagit spring Chinook 2025 lower,2025-05-18,Boat,49.233333333333334,82.96666666666667,0.5934110084371234
Skagit spring Chinook 2025 lower,2025-05-25,Bank,11.783333333333333,25.833333333333336,0.45612903225806445
Skagit spring Chinook 2025 lower,2025-05-25,Boat,14.05,25.833333333333336,0.5438709677419354
Skagit spring Chinook 2025 upper,2025-05-25,Bank,623.0333333333333,973.1666666666666,0.6402123651310155
Skagit spring Chinook 2025 upper,2025-05-25,Boat,350.1333333333333,973.1666666666666,0.3597876348689844
Skagit spring Chinook 2025 upper,2025-06-01,Bank,834.1333333333333,1142.65,0.729998978981607
Skagit spring Chinook 2025 upper,2025-06-01,Boat,308.51666666666665,1142.65,0.2700010210183929
Skagit spring Chinook 2025 upper,2025-06-08,Bank,361.6333333333333,495.4,0.7299825057192841
Skagit spring Chinook 2025 upper,2025-06-08,Boat,133.76666666666668,495.4,0.270017494280716
Skagit spring Chinook 2025 upper,2025-06-15,Bank,229.15,229.15,1
Skagit spring Chinook 2025 upper,2025-06-22,Bank,259.73333333333335,277.5,0.935975975975976
Skagit spring Chinook 2025 upper,2025-06-22,Boat,17.766666666666666,277.5,0.06402402402402402
Skagit spring Chinook 2025 upper,2025-06-29,Bank,90.01666666666667,103.21666666666667,0.872113676731794
Skagit spring Chinook 2025 upper,2025-06-29,Boat,13.2,103.21666666666667,0.12788632326820604
Skagit spring Chinook 2025 upper,2025-07-06,Bank,87.46666666666667,111.46666666666667,0.784688995215311
Skagit spring Chinook 2025 upper,2025-07-06,Boat,24,111.46666666666667,0.21531100478468898
Skagit spring Chinook 2025 upper,2025-07-13,Bank,27.883333333333333,27.883333333333333,1
Skagit spring Chinook 2026 lower,2026-04-19,Bank,281.96666666666664,642.1333333333333,0.43910921926910296
Skagit spring Chinook 2026 lower,2026-04-19,Boat,360.1666666666667,642.1333333333333,0.560890780730897
Skagit spring Chinook 2026 lower,2026-04-26,Bank,212.63333333333333,471.3833333333333,0.4510836898490259
Skagit spring Chinook 2026 lower,2026-04-26,Boat,258.75,471.3833333333333,0.5489163101509741
Skagit spring Chinook 2026 lower,2026-05-03,Bank,125.28333333333333,311.06666666666666,0.4027539648521217
Skagit spring Chinook 2026 lower,2026-05-03,Boat,185.78333333333333,311.06666666666666,0.5972460351478782
Skagit spring Chinook 2026 lower,2026-05-10,Bank,19.5,102.41666666666667,0.1903986981285598
Skagit spring Chinook 2026 lower,2026-05-10,Boat,82.91666666666667,102.41666666666667,0.8096013018714402
Skagit spring Chinook 2026 upper,2026-05-10,Bank,78.05,322.43333333333334,0.24206554326475757
Skagit spring Chinook 2026 upper,2026-05-10,Boat,244.38333333333333,322.43333333333334,0.7579344567352424
Skagit spring Chinook 2026 upper,2026-05-17,Bank,355.98333333333335,679.7333333333333,0.5237102785406041
Skagit spring Chinook 2026 upper,2026-05-17,Boat,323.75,679.7333333333333,0.47628972145939585
Skagit spring Chinook 2026 upper,2026-05-24,Bank,163.06666666666666,300.26666666666665,0.5430728241563055
Skagit spring Chinook 2026 upper,2026-05-24,Boat,137.2,300.26666666666665,0.45692717584369447
Skagit spring Chinook 2026 upper,2026-05-31,Bank,177.71666666666667,362.23333333333335,0.4906137848532253
Skagit spring Chinook 2026 upper,2026-05-31,Boat,184.51666666666665,362.23333333333335,0.5093862151467746
Skagit spring Chinook 2026 upper,2026-06-07,Bank,283.1166666666667,502.01666666666665,0.5639586999103616
Skagit spring Chinook 2026 upper,2026-06-07,Boat,218.9,502.01666666666665,0.4360413000896385
Skagit spring Chinook 2026 upper,2026-06-14,Bank,105.25,127.61666666666667,0.8247355361107482
Skagit spring Chinook 2026 upper,2026-06-14,Boat,22.366666666666667,127.61666666666667,0.17526446388925165
Skagit spring Chinook 2026 upper,2026-06-21,Bank,71.73333333333333,110.88333333333334,0.64692619870735
Skagit spring Chinook 2026 upper,2026-06-21,Boat,39.150000000000006,110.88333333333334,0.35307380129265
Skagit spring Chinook 2026 upper,2026-06-28,Bank,27.566666666666666,61.400000000000006,0.4489685124864278
Skagit spring Chinook 2026 upper,2026-06-28,Boat,33.833333333333336,61.400000000000006,0.5510314875135722
Skagit spring Chinook 2026 upper,2026-07-05,Bank,30.75,82.43333333333334,0.3730287100687424
Skagit spring Chinook 2026 upper,2026-07-05,Boat,51.68333333333334,82.43333333333334,0.6269712899312576
Skagit spring Chinook 2026 upper,2026-07-12,Bank,8.466666666666667,8.466666666666667,1
Skagit spring gamefish 2025,2025-04-20,Bank,1,9.733333333333333,0.10273972602739727
Skagit spring gamefish 2025,2025-04-20,Boat,8.733333333333333,9.733333333333333,0.8972602739726028
Skagit summer gamefish 2022,2022-07-10,Boat,12.366666666666667,12.366666666666667,1
Skagit summer gamefish 2022,2022-07-17,Bank,7.116666666666667,54.8,0.12986618004866182
Skagit summer gamefish 2022,2022-07-17,Boat,47.68333333333333,54.8,0.8701338199513382
Skagit summer gamefish 2022,2022-07-24,Bank,24.05,32.05,0.7503900156006241
Skagit summer gamefish 2022,2022-07-24,Boat,8,32.05,0.24960998439937598
Skagit summer gamefish 2022,2022-07-31,Bank,43.833333333333336,57.400000000000006,0.7636469221835075
Skagit summer gamefish 2022,2022-07-31,Boat,13.566666666666666,57.400000000000006,0.23635307781649242
Skagit summer gamefish 2022,2022-08-07,Bank,51.63333333333333,67.06666666666666,0.7698807157057654
Skagit summer gamefish 2022,2022-08-07,Boat,15.433333333333334,67.06666666666666,0.23011928429423462
Skagit summer gamefish 2022,2022-08-14,Bank,34.85,81.80000000000001,0.42603911980440096
Skagit summer gamefish 2022,2022-08-14,Boat,46.95,81.80000000000001,0.573960880195599
Skagit summer gamefish 2022,2022-08-21,Bank,8.3,53.18333333333334,0.15606392980256972
Skagit summer gamefish 2022,2022-08-21,Boat,44.88333333333333,53.18333333333334,0.8439360701974302
Skagit summer gamefish 2022,2022-08-28,Bank,9.433333333333334,15.433333333333334,0.6112311015118791
Skagit summer gamefish 2022,2022-08-28,Boat,6,15.433333333333334,0.38876889848812096
Skagit summer gamefish 2024,2024-08-18,Bank,10.983333333333333,10.983333333333333,1
Skagit summer gamefish 2024,2024-08-25,Bank,55.33333333333333,172.35,0.32105212261870225
Skagit summer gamefish 2024,2024-08-25,Boat,117.01666666666667,172.35,0.6789478773812978
Skagit summer sockeye 2022,2022-06-12,Bank,96.36666666666667,169.58333333333334,0.5682555282555283
Skagit summer sockeye 2022,2022-06-12,Boat,73.21666666666667,169.58333333333334,0.4317444717444717
Skagit summer sockeye 2022,2022-06-19,Bank,329.96666666666664,438.41666666666663,0.7526325793575366
Skagit summer sockeye 2022,2022-06-19,Boat,108.45,438.41666666666663,0.24736742064246345
Skagit summer sockeye 2022,2022-06-26,Bank,532.8,642.15,0.8297126839523475
Skagit summer sockeye 2022,2022-06-26,Boat,109.35,642.15,0.1702873160476524
Skagit summer sockeye 2022,2022-07-03,Bank,445.78333333333336,675.3333333333334,0.6600937808489635
Skagit summer sockeye 2022,2022-07-03,Boat,229.55,675.3333333333334,0.3399062191510365
Skagit summer sockeye 2022,2022-07-10,Bank,506.7166666666667,753.1,0.6728411454875404
Skagit summer sockeye 2022,2022-07-10,Boat,246.38333333333333,753.1,0.3271588545124596
Skagit summer sockeye 2022,2022-07-17,Bank,102.56666666666666,134.08333333333331,0.7649471721566191
Skagit summer sockeye 2022,2022-07-17,Boat,31.516666666666666,134.08333333333331,0.235052827843381
Skagit summer sockeye 2022,2022-07-24,Bank,186.63333333333333,235.5,0.7924982307147912
Skagit summer sockeye 2022,2022-07-24,Boat,48.86666666666667,235.5,0.20750176928520878
Skagit summer sockeye 2023,2023-06-11,Bank,50.5,50.5,1
Skagit summer sockeye 2023,2023-06-18,Bank,262.2166666666667,355.95000000000005,0.7366671348972234
Skagit summer sockeye 2023,2023-06-18,Boat,93.73333333333333,355.95000000000005,0.2633328651027766
Skagit summer sockeye 2023,2023-06-25,Bank,245.5,479.85,0.5116182140252162
Skagit summer sockeye 2023,2023-06-25,Boat,234.35,479.85,0.48838178597478377
Skagit summer sockeye 2023,2023-07-02,Bank,180.76666666666665,312.65,0.5781758089450397
Skagit summer sockeye 2023,2023-07-02,Boat,131.88333333333333,312.65,0.4218241910549603
Skagit summer sockeye 2023,2023-07-09,Bank,241.71666666666667,322.4,0.7497415219189413
Skagit summer sockeye 2023,2023-07-09,Boat,80.68333333333334,322.4,0.2502584780810588
Skagit summer sockeye 2024,2024-06-16,Bank,401.1333333333333,765.1,0.5242887639959918
Skagit summer sockeye 2024,2024-06-16,Boat,363.9666666666667,765.1,0.4757112360040082
Skagit summer sockeye 2024,2024-06-23,Bank,523.95,976.45,0.5365866147780225
Skagit summer sockeye 2024,2024-06-23,Boat,452.5,976.45,0.46341338522197756
Skagit summer sockeye 2024,2024-06-30,Bank,391.5833333333333,701.7,0.5580494988361597
Skagit summer sockeye 2024,2024-06-30,Boat,310.1166666666667,701.7,0.44195050116384016
Skagit summer sockeye 2024,2024-07-07,Bank,308.8666666666667,501.8833333333333,0.6154152691528576
Skagit summer sockeye 2024,2024-07-07,Boat,193.01666666666665,501.8833333333333,0.3845847308471424
Skagit summer sockeye 2024,2024-07-14,Bank,320.76666666666665,515.3666666666667,0.6224047603647888
Skagit summer sockeye 2024,2024-07-14,Boat,194.6,515.3666666666667,0.37759523963521113
Skagit summer sockeye 2024,2024-07-21,Bank,233.65,374.8,0.6233991462113126
Skagit summer sockeye 2024,2024-07-21,Boat,141.15,374.8,0.3766008537886873
Skagit summer sockeye 2024,2024-07-28,Bank,132.46666666666667,209.75,0.6315454906634883
Skagit summer sockeye 2024,2024-07-28,Boat,77.28333333333333,209.75,0.3684545093365117
Skagit summer sockeye 2025,2025-06-15,Bank,329.1333333333333,747.8333333333333,0.44011589034989973
Skagit summer sockeye 2025,2025-06-15,Boat,418.7,747.8333333333333,0.5598841096501004
Skagit summer sockeye 2025,2025-06-22,Bank,537.5666666666667,1083.3666666666668,0.4962001169194794
Skagit summer sockeye 2025,2025-06-22,Boat,545.8,1083.3666666666668,0.5037998830805205
Skagit summer sockeye 2025,2025-06-29,Bank,331.48333333333335,832.3333333333334,0.39825790949138967
Skagit summer sockeye 2025,2025-06-29,Boat,500.85,832.3333333333334,0.6017420905086104
Skagit summer sockeye 2025,2025-07-06,Bank,395.23333333333335,899.2833333333333,0.4394981188724355
Skagit summer sockeye 2025,2025-07-06,Boat,504.05,899.2833333333333,0.5605018811275646
Skagit summer sockeye 2025,2025-07-13,Bank,254.46666666666667,433.26666666666665,0.5873211263271273
Skagit summer sockeye 2025,2025-07-13,Boat,178.8,433.26666666666665,0.4126788736728728
Skagit summer sockeye 2025,2025-07-20,Bank,130.86666666666667,214.05,0.6113836331075294
Skagit summer sockeye 2025,2025-07-20,Boat,83.18333333333334,214.05,0.3886163668924706
Skagit summer sockeye 2025,2025-07-27,Bank,51.550000000000004,101.21666666666667,0.5093034743948626
Skagit summer sockeye 2025,2025-07-27,Boat,49.666666666666664,101.21666666666667,0.49069652560513743
Skagit summer sockeye 2026,2026-06-14,Bank,176.35,556.3333333333334,0.31698621929298976
Skagit summer sockeye 2026,2026-06-14,Boat,379.98333333333335,556.3333333333334,0.6830137807070101
Skagit summer sockeye 2026,2026-06-21,Bank,372.5833333333333,906.0999999999999,0.41119449656035023
Skagit summer sockeye 2026,2026-06-21,Boat,533.5166666666667,906.0999999999999,0.5888055034396498
Skagit summer sockeye 2026,2026-06-28,Bank,220.11666666666667,513.8166666666666,0.42839534204807167
Skagit summer sockeye 2026,2026-06-28,Boat,293.7,513.8166666666666,0.5716046579519284
Skagit summer sockeye 2026,2026-07-05,Bank,312.48333333333335,829.9333333333334,0.37651618603903925
Skagit summer sockeye 2026,2026-07-05,Boat,517.45,829.9333333333334,0.6234838139609608
Skagit summer sockeye 2026,2026-07-12,Bank,267.93333333333334,534.0333333333333,0.5017164970975595
Skagit summer sockeye 2026,2026-07-12,Boat,266.1,534.0333333333333,0.4982835029024406
Skagit summer sockeye 2026,2026-07-19,Bank,138.18333333333334,260.43333333333334,0.5305900422372968
Skagit summer sockeye 2026,2026-07-19,Boat,122.25,260.43333333333334,0.46940995776270317
Skagit summer sockeye 2026,2026-07-26,Bank,55.68333333333334,129.53333333333333,0.4298764796706125
Skagit summer sockeye 2026,2026-07-26,Boat,73.85,129.53333333333333,0.5701235203293875
Skagit winter gamefish 2021-22,2021-12-26,Bank,34.55,59.05,0.5850973751058425
Skagit winter gamefish 2021-22,2021-12-26,Boat,24.5,59.05,0.4149026248941575
Skagit winter gamefish 2021-22,2022-01-02,Bank,60.18333333333333,92.05,0.6538113344196994
Skagit winter gamefish 2021-22,2022-01-02,Boat,31.866666666666664,92.05,0.34618866558030054
Skagit winter gamefish 2021-22,2022-01-09,Bank,90.6,115.89999999999999,0.7817083692838654
Skagit winter gamefish 2021-22,2022-01-09,Boat,25.299999999999997,115.89999999999999,0.21829163071613458
Skagit winter gamefish 2021-22,2022-01-16,Bank,164.81666666666666,250.55,0.6578194638462049
Skagit winter gamefish 2021-22,2022-01-16,Boat,85.73333333333333,250.55,0.34218053615379496
Skagit winter gamefish 2021-22,2022-01-23,Bank,223.20000000000002,482.65,0.46244690769708907
Skagit winter gamefish 2021-22,2022-01-23,Boat,259.45,482.65,0.537553092302911
Skagit winter gamefish 2021-22,2022-01-30,Bank,104.56666666666666,181.63333333333333,0.5757019636630575
Skagit winter gamefish 2021-22,2022-01-30,Boat,77.06666666666666,181.63333333333333,0.4242980363369426
Skagit winter gamefish 2022-23,2022-11-27,Bank,1,1,1
Skagit winter gamefish 2022-23,2022-12-04,Bank,15.733333333333333,19.733333333333334,0.7972972972972973
Skagit winter gamefish 2022-23,2022-12-04,Boat,4,19.733333333333334,0.2027027027027027
Skagit winter gamefish 2022-23,2022-12-11,Bank,22.46666666666667,50.13333333333333,0.44813829787234044
Skagit winter gamefish 2022-23,2022-12-11,Boat,27.666666666666664,50.13333333333333,0.5518617021276595
Skagit winter gamefish 2022-23,2022-12-25,Bank,9.566666666666666,25.2,0.37962962962962965
Skagit winter gamefish 2022-23,2022-12-25,Boat,15.633333333333333,25.2,0.6203703703703703
Skagit winter gamefish 2022-23,2023-01-01,Bank,26.233333333333334,83.86666666666667,0.3127980922098569
Skagit winter gamefish 2022-23,2023-01-01,Boat,57.63333333333333,83.86666666666667,0.687201907790143
Skagit winter gamefish 2022-23,2023-01-08,Bank,137.81666666666666,281.6,0.48940577651515144
Skagit winter gamefish 2022-23,2023-01-08,Boat,143.78333333333333,281.6,0.5105942234848484
Skagit winter gamefish 2022-23,2023-01-15,Bank,200.71666666666667,350.1333333333333,0.5732578065498858
Skagit winter gamefish 2022-23,2023-01-15,Boat,149.41666666666666,350.1333333333333,0.4267421934501142
Skagit winter gamefish 2022-23,2023-01-22,Bank,349.6666666666667,551.8333333333334,0.6336454243430988
Skagit winter gamefish 2022-23,2023-01-22,Boat,202.16666666666666,551.8333333333334,0.3663545756569012
Skagit winter gamefish 2022-23,2023-01-29,Bank,406.65,598.6833333333333,0.6792405556638178
Skagit winter gamefish 2022-23,2023-01-29,Boat,192.03333333333333,598.6833333333333,0.3207594443361822
Skagit winter gamefish 2024,2023-12-31,Bank,68.56666666666666,86.38333333333333,0.793748794134671
Skagit winter gamefish 2024,2023-12-31,Boat,17.816666666666666,86.38333333333333,0.20625120586532897
Skagit winter gamefish 2024,2024-01-07,Bank,23.65,23.65,1
Skagit winter gamefish 2024,2024-01-14,Bank,74.2,74.2,1
Skagit winter gamefish 2024,2024-01-21,Bank,81.35,195.35,0.4164320450473509
Skagit winter gamefish 2024,2024-01-21,Boat,114,195.35,0.5835679549526491
Skagit winter gamefish 2024,2024-01-28,Bank,27.083333333333336,33,0.8207070707070708
Skagit winter gamefish 2024,2024-01-28,Boat,5.916666666666667,33,0.1792929292929293
Skagit winter gamefish 2025,2024-12-29,Bank,30.166666666666668,57.733333333333334,0.5225173210161663
Skagit winter gamefish 2025,2024-12-29,Boat,27.566666666666666,57.733333333333334,0.47748267898383373
Skagit winter gamefish 2025,2025-01-05,Bank,153.48333333333332,198.95,0.7714668677222082
Skagit winter gamefish 2025,2025-01-05,Boat,45.46666666666667,198.95,0.22853313227779176
Skagit winter gamefish 2025,2025-01-12,Bank,130.5,310.25,0.42062852538275586
Skagit winter gamefish 2025,2025-01-12,Boat,179.75,310.25,0.5793714746172441
Skagit winter gamefish 2025,2025-01-19,Bank,60.583333333333336,81.51666666666667,0.7432017992230628
Skagit winter gamefish 2025,2025-01-19,Boat,20.933333333333334,81.51666666666667,0.2567982007769372
Skagit winter gamefish 2025,2025-01-26,Bank,54.21666666666667,77.08333333333334,0.7033513513513513
Skagit winter gamefish 2025,2025-01-26,Boat,22.866666666666667,77.08333333333334,0.2966486486486486
Skagit winter steelhead 2021,2021-01-31,Bank,179.9,423.8833333333333,0.42440923210002757
Skagit winter steelhead 2021,2021-01-31,Boat,243.98333333333332,423.8833333333333,0.5755907678999724
Skagit winter steelhead 2021,2021-02-07,Bank,183.91666666666666,500.01666666666665,0.3678210726309123
Skagit winter steelhead 2021,2021-02-07,Boat,316.1,500.01666666666665,0.6321789273690878
Skagit winter steelhead 2021,2021-02-14,Bank,284.7166666666667,872.8333333333334,0.32619820507924385
Skagit winter steelhead 2021,2021-02-14,Boat,588.1166666666667,872.8333333333334,0.6738017949207561
Skagit winter steelhead 2021,2021-02-21,Bank,350.73333333333335,1092.2333333333333,0.3211157567064425
Skagit winter steelhead 2021,2021-02-21,Boat,741.5,1092.2333333333333,0.6788842432935576
Skagit winter steelhead 2021,2021-02-28,Bank,505.96666666666664,1756.55,0.28804569563443494
Skagit winter steelhead 2021,2021-02-28,Boat,1250.5833333333333,1756.55,0.7119543043655651
Skagit winter steelhead 2021,2021-03-07,Bank,595.9333333333333,2011,0.29633681418862917
Skagit winter steelhead 2021,2021-03-07,Boat,1415.0666666666666,2011,0.7036631858113708
Skagit winter steelhead 2021,2021-03-14,Bank,445.3333333333333,2030.2833333333333,0.2193454115599629
Skagit winter steelhead 2021,2021-03-14,Boat,1584.95,2030.2833333333333,0.7806545884400371
Skagit winter steelhead 2021,2021-03-21,Bank,480.31666666666666,2196.5833333333335,0.21866535149284871
Skagit winter steelhead 2021,2021-03-21,Boat,1716.2666666666667,2196.5833333333335,0.7813346485071512
Skagit winter steelhead 2021,2021-03-28,Bank,466.23333333333335,2515.133333333333,0.18537121955098473
Skagit winter steelhead 2021,2021-03-28,Boat,2048.9,2515.133333333333,0.8146287804490153
Skagit winter steelhead 2021,2021-04-04,Bank,433.53333333333336,2260.766666666667,0.1917638559190835
Skagit winter steelhead 2021,2021-04-04,Boat,1827.2333333333333,2260.766666666667,0.8082361440809165
Skagit winter steelhead 2021,2021-04-11,Bank,257.65,1498.7333333333331,0.1719118366620702
Skagit winter steelhead 2021,2021-04-11,Boat,1241.0833333333333,1498.7333333333331,0.8280881633379299
Skagit winter steelhead 2023,2023-03-19,Bank,297.43333333333334,756.7,0.3930663847407603
Skagit winter steelhead 2023,2023-03-19,Boat,459.26666666666665,756.7,0.6069336152592396
Skagit winter steelhead 2023,2023-03-26,Bank,559.4666666666667,1596.3500000000001,0.35046616761153043
Skagit winter steelhead 2023,2023-03-26,Boat,1036.8833333333334,1596.3500000000001,0.6495338323884695
Skagit winter steelhead 2023,2023-04-02,Bank,1175.4,2508.75,0.46852017937219737
Skagit winter steelhead 2023,2023-04-02,Boat,1333.35,2508.75,0.5314798206278026
Skagit winter steelhead 2023,2023-04-09,Bank,545.4833333333333,1159.6666666666665,0.47037941937338323
Skagit winter steelhead 2023,2023-04-09,Boat,614.1833333333333,1159.6666666666665,0.5296205806266169
Skagit winter steelhead 2023,2023-04-16,Bank,373.26666666666665,605.5333333333333,0.6164262908730596
Skagit winter steelhead 2023,2023-04-16,Boat,232.26666666666665,605.5333333333333,0.38357370912694044
Skagit winter steelhead 2023,2023-04-23,Bank,591.6166666666667,1192.0666666666666,0.496294949946871
Skagit winter steelhead 2023,2023-04-23,Boat,600.45,1192.0666666666666,0.503705050053129
Skagit winter steelhead 2023,2023-04-30,Bank,135.58333333333334,196.68333333333334,0.6893483603084485
Skagit winter steelhead 2023,2023-04-30,Boat,61.099999999999994,196.68333333333334,0.3106516396915515
Skagit winter steelhead 2024,2024-01-28,Bank,85.61666666666667,97.75,0.8758738277919864
Skagit winter steelhead 2024,2024-01-28,Boat,12.133333333333333,97.75,0.12412617220801364
Skagit winter steelhead 2024,2024-02-04,Bank,251.8,655.7,0.3840170809821565
Skagit winter steelhead 2024,2024-02-04,Boat,403.9,655.7,0.6159829190178434
Skagit winter steelhead 2024,2024-02-11,Bank,414.3833333333333,1035.6999999999998,0.4000997714911011
Skagit winter steelhead 2024,2024-02-11,Boat,621.3166666666666,1035.6999999999998,0.599900228508899
Skagit winter steelhead 2024,2024-02-18,Bank,466.51666666666665,927.8499999999999,0.5027931957392539
Skagit winter steelhead 2024,2024-02-18,Boat,461.3333333333333,927.8499999999999,0.4972068042607462
Skagit winter steelhead 2024,2024-02-25,Bank,430.3,824.4333333333334,0.5219342578740953
Skagit winter steelhead 2024,2024-02-25,Boat,394.1333333333333,824.4333333333334,0.47806574212590464
Skagit winter steelhead 2024,2024-03-03,Bank,307.2,1022.5333333333333,0.30043030382057634
Skagit winter steelhead 2024,2024-03-03,Boat,715.3333333333334,1022.5333333333333,0.6995696961794237
Skagit winter steelhead 2024,2024-03-10,Bank,675.45,1762.8500000000001,0.38315795444876194
Skagit winter steelhead 2024,2024-03-10,Boat,1087.4,1762.8500000000001,0.616842045551238
Skagit winter steelhead 2024,2024-03-17,Bank,573.45,1449.8833333333332,0.395514581633005
Skagit winter steelhead 2024,2024-03-17,Boat,876.4333333333333,1449.8833333333332,0.6044854183669951
Skagit winter steelhead 2024,2024-03-24,Bank,585,1649.9,0.3545669434511182
Skagit winter steelhead 2024,2024-03-24,Boat,1064.9,1649.9,0.6454330565488817
Skagit winter steelhead 2024,2024-03-31,Bank,575.8666666666667,1578.85,0.36473804773516594
Skagit winter steelhead 2024,2024-03-31,Boat,1002.9833333333333,1578.85,0.6352619522648342
Skagit winter steelhead 2024,2024-04-07,Bank,718.4,1692.1999999999998,0.4245361068431628
Skagit winter steelhead 2024,2024-04-07,Boat,973.8,1692.1999999999998,0.5754638931568373
Skagit winter steelhead 2024,2024-04-14,Bank,575.3833333333333,1326.3333333333335,0.43381502890173407
Skagit winter steelhead 2024,2024-04-14,Boat,750.95,1326.3333333333335,0.5661849710982658
Skagit winter steelhead 2025,2025-01-26,Bank,74.25,113.36666666666667,0.6549544251690679
Skagit winter steelhead 2025,2025-01-26,Boat,39.11666666666667,113.36666666666667,0.34504557483093207
Skagit winter steelhead 2025,2025-02-02,Bank,147.68333333333334,373.95000000000005,0.39492802068012656
Skagit winter steelhead 2025,2025-02-02,Boat,226.26666666666668,373.95000000000005,0.6050719793198733
Skagit winter steelhead 2025,2025-02-09,Bank,301.1666666666667,493.3166666666667,0.610493597756681
Skagit winter steelhead 2025,2025-02-09,Boat,192.15,493.3166666666667,0.389506402243319
Skagit winter steelhead 2025,2025-02-16,Bank,327.5,686.3666666666667,0.4771502112573454
Skagit winter steelhead 2025,2025-02-16,Boat,358.8666666666667,686.3666666666667,0.5228497887426545
Skagit winter steelhead 2025,2025-02-23,Bank,251.9,658.1166666666667,0.3827588826702459
Skagit winter steelhead 2025,2025-02-23,Boat,406.21666666666664,658.1166666666667,0.6172411173297541
Skagit winter steelhead 2025,2025-03-02,Bank,592.7,1503.2166666666667,0.3942878050403025
Skagit winter steelhead 2025,2025-03-02,Boat,910.5166666666667,1503.2166666666667,0.6057121949596975
Skagit winter steelhead 2025,2025-03-09,Bank,836.5333333333333,1923.95,0.4347999341632232
Skagit winter steelhead 2025,2025-03-09,Boat,1087.4166666666667,1923.95,0.5652000658367768
Skagit winter steelhead 2025,2025-03-16,Bank,734.45,1764.7166666666667,0.41618578997572797
Skagit winter steelhead 2025,2025-03-16,Boat,1030.2666666666667,1764.7166666666667,0.583814210024272
Skagit winter steelhead 2025,2025-03-23,Bank,443.6166666666667,737.7,0.6013510460440107
Skagit winter steelhead 2025,2025-03-23,Boat,294.0833333333333,737.7,0.39864895395598926
Skagit winter steelhead 2025,2025-03-30,Bank,737.2333333333333,1575.4,0.46796580762557655
Skagit winter steelhead 2025,2025-03-30,Boat,838.1666666666666,1575.4,0.5320341923744234
Skagit winter steelhead 2025,2025-04-06,Bank,610.9,1492,0.40945040214477213
Skagit winter steelhead 2025,2025-04-06,Boat,881.1,1492,0.5905495978552279
Skookumchuck winter steelhead 2024-25,2024-12-01,Bank,24.4,24.4,1
Skookumchuck winter steelhead 2024-25,2024-12-08,Bank,56.93333333333333,56.93333333333333,1
Skookumchuck winter steelhead 2024-25,2024-12-15,Bank,100.83333333333333,100.83333333333333,1
Skookumchuck winter steelhead 2024-25,2024-12-22,Bank,171.58333333333334,171.58333333333334,1
Skookumchuck winter steelhead 2024-25,2024-12-29,Bank,315.05,315.05,1
Skookumchuck winter steelhead 2024-25,2025-01-05,Bank,292.56666666666666,292.56666666666666,1
Skookumchuck winter steelhead 2024-25,2025-01-12,Bank,292.75,303.4166666666667,0.964844822850865
Skookumchuck winter steelhead 2024-25,2025-01-12,Boat,10.666666666666666,303.4166666666667,0.035155177149134846
Skookumchuck winter steelhead 2024-25,2025-01-19,Bank,291.6,291.6,1
Skookumchuck winter steelhead 2024-25,2025-01-26,Bank,106.61666666666666,106.61666666666666,1
Skookumchuck winter steelhead 2024-25,2025-02-02,Bank,85.88333333333334,85.88333333333334,1
Skookumchuck winter steelhead 2024-25,2025-02-09,Bank,96,96,1
Skookumchuck winter steelhead 2024-25,2025-02-16,Bank,253.05,253.05,1
Skookumchuck winter steelhead 2024-25,2025-02-23,Bank,160.81666666666666,160.81666666666666,1
Skookumchuck winter steelhead 2025-26,2025-11-30,Bank,17.6,17.6,1
Skookumchuck winter steelhead 2025-26,2025-12-07,Bank,3.1333333333333333,3.1333333333333333,1
Skookumchuck winter steelhead 2025-26,2025-12-14,Bank,27.316666666666666,27.316666666666666,1
Skookumchuck winter steelhead 2025-26,2025-12-21,Bank,75.01666666666667,75.01666666666667,1
Skookumchuck winter steelhead 2025-26,2025-12-28,Bank,66.41666666666667,66.41666666666667,1
Skookumchuck winter steelhead 2025-26,2026-01-04,Bank,43.88333333333333,43.88333333333333,1
Skookumchuck winter steelhead 2025-26,2026-01-11,Bank,143.15,143.15,1
Skookumchuck winter steelhead 2025-26,2026-01-18,Bank,265.5,265.5,1
Skookumchuck winter steelhead 2025-26,2026-01-25,Bank,80.6,80.6,1
Skookumchuck winter steelhead 2025-26,2026-02-01,Bank,311.4166666666667,311.4166666666667,1
Skookumchuck winter steelhead 2025-26,2026-02-08,Bank,114.85,114.85,1
Skookumchuck winter steelhead 2025-26,2026-02-15,Bank,50.25,50.25,1
Skykomish summer Chinook 2020,2020-05-24,Bank,51.416666666666664,282.3833333333333,0.18208109543764386
Skykomish summer Chinook 2020,2020-05-24,Boat,230.96666666666667,282.3833333333333,0.8179189045623562
Skykomish summer Chinook 2020,2020-05-31,Bank,49.416666666666664,808.25,0.061140323744715945
Skykomish summer Chinook 2020,2020-05-31,Boat,758.8333333333334,808.25,0.9388596762552841
Skykomish summer Chinook 2020,2020-06-07,Bank,89.65,641.6666666666666,0.13971428571428574
Skykomish summer Chinook 2020,2020-06-07,Boat,552.0166666666667,641.6666666666666,0.8602857142857143
Skykomish summer Chinook 2020,2020-06-14,Bank,76.66666666666667,972.2333333333333,0.07885624164295266
Skykomish summer Chinook 2020,2020-06-14,Boat,895.5666666666667,972.2333333333333,0.9211437583570474
Skykomish summer Chinook 2020,2020-06-21,Bank,118.56666666666666,880.6333333333334,0.13463794996025585
Skykomish summer Chinook 2020,2020-06-21,Boat,762.0666666666667,880.6333333333334,0.8653620500397441
Skykomish summer Chinook 2020,2020-06-28,Bank,94.66666666666667,542.6666666666666,0.17444717444717447
Skykomish summer Chinook 2020,2020-06-28,Boat,448,542.6666666666666,0.8255528255528256
Skykomish summer Chinook 2020,2020-07-05,Bank,16.75,349.1666666666667,0.047971360381861575
Skykomish summer Chinook 2020,2020-07-05,Boat,332.4166666666667,349.1666666666667,0.9520286396181384
Skykomish summer Chinook 2020,2020-07-12,Bank,100.26666666666667,373.09999999999997,0.2687393906906102
Skykomish summer Chinook 2020,2020-07-12,Boat,272.8333333333333,373.09999999999997,0.7312606093093899
Skykomish summer Chinook 2020,2020-07-19,Bank,82.66666666666667,194.91666666666669,0.4241128687473279
Skykomish summer Chinook 2020,2020-07-19,Boat,112.25,194.91666666666669,0.575887131252672
Skykomish summer Chinook 2021,2021-05-23,Bank,13,307.0833333333333,0.04233378561736771
Skykomish summer Chinook 2021,2021-05-23,Boat,294.0833333333333,307.0833333333333,0.9576662143826323
Skykomish summer Chinook 2021,2021-05-30,Bank,77.98333333333333,335.8833333333333,0.23217386989530095
Skykomish summer Chinook 2021,2021-05-30,Boat,257.9,335.8833333333333,0.767826130104699
Skykomish summer Chinook 2021,2021-06-06,Bank,63,1095.9166666666667,0.05748612272830963
Skykomish summer Chinook 2021,2021-06-06,Boat,1032.9166666666667,1095.9166666666667,0.9425138772716903
Skykomish summer Chinook 2021,2021-06-13,Bank,216.18333333333334,996.8,0.21687734082397006
Skykomish summer Chinook 2021,2021-06-13,Boat,780.6166666666667,996.8,0.78312265917603
Skykomish summer Chinook 2021,2021-06-20,Bank,31.25,501.48333333333335,0.062315131775731995
Skykomish summer Chinook 2021,2021-06-20,Boat,470.23333333333335,501.48333333333335,0.937684868224268
Skykomish summer Chinook 2021,2021-06-27,Bank,165.65,759.15,0.21820457090166634
Skykomish summer Chinook 2021,2021-06-27,Boat,593.5,759.15,0.7817954290983337
Skykomish summer Chinook 2021,2021-07-04,Bank,127.56666666666666,586.0666666666666,0.2176657945626209
Skykomish summer Chinook 2021,2021-07-04,Boat,458.5,586.0666666666666,0.7823342054373792
Skykomish summer Chinook 2021,2021-07-11,Bank,66.28333333333333,465.85,0.1422847125326464
Skykomish summer Chinook 2021,2021-07-11,Boat,399.56666666666666,465.85,0.8577152874673535
Skykomish summer Chinook 2021,2021-07-18,Bank,39.46666666666667,162.10000000000002,0.24347110836931932
Skykomish summer Chinook 2021,2021-07-18,Boat,122.63333333333334,162.10000000000002,0.7565288916306806
Skykomish summer Chinook 2023,2023-05-21,Bank,116.55,593.4,0.19641051567239637
Skykomish summer Chinook 2023,2023-05-21,Boat,476.85,593.4,0.8035894843276037
Skykomish summer Chinook 2023,2023-05-28,Bank,161.7,901.6500000000001,0.17933788055232072
Skykomish summer Chinook 2023,2023-05-28,Boat,739.95,901.6500000000001,0.8206621194476792
Skykomish summer Chinook and gamefish 2022,2022-05-22,Bank,56.2,179.96666666666667,0.31228005186145585
Skykomish summer Chinook and gamefish 2022,2022-05-22,Boat,123.76666666666667,179.96666666666667,0.6877199481385442
Skykomish summer Chinook and gamefish 2022,2022-05-29,Bank,153.41666666666666,453.6333333333333,0.33819531192593133
Skykomish summer Chinook and gamefish 2022,2022-05-29,Boat,300.2166666666667,453.6333333333333,0.6618046880740687
Skykomish summer Chinook and gamefish 2022,2022-06-05,Bank,208.56666666666666,413.48333333333335,0.5044137208271192
Skykomish summer Chinook and gamefish 2022,2022-06-05,Boat,204.91666666666666,413.48333333333335,0.4955862791728808
Skykomish summer Chinook and gamefish 2022,2022-06-12,Bank,295.3666666666667,881.2666666666667,0.3351615099478024
Skykomish summer Chinook and gamefish 2022,2022-06-12,Boat,585.9,881.2666666666667,0.6648384900521975
Skykomish summer Chinook and gamefish 2022,2022-06-19,Bank,297.73333333333335,1070.9166666666665,0.2780172749202397
Skykomish summer Chinook and gamefish 2022,2022-06-19,Boat,773.1833333333333,1070.9166666666665,0.7219827250797604
Skykomish summer Chinook and gamefish 2022,2022-06-26,Bank,324.43333333333334,1056.3,0.30714127930827734
Skykomish summer Chinook and gamefish 2022,2022-06-26,Boat,731.8666666666667,1056.3,0.6928587206917227
Skykomish summer Chinook and gamefish 2022,2022-07-03,Bank,258.75,727.45,0.35569454945357065
Skykomish summer Chinook and gamefish 2022,2022-07-03,Boat,468.7,727.45,0.6443054505464293
Skykomish summer Chinook and gamefish 2022,2022-07-10,Bank,308.96666666666664,626.9833333333333,0.49278290225683824
Skykomish summer Chinook and gamefish 2022,2022-07-10,Boat,318.01666666666665,626.9833333333333,0.5072170977431617
Skykomish summer Chinook and gamefish 2022,2022-07-17,Bank,405.3,669.7833333333333,0.6051210590489462
Skykomish summer Chinook and gamefish 2022,2022-07-17,Boat,264.48333333333335,669.7833333333333,0.39487894095105386
Skykomish summer Chinook and gamefish 2022,2022-07-24,Bank,206.31666666666666,338.33333333333337,0.6098029556650245
Skykomish summer Chinook and gamefish 2022,2022-07-24,Boat,132.01666666666668,338.33333333333337,0.3901970443349754
Skykomish summer Chinook and gamefish 2022,2022-07-31,Bank,68.73333333333333,96.56666666666666,0.7117707973765965
Skykomish summer Chinook and gamefish 2022,2022-07-31,Boat,27.833333333333332,96.56666666666666,0.2882292026234035
Skykomish summer Chinook and gamefish 2022,2022-08-07,Bank,5.483333333333333,5.483333333333333,1
Skykomish summer Chinook and gamefish 2022,2022-08-14,Bank,6.216666666666667,6.216666666666667,1
Skykomish summer Chinook and gamefish 2022,2022-08-21,Bank,24.75,24.75,1
Skykomish summer Chinook and gamefish 2022,2022-08-28,Bank,0.5166666666666667,0.5166666666666667,1
Skykomish summer Chinook and gamefish 2025,2025-06-08,Bank,343.25,796.0166666666667,0.43120956428885493
Skykomish summer Chinook and gamefish 2025,2025-06-08,Boat,452.76666666666665,796.0166666666667,0.5687904357111451
Skykomish summer Chinook and gamefish 2025,2025-06-15,Bank,174.56666666666666,420,0.41563492063492063
Skykomish summer Chinook and gamefish 2025,2025-06-15,Boat,245.43333333333334,420,0.5843650793650794
Skykomish summer Chinook and gamefish 2025,2025-06-22,Bank,209.51666666666665,524.7833333333333,0.3992441324991266
Skykomish summer Chinook and gamefish 2025,2025-06-22,Boat,315.26666666666665,524.7833333333333,0.6007558675008734
Skykomish summer Chinook and gamefish 2025,2025-06-29,Bank,86.3,264.46666666666664,0.326317116208722
Skykomish summer Chinook and gamefish 2025,2025-06-29,Boat,178.16666666666666,264.46666666666664,0.673682883791278
Skykomish summer Chinook and gamefish 2025,2025-07-06,Bank,97.13333333333334,142.45,0.6818766818766819
Skykomish summer Chinook and gamefish 2025,2025-07-06,Boat,45.31666666666666,142.45,0.3181233181233181
Skykomish summer gamefish 2023,2023-05-21,Bank,79.41666666666667,79.41666666666667,1
Skykomish summer gamefish 2023,2023-05-28,Bank,197.56666666666666,197.56666666666666,1
Skykomish summer gamefish 2023,2023-06-04,Bank,174.11666666666667,174.11666666666667,1
Skykomish summer gamefish 2023,2023-06-11,Bank,88.11666666666666,88.11666666666666,1
Skykomish summer gamefish 2023,2023-06-18,Bank,164.8,164.8,1
Skykomish summer gamefish 2023,2023-06-25,Bank,67.68333333333334,67.68333333333334,1
Skykomish summer gamefish 2023,2023-07-02,Bank,78.06666666666666,78.06666666666666,1
Skykomish summer gamefish 2023,2023-07-09,Bank,77.26666666666667,77.26666666666667,1
Skykomish summer gamefish 2023,2023-07-16,Bank,117.41666666666666,117.41666666666666,1
Skykomish summer gamefish 2023,2023-07-23,Bank,63.699999999999996,63.699999999999996,1
Skykomish summer gamefish 2023,2023-07-30,Bank,41.8,41.8,1
Skykomish summer steelhead 2024,2024-06-09,Bank,86.86666666666667,86.86666666666667,1
Skykomish summer steelhead 2024,2024-06-16,Bank,202.51666666666668,202.51666666666668,1
Skykomish summer steelhead 2024,2024-06-23,Bank,284.25,284.25,1
Skykomish summer steelhead 2024,2024-06-30,Bank,210.13333333333333,210.13333333333333,1
Skykomish summer steelhead 2024,2024-07-07,Bank,113.85,113.85,1
Skykomish winter gamefish 2021-22,2021-11-28,Bank,37.78333333333333,37.78333333333333,1
Skykomish winter gamefish 2021-22,2021-12-05,Bank,164.36666666666667,164.36666666666667,1
Skykomish winter gamefish 2021-22,2021-12-12,Bank,226.56666666666666,226.56666666666666,1
Skykomish winter gamefish 2021-22,2021-12-19,Bank,207.15,207.15,1
Skykomish winter gamefish 2021-22,2021-12-26,Bank,14.083333333333332,14.083333333333332,1
Skykomish winter gamefish 2021-22,2022-01-02,Bank,73.33333333333333,73.33333333333333,1
Skykomish winter gamefish 2021-22,2022-01-09,Bank,282.15,292.7833333333333,0.9636819035691923
Skykomish winter gamefish 2021-22,2022-01-09,Boat,10.633333333333333,292.7833333333333,0.036318096430807766
Skykomish winter gamefish 2021-22,2022-01-16,Bank,153.63333333333333,153.63333333333333,1
Skykomish winter gamefish 2021-22,2022-01-23,Bank,163.75,178.11666666666667,0.9193412557312622
Skykomish winter gamefish 2021-22,2022-01-23,Boat,14.366666666666667,178.11666666666667,0.08065874426873772
Skykomish winter gamefish 2021-22,2022-01-30,Bank,92.08333333333333,92.08333333333333,1
Skykomish winter gamefish 2021-22,2022-02-06,Bank,112.03333333333333,112.03333333333333,1
Skykomish winter gamefish 2021-22,2022-02-13,Bank,21.933333333333334,21.933333333333334,1
Skykomish winter gamefish 2022-23,2022-10-02,Bank,44.35,44.35,1
Skykomish winter gamefish 2022-23,2022-10-09,Bank,51.65,57.38333333333333,0.9000871333139704
Skykomish winter gamefish 2022-23,2022-10-09,Boat,5.733333333333333,57.38333333333333,0.09991286668602962
Skykomish winter gamefish 2022-23,2022-10-16,Bank,62.81666666666666,62.81666666666666,1
Skykomish winter gamefish 2022-23,2022-10-23,Bank,31.65,41.599999999999994,0.7608173076923077
Skykomish winter gamefish 2022-23,2022-10-23,Boat,9.95,41.599999999999994,0.23918269230769232
Skykomish winter gamefish 2022-23,2022-10-30,Bank,106.66666666666667,332.6,0.32070555221487274
Skykomish winter gamefish 2022-23,2022-10-30,Boat,225.93333333333334,332.6,0.6792944477851273
Skykomish winter gamefish 2022-23,2022-11-06,Bank,3.0166666666666666,15.383333333333333,0.19609967497291442
Skykomish winter gamefish 2022-23,2022-11-06,Boat,12.366666666666667,15.383333333333333,0.8039003250270856
Skykomish winter gamefish 2022-23,2022-11-13,Bank,46.33333333333333,61.91666666666666,0.7483176312247645
Skykomish winter gamefish 2022-23,2022-11-13,Boat,15.583333333333332,61.91666666666666,0.25168236877523553
Skykomish winter gamefish 2022-23,2022-11-27,Bank,25.516666666666666,25.516666666666666,1
Skykomish winter gamefish 2022-23,2022-12-04,Bank,20.116666666666667,29.116666666666667,0.6908986834573555
Skykomish winter gamefish 2022-23,2022-12-04,Boat,9,29.116666666666667,0.30910131654264456
Skykomish winter gamefish 2022-23,2022-12-11,Bank,116.28333333333333,116.28333333333333,1
Skykomish winter gamefish 2022-23,2022-12-25,Bank,58.31666666666667,58.31666666666667,1
Skykomish winter gamefish 2022-23,2023-01-01,Bank,122,141.1,0.8646350106307583
Skykomish winter gamefish 2022-23,2023-01-01,Boat,19.1,141.1,0.13536498936924168
Skykomish winter gamefish 2022-23,2023-01-08,Bank,121.15,121.15,1
Skykomish winter gamefish 2022-23,2023-01-15,Bank,56,56,1
Skykomish winter gamefish 2022-23,2023-01-22,Bank,45.35,65.1,0.696620583717358
Skykomish winter gamefish 2022-23,2023-01-22,Boat,19.75,65.1,0.3033794162826421
Skykomish winter gamefish 2022-23,2023-01-29,Bank,55.916666666666664,55.916666666666664,1
Skykomish winter gamefish 2022-23,2023-02-05,Bank,73.45,87.11666666666667,0.8431222498565142
Skykomish winter gamefish 2022-23,2023-02-05,Boat,13.666666666666666,87.11666666666667,0.15687775014348573
Skykomish winter gamefish 2022-23,2023-02-12,Bank,49.266666666666666,49.266666666666666,1
Snohomish fall salmon 2021,2021-08-22,Bank,286.03333333333336,707.0833333333334,0.40452563347083087
Snohomish fall salmon 2021,2021-08-22,Boat,421.05,707.0833333333334,0.5954743665291691
Snohomish fall salmon 2021,2021-08-29,Bank,270.5,1515.75,0.17845950849414483
Snohomish fall salmon 2021,2021-08-29,Boat,1245.25,1515.75,0.8215404915058552
Snohomish fall salmon 2021,2021-09-05,Bank,273.2,1679.8166666666668,0.16263679568206846
Snohomish fall salmon 2021,2021-09-05,Boat,1406.6166666666668,1679.8166666666668,0.8373632043179315
Snohomish fall salmon 2021,2021-09-12,Bank,588.65,1315.9333333333334,0.44732509245655805
Snohomish fall salmon 2021,2021-09-12,Boat,727.2833333333333,1315.9333333333334,0.5526749075434418
Snohomish fall salmon 2021,2021-09-19,Bank,518.25,1350.45,0.38376096856603353
Snohomish fall salmon 2021,2021-09-19,Boat,832.2,1350.45,0.6162390314339665
Snohomish fall salmon 2021,2021-09-26,Bank,209.55,619.9666666666667,0.3380020431205979
Snohomish fall salmon 2021,2021-09-26,Boat,410.4166666666667,619.9666666666667,0.6619979568794021
Snohomish fall salmon 2021,2021-10-03,Bank,94.35,324.6,0.2906654343807763
Snohomish fall salmon 2021,2021-10-03,Boat,230.25,324.6,0.7093345656192236
Snohomish fall salmon 2021,2021-10-10,Bank,11.883333333333333,27.35,0.43449116392443626
Snohomish fall salmon 2021,2021-10-10,Boat,15.466666666666667,27.35,0.5655088360755637
Snohomish fall salmon 2022,2022-10-30,Bank,34.86666666666667,104.5,0.33365231259968103
Snohomish fall salmon 2022,2022-10-30,Boat,69.63333333333334,104.5,0.666347687400319
Snohomish fall salmon 2022,2022-11-06,Bank,33.3,120.41666666666667,0.2765397923875432
Snohomish fall salmon 2022,2022-11-06,Boat,87.11666666666667,120.41666666666667,0.7234602076124568
Snohomish fall salmon 2022,2022-11-13,Bank,8.9,13.683333333333334,0.6504263093788063
Snohomish fall salmon 2022,2022-11-13,Boat,4.783333333333333,13.683333333333334,0.34957369062119364
Snohomish fall salmon 2023,2023-08-27,Bank,486.68333333333334,2776.6666666666665,0.17527611044417768
Snohomish fall salmon 2023,2023-08-27,Boat,2289.983333333333,2776.6666666666665,0.8247238895558223
Snohomish fall salmon 2023,2023-09-03,Bank,799.45,3991.166666666667,0.2003048398546791
Snohomish fall salmon 2023,2023-09-03,Boat,3191.7166666666667,3991.166666666667,0.7996951601453208
Snohomish fall salmon 2023,2023-09-10,Bank,539,2432.4,0.2215918434468015
Snohomish fall salmon 2023,2023-09-10,Boat,1893.4,2432.4,0.7784081565531985
Snohomish fall salmon 2023,2023-09-17,Bank,1056.5666666666666,1800.5333333333333,0.5868076125592416
Snohomish fall salmon 2023,2023-09-17,Boat,743.9666666666667,1800.5333333333333,0.4131923874407583
Snohomish fall salmon 2023,2023-09-24,Bank,661.0166666666667,1863.7333333333333,0.3546734153670053
Snohomish fall salmon 2023,2023-09-24,Boat,1202.7166666666667,1863.7333333333333,0.6453265846329947
Snohomish fall salmon 2023,2023-10-01,Bank,623.35,1710.15,0.36450019004180917
Snohomish fall salmon 2023,2023-10-01,Boat,1086.8,1710.15,0.6354998099581908
Snohomish fall salmon 2023,2023-10-08,Bank,726.6,1339.2833333333333,0.5425289644959369
Snohomish fall salmon 2023,2023-10-08,Boat,612.6833333333334,1339.2833333333333,0.45747103550406315
Snohomish fall salmon 2023,2023-10-15,Bank,248.96666666666667,759.8166666666667,0.3276667617188357
Snohomish fall salmon 2023,2023-10-15,Boat,510.85,759.8166666666667,0.6723332382811643
Snohomish fall salmon 2023,2023-10-22,Bank,306.73333333333335,851.9166666666666,0.3600508656950015
Snohomish fall salmon 2023,2023-10-22,Boat,545.1833333333333,851.9166666666666,0.6399491343049984
Snohomish fall salmon 2023,2023-10-29,Bank,174.23333333333332,296.3333333333333,0.5879640044994375
Snohomish fall salmon 2023,2023-10-29,Boat,122.10000000000001,296.3333333333333,0.41203599550056247
Snohomish fall salmon 2023,2023-11-05,Bank,18.4,83.41666666666666,0.2205794205794206
Snohomish fall salmon 2023,2023-11-05,Boat,65.01666666666667,83.41666666666666,0.7794205794205795
Snohomish fall salmon 2023,2023-11-12,Bank,33.36666666666667,155.25,0.21492216854535695
Snohomish fall salmon 2023,2023-11-12,Boat,121.88333333333333,155.25,0.785077831454643
Snohomish fall salmon 2023,2023-11-19,Bank,57.8,100.08333333333333,0.5775187343880099
Snohomish fall salmon 2023,2023-11-19,Boat,42.28333333333333,100.08333333333333,0.42248126561199
Snohomish fall salmon 2023,2023-11-26,Bank,7.533333333333333,7.533333333333333,1
Snohomish fall salmon 2024,2024-09-15,Bank,166.08333333333334,1083.5166666666667,0.15328175231883837
Snohomish fall salmon 2024,2024-09-15,Boat,917.4333333333333,1083.5166666666667,0.8467182476811617
Snohomish fall salmon 2024,2024-09-22,Bank,408.2,2202.25,0.1853558860256556
Snohomish fall salmon 2024,2024-09-22,Boat,1794.05,2202.25,0.8146441139743444
Snohomish fall salmon 2024,2024-09-29,Bank,499.53333333333336,1944.9666666666667,0.25683387890109516
Snohomish fall salmon 2024,2024-09-29,Boat,1445.4333333333334,1944.9666666666667,0.7431661210989049
Snohomish fall salmon 2024,2024-10-06,Bank,364.31666666666666,980.2666666666667,0.37165057127312295
Snohomish fall salmon 2024,2024-10-06,Boat,615.95,980.2666666666667,0.628349428726877
Snohomish fall salmon 2024,2024-10-13,Bank,219.43333333333334,697.7833333333333,0.31447201853488427
Snohomish fall salmon 2024,2024-10-13,Boat,478.35,697.7833333333333,0.6855279814651157
Snohomish fall salmon 2024,2024-10-20,Bank,108.16666666666667,532.75,0.2030345690599093
Snohomish fall salmon 2024,2024-10-20,Boat,424.5833333333333,532.75,0.7969654309400906
Snohomish fall salmon 2024,2024-10-27,Bank,125.8,417.28333333333336,0.3014738187482526
Snohomish fall salmon 2024,2024-10-27,Boat,291.48333333333335,417.28333333333336,0.6985261812517474
Snohomish fall salmon 2024,2024-11-03,Bank,247.51666666666668,477.78333333333336,0.5180521156730735
Snohomish fall salmon 2024,2024-11-03,Boat,230.26666666666668,477.78333333333336,0.4819478843269264
Snohomish fall salmon 2024,2024-11-10,Bank,218.66666666666666,479.79999999999995,0.4557454494928443
Snohomish fall salmon 2024,2024-11-10,Boat,261.1333333333333,479.79999999999995,0.5442545505071558
Snohomish fall salmon 2024,2024-11-17,Bank,227.3,303.33333333333337,0.7493406593406593
Snohomish fall salmon 2024,2024-11-17,Boat,76.03333333333333,303.33333333333337,0.25065934065934065
Snohomish fall salmon 2024,2024-11-24,Bank,134.23333333333335,207.56666666666666,0.6466998554681228
Snohomish fall salmon 2024,2024-11-24,Boat,73.33333333333333,207.56666666666666,0.3533001445318773
Snohomish fall salmon 2025,2025-08-17,Bank,407.75,845,0.48254437869822486
Snohomish fall salmon 2025,2025-08-17,Boat,437.25,845,0.5174556213017751
Snohomish fall salmon 2025,2025-08-24,Bank,736.5833333333334,1955.0500000000002,0.3767593326683887
Snohomish fall salmon 2025,2025-08-24,Boat,1218.4666666666667,1955.0500000000002,0.6232406673316112
Snohomish fall salmon 2025,2025-08-31,Bank,781.5166666666667,1626.1333333333332,0.48059814693342084
Snohomish fall salmon 2025,2025-08-31,Boat,844.6166666666667,1626.1333333333332,0.5194018530665793
Snohomish fall salmon 2025,2025-09-07,Bank,971.6666666666666,1903.3166666666666,0.5105123512465083
Snohomish fall salmon 2025,2025-09-07,Boat,931.65,1903.3166666666666,0.4894876487534917
Snohomish fall salmon 2025,2025-09-14,Bank,714.3666666666667,1450.4166666666665,0.4925251364550417
Snohomish fall salmon 2025,2025-09-14,Boat,736.05,1450.4166666666665,0.5074748635449584
Snohomish fall salmon 2025,2025-10-19,Bank,16.983333333333334,45.46666666666667,0.37353372434017595
Snohomish fall salmon 2025,2025-10-19,Boat,28.483333333333334,45.46666666666667,0.626466275659824
Snohomish fall salmon 2025,2025-10-26,Bank,66.31666666666666,249,0.26633199464524765
Snohomish fall salmon 2025,2025-10-26,Boat,182.68333333333334,249,0.7336680053547524
Snohomish fall salmon 2025,2025-11-02,Bank,183.71666666666667,351.08333333333337,0.5232850700213624
Snohomish fall salmon 2025,2025-11-02,Boat,167.36666666666667,351.08333333333337,0.4767149299786375
Snohomish fall salmon 2025,2025-11-09,Bank,155.46666666666667,310.9666666666667,0.49994640368742627
Snohomish fall salmon 2025,2025-11-09,Boat,155.5,310.9666666666667,0.5000535963125736
Snoqualmie summer gamefish 2025,2025-05-18,Bank,4.4,4.4,1
Snoqualmie summer gamefish 2025,2025-05-25,Bank,26.033333333333335,35.63333333333333,0.7305893358278766
Snoqualmie summer gamefish 2025,2025-05-25,Boat,9.6,35.63333333333333,0.26941066417212345
Snoqualmie summer gamefish 2025,2025-06-01,Bank,23.183333333333334,24.533333333333335,0.9449728260869564
Snoqualmie summer gamefish 2025,2025-06-01,Boat,1.35,24.533333333333335,0.05502717391304348
Snoqualmie summer gamefish 2025,2025-06-08,Bank,5.116666666666667,5.116666666666667,1
Snoqualmie summer gamefish 2025,2025-06-15,Bank,4.083333333333333,4.083333333333333,1
Snoqualmie summer gamefish 2025,2025-06-22,Bank,19,19,1
Snoqualmie summer gamefish 2025,2025-06-29,Bank,0.95,0.95,1
Snoqualmie summer gamefish 2025,2025-07-06,Bank,20.78333333333333,20.78333333333333,1
Snoqualmie winter steelhead 2022-23,2022-11-27,Bank,96.51666666666667,96.51666666666667,1
Snoqualmie winter steelhead 2022-23,2022-12-04,Bank,123.85,145.91666666666666,0.8487721302113078
Snoqualmie winter steelhead 2022-23,2022-12-04,Boat,22.066666666666666,145.91666666666666,0.15122786978869218
Snoqualmie winter steelhead 2022-23,2022-12-11,Bank,164.56666666666666,186.66666666666666,0.8816071428571429
Snoqualmie winter steelhead 2022-23,2022-12-11,Boat,22.1,186.66666666666666,0.11839285714285716
Snoqualmie winter steelhead 2022-23,2022-12-18,Bank,2.9166666666666665,14.216666666666667,0.205158264947245
Snoqualmie winter steelhead 2022-23,2022-12-18,Boat,11.3,14.216666666666667,0.794841735052755
Snoqualmie winter steelhead 2022-23,2022-12-25,Bank,118.13333333333334,118.13333333333334,1
Snoqualmie winter steelhead 2022-23,2023-01-01,Bank,84.93333333333334,91.16666666666667,0.9316270566727605
Snoqualmie winter steelhead 2022-23,2023-01-01,Boat,6.233333333333333,91.16666666666667,0.06837294332723949
Snoqualmie winter steelhead 2022-23,2023-01-08,Bank,237.13333333333333,245.13333333333333,0.9673646994832744
Snoqualmie winter steelhead 2022-23,2023-01-08,Boat,8,245.13333333333333,0.03263530051672559
Snoqualmie winter steelhead 2022-23,2023-01-15,Bank,131.55,142.88333333333335,0.9206812084451184
Snoqualmie winter steelhead 2022-23,2023-01-15,Boat,11.333333333333334,142.88333333333335,0.0793187915548816
Snoqualmie winter steelhead 2022-23,2023-01-22,Bank,124.41666666666667,147.26666666666668,0.8448392937980986
Snoqualmie winter steelhead 2022-23,2023-01-22,Boat,22.85,147.26666666666668,0.1551607062019013
Snoqualmie winter steelhead 2022-23,2023-01-29,Bank,119.7,119.7,1
Snoqualmie winter steelhead 2022-23,2023-02-05,Bank,46.18333333333334,46.18333333333334,1
Snoqualmie winter steelhead 2022-23,2023-02-12,Bank,64.83333333333333,64.83333333333333,1
South Fork Skykomish summer gamefish 2025,2025-07-06,Bank,29.75,29.75,1
South Fork Skykomish summer gamefish 2025,2025-07-13,Bank,0.55,0.55,1
South Fork Stillaguamish summer gamefish 2024 upper,2024-05-19,Bank,24.5,24.5,1
South Fork Stillaguamish summer gamefish 2024 upper,2024-05-26,Bank,9.283333333333333,9.283333333333333,1
South Fork Stillaguamish summer gamefish 2024 upper,2024-06-02,Bank,6.233333333333333,6.233333333333333,1
South Fork Stillaguamish summer gamefish 2024 upper,2024-06-09,Bank,31.05,31.05,1
South Fork Stillaguamish summer gamefish 2024 upper,2024-06-16,Bank,11.766666666666666,11.766666666666666,1
South Fork Stillaguamish summer gamefish 2024 upper,2024-06-23,Bank,10.633333333333333,10.633333333333333,1
South Fork Stillaguamish summer gamefish 2024 upper,2024-06-30,Bank,16.833333333333332,16.833333333333332,1
South Fork Stillaguamish summer gamefish 2024 upper,2024-07-07,Bank,21.2,21.2,1
South Fork Stillaguamish summer gamefish 2024 upper,2024-07-14,Bank,37.833333333333336,37.833333333333336,1
South Fork Stillaguamish summer gamefish 2024 upper,2024-07-21,Bank,8.883333333333333,8.883333333333333,1
South Fork Stillaguamish summer gamefish 2024 upper,2024-07-28,Bank,9.433333333333334,9.433333333333334,1
South Fork Stillaguamish summer gamefish 2024 upper,2024-08-04,Bank,22.433333333333334,22.433333333333334,1
South Fork Stillaguamish summer gamefish 2024 upper,2024-08-11,Bank,10.333333333333332,10.333333333333332,1
South Fork Stillaguamish summer gamefish 2024 upper,2024-08-18,Bank,23.28333333333333,23.28333333333333,1
South Fork Stillaguamish summer gamefish 2024 upper,2024-08-25,Bank,12.65,12.65,1
South Fork Stillaguamish summer gamefish 2024 upper,2024-09-01,Bank,17.9,17.9,1
South Fork Stillaguamish summer gamefish 2024 upper,2024-09-08,Bank,67.48333333333333,67.48333333333333,1
South Fork Stillaguamish summer gamefish 2024 upper,2024-09-15,Bank,28.599999999999998,28.599999999999998,1
South Fork Stillaguamish summer gamefish 2024 upper,2024-09-22,Bank,35.13333333333333,35.13333333333333,1
South Fork Stillaguamish summer gamefish 2024 upper,2024-09-29,Bank,12.9,12.9,1
South Fork Stillaguamish summer gamefish 2024 upper,2024-10-06,Bank,40.5,40.5,1
South Fork Stillaguamish summer gamefish 2024 upper,2024-10-13,Bank,38.61666666666667,38.61666666666667,1
South Fork Willapa winter steelhead 2022-23,2022-12-25,Bank,2,2,1
South Fork Willapa winter steelhead 2022-23,2023-01-01,Bank,8.7,8.7,1
South Fork Willapa winter steelhead 2022-23,2023-01-08,Bank,21.083333333333332,21.083333333333332,1
South Fork Willapa winter steelhead 2022-23,2023-01-15,Bank,2.7,2.7,1
South Fork Willapa winter steelhead 2022-23,2023-01-22,Bank,5.4,5.4,1
South Fork Willapa winter steelhead 2022-23,2023-01-29,Bank,12.533333333333333,12.533333333333333,1
South Fork Willapa winter steelhead 2022-23,2023-02-12,Bank,23.366666666666667,23.366666666666667,1
South Fork Willapa winter steelhead 2023-24,2023-12-03,Bank,3.35,3.35,1
South Fork Willapa winter steelhead 2023-24,2023-12-10,Bank,4.6,4.6,1
South Fork Willapa winter steelhead 2023-24,2023-12-24,Bank,2.4166666666666665,2.4166666666666665,1
South Fork Willapa winter steelhead 2023-24,2023-12-31,Bank,7.383333333333334,7.383333333333334,1
South Fork Willapa winter steelhead 2023-24,2024-01-14,Bank,2.9,2.9,1
South Fork Willapa winter steelhead 2023-24,2024-01-21,Bank,8.466666666666667,8.466666666666667,1
South Fork Willapa winter steelhead 2023-24,2024-01-28,Bank,8.983333333333334,8.983333333333334,1
South Fork Willapa winter steelhead 2023-24,2024-02-04,Bank,3.6166666666666667,3.6166666666666667,1
South Fork Willapa winter steelhead 2023-24,2024-02-11,Bank,3.316666666666667,3.316666666666667,1
South Fork Willapa winter steelhead 2023-24,2024-02-18,Bank,3.9,3.9,1
South Fork Willapa winter steelhead 2023-24,2024-02-25,Bank,5.233333333333333,5.233333333333333,1
Stillaguamish Winter Steelhead 2022-23,2022-12-04,Bank,67,67,1
Stillaguamish Winter Steelhead 2022-23,2022-12-11,Bank,89.85,89.85,1
Stillaguamish Winter Steelhead 2022-23,2022-12-18,Bank,3.2,3.2,1
Stillaguamish Winter Steelhead 2022-23,2022-12-25,Bank,56.11666666666667,56.11666666666667,1
Stillaguamish Winter Steelhead 2022-23,2023-01-01,Bank,69.88333333333333,69.88333333333333,1
Stillaguamish Winter Steelhead 2022-23,2023-01-08,Bank,72.36666666666666,85.73333333333332,0.844090202177294
Stillaguamish Winter Steelhead 2022-23,2023-01-08,Boat,13.366666666666667,85.73333333333332,0.1559097978227061
Stillaguamish Winter Steelhead 2022-23,2023-01-15,Bank,17.366666666666667,17.366666666666667,1
Stillaguamish Winter Steelhead 2022-23,2023-01-22,Bank,97.48333333333333,97.48333333333333,1
Stillaguamish Winter Steelhead 2022-23,2023-01-29,Bank,112.5,131.73333333333335,0.8539979757085019
Stillaguamish Winter Steelhead 2022-23,2023-01-29,Boat,19.233333333333334,131.73333333333335,0.14600202429149797
Stillaguamish Winter Steelhead 2022-23,2023-02-05,Bank,25.25,33,0.7651515151515151
Stillaguamish Winter Steelhead 2022-23,2023-02-05,Boat,7.75,33,0.23484848484848486
Stillaguamish Winter Steelhead 2022-23,2023-02-12,Bank,9.183333333333334,9.183333333333334,1
Stillaguamish salmon and gamefish 2022-23,2022-08-28,Bank,75.01666666666667,95.05,0.789233736629844
Stillaguamish salmon and gamefish 2022-23,2022-08-28,Boat,20.033333333333335,95.05,0.21076626337015608
Stillaguamish salmon and gamefish 2022-23,2022-09-04,Bank,118.25,128.55,0.9198755348113574
Stillaguamish salmon and gamefish 2022-23,2022-09-04,Boat,10.3,128.55,0.08012446518864255
Stillaguamish salmon and gamefish 2022-23,2022-09-11,Bank,203.4,221.05,0.920153811354897
Stillaguamish salmon and gamefish 2022-23,2022-09-11,Boat,17.650000000000002,221.05,0.07984618864510293
Stillaguamish salmon and gamefish 2022-23,2022-09-18,Bank,286.75,337.23333333333335,0.8503014727686072
Stillaguamish salmon and gamefish 2022-23,2022-09-18,Boat,50.48333333333333,337.23333333333335,0.14969852723139268
Stillaguamish salmon and gamefish 2022-23,2022-09-25,Bank,117.63333333333334,123.58333333333334,0.9518543492919757
Stillaguamish salmon and gamefish 2022-23,2022-09-25,Boat,5.95,123.58333333333334,0.048145650708024276
Stillaguamish salmon and gamefish 2022-23,2022-11-13,Bank,43.38333333333333,43.38333333333333,1
Stillaguamish salmon and gamefish 2022-23,2022-11-20,Bank,59.766666666666666,59.766666666666666,1
Stillaguamish salmon and gamefish 2022-23,2022-11-27,Bank,19.95,19.95,1
Stillaguamish salmon and gamefish 2023-24,2023-09-10,Bank,206.4,243.93333333333334,0.8461328231757311
Stillaguamish salmon and gamefish 2023-24,2023-09-10,Boat,37.53333333333333,243.93333333333334,0.15386717682426893
Stillaguamish salmon and gamefish 2023-24,2023-09-17,Bank,592.2333333333333,728.0333333333333,0.8134700792088275
Stillaguamish salmon and gamefish 2023-24,2023-09-17,Boat,135.79999999999998,728.0333333333333,0.18652992079117256
Stillaguamish salmon and gamefish 2023-24,2023-09-24,Bank,386.05,406.7166666666667,0.9491865754210548
Stillaguamish salmon and gamefish 2023-24,2023-09-24,Boat,20.666666666666664,406.7166666666667,0.0508134245789452
Stillaguamish salmon and gamefish 2024-25,2024-09-15,Bank,402.56666666666666,435.1,0.9252279169539569
Stillaguamish salmon and gamefish 2024-25,2024-09-15,Boat,32.53333333333333,435.1,0.07477208304604305
Stillaguamish salmon and gamefish 2024-25,2024-09-22,Bank,628.2666666666667,644.1333333333333,0.9753674187538812
Stillaguamish salmon and gamefish 2024-25,2024-09-22,Boat,15.866666666666667,644.1333333333333,0.024632581246118817
Stillaguamish salmon and gamefish 2024-25,2024-09-29,Bank,605.25,626.1166666666667,0.9666728777916789
Stillaguamish salmon and gamefish 2024-25,2024-09-29,Boat,20.866666666666667,626.1166666666667,0.03332712220832113
Stillaguamish salmon and gamefish 2024-25,2024-10-06,Bank,469,481.43333333333334,0.9741743405109742
Stillaguamish salmon and gamefish 2024-25,2024-10-06,Boat,12.433333333333334,481.43333333333334,0.025825659489025828
Stillaguamish salmon and gamefish 2024-25,2024-10-13,Bank,386.31666666666666,419.85,0.9201302052320273
Stillaguamish salmon and gamefish 2024-25,2024-10-13,Boat,33.53333333333333,419.85,0.07986979476797268
Stillaguamish salmon and gamefish 2024-25,2024-10-20,Bank,152.68333333333334,152.68333333333334,1
Stillaguamish salmon and gamefish 2024-25,2024-10-27,Bank,77.85,77.85,1
Stillaguamish salmon and gamefish 2024-25,2024-11-03,Bank,80.31666666666666,80.31666666666666,1
Stillaguamish salmon and gamefish 2024-25,2024-11-10,Bank,16.2,16.2,1
Stillaguamish salmon and gamefish 2024-25,2024-11-17,Bank,44.31666666666666,44.31666666666666,1
Stillaguamish salmon and gamefish 2024-25,2024-11-24,Bank,16.15,16.15,1
Stillaguamish salmon and gamefish 2025-26,2025-08-31,Bank,17.066666666666666,29.066666666666666,0.5871559633027523
Stillaguamish salmon and gamefish 2025-26,2025-08-31,Boat,12,29.066666666666666,0.41284403669724773
Stillaguamish salmon and gamefish 2025-26,2025-09-07,Bank,31.066666666666666,31.066666666666666,1
Stillaguamish salmon and gamefish 2025-26,2025-09-14,Bank,82.18333333333334,82.18333333333334,1
Stillaguamish salmon and gamefish 2025-26,2025-09-21,Bank,659.65,746.1166666666667,0.8841110639533585
Stillaguamish salmon and gamefish 2025-26,2025-09-21,Boat,86.46666666666667,746.1166666666667,0.1158889360466415
Stillaguamish salmon and gamefish 2025-26,2025-09-28,Bank,799.5333333333333,825.8833333333333,0.9680947672189373
Stillaguamish salmon and gamefish 2025-26,2025-09-28,Boat,26.35,825.8833333333333,0.0319052327810627
Stillaguamish salmon and gamefish 2025-26,2025-10-05,Bank,661.5333333333333,715.1333333333333,0.9250489419222522
Stillaguamish salmon and gamefish 2025-26,2025-10-05,Boat,53.6,715.1333333333333,0.07495105807774774
Stillaguamish salmon and gamefish 2025-26,2025-10-12,Bank,609.2,615.7166666666667,0.989416127547844
Stillaguamish salmon and gamefish 2025-26,2025-10-12,Boat,6.516666666666667,615.7166666666667,0.010583872452156024
Stillaguamish salmon and gamefish 2025-26,2025-10-19,Bank,348.1333333333333,362.73333333333335,0.9597500459474361
Stillaguamish salmon and gamefish 2025-26,2025-10-19,Boat,14.6,362.73333333333335,0.04024995405256387
Stillaguamish salmon and gamefish 2025-26,2025-10-26,Bank,28.533333333333335,28.533333333333335,1
Upper Chehalis salmon 2023,2023-10-01,Bank,3.5166666666666666,103.93333333333334,0.033835792174470816
Upper Chehalis salmon 2023,2023-10-01,Boat,100.41666666666667,103.93333333333334,0.9661642078255291
Upper Chehalis salmon 2023,2023-10-08,Bank,25.616666666666667,244.21666666666667,0.10489319593257354
Upper Chehalis salmon 2023,2023-10-08,Boat,218.6,244.21666666666667,0.8951068040674265
Upper Chehalis salmon 2023,2023-10-15,Bank,11.783333333333333,430.6166666666667,0.027363858033053374
Upper Chehalis salmon 2023,2023-10-15,Boat,418.8333333333333,430.6166666666667,0.9726361419669466
Upper Chehalis salmon 2023,2023-10-22,Bank,15.066666666666668,495.85,0.03038553325938624
Upper Chehalis salmon 2023,2023-10-22,Boat,480.78333333333336,495.85,0.9696144667406138
Upper Chehalis salmon 2023,2023-10-29,Bank,34.63333333333333,595.0666666666666,0.05820076181940399
Upper Chehalis salmon 2023,2023-10-29,Boat,560.4333333333333,595.0666666666666,0.941799238180596
Upper Chehalis salmon 2023,2023-11-05,Bank,7.516666666666667,101.78333333333333,0.07384968069428524
Upper Chehalis salmon 2023,2023-11-05,Boat,94.26666666666667,101.78333333333333,0.9261503193057148
Upper Chehalis salmon 2023,2023-11-12,Bank,12.8,311.56666666666666,0.04108270033165722
Upper Chehalis salmon 2023,2023-11-12,Boat,298.76666666666665,311.56666666666666,0.9589172996683427
Upper Chehalis salmon 2023,2023-11-19,Bank,4.066666666666666,243.03333333333333,0.016732958441914688
Upper Chehalis salmon 2023,2023-11-19,Boat,238.96666666666667,243.03333333333333,0.9832670415580853
Upper Chehalis salmon 2023,2023-11-26,Bank,1.3333333333333333,240.53333333333333,0.005543237250554323
Upper Chehalis salmon 2023,2023-11-26,Boat,239.2,240.53333333333333,0.9944567627494456
Wallace salmon and gamefish 2022-23,2022-10-16,Bank,30.483333333333334,30.483333333333334,1
Wallace salmon and gamefish 2022-23,2022-10-23,Bank,483.45,483.45,1
Wallace salmon and gamefish 2022-23,2022-10-30,Bank,399.43333333333334,399.43333333333334,1
Wallace salmon and gamefish 2022-23,2022-11-06,Bank,227.65,227.65,1
Wallace salmon and gamefish 2022-23,2022-11-13,Bank,387.05,387.05,1
Wallace salmon and gamefish 2022-23,2022-11-20,Bank,259.18333333333334,259.18333333333334,1
Wallace salmon and gamefish 2022-23,2022-11-27,Bank,149.45,149.45,1
Wallace salmon and gamefish 2022-23,2022-12-04,Bank,69.11666666666667,69.11666666666667,1
Wallace salmon and gamefish 2022-23,2022-12-11,Bank,29.966666666666665,29.966666666666665,1
Wallace salmon and gamefish 2022-23,2022-12-18,Bank,44.7,44.7,1
Wallace salmon and gamefish 2022-23,2022-12-25,Bank,42.93333333333333,42.93333333333333,1
Wallace salmon and gamefish 2022-23,2023-01-01,Bank,78.28333333333333,78.28333333333333,1
Wallace salmon and gamefish 2022-23,2023-01-08,Bank,95,95,1
Wallace salmon and gamefish 2022-23,2023-01-15,Bank,73.38333333333333,73.38333333333333,1
Wallace salmon and gamefish 2022-23,2023-01-22,Bank,5.3,5.3,1
Wallace salmon and gamefish 2022-23,2023-01-29,Bank,28.066666666666666,28.066666666666666,1
Wallace salmon and gamefish 2022-23,2023-02-05,Bank,10.033333333333333,10.033333333333333,1
Wallace salmon and gamefish 2022-23,2023-02-12,Bank,1.7333333333333334,1.7333333333333334,1
Wallace salmon and gamefish 2023-24,2023-10-15,Bank,332.2,332.2,1
Wallace salmon and gamefish 2023-24,2023-10-22,Bank,182.45,182.45,1
Wallace salmon and gamefish 2023-24,2023-10-29,Bank,92.11666666666667,92.11666666666667,1
Wallace salmon and gamefish 2023-24,2023-11-05,Bank,39.55,39.55,1
Wallace salmon and gamefish 2023-24,2023-11-12,Bank,37.06666666666666,37.06666666666666,1
Wallace salmon and gamefish 2023-24,2023-11-19,Bank,37.6,37.6,1
Wallace salmon and gamefish 2024-25,2024-10-13,Bank,461.1333333333333,461.1333333333333,1
Wallace salmon and gamefish 2024-25,2024-10-20,Bank,788.7833333333333,788.7833333333333,1
Wallace salmon and gamefish 2024-25,2024-10-27,Bank,321.7833333333333,321.7833333333333,1
Wallace salmon and gamefish 2024-25,2024-11-03,Bank,134.3,134.3,1
Wallace salmon and gamefish 2024-25,2024-11-10,Bank,50.16666666666667,50.16666666666667,1
Wallace salmon and gamefish 2024-25,2024-11-17,Bank,94.16666666666667,94.16666666666667,1
Wallace salmon and gamefish 2024-25,2024-11-24,Bank,38.166666666666664,38.166666666666664,1
Willapa winter steelhead 2022,2022-01-02,Bank,80.41666666666667,80.41666666666667,1
Willapa winter steelhead 2022,2022-01-09,Bank,94.45,94.45,1
Willapa winter steelhead 2022,2022-01-16,Bank,369.3833333333333,369.3833333333333,1
Willapa winter steelhead 2022,2022-01-23,Bank,160.95,160.95,1
Willapa winter steelhead 2022,2022-01-30,Bank,242.95,254.88333333333333,0.9531811940103315
Willapa winter steelhead 2022,2022-01-30,Boat,11.933333333333334,254.88333333333333,0.04681880598966848
Willapa winter steelhead 2022,2022-02-06,Bank,246.91666666666666,263.41666666666663,0.9373615944321418
Willapa winter steelhead 2022,2022-02-06,Boat,16.5,263.41666666666663,0.06263840556785828
Willapa winter steelhead 2022,2022-02-13,Bank,115.26666666666667,115.26666666666667,1
Willapa winter steelhead 2022,2022-02-20,Bank,64.9,64.9,1
Willapa winter steelhead 2022,2022-02-27,Bank,16.416666666666668,16.416666666666668,1
Willapa winter steelhead 2022-23,2022-12-18,Bank,113.43333333333334,113.43333333333334,1
Willapa winter steelhead 2022-23,2022-12-25,Bank,85.88333333333334,85.88333333333334,1
Willapa winter steelhead 2022-23,2023-01-01,Bank,177.15,177.15,1
Willapa winter steelhead 2022-23,2023-01-08,Bank,170,170,1
Willapa winter steelhead 2022-23,2023-01-15,Bank,153.55,153.55,1
Willapa winter steelhead 2022-23,2023-01-22,Bank,181.03333333333333,195.36666666666667,0.9266336802593413
Willapa winter steelhead 2022-23,2023-01-22,Boat,14.333333333333334,195.36666666666667,0.07336631974065859
Willapa winter steelhead 2022-23,2023-01-29,Bank,115.3,115.3,1
Willapa winter steelhead 2022-23,2023-02-05,Bank,190.41666666666666,190.41666666666666,1
Willapa winter steelhead 2022-23,2023-02-12,Bank,86.06666666666666,86.06666666666666,1
Willapa winter steelhead 2022-23,2023-02-19,Bank,22.8,22.8,1
Willapa winter steelhead 2022-23,2023-02-26,Bank,56.36666666666667,56.36666666666667,1
Willapa winter steelhead 2022-23,2023-03-05,Bank,103.13333333333333,114.19999999999999,0.9030939871570345
Willapa winter steelhead 2022-23,2023-03-05,Boat,11.066666666666666,114.19999999999999,0.09690601284296556
Willapa winter steelhead 2022-23,2023-03-12,Bank,70.88333333333334,70.88333333333334,1
Willapa winter steelhead 2022-23,2023-03-19,Bank,91.8,91.8,1
Willapa winter steelhead 2022-23,2023-03-26,Bank,96.58333333333333,96.58333333333333,1
Willapa winter steelhead 2023-24,2023-11-26,Bank,31.066666666666666,31.066666666666666,1
Willapa winter steelhead 2023-24,2023-12-03,Bank,120.93333333333334,120.93333333333334,1
Willapa winter steelhead 2023-24,2023-12-10,Bank,271.6,306.05,0.8874366933507597
Willapa winter steelhead 2023-24,2023-12-10,Boat,34.45,306.05,0.11256330664924033
Willapa winter steelhead 2023-24,2023-12-17,Bank,507.3,522.6666666666666,0.9705994897959185
Willapa winter steelhead 2023-24,2023-12-17,Boat,15.366666666666667,522.6666666666666,0.029400510204081635
Willapa winter steelhead 2023-24,2023-12-24,Bank,292.31666666666666,359.3333333333333,0.8134972170686456
Willapa winter steelhead 2023-24,2023-12-24,Boat,67.01666666666667,359.3333333333333,0.18650278293135436
Willapa winter steelhead 2023-24,2023-12-31,Bank,117.08333333333333,132.85,0.8813197842177894
Willapa winter steelhead 2023-24,2023-12-31,Boat,15.766666666666667,132.85,0.11868021578221052
Willapa winter steelhead 2023-24,2024-01-07,Bank,7.833333333333333,7.833333333333333,1
Willapa winter steelhead 2023-24,2024-01-14,Bank,301.43333333333334,301.43333333333334,1
Willapa winter steelhead 2023-24,2024-01-21,Bank,67.86666666666666,67.86666666666666,1
Willapa winter steelhead 2023-24,2024-01-28,Bank,66.38333333333333,66.38333333333333,1
Willapa winter steelhead 2023-24,2024-02-04,Bank,85.11666666666667,102.13333333333334,0.83338772845953
Willapa winter steelhead 2023-24,2024-02-04,Boat,17.016666666666666,102.13333333333334,0.16661227154046995
Willapa winter steelhead 2023-24,2024-02-11,Bank,104.3,104.3,1
Willapa winter steelhead 2023-24,2024-02-18,Bank,46.45,74.55000000000001,0.6230717639168343
Willapa winter steelhead 2023-24,2024-02-18,Boat,28.1,74.55000000000001,0.3769282360831656
Willapa winter steelhead 2023-24,2024-02-25,Bank,43.333333333333336,43.333333333333336,1
Willapa winter steelhead 2023-24,2024-03-03,Bank,109.58333333333333,146.41666666666666,0.7484348321001708
Willapa winter steelhead 2023-24,2024-03-03,Boat,36.83333333333333,146.41666666666666,0.25156516789982925
Willapa winter steelhead 2023-24,2024-03-10,Bank,85.61666666666667,112.25,0.762731997030438
Willapa winter steelhead 2023-24,2024-03-10,Boat,26.633333333333333,112.25,0.237268002969562
Willapa winter steelhead 2023-24,2024-03-17,Bank,47.86666666666667,93.18333333333334,0.5136827043462707
Willapa winter steelhead 2023-24,2024-03-17,Boat,45.31666666666667,93.18333333333334,0.4863172956537292
Willapa winter steelhead 2023-24,2024-03-24,Bank,74.93333333333334,74.93333333333334,1
Willapa winter steelhead 2023-24,2024-03-31,Bank,28.650000000000002,28.650000000000002,1
Wynoochee winter steelhead 2024-25,2024-12-01,Bank,29.28333333333333,238.65,0.12270409944828549
Wynoochee winter steelhead 2024-25,2024-12-01,Boat,209.36666666666667,238.65,0.8772959005517145
Wynoochee winter steelhead 2024-25,2024-12-08,Bank,104.26666666666667,432.6666666666667,0.24098613251155623
Wynoochee winter steelhead 2024-25,2024-12-08,Boat,328.40000000000003,432.6666666666667,0.7590138674884438
Wynoochee winter steelhead 2024-25,2024-12-15,Bank,98.63333333333334,237.95,0.4145128528402326
Wynoochee winter steelhead 2024-25,2024-12-15,Boat,139.31666666666666,237.95,0.5854871471597675
Wynoochee winter steelhead 2024-25,2024-12-22,Bank,26.35,26.35,1
Wynoochee winter steelhead 2024-25,2024-12-29,Bank,82.26666666666667,446.7333333333333,0.18415161916131922
Wynoochee winter steelhead 2024-25,2024-12-29,Boat,364.46666666666664,446.7333333333333,0.8158483808386808
Wynoochee winter steelhead 2024-25,2025-01-05,Bank,148.86666666666667,1121,0.13279809693725841
Wynoochee winter steelhead 2024-25,2025-01-05,Boat,972.1333333333333,1121,0.8672019030627416
Wynoochee winter steelhead 2024-25,2025-01-12,Bank,203.71666666666667,703.8833333333333,0.2894182274524661
Wynoochee winter steelhead 2024-25,2025-01-12,Boat,500.1666666666667,703.8833333333333,0.710581772547534
Wynoochee winter steelhead 2024-25,2025-01-19,Bank,89.1,573.9,0.15525352848928384
Wynoochee winter steelhead 2024-25,2025-01-19,Boat,484.8,573.9,0.8447464715107162
Wynoochee winter steelhead 2024-25,2025-01-26,Bank,98.76666666666667,446,0.22144992526158444
Wynoochee winter steelhead 2024-25,2025-01-26,Boat,347.23333333333335,446,0.7785500747384155
Wynoochee winter steelhead 2024-25,2025-02-02,Bank,177.08333333333334,846,0.2093183609141056
Wynoochee winter steelhead 2024-25,2025-02-02,Boat,668.9166666666666,846,0.7906816390858944
Wynoochee winter steelhead 2024-25,2025-02-09,Bank,107.14999999999999,301.71666666666664,0.35513450809258135
Wynoochee winter steelhead 2024-25,2025-02-09,Boat,194.56666666666666,301.71666666666664,0.6448654919074187
Wynoochee winter steelhead 2024-25,2025-02-16,Bank,134.55,453.06666666666666,0.29697616244849917
Wynoochee winter steelhead 2024-25,2025-02-16,Boat,318.51666666666665,453.06666666666666,0.7030238375515009
Wynoochee winter steelhead 2024-25,2025-02-23,Bank,66.93333333333334,79.61666666666667,0.8406949968599539
Wynoochee winter steelhead 2024-25,2025-02-23,Boat,12.683333333333334,79.61666666666667,0.15930500314004603
Wynoochee winter steelhead 2025-26,2025-11-30,Bank,20.65,113.98333333333335,0.18116683725690888
Wynoochee winter steelhead 2025-26,2025-11-30,Boat,93.33333333333334,113.98333333333335,0.818833162743091
Wynoochee winter steelhead 2025-26,2025-12-07,Bank,8.033333333333333,34.95,0.22985216976633283
Wynoochee winter steelhead 2025-26,2025-12-07,Boat,26.916666666666668,34.95,0.7701478302336671
Wynoochee winter steelhead 2025-26,2025-12-14,Bank,28.833333333333332,28.833333333333332,1
Wynoochee winter steelhead 2025-26,2025-12-21,Bank,158.48333333333335,422.15000000000003,0.3754194796478345
Wynoochee winter steelhead 2025-26,2025-12-21,Boat,263.6666666666667,422.15000000000003,0.6245805203521655
Wynoochee winter steelhead 2025-26,2025-12-28,Bank,122.53333333333333,605.0666666666666,0.20251211987659765
Wynoochee winter steelhead 2025-26,2025-12-28,Boat,482.5333333333333,605.0666666666666,0.7974878801234024
Wynoochee winter steelhead 2025-26,2026-01-04,Bank,124.51666666666667,556.95,0.22356884220606277
Wynoochee winter steelhead 2025-26,2026-01-04,Boat,432.43333333333334,556.95,0.7764311577939371
Wynoochee winter steelhead 2025-26,2026-01-11,Bank,215.43333333333334,841.0666666666666,0.25614299302473054
Wynoochee winter steelhead 2025-26,2026-01-11,Boat,625.6333333333333,841.0666666666666,0.7438570069752696
Wynoochee winter steelhead 2025-26,2026-01-18,Bank,142.05,685.5999999999999,0.2071907817969662
Wynoochee winter steelhead 2025-26,2026-01-18,Boat,543.55,685.5999999999999,0.7928092182030338
Wynoochee winter steelhead 2025-26,2026-01-25,Bank,82.38333333333333,211.65,0.3892432474998031
Wynoochee winter steelhead 2025-26,2026-01-25,Boat,129.26666666666668,211.65,0.6107567525001969
Wynoochee winter steelhead 2025-26,2026-02-01,Bank,231.3,730.7,0.3165457780210757
Wynoochee winter steelhead 2025-26,2026-02-01,Boat,499.40000000000003,730.7,0.6834542219789244
Wynoochee winter steelhead 2025-26,2026-02-08,Bank,135.38333333333333,656.65,0.20617274550115486
Wynoochee winter steelhead 2025-26,2026-02-08,Boat,521.2666666666667,656.65,0.7938272544988452
Wynoochee winter steelhead 2025-26,2026-02-15,Bank,43.233333333333334,247.68333333333334,0.174550837763273
Wynoochee winter steelhead 2025-26,2026-02-15,Boat,204.45,247.68333333333334,0.8254491622367269
