fishery_name,year,month,catch_area_code,angler_final,total_effort_hrs,n_completed_angler_trips,mean_trip_length,mean_group_size,sd,total_trips_est,pe_period,study_design,source,run_id
Cascade fall salmon 2022,2022,9,826,bank,1110.2914533011274,4,6.5291675,1.25,3.3852980023662615,170.0509985846017,week,NA,batch,NA
Cascade fall salmon 2022,2022,10,826,bank,2515.309236111111,42,4.689285,1.761904761904762,1.9878585591992477,536.3950444707692,week,NA,batch,NA
Cascade fall salmon 2022,2022,11,826,bank,2224.899982487923,27,4.467901851851852,1.8888888888888888,2.1766776399190033,497.9742295739439,week,NA,batch,NA
Cascade fall salmon 2023,2023,9,826,bank,2627.3412567640694,18,5.853703888888889,2.0555555555555554,2.260180997375155,448.83398727276136,week,NA,batch,NA
Cascade fall salmon 2023,2023,10,826,bank,7408.045220959597,43,4.680232093023256,2.13953488372093,1.8409979048325655,1582.837148611208,week,NA,batch,NA
Cascade fall salmon 2023,2023,11,826,bank,1076.1753019781147,10,2.596666,1.5,1.6266280793865844,414.4450237258526,week,NA,batch,NA
Cascade fall salmon 2024,2024,9,826,bank,3033.046280968468,6,5.300001666666667,1.6666666666666667,2.3419370472616605,572.2727032416282,week,NA,batch,NA
Cascade fall salmon 2024,2024,10,826,bank,8225.931037912913,20,4.8275,2,1.66882483777941,1703.973285947781,week,NA,batch,NA
Cascade fall salmon 2024,2024,11,826,bank,1828.185005474224,7,5.033334285714286,2.142857142857143,1.8399126036024749,363.2154952757691,week,NA,batch,NA
Chehalis salmon 2022,2022,9,317,bank,4722.615008174003,24,2.1618045833333333,1.2916666666666667,1.4258019335065877,2184.570726042268,week,NA,batch,NA
Chehalis salmon 2022,2022,9,317,boat,23344.562895723106,220,4.759090681818182,2.109090909090909,1.835495766460152,4905.25700317281,week,NA,batch,NA
Chehalis salmon 2022,2022,10,317,bank,10117.713377086153,39,3.4435905128205127,1.6923076923076923,2.4105147356124985,2938.12906599023,week,NA,batch,NA
Chehalis salmon 2022,2022,10,317,boat,30364.75679232804,479,4.849721670146137,2.325678496868476,2.0036202297062187,6261.133907796621,week,NA,batch,NA
Chehalis salmon 2022,2022,11,317,bank,2169.855023477276,6,1.6055566666666667,1.1666666666666667,1.3576395174223042,1351.465861358953,week,NA,batch,NA
Chehalis salmon 2022,2022,11,317,boat,4367.570335097002,64,5.32994796875,2.078125,1.9379441836607931,819.4395819067068,week,NA,batch,NA
Chehalis salmon 2022,2022,12,317,bank,194.60188378119875,2,2.825,1,0.3181980515339462,68.88562257741549,week,NA,batch,NA
Chehalis salmon 2022,2022,12,317,boat,468.87016313932975,10,3.984998,1.7,1.9008848738697108,117.65882018995488,week,NA,batch,NA
Chehalis salmon 2024,2024,9,315,bank,72.7838698256099,NA,NA,NA,NA,NA,week,NA,batch,NA
Chehalis salmon 2024,2024,9,315,boat,0,NA,NA,NA,NA,NA,week,NA,batch,NA
Chehalis salmon 2024,2024,9,317,bank,2512.1705787288056,70,3.354999857142857,1.4428571428571428,2.291521997332646,748.7841090008835,week,NA,batch,NA
Chehalis salmon 2024,2024,9,317,boat,26486.29893252448,284,5.327405985915493,2.1795774647887325,1.9417209044150725,4971.7064932818175,week,NA,batch,NA
Chehalis salmon 2024,2024,10,315,bank,1064.4390007740712,26,1.9391026923076924,1.5,1.433038569991911,548.9337955110057,week,NA,batch,NA
Chehalis salmon 2024,2024,10,315,boat,291.64059280544916,NA,NA,NA,NA,NA,week,NA,batch,NA
Chehalis salmon 2024,2024,10,317,bank,12992.24358270635,136,2.6683819852941175,1.4485294117647058,2.037093556039828,4868.959412223848,week,NA,batch,NA
Chehalis salmon 2024,2024,10,317,boat,34202.214229814104,308,5.10335512987013,2.301948051948052,1.942304865353584,6701.907541105116,week,NA,batch,NA
Chehalis salmon 2024,2024,11,315,bank,415.939832339852,5,3.33,2,1.831795620272633,124.90685655851412,week,NA,batch,NA
Chehalis salmon 2024,2024,11,315,boat,738.7299148573861,24,3.52361,2.3333333333333335,1.8598019772358656,209.6514412370796,week,NA,batch,NA
Chehalis salmon 2024,2024,11,317,bank,3554.1133543592296,98,3.4719389795918367,1.336734693877551,2.4331883546234634,1023.668150635831,week,NA,batch,NA
Chehalis salmon 2024,2024,11,317,boat,10782.904337484037,119,4.650280336134454,2.495798319327731,1.989744127253268,2318.7643664612547,week,NA,batch,NA
Chehalis salmon 2024,2024,12,315,bank,558.8579983787201,NA,NA,NA,NA,NA,week,NA,batch,NA
Chehalis salmon 2024,2024,12,315,boat,792.2202532105861,8,4.5729175,2.625,1.093267751739187,173.24175500882885,week,NA,batch,NA
Chehalis salmon 2024,2024,12,317,bank,485.5113188939759,3,0.7000000000000001,1.6666666666666667,0.3464101615137755,693.5875984199656,week,NA,batch,NA
Chehalis salmon 2024,2024,12,317,boat,2251.6875217291044,33,5.5575754545454545,1.878787878787879,2.0204173875295717,405.1564463938109,week,NA,batch,NA
Chehalis salmon 2025,2025,9,317,bank,5114.201652126809,51,3.1248370588235295,1.392156862745098,2.20942752380004,1636.62986448716,week,NA,batch,NA
Chehalis salmon 2025,2025,9,317,boat,42784.58277625571,315,4.886349333333333,2.092063492063492,2.076473405307402,8755.940244466567,week,NA,batch,NA
Chehalis salmon 2025,2025,10,315,bank,2057.5158482650504,49,2.007482857142857,1.6122448979591837,1.2614480426891022,1024.9232470126308,week,NA,batch,NA
Chehalis salmon 2025,2025,10,315,boat,876.8760020928462,11,3.912122727272727,1.7272727272727273,1.98053228790692,224.1432754601096,week,NA,batch,NA
Chehalis salmon 2025,2025,10,317,bank,11280.620373012827,81,2.81893024691358,1.4814814814814814,2.0631679961214835,4001.738030007614,week,NA,batch,NA
Chehalis salmon 2025,2025,10,317,boat,31540.973674657533,352,4.873626789772727,2.397727272727273,2.33678879348106,6471.766311865745,week,NA,batch,NA
Chehalis salmon 2025,2025,11,315,bank,1024.7719124580417,10,2.078332,1.8,2.534223254511462,493.0742116553282,week,NA,batch,NA
Chehalis salmon 2025,2025,11,315,boat,1554.0036906392695,61,3.930327868852459,2.098360655737705,1.797597784898979,395.3878003294909,week,NA,batch,NA
Chehalis salmon 2025,2025,11,317,bank,1690.5108867433723,45,2.732963333333333,1.2222222222222223,1.7994616244234627,618.563325063529,week,NA,batch,NA
Chehalis salmon 2025,2025,11,317,boat,6399.012897260274,113,4.799557610619469,2.353982300884956,2.181934819266441,1333.250565239984,week,NA,batch,NA
Chehalis salmon 2025,2025,12,315,bank,91.21587043153144,1,3.28333,1,NA,27.781511584742148,week,NA,batch,NA
Chehalis salmon 2025,2025,12,315,boat,205.0296404109589,2,4.066665,2,1.2492243371188378,50.41714535398389,week,NA,batch,NA
Chehalis salmon 2025,2025,12,317,bank,246.90814484658665,1,7.56667,3,NA,32.63101798368194,week,NA,batch,NA
Chehalis salmon 2025,2025,12,317,boat,1131.7386038812786,13,5.476923076923077,1.7692307692307692,1.8060918681478368,206.63766643899748,week,NA,batch,NA
Hoh fall salmon 2023,2023,9,348,bank,341.8151054860777,NA,NA,NA,NA,NA,week,NA,batch,NA
Hoh fall salmon 2023,2023,9,348,boat,319.39777356902357,1,7.71667,3,NA,41.39062232401069,week,NA,batch,NA
Hoh fall salmon 2023,2023,9,350,bank,2128.1845577690483,11,4.415151818181818,2.272727272727273,2.766780758328416,482.0184323005784,week,NA,batch,NA
Hoh fall salmon 2023,2023,9,350,boat,1831.90286335578,18,7.72037,2.6666666666666665,1.0396009202347511,237.28174470339897,week,NA,batch,NA
Hoh fall salmon 2023,2023,10,348,bank,5.42888949013949,NA,NA,NA,NA,NA,week,NA,batch,NA
Hoh fall salmon 2023,2023,10,348,boat,54.398068181818175,NA,NA,NA,NA,NA,week,NA,batch,NA
Hoh fall salmon 2023,2023,10,350,bank,323.10328583453577,NA,NA,NA,NA,NA,week,NA,batch,NA
Hoh fall salmon 2023,2023,10,350,boat,290.1230303030303,NA,NA,NA,NA,NA,week,NA,batch,NA
Hoh fall salmon 2025,2025,9,350,bank,546.0953988075025,11,3.7742418181818183,1.818181818181818,2.242659492882583,144.69009276956595,week,NA,batch,NA
Hoh fall salmon 2025,2025,9,350,boat,2270.606041666667,24,7.474305,2.7916666666666665,1.9675511210263823,303.78825076935806,week,NA,batch,NA
Hoh fall salmon 2025,2025,10,348,bank,106.30605627292564,2,4.033335,1.5,1.3670707532713882,26.35686256483174,week,NA,batch,NA
Hoh fall salmon 2025,2025,10,348,boat,981.8830585748792,11,5.540909090909091,2.4545454545454546,2.3762290718760877,177.2061303416517,week,NA,batch,NA
Hoh fall salmon 2025,2025,10,350,bank,902.7312884396868,13,3.505129230769231,1.8461538461538465,1.783312894084404,257.54579332345315,week,NA,batch,NA
Hoh fall salmon 2025,2025,10,350,boat,3661.3253623188407,45,7.17,2.6222222222222222,2.0074215105996505,510.6450993471187,week,NA,batch,NA
Hoh fall salmon 2025,2025,11,348,bank,151.2300366383576,5,4.53,2,2.9011809903727137,33.38411404820256,week,NA,batch,NA
Hoh fall salmon 2025,2025,11,348,boat,1044.679806763285,15,5.5711113333333335,3.1333333333333333,1.4730317539534707,187.51730925079667,week,NA,batch,NA
Hoh fall salmon 2025,2025,11,350,bank,199.92408448368636,4,2.8208325,1.5,1.5342601818330337,70.87414246811406,week,NA,batch,NA
Hoh fall salmon 2025,2025,11,350,boat,112.84487922705311,3,3.82222,2.3333333333333335,0.5891004127481154,29.523386729977112,week,NA,batch,NA
Hoh fall salmon 2025,2025,12,348,bank,0,NA,NA,NA,NA,NA,week,NA,batch,NA
Hoh fall salmon 2025,2025,12,348,boat,29.98782608695652,1,8,2,NA,3.748478260869565,week,NA,batch,NA
Hoh fall salmon 2025,2025,12,350,bank,0,NA,NA,NA,NA,NA,week,NA,batch,NA
Hoh fall salmon 2025,2025,12,350,boat,0,NA,NA,NA,NA,NA,week,NA,batch,NA
Humptulips salmon 2022,2022,9,358,bank,11334.988745506536,114,4.200292368421053,1.7105263157894737,2.374229720206543,2698.6189891746776,week,NA,batch,NA
Humptulips salmon 2022,2022,9,358,boat,17174.59803921569,110,6.762121272727272,2.7636363636363637,1.9033616347790625,2539.82402067878,week,NA,batch,NA
Humptulips salmon 2022,2022,10,358,bank,3628.4053403454177,51,4.043790588235294,1.607843137254902,1.7809731749393776,897.2782494972989,week,NA,batch,NA
Humptulips salmon 2022,2022,10,358,boat,3156.8925773420483,35,8.16761942857143,2.8285714285714287,2.0666788077278553,386.51318232321336,week,NA,batch,NA
Humptulips salmon 2022,2022,11,358,bank,8076.049370416651,116,3.7087647413793103,1.6724137931034482,2.31690338008767,2177.5577405357676,week,NA,batch,NA
Humptulips salmon 2022,2022,11,358,boat,9292.940788671023,64,7.64947890625,2.65625,1.5966563506080074,1214.8462532628512,week,NA,batch,NA
Humptulips salmon 2022,2022,12,358,bank,2247.5110595437422,80,3.7779165,1.5375,2.252667814456079,594.9075527592371,week,NA,batch,NA
Humptulips salmon 2022,2022,12,358,boat,712.5095221496006,4,7.7958325,2.25,0.6478395363243896,91.39620715935092,week,NA,batch,NA
Humptulips salmon 2023,2023,9,358,bank,10851.130688714456,104,3.525480576923077,1.6923076923076923,1.8754426560784256,3077.9153230181637,week,NA,batch,NA
Humptulips salmon 2023,2023,9,358,boat,14458.76782311556,119,7.009383697478992,2.6218487394957983,1.988677366254344,2062.7730549714133,week,NA,batch,NA
Humptulips salmon 2023,2023,10,358,bank,12705.519199346409,134,3.831467686567164,2.1044776119402986,1.9413860305457973,3316.0971822602073,week,NA,batch,NA
Humptulips salmon 2023,2023,10,358,boat,17601.422844778008,131,7.648218854961832,2.480916030534351,1.980420450406988,2301.375415448392,week,NA,batch,NA
Humptulips salmon 2023,2023,11,358,bank,4789.487754822021,108,2.9777775925925924,1.7314814814814814,1.6911194342259157,1608.410166943351,week,NA,batch,NA
Humptulips salmon 2023,2023,11,358,boat,4298.937838355954,55,6.744545272727272,2.727272727272727,1.3864716370365708,637.3947634007956,week,NA,batch,NA
Humptulips salmon 2024,2024,9,358,bank,12621.007315980964,133,3.712907443609023,1.8421052631578947,2.593394097126114,3399.2248682916493,week,NA,batch,NA
Humptulips salmon 2024,2024,9,358,boat,12256.436699659427,108,6.533950833333333,2.564814814814815,1.928943949552255,1875.8079165720835,week,NA,batch,NA
Humptulips salmon 2024,2024,10,358,bank,10912.111765396932,153,3.38518522875817,1.69281045751634,2.0699433045468347,3223.490304960346,week,NA,batch,NA
Humptulips salmon 2024,2024,10,358,boat,9263.413860153258,94,6.838652659574468,2.7127659574468086,1.7339863810593503,1354.5670940289676,week,NA,batch,NA
Humptulips salmon 2024,2024,11,358,bank,5690.811265279626,67,3.312686417910448,1.5970149253731345,1.9909327125090113,1717.8840817867797,week,NA,batch,NA
Humptulips salmon 2024,2024,11,358,boat,3220.0622222222223,27,6.573457037037037,2.5555555555555554,1.486147626254422,489.8582593724008,week,NA,batch,NA
Humptulips salmon 2024,2024,12,358,bank,2539.122063779273,43,3.233333488372093,1.6744186046511629,1.9943569835375912,785.295445988054,week,NA,batch,NA
Humptulips salmon 2024,2024,12,358,boat,893.033031077054,15,6.692222,2.6666666666666665,0.9632927815956506,133.44342597676138,week,NA,batch,NA
Humptulips salmon 2025,2025,9,358,bank,11334.341081891613,60,3.4208333333333334,1.7,2.479297870811218,3313.327478263078,week,NA,batch,NA
Humptulips salmon 2025,2025,9,358,boat,13192.165806781046,70,5.435238285714286,2.642857142857143,2.061343077496307,2427.1550046765547,week,NA,batch,NA
Humptulips salmon 2025,2025,10,358,bank,11408.081324330053,143,3.768764195804196,1.972027972027972,2.403999961053295,3027.0085183442325,week,NA,batch,NA
Humptulips salmon 2025,2025,10,358,boat,10603.035678104574,81,7.017283827160494,2.493827160493827,2.164392195711401,1510.9885732518585,week,NA,batch,NA
Humptulips salmon 2025,2025,11,358,bank,4634.057427816,140,3.2760710714285715,1.6571428571428573,2.092949273419563,1414.5167570480276,week,NA,batch,NA
Humptulips salmon 2025,2025,11,358,boat,3639.086678921568,58,6.191379310344828,2.603448275862069,1.7293789513314564,587.766715058343,week,NA,batch,NA
Humptulips salmon 2025,2025,12,358,bank,3976.748345587,75,3.4340001333333334,1.44,1.5955722466000255,1158.051307856773,week,NA,batch,NA
Humptulips salmon 2025,2025,12,358,boat,683.0220261437908,5,6.53,2.2,0.7141827108310591,104.59755377393428,week,NA,batch,NA
Lower Chehalis salmon 2023,2023,9,317,bank,3797.203201703139,23,3.0405791304347827,1.5217391304347827,1.9016662326709777,1248.8420918551012,week,NA,batch,NA
Lower Chehalis salmon 2023,2023,9,317,boat,21490.879708245982,212,4.878931179245283,2.0754716981132075,1.9502074025828957,4404.833542163303,week,NA,batch,NA
Lower Chehalis salmon 2023,2023,9,NA,bank,3797.203201703139,NA,NA,NA,NA,NA,week,NA,batch,NA
Lower Chehalis salmon 2023,2023,9,NA,boat,21490.879708245982,8,3.6166675,2.125,1.838888216564952,5942.177352008715,week,NA,batch,NA
Lower Chehalis salmon 2023,2023,10,317,bank,9328.835618898189,43,2.965890930232558,1.302325581395349,1.9744534345976237,3145.373797736623,week,NA,batch,NA
Lower Chehalis salmon 2023,2023,10,317,boat,22134.49861751689,215,4.915658976744186,2.046511627906977,2.163710738040778,4502.854799780547,week,NA,batch,NA
Lower Chehalis salmon 2023,2023,10,NA,bank,9328.835618898189,NA,NA,NA,NA,NA,week,NA,batch,NA
Lower Chehalis salmon 2023,2023,10,NA,boat,22134.49861751689,11,4.94394,1.9090909090909092,2.105868755445125,4477.096934331098,week,NA,batch,NA
Lower Chehalis salmon 2023,2023,11,317,bank,1689.494621349263,44,2.323105909090909,1.2045454545454546,1.60394899163127,727.2568223161231,week,NA,batch,NA
Lower Chehalis salmon 2023,2023,11,317,boat,2814.732806894945,24,4.699999583333334,2.2916666666666665,1.9557231547379297,598.8793737080888,week,NA,batch,NA
Lower Chehalis salmon 2023,2023,11,NA,bank,1689.494621349263,NA,NA,NA,NA,NA,week,NA,batch,NA
Lower Chehalis salmon 2023,2023,11,NA,boat,2814.732806894945,10,3.948332,1.5,2.301347081630428,712.891622815646,week,NA,batch,NA
Lower Chehalis salmon 2023,2023,12,317,bank,57.431229454902315,NA,NA,NA,NA,NA,week,NA,batch,NA
Lower Chehalis salmon 2023,2023,12,317,boat,49.97051013277428,NA,NA,NA,NA,NA,week,NA,batch,NA
Lower Chehalis salmon 2023,2023,12,NA,bank,57.431229454902315,NA,NA,NA,NA,NA,week,NA,batch,NA
Lower Chehalis salmon 2023,2023,12,NA,boat,49.97051013277428,NA,NA,NA,NA,NA,week,NA,batch,NA
Lower Cowlitz salmon and steelhead 2022-23,2022,8,507,NA,0,NA,NA,NA,NA,NA,week,NA,batch,NA
Lower Cowlitz salmon and steelhead 2022-23,2022,8,561,NA,0,NA,NA,NA,NA,NA,week,NA,batch,NA
Lower Cowlitz salmon and steelhead 2022-23,2022,9,507,NA,0,NA,NA,NA,NA,NA,week,NA,batch,NA
Lower Cowlitz salmon and steelhead 2022-23,2022,9,561,NA,0,NA,NA,NA,NA,NA,week,NA,batch,NA
Lower Cowlitz salmon and steelhead 2022-23,2022,10,507,NA,0,NA,NA,NA,NA,NA,week,NA,batch,NA
Lower Cowlitz salmon and steelhead 2022-23,2022,10,561,NA,0,NA,NA,NA,NA,NA,week,NA,batch,NA
Lower Cowlitz salmon and steelhead 2022-23,2022,11,507,NA,0,NA,NA,NA,NA,NA,week,NA,batch,NA
Lower Cowlitz salmon and steelhead 2022-23,2022,11,561,NA,0,NA,NA,NA,NA,NA,week,NA,batch,NA
Lower Cowlitz salmon and steelhead 2022-23,2022,12,507,NA,0,NA,NA,NA,NA,NA,week,NA,batch,NA
Lower Cowlitz salmon and steelhead 2022-23,2022,12,561,NA,0,NA,NA,NA,NA,NA,week,NA,batch,NA
Lower Cowlitz salmon and steelhead 2022-23,2023,1,507,NA,0,NA,NA,NA,NA,NA,week,NA,batch,NA
Lower Cowlitz salmon and steelhead 2022-23,2023,1,561,NA,0,NA,NA,NA,NA,NA,week,NA,batch,NA
Lower Cowlitz salmon and steelhead 2022-23,2023,2,507,NA,0,NA,NA,NA,NA,NA,week,NA,batch,NA
Lower Cowlitz salmon and steelhead 2022-23,2023,2,561,NA,0,NA,NA,NA,NA,NA,week,NA,batch,NA
Lower Cowlitz salmon and steelhead 2022-23,2023,3,507,NA,0,NA,NA,NA,NA,NA,week,NA,batch,NA
Lower Cowlitz salmon and steelhead 2022-23,2023,3,561,NA,0,NA,NA,NA,NA,NA,week,NA,batch,NA
Lower Cowlitz salmon and steelhead 2022-23,2023,4,507,NA,0,NA,NA,NA,NA,NA,week,NA,batch,NA
Lower Cowlitz salmon and steelhead 2022-23,2023,4,561,NA,0,NA,NA,NA,NA,NA,week,NA,batch,NA
Lower Cowlitz salmon and steelhead 2022-23,2023,5,507,NA,0,NA,NA,NA,NA,NA,week,NA,batch,NA
Lower Cowlitz salmon and steelhead 2022-23,2023,5,561,NA,0,NA,NA,NA,NA,NA,week,NA,batch,NA
Lower Cowlitz salmon and steelhead 2022-23,2023,6,507,NA,0,NA,NA,NA,NA,NA,week,NA,batch,NA
Lower Cowlitz salmon and steelhead 2022-23,2023,6,561,NA,0,NA,NA,NA,NA,NA,week,NA,batch,NA
Lower Cowlitz salmon and steelhead 2022-23,2023,7,507,NA,0,NA,NA,NA,NA,NA,week,NA,batch,NA
Lower Cowlitz salmon and steelhead 2022-23,2023,7,561,NA,0,NA,NA,NA,NA,NA,week,NA,batch,NA
Lower Cowlitz salmon and steelhead 2023-24,2023,8,507,NA,0,NA,NA,NA,NA,NA,week,NA,batch,NA
Lower Cowlitz salmon and steelhead 2023-24,2023,8,561,NA,0,NA,NA,NA,NA,NA,week,NA,batch,NA
Lower Cowlitz salmon and steelhead 2023-24,2023,9,507,NA,0,NA,NA,NA,NA,NA,week,NA,batch,NA
Lower Cowlitz salmon and steelhead 2023-24,2023,9,561,NA,0,NA,NA,NA,NA,NA,week,NA,batch,NA
Lower Cowlitz salmon and steelhead 2023-24,2023,10,507,NA,0,NA,NA,NA,NA,NA,week,NA,batch,NA
Lower Cowlitz salmon and steelhead 2023-24,2023,10,561,NA,0,NA,NA,NA,NA,NA,week,NA,batch,NA
Lower Cowlitz salmon and steelhead 2023-24,2023,11,507,NA,0,NA,NA,NA,NA,NA,week,NA,batch,NA
Lower Cowlitz salmon and steelhead 2023-24,2023,11,561,NA,0,NA,NA,NA,NA,NA,week,NA,batch,NA
Lower Cowlitz salmon and steelhead 2023-24,2023,12,507,NA,0,NA,NA,NA,NA,NA,week,NA,batch,NA
Lower Cowlitz salmon and steelhead 2023-24,2023,12,561,NA,0,NA,NA,NA,NA,NA,week,NA,batch,NA
Lower Cowlitz salmon and steelhead 2023-24,2024,1,507,NA,0,NA,NA,NA,NA,NA,week,NA,batch,NA
Lower Cowlitz salmon and steelhead 2023-24,2024,1,561,NA,0,NA,NA,NA,NA,NA,week,NA,batch,NA
Lower Cowlitz salmon and steelhead 2023-24,2024,2,507,NA,0,NA,NA,NA,NA,NA,week,NA,batch,NA
Lower Cowlitz salmon and steelhead 2023-24,2024,2,561,NA,0,NA,NA,NA,NA,NA,week,NA,batch,NA
Lower Cowlitz salmon and steelhead 2023-24,2024,3,507,NA,0,NA,NA,NA,NA,NA,week,NA,batch,NA
Lower Cowlitz salmon and steelhead 2023-24,2024,3,561,NA,0,NA,NA,NA,NA,NA,week,NA,batch,NA
Lower Cowlitz salmon and steelhead 2023-24,2024,4,507,NA,0,NA,NA,NA,NA,NA,week,NA,batch,NA
Lower Cowlitz salmon and steelhead 2023-24,2024,4,561,NA,0,NA,NA,NA,NA,NA,week,NA,batch,NA
Lower Cowlitz salmon and steelhead 2023-24,2024,5,507,NA,0,NA,NA,NA,NA,NA,week,NA,batch,NA
Lower Cowlitz salmon and steelhead 2023-24,2024,5,561,NA,0,NA,NA,NA,NA,NA,week,NA,batch,NA
Lower Cowlitz salmon and steelhead 2023-24,2024,6,507,NA,0,NA,NA,NA,NA,NA,week,NA,batch,NA
Lower Cowlitz salmon and steelhead 2023-24,2024,6,561,NA,0,NA,NA,NA,NA,NA,week,NA,batch,NA
Lower Cowlitz salmon and steelhead 2023-24,2024,7,507,NA,0,NA,NA,NA,NA,NA,week,NA,batch,NA
Lower Cowlitz salmon and steelhead 2023-24,2024,7,561,NA,0,NA,NA,NA,NA,NA,week,NA,batch,NA
Nisqually salmon 2022,2022,7,786,bank,2877.450291240095,NA,NA,NA,NA,NA,week,NA,batch,NA
Nisqually salmon 2022,2022,7,786,boat,98.40771241830063,NA,NA,NA,NA,NA,week,NA,batch,NA
Nisqually salmon 2022,2022,8,786,bank,12046.563129012287,NA,NA,NA,NA,NA,week,NA,batch,NA
Nisqually salmon 2022,2022,8,786,boat,450.0453740014524,NA,NA,NA,NA,NA,week,NA,batch,NA
Nisqually salmon 2022,2022,9,786,bank,32537.030217439205,NA,NA,NA,NA,NA,week,NA,batch,NA
Nisqually salmon 2022,2022,9,786,boat,1014.5261147421932,NA,NA,NA,NA,NA,week,NA,batch,NA
Nisqually salmon 2022,2022,10,786,bank,8623.013020187442,NA,NA,NA,NA,NA,week,NA,batch,NA
Nisqually salmon 2022,2022,10,786,boat,650.9047930283224,NA,NA,NA,NA,NA,week,NA,batch,NA
Nisqually salmon 2022,2022,11,786,bank,312.505857246625,NA,NA,NA,NA,NA,week,NA,batch,NA
Nisqually salmon 2022,2022,11,786,boat,28.65249092229484,NA,NA,NA,NA,NA,week,NA,batch,NA
Nooksack fall salmon 2023,2023,11,794,bank,145.88446784696785,17,2.236275294117647,1.411764705882353,1.2679039208626852,65.23546909931255,week,NA,batch,NA
Nooksack fall salmon 2023,2023,11,794,boat,142.22233796296297,4,4.591665,1.75,1.3998335483073217,30.97402314039961,week,NA,batch,NA
Nooksack fall salmon 2024,2024,11,794,bank,1524.1209138645222,10,2.934999,1.5,1.5592694645139291,519.2918000532615,week,NA,batch,NA
Nooksack fall salmon 2024,2024,11,794,boat,304.8181481481481,2,4.725,2,1.520279579551077,64.51177738585146,week,NA,batch,NA
Puyallup Carbon salmon 2024,2024,8,802,bank,0,NA,NA,NA,NA,NA,week,NA,batch,NA
Puyallup Carbon salmon 2024,2024,8,804,bank,62752.21956109929,NA,NA,NA,NA,NA,week,NA,batch,NA
Puyallup Carbon salmon 2024,2024,9,802,bank,21515.901286156673,NA,NA,NA,NA,NA,week,NA,batch,NA
Puyallup Carbon salmon 2024,2024,9,804,bank,34235.31483225327,NA,NA,NA,NA,NA,week,NA,batch,NA
Puyallup Carbon salmon 2024,2024,10,802,bank,14881.297528243738,NA,NA,NA,NA,NA,week,NA,batch,NA
Puyallup Carbon salmon 2024,2024,10,804,bank,4559.073028680639,NA,NA,NA,NA,NA,week,NA,batch,NA
Puyallup Carbon salmon 2025,2025,8,804,bank,112964.08830739598,NA,NA,NA,NA,NA,week,NA,batch,NA
Puyallup Carbon salmon 2025,2025,9,802,bank,26640.77603029523,NA,NA,NA,NA,NA,week,NA,batch,NA
Puyallup Carbon salmon 2025,2025,9,804,bank,108891.78444902164,NA,NA,NA,NA,NA,week,NA,batch,NA
Puyallup Carbon salmon 2025,2025,10,802,bank,16543.993472444727,NA,NA,NA,NA,NA,week,NA,batch,NA
Puyallup Carbon salmon 2025,2025,10,804,bank,11102.687766982464,NA,NA,NA,NA,NA,week,NA,batch,NA
Puyallup_Carbon salmon 2022,2022,8,802,bank,3952.881678932843,NA,NA,NA,NA,NA,week,NA,batch,NA
Puyallup_Carbon salmon 2022,2022,8,804,bank,42976.27137963814,NA,NA,NA,NA,NA,week,NA,batch,NA
Puyallup_Carbon salmon 2022,2022,9,802,bank,14368.18729277829,NA,NA,NA,NA,NA,week,NA,batch,NA
Puyallup_Carbon salmon 2022,2022,9,804,bank,45413.57776448942,NA,NA,NA,NA,NA,week,NA,batch,NA
Puyallup_Carbon salmon 2023,2023,8,802,bank,10189.03803508772,NA,NA,NA,NA,NA,week,NA,batch,NA
Puyallup_Carbon salmon 2023,2023,8,804,bank,140791.6285802469,NA,NA,NA,NA,NA,week,NA,batch,NA
Puyallup_Carbon salmon 2023,2023,9,802,bank,30687.19456359649,NA,NA,NA,NA,NA,week,NA,batch,NA
Puyallup_Carbon salmon 2023,2023,9,804,bank,124959.01999431448,NA,NA,NA,NA,NA,week,NA,batch,NA
Puyallup_Carbon salmon 2023,2023,10,802,bank,7079.630493421053,NA,NA,NA,NA,NA,week,NA,batch,NA
Puyallup_Carbon salmon 2023,2023,10,804,bank,5604.106429093567,NA,NA,NA,NA,NA,week,NA,batch,NA
Quillayute fall salmon 2022,2022,9,398,bank,67.18300295033274,NA,NA,NA,NA,NA,week,NA,batch,NA
Quillayute fall salmon 2022,2022,9,398,boat,0,NA,NA,NA,NA,NA,week,NA,batch,NA
Quillayute fall salmon 2022,2022,9,400,bank,0,NA,NA,NA,NA,NA,week,NA,batch,NA
Quillayute fall salmon 2022,2022,9,400,boat,0,NA,NA,NA,NA,NA,week,NA,batch,NA
Quillayute fall salmon 2022,2022,9,402,bank,84.64643214772245,NA,NA,NA,NA,NA,week,NA,batch,NA
Quillayute fall salmon 2022,2022,9,402,boat,0,NA,NA,NA,NA,NA,week,NA,batch,NA
Quillayute fall salmon 2022,2022,9,404,bank,1614.1191975893587,3,4.0722233333333335,2.3333333333333335,0.9295069282331002,396.372955377208,week,NA,batch,NA
Quillayute fall salmon 2022,2022,9,404,boat,130.84148148148148,2,5.441665,1.5,0.1296338861949302,24.04438374679101,week,NA,batch,NA
Quillayute fall salmon 2022,2022,9,406,bank,84.64643214772245,NA,NA,NA,NA,NA,week,NA,batch,NA
Quillayute fall salmon 2022,2022,9,406,boat,0,NA,NA,NA,NA,NA,week,NA,batch,NA
Quillayute fall salmon 2022,2022,10,398,bank,158.2825050080913,1,5.25,1,NA,30.14904857296977,week,NA,batch,NA
Quillayute fall salmon 2022,2022,10,398,boat,6.169794238683128,NA,NA,NA,NA,NA,week,NA,batch,NA
Quillayute fall salmon 2022,2022,10,400,bank,3.066399099183501,NA,NA,NA,NA,NA,week,NA,batch,NA
Quillayute fall salmon 2022,2022,10,400,boat,0,NA,NA,NA,NA,NA,week,NA,batch,NA
Quillayute fall salmon 2022,2022,10,402,bank,2.31979195623494,NA,NA,NA,NA,NA,week,NA,batch,NA
Quillayute fall salmon 2022,2022,10,402,boat,44.84166666666666,NA,NA,NA,NA,NA,week,NA,batch,NA
Quillayute fall salmon 2022,2022,10,404,bank,681.3191192214118,6,6.641666666666667,4.166666666666667,3.73277885465864,102.58255245491772,week,NA,batch,NA
Quillayute fall salmon 2022,2022,10,404,boat,302.0451440329218,1,2,2,NA,151.0225720164609,week,NA,batch,NA
Quillayute fall salmon 2022,2022,10,406,bank,119.0668400855322,NA,NA,NA,NA,NA,week,NA,batch,NA
Quillayute fall salmon 2022,2022,10,406,boat,139.50082304526748,1,5.68333,4,NA,24.545613759058067,week,NA,batch,NA
Quillayute fall salmon 2022,2022,11,398,bank,743.2039645949408,28,4.658928214285714,1.4285714285714286,2.732164111805408,159.52251900255678,week,NA,batch,NA
Quillayute fall salmon 2022,2022,11,398,boat,1173.836316872428,29,6.9212644827586205,2.7586206896551726,1.5410124036202075,169.59853503598086,week,NA,batch,NA
Quillayute fall salmon 2022,2022,11,400,bank,517.1196785350623,6,6.558333333333334,1.6666666666666667,2.1872298410973334,78.84925212732844,week,NA,batch,NA
Quillayute fall salmon 2022,2022,11,400,boat,30.421851851851848,NA,NA,NA,NA,NA,week,NA,batch,NA
Quillayute fall salmon 2022,2022,11,402,bank,85.52336928267444,NA,NA,NA,NA,NA,week,NA,batch,NA
Quillayute fall salmon 2022,2022,11,402,boat,80.4904732510288,2,6.008335,1.5,4.254428157161665,13.396468947059178,week,NA,batch,NA
Quillayute fall salmon 2022,2022,11,404,bank,311.15889881910766,9,4.88889,2.111111111111111,3.4136358793337935,63.64612392978931,week,NA,batch,NA
Quillayute fall salmon 2022,2022,11,404,boat,709.4356584362139,23,6.299999565217392,2.4347826086956523,1.8645353091843708,112.6088424439016,week,NA,batch,NA
Quillayute fall salmon 2022,2022,11,406,bank,1675.8222541312598,22,4.150756818181818,1.9545454545454544,2.853126521944431,403.7389631670426,week,NA,batch,NA
Quillayute fall salmon 2022,2022,11,406,boat,2100.527777777778,32,6.4921884375,2.96875,2.236143560204905,323.54695154021823,week,NA,batch,NA
Quillayute fall salmon 2022,2022,12,398,bank,705.5190903861715,55,4.076364,1.7454545454545454,2.2637226896760287,173.07558657327252,week,NA,batch,NA
Quillayute fall salmon 2022,2022,12,398,boat,547.068353909465,41,6.4166668292682925,2.2195121951219514,1.6621691232985876,85.25740364360611,week,NA,batch,NA
Quillayute fall salmon 2022,2022,12,400,bank,551.9205203564256,11,4.89394,1.818181818181818,2.578342390339188,112.77631527080956,week,NA,batch,NA
Quillayute fall salmon 2022,2022,12,400,boat,26.56395061728395,4,4.0333325,2.25,0.4642781733239244,6.58610481959619,week,NA,batch,NA
Quillayute fall salmon 2022,2022,12,402,bank,4.057803714562604,NA,NA,NA,NA,NA,week,NA,batch,NA
Quillayute fall salmon 2022,2022,12,402,boat,0,NA,NA,NA,NA,NA,week,NA,batch,NA
Quillayute fall salmon 2022,2022,12,404,bank,92.21641402128188,1,2,3,NA,46.10820701064094,week,NA,batch,NA
Quillayute fall salmon 2022,2022,12,404,boat,43.02800411522634,2,5.68333,2,0.9899494936611668,7.570914255414755,week,NA,batch,NA
Quillayute fall salmon 2022,2022,12,406,bank,110.31118773631545,1,1.33333,1,NA,82.73359763623068,week,NA,batch,NA
Quillayute fall salmon 2022,2022,12,406,boat,41.20090534979424,NA,NA,NA,NA,NA,week,NA,batch,NA
Quillayute fall salmon 2023,2023,9,398,bank,0,NA,NA,NA,NA,NA,week,NA,batch,NA
Quillayute fall salmon 2023,2023,9,398,boat,0,NA,NA,NA,NA,NA,week,NA,batch,NA
Quillayute fall salmon 2023,2023,9,400,bank,0,NA,NA,NA,NA,NA,week,NA,batch,NA
Quillayute fall salmon 2023,2023,9,400,boat,0,NA,NA,NA,NA,NA,week,NA,batch,NA
Quillayute fall salmon 2023,2023,9,402,bank,0,NA,NA,NA,NA,NA,week,NA,batch,NA
Quillayute fall salmon 2023,2023,9,402,boat,0,NA,NA,NA,NA,NA,week,NA,batch,NA
Quillayute fall salmon 2023,2023,9,404,bank,0,NA,NA,NA,NA,NA,week,NA,batch,NA
Quillayute fall salmon 2023,2023,9,404,boat,0,NA,NA,NA,NA,NA,week,NA,batch,NA
Quillayute fall salmon 2023,2023,9,406,bank,0,NA,NA,NA,NA,NA,week,NA,batch,NA
Quillayute fall salmon 2023,2023,9,406,boat,0,NA,NA,NA,NA,NA,week,NA,batch,NA
Quillayute fall salmon 2023,2023,10,398,bank,391.7274420298329,5,5.183332,2.2,2.674676216127851,75.57444555545214,week,NA,batch,NA
Quillayute fall salmon 2023,2023,10,398,boat,908.9830492424244,19,6.8421042105263155,2.9473684210526314,2.095633103997495,132.85138917410652,week,NA,batch,NA
Quillayute fall salmon 2023,2023,10,400,bank,384.5871115802445,3,2.68889,1.6666666666666667,2.07901880347437,143.02820553471673,week,NA,batch,NA
Quillayute fall salmon 2023,2023,10,400,boat,21.509469696969695,NA,NA,NA,NA,NA,week,NA,batch,NA
Quillayute fall salmon 2023,2023,10,402,bank,134.1827605319379,NA,NA,NA,NA,NA,week,NA,batch,NA
Quillayute fall salmon 2023,2023,10,402,boat,735.2465909090909,NA,NA,NA,NA,NA,week,NA,batch,NA
Quillayute fall salmon 2023,2023,10,404,bank,2640.790805569325,32,5.33489625,1.9375,3.1585393512413806,495.00321689842144,week,NA,batch,NA
Quillayute fall salmon 2023,2023,10,404,boat,4648.700568181818,36,6.647685555555555,2.3333333333333335,2.409321588928474,699.296097766965,week,NA,batch,NA
Quillayute fall salmon 2023,2023,10,406,bank,1483.7303630629892,33,4.2752530303030305,2.060606060606061,2.8181181667365425,347.05088857812524,week,NA,batch,NA
Quillayute fall salmon 2023,2023,10,406,boat,537.7016098484848,5,5.766666,2.8,2.4296484770908733,93.24306451049615,week,NA,batch,NA
Quillayute fall salmon 2023,2023,11,398,bank,359.5377052257368,6,3.1277783333333335,1.8333333333333333,1.7577952457373032,114.94986757663564,week,NA,batch,NA
Quillayute fall salmon 2023,2023,11,398,boat,952.0721117424242,18,6.168518888888888,2.888888888888889,1.5556544116597169,154.34371344105867,week,NA,batch,NA
Quillayute fall salmon 2023,2023,11,400,bank,92.19387821072252,3,1.8222233333333333,2,1.0463334218275422,50.5941706069998,week,NA,batch,NA
Quillayute fall salmon 2023,2023,11,400,boat,41.61335227272727,NA,NA,NA,NA,NA,week,NA,batch,NA
Quillayute fall salmon 2023,2023,11,402,bank,11.444217802012131,NA,NA,NA,NA,NA,week,NA,batch,NA
Quillayute fall salmon 2023,2023,11,402,boat,0,NA,NA,NA,NA,NA,week,NA,batch,NA
Quillayute fall salmon 2023,2023,11,404,bank,195.3850961558601,4,2.3458325,2.5,1.984309719984509,83.29030148395509,week,NA,batch,NA
Quillayute fall salmon 2023,2023,11,404,boat,467.2759943181818,1,2.4,5,NA,194.6983309659091,week,NA,batch,NA
Quillayute fall salmon 2023,2023,11,406,bank,643.7083470233399,10,3.341667,1.5,1.8896618173516304,192.63090757497375,week,NA,batch,NA
Quillayute fall salmon 2023,2023,11,406,boat,570.6861742424242,6,5.644445,2.6666666666666665,1.4103049683348634,101.10580831993651,week,NA,batch,NA
Quillayute fall salmon 2023,2023,12,398,bank,43.33312341602027,NA,NA,NA,NA,NA,week,NA,batch,NA
Quillayute fall salmon 2023,2023,12,398,boat,0,NA,NA,NA,NA,NA,week,NA,batch,NA
Quillayute fall salmon 2023,2023,12,400,bank,0,NA,NA,NA,NA,NA,week,NA,batch,NA
Quillayute fall salmon 2023,2023,12,400,boat,0,NA,NA,NA,NA,NA,week,NA,batch,NA
Quillayute fall salmon 2023,2023,12,402,bank,0,NA,NA,NA,NA,NA,week,NA,batch,NA
Quillayute fall salmon 2023,2023,12,402,boat,0,NA,NA,NA,NA,NA,week,NA,batch,NA
Quillayute fall salmon 2023,2023,12,404,bank,0.9632852524942228,NA,NA,NA,NA,NA,week,NA,batch,NA
Quillayute fall salmon 2023,2023,12,404,boat,10.933522727272726,1,7.53333,3,NA,1.4513532166084222,week,NA,batch,NA
Quillayute fall salmon 2023,2023,12,406,bank,5.385064223177943,NA,NA,NA,NA,NA,week,NA,batch,NA
Quillayute fall salmon 2023,2023,12,406,boat,0,NA,NA,NA,NA,NA,week,NA,batch,NA
Quillayute fall salmon 2024,2024,9,398,bank,319.59157830482616,13,2.0974361538461537,2.076923076923077,1.0967927102658497,152.3724942562748,week,NA,batch,NA
Quillayute fall salmon 2024,2024,9,398,boat,794.1880952380952,11,6.1393936363636366,2.5454545454545454,1.8675638825928969,129.35937036747703,week,NA,batch,NA
Quillayute fall salmon 2024,2024,9,400,bank,329.92743930376565,10,4.261667,2.2,1.6234024637371285,77.41746112583776,week,NA,batch,NA
Quillayute fall salmon 2024,2024,9,400,boat,47.577242063492065,NA,NA,NA,NA,NA,week,NA,batch,NA
Quillayute fall salmon 2024,2024,9,402,bank,116.70781161423282,1,0.51667,2,NA,225.8846296750979,week,NA,batch,NA
Quillayute fall salmon 2024,2024,9,402,boat,371.9976951058201,NA,NA,NA,NA,NA,week,NA,batch,NA
Quillayute fall salmon 2024,2024,9,404,bank,1329.8386206106811,23,4.657246521739131,2.347826086956522,3.782992624494298,285.5418141176874,week,NA,batch,NA
Quillayute fall salmon 2024,2024,9,404,boat,1637.4585515873016,25,5.3413324,2.36,1.6302634449128153,306.56368654145206,week,NA,batch,NA
Quillayute fall salmon 2024,2024,9,406,bank,1142.3368233451636,18,2.5361105555555556,2.1666666666666665,1.451326680659386,450.428637995604,week,NA,batch,NA
Quillayute fall salmon 2024,2024,9,406,boat,259.73810185185187,1,3.98333,2,NA,65.20627260404031,week,NA,batch,NA
Quillayute fall salmon 2024,2024,10,398,bank,240.30985586663743,11,4.375758181818182,2,3.148425904923977,54.9184497592108,week,NA,batch,NA
Quillayute fall salmon 2024,2024,10,398,boat,1082.8311970899472,8,5.9229175,2.125,2.7660622568437816,182.82057737423276,week,NA,batch,NA
Quillayute fall salmon 2024,2024,10,400,bank,216.60170780659817,5,2.620002,2,0.9064113672444758,82.6723444511104,week,NA,batch,NA
Quillayute fall salmon 2024,2024,10,400,boat,67.71170634920634,NA,NA,NA,NA,NA,week,NA,batch,NA
Quillayute fall salmon 2024,2024,10,402,bank,100.75550615515124,3,1.9944433333333331,1.3333333333333333,0.9916766759550883,50.51810922437066,week,NA,batch,NA
Quillayute fall salmon 2024,2024,10,402,boat,556.3760218253968,2,7.074999999999999,2.5,0.22391243333053196,78.63972039934939,week,NA,batch,NA
Quillayute fall salmon 2024,2024,10,404,bank,1384.7592336977664,45,3.524814222222222,2,2.4429807127131777,392.8602037995477,week,NA,batch,NA
Quillayute fall salmon 2024,2024,10,404,boat,4716.400575396826,41,5.541057804878049,2.341463414634146,2.638693992884086,851.1733213186768,week,NA,batch,NA
Quillayute fall salmon 2024,2024,10,406,bank,1621.7814191803395,40,2.42833325,1.925,1.5869044690914762,667.8578482505807,week,NA,batch,NA
Quillayute fall salmon 2024,2024,10,406,boat,4197.156263227514,40,6.81750075,2.75,1.7659446432584656,615.6444153273491,week,NA,batch,NA
Quillayute fall salmon 2024,2024,11,398,bank,690.8799032506267,23,3.3833334782608695,2.0434782608695654,1.7033684512795888,204.20094787870536,week,NA,batch,NA
Quillayute fall salmon 2024,2024,11,398,boat,1333.1500264550266,17,5.737255294117647,2.588235294117647,1.730651207295673,232.3672136085512,week,NA,batch,NA
Quillayute fall salmon 2024,2024,11,400,bank,342.13124760838906,2,2.9666699999999997,1.5,0.7778174593052023,115.32501006461425,week,NA,batch,NA
Quillayute fall salmon 2024,2024,11,400,boat,72.31814153439153,NA,NA,NA,NA,NA,week,NA,batch,NA
Quillayute fall salmon 2024,2024,11,402,bank,24.13982400277744,NA,NA,NA,NA,NA,week,NA,batch,NA
Quillayute fall salmon 2024,2024,11,402,boat,58.737876984126984,NA,NA,NA,NA,NA,week,NA,batch,NA
Quillayute fall salmon 2024,2024,11,404,bank,98.27046905508878,NA,NA,NA,NA,NA,week,NA,batch,NA
Quillayute fall salmon 2024,2024,11,404,boat,477.68723544973545,1,4.31667,3,NA,110.66105017287292,week,NA,batch,NA
Quillayute fall salmon 2024,2024,11,406,bank,760.8349794954999,18,2.305555555555556,1.6111111111111112,2.145857590193452,330.00071399804807,week,NA,batch,NA
Quillayute fall salmon 2024,2024,11,406,boat,3293.6003802910054,57,6.1456140350877195,2.6140350877192984,1.456902372495028,535.9269816631096,week,NA,batch,NA
Quillayute fall salmon 2025,2025,9,398,bank,265.7962173187886,4,3.4083325,1.75,2.0906536590800973,77.98423930728254,week,NA,batch,NA
Quillayute fall salmon 2025,2025,9,398,boat,189.87146990740743,2,6.758335,2.5,1.0017369637035465,28.094415252781555,week,NA,batch,NA
Quillayute fall salmon 2025,2025,9,400,bank,614.3345596363433,12,6.4652775,2.0833333333333335,2.5211767666567027,95.020601921007,week,NA,batch,NA
Quillayute fall salmon 2025,2025,9,400,boat,0,NA,NA,NA,NA,NA,week,NA,batch,NA
Quillayute fall salmon 2025,2025,9,402,bank,93.46920970352949,NA,NA,NA,NA,NA,week,NA,batch,NA
Quillayute fall salmon 2025,2025,9,402,boat,39.71068672839507,NA,NA,NA,NA,NA,week,NA,batch,NA
Quillayute fall salmon 2025,2025,9,404,bank,1844.8615962434485,34,3.183333823529412,1.8823529411764703,2.257706410430076,579.5375849705958,week,NA,batch,NA
Quillayute fall salmon 2025,2025,9,404,boat,2114.7460358796297,25,5.0593328,2.64,2.33844320962423,417.9891142720696,week,NA,batch,NA
Quillayute fall salmon 2025,2025,9,406,bank,2060.7603013416133,19,4.198246842105263,1.4210526315789471,4.07244961349507,490.8621095533819,week,NA,batch,NA
Quillayute fall salmon 2025,2025,9,406,boat,408.7960841049383,3,6.044443333333334,3.6666666666666665,2.1071508321981445,67.63171752319154,week,NA,batch,NA
Quillayute fall salmon 2025,2025,10,398,bank,252.03613917399855,1,4.21667,1,NA,59.77136915480665,week,NA,batch,NA
Quillayute fall salmon 2025,2025,10,398,boat,1268.843007330247,12,5.941666666666666,2.4166666666666665,1.8622855703303416,213.5500152589476,week,NA,batch,NA
Quillayute fall salmon 2025,2025,10,400,bank,274.2184059627735,NA,NA,NA,NA,NA,week,NA,batch,NA
Quillayute fall salmon 2025,2025,10,400,boat,28.419945987654323,1,5.8,2,NA,4.899990687526608,week,NA,batch,NA
Quillayute fall salmon 2025,2025,10,402,bank,425.47386977087274,3,2.1777766666666665,2.3333333333333335,2.862802321089134,195.37075416558147,week,NA,batch,NA
Quillayute fall salmon 2025,2025,10,402,boat,24.26616512345679,NA,NA,NA,NA,NA,week,NA,batch,NA
Quillayute fall salmon 2025,2025,10,404,bank,4113.260623405498,32,4.82864625,2.28125,3.1797645254455964,851.8455091642918,week,NA,batch,NA
Quillayute fall salmon 2025,2025,10,404,boat,6523.368778935186,66,6.057323181818182,2.8181818181818183,1.975590915119329,1076.9391995652302,week,NA,batch,NA
Quillayute fall salmon 2025,2025,10,406,bank,4833.049315266104,41,3.973577317073171,1.975609756097561,3.1020152739952978,1216.2967848895405,week,NA,batch,NA
Quillayute fall salmon 2025,2025,10,406,boat,1963.4407310956792,22,6.748485,2.4545454545454546,1.7844862977358895,290.9454093912455,week,NA,batch,NA
Quillayute fall salmon 2025,2025,11,398,bank,1794.7393125040524,34,5.675000294117647,2,2.7530153713133876,316.2536069582882,week,NA,batch,NA
Quillayute fall salmon 2025,2025,11,398,boat,1537.1747685185187,21,6.367460476190476,2.3333333333333335,2.3923352583542217,241.4109634863693,week,NA,batch,NA
Quillayute fall salmon 2025,2025,11,400,bank,686.6364890728324,7,6.2,2.142857142857143,1.956873294978497,110.74782081819878,week,NA,batch,NA
Quillayute fall salmon 2025,2025,11,400,boat,139.051350308642,3,6.766666666666667,3.6666666666666665,0.9073771725877466,20.54946063674512,week,NA,batch,NA
Quillayute fall salmon 2025,2025,11,402,bank,49.137117799144974,1,0.51667,1,NA,95.10348539521354,week,NA,batch,NA
Quillayute fall salmon 2025,2025,11,402,boat,0,NA,NA,NA,NA,NA,week,NA,batch,NA
Quillayute fall salmon 2025,2025,11,404,bank,251.35381406369208,1,2,3,NA,125.67690703184604,week,NA,batch,NA
Quillayute fall salmon 2025,2025,11,404,boat,256.52530864197536,2,2.25,2,0.3535533905932738,114.01124828532238,week,NA,batch,NA
Quillayute fall salmon 2025,2025,11,406,bank,1564.060540801987,8,1.7458325,2.25,0.8486551873363276,895.882360307754,week,NA,batch,NA
Quillayute fall salmon 2025,2025,11,406,boat,1274.140808256173,28,6.273215,2.7142857142857144,1.1561721006086965,203.10810457734556,week,NA,batch,NA
Quillayute fall salmon 2025,2025,12,398,bank,130.88703432825113,NA,NA,NA,NA,NA,week,NA,batch,NA
Quillayute fall salmon 2025,2025,12,398,boat,163.85717592592593,NA,NA,NA,NA,NA,week,NA,batch,NA
Quillayute fall salmon 2025,2025,12,400,bank,21.938900413298622,NA,NA,NA,NA,NA,week,NA,batch,NA
Quillayute fall salmon 2025,2025,12,400,boat,9.638657407407408,NA,NA,NA,NA,NA,week,NA,batch,NA
Quillayute fall salmon 2025,2025,12,402,bank,0,NA,NA,NA,NA,NA,week,NA,batch,NA
Quillayute fall salmon 2025,2025,12,402,boat,0,NA,NA,NA,NA,NA,week,NA,batch,NA
Quillayute fall salmon 2025,2025,12,404,bank,0,NA,NA,NA,NA,NA,week,NA,batch,NA
Quillayute fall salmon 2025,2025,12,404,boat,0,NA,NA,NA,NA,NA,week,NA,batch,NA
Quillayute fall salmon 2025,2025,12,406,bank,5.244122985862384,NA,NA,NA,NA,NA,week,NA,batch,NA
Quillayute fall salmon 2025,2025,12,406,boat,9.638657407407408,NA,NA,NA,NA,NA,week,NA,batch,NA
Satsop salmon 2022,2022,10,329,bank,5693.46621639546,41,3.953251951219512,1.6829268292682926,2.3528473688269917,1440.198167647554,week,NA,batch,NA
Satsop salmon 2022,2022,10,329,boat,3085.588283632898,32,6.590624375,2.5,2.398938811931881,468.1784468460013,week,NA,batch,NA
Satsop salmon 2022,2022,11,329,bank,11769.388396414552,142,4.220070352112676,1.7112676056338028,2.2945317432176022,2788.908102094197,week,NA,batch,NA
Satsop salmon 2022,2022,11,329,boat,5836.027709241104,62,6.1107527419354835,2.467741935483871,2.058966846262249,955.0423582336988,week,NA,batch,NA
Satsop salmon 2022,2022,12,329,bank,1338.0869125049228,38,2.6469294736842106,1.5263157894736843,1.944573438469145,505.5242029710996,week,NA,batch,NA
Satsop salmon 2022,2022,12,329,boat,575.3717061546841,6,5.855555,1.8333333333333333,2.107597187251397,98.26083200562272,week,NA,batch,NA
Satsop salmon 2023,2023,10,329,bank,24743.451493754328,124,4.060618225806452,1.7258064516129032,2.2535489284598818,6093.518306277168,week,NA,batch,NA
Satsop salmon 2023,2023,10,329,boat,12761.08516872428,41,6.520325365853658,2.268292682926829,2.3741856542697937,1957.1239857987616,week,NA,batch,NA
Satsop salmon 2023,2023,11,329,bank,6130.521909290424,105,2.812380666666667,1.638095238095238,2.2023634373075156,2179.833612836109,week,NA,batch,NA
Satsop salmon 2023,2023,11,329,boat,5953.680323927102,53,5.507233018867924,2.6226415094339623,2.03509662772915,1081.065628334526,week,NA,batch,NA
Satsop salmon 2023,2023,12,329,bank,165.54873610302002,NA,NA,NA,NA,NA,week,NA,batch,NA
Satsop salmon 2023,2023,12,329,boat,141.5239700176367,NA,NA,NA,NA,NA,week,NA,batch,NA
Satsop salmon 2024,2024,10,329,bank,18066.46146108227,201,4.478441094527363,1.756218905472637,2.147174862905161,4034.0960347026585,week,NA,batch,NA
Satsop salmon 2024,2024,10,329,boat,11991.442269459498,59,6.513559322033898,2.4237288135593222,2.289155600601464,1840.9968615615676,week,NA,batch,NA
Satsop salmon 2024,2024,11,329,bank,5915.16333653877,87,3.548084482758621,1.8045977011494252,1.8997765318117537,1667.1427541487838,week,NA,batch,NA
Satsop salmon 2024,2024,11,329,boat,6052.55263211382,56,6.138095357142857,2.625,1.8241665676098016,986.0636369994658,week,NA,batch,NA
Satsop salmon 2024,2024,12,329,bank,1056.845404656333,28,2.6291667857142857,1.8214285714285712,1.837601838113315,401.9697078172284,week,NA,batch,NA
Satsop salmon 2024,2024,12,329,boat,1794.4731452624708,19,5.37193,1.894736842105263,1.5920532124063358,334.04626368222796,week,NA,batch,NA
Satsop salmon 2025,2025,10,329,bank,17263.277398062633,95,3.6643856842105262,1.9894736842105265,1.8984198189948536,4711.0972713512065,week,NA,batch,NA
Satsop salmon 2025,2025,10,329,boat,11041.524879188712,40,6.38583375,2.325,1.7745530469355209,1729.0655083509987,week,NA,batch,NA
Satsop salmon 2025,2025,11,329,bank,3255.83754688423,83,3.2200809638554215,1.6265060240963856,1.8755321477582487,1011.1042496850752,week,NA,batch,NA
Satsop salmon 2025,2025,11,329,boat,3751.711203703704,69,5.9285033333333335,2.5217391304347827,2.086568283622563,632.8260258553795,week,NA,batch,NA
Satsop salmon 2025,2025,12,329,bank,843.8877034184,16,2.169791875,1.25,1.3162540410078836,388.92564450145704,week,NA,batch,NA
Satsop salmon 2025,2025,12,329,boat,814.2489576719577,12,5.333334166666667,2.0833333333333335,2.1035795994726287,152.67165570854584,week,NA,batch,NA
Skagit fall salmon 2022,2022,9,830,bank,16306.949570974346,88,3.0863642045454545,1.625,1.8432029034350896,5283.546752829178,week,NA,batch,NA
Skagit fall salmon 2022,2022,9,830,boat,44180.12734827264,459,4.999019694989107,2.178649237472767,1.9093135951678863,8837.758209386073,week,NA,batch,NA
Skagit fall salmon 2022,2022,10,830,bank,20627.293007272485,81,2.7979422222222223,1.5925925925925926,1.7911500433813468,7372.3084213260045,week,NA,batch,NA
Skagit fall salmon 2022,2022,10,830,boat,33099.79819833489,393,5.551950865139949,2.2264631043257,2.0682401440715847,5961.831976245441,week,NA,batch,NA
Skagit fall salmon 2022,2022,11,830,bank,6038.048289531741,30,2.422222,1.3666666666666667,1.5518386207121515,2492.7724583179165,week,NA,batch,NA
Skagit fall salmon 2022,2022,11,830,boat,10212.503088235291,88,4.985605909090909,2.2045454545454546,1.7748094983992957,2048.3975818492786,week,NA,batch,NA
Skagit fall salmon 2023,2023,8,830,bank,32071.233456048933,37,2.486937027027027,1.945945945945946,1.5910447965511791,12895.876778346908,week,NA,batch,NA
Skagit fall salmon 2023,2023,8,830,boat,17303.764132154403,179,3.853072513966481,2.3966480446927374,1.6492727865579797,4490.900202223636,week,NA,batch,NA
Skagit fall salmon 2023,2023,9,830,bank,72780.15893411488,119,2.7308125210084033,2,1.642050611944349,26651.466687738583,week,NA,batch,NA
Skagit fall salmon 2023,2023,9,830,boat,46218.74403381414,394,4.465355304568528,2.401015228426396,2.0733511204893977,10350.518801164042,week,NA,batch,NA
Skagit fall salmon 2023,2023,10,830,bank,41205.00864973694,100,3.1226664,1.61,2.3772188597532846,13195.456501449193,week,NA,batch,NA
Skagit fall salmon 2023,2023,10,830,boat,34774.28376023557,347,4.658501412103746,2.2593659942363113,1.8595823460390304,7464.693188647496,week,NA,batch,NA
Skagit fall salmon 2023,2023,11,830,bank,8765.458419605004,42,2.4670633333333334,1.3571428571428572,1.5931781581796849,3552.992864500846,week,NA,batch,NA
Skagit fall salmon 2023,2023,11,830,boat,8498.111091952213,48,4.510416666666667,2.2291666666666665,1.9077473757425227,1884.1077709640008,week,NA,batch,NA
Skagit fall salmon 2024,2024,9,830,bank,18439.897102618157,154,3.2106062987012987,1.7857142857142858,1.9310087318615177,5743.431422930043,week,NA,batch,NA
Skagit fall salmon 2024,2024,9,830,boat,44972.58310185185,426,4.715688403755869,2.0305164319248825,1.908511390059072,9536.80125812233,week,NA,batch,NA
Skagit fall salmon 2024,2024,10,830,bank,16887.255530380826,82,2.6697160975609755,1.4878048780487805,1.6510595111495596,6325.487397633346,week,NA,batch,NA
Skagit fall salmon 2024,2024,10,830,boat,32733.746342592593,205,4.648699219512195,2.2,1.91762437712716,7041.4851116195605,week,NA,batch,NA
Skagit fall salmon 2024,2024,11,830,bank,5723.545336551985,53,2.510062641509434,1.6415094339622642,1.3595549002440113,2280.24003939205,week,NA,batch,NA
Skagit fall salmon 2024,2024,11,830,boat,9777.698356481482,38,5.442105,2.526315789473684,2.024003322582667,1796.675800353261,week,NA,batch,NA
Skagit fall salmon 2025,2025,8,830,bank,21063.383604755247,66,3.020707272727273,2.0757575757575757,2.0007261293229326,6972.997282764835,week,NA,batch,NA
Skagit fall salmon 2025,2025,8,830,boat,12746.550685723134,101,4.138613762376238,2.1881188118811883,1.9802974752470153,3079.9082537251647,week,NA,batch,NA
Skagit fall salmon 2025,2025,9,826,bank,3156.1143221847856,11,5.065150909090909,2.4545454545454546,2.3302526747735084,623.1037098065935,week,NA,batch,NA
Skagit fall salmon 2025,2025,9,826,boat,0,NA,NA,NA,NA,NA,week,NA,batch,NA
Skagit fall salmon 2025,2025,9,830,bank,54487.46206052033,114,3.427339210526316,1.956140350877193,2.452074474089576,15897.89008720646,week,NA,batch,NA
Skagit fall salmon 2025,2025,9,830,boat,44678.44894675926,354,4.773964152542373,2.3926553672316384,2.152171104274389,9358.773446793848,week,NA,batch,NA
Skagit fall salmon 2025,2025,10,826,bank,9181.489874089102,10,4.061666,2.2,1.768465549566755,2260.5231139362772,week,NA,batch,NA
Skagit fall salmon 2025,2025,10,826,boat,0,NA,NA,NA,NA,NA,week,NA,batch,NA
Skagit fall salmon 2025,2025,10,830,bank,33590.93647017564,127,3.132808031496063,1.6456692913385826,1.8835931638447303,10722.309229440529,week,NA,batch,NA
Skagit fall salmon 2025,2025,10,830,boat,32051.174708365936,235,4.847659404255319,2.523404255319149,1.7942892545185796,6611.680408122552,week,NA,batch,NA
Skagit fall salmon 2025,2025,11,826,bank,1782.8166358018125,5,2.713334,1.2,1.3629742925785502,657.0575667432805,week,NA,batch,NA
Skagit fall salmon 2025,2025,11,826,boat,0,NA,NA,NA,NA,NA,week,NA,batch,NA
Skagit fall salmon 2025,2025,11,830,bank,3791.777038127701,14,2.8666657142857144,1.3571428571428572,1.481856103954218,1322.7133597167592,week,NA,batch,NA
Skagit fall salmon 2025,2025,11,830,boat,3625.535538601982,33,5.6434339393939394,2.909090909090909,1.8270385735647099,642.4343010899736,week,NA,batch,NA
Snohomish fall salmon 2022,2022,10,850,bank,199.14468111919095,1,2,1,NA,99.57234055959547,week,NA,batch,NA
Snohomish fall salmon 2022,2022,10,850,boat,918.7502645502644,4,3.6416675,1.75,1.5372810352995534,252.2883444329458,week,NA,batch,NA
Snohomish fall salmon 2022,2022,10,852,bank,303.5954242187296,1,3,2,NA,101.19847473957653,week,NA,batch,NA
Snohomish fall salmon 2022,2022,10,852,boat,388.417261904762,2,3.0583349999999996,2.5,1.4024260923307152,127.00285021253788,week,NA,batch,NA
Snohomish fall salmon 2022,2022,11,850,bank,450.0678649555607,3,2.533333333333333,2.6666666666666665,3.279526829015633,177.6583677456161,week,NA,batch,NA
Snohomish fall salmon 2022,2022,11,850,boat,874.9498677248678,2,2.966665,1.5,0.02356786901694753,294.92708739438655,week,NA,batch,NA
Snohomish fall salmon 2022,2022,11,852,bank,745.4736350770191,8,3.23750125,1.5,1.867999605937841,230.26203776045463,week,NA,batch,NA
Snohomish fall salmon 2022,2022,11,852,boat,2099.6174603174604,11,3.630303636363637,2.8181818181818183,1.4358266773832609,578.3586362546199,week,NA,batch,NA
Snohomish fall salmon 2023,2023,9,850,bank,59623.391037426234,464,2.9836205603448276,1.8448275862068968,1.9827956486323897,19983.57024008956,week,NA,batch,NA
Snohomish fall salmon 2023,2023,9,850,boat,53285.84822635136,785,4.432377885350318,2.5337579617834396,1.907830684609449,12021.955168233551,week,NA,batch,NA
Snohomish fall salmon 2023,2023,10,844,bank,4325.248053142046,48,2.9277775,1.625,1.9590530527983985,1477.3144657140258,week,NA,batch,NA
Snohomish fall salmon 2023,2023,10,844,boat,731.1071354166668,7,7.216667142857143,2.2857142857142856,2.495643801004157,101.3081414098884,week,NA,batch,NA
Snohomish fall salmon 2023,2023,10,850,bank,28632.863063249377,305,3.138087475409836,1.6262295081967213,1.4677663837019546,9124.303668274864,week,NA,batch,NA
Snohomish fall salmon 2023,2023,10,850,boat,26281.776143721847,243,4.477435144032921,2.308641975308642,1.8167431184489715,5869.828439334867,week,NA,batch,NA
Snohomish fall salmon 2023,2023,11,844,bank,3020.7049798615644,23,2.9652178260869566,1.434782608695652,1.4857053072529574,1018.7126737491092,week,NA,batch,NA
Snohomish fall salmon 2023,2023,11,844,boat,2093.9591891891896,26,5.120513076923077,2.269230769230769,1.5726356221344326,408.93542458199374,week,NA,batch,NA
Snohomish fall salmon 2024,2024,9,850,bank,3521.325242439571,175,2.471999942857143,1.782857142857143,1.6929250292069975,1424.4843543036718,week,NA,batch,NA
Snohomish fall salmon 2024,2024,9,850,boat,11112.203792517006,312,4.616025897435898,2.3141025641025643,1.9273369076499172,2407.3096727402667,week,NA,batch,NA
Snohomish fall salmon 2024,2024,10,850,bank,10349.32829544979,256,2.524999921875,1.56640625,1.7549190970081543,4098.744006203629,week,NA,batch,NA
Snohomish fall salmon 2024,2024,10,850,boat,13787.280259353742,227,4.21130704845815,2.171806167400881,1.9867950052090304,3273.87200712462,week,NA,batch,NA
Snohomish fall salmon 2024,2024,11,844,bank,3267.3354930429864,109,2.36926623853211,1.6238532110091743,1.640587810455837,1379.0495301478988,week,NA,batch,NA
Snohomish fall salmon 2024,2024,11,844,boat,2564.9151828231293,44,5.933712727272727,2.636363636363636,1.8890906853770772,432.26143575070313,week,NA,batch,NA
Snohomish fall salmon 2024,2024,11,850,bank,309.64848020223474,4,0.94583,2,0.08539125638299667,327.38280684925905,week,NA,batch,NA
Snohomish fall salmon 2024,2024,11,850,boat,255.9700141723356,4,4.5041675,1.5,1.8490439346389256,56.829594852397385,week,NA,batch,NA
Snohomish fall salmon 2024,2024,11,852,bank,1558.3228763935344,54,2.0108024074074073,1.4444444444444444,1.1440086685545952,774.9756369163744,week,NA,batch,NA
Snohomish fall salmon 2024,2024,11,852,boat,980.7507950680272,23,3.619565217391304,2.8260869565217392,1.499314427287199,270.95817761639194,week,NA,batch,NA
Snohomish fall salmon 2025,2025,8,850,bank,22438.206926346254,194,2.9819587113402064,1.963917525773196,1.7485055528291855,7524.653792493884,week,NA,batch,NA
Snohomish fall salmon 2025,2025,8,850,boat,16178.901818181816,149,4.821476577181208,2.4832214765100673,2.099168845360176,3355.590670035055,week,NA,batch,NA
Snohomish fall salmon 2025,2025,9,850,bank,47899.8933187129,322,2.938612919254658,1.81055900621118,1.5878254152628657,16300.171078966772,week,NA,batch,NA
Snohomish fall salmon 2025,2025,9,850,boat,29319.003737373736,172,4.548740348837209,2.5930232558139537,1.9351059742949288,6445.521504622379,week,NA,batch,NA
Snohomish fall salmon 2025,2025,10,844,bank,527.7652168369515,6,2.5999983333333336,1.5,0.9588756378679494,202.9867519800787,week,NA,batch,NA
Snohomish fall salmon 2025,2025,10,844,boat,76.87136363636363,3,2.0166666666666666,1.6666666666666667,0.8135973956652844,38.118031555221634,week,NA,batch,NA
Snohomish fall salmon 2025,2025,10,850,bank,892.0037612280732,13,2.333333076923077,1.6153846153846154,1.167441326151516,382.2873682502037,week,NA,batch,NA
Snohomish fall salmon 2025,2025,10,850,boat,1590.4368518518518,23,4.038406086956522,2,1.5302944545762165,393.8278661446992,week,NA,batch,NA
Snohomish fall salmon 2025,2025,11,844,bank,3302.159692495088,52,2.3564103846153848,1.3269230769230769,1.1875308013111046,1401.3516975032635,week,NA,batch,NA
Snohomish fall salmon 2025,2025,11,844,boat,1382.447356902357,22,4.481817727272727,2.6818181818181817,2.2147637352740506,308.45684519696044,week,NA,batch,NA
Snohomish fall salmon 2025,2025,11,850,bank,82.37209940207305,2,2.391665,2,2.203818491720677,34.44131991816289,week,NA,batch,NA
Snohomish fall salmon 2025,2025,11,850,boat,56.50141414141414,NA,NA,NA,NA,NA,week,NA,batch,NA
Stillaguamish salmon and gamefish 2023-24,2023,9,872,bank,816.1917084491291,11,3.2893936363636365,1.4545454545454546,1.2382615053232715,248.128317458355,week,NA,batch,NA
Stillaguamish salmon and gamefish 2023-24,2023,9,872,boat,0,1,8.41667,4,NA,0,week,NA,batch,NA
Stillaguamish salmon and gamefish 2023-24,2023,9,876,bank,16472.729033915086,106,3.054088396226415,1.858490566037736,1.879736883510758,5393.664785298467,week,NA,batch,NA
Stillaguamish salmon and gamefish 2023-24,2023,9,876,boat,1818.50484375,16,4.2604175,2.125,1.615971576806556,426.83723924943973,week,NA,batch,NA
Stillaguamish salmon and gamefish 2024-25,2024,9,872,bank,993.0138312097366,19,3.1771931578947368,1.4210526315789471,1.4913870439368873,312.54436915246436,week,NA,batch,NA
Stillaguamish salmon and gamefish 2024-25,2024,9,872,boat,0,2,7.791665,2,1.35529035429682,0,week,NA,batch,NA
Stillaguamish salmon and gamefish 2024-25,2024,9,876,bank,9143.1901889491,128,2.738150703125,1.8203125,2.0077779688627633,3339.184427838157,week,NA,batch,NA
Stillaguamish salmon and gamefish 2024-25,2024,9,876,boat,346.62927083333335,5,4.046664,2.8,2.9139132584515965,85.6580311173187,week,NA,batch,NA
Stillaguamish salmon and gamefish 2024-25,2024,10,872,bank,1116.3727922330827,27,2.8814818518518517,1.2222222222222223,1.803110082632947,387.4300966065844,week,NA,batch,NA
Stillaguamish salmon and gamefish 2024-25,2024,10,872,boat,59.35604166666666,3,6.227776666666666,2.3333333333333335,1.6038419902326204,9.530855848502382,week,NA,batch,NA
Stillaguamish salmon and gamefish 2024-25,2024,10,874,bank,751.2163772538563,6,2.3416683333333332,1.6666666666666667,0.7757270353266456,320.8039185397831,week,NA,batch,NA
Stillaguamish salmon and gamefish 2024-25,2024,10,874,boat,46.69791666666667,NA,NA,NA,NA,NA,week,NA,batch,NA
Stillaguamish salmon and gamefish 2024-25,2024,10,876,bank,10684.093890072005,235,2.4460994042553192,1.6425531914893616,1.6110329640692,4367.808549188796,week,NA,batch,NA
Stillaguamish salmon and gamefish 2024-25,2024,10,876,boat,484.1739583333333,3,4.91667,2.3333333333333335,3.025309901481169,98.47599255864912,week,NA,batch,NA
Stillaguamish salmon and gamefish 2024-25,2024,11,872,bank,663.7529483011688,12,2.575,1.6666666666666667,1.2380233920245611,257.7681352625898,week,NA,batch,NA
Stillaguamish salmon and gamefish 2024-25,2024,11,872,boat,0,NA,NA,NA,NA,NA,week,NA,batch,NA
Stillaguamish salmon and gamefish 2024-25,2024,11,874,bank,906.2443859182866,16,2.208333125,1.8125,1.614012844735005,410.3748549794934,week,NA,batch,NA
Stillaguamish salmon and gamefish 2024-25,2024,11,874,boat,0,NA,NA,NA,NA,NA,week,NA,batch,NA
Stillaguamish salmon and gamefish 2024-25,2024,11,876,bank,91.37294570214505,5,1.5,1.6,0.4805941057170801,60.91529713476336,week,NA,batch,NA
Stillaguamish salmon and gamefish 2024-25,2024,11,876,boat,49.91166666666666,NA,NA,NA,NA,NA,week,NA,batch,NA
Stillaguamish salmon and gamefish 2025-26,2025,9,872,bank,1934.3546368907012,41,3.4926834146341466,1.4146341463414631,1.2523480474904127,553.8305100272943,week,NA,batch,NA
Stillaguamish salmon and gamefish 2025-26,2025,9,872,boat,76.22453703703704,2,8.833335,3,0.9428066845594596,8.629191243968108,week,NA,batch,NA
Stillaguamish salmon and gamefish 2025-26,2025,9,876,bank,10660.00215419757,173,3.336031040462428,1.6647398843930636,1.8161116915529791,3195.4145584688326,week,NA,batch,NA
Stillaguamish salmon and gamefish 2025-26,2025,9,876,boat,409.3159837962962,4,3.9375,2,1.9215336756525152,103.95326572604348,week,NA,batch,NA
Stillaguamish salmon and gamefish 2025-26,2025,10,872,bank,1116.1102467472317,33,3.3601009090909093,1.3333333333333333,1.8700166522743915,332.1656929193833,week,NA,batch,NA
Stillaguamish salmon and gamefish 2025-26,2025,10,872,boat,96.12797839506172,3,6.333333333333333,1.3333333333333333,1.5877132402714709,15.178101851851851,week,NA,batch,NA
Stillaguamish salmon and gamefish 2025-26,2025,10,876,bank,18955.89115548713,379,2.861037994722955,1.4722955145118737,1.6268274398584477,6625.5293325185985,week,NA,batch,NA
Stillaguamish salmon and gamefish 2025-26,2025,10,876,boat,664.5248418209876,6,3.780555,1.5,1.690673358076598,175.77441455579606,week,NA,batch,NA
Upper Chehalis salmon 2023,2023,10,315,bank,2280.2702734493223,NA,NA,NA,NA,NA,week,NA,batch,NA
Upper Chehalis salmon 2023,2023,10,315,boat,2066.845169159544,4,3.770835,1.5,2.6997742738298203,548.1133937601471,week,NA,batch,NA
Upper Chehalis salmon 2023,2023,10,317,bank,3492.7433298845544,8,1.6895825,1.625,0.8683116097305489,2067.2227191537286,week,NA,batch,NA
Upper Chehalis salmon 2023,2023,10,317,boat,8496.1580252849,98,5.294047551020408,2.5714285714285716,2.2539332685394644,1604.851098031278,week,NA,batch,NA
Upper Chehalis salmon 2023,2023,11,315,bank,817.5269100251793,3,5.42778,1,6.400746190585907,150.61902104086371,week,NA,batch,NA
Upper Chehalis salmon 2023,2023,11,315,boat,2442.3365776353276,17,3.762745294117647,2.0588235294117645,2.1581038010111957,649.0836840467164,week,NA,batch,NA
Upper Chehalis salmon 2023,2023,11,317,bank,1078.6652729989949,4,3.066665,2,2.6524269948420196,351.7388671403609,week,NA,batch,NA
Upper Chehalis salmon 2023,2023,11,317,boat,7413.244367283951,76,4.516666578947368,2.460526315789474,1.9705630682452515,1641.3087478800892,week,NA,batch,NA
Upper Chehalis salmon 2023,2023,12,315,bank,0.0163661697403586,NA,NA,NA,NA,NA,week,NA,batch,NA
Upper Chehalis salmon 2023,2023,12,315,boat,93.66889245014244,NA,NA,NA,NA,NA,week,NA,batch,NA
Upper Chehalis salmon 2023,2023,12,317,bank,124.11641587915344,NA,NA,NA,NA,NA,week,NA,batch,NA
Upper Chehalis salmon 2023,2023,12,317,boat,520.7327136752137,NA,NA,NA,NA,NA,week,NA,batch,NA
Wallace salmon and gamefish 2022-23,2022,10,860,bank,2768.2771369170096,105,3.217778,1.5809523809523809,1.8962419249396545,860.3070618659863,week,NA,batch,NA
Wallace salmon and gamefish 2022-23,2022,11,860,bank,6605.960811042524,232,3.2146548706896554,1.6293103448275863,1.585071212600736,2054.951799421415,week,NA,batch,NA
Wallace salmon and gamefish 2022-23,2022,12,860,bank,2297.3148137431413,40,2.578333,1.45,1.4693073506268708,891.0077999013864,week,NA,batch,NA
Wallace salmon and gamefish 2022-23,2023,1,860,bank,2774.66164266118,74,2.538739054054054,1.4594594594594594,1.262286051178758,1092.929042167759,week,NA,batch,NA
Wallace salmon and gamefish 2022-23,2023,2,860,bank,1156.200115204904,5,2.353332,1,1.3531034739146892,491.3034434601255,week,NA,batch,NA
Wallace salmon and gamefish 2023-24,2023,10,860,bank,7268.005107142856,106,3.0569183018867925,1.6132075471698113,1.6002426062096076,2377.5594861847944,week,NA,batch,NA
Wallace salmon and gamefish 2023-24,2023,11,860,bank,3033.1910357142856,22,2.2939386363636363,1.681818181818182,0.9194479320574486,1322.263371666522,week,NA,batch,NA
Wallace salmon and gamefish 2024-25,2024,10,860,bank,5753.8043536324785,253,3.2186430434782607,1.7628458498023716,1.890547395359928,1787.6491042680425,week,NA,batch,NA
Wallace salmon and gamefish 2024-25,2024,11,860,bank,2182.6236645299145,71,2.5685447887323942,1.6056338028169015,1.542391904592029,849.7510629772058,week,NA,batch,NA
Cascade fall salmon 2022,2022,9,826,bank,2430.570595813205,4,6.5291675,1.25,3.3852980023662615,372.2634770532698,month,NA,batch,NA
Cascade fall salmon 2022,2022,10,826,bank,2421.557174718196,42,4.689285,1.761904761904762,1.9878585591992477,516.4022179752769,month,NA,batch,NA
Cascade fall salmon 2022,2022,11,826,bank,2712.0351139794684,27,4.467901851851852,1.8888888888888888,2.1766776399190033,607.0041831503946,month,NA,batch,NA
Cascade fall salmon 2023,2023,9,826,bank,3246.744528769841,18,5.853703888888889,2.0555555555555554,2.260180997375155,554.6478930942502,month,NA,batch,NA
Cascade fall salmon 2023,2023,10,826,bank,8162.587459286746,43,4.680232093023256,2.13953488372093,1.8409979048325655,1744.0561273562862,month,NA,batch,NA
Cascade fall salmon 2023,2023,11,826,bank,1558.7055116915913,10,2.596666,1.5,1.6266280793865844,600.2718530960822,month,NA,batch,NA
Cascade fall salmon 2024,2024,9,826,bank,2982.3687481231227,6,5.300001666666667,1.6666666666666667,2.3419370472616605,562.710907598417,month,NA,batch,NA
Cascade fall salmon 2024,2024,10,826,bank,7961.63328865696,20,4.8275,2,1.66882483777941,1649.2249173810378,month,NA,batch,NA
Cascade fall salmon 2024,2024,11,826,bank,2049.2691146503644,7,5.033334285714286,2.142857142857143,1.8399126036024749,407.13948216526023,month,NA,batch,NA
Chehalis salmon 2022,2022,9,317,bank,4815.929383386875,24,2.1618045833333333,1.2916666666666667,1.4258019335065877,2227.735763221063,month,NA,batch,NA
Chehalis salmon 2022,2022,9,317,boat,23402.91741236772,220,4.759090681818182,2.109090909090909,1.835495766460152,4917.518697800223,month,NA,batch,NA
Chehalis salmon 2022,2022,10,317,bank,10225.160992791858,39,3.4435905128205127,1.6923076923076923,2.4105147356124985,2969.331270580375,month,NA,batch,NA
Chehalis salmon 2022,2022,10,317,boat,31488.589201058203,479,4.849721670146137,2.325678496868476,2.0036202297062187,6492.865228719271,month,NA,batch,NA
Chehalis salmon 2022,2022,11,317,bank,2865.327217017937,6,1.6055566666666667,1.1666666666666667,1.3576395174223042,1784.631633691702,month,NA,batch,NA
Chehalis salmon 2022,2022,11,317,boat,5298.62891685563,64,5.32994796875,2.078125,1.9379441836607931,994.1239479113124,month,NA,batch,NA
Chehalis salmon 2022,2022,12,317,bank,208.96194828715167,2,2.825,1,0.3181980515339462,73.96883125208909,month,NA,batch,NA
Chehalis salmon 2022,2022,12,317,boat,383.2043474426807,10,3.984998,1.7,1.9008848738697108,96.16174147206117,month,NA,batch,NA
Chehalis salmon 2024,2024,9,315,bank,0,NA,NA,NA,NA,NA,month,NA,batch,NA
Chehalis salmon 2024,2024,9,315,boat,0,NA,NA,NA,NA,NA,month,NA,batch,NA
Chehalis salmon 2024,2024,9,317,bank,2111.795999978989,70,3.354999857142857,1.4428571428571428,2.291521997332646,629.4474187481517,month,NA,batch,NA
Chehalis salmon 2024,2024,9,317,boat,26219.71698967646,284,5.327405985915493,2.1795774647887325,1.9417209044150725,4921.666765963719,month,NA,batch,NA
Chehalis salmon 2024,2024,10,315,bank,1073.481104574999,26,1.9391026923076924,1.5,1.433038569991911,553.5968305512835,month,NA,batch,NA
Chehalis salmon 2024,2024,10,315,boat,265.10974703935915,NA,NA,NA,NA,NA,month,NA,batch,NA
Chehalis salmon 2024,2024,10,317,bank,13454.941027894116,136,2.6683819852941175,1.4485294117647058,2.037093556039828,5042.359415573355,month,NA,batch,NA
Chehalis salmon 2024,2024,10,317,boat,34369.99955702862,308,5.10335512987013,2.301948051948052,1.942304865353584,6734.784995827493,month,NA,batch,NA
Chehalis salmon 2024,2024,11,315,bank,494.0449136926241,5,3.33,2,1.831795620272633,148.36183594373097,month,NA,batch,NA
Chehalis salmon 2024,2024,11,315,boat,866.1048379629631,24,3.52361,2.3333333333333335,1.8598019772358656,245.8004256892684,month,NA,batch,NA
Chehalis salmon 2024,2024,11,317,bank,4266.708344762661,98,3.4719389795918367,1.336734693877551,2.4331883546234634,1228.9122504290838,month,NA,batch,NA
Chehalis salmon 2024,2024,11,317,boat,12641.235079022988,119,4.650280336134454,2.495798319327731,1.989744127253268,2718.381294305155,month,NA,batch,NA
Chehalis salmon 2024,2024,12,315,bank,619.9776922879761,NA,NA,NA,NA,NA,month,NA,batch,NA
Chehalis salmon 2024,2024,12,315,boat,930.4484990320096,8,4.5729175,2.625,1.093267751739187,203.46933856384015,month,NA,batch,NA
Chehalis salmon 2024,2024,12,317,bank,620.5067415977228,3,0.7000000000000001,1.6666666666666667,0.3464101615137755,886.438202282461,month,NA,batch,NA
Chehalis salmon 2024,2024,12,317,boat,2619.788780965558,33,5.5575754545454545,1.878787878787879,2.0204173875295717,471.39059152545985,month,NA,batch,NA
Chehalis salmon 2025,2025,9,317,bank,4499.146362630927,51,3.1248370588235295,1.392156862745098,2.20942752380004,1439.801909007317,month,NA,batch,NA
Chehalis salmon 2025,2025,9,317,boat,42943.66288013699,315,4.886349333333333,2.092063492063492,2.076473405307402,8788.496267998506,month,NA,batch,NA
Chehalis salmon 2025,2025,10,315,bank,2084.147451982994,49,2.007482857142857,1.6122448979591837,1.2614480426891022,1038.1894144537052,month,NA,batch,NA
Chehalis salmon 2025,2025,10,315,boat,801.8774493721462,11,3.912122727272727,1.7272727272727273,1.98053228790692,204.97246770455027,month,NA,batch,NA
Chehalis salmon 2025,2025,10,317,bank,11910.170081720084,81,2.81893024691358,1.4814814814814814,2.0631679961214835,4225.067326430093,month,NA,batch,NA
Chehalis salmon 2025,2025,10,317,boat,32054.827168188735,352,4.873626789772727,2.397727272727273,2.33678879348106,6577.201856214262,month,NA,batch,NA
Chehalis salmon 2025,2025,11,315,bank,1201.135394325023,10,2.078332,1.8,2.534223254511462,577.9323969053179,month,NA,batch,NA
Chehalis salmon 2025,2025,11,315,boat,1972.1497861831376,61,3.930327868852459,2.098360655737705,1.797597784898979,501.7774221362728,month,NA,batch,NA
Chehalis salmon 2025,2025,11,317,bank,2014.5667159348116,45,2.732963333333333,1.2222222222222223,1.7994616244234627,737.1363864870043,month,NA,batch,NA
Chehalis salmon 2025,2025,11,317,boat,8059.403129158512,113,4.799557610619469,2.353982300884956,2.181934819266441,1679.1970808572714,month,NA,batch,NA
Chehalis salmon 2025,2025,12,315,bank,104.80881005649933,1,3.28333,1,NA,31.921497399438778,month,NA,batch,NA
Chehalis salmon 2025,2025,12,315,boat,300.7101392694064,2,4.066665,2,1.2492243371188378,73.94514651917636,month,NA,batch,NA
Chehalis salmon 2025,2025,12,317,bank,225.97728574240165,1,7.56667,3,NA,29.86482636911635,month,NA,batch,NA
Chehalis salmon 2025,2025,12,317,boat,1291.5255834728564,13,5.476923076923077,1.7692307692307692,1.8060918681478368,235.81225540936984,month,NA,batch,NA
Hoh fall salmon 2023,2023,9,348,bank,316.3093417642028,NA,NA,NA,NA,NA,month,NA,batch,NA
Hoh fall salmon 2023,2023,9,348,boat,342.870686026936,1,7.71667,3,NA,44.432467116895765,month,NA,batch,NA
Hoh fall salmon 2023,2023,9,350,bank,2179.2353146767496,11,4.415151818181818,2.272727272727273,2.766780758328416,493.5810600447642,month,NA,batch,NA
Hoh fall salmon 2023,2023,9,350,boat,1886.7101781705944,18,7.72037,2.6666666666666665,1.0396009202347511,244.3807975745456,month,NA,batch,NA
Hoh fall salmon 2023,2023,10,348,bank,0,NA,NA,NA,NA,NA,month,NA,batch,NA
Hoh fall salmon 2023,2023,10,348,boat,0,NA,NA,NA,NA,NA,month,NA,batch,NA
Hoh fall salmon 2023,2023,10,350,bank,0,NA,NA,NA,NA,NA,month,NA,batch,NA
Hoh fall salmon 2023,2023,10,350,boat,0,NA,NA,NA,NA,NA,month,NA,batch,NA
Hoh fall salmon 2025,2025,9,350,bank,545.2727548320518,11,3.7742418181818183,1.818181818181818,2.242659492882583,144.47213005941637,month,NA,batch,NA
Hoh fall salmon 2025,2025,9,350,boat,2227.036629227053,24,7.474305,2.7916666666666665,1.9675511210263823,297.9590248494078,month,NA,batch,NA
Hoh fall salmon 2025,2025,10,348,bank,114.28303955621062,2,4.033335,1.5,1.3670707532713882,28.33462619797528,month,NA,batch,NA
Hoh fall salmon 2025,2025,10,348,boat,1171.2132789855073,11,5.540909090909091,2.4545454545454546,2.3762290718760877,211.37565330337293,month,NA,batch,NA
Hoh fall salmon 2025,2025,10,350,bank,903.5750556465046,13,3.505129230769231,1.8461538461538465,1.783312894084404,257.7865168891953,month,NA,batch,NA
Hoh fall salmon 2025,2025,10,350,boat,3720.7273637949543,45,7.17,2.6222222222222222,2.0074215105996505,518.929897321472,month,NA,batch,NA
Hoh fall salmon 2025,2025,11,348,bank,166.00951247730757,5,4.53,2,2.9011809903727137,36.646691496094384,month,NA,batch,NA
Hoh fall salmon 2025,2025,11,348,boat,1372.334120169082,15,5.5711113333333335,3.1333333333333333,1.4730317539534707,246.3304066386303,month,NA,batch,NA
Hoh fall salmon 2025,2025,11,350,bank,161.64887920486683,4,2.8208325,1.5,1.5342601818330337,57.30538031055259,month,NA,batch,NA
Hoh fall salmon 2025,2025,11,350,boat,123.69534239130434,3,3.82222,2.3333333333333335,0.5891004127481154,32.36217234782517,month,NA,batch,NA
Hoh fall salmon 2025,2025,12,348,bank,0,NA,NA,NA,NA,NA,month,NA,batch,NA
Hoh fall salmon 2025,2025,12,348,boat,29.98782608695652,1,8,2,NA,3.748478260869565,month,NA,batch,NA
Hoh fall salmon 2025,2025,12,350,bank,0,NA,NA,NA,NA,NA,month,NA,batch,NA
Hoh fall salmon 2025,2025,12,350,boat,0,NA,NA,NA,NA,NA,month,NA,batch,NA
Humptulips salmon 2022,2022,9,358,bank,11926.035779000566,114,4.200292368421053,1.7105263157894737,2.374229720206543,2839.3346779057015,month,NA,batch,NA
Humptulips salmon 2022,2022,9,358,boat,17920.58366230937,110,6.762121272727272,2.7636363636363637,1.9033616347790625,2650.1423058746345,month,NA,batch,NA
Humptulips salmon 2022,2022,10,358,bank,3343.484812893417,51,4.043790588235294,1.607843137254902,1.7809731749393776,826.8194754250393,month,NA,batch,NA
Humptulips salmon 2022,2022,10,358,boat,2592.1106056644885,35,8.16761942857143,2.8285714285714287,2.0666788077278553,317.3642734377336,month,NA,batch,NA
Humptulips salmon 2022,2022,11,358,bank,8257.072423497475,116,3.7087647413793103,1.6724137931034482,2.31690338008767,2226.3672676166093,month,NA,batch,NA
Humptulips salmon 2022,2022,11,358,boat,9511.150997276687,64,7.64947890625,2.65625,1.5966563506080074,1243.372406649244,month,NA,batch,NA
Humptulips salmon 2022,2022,12,358,bank,2239.2382128993604,80,3.7779165,1.5375,2.252667814456079,592.7177619990703,month,NA,batch,NA
Humptulips salmon 2022,2022,12,358,boat,548.5356049382717,4,7.7958325,2.25,0.6478395363243896,70.36267197098856,month,NA,batch,NA
Humptulips salmon 2023,2023,9,358,bank,11818.496845534248,104,3.525480576923077,1.6923076923076923,1.8754426560784256,3352.308029406034,month,NA,batch,NA
Humptulips salmon 2023,2023,9,358,boat,16264.87612769343,119,7.009383697478992,2.6218487394957983,1.988677366254344,2320.443113071879,month,NA,batch,NA
Humptulips salmon 2023,2023,10,358,bank,12411.037167010289,134,3.831467686567164,2.1044776119402986,1.9413860305457973,3239.2383760725543,month,NA,batch,NA
Humptulips salmon 2023,2023,10,358,boat,16510.371036059354,131,7.648218854961832,2.480916030534351,1.980420450406988,2158.721049849161,month,NA,batch,NA
Humptulips salmon 2023,2023,11,358,bank,4785.739373059678,108,2.9777775925925924,1.7314814814814814,1.6911194342259157,1607.1513819448785,month,NA,batch,NA
Humptulips salmon 2023,2023,11,358,boat,4050.267344337091,55,6.744545272727272,2.727272727272727,1.3864716370365708,600.5248953869497,month,NA,batch,NA
Humptulips salmon 2024,2024,9,358,bank,13525.702272933258,133,3.712907443609023,1.8421052631578947,2.593394097126114,3642.887003880171,month,NA,batch,NA
Humptulips salmon 2024,2024,9,358,boat,12748.51085568327,108,6.533950833333333,2.564814814814815,1.928943949552255,1951.11827145163,month,NA,batch,NA
Humptulips salmon 2024,2024,10,358,bank,10855.986885108734,153,3.38518522875817,1.69281045751634,2.0699433045468347,3206.9107453511997,month,NA,batch,NA
Humptulips salmon 2024,2024,10,358,boat,9053.477959770116,94,6.838652659574468,2.7127659574468086,1.7339863810593503,1323.8686639677155,month,NA,batch,NA
Humptulips salmon 2024,2024,11,358,bank,6564.364254851517,67,3.312686417910448,1.5970149253731345,1.9909327125090113,1981.583351614711,month,NA,batch,NA
Humptulips salmon 2024,2024,11,358,boat,3563.8418103448275,27,6.573457037037037,2.5555555555555554,1.486147626254422,542.1564011546681,month,NA,batch,NA
Humptulips salmon 2024,2024,12,358,bank,2934.52204528835,43,3.233333488372093,1.6744186046511629,1.9943569835375912,907.5840941992694,month,NA,batch,NA
Humptulips salmon 2024,2024,12,358,boat,1079.6019391230311,15,6.692222,2.6666666666666665,0.9632927815956506,161.32189564587534,month,NA,batch,NA
Humptulips salmon 2025,2025,9,358,bank,13128.216343626167,60,3.4208333333333334,1.7,2.479297870811218,3837.7246315106945,month,NA,batch,NA
Humptulips salmon 2025,2025,9,358,boat,15244.041023284311,70,5.435238285714286,2.642857142857143,2.061343077496307,2804.6683920649816,month,NA,batch,NA
Humptulips salmon 2025,2025,10,358,bank,11413.551169030034,143,3.768764195804196,1.972027972027972,2.403999961053295,3028.459881288635,month,NA,batch,NA
Humptulips salmon 2025,2025,10,358,boat,10507.5634311683,81,7.017283827160494,2.493827160493827,2.164392195711401,1497.3832739241118,month,NA,batch,NA
Humptulips salmon 2025,2025,11,358,bank,5811.838833238086,140,3.2760710714285715,1.6571428571428573,2.092949273419563,1774.027091147251,month,NA,batch,NA
Humptulips salmon 2025,2025,11,358,boat,4497.591519607843,58,6.191379310344828,2.603448275862069,1.7293789513314564,726.4280371407822,month,NA,batch,NA
Humptulips salmon 2025,2025,12,358,bank,3764.3088546161657,75,3.4340001333333334,1.44,1.5955722466000255,1096.1877427075713,month,NA,batch,NA
Humptulips salmon 2025,2025,12,358,boat,701.2036124727668,5,6.53,2.2,0.7141827108310591,107.38187021022463,month,NA,batch,NA
Lower Chehalis salmon 2023,2023,9,317,bank,3973.836935944806,23,3.0405791304347827,1.5217391304347827,1.9016662326709777,1306.9342271571054,month,NA,batch,NA
Lower Chehalis salmon 2023,2023,9,317,boat,21694.500952131377,212,4.878931179245283,2.0754716981132075,1.9502074025828957,4446.5683476780005,month,NA,batch,NA
Lower Chehalis salmon 2023,2023,9,NA,bank,3973.836935944806,NA,NA,NA,NA,NA,month,NA,batch,NA
Lower Chehalis salmon 2023,2023,9,NA,boat,21694.500952131377,8,3.6166675,2.125,1.838888216564952,5998.478143797121,month,NA,batch,NA
Lower Chehalis salmon 2023,2023,10,317,bank,9055.029619941632,43,2.965890930232558,1.302325581395349,1.9744534345976237,3053.0555010098165,month,NA,batch,NA
Lower Chehalis salmon 2023,2023,10,317,boat,20926.49839185884,215,4.915658976744186,2.046511627906977,2.163710738040778,4257.109472170749,month,NA,batch,NA
Lower Chehalis salmon 2023,2023,10,NA,bank,9055.029619941632,NA,NA,NA,NA,NA,month,NA,batch,NA
Lower Chehalis salmon 2023,2023,10,NA,boat,20926.49839185884,11,4.94394,1.9090909090909092,2.105868755445125,4232.757353822829,month,NA,batch,NA
Lower Chehalis salmon 2023,2023,11,317,bank,2037.7255569580368,44,2.323105909090909,1.2045454545454546,1.60394899163127,877.1556858358864,month,NA,batch,NA
Lower Chehalis salmon 2023,2023,11,317,boat,3139.6968699044955,24,4.699999583333334,2.2916666666666665,1.9557231547379297,668.0206698396684,month,NA,batch,NA
Lower Chehalis salmon 2023,2023,11,NA,bank,2037.7255569580368,NA,NA,NA,NA,NA,month,NA,batch,NA
Lower Chehalis salmon 2023,2023,11,NA,boat,3139.6968699044955,10,3.948332,1.5,2.301347081630428,795.1957611225438,month,NA,batch,NA
Lower Chehalis salmon 2023,2023,12,317,bank,0,NA,NA,NA,NA,NA,month,NA,batch,NA
Lower Chehalis salmon 2023,2023,12,317,boat,0,NA,NA,NA,NA,NA,month,NA,batch,NA
Lower Chehalis salmon 2023,2023,12,NA,bank,0,NA,NA,NA,NA,NA,month,NA,batch,NA
Lower Chehalis salmon 2023,2023,12,NA,boat,0,NA,NA,NA,NA,NA,month,NA,batch,NA
Lower Cowlitz salmon and steelhead 2022-23,2022,8,507,NA,0,NA,NA,NA,NA,NA,month,NA,batch,NA
Lower Cowlitz salmon and steelhead 2022-23,2022,8,561,NA,0,NA,NA,NA,NA,NA,month,NA,batch,NA
Lower Cowlitz salmon and steelhead 2022-23,2022,9,507,NA,0,NA,NA,NA,NA,NA,month,NA,batch,NA
Lower Cowlitz salmon and steelhead 2022-23,2022,9,561,NA,0,NA,NA,NA,NA,NA,month,NA,batch,NA
Lower Cowlitz salmon and steelhead 2022-23,2022,10,507,NA,0,NA,NA,NA,NA,NA,month,NA,batch,NA
Lower Cowlitz salmon and steelhead 2022-23,2022,10,561,NA,0,NA,NA,NA,NA,NA,month,NA,batch,NA
Lower Cowlitz salmon and steelhead 2022-23,2022,11,507,NA,0,NA,NA,NA,NA,NA,month,NA,batch,NA
Lower Cowlitz salmon and steelhead 2022-23,2022,11,561,NA,0,NA,NA,NA,NA,NA,month,NA,batch,NA
Lower Cowlitz salmon and steelhead 2022-23,2022,12,507,NA,0,NA,NA,NA,NA,NA,month,NA,batch,NA
Lower Cowlitz salmon and steelhead 2022-23,2022,12,561,NA,0,NA,NA,NA,NA,NA,month,NA,batch,NA
Lower Cowlitz salmon and steelhead 2022-23,2023,1,507,NA,0,NA,NA,NA,NA,NA,month,NA,batch,NA
Lower Cowlitz salmon and steelhead 2022-23,2023,1,561,NA,0,NA,NA,NA,NA,NA,month,NA,batch,NA
Lower Cowlitz salmon and steelhead 2022-23,2023,2,507,NA,0,NA,NA,NA,NA,NA,month,NA,batch,NA
Lower Cowlitz salmon and steelhead 2022-23,2023,2,561,NA,0,NA,NA,NA,NA,NA,month,NA,batch,NA
Lower Cowlitz salmon and steelhead 2022-23,2023,3,507,NA,0,NA,NA,NA,NA,NA,month,NA,batch,NA
Lower Cowlitz salmon and steelhead 2022-23,2023,3,561,NA,0,NA,NA,NA,NA,NA,month,NA,batch,NA
Lower Cowlitz salmon and steelhead 2022-23,2023,4,507,NA,0,NA,NA,NA,NA,NA,month,NA,batch,NA
Lower Cowlitz salmon and steelhead 2022-23,2023,4,561,NA,0,NA,NA,NA,NA,NA,month,NA,batch,NA
Lower Cowlitz salmon and steelhead 2022-23,2023,5,507,NA,0,NA,NA,NA,NA,NA,month,NA,batch,NA
Lower Cowlitz salmon and steelhead 2022-23,2023,5,561,NA,0,NA,NA,NA,NA,NA,month,NA,batch,NA
Lower Cowlitz salmon and steelhead 2022-23,2023,6,507,NA,0,NA,NA,NA,NA,NA,month,NA,batch,NA
Lower Cowlitz salmon and steelhead 2022-23,2023,6,561,NA,0,NA,NA,NA,NA,NA,month,NA,batch,NA
Lower Cowlitz salmon and steelhead 2022-23,2023,7,507,NA,0,NA,NA,NA,NA,NA,month,NA,batch,NA
Lower Cowlitz salmon and steelhead 2022-23,2023,7,561,NA,0,NA,NA,NA,NA,NA,month,NA,batch,NA
Lower Cowlitz salmon and steelhead 2023-24,2023,8,507,NA,0,NA,NA,NA,NA,NA,month,NA,batch,NA
Lower Cowlitz salmon and steelhead 2023-24,2023,8,561,NA,0,NA,NA,NA,NA,NA,month,NA,batch,NA
Lower Cowlitz salmon and steelhead 2023-24,2023,9,507,NA,0,NA,NA,NA,NA,NA,month,NA,batch,NA
Lower Cowlitz salmon and steelhead 2023-24,2023,9,561,NA,0,NA,NA,NA,NA,NA,month,NA,batch,NA
Lower Cowlitz salmon and steelhead 2023-24,2023,10,507,NA,0,NA,NA,NA,NA,NA,month,NA,batch,NA
Lower Cowlitz salmon and steelhead 2023-24,2023,10,561,NA,0,NA,NA,NA,NA,NA,month,NA,batch,NA
Lower Cowlitz salmon and steelhead 2023-24,2023,11,507,NA,0,NA,NA,NA,NA,NA,month,NA,batch,NA
Lower Cowlitz salmon and steelhead 2023-24,2023,11,561,NA,0,NA,NA,NA,NA,NA,month,NA,batch,NA
Lower Cowlitz salmon and steelhead 2023-24,2023,12,507,NA,0,NA,NA,NA,NA,NA,month,NA,batch,NA
Lower Cowlitz salmon and steelhead 2023-24,2023,12,561,NA,0,NA,NA,NA,NA,NA,month,NA,batch,NA
Lower Cowlitz salmon and steelhead 2023-24,2024,1,507,NA,0,NA,NA,NA,NA,NA,month,NA,batch,NA
Lower Cowlitz salmon and steelhead 2023-24,2024,1,561,NA,0,NA,NA,NA,NA,NA,month,NA,batch,NA
Lower Cowlitz salmon and steelhead 2023-24,2024,2,507,NA,0,NA,NA,NA,NA,NA,month,NA,batch,NA
Lower Cowlitz salmon and steelhead 2023-24,2024,2,561,NA,0,NA,NA,NA,NA,NA,month,NA,batch,NA
Lower Cowlitz salmon and steelhead 2023-24,2024,3,507,NA,0,NA,NA,NA,NA,NA,month,NA,batch,NA
Lower Cowlitz salmon and steelhead 2023-24,2024,3,561,NA,0,NA,NA,NA,NA,NA,month,NA,batch,NA
Lower Cowlitz salmon and steelhead 2023-24,2024,4,507,NA,0,NA,NA,NA,NA,NA,month,NA,batch,NA
Lower Cowlitz salmon and steelhead 2023-24,2024,4,561,NA,0,NA,NA,NA,NA,NA,month,NA,batch,NA
Lower Cowlitz salmon and steelhead 2023-24,2024,5,507,NA,0,NA,NA,NA,NA,NA,month,NA,batch,NA
Lower Cowlitz salmon and steelhead 2023-24,2024,5,561,NA,0,NA,NA,NA,NA,NA,month,NA,batch,NA
Lower Cowlitz salmon and steelhead 2023-24,2024,6,507,NA,0,NA,NA,NA,NA,NA,month,NA,batch,NA
Lower Cowlitz salmon and steelhead 2023-24,2024,6,561,NA,0,NA,NA,NA,NA,NA,month,NA,batch,NA
Lower Cowlitz salmon and steelhead 2023-24,2024,7,507,NA,0,NA,NA,NA,NA,NA,month,NA,batch,NA
Lower Cowlitz salmon and steelhead 2023-24,2024,7,561,NA,0,NA,NA,NA,NA,NA,month,NA,batch,NA
Nisqually salmon 2022,2022,7,786,bank,3540.699125425408,NA,NA,NA,NA,NA,month,NA,batch,NA
Nisqually salmon 2022,2022,7,786,boat,89.3801685460509,NA,NA,NA,NA,NA,month,NA,batch,NA
Nisqually salmon 2022,2022,8,786,bank,12793.95837271168,NA,NA,NA,NA,NA,month,NA,batch,NA
Nisqually salmon 2022,2022,8,786,boat,475.90831847890666,NA,NA,NA,NA,NA,month,NA,batch,NA
Nisqually salmon 2022,2022,9,786,bank,32705.3486520321,NA,NA,NA,NA,NA,month,NA,batch,NA
Nisqually salmon 2022,2022,9,786,boat,1010.8563907044298,NA,NA,NA,NA,NA,month,NA,batch,NA
Nisqually salmon 2022,2022,10,786,bank,8623.013020187442,NA,NA,NA,NA,NA,month,NA,batch,NA
Nisqually salmon 2022,2022,10,786,boat,650.9047930283224,NA,NA,NA,NA,NA,month,NA,batch,NA
Nisqually salmon 2022,2022,11,786,bank,335.47221108720123,NA,NA,NA,NA,NA,month,NA,batch,NA
Nisqually salmon 2022,2022,11,786,boat,27.62918767507003,NA,NA,NA,NA,NA,month,NA,batch,NA
Nooksack fall salmon 2023,2023,11,794,bank,175.8469135802469,17,2.236275294117647,1.411764705882353,1.2679039208626852,78.6338399582551,month,NA,batch,NA
Nooksack fall salmon 2023,2023,11,794,boat,195.2989197530864,4,4.591665,1.75,1.3998335483073217,42.53335549372317,month,NA,batch,NA
Nooksack fall salmon 2024,2024,11,794,bank,2044.007942233187,10,2.934999,1.5,1.5592694645139291,696.425430548081,month,NA,batch,NA
Nooksack fall salmon 2024,2024,11,794,boat,361.7195833333333,2,4.725,2,1.520279579551077,76.55440917107583,month,NA,batch,NA
Puyallup Carbon salmon 2024,2024,8,802,bank,0,NA,NA,NA,NA,NA,month,NA,batch,NA
Puyallup Carbon salmon 2024,2024,8,804,bank,62752.219561099286,NA,NA,NA,NA,NA,month,NA,batch,NA
Puyallup Carbon salmon 2024,2024,9,802,bank,23184.405449166887,NA,NA,NA,NA,NA,month,NA,batch,NA
Puyallup Carbon salmon 2024,2024,9,804,bank,35979.13721676567,NA,NA,NA,NA,NA,month,NA,batch,NA
Puyallup Carbon salmon 2024,2024,10,802,bank,14139.924337318864,NA,NA,NA,NA,NA,month,NA,batch,NA
Puyallup Carbon salmon 2024,2024,10,804,bank,4459.980927416632,NA,NA,NA,NA,NA,month,NA,batch,NA
Puyallup Carbon salmon 2025,2025,8,804,bank,112964.08830739598,NA,NA,NA,NA,NA,month,NA,batch,NA
Puyallup Carbon salmon 2025,2025,9,802,bank,26640.776030295234,NA,NA,NA,NA,NA,month,NA,batch,NA
Puyallup Carbon salmon 2025,2025,9,804,bank,108891.78444902164,NA,NA,NA,NA,NA,month,NA,batch,NA
Puyallup Carbon salmon 2025,2025,10,802,bank,17058.092298823285,NA,NA,NA,NA,NA,month,NA,batch,NA
Puyallup Carbon salmon 2025,2025,10,804,bank,11350.888256872133,NA,NA,NA,NA,NA,month,NA,batch,NA
Puyallup_Carbon salmon 2022,2022,8,802,bank,0,NA,NA,NA,NA,NA,month,NA,batch,NA
Puyallup_Carbon salmon 2022,2022,8,804,bank,47339.47875121566,NA,NA,NA,NA,NA,month,NA,batch,NA
Puyallup_Carbon salmon 2022,2022,9,802,bank,14358.333403262332,NA,NA,NA,NA,NA,month,NA,batch,NA
Puyallup_Carbon salmon 2022,2022,9,804,bank,45583.32689087821,NA,NA,NA,NA,NA,month,NA,batch,NA
Puyallup_Carbon salmon 2023,2023,8,802,bank,0,NA,NA,NA,NA,NA,month,NA,batch,NA
Puyallup_Carbon salmon 2023,2023,8,804,bank,139747.36670565302,NA,NA,NA,NA,NA,month,NA,batch,NA
Puyallup_Carbon salmon 2023,2023,9,802,bank,31189.82378362573,NA,NA,NA,NA,NA,month,NA,batch,NA
Puyallup_Carbon salmon 2023,2023,9,804,bank,121503.32519137836,NA,NA,NA,NA,NA,month,NA,batch,NA
Puyallup_Carbon salmon 2023,2023,10,802,bank,7079.630493421054,NA,NA,NA,NA,NA,month,NA,batch,NA
Puyallup_Carbon salmon 2023,2023,10,804,bank,5443.505338084795,NA,NA,NA,NA,NA,month,NA,batch,NA
Quillayute fall salmon 2022,2022,9,398,bank,302.3235132764973,NA,NA,NA,NA,NA,month,NA,batch,NA
Quillayute fall salmon 2022,2022,9,398,boat,0,NA,NA,NA,NA,NA,month,NA,batch,NA
Quillayute fall salmon 2022,2022,9,400,bank,0,NA,NA,NA,NA,NA,month,NA,batch,NA
Quillayute fall salmon 2022,2022,9,400,boat,0,NA,NA,NA,NA,NA,month,NA,batch,NA
Quillayute fall salmon 2022,2022,9,402,bank,355.5150150204343,NA,NA,NA,NA,NA,month,NA,batch,NA
Quillayute fall salmon 2022,2022,9,402,boat,0,NA,NA,NA,NA,NA,month,NA,batch,NA
Quillayute fall salmon 2022,2022,9,404,bank,4005.3740403739457,3,4.0722233333333335,2.3333333333333335,0.9295069282331002,983.5840798778912,month,NA,batch,NA
Quillayute fall salmon 2022,2022,9,404,boat,367.11555555555555,2,5.441665,1.5,0.1296338861949302,67.46382872807413,month,NA,batch,NA
Quillayute fall salmon 2022,2022,9,406,bank,355.5150150204343,NA,NA,NA,NA,NA,month,NA,batch,NA
Quillayute fall salmon 2022,2022,9,406,boat,0,NA,NA,NA,NA,NA,month,NA,batch,NA
Quillayute fall salmon 2022,2022,10,398,bank,107.12989803613198,1,5.25,1,NA,20.40569486402514,month,NA,batch,NA
Quillayute fall salmon 2022,2022,10,398,boat,0,NA,NA,NA,NA,NA,month,NA,batch,NA
Quillayute fall salmon 2022,2022,10,400,bank,0,NA,NA,NA,NA,NA,month,NA,batch,NA
Quillayute fall salmon 2022,2022,10,400,boat,0,NA,NA,NA,NA,NA,month,NA,batch,NA
Quillayute fall salmon 2022,2022,10,402,bank,0,NA,NA,NA,NA,NA,month,NA,batch,NA
Quillayute fall salmon 2022,2022,10,402,boat,35.87333333333333,NA,NA,NA,NA,NA,month,NA,batch,NA
Quillayute fall salmon 2022,2022,10,404,bank,590.5931332099806,6,6.641666666666667,4.166666666666667,3.73277885465864,88.92242909058679,month,NA,batch,NA
Quillayute fall salmon 2022,2022,10,404,boat,241.685,1,2,2,NA,120.8425,month,NA,batch,NA
Quillayute fall salmon 2022,2022,10,406,bank,47.108676143772286,NA,NA,NA,NA,NA,month,NA,batch,NA
Quillayute fall salmon 2022,2022,10,406,boat,96.07999999999998,1,5.68333,4,NA,16.90558176280455,month,NA,batch,NA
Quillayute fall salmon 2022,2022,11,398,bank,724.1578217328172,28,4.658928214285714,1.4285714285714286,2.732164111805408,155.43442363252677,month,NA,batch,NA
Quillayute fall salmon 2022,2022,11,398,boat,1210.1467350088185,29,6.9212644827586205,2.7586206896551726,1.5410124036202075,174.84474665335833,month,NA,batch,NA
Quillayute fall salmon 2022,2022,11,400,bank,503.85580085321214,6,6.558333333333334,1.6666666666666667,2.1872298410973334,76.8268057209472,month,NA,batch,NA
Quillayute fall salmon 2022,2022,11,400,boat,31.629080687830683,NA,NA,NA,NA,NA,month,NA,batch,NA
Quillayute fall salmon 2022,2022,11,402,bank,88.5715507543841,NA,NA,NA,NA,NA,month,NA,batch,NA
Quillayute fall salmon 2022,2022,11,402,boat,70.59383377425044,2,6.008335,1.5,4.254428157161665,11.749317202561183,month,NA,batch,NA
Quillayute fall salmon 2022,2022,11,404,bank,350.1630027807971,9,4.88889,2.111111111111111,3.4136358793337935,71.62423429056435,month,NA,batch,NA
Quillayute fall salmon 2022,2022,11,404,boat,753.4847949735449,23,6.299999565217392,2.4347826086956523,1.8645353091843708,119.60076936093324,month,NA,batch,NA
Quillayute fall salmon 2022,2022,11,406,bank,1901.4467032641887,22,4.150756818181818,1.9545454545454544,2.853126521944431,458.09638737089193,month,NA,batch,NA
Quillayute fall salmon 2022,2022,11,406,boat,2337.5315806878307,32,6.4921884375,2.96875,2.236143560204905,360.0529471981813,month,NA,batch,NA
Quillayute fall salmon 2022,2022,12,398,bank,888.6489315304036,55,4.076364,1.7454545454545454,2.2637226896760287,218.00038748512245,month,NA,batch,NA
Quillayute fall salmon 2022,2022,12,398,boat,760.3485596707818,41,6.4166668292682925,2.2195121951219514,1.6621691232985876,118.49587642646644,month,NA,batch,NA
Quillayute fall salmon 2022,2022,12,400,bank,770.976356659887,11,4.89394,1.818181818181818,2.578342390339188,157.53694500951931,month,NA,batch,NA
Quillayute fall salmon 2022,2022,12,400,boat,24.9038683127572,4,4.0333325,2.25,0.4642781733239244,6.1745140805418846,month,NA,batch,NA
Quillayute fall salmon 2022,2022,12,402,bank,5.410404952750138,NA,NA,NA,NA,NA,month,NA,batch,NA
Quillayute fall salmon 2022,2022,12,402,boat,0,NA,NA,NA,NA,NA,month,NA,batch,NA
Quillayute fall salmon 2022,2022,12,404,bank,149.32874525364008,1,2,3,NA,74.66437262682004,month,NA,batch,NA
Quillayute fall salmon 2022,2022,12,404,boat,59.52296296296296,2,5.68333,2,0.9899494936611668,10.473254757855512,month,NA,batch,NA
Quillayute fall salmon 2022,2022,12,406,bank,135.25998019928954,1,1.33333,1,NA,101.44523876256407,month,NA,batch,NA
Quillayute fall salmon 2022,2022,12,406,boat,29.77740740740741,NA,NA,NA,NA,NA,month,NA,batch,NA
Quillayute fall salmon 2023,2023,9,398,bank,0,NA,NA,NA,NA,NA,month,NA,batch,NA
Quillayute fall salmon 2023,2023,9,398,boat,0,NA,NA,NA,NA,NA,month,NA,batch,NA
Quillayute fall salmon 2023,2023,9,400,bank,0,NA,NA,NA,NA,NA,month,NA,batch,NA
Quillayute fall salmon 2023,2023,9,400,boat,0,NA,NA,NA,NA,NA,month,NA,batch,NA
Quillayute fall salmon 2023,2023,9,402,bank,0,NA,NA,NA,NA,NA,month,NA,batch,NA
Quillayute fall salmon 2023,2023,9,402,boat,0,NA,NA,NA,NA,NA,month,NA,batch,NA
Quillayute fall salmon 2023,2023,9,404,bank,0,NA,NA,NA,NA,NA,month,NA,batch,NA
Quillayute fall salmon 2023,2023,9,404,boat,0,NA,NA,NA,NA,NA,month,NA,batch,NA
Quillayute fall salmon 2023,2023,9,406,bank,0,NA,NA,NA,NA,NA,month,NA,batch,NA
Quillayute fall salmon 2023,2023,9,406,boat,0,NA,NA,NA,NA,NA,month,NA,batch,NA
Quillayute fall salmon 2023,2023,10,398,bank,459.2231278865085,5,5.183332,2.2,2.674676216127851,88.59612463305619,month,NA,batch,NA
Quillayute fall salmon 2023,2023,10,398,boat,912.5160511363636,19,6.8421042105263155,2.9473684210526314,2.095633103997495,133.36775106881487,month,NA,batch,NA
Quillayute fall salmon 2023,2023,10,400,bank,382.3698515466275,3,2.68889,1.6666666666666667,2.07901880347437,142.20360503651227,month,NA,batch,NA
Quillayute fall salmon 2023,2023,10,400,boat,25.811363636363637,NA,NA,NA,NA,NA,month,NA,batch,NA
Quillayute fall salmon 2023,2023,10,402,bank,169.41734373581835,NA,NA,NA,NA,NA,month,NA,batch,NA
Quillayute fall salmon 2023,2023,10,402,boat,723.6036931818182,NA,NA,NA,NA,NA,month,NA,batch,NA
Quillayute fall salmon 2023,2023,10,404,bank,2897.048024938735,32,5.33489625,1.9375,3.1585393512413806,543.0373692719395,month,NA,batch,NA
Quillayute fall salmon 2023,2023,10,404,boat,4908.347727272728,36,6.647685555555555,2.3333333333333335,2.409321588928474,738.354377061466,month,NA,batch,NA
Quillayute fall salmon 2023,2023,10,406,bank,1606.017330634168,33,4.2752530303030305,2.060606060606061,2.8181181667365425,375.6543341998013,month,NA,batch,NA
Quillayute fall salmon 2023,2023,10,406,boat,548.1703124999999,5,5.766666,2.8,2.4296484770908733,95.0584466830574,month,NA,batch,NA
Quillayute fall salmon 2023,2023,11,398,bank,284.84708548353956,6,3.1277783333333335,1.8333333333333333,1.7577952457373032,91.0700999645242,month,NA,batch,NA
Quillayute fall salmon 2023,2023,11,398,boat,1072.687094155844,18,6.168518888888888,2.888888888888889,1.5556544116597169,173.89702673814185,month,NA,batch,NA
Quillayute fall salmon 2023,2023,11,400,bank,99.38283478698744,3,1.8222233333333333,2,1.0463334218275422,54.5393272981472,month,NA,batch,NA
Quillayute fall salmon 2023,2023,11,400,boat,53.861539502164504,NA,NA,NA,NA,NA,month,NA,batch,NA
Quillayute fall salmon 2023,2023,11,402,bank,9.536848168343443,NA,NA,NA,NA,NA,month,NA,batch,NA
Quillayute fall salmon 2023,2023,11,402,boat,0,NA,NA,NA,NA,NA,month,NA,batch,NA
Quillayute fall salmon 2023,2023,11,404,bank,195.03043287903057,4,2.3458325,2.5,1.984309719984509,83.13911282200692,month,NA,batch,NA
Quillayute fall salmon 2023,2023,11,404,boat,412.0854301948052,1,2.4,5,NA,171.70226258116884,month,NA,batch,NA
Quillayute fall salmon 2023,2023,11,406,bank,768.9061625569634,10,3.341667,1.5,1.8896618173516304,230.0965842966889,month,NA,batch,NA
Quillayute fall salmon 2023,2023,11,406,boat,760.7974161255411,6,5.644445,2.6666666666666665,1.4103049683348634,134.7869305353389,month,NA,batch,NA
Quillayute fall salmon 2023,2023,12,398,bank,0,NA,NA,NA,NA,NA,month,NA,batch,NA
Quillayute fall salmon 2023,2023,12,398,boat,0,NA,NA,NA,NA,NA,month,NA,batch,NA
Quillayute fall salmon 2023,2023,12,400,bank,0,NA,NA,NA,NA,NA,month,NA,batch,NA
Quillayute fall salmon 2023,2023,12,400,boat,0,NA,NA,NA,NA,NA,month,NA,batch,NA
Quillayute fall salmon 2023,2023,12,402,bank,0,NA,NA,NA,NA,NA,month,NA,batch,NA
Quillayute fall salmon 2023,2023,12,402,boat,0,NA,NA,NA,NA,NA,month,NA,batch,NA
Quillayute fall salmon 2023,2023,12,404,bank,1.9265705049884456,NA,NA,NA,NA,NA,month,NA,batch,NA
Quillayute fall salmon 2023,2023,12,404,boat,21.86704545454545,1,7.53333,3,NA,2.9027064332168444,month,NA,batch,NA
Quillayute fall salmon 2023,2023,12,406,bank,5.353488019353351,NA,NA,NA,NA,NA,month,NA,batch,NA
Quillayute fall salmon 2023,2023,12,406,boat,0,NA,NA,NA,NA,NA,month,NA,batch,NA
Quillayute fall salmon 2024,2024,9,398,bank,338.80551980633965,13,2.0974361538461537,2.076923076923077,1.0967927102658497,161.53317429236557,month,NA,batch,NA
Quillayute fall salmon 2024,2024,9,398,boat,849.3633597883597,11,6.1393936363636366,2.5454545454545454,1.8675638825928969,138.34645733702095,month,NA,batch,NA
Quillayute fall salmon 2024,2024,9,400,bank,332.5091218812443,10,4.261667,2.2,1.6234024637371285,78.02325284477747,month,NA,batch,NA
Quillayute fall salmon 2024,2024,9,400,boat,59.47155257936508,NA,NA,NA,NA,NA,month,NA,batch,NA
Quillayute fall salmon 2024,2024,9,402,bank,78.12060185918449,1,0.51667,2,NA,151.20018940365125,month,NA,batch,NA
Quillayute fall salmon 2024,2024,9,402,boat,374.5522321428572,NA,NA,NA,NA,NA,month,NA,batch,NA
Quillayute fall salmon 2024,2024,9,404,bank,1285.7488717298284,23,4.657246521739131,2.347826086956522,3.782992624494298,276.07490085143655,month,NA,batch,NA
Quillayute fall salmon 2024,2024,9,404,boat,1676.3768518518518,25,5.3413324,2.36,1.6302634449128153,313.84993973635716,month,NA,batch,NA
Quillayute fall salmon 2024,2024,9,406,bank,1186.936244590366,18,2.5361105555555556,2.1666666666666665,1.451326680659386,468.0143939270652,month,NA,batch,NA
Quillayute fall salmon 2024,2024,9,406,boat,262.63775628306877,1,3.98333,2,NA,65.9342199323352,month,NA,batch,NA
Quillayute fall salmon 2024,2024,10,398,bank,257.4994460652492,11,4.375758181818182,2,3.148425904923977,58.84681816632174,month,NA,batch,NA
Quillayute fall salmon 2024,2024,10,398,boat,1015.0998037918872,8,5.9229175,2.125,2.7660622568437816,171.38509928458186,month,NA,batch,NA
Quillayute fall salmon 2024,2024,10,400,bank,227.7001942987656,5,2.620002,2,0.9064113672444758,86.90840476410537,month,NA,batch,NA
Quillayute fall salmon 2024,2024,10,400,boat,41.005013227513224,NA,NA,NA,NA,NA,month,NA,batch,NA
Quillayute fall salmon 2024,2024,10,402,bank,112.20386313692347,3,1.9944433333333331,1.3333333333333333,0.9916766759550883,56.25823569998152,month,NA,batch,NA
Quillayute fall salmon 2024,2024,10,402,boat,580.3900411522634,2,7.074999999999999,2.5,0.22391243333053196,82.03392807805844,month,NA,batch,NA
Quillayute fall salmon 2024,2024,10,404,bank,1562.960615217512,45,3.524814222222222,2,2.4429807127131777,443.4164516710734,month,NA,batch,NA
Quillayute fall salmon 2024,2024,10,404,boat,5007.116145544637,41,5.541057804878049,2.341463414634146,2.638693992884086,903.6390382241892,month,NA,batch,NA
Quillayute fall salmon 2024,2024,10,406,bank,1573.9321601329052,40,2.42833325,1.925,1.5869044690914762,648.1532796756397,month,NA,batch,NA
Quillayute fall salmon 2024,2024,10,406,boat,3724.1998015873014,40,6.81750075,2.75,1.7659446432584656,546.270537863498,month,NA,batch,NA
Quillayute fall salmon 2024,2024,11,398,bank,502.4847284797554,23,3.3833334782608695,2.0434782608695654,1.7033684512795888,148.51764737599763,month,NA,batch,NA
Quillayute fall salmon 2024,2024,11,398,boat,1298.4045748299318,17,5.737255294117647,2.588235294117647,1.730651207295673,226.31110317875755,month,NA,batch,NA
Quillayute fall salmon 2024,2024,11,400,bank,269.03949071686156,2,2.9666699999999997,1.5,0.7778174593052023,90.68736688504671,month,NA,batch,NA
Quillayute fall salmon 2024,2024,11,400,boat,142.57326105442178,NA,NA,NA,NA,NA,month,NA,batch,NA
Quillayute fall salmon 2024,2024,11,402,bank,31.997228116827905,NA,NA,NA,NA,NA,month,NA,batch,NA
Quillayute fall salmon 2024,2024,11,402,boat,74.19965136054422,NA,NA,NA,NA,NA,month,NA,batch,NA
Quillayute fall salmon 2024,2024,11,404,bank,74.96047066778574,NA,NA,NA,NA,NA,month,NA,batch,NA
Quillayute fall salmon 2024,2024,11,404,boat,829.7436352040816,1,4.31667,3,NA,192.2184543187414,month,NA,batch,NA
Quillayute fall salmon 2024,2024,11,406,bank,945.7361372819288,18,2.305555555555556,1.6111111111111112,2.145857590193452,410.19880653192087,month,NA,batch,NA
Quillayute fall salmon 2024,2024,11,406,boat,4152.837969812925,57,6.1456140350877195,2.6140350877192984,1.456902372495028,675.7401206946523,month,NA,batch,NA
Quillayute fall salmon 2025,2025,9,398,bank,270.01179955675275,4,3.4083325,1.75,2.0906536590800973,79.22108525408032,month,NA,batch,NA
Quillayute fall salmon 2025,2025,9,398,boat,240.7333429783951,2,6.758335,2.5,1.0017369637035465,35.62021459107829,month,NA,batch,NA
Quillayute fall salmon 2025,2025,9,400,bank,626.773088561463,12,6.4652775,2.0833333333333335,2.5211767666567027,96.94449906619832,month,NA,batch,NA
Quillayute fall salmon 2025,2025,9,400,boat,0,NA,NA,NA,NA,NA,month,NA,batch,NA
Quillayute fall salmon 2025,2025,9,402,bank,52.141263423811544,NA,NA,NA,NA,NA,month,NA,batch,NA
Quillayute fall salmon 2025,2025,9,402,boat,39.71068672839507,NA,NA,NA,NA,NA,month,NA,batch,NA
Quillayute fall salmon 2025,2025,9,404,bank,1848.0449019360512,34,3.183333823529412,1.8823529411764703,2.257706410430076,580.5375761336569,month,NA,batch,NA
Quillayute fall salmon 2025,2025,9,404,boat,2262.993525752315,25,5.0593328,2.64,2.33844320962423,447.2909008382123,month,NA,batch,NA
Quillayute fall salmon 2025,2025,9,406,bank,2089.4137656493726,19,4.198246842105263,1.4210526315789471,4.07244961349507,497.68721188428503,month,NA,batch,NA
Quillayute fall salmon 2025,2025,9,406,boat,407.36756365740746,3,6.044443333333334,3.6666666666666665,2.1071508321981445,67.3953813762956,month,NA,batch,NA
Quillayute fall salmon 2025,2025,10,398,bank,256.2043509303677,1,4.21667,1,NA,60.75987709030294,month,NA,batch,NA
Quillayute fall salmon 2025,2025,10,398,boat,1225.2445387517148,12,5.941666666666666,2.4166666666666665,1.8622855703303416,206.21226458654388,month,NA,batch,NA
Quillayute fall salmon 2025,2025,10,400,bank,277.06590298637826,NA,NA,NA,NA,NA,month,NA,batch,NA
Quillayute fall salmon 2025,2025,10,400,boat,29.05150034293553,1,5.8,2,NA,5.008879369471643,month,NA,batch,NA
Quillayute fall salmon 2025,2025,10,402,bank,476.2740996337605,3,2.1777766666666665,2.3333333333333335,2.862802321089134,218.6974022284626,month,NA,batch,NA
Quillayute fall salmon 2025,2025,10,402,boat,24.26616512345679,NA,NA,NA,NA,NA,month,NA,batch,NA
Quillayute fall salmon 2025,2025,10,404,bank,4218.0230448065895,32,4.82864625,2.28125,3.1797645254455964,873.5415324339797,month,NA,batch,NA
Quillayute fall salmon 2025,2025,10,404,boat,6527.229616769548,66,6.057323181818182,2.8181818181818183,1.975590915119329,1077.5765830626058,month,NA,batch,NA
Quillayute fall salmon 2025,2025,10,406,bank,4858.325612668221,41,3.973577317073171,1.975609756097561,3.1020152739952978,1222.657878530153,month,NA,batch,NA
Quillayute fall salmon 2025,2025,10,406,boat,1987.1877293381349,22,6.748485,2.4545454545454546,1.7844862977358895,294.46427299432906,month,NA,batch,NA
Quillayute fall salmon 2025,2025,11,398,bank,1780.0649057824526,34,5.675000294117647,2,2.7530153713133876,313.66780855105105,month,NA,batch,NA
Quillayute fall salmon 2025,2025,11,398,boat,1567.284614197531,21,6.367460476190476,2.3333333333333335,2.3923352583542217,246.13966903414627,month,NA,batch,NA
Quillayute fall salmon 2025,2025,11,400,bank,629.6010719953812,7,6.2,2.142857142857143,1.956873294978497,101.54855999925502,month,NA,batch,NA
Quillayute fall salmon 2025,2025,11,400,boat,151.63539544753087,3,6.766666666666667,3.6666666666666665,0.9073771725877466,22.409171741014415,month,NA,batch,NA
Quillayute fall salmon 2025,2025,11,402,bank,54.34891492558393,1,0.51667,1,NA,105.19076959293926,month,NA,batch,NA
Quillayute fall salmon 2025,2025,11,402,boat,0,NA,NA,NA,NA,NA,month,NA,batch,NA
Quillayute fall salmon 2025,2025,11,404,bank,293.73947721593305,1,2,3,NA,146.86973860796653,month,NA,batch,NA
Quillayute fall salmon 2025,2025,11,404,boat,271.17109760802475,2,2.25,2,0.3535533905932738,120.52048782578878,month,NA,batch,NA
Quillayute fall salmon 2025,2025,11,406,bank,1668.9812974740375,8,1.7458325,2.25,0.8486551873363276,955.9801971117146,month,NA,batch,NA
Quillayute fall salmon 2025,2025,11,406,boat,1574.018809799383,28,6.273215,2.7142857142857144,1.1561721006086965,250.91102565421127,month,NA,batch,NA
Quillayute fall salmon 2025,2025,12,398,bank,130.88703432825113,NA,NA,NA,NA,NA,month,NA,batch,NA
Quillayute fall salmon 2025,2025,12,398,boat,163.85717592592593,NA,NA,NA,NA,NA,month,NA,batch,NA
Quillayute fall salmon 2025,2025,12,400,bank,21.938900413298622,NA,NA,NA,NA,NA,month,NA,batch,NA
Quillayute fall salmon 2025,2025,12,400,boat,9.638657407407408,NA,NA,NA,NA,NA,month,NA,batch,NA
Quillayute fall salmon 2025,2025,12,402,bank,0,NA,NA,NA,NA,NA,month,NA,batch,NA
Quillayute fall salmon 2025,2025,12,402,boat,0,NA,NA,NA,NA,NA,month,NA,batch,NA
Quillayute fall salmon 2025,2025,12,404,bank,0,NA,NA,NA,NA,NA,month,NA,batch,NA
Quillayute fall salmon 2025,2025,12,404,boat,0,NA,NA,NA,NA,NA,month,NA,batch,NA
Quillayute fall salmon 2025,2025,12,406,bank,5.244122985862384,NA,NA,NA,NA,NA,month,NA,batch,NA
Quillayute fall salmon 2025,2025,12,406,boat,9.638657407407408,NA,NA,NA,NA,NA,month,NA,batch,NA
Satsop salmon 2022,2022,10,329,bank,6040.771603760217,41,3.953251951219512,1.6829268292682926,2.3528473688269917,1528.051254587186,month,NA,batch,NA
Satsop salmon 2022,2022,10,329,boat,3243.02604370915,32,6.590624375,2.5,2.398938811931881,492.0665871978404,month,NA,batch,NA
Satsop salmon 2022,2022,11,329,bank,12366.980407907313,142,4.220070352112676,1.7112676056338028,2.2945317432176022,2930.5152227417448,month,NA,batch,NA
Satsop salmon 2022,2022,11,329,boat,5940.061621002567,62,6.1107527419354835,2.467741935483871,2.058966846262249,972.0670876172856,month,NA,batch,NA
Satsop salmon 2022,2022,12,329,bank,1284.019709876009,38,2.6469294736842106,1.5263157894736843,1.944573438469145,485.0978171657919,month,NA,batch,NA
Satsop salmon 2022,2022,12,329,boat,465.4317910312273,6,5.855555,1.8333333333333333,2.107597187251397,79.48551265101725,month,NA,batch,NA
Satsop salmon 2023,2023,10,329,bank,26158.444353923216,124,4.060618225806452,1.7258064516129032,2.2535489284598818,6441.985653238324,month,NA,batch,NA
Satsop salmon 2023,2023,10,329,boat,13764.500704585538,41,6.520325365853658,2.268292682926829,2.3741856542697937,2111.014394568246,month,NA,batch,NA
Satsop salmon 2023,2023,11,329,bank,6558.247342027365,105,2.812380666666667,1.638095238095238,2.2023634373075156,2331.9202196765323,month,NA,batch,NA
Satsop salmon 2023,2023,11,329,boat,6115.203342151675,53,5.507233018867924,2.6226415094339623,2.03509662772915,1110.3948790982383,month,NA,batch,NA
Satsop salmon 2023,2023,12,329,bank,0,NA,NA,NA,NA,NA,month,NA,batch,NA
Satsop salmon 2023,2023,12,329,boat,0,NA,NA,NA,NA,NA,month,NA,batch,NA
Satsop salmon 2024,2024,10,329,bank,18182.940691936063,201,4.478441094527363,1.756218905472637,2.147174862905161,4060.104913326993,month,NA,batch,NA
Satsop salmon 2024,2024,10,329,boat,11925.789912708267,59,6.513559322033898,2.4237288135593222,2.289155600601464,1830.917524979932,month,NA,batch,NA
Satsop salmon 2024,2024,11,329,bank,6653.542864886267,87,3.548084482758621,1.8045977011494252,1.8997765318117537,1875.249278087416,month,NA,batch,NA
Satsop salmon 2024,2024,11,329,boat,6691.537047764227,56,6.138095357142857,2.625,1.8241665676098016,1090.165052580575,month,NA,batch,NA
Satsop salmon 2024,2024,12,329,bank,1303.4342884903213,28,2.6291667857142857,1.8214285714285712,1.837601838113315,495.759453364693,month,NA,batch,NA
Satsop salmon 2024,2024,12,329,boat,1997.9602709847863,19,5.37193,1.894736842105263,1.5920532124063358,371.92596906228977,month,NA,batch,NA
Satsop salmon 2025,2025,10,329,bank,17887.73146151655,95,3.6643856842105262,1.9894736842105265,1.8984198189948536,4881.508935752317,month,NA,batch,NA
Satsop salmon 2025,2025,10,329,boat,11370.475073280422,40,6.38583375,2.325,1.7745530469355209,1780.5779978660455,month,NA,batch,NA
Satsop salmon 2025,2025,11,329,bank,3674.1812201128896,83,3.2200809638554215,1.6265060240963856,1.8755321477582487,1141.021378454339,month,NA,batch,NA
Satsop salmon 2025,2025,11,329,boat,4388.046024470899,69,5.9285033333333335,2.5217391304347827,2.086568283622563,740.1608429228455,month,NA,batch,NA
Satsop salmon 2025,2025,12,329,bank,851.266707977835,16,2.169791875,1.25,1.3162540410078836,392.3264336022251,month,NA,batch,NA
Satsop salmon 2025,2025,12,329,boat,929.670781893004,12,5.333334166666667,2.0833333333333335,2.1035795994726287,174.3132443684938,month,NA,batch,NA
Skagit fall salmon 2022,2022,9,830,bank,17662.631566446027,88,3.0863642045454545,1.625,1.8432029034350896,5722.795624843407,month,NA,batch,NA
Skagit fall salmon 2022,2022,9,830,boat,43855.039387682846,459,4.999019694989107,2.178649237472767,1.9093135951678863,8772.727867354082,month,NA,batch,NA
Skagit fall salmon 2022,2022,10,830,bank,21102.61775853159,81,2.7979422222222223,1.5925925925925926,1.7911500433813468,7542.192112091278,month,NA,batch,NA
Skagit fall salmon 2022,2022,10,830,boat,33771.73228205278,393,5.551950865139949,2.2264631043257,2.0682401440715847,6082.8586387717405,month,NA,batch,NA
Skagit fall salmon 2022,2022,11,830,bank,6541.396924521123,30,2.422222,1.3666666666666667,1.5518386207121515,2700.576959717616,month,NA,batch,NA
Skagit fall salmon 2022,2022,11,830,boat,10521.952345208916,88,4.985605909090909,2.2045454545454546,1.7748094983992957,2110.466117272298,month,NA,batch,NA
Skagit fall salmon 2023,2023,8,830,bank,31060.17391547847,37,2.486937027027027,1.945945945945946,1.5910447965511791,12489.32867134513,month,NA,batch,NA
Skagit fall salmon 2023,2023,8,830,boat,17079.624511610815,179,3.853072513966481,2.3966480446927374,1.6492727865579797,4432.7285431824075,month,NA,batch,NA
Skagit fall salmon 2023,2023,9,830,bank,72221.21606539439,119,2.7308125210084033,2,1.642050611944349,26446.786628444697,month,NA,batch,NA
Skagit fall salmon 2023,2023,9,830,boat,49388.72133065108,394,4.465355304568528,2.401015228426396,2.0733511204893977,11060.423630818632,month,NA,batch,NA
Skagit fall salmon 2023,2023,10,830,bank,43032.82332663814,100,3.1226664,1.61,2.3772188597532846,13780.79430022949,month,NA,batch,NA
Skagit fall salmon 2023,2023,10,830,boat,37060.51121875899,347,4.658501412103746,2.2593659942363113,1.8595823460390304,7955.457762118124,month,NA,batch,NA
Skagit fall salmon 2023,2023,11,830,bank,11917.220101362696,42,2.4670633333333334,1.3571428571428572,1.5931781581796849,4830.528645270299,month,NA,batch,NA
Skagit fall salmon 2023,2023,11,830,boat,11893.180161020637,48,4.510416666666667,2.2291666666666665,1.9077473757425227,2636.82516272051,month,NA,batch,NA
Skagit fall salmon 2024,2024,9,830,bank,18545.56786003297,154,3.2106062987012987,1.7857142857142858,1.9310087318615177,5776.344445450915,month,NA,batch,NA
Skagit fall salmon 2024,2024,9,830,boat,46258.06948120591,426,4.715688403755869,2.0305164319248825,1.908511390059072,9809.399078268849,month,NA,batch,NA
Skagit fall salmon 2024,2024,10,830,bank,15864.14707033805,82,2.6697160975609755,1.4878048780487805,1.6510595111495596,5942.259959713082,month,NA,batch,NA
Skagit fall salmon 2024,2024,10,830,boat,30449.19610817166,205,4.648699219512195,2.2,1.91762437712716,6550.0465120147755,month,NA,batch,NA
Skagit fall salmon 2024,2024,11,830,bank,7578.030019270876,53,2.510062641509434,1.6415094339622642,1.3595549002440113,3019.060119835816,month,NA,batch,NA
Skagit fall salmon 2024,2024,11,830,boat,12035.526990740742,38,5.442105,2.526315789473684,2.024003322582667,2211.5572909270845,month,NA,batch,NA
Skagit fall salmon 2025,2025,8,830,bank,20754.560884884704,66,3.020707272727273,2.0757575757575757,2.0007261293229326,6870.762047110332,month,NA,batch,NA
Skagit fall salmon 2025,2025,8,830,boat,12711.751504156884,101,4.138613762376238,2.1881188118811883,1.9802974752470153,3071.4998388393387,month,NA,batch,NA
Skagit fall salmon 2025,2025,9,826,bank,3185.5604917530154,11,5.065150909090909,2.4545454545454546,2.3302526747735084,628.9171929775254,month,NA,batch,NA
Skagit fall salmon 2025,2025,9,826,boat,0,NA,NA,NA,NA,NA,month,NA,batch,NA
Skagit fall salmon 2025,2025,9,830,bank,52406.69981048184,114,3.427339210526316,1.956140350877193,2.452074474089576,15290.782905154596,month,NA,batch,NA
Skagit fall salmon 2025,2025,9,830,boat,43990.94260339642,354,4.773964152542373,2.3926553672316384,2.152171104274389,9214.7618201048,month,NA,batch,NA
Skagit fall salmon 2025,2025,10,826,bank,9106.217106345544,10,4.061666,2.2,1.768465549566755,2241.9906280687637,month,NA,batch,NA
Skagit fall salmon 2025,2025,10,826,boat,0,NA,NA,NA,NA,NA,month,NA,batch,NA
Skagit fall salmon 2025,2025,10,830,bank,33479.369087291016,127,3.132808031496063,1.6456692913385826,1.8835931638447303,10686.696647449236,month,NA,batch,NA
Skagit fall salmon 2025,2025,10,830,boat,31263.669897381977,235,4.847659404255319,2.523404255319149,1.7942892545185796,6449.229884001018,month,NA,batch,NA
Skagit fall salmon 2025,2025,11,826,bank,2351.7059487403335,5,2.713334,1.2,1.3629742925785502,866.7218811765648,month,NA,batch,NA
Skagit fall salmon 2025,2025,11,826,boat,0,NA,NA,NA,NA,NA,month,NA,batch,NA
Skagit fall salmon 2025,2025,11,830,bank,4615.15143638998,14,2.8666657142857144,1.3571428571428572,1.481856103954218,1609.937082440718,month,NA,batch,NA
Skagit fall salmon 2025,2025,11,830,boat,4280.484492108903,33,5.6434339393939394,2.909090909090909,1.8270385735647099,758.4893414325311,month,NA,batch,NA
Snohomish fall salmon 2022,2022,10,850,bank,179.1892658795319,1,2,1,NA,89.59463293976594,month,NA,batch,NA
Snohomish fall salmon 2022,2022,10,850,boat,844.9809523809524,4,3.6416675,1.75,1.5372810352995534,232.0313297084241,month,NA,batch,NA
Snohomish fall salmon 2022,2022,10,852,bank,345.8456988557875,1,3,2,NA,115.28189961859584,month,NA,batch,NA
Snohomish fall salmon 2022,2022,10,852,boat,344.920634920635,2,3.0583349999999996,2.5,1.4024260923307152,112.78052761408904,month,NA,batch,NA
Snohomish fall salmon 2022,2022,11,850,bank,1527.3001077292984,3,2.533333333333333,2.6666666666666665,3.279526829015633,602.8816214720915,month,NA,batch,NA
Snohomish fall salmon 2022,2022,11,850,boat,2585.3037698412695,2,2.966665,1.5,0.02356786901694753,871.4511985145845,month,NA,batch,NA
Snohomish fall salmon 2022,2022,11,852,bank,1694.4302341691205,8,3.23750125,1.5,1.867999605937841,523.3759320306426,month,NA,batch,NA
Snohomish fall salmon 2022,2022,11,852,boat,4865.620687830688,11,3.630303636363637,2.8181818181818183,1.4358266773832609,1340.2792645478082,month,NA,batch,NA
Snohomish fall salmon 2023,2023,9,850,bank,62150.29925604441,464,2.9836205603448276,1.8448275862068968,1.9827956486323897,20830.49704177581,month,NA,batch,NA
Snohomish fall salmon 2023,2023,9,850,boat,54661.78997786139,785,4.432377885350318,2.5337579617834396,1.907830684609449,12332.384871453964,month,NA,batch,NA
Snohomish fall salmon 2023,2023,10,844,bank,4371.873702255318,48,2.9277775,1.625,1.9590530527983985,1493.2397363718103,month,NA,batch,NA
Snohomish fall salmon 2023,2023,10,844,boat,708.0206554992494,7,7.216667142857143,2.2857142857142856,2.495643801004157,98.10909128600017,month,NA,batch,NA
Snohomish fall salmon 2023,2023,10,850,bank,28286.85755859992,305,3.138087475409836,1.6262295081967213,1.4677663837019546,9014.043674772209,month,NA,batch,NA
Snohomish fall salmon 2023,2023,10,850,boat,25807.913292354857,243,4.477435144032921,2.308641975308642,1.8167431184489715,5763.994890411549,month,NA,batch,NA
Snohomish fall salmon 2023,2023,11,844,bank,3269.7490583084796,23,2.9652178260869566,1.434782608695652,1.4857053072529574,1102.7011336375908,month,NA,batch,NA
Snohomish fall salmon 2023,2023,11,844,boat,2592.3670474380633,26,5.120513076923077,2.269230769230769,1.5726356221344326,506.2709553699295,month,NA,batch,NA
Snohomish fall salmon 2024,2024,9,850,bank,3623.103783537064,175,2.471999942857143,1.782857142857143,1.6929250292069975,1465.6569042430772,month,NA,batch,NA
Snohomish fall salmon 2024,2024,9,850,boat,11342.424532312923,312,4.616025897435898,2.3141025641025643,1.9273369076499172,2457.1839032821276,month,NA,batch,NA
Snohomish fall salmon 2024,2024,10,850,bank,10167.38129970085,256,2.524999921875,1.56640625,1.7549190970081543,4026.685787835911,month,NA,batch,NA
Snohomish fall salmon 2024,2024,10,850,boat,13796.192994047618,227,4.21130704845815,2.171806167400881,1.9867950052090304,3275.988389186369,month,NA,batch,NA
Snohomish fall salmon 2024,2024,11,844,bank,4185.067099272552,109,2.36926623853211,1.6238532110091743,1.640587810455837,1766.3979806108364,month,NA,batch,NA
Snohomish fall salmon 2024,2024,11,844,boat,3379.362521258504,44,5.933712727272727,2.636363636363636,1.8890906853770772,569.5190644680464,month,NA,batch,NA
Snohomish fall salmon 2024,2024,11,850,bank,343.78056355830313,4,0.94583,2,0.08539125638299667,363.4697181928075,month,NA,batch,NA
Snohomish fall salmon 2024,2024,11,850,boat,230.46407879818597,4,4.5041675,1.5,1.8490439346389256,51.16685354134498,month,NA,batch,NA
Snohomish fall salmon 2024,2024,11,852,bank,2070.640030153804,54,2.0108024074074073,1.4444444444444444,1.1440086685545952,1029.7580819109655,month,NA,batch,NA
Snohomish fall salmon 2024,2024,11,852,boat,1426.3963567649282,23,3.619565217391304,2.8260869565217392,1.499314427287199,394.0794739410613,month,NA,batch,NA
Snohomish fall salmon 2025,2025,8,850,bank,22438.206926346254,194,2.9819587113402064,1.963917525773196,1.7485055528291855,7524.653792493884,month,NA,batch,NA
Snohomish fall salmon 2025,2025,8,850,boat,16178.901818181816,149,4.821476577181208,2.4832214765100673,2.099168845360176,3355.590670035055,month,NA,batch,NA
Snohomish fall salmon 2025,2025,9,850,bank,48112.21560889616,322,2.938612919254658,1.81055900621118,1.5878254152628657,16372.423633494138,month,NA,batch,NA
Snohomish fall salmon 2025,2025,9,850,boat,28747.535161616157,172,4.548740348837209,2.5930232558139537,1.9351059742949288,6319.889234602029,month,NA,batch,NA
Snohomish fall salmon 2025,2025,10,844,bank,527.7652168369515,6,2.5999983333333336,1.5,0.9588756378679494,202.9867519800787,month,NA,batch,NA
Snohomish fall salmon 2025,2025,10,844,boat,76.87136363636363,3,2.0166666666666666,1.6666666666666667,0.8135973956652844,38.118031555221634,month,NA,batch,NA
Snohomish fall salmon 2025,2025,10,850,bank,892.0037612280732,13,2.333333076923077,1.6153846153846154,1.167441326151516,382.2873682502037,month,NA,batch,NA
Snohomish fall salmon 2025,2025,10,850,boat,1590.4368518518518,23,4.038406086956522,2,1.5302944545762165,393.8278661446992,month,NA,batch,NA
Snohomish fall salmon 2025,2025,11,844,bank,4076.752505218851,52,2.3564103846153848,1.3269230769230769,1.1875308013111046,1730.06897772786,month,NA,batch,NA
Snohomish fall salmon 2025,2025,11,844,boat,1878.3036868686868,22,4.481817727272727,2.6818181818181817,2.2147637352740506,419.09417142041406,month,NA,batch,NA
Snohomish fall salmon 2025,2025,11,850,bank,247.1162982062191,2,2.391665,2,2.203818491720677,103.32395975448868,month,NA,batch,NA
Snohomish fall salmon 2025,2025,11,850,boat,169.50424242424242,NA,NA,NA,NA,NA,month,NA,batch,NA
Stillaguamish salmon and gamefish 2023-24,2023,9,872,bank,830.0339139628616,11,3.2893936363636365,1.4545454545454546,1.2382615053232715,252.3364503375305,month,NA,batch,NA
Stillaguamish salmon and gamefish 2023-24,2023,9,872,boat,0,1,8.41667,4,NA,0,month,NA,batch,NA
Stillaguamish salmon and gamefish 2023-24,2023,9,876,bank,16513.68489462448,106,3.054088396226415,1.858490566037736,1.879736883510758,5407.074960576955,month,NA,batch,NA
Stillaguamish salmon and gamefish 2023-24,2023,9,876,boat,1846.78765625,16,4.2604175,2.125,1.615971576806556,433.4757465084115,month,NA,batch,NA
Stillaguamish salmon and gamefish 2024-25,2024,9,872,bank,1034.3859163893496,19,3.1771931578947368,1.4210526315789471,1.4913870439368873,325.5659523938896,month,NA,batch,NA
Stillaguamish salmon and gamefish 2024-25,2024,9,872,boat,0,2,7.791665,2,1.35529035429682,0,month,NA,batch,NA
Stillaguamish salmon and gamefish 2024-25,2024,9,876,bank,9254.61374708194,128,2.738150703125,1.8203125,2.0077779688627633,3379.877424759646,month,NA,batch,NA
Stillaguamish salmon and gamefish 2024-25,2024,9,876,boat,357.32458333333335,5,4.046664,2.8,2.9139132584515965,88.30102606327912,month,NA,batch,NA
Stillaguamish salmon and gamefish 2024-25,2024,10,872,bank,1115.6575109494718,27,2.8814818518518517,1.2222222222222223,1.803110082632947,387.1818627739989,month,NA,batch,NA
Stillaguamish salmon and gamefish 2024-25,2024,10,872,boat,59.35604166666666,3,6.227776666666666,2.3333333333333335,1.6038419902326204,9.530855848502382,month,NA,batch,NA
Stillaguamish salmon and gamefish 2024-25,2024,10,874,bank,805.3586745487464,6,2.3416683333333332,1.6666666666666667,0.7757270353266456,343.92516783208544,month,NA,batch,NA
Stillaguamish salmon and gamefish 2024-25,2024,10,874,boat,44.83,NA,NA,NA,NA,NA,month,NA,batch,NA
Stillaguamish salmon and gamefish 2024-25,2024,10,876,bank,10707.591040104891,235,2.4460994042553192,1.6425531914893616,1.6110329640692,4377.414516138468,month,NA,batch,NA
Stillaguamish salmon and gamefish 2024-25,2024,10,876,boat,467.93216666666666,3,4.91667,2.3333333333333335,3.025309901481169,95.17257954401389,month,NA,batch,NA
Stillaguamish salmon and gamefish 2024-25,2024,11,872,bank,913.827660132558,12,2.575,1.6666666666666667,1.2380233920245611,354.88452820681863,month,NA,batch,NA
Stillaguamish salmon and gamefish 2024-25,2024,11,872,boat,0,NA,NA,NA,NA,NA,month,NA,batch,NA
Stillaguamish salmon and gamefish 2024-25,2024,11,874,bank,917.0768350067084,16,2.208333125,1.8125,1.614012844735005,415.28011540682223,month,NA,batch,NA
Stillaguamish salmon and gamefish 2024-25,2024,11,874,boat,0,NA,NA,NA,NA,NA,month,NA,batch,NA
Stillaguamish salmon and gamefish 2024-25,2024,11,876,bank,98.76570278733904,5,1.5,1.6,0.4805941057170801,65.84380185822603,month,NA,batch,NA
Stillaguamish salmon and gamefish 2024-25,2024,11,876,boat,85.56285714285714,NA,NA,NA,NA,NA,month,NA,batch,NA
Stillaguamish salmon and gamefish 2025-26,2025,9,872,bank,1835.594194922352,41,3.4926834146341466,1.4146341463414631,1.2523480474904127,525.5541304520517,month,NA,batch,NA
Stillaguamish salmon and gamefish 2025-26,2025,9,872,boat,80.03576388888888,2,8.833335,3,0.9428066845594596,9.060650806166514,month,NA,batch,NA
Stillaguamish salmon and gamefish 2025-26,2025,9,876,bank,10776.703613627866,173,3.336031040462428,1.6647398843930636,1.8161116915529791,3230.396684838412,month,NA,batch,NA
Stillaguamish salmon and gamefish 2025-26,2025,9,876,boat,389.0418518518518,4,3.9375,2,1.9215336756525152,98.80427983539091,month,NA,batch,NA
Stillaguamish salmon and gamefish 2025-26,2025,10,872,bank,1235.9147505184292,33,3.3601009090909093,1.3333333333333333,1.8700166522743915,367.8207244236637,month,NA,batch,NA
Stillaguamish salmon and gamefish 2025-26,2025,10,872,boat,104.27930555555557,3,6.333333333333333,1.3333333333333333,1.5877132402714709,16.46515350877193,month,NA,batch,NA
Stillaguamish salmon and gamefish 2025-26,2025,10,876,bank,18370.897715712315,379,2.861037994722955,1.4722955145118737,1.6268274398584477,6421.060380741724,month,NA,batch,NA
Stillaguamish salmon and gamefish 2025-26,2025,10,876,boat,727.4920917508417,6,3.780555,1.5,1.690673358076598,192.42997172395104,month,NA,batch,NA
Upper Chehalis salmon 2023,2023,10,315,bank,2263.453882171741,NA,NA,NA,NA,NA,month,NA,batch,NA
Upper Chehalis salmon 2023,2023,10,315,boat,2112.754467592593,4,3.770835,1.5,2.6997742738298203,560.2882299524092,month,NA,batch,NA
Upper Chehalis salmon 2023,2023,10,317,bank,3721.6206280973984,8,1.6895825,1.625,0.8683116097305489,2202.6865383000822,month,NA,batch,NA
Upper Chehalis salmon 2023,2023,10,317,boat,8655.312895299145,98,5.294047551020408,2.5714285714285716,2.2539332685394644,1634.9140826343476,month,NA,batch,NA
Upper Chehalis salmon 2023,2023,11,315,bank,947.0112482651214,3,5.42778,1,6.400746190585907,174.47487707038997,month,NA,batch,NA
Upper Chehalis salmon 2023,2023,11,315,boat,2625.3056238129157,17,3.762745294117647,2.0588235294117645,2.1581038010111957,697.7101606949302,month,NA,batch,NA
Upper Chehalis salmon 2023,2023,11,317,bank,1183.3411064288268,4,3.066665,2,2.6524269948420196,385.8723096356553,month,NA,batch,NA
Upper Chehalis salmon 2023,2023,11,317,boat,8806.42532051282,76,4.516666578947368,2.460526315789474,1.9705630682452515,1949.7621014489855,month,NA,batch,NA
Upper Chehalis salmon 2023,2023,12,315,bank,0,NA,NA,NA,NA,NA,month,NA,batch,NA
Upper Chehalis salmon 2023,2023,12,315,boat,0,NA,NA,NA,NA,NA,month,NA,batch,NA
Upper Chehalis salmon 2023,2023,12,317,bank,0,NA,NA,NA,NA,NA,month,NA,batch,NA
Upper Chehalis salmon 2023,2023,12,317,boat,0,NA,NA,NA,NA,NA,month,NA,batch,NA
Wallace salmon and gamefish 2022-23,2022,10,860,bank,8260.807180748456,105,3.217778,1.5809523809523809,1.8962419249396545,2567.2396233514105,month,NA,batch,NA
Wallace salmon and gamefish 2022-23,2022,11,860,bank,7126.646301557239,232,3.2146548706896554,1.6293103448275863,1.585071212600736,2216.924238597447,month,NA,batch,NA
Wallace salmon and gamefish 2022-23,2022,12,860,bank,2418.7883841306584,40,2.578333,1.45,1.4693073506268708,938.121020105106,month,NA,batch,NA
Wallace salmon and gamefish 2022-23,2023,1,860,bank,2907.7798064557614,74,2.538739054054054,1.4594594594594594,1.262286051178758,1145.3637985410098,month,NA,batch,NA
Wallace salmon and gamefish 2022-23,2023,2,860,bank,1109.4592833719134,5,2.353332,1,1.3531034739146892,471.44188893531106,month,NA,batch,NA
Wallace salmon and gamefish 2023-24,2023,10,860,bank,7461.328714285713,106,3.0569183018867925,1.6132075471698113,1.6002426062096076,2440.800825354223,month,NA,batch,NA
Wallace salmon and gamefish 2023-24,2023,11,860,bank,3738.3222857142855,22,2.2939386363636363,1.681818181818182,0.9194479320574486,1629.6522611608714,month,NA,batch,NA
Wallace salmon and gamefish 2024-25,2024,10,860,bank,5501.370673076923,253,3.2186430434782607,1.7628458498023716,1.890547395359928,1709.2205003049385,month,NA,batch,NA
Wallace salmon and gamefish 2024-25,2024,11,860,bank,2574.8719951923076,71,2.5685447887323942,1.6056338028169015,1.542391904592029,1002.4633428576636,month,NA,batch,NA
Drano Lake salmon and steelhead 2022,2022,7,618,bank,0,1,2.86667,2,NA,0,week,Drano,manual,DLSS22_D2D0_20260813
Drano Lake salmon and steelhead 2022,2022,7,618,boat,630.8589371980677,NA,NA,NA,NA,NA,week,Drano,manual,DLSS22_D2D0_20260813
Drano Lake salmon and steelhead 2022,2022,8,618,bank,2455.159722222222,15,3.787778,1.9333333333333333,3.1693564028796577,648.1794134244991,week,Drano,manual,DLSS22_D2D0_20260813
Drano Lake salmon and steelhead 2022,2022,8,618,boat,16089.136639492754,205,5.912683121951219,2.502439024390244,2.7507123818227077,2721.122764005531,week,Drano,manual,DLSS22_D2D0_20260813
Drano Lake salmon and steelhead 2022,2022,9,618,bank,1155.9716666666666,4,3.2333325,2.25,1.815266871516417,357.5171024528614,week,Drano,manual,DLSS22_D2D0_20260813
Drano Lake salmon and steelhead 2022,2022,9,618,boat,20860.53235037574,206,6.19166645631068,2.8106796116504853,2.4918470713181113,3369.1305075250357,week,Drano,manual,DLSS22_D2D0_20260813
Drano Lake salmon and steelhead 2022,2022,10,618,bank,3652.9869444444444,32,3.39947875,1.21875,1.7174074450879582,1074.5726663078697,week,Drano,manual,DLSS22_D2D0_20260813
Drano Lake salmon and steelhead 2022,2022,10,618,boat,8008.145544820182,145,3.745516827586207,2.7103448275862068,1.541351937351096,2138.061558244559,week,Drano,manual,DLSS22_D2D0_20260813
Drano Lake salmon and steelhead 2023,2023,7,618,bank,164.49027777777778,NA,NA,NA,NA,NA,week,Drano,manual,DLSS23_1AF8_20260813
Drano Lake salmon and steelhead 2023,2023,7,618,boat,6881.446989453273,24,5.803472083333333,1.7916666666666667,1.440637226565049,1185.746548039012,week,Drano,manual,DLSS23_1AF8_20260813
Drano Lake salmon and steelhead 2023,2023,8,618,bank,1801.7477777777779,5,3.133334,1.8,0.7827114907678309,575.0257641789154,week,Drano,manual,DLSS23_1AF8_20260813
Drano Lake salmon and steelhead 2023,2023,8,618,boat,21364.071252837686,312,5.460630512820513,2.551282051282051,2.2666668120791567,3912.3817666620994,week,Drano,manual,DLSS23_1AF8_20260813
Drano Lake salmon and steelhead 2023,2023,9,618,bank,3368.2748842592596,9,4.05926,1.6666666666666667,1.7122749707990828,829.7755956157673,week,Drano,manual,DLSS23_1AF8_20260813
Drano Lake salmon and steelhead 2023,2023,9,618,boat,31147.356840711313,284,5.3250586619718305,3.066901408450704,2.2471273420547884,5849.204453491912,week,Drano,manual,DLSS23_1AF8_20260813
Drano Lake salmon and steelhead 2023,2023,10,618,bank,1882.7147222222222,3,3.2055533333333335,1.3333333333333333,3.725899774501903,587.3290900028353,week,Drano,manual,DLSS23_1AF8_20260813
Drano Lake salmon and steelhead 2023,2023,10,618,boat,9234.8867026106691,155,4.386451419354839,2.8516129032258064,1.8444457887952321,2105.3206384236987,week,Drano,manual,DLSS23_1AF8_20260813
Drano Lake salmon and steelhead 2024,2024,7,618,bank,335.0357638888889,8,4.085415,1.25,3.3854913455508933,82.00776760473265,week,Drano,manual,DLSS24_1B75_20260813
Drano Lake salmon and steelhead 2024,2024,7,618,boat,3853.471569895708,36,4.9527775,2.5277777777777777,1.4390782295629876,778.0425367171669,week,Drano,manual,DLSS24_1B75_20260813
Drano Lake salmon and steelhead 2024,2024,7,618,fail,0,NA,NA,NA,NA,NA,week,Drano,manual,DLSS24_1B75_20260813
Drano Lake salmon and steelhead 2024,2024,8,618,bank,1963.4727083333332,9,5.520368888888889,1.6666666666666667,3.7583123720376292,355.6778084677111,week,Drano,manual,DLSS24_1B75_20260813
Drano Lake salmon and steelhead 2024,2024,8,618,boat,13765.79423611111,196,5.518282397959184,2.454081632653061,2.3715486416069047,2494.5795164818114,week,Drano,manual,DLSS24_1B75_20260813
Drano Lake salmon and steelhead 2024,2024,8,618,fail,0,NA,NA,NA,NA,NA,week,Drano,manual,DLSS24_1B75_20260813
Drano Lake salmon and steelhead 2024,2024,9,618,bank,3209.361111111111,12,3.720833333333333,1.6666666666666667,2.6697430039385415,862.5382605449794,week,Drano,manual,DLSS24_1B75_20260813
Drano Lake salmon and steelhead 2024,2024,9,618,boat,33362.22096620537,417,5.275619424460432,2.9760191846522783,2.3348865941623775,6323.849065291043,week,Drano,manual,DLSS24_1B75_20260813
Drano Lake salmon and steelhead 2024,2024,9,618,fail,0,NA,NA,NA,NA,NA,week,Drano,manual,DLSS24_1B75_20260813
Drano Lake salmon and steelhead 2024,2024,10,618,bank,2015.4879166666667,23,4.33333347826087,1.173913043478261,1.847133200560973,465.11258059824144,week,Drano,manual,DLSS24_1B75_20260813
Drano Lake salmon and steelhead 2024,2024,10,618,boat,8801.394705174489,159,5.127882452830189,2.748427672955975,2.102219634003731,1716.3799650510337,week,Drano,manual,DLSS24_1B75_20260813
Drano Lake salmon and steelhead 2024,2024,10,618,fail,387.77200000000005,NA,NA,NA,NA,NA,week,Drano,manual,DLSS24_1B75_20260813
Drano Lake salmon and steelhead 2025,2025,7,618,bank,499.3409722222223,1,1.05,2,NA,475.56283068783074,week,Drano,manual,DLSS25_2353_20260813
Drano Lake salmon and steelhead 2025,2025,7,618,boat,6405.843143939394,43,4.960078139534883,2.255813953488372,1.3805196205988386,1291.4802879577383,week,Drano,manual,DLSS25_2353_20260813
Drano Lake salmon and steelhead 2025,2025,8,618,bank,4656.0375,7,6.147618571428572,1.4285714285714286,4.420432477825477,757.3725412372224,week,Drano,manual,DLSS25_2353_20260813
Drano Lake salmon and steelhead 2025,2025,8,618,boat,28567.96614859533,213,5.810328309859155,2.5868544600938965,2.8042884914695634,4916.755925843341,week,Drano,manual,DLSS25_2353_20260813
Drano Lake salmon and steelhead 2025,2025,9,618,bank,4449.3497916666665,18,4.2259255555555555,1.5,2.233920136874196,1052.8698939850915,week,Drano,manual,DLSS25_2353_20260813
Drano Lake salmon and steelhead 2025,2025,9,618,boat,35357.79747356376,295,5.087118576271187,3.169491525423729,2.2978802632177597,6950.45671600616,week,Drano,manual,DLSS25_2353_20260813
Drano Lake salmon and steelhead 2025,2025,10,618,bank,2214.8554166666668,11,2.462120909090909,1.5454545454545454,1.4333155048240742,899.5721568704195,week,Drano,manual,DLSS25_2353_20260813
Drano Lake salmon and steelhead 2025,2025,10,618,boat,10089.40470920139,146,4.332876849315069,3,1.6200842561698188,2328.5694609105494,week,Drano,manual,DLSS25_2353_20260813
