analysis_id,project_name,fishery_name,section_num,min_event_date,max_event_date,period,day_type,angler_final,est_cg,model_type,estimate_category,estimate_type,estimate_value,estimate_time_period
74C3A10F-F03D-4684-8085-5DB2224261D0,District 11,Nisqually salmon 2023,1,2023-07-01,2023-07-02,26,weekend,Bank,Chinook|Coho|Pink_Adult|Jack|NA_AD|NA|UM|UNK_Kept,PE,catch,number_observations,1,week
74C3A10F-F03D-4684-8085-5DB2224261D0,District 11,Nisqually salmon 2023,1,2023-07-01,2023-07-02,26,weekend,Bank,Chinook|Coho|Pink_Adult|Jack|NA_AD|NA|UM|UNK_Kept,PE,catch,daily_mean,0,week
74C3A10F-F03D-4684-8085-5DB2224261D0,District 11,Nisqually salmon 2023,1,2023-07-01,2023-07-02,26,weekend,Bank,Chinook|Coho|Pink_Adult|Jack|NA_AD|NA|UM|UNK_Kept,PE,catch,daily_variance,0,week
74C3A10F-F03D-4684-8085-5DB2224261D0,District 11,Nisqually salmon 2023,1,2023-07-01,2023-07-02,26,weekend,Bank,Chinook|Coho|Pink_Adult|Jack|NA_AD|NA|UM|UNK_Kept,PE,catch,days_open,2,week
74C3A10F-F03D-4684-8085-5DB2224261D0,District 11,Nisqually salmon 2023,1,2023-07-01,2023-07-02,26,weekend,Bank,Chinook|Coho|Pink_Adult|Jack|NA_AD|NA|UM|UNK_Kept,PE,catch,degrees_freedom,37.5,week
74C3A10F-F03D-4684-8085-5DB2224261D0,District 11,Nisqually salmon 2023,1,2023-07-01,2023-07-02,26,weekend,Bank,Chinook|Coho|Pink_Adult|Jack|NA_AD|NA|UM|UNK_Kept,PE,catch,total_catch,0,week
74C3A10F-F03D-4684-8085-5DB2224261D0,District 11,Nisqually salmon 2023,1,2023-07-01,2023-07-02,26,weekend,Boat,Chinook|Coho|Pink_Adult|Jack|NA_AD|NA|UM|UNK_Kept,PE,catch,number_observations,1,week
74C3A10F-F03D-4684-8085-5DB2224261D0,District 11,Nisqually salmon 2023,1,2023-07-01,2023-07-02,26,weekend,Boat,Chinook|Coho|Pink_Adult|Jack|NA_AD|NA|UM|UNK_Kept,PE,catch,daily_mean,0,week
74C3A10F-F03D-4684-8085-5DB2224261D0,District 11,Nisqually salmon 2023,1,2023-07-01,2023-07-02,26,weekend,Boat,Chinook|Coho|Pink_Adult|Jack|NA_AD|NA|UM|UNK_Kept,PE,catch,daily_variance,0,week
74C3A10F-F03D-4684-8085-5DB2224261D0,District 11,Nisqually salmon 2023,1,2023-07-01,2023-07-02,26,weekend,Boat,Chinook|Coho|Pink_Adult|Jack|NA_AD|NA|UM|UNK_Kept,PE,catch,days_open,2,week
74C3A10F-F03D-4684-8085-5DB2224261D0,District 11,Nisqually salmon 2023,1,2023-07-01,2023-07-02,26,weekend,Boat,Chinook|Coho|Pink_Adult|Jack|NA_AD|NA|UM|UNK_Kept,PE,catch,degrees_freedom,37.5,week
74C3A10F-F03D-4684-8085-5DB2224261D0,District 11,Nisqually salmon 2023,1,2023-07-01,2023-07-02,26,weekend,Boat,Chinook|Coho|Pink_Adult|Jack|NA_AD|NA|UM|UNK_Kept,PE,catch,total_catch,0,week
74C3A10F-F03D-4684-8085-5DB2224261D0,District 11,Nisqually salmon 2023,1,2023-07-03,2023-07-09,27,weekday,Bank,Chinook|Coho|Pink_Adult|Jack|NA_AD|NA|UM|UNK_Kept,PE,catch,number_observations,2,week
74C3A10F-F03D-4684-8085-5DB2224261D0,District 11,Nisqually salmon 2023,1,2023-07-03,2023-07-09,27,weekday,Bank,Chinook|Coho|Pink_Adult|Jack|NA_AD|NA|UM|UNK_Kept,PE,catch,daily_mean,0,week
74C3A10F-F03D-4684-8085-5DB2224261D0,District 11,Nisqually salmon 2023,1,2023-07-03,2023-07-09,27,weekday,Bank,Chinook|Coho|Pink_Adult|Jack|NA_AD|NA|UM|UNK_Kept,PE,catch,daily_variance,0,week
74C3A10F-F03D-4684-8085-5DB2224261D0,District 11,Nisqually salmon 2023,1,2023-07-03,2023-07-09,27,weekday,Bank,Chinook|Coho|Pink_Adult|Jack|NA_AD|NA|UM|UNK_Kept,PE,catch,days_open,4,week
74C3A10F-F03D-4684-8085-5DB2224261D0,District 11,Nisqually salmon 2023,1,2023-07-03,2023-07-09,27,weekday,Bank,Chinook|Coho|Pink_Adult|Jack|NA_AD|NA|UM|UNK_Kept,PE,catch,degrees_freedom,37.5,week
74C3A10F-F03D-4684-8085-5DB2224261D0,District 11,Nisqually salmon 2023,1,2023-07-03,2023-07-09,27,weekday,Bank,Chinook|Coho|Pink_Adult|Jack|NA_AD|NA|UM|UNK_Kept,PE,catch,total_catch,0,week
74C3A10F-F03D-4684-8085-5DB2224261D0,District 11,Nisqually salmon 2023,1,2023-07-03,2023-07-09,27,weekend,Bank,Chinook|Coho|Pink_Adult|Jack|NA_AD|NA|UM|UNK_Kept,PE,catch,number_observations,2,week
74C3A10F-F03D-4684-8085-5DB2224261D0,District 11,Nisqually salmon 2023,1,2023-07-03,2023-07-09,27,weekend,Bank,Chinook|Coho|Pink_Adult|Jack|NA_AD|NA|UM|UNK_Kept,PE,catch,daily_mean,0,week
74C3A10F-F03D-4684-8085-5DB2224261D0,District 11,Nisqually salmon 2023,1,2023-07-03,2023-07-09,27,weekend,Bank,Chinook|Coho|Pink_Adult|Jack|NA_AD|NA|UM|UNK_Kept,PE,catch,daily_variance,0,week
74C3A10F-F03D-4684-8085-5DB2224261D0,District 11,Nisqually salmon 2023,1,2023-07-03,2023-07-09,27,weekend,Bank,Chinook|Coho|Pink_Adult|Jack|NA_AD|NA|UM|UNK_Kept,PE,catch,days_open,3,week
74C3A10F-F03D-4684-8085-5DB2224261D0,District 11,Nisqually salmon 2023,1,2023-07-03,2023-07-09,27,weekend,Bank,Chinook|Coho|Pink_Adult|Jack|NA_AD|NA|UM|UNK_Kept,PE,catch,degrees_freedom,37.5,week
74C3A10F-F03D-4684-8085-5DB2224261D0,District 11,Nisqually salmon 2023,1,2023-07-03,2023-07-09,27,weekend,Bank,Chinook|Coho|Pink_Adult|Jack|NA_AD|NA|UM|UNK_Kept,PE,catch,total_catch,0,week
74C3A10F-F03D-4684-8085-5DB2224261D0,District 11,Nisqually salmon 2023,1,2023-07-10,2023-07-16,28,weekday,Bank,Chinook|Coho|Pink_Adult|Jack|NA_AD|NA|UM|UNK_Kept,PE,catch,number_observations,2,week
74C3A10F-F03D-4684-8085-5DB2224261D0,District 11,Nisqually salmon 2023,1,2023-07-10,2023-07-16,28,weekday,Bank,Chinook|Coho|Pink_Adult|Jack|NA_AD|NA|UM|UNK_Kept,PE,catch,daily_mean,0,week
74C3A10F-F03D-4684-8085-5DB2224261D0,District 11,Nisqually salmon 2023,1,2023-07-10,2023-07-16,28,weekday,Bank,Chinook|Coho|Pink_Adult|Jack|NA_AD|NA|UM|UNK_Kept,PE,catch,daily_variance,0,week
74C3A10F-F03D-4684-8085-5DB2224261D0,District 11,Nisqually salmon 2023,1,2023-07-10,2023-07-16,28,weekday,Bank,Chinook|Coho|Pink_Adult|Jack|NA_AD|NA|UM|UNK_Kept,PE,catch,days_open,5,week
74C3A10F-F03D-4684-8085-5DB2224261D0,District 11,Nisqually salmon 2023,1,2023-07-10,2023-07-16,28,weekday,Bank,Chinook|Coho|Pink_Adult|Jack|NA_AD|NA|UM|UNK_Kept,PE,catch,degrees_freedom,37.5,week
74C3A10F-F03D-4684-8085-5DB2224261D0,District 11,Nisqually salmon 2023,1,2023-07-10,2023-07-16,28,weekday,Bank,Chinook|Coho|Pink_Adult|Jack|NA_AD|NA|UM|UNK_Kept,PE,catch,total_catch,0,week
74C3A10F-F03D-4684-8085-5DB2224261D0,District 11,Nisqually salmon 2023,1,2023-07-10,2023-07-16,28,weekend,Bank,Chinook|Coho|Pink_Adult|Jack|NA_AD|NA|UM|UNK_Kept,PE,catch,number_observations,1,week
74C3A10F-F03D-4684-8085-5DB2224261D0,District 11,Nisqually salmon 2023,1,2023-07-10,2023-07-16,28,weekend,Bank,Chinook|Coho|Pink_Adult|Jack|NA_AD|NA|UM|UNK_Kept,PE,catch,daily_mean,0,week
74C3A10F-F03D-4684-8085-5DB2224261D0,District 11,Nisqually salmon 2023,1,2023-07-10,2023-07-16,28,weekend,Bank,Chinook|Coho|Pink_Adult|Jack|NA_AD|NA|UM|UNK_Kept,PE,catch,daily_variance,0,week
74C3A10F-F03D-4684-8085-5DB2224261D0,District 11,Nisqually salmon 2023,1,2023-07-10,2023-07-16,28,weekend,Bank,Chinook|Coho|Pink_Adult|Jack|NA_AD|NA|UM|UNK_Kept,PE,catch,days_open,2,week
74C3A10F-F03D-4684-8085-5DB2224261D0,District 11,Nisqually salmon 2023,1,2023-07-10,2023-07-16,28,weekend,Bank,Chinook|Coho|Pink_Adult|Jack|NA_AD|NA|UM|UNK_Kept,PE,catch,degrees_freedom,37.5,week
74C3A10F-F03D-4684-8085-5DB2224261D0,District 11,Nisqually salmon 2023,1,2023-07-10,2023-07-16,28,weekend,Bank,Chinook|Coho|Pink_Adult|Jack|NA_AD|NA|UM|UNK_Kept,PE,catch,total_catch,0,week
74C3A10F-F03D-4684-8085-5DB2224261D0,District 11,Nisqually salmon 2023,1,2023-07-17,2023-07-23,29,weekday,Bank,Chinook|Coho|Pink_Adult|Jack|NA_AD|NA|UM|UNK_Kept,PE,catch,number_observations,3,week
74C3A10F-F03D-4684-8085-5DB2224261D0,District 11,Nisqually salmon 2023,1,2023-07-17,2023-07-23,29,weekday,Bank,Chinook|Coho|Pink_Adult|Jack|NA_AD|NA|UM|UNK_Kept,PE,catch,daily_mean,0,week
74C3A10F-F03D-4684-8085-5DB2224261D0,District 11,Nisqually salmon 2023,1,2023-07-17,2023-07-23,29,weekday,Bank,Chinook|Coho|Pink_Adult|Jack|NA_AD|NA|UM|UNK_Kept,PE,catch,daily_variance,0,week
74C3A10F-F03D-4684-8085-5DB2224261D0,District 11,Nisqually salmon 2023,1,2023-07-17,2023-07-23,29,weekday,Bank,Chinook|Coho|Pink_Adult|Jack|NA_AD|NA|UM|UNK_Kept,PE,catch,days_open,5,week
74C3A10F-F03D-4684-8085-5DB2224261D0,District 11,Nisqually salmon 2023,1,2023-07-17,2023-07-23,29,weekday,Bank,Chinook|Coho|Pink_Adult|Jack|NA_AD|NA|UM|UNK_Kept,PE,catch,degrees_freedom,37.5,week
74C3A10F-F03D-4684-8085-5DB2224261D0,District 11,Nisqually salmon 2023,1,2023-07-17,2023-07-23,29,weekday,Bank,Chinook|Coho|Pink_Adult|Jack|NA_AD|NA|UM|UNK_Kept,PE,catch,total_catch,0,week
74C3A10F-F03D-4684-8085-5DB2224261D0,District 11,Nisqually salmon 2023,1,2023-07-17,2023-07-23,29,weekend,Bank,Chinook|Coho|Pink_Adult|Jack|NA_AD|NA|UM|UNK_Kept,PE,catch,number_observations,1,week
74C3A10F-F03D-4684-8085-5DB2224261D0,District 11,Nisqually salmon 2023,1,2023-07-17,2023-07-23,29,weekend,Bank,Chinook|Coho|Pink_Adult|Jack|NA_AD|NA|UM|UNK_Kept,PE,catch,daily_mean,0,week
74C3A10F-F03D-4684-8085-5DB2224261D0,District 11,Nisqually salmon 2023,1,2023-07-17,2023-07-23,29,weekend,Bank,Chinook|Coho|Pink_Adult|Jack|NA_AD|NA|UM|UNK_Kept,PE,catch,daily_variance,0,week
74C3A10F-F03D-4684-8085-5DB2224261D0,District 11,Nisqually salmon 2023,1,2023-07-17,2023-07-23,29,weekend,Bank,Chinook|Coho|Pink_Adult|Jack|NA_AD|NA|UM|UNK_Kept,PE,catch,days_open,2,week
74C3A10F-F03D-4684-8085-5DB2224261D0,District 11,Nisqually salmon 2023,1,2023-07-17,2023-07-23,29,weekend,Bank,Chinook|Coho|Pink_Adult|Jack|NA_AD|NA|UM|UNK_Kept,PE,catch,degrees_freedom,37.5,week
74C3A10F-F03D-4684-8085-5DB2224261D0,District 11,Nisqually salmon 2023,1,2023-07-17,2023-07-23,29,weekend,Bank,Chinook|Coho|Pink_Adult|Jack|NA_AD|NA|UM|UNK_Kept,PE,catch,total_catch,0,week
74C3A10F-F03D-4684-8085-5DB2224261D0,District 11,Nisqually salmon 2023,1,2023-07-24,2023-07-30,30,weekday,Bank,Chinook|Coho|Pink_Adult|Jack|NA_AD|NA|UM|UNK_Kept,PE,catch,number_observations,3,week
74C3A10F-F03D-4684-8085-5DB2224261D0,District 11,Nisqually salmon 2023,1,2023-07-24,2023-07-30,30,weekday,Bank,Chinook|Coho|Pink_Adult|Jack|NA_AD|NA|UM|UNK_Kept,PE,catch,daily_mean,0,week
74C3A10F-F03D-4684-8085-5DB2224261D0,District 11,Nisqually salmon 2023,1,2023-07-24,2023-07-30,30,weekday,Bank,Chinook|Coho|Pink_Adult|Jack|NA_AD|NA|UM|UNK_Kept,PE,catch,daily_variance,0,week
74C3A10F-F03D-4684-8085-5DB2224261D0,District 11,Nisqually salmon 2023,1,2023-07-24,2023-07-30,30,weekday,Bank,Chinook|Coho|Pink_Adult|Jack|NA_AD|NA|UM|UNK_Kept,PE,catch,days_open,5,week
74C3A10F-F03D-4684-8085-5DB2224261D0,District 11,Nisqually salmon 2023,1,2023-07-24,2023-07-30,30,weekday,Bank,Chinook|Coho|Pink_Adult|Jack|NA_AD|NA|UM|UNK_Kept,PE,catch,degrees_freedom,37.5,week
74C3A10F-F03D-4684-8085-5DB2224261D0,District 11,Nisqually salmon 2023,1,2023-07-24,2023-07-30,30,weekday,Bank,Chinook|Coho|Pink_Adult|Jack|NA_AD|NA|UM|UNK_Kept,PE,catch,total_catch,0,week
74C3A10F-F03D-4684-8085-5DB2224261D0,District 11,Nisqually salmon 2023,1,2023-07-24,2023-07-30,30,weekend,Bank,Chinook|Coho|Pink_Adult|Jack|NA_AD|NA|UM|UNK_Kept,PE,catch,number_observations,1,week
74C3A10F-F03D-4684-8085-5DB2224261D0,District 11,Nisqually salmon 2023,1,2023-07-24,2023-07-30,30,weekend,Bank,Chinook|Coho|Pink_Adult|Jack|NA_AD|NA|UM|UNK_Kept,PE,catch,daily_mean,0,week
74C3A10F-F03D-4684-8085-5DB2224261D0,District 11,Nisqually salmon 2023,1,2023-07-24,2023-07-30,30,weekend,Bank,Chinook|Coho|Pink_Adult|Jack|NA_AD|NA|UM|UNK_Kept,PE,catch,daily_variance,0,week
74C3A10F-F03D-4684-8085-5DB2224261D0,District 11,Nisqually salmon 2023,1,2023-07-24,2023-07-30,30,weekend,Bank,Chinook|Coho|Pink_Adult|Jack|NA_AD|NA|UM|UNK_Kept,PE,catch,days_open,2,week
74C3A10F-F03D-4684-8085-5DB2224261D0,District 11,Nisqually salmon 2023,1,2023-07-24,2023-07-30,30,weekend,Bank,Chinook|Coho|Pink_Adult|Jack|NA_AD|NA|UM|UNK_Kept,PE,catch,degrees_freedom,37.5,week
74C3A10F-F03D-4684-8085-5DB2224261D0,District 11,Nisqually salmon 2023,1,2023-07-24,2023-07-30,30,weekend,Bank,Chinook|Coho|Pink_Adult|Jack|NA_AD|NA|UM|UNK_Kept,PE,catch,total_catch,0,week
74C3A10F-F03D-4684-8085-5DB2224261D0,District 11,Nisqually salmon 2023,1,2023-07-24,2023-07-30,30,weekend,Boat,Chinook|Coho|Pink_Adult|Jack|NA_AD|NA|UM|UNK_Kept,PE,catch,number_observations,1,week
74C3A10F-F03D-4684-8085-5DB2224261D0,District 11,Nisqually salmon 2023,1,2023-07-24,2023-07-30,30,weekend,Boat,Chinook|Coho|Pink_Adult|Jack|NA_AD|NA|UM|UNK_Kept,PE,catch,daily_mean,0,week
74C3A10F-F03D-4684-8085-5DB2224261D0,District 11,Nisqually salmon 2023,1,2023-07-24,2023-07-30,30,weekend,Boat,Chinook|Coho|Pink_Adult|Jack|NA_AD|NA|UM|UNK_Kept,PE,catch,daily_variance,0,week
74C3A10F-F03D-4684-8085-5DB2224261D0,District 11,Nisqually salmon 2023,1,2023-07-24,2023-07-30,30,weekend,Boat,Chinook|Coho|Pink_Adult|Jack|NA_AD|NA|UM|UNK_Kept,PE,catch,days_open,2,week
74C3A10F-F03D-4684-8085-5DB2224261D0,District 11,Nisqually salmon 2023,1,2023-07-24,2023-07-30,30,weekend,Boat,Chinook|Coho|Pink_Adult|Jack|NA_AD|NA|UM|UNK_Kept,PE,catch,degrees_freedom,37.5,week
74C3A10F-F03D-4684-8085-5DB2224261D0,District 11,Nisqually salmon 2023,1,2023-07-24,2023-07-30,30,weekend,Boat,Chinook|Coho|Pink_Adult|Jack|NA_AD|NA|UM|UNK_Kept,PE,catch,total_catch,0,week
74C3A10F-F03D-4684-8085-5DB2224261D0,District 11,Nisqually salmon 2023,1,2023-07-31,2023-08-06,31,weekday,Bank,Chinook|Coho|Pink_Adult|Jack|NA_AD|NA|UM|UNK_Kept,PE,catch,number_observations,3,week
74C3A10F-F03D-4684-8085-5DB2224261D0,District 11,Nisqually salmon 2023,1,2023-07-31,2023-08-06,31,weekday,Bank,Chinook|Coho|Pink_Adult|Jack|NA_AD|NA|UM|UNK_Kept,PE,catch,daily_mean,0,week
74C3A10F-F03D-4684-8085-5DB2224261D0,District 11,Nisqually salmon 2023,1,2023-07-31,2023-08-06,31,weekday,Bank,Chinook|Coho|Pink_Adult|Jack|NA_AD|NA|UM|UNK_Kept,PE,catch,daily_variance,0,week
74C3A10F-F03D-4684-8085-5DB2224261D0,District 11,Nisqually salmon 2023,1,2023-07-31,2023-08-06,31,weekday,Bank,Chinook|Coho|Pink_Adult|Jack|NA_AD|NA|UM|UNK_Kept,PE,catch,days_open,5,week
74C3A10F-F03D-4684-8085-5DB2224261D0,District 11,Nisqually salmon 2023,1,2023-07-31,2023-08-06,31,weekday,Bank,Chinook|Coho|Pink_Adult|Jack|NA_AD|NA|UM|UNK_Kept,PE,catch,degrees_freedom,37.5,week
74C3A10F-F03D-4684-8085-5DB2224261D0,District 11,Nisqually salmon 2023,1,2023-07-31,2023-08-06,31,weekday,Bank,Chinook|Coho|Pink_Adult|Jack|NA_AD|NA|UM|UNK_Kept,PE,catch,total_catch,0,week
74C3A10F-F03D-4684-8085-5DB2224261D0,District 11,Nisqually salmon 2023,1,2023-07-31,2023-08-06,31,weekday,Boat,Chinook|Coho|Pink_Adult|Jack|NA_AD|NA|UM|UNK_Kept,PE,catch,number_observations,1,week
74C3A10F-F03D-4684-8085-5DB2224261D0,District 11,Nisqually salmon 2023,1,2023-07-31,2023-08-06,31,weekday,Boat,Chinook|Coho|Pink_Adult|Jack|NA_AD|NA|UM|UNK_Kept,PE,catch,daily_mean,0,week
74C3A10F-F03D-4684-8085-5DB2224261D0,District 11,Nisqually salmon 2023,1,2023-07-31,2023-08-06,31,weekday,Boat,Chinook|Coho|Pink_Adult|Jack|NA_AD|NA|UM|UNK_Kept,PE,catch,daily_variance,0,week
74C3A10F-F03D-4684-8085-5DB2224261D0,District 11,Nisqually salmon 2023,1,2023-07-31,2023-08-06,31,weekday,Boat,Chinook|Coho|Pink_Adult|Jack|NA_AD|NA|UM|UNK_Kept,PE,catch,days_open,5,week
74C3A10F-F03D-4684-8085-5DB2224261D0,District 11,Nisqually salmon 2023,1,2023-07-31,2023-08-06,31,weekday,Boat,Chinook|Coho|Pink_Adult|Jack|NA_AD|NA|UM|UNK_Kept,PE,catch,degrees_freedom,37.5,week
74C3A10F-F03D-4684-8085-5DB2224261D0,District 11,Nisqually salmon 2023,1,2023-07-31,2023-08-06,31,weekday,Boat,Chinook|Coho|Pink_Adult|Jack|NA_AD|NA|UM|UNK_Kept,PE,catch,total_catch,0,week
74C3A10F-F03D-4684-8085-5DB2224261D0,District 11,Nisqually salmon 2023,1,2023-07-31,2023-08-06,31,weekend,Bank,Chinook|Coho|Pink_Adult|Jack|NA_AD|NA|UM|UNK_Kept,PE,catch,number_observations,1,week
74C3A10F-F03D-4684-8085-5DB2224261D0,District 11,Nisqually salmon 2023,1,2023-07-31,2023-08-06,31,weekend,Bank,Chinook|Coho|Pink_Adult|Jack|NA_AD|NA|UM|UNK_Kept,PE,catch,daily_mean,0,week
74C3A10F-F03D-4684-8085-5DB2224261D0,District 11,Nisqually salmon 2023,1,2023-07-31,2023-08-06,31,weekend,Bank,Chinook|Coho|Pink_Adult|Jack|NA_AD|NA|UM|UNK_Kept,PE,catch,daily_variance,0,week
74C3A10F-F03D-4684-8085-5DB2224261D0,District 11,Nisqually salmon 2023,1,2023-07-31,2023-08-06,31,weekend,Bank,Chinook|Coho|Pink_Adult|Jack|NA_AD|NA|UM|UNK_Kept,PE,catch,days_open,1,week
74C3A10F-F03D-4684-8085-5DB2224261D0,District 11,Nisqually salmon 2023,1,2023-07-31,2023-08-06,31,weekend,Bank,Chinook|Coho|Pink_Adult|Jack|NA_AD|NA|UM|UNK_Kept,PE,catch,degrees_freedom,37.5,week
74C3A10F-F03D-4684-8085-5DB2224261D0,District 11,Nisqually salmon 2023,1,2023-07-31,2023-08-06,31,weekend,Bank,Chinook|Coho|Pink_Adult|Jack|NA_AD|NA|UM|UNK_Kept,PE,catch,total_catch,0,week
74C3A10F-F03D-4684-8085-5DB2224261D0,District 11,Nisqually salmon 2023,1,2023-07-31,2023-08-06,31,weekend,Boat,Chinook|Coho|Pink_Adult|Jack|NA_AD|NA|UM|UNK_Kept,PE,catch,number_observations,1,week
74C3A10F-F03D-4684-8085-5DB2224261D0,District 11,Nisqually salmon 2023,1,2023-07-31,2023-08-06,31,weekend,Boat,Chinook|Coho|Pink_Adult|Jack|NA_AD|NA|UM|UNK_Kept,PE,catch,daily_mean,11.152,week
74C3A10F-F03D-4684-8085-5DB2224261D0,District 11,Nisqually salmon 2023,1,2023-07-31,2023-08-06,31,weekend,Boat,Chinook|Coho|Pink_Adult|Jack|NA_AD|NA|UM|UNK_Kept,PE,catch,daily_variance,0,week
74C3A10F-F03D-4684-8085-5DB2224261D0,District 11,Nisqually salmon 2023,1,2023-07-31,2023-08-06,31,weekend,Boat,Chinook|Coho|Pink_Adult|Jack|NA_AD|NA|UM|UNK_Kept,PE,catch,days_open,1,week
74C3A10F-F03D-4684-8085-5DB2224261D0,District 11,Nisqually salmon 2023,1,2023-07-31,2023-08-06,31,weekend,Boat,Chinook|Coho|Pink_Adult|Jack|NA_AD|NA|UM|UNK_Kept,PE,catch,degrees_freedom,37.5,week
74C3A10F-F03D-4684-8085-5DB2224261D0,District 11,Nisqually salmon 2023,1,2023-07-31,2023-08-06,31,weekend,Boat,Chinook|Coho|Pink_Adult|Jack|NA_AD|NA|UM|UNK_Kept,PE,catch,total_catch,11.152,week
74C3A10F-F03D-4684-8085-5DB2224261D0,District 11,Nisqually salmon 2023,1,2023-08-07,2023-08-13,32,weekday,Bank,Chinook|Coho|Pink_Adult|Jack|NA_AD|NA|UM|UNK_Kept,PE,catch,number_observations,3,week
74C3A10F-F03D-4684-8085-5DB2224261D0,District 11,Nisqually salmon 2023,1,2023-08-07,2023-08-13,32,weekday,Bank,Chinook|Coho|Pink_Adult|Jack|NA_AD|NA|UM|UNK_Kept,PE,catch,daily_mean,2.1293333333333333,week
74C3A10F-F03D-4684-8085-5DB2224261D0,District 11,Nisqually salmon 2023,1,2023-08-07,2023-08-13,32,weekday,Bank,Chinook|Coho|Pink_Adult|Jack|NA_AD|NA|UM|UNK_Kept,PE,catch,daily_variance,3.501669333333333,week
74C3A10F-F03D-4684-8085-5DB2224261D0,District 11,Nisqually salmon 2023,1,2023-08-07,2023-08-13,32,weekday,Bank,Chinook|Coho|Pink_Adult|Jack|NA_AD|NA|UM|UNK_Kept,PE,catch,days_open,3,week
74C3A10F-F03D-4684-8085-5DB2224261D0,District 11,Nisqually salmon 2023,1,2023-08-07,2023-08-13,32,weekday,Bank,Chinook|Coho|Pink_Adult|Jack|NA_AD|NA|UM|UNK_Kept,PE,catch,degrees_freedom,37.5,week
74C3A10F-F03D-4684-8085-5DB2224261D0,District 11,Nisqually salmon 2023,1,2023-08-07,2023-08-13,32,weekday,Bank,Chinook|Coho|Pink_Adult|Jack|NA_AD|NA|UM|UNK_Kept,PE,catch,total_catch,6.388,week
74C3A10F-F03D-4684-8085-5DB2224261D0,District 11,Nisqually salmon 2023,1,2023-08-07,2023-08-13,32,weekday,Boat,Chinook|Coho|Pink_Adult|Jack|NA_AD|NA|UM|UNK_Kept,PE,catch,number_observations,2,week
74C3A10F-F03D-4684-8085-5DB2224261D0,District 11,Nisqually salmon 2023,1,2023-08-07,2023-08-13,32,weekday,Boat,Chinook|Coho|Pink_Adult|Jack|NA_AD|NA|UM|UNK_Kept,PE,catch,daily_mean,0,week
74C3A10F-F03D-4684-8085-5DB2224261D0,District 11,Nisqually salmon 2023,1,2023-08-07,2023-08-13,32,weekday,Boat,Chinook|Coho|Pink_Adult|Jack|NA_AD|NA|UM|UNK_Kept,PE,catch,daily_variance,0,week
74C3A10F-F03D-4684-8085-5DB2224261D0,District 11,Nisqually salmon 2023,1,2023-08-07,2023-08-13,32,weekday,Boat,Chinook|Coho|Pink_Adult|Jack|NA_AD|NA|UM|UNK_Kept,PE,catch,days_open,3,week
74C3A10F-F03D-4684-8085-5DB2224261D0,District 11,Nisqually salmon 2023,1,2023-08-07,2023-08-13,32,weekday,Boat,Chinook|Coho|Pink_Adult|Jack|NA_AD|NA|UM|UNK_Kept,PE,catch,degrees_freedom,37.5,week
74C3A10F-F03D-4684-8085-5DB2224261D0,District 11,Nisqually salmon 2023,1,2023-08-07,2023-08-13,32,weekday,Boat,Chinook|Coho|Pink_Adult|Jack|NA_AD|NA|UM|UNK_Kept,PE,catch,total_catch,0,week
74C3A10F-F03D-4684-8085-5DB2224261D0,District 11,Nisqually salmon 2023,1,2023-08-07,2023-08-13,32,weekend,Bank,Chinook|Coho|Pink_Adult|Jack|NA_AD|NA|UM|UNK_Kept,PE,catch,number_observations,1,week
74C3A10F-F03D-4684-8085-5DB2224261D0,District 11,Nisqually salmon 2023,1,2023-08-07,2023-08-13,32,weekend,Bank,Chinook|Coho|Pink_Adult|Jack|NA_AD|NA|UM|UNK_Kept,PE,catch,daily_mean,0,week
74C3A10F-F03D-4684-8085-5DB2224261D0,District 11,Nisqually salmon 2023,1,2023-08-07,2023-08-13,32,weekend,Bank,Chinook|Coho|Pink_Adult|Jack|NA_AD|NA|UM|UNK_Kept,PE,catch,daily_variance,0,week
74C3A10F-F03D-4684-8085-5DB2224261D0,District 11,Nisqually salmon 2023,1,2023-08-07,2023-08-13,32,weekend,Bank,Chinook|Coho|Pink_Adult|Jack|NA_AD|NA|UM|UNK_Kept,PE,catch,days_open,1,week
74C3A10F-F03D-4684-8085-5DB2224261D0,District 11,Nisqually salmon 2023,1,2023-08-07,2023-08-13,32,weekend,Bank,Chinook|Coho|Pink_Adult|Jack|NA_AD|NA|UM|UNK_Kept,PE,catch,degrees_freedom,37.5,week
74C3A10F-F03D-4684-8085-5DB2224261D0,District 11,Nisqually salmon 2023,1,2023-08-07,2023-08-13,32,weekend,Bank,Chinook|Coho|Pink_Adult|Jack|NA_AD|NA|UM|UNK_Kept,PE,catch,total_catch,0,week
74C3A10F-F03D-4684-8085-5DB2224261D0,District 11,Nisqually salmon 2023,1,2023-08-14,2023-08-20,33,weekday,Bank,Chinook|Coho|Pink_Adult|Jack|NA_AD|NA|UM|UNK_Kept,PE,catch,number_observations,3,week
74C3A10F-F03D-4684-8085-5DB2224261D0,District 11,Nisqually salmon 2023,1,2023-08-14,2023-08-20,33,weekday,Bank,Chinook|Coho|Pink_Adult|Jack|NA_AD|NA|UM|UNK_Kept,PE,catch,daily_mean,10.083333333333332,week
74C3A10F-F03D-4684-8085-5DB2224261D0,District 11,Nisqually salmon 2023,1,2023-08-14,2023-08-20,33,weekday,Bank,Chinook|Coho|Pink_Adult|Jack|NA_AD|NA|UM|UNK_Kept,PE,catch,daily_variance,78.15960833333332,week
74C3A10F-F03D-4684-8085-5DB2224261D0,District 11,Nisqually salmon 2023,1,2023-08-14,2023-08-20,33,weekday,Bank,Chinook|Coho|Pink_Adult|Jack|NA_AD|NA|UM|UNK_Kept,PE,catch,days_open,3,week
74C3A10F-F03D-4684-8085-5DB2224261D0,District 11,Nisqually salmon 2023,1,2023-08-14,2023-08-20,33,weekday,Bank,Chinook|Coho|Pink_Adult|Jack|NA_AD|NA|UM|UNK_Kept,PE,catch,degrees_freedom,37.5,week
74C3A10F-F03D-4684-8085-5DB2224261D0,District 11,Nisqually salmon 2023,1,2023-08-14,2023-08-20,33,weekday,Bank,Chinook|Coho|Pink_Adult|Jack|NA_AD|NA|UM|UNK_Kept,PE,catch,total_catch,30.249999999999996,week
74C3A10F-F03D-4684-8085-5DB2224261D0,District 11,Nisqually salmon 2023,1,2023-08-14,2023-08-20,33,weekday,Boat,Chinook|Coho|Pink_Adult|Jack|NA_AD|NA|UM|UNK_Kept,PE,catch,number_observations,2,week
74C3A10F-F03D-4684-8085-5DB2224261D0,District 11,Nisqually salmon 2023,1,2023-08-14,2023-08-20,33,weekday,Boat,Chinook|Coho|Pink_Adult|Jack|NA_AD|NA|UM|UNK_Kept,PE,catch,daily_mean,7.4025,week
74C3A10F-F03D-4684-8085-5DB2224261D0,District 11,Nisqually salmon 2023,1,2023-08-14,2023-08-20,33,weekday,Boat,Chinook|Coho|Pink_Adult|Jack|NA_AD|NA|UM|UNK_Kept,PE,catch,daily_variance,109.59401249999999,week
74C3A10F-F03D-4684-8085-5DB2224261D0,District 11,Nisqually salmon 2023,1,2023-08-14,2023-08-20,33,weekday,Boat,Chinook|Coho|Pink_Adult|Jack|NA_AD|NA|UM|UNK_Kept,PE,catch,days_open,3,week
74C3A10F-F03D-4684-8085-5DB2224261D0,District 11,Nisqually salmon 2023,1,2023-08-14,2023-08-20,33,weekday,Boat,Chinook|Coho|Pink_Adult|Jack|NA_AD|NA|UM|UNK_Kept,PE,catch,degrees_freedom,37.5,week
74C3A10F-F03D-4684-8085-5DB2224261D0,District 11,Nisqually salmon 2023,1,2023-08-14,2023-08-20,33,weekday,Boat,Chinook|Coho|Pink_Adult|Jack|NA_AD|NA|UM|UNK_Kept,PE,catch,total_catch,22.2075,week
74C3A10F-F03D-4684-8085-5DB2224261D0,District 11,Nisqually salmon 2023,1,2023-08-14,2023-08-20,33,weekend,Bank,Chinook|Coho|Pink_Adult|Jack|NA_AD|NA|UM|UNK_Kept,PE,catch,number_observations,1,week
74C3A10F-F03D-4684-8085-5DB2224261D0,District 11,Nisqually salmon 2023,1,2023-08-14,2023-08-20,33,weekend,Bank,Chinook|Coho|Pink_Adult|Jack|NA_AD|NA|UM|UNK_Kept,PE,catch,daily_mean,19.886,week
74C3A10F-F03D-4684-8085-5DB2224261D0,District 11,Nisqually salmon 2023,1,2023-08-14,2023-08-20,33,weekend,Bank,Chinook|Coho|Pink_Adult|Jack|NA_AD|NA|UM|UNK_Kept,PE,catch,daily_variance,0,week
74C3A10F-F03D-4684-8085-5DB2224261D0,District 11,Nisqually salmon 2023,1,2023-08-14,2023-08-20,33,weekend,Bank,Chinook|Coho|Pink_Adult|Jack|NA_AD|NA|UM|UNK_Kept,PE,catch,days_open,1,week
74C3A10F-F03D-4684-8085-5DB2224261D0,District 11,Nisqually salmon 2023,1,2023-08-14,2023-08-20,33,weekend,Bank,Chinook|Coho|Pink_Adult|Jack|NA_AD|NA|UM|UNK_Kept,PE,catch,degrees_freedom,37.5,week
74C3A10F-F03D-4684-8085-5DB2224261D0,District 11,Nisqually salmon 2023,1,2023-08-14,2023-08-20,33,weekend,Bank,Chinook|Coho|Pink_Adult|Jack|NA_AD|NA|UM|UNK_Kept,PE,catch,total_catch,19.886,week
74C3A10F-F03D-4684-8085-5DB2224261D0,District 11,Nisqually salmon 2023,1,2023-08-14,2023-08-20,33,weekend,Boat,Chinook|Coho|Pink_Adult|Jack|NA_AD|NA|UM|UNK_Kept,PE,catch,number_observations,1,week
74C3A10F-F03D-4684-8085-5DB2224261D0,District 11,Nisqually salmon 2023,1,2023-08-14,2023-08-20,33,weekend,Boat,Chinook|Coho|Pink_Adult|Jack|NA_AD|NA|UM|UNK_Kept,PE,catch,daily_mean,24.087,week
74C3A10F-F03D-4684-8085-5DB2224261D0,District 11,Nisqually salmon 2023,1,2023-08-14,2023-08-20,33,weekend,Boat,Chinook|Coho|Pink_Adult|Jack|NA_AD|NA|UM|UNK_Kept,PE,catch,daily_variance,0,week
74C3A10F-F03D-4684-8085-5DB2224261D0,District 11,Nisqually salmon 2023,1,2023-08-14,2023-08-20,33,weekend,Boat,Chinook|Coho|Pink_Adult|Jack|NA_AD|NA|UM|UNK_Kept,PE,catch,days_open,1,week
74C3A10F-F03D-4684-8085-5DB2224261D0,District 11,Nisqually salmon 2023,1,2023-08-14,2023-08-20,33,weekend,Boat,Chinook|Coho|Pink_Adult|Jack|NA_AD|NA|UM|UNK_Kept,PE,catch,degrees_freedom,37.5,week
74C3A10F-F03D-4684-8085-5DB2224261D0,District 11,Nisqually salmon 2023,1,2023-08-14,2023-08-20,33,weekend,Boat,Chinook|Coho|Pink_Adult|Jack|NA_AD|NA|UM|UNK_Kept,PE,catch,total_catch,24.087,week
74C3A10F-F03D-4684-8085-5DB2224261D0,District 11,Nisqually salmon 2023,1,2023-08-21,2023-08-27,34,weekday,Bank,Chinook|Coho|Pink_Adult|Jack|NA_AD|NA|UM|UNK_Kept,PE,catch,number_observations,3,week
74C3A10F-F03D-4684-8085-5DB2224261D0,District 11,Nisqually salmon 2023,1,2023-08-21,2023-08-27,34,weekday,Bank,Chinook|Coho|Pink_Adult|Jack|NA_AD|NA|UM|UNK_Kept,PE,catch,daily_mean,59.57933333333333,week
74C3A10F-F03D-4684-8085-5DB2224261D0,District 11,Nisqually salmon 2023,1,2023-08-21,2023-08-27,34,weekday,Bank,Chinook|Coho|Pink_Adult|Jack|NA_AD|NA|UM|UNK_Kept,PE,catch,daily_variance,338.8629863333333,week
74C3A10F-F03D-4684-8085-5DB2224261D0,District 11,Nisqually salmon 2023,1,2023-08-21,2023-08-27,34,weekday,Bank,Chinook|Coho|Pink_Adult|Jack|NA_AD|NA|UM|UNK_Kept,PE,catch,days_open,3,week
74C3A10F-F03D-4684-8085-5DB2224261D0,District 11,Nisqually salmon 2023,1,2023-08-21,2023-08-27,34,weekday,Bank,Chinook|Coho|Pink_Adult|Jack|NA_AD|NA|UM|UNK_Kept,PE,catch,degrees_freedom,37.5,week
74C3A10F-F03D-4684-8085-5DB2224261D0,District 11,Nisqually salmon 2023,1,2023-08-21,2023-08-27,34,weekday,Bank,Chinook|Coho|Pink_Adult|Jack|NA_AD|NA|UM|UNK_Kept,PE,catch,total_catch,178.738,week
74C3A10F-F03D-4684-8085-5DB2224261D0,District 11,Nisqually salmon 2023,1,2023-08-21,2023-08-27,34,weekday,Boat,Chinook|Coho|Pink_Adult|Jack|NA_AD|NA|UM|UNK_Kept,PE,catch,number_observations,1,week
74C3A10F-F03D-4684-8085-5DB2224261D0,District 11,Nisqually salmon 2023,1,2023-08-21,2023-08-27,34,weekday,Boat,Chinook|Coho|Pink_Adult|Jack|NA_AD|NA|UM|UNK_Kept,PE,catch,daily_mean,3.42,week
74C3A10F-F03D-4684-8085-5DB2224261D0,District 11,Nisqually salmon 2023,1,2023-08-21,2023-08-27,34,weekday,Boat,Chinook|Coho|Pink_Adult|Jack|NA_AD|NA|UM|UNK_Kept,PE,catch,daily_variance,0,week
74C3A10F-F03D-4684-8085-5DB2224261D0,District 11,Nisqually salmon 2023,1,2023-08-21,2023-08-27,34,weekday,Boat,Chinook|Coho|Pink_Adult|Jack|NA_AD|NA|UM|UNK_Kept,PE,catch,days_open,3,week
74C3A10F-F03D-4684-8085-5DB2224261D0,District 11,Nisqually salmon 2023,1,2023-08-21,2023-08-27,34,weekday,Boat,Chinook|Coho|Pink_Adult|Jack|NA_AD|NA|UM|UNK_Kept,PE,catch,degrees_freedom,37.5,week
74C3A10F-F03D-4684-8085-5DB2224261D0,District 11,Nisqually salmon 2023,1,2023-08-21,2023-08-27,34,weekday,Boat,Chinook|Coho|Pink_Adult|Jack|NA_AD|NA|UM|UNK_Kept,PE,catch,total_catch,10.26,week
74C3A10F-F03D-4684-8085-5DB2224261D0,District 11,Nisqually salmon 2023,1,2023-08-21,2023-08-27,34,weekend,Bank,Chinook|Coho|Pink_Adult|Jack|NA_AD|NA|UM|UNK_Kept,PE,catch,number_observations,1,week
74C3A10F-F03D-4684-8085-5DB2224261D0,District 11,Nisqually salmon 2023,1,2023-08-21,2023-08-27,34,weekend,Bank,Chinook|Coho|Pink_Adult|Jack|NA_AD|NA|UM|UNK_Kept,PE,catch,daily_mean,90.971,week
74C3A10F-F03D-4684-8085-5DB2224261D0,District 11,Nisqually salmon 2023,1,2023-08-21,2023-08-27,34,weekend,Bank,Chinook|Coho|Pink_Adult|Jack|NA_AD|NA|UM|UNK_Kept,PE,catch,daily_variance,0,week
74C3A10F-F03D-4684-8085-5DB2224261D0,District 11,Nisqually salmon 2023,1,2023-08-21,2023-08-27,34,weekend,Bank,Chinook|Coho|Pink_Adult|Jack|NA_AD|NA|UM|UNK_Kept,PE,catch,days_open,1,week
74C3A10F-F03D-4684-8085-5DB2224261D0,District 11,Nisqually salmon 2023,1,2023-08-21,2023-08-27,34,weekend,Bank,Chinook|Coho|Pink_Adult|Jack|NA_AD|NA|UM|UNK_Kept,PE,catch,degrees_freedom,37.5,week
74C3A10F-F03D-4684-8085-5DB2224261D0,District 11,Nisqually salmon 2023,1,2023-08-21,2023-08-27,34,weekend,Bank,Chinook|Coho|Pink_Adult|Jack|NA_AD|NA|UM|UNK_Kept,PE,catch,total_catch,90.971,week
74C3A10F-F03D-4684-8085-5DB2224261D0,District 11,Nisqually salmon 2023,1,2023-08-21,2023-08-27,34,weekend,Boat,Chinook|Coho|Pink_Adult|Jack|NA_AD|NA|UM|UNK_Kept,PE,catch,number_observations,1,week
74C3A10F-F03D-4684-8085-5DB2224261D0,District 11,Nisqually salmon 2023,1,2023-08-21,2023-08-27,34,weekend,Boat,Chinook|Coho|Pink_Adult|Jack|NA_AD|NA|UM|UNK_Kept,PE,catch,daily_mean,5.683,week
74C3A10F-F03D-4684-8085-5DB2224261D0,District 11,Nisqually salmon 2023,1,2023-08-21,2023-08-27,34,weekend,Boat,Chinook|Coho|Pink_Adult|Jack|NA_AD|NA|UM|UNK_Kept,PE,catch,daily_variance,0,week
74C3A10F-F03D-4684-8085-5DB2224261D0,District 11,Nisqually salmon 2023,1,2023-08-21,2023-08-27,34,weekend,Boat,Chinook|Coho|Pink_Adult|Jack|NA_AD|NA|UM|UNK_Kept,PE,catch,days_open,1,week
74C3A10F-F03D-4684-8085-5DB2224261D0,District 11,Nisqually salmon 2023,1,2023-08-21,2023-08-27,34,weekend,Boat,Chinook|Coho|Pink_Adult|Jack|NA_AD|NA|UM|UNK_Kept,PE,catch,degrees_freedom,37.5,week
74C3A10F-F03D-4684-8085-5DB2224261D0,District 11,Nisqually salmon 2023,1,2023-08-21,2023-08-27,34,weekend,Boat,Chinook|Coho|Pink_Adult|Jack|NA_AD|NA|UM|UNK_Kept,PE,catch,total_catch,5.683,week
74C3A10F-F03D-4684-8085-5DB2224261D0,District 11,Nisqually salmon 2023,1,2023-08-28,2023-09-03,35,weekday,Bank,Chinook|Coho|Pink_Adult|Jack|NA_AD|NA|UM|UNK_Kept,PE,catch,number_observations,2,week
74C3A10F-F03D-4684-8085-5DB2224261D0,District 11,Nisqually salmon 2023,1,2023-08-28,2023-09-03,35,weekday,Bank,Chinook|Coho|Pink_Adult|Jack|NA_AD|NA|UM|UNK_Kept,PE,catch,daily_mean,91.3775,week
74C3A10F-F03D-4684-8085-5DB2224261D0,District 11,Nisqually salmon 2023,1,2023-08-28,2023-09-03,35,weekday,Bank,Chinook|Coho|Pink_Adult|Jack|NA_AD|NA|UM|UNK_Kept,PE,catch,daily_variance,438.2280125000001,week
74C3A10F-F03D-4684-8085-5DB2224261D0,District 11,Nisqually salmon 2023,1,2023-08-28,2023-09-03,35,weekday,Bank,Chinook|Coho|Pink_Adult|Jack|NA_AD|NA|UM|UNK_Kept,PE,catch,days_open,2,week
74C3A10F-F03D-4684-8085-5DB2224261D0,District 11,Nisqually salmon 2023,1,2023-08-28,2023-09-03,35,weekday,Bank,Chinook|Coho|Pink_Adult|Jack|NA_AD|NA|UM|UNK_Kept,PE,catch,degrees_freedom,37.5,week
74C3A10F-F03D-4684-8085-5DB2224261D0,District 11,Nisqually salmon 2023,1,2023-08-28,2023-09-03,35,weekday,Bank,Chinook|Coho|Pink_Adult|Jack|NA_AD|NA|UM|UNK_Kept,PE,catch,total_catch,182.755,week
74C3A10F-F03D-4684-8085-5DB2224261D0,District 11,Nisqually salmon 2023,1,2023-08-28,2023-09-03,35,weekday,Boat,Chinook|Coho|Pink_Adult|Jack|NA_AD|NA|UM|UNK_Kept,PE,catch,number_observations,1,week
74C3A10F-F03D-4684-8085-5DB2224261D0,District 11,Nisqually salmon 2023,1,2023-08-28,2023-09-03,35,weekday,Boat,Chinook|Coho|Pink_Adult|Jack|NA_AD|NA|UM|UNK_Kept,PE,catch,daily_mean,14.631,week
74C3A10F-F03D-4684-8085-5DB2224261D0,District 11,Nisqually salmon 2023,1,2023-08-28,2023-09-03,35,weekday,Boat,Chinook|Coho|Pink_Adult|Jack|NA_AD|NA|UM|UNK_Kept,PE,catch,daily_variance,0,week
74C3A10F-F03D-4684-8085-5DB2224261D0,District 11,Nisqually salmon 2023,1,2023-08-28,2023-09-03,35,weekday,Boat,Chinook|Coho|Pink_Adult|Jack|NA_AD|NA|UM|UNK_Kept,PE,catch,days_open,2,week
74C3A10F-F03D-4684-8085-5DB2224261D0,District 11,Nisqually salmon 2023,1,2023-08-28,2023-09-03,35,weekday,Boat,Chinook|Coho|Pink_Adult|Jack|NA_AD|NA|UM|UNK_Kept,PE,catch,degrees_freedom,37.5,week
74C3A10F-F03D-4684-8085-5DB2224261D0,District 11,Nisqually salmon 2023,1,2023-08-28,2023-09-03,35,weekday,Boat,Chinook|Coho|Pink_Adult|Jack|NA_AD|NA|UM|UNK_Kept,PE,catch,total_catch,29.262,week
74C3A10F-F03D-4684-8085-5DB2224261D0,District 11,Nisqually salmon 2023,1,2023-08-28,2023-09-03,35,weekend,Bank,Chinook|Coho|Pink_Adult|Jack|NA_AD|NA|UM|UNK_Kept,PE,catch,number_observations,1,week
74C3A10F-F03D-4684-8085-5DB2224261D0,District 11,Nisqually salmon 2023,1,2023-08-28,2023-09-03,35,weekend,Bank,Chinook|Coho|Pink_Adult|Jack|NA_AD|NA|UM|UNK_Kept,PE,catch,daily_mean,225.08,week
74C3A10F-F03D-4684-8085-5DB2224261D0,District 11,Nisqually salmon 2023,1,2023-08-28,2023-09-03,35,weekend,Bank,Chinook|Coho|Pink_Adult|Jack|NA_AD|NA|UM|UNK_Kept,PE,catch,daily_variance,0,week
74C3A10F-F03D-4684-8085-5DB2224261D0,District 11,Nisqually salmon 2023,1,2023-08-28,2023-09-03,35,weekend,Bank,Chinook|Coho|Pink_Adult|Jack|NA_AD|NA|UM|UNK_Kept,PE,catch,days_open,1,week
74C3A10F-F03D-4684-8085-5DB2224261D0,District 11,Nisqually salmon 2023,1,2023-08-28,2023-09-03,35,weekend,Bank,Chinook|Coho|Pink_Adult|Jack|NA_AD|NA|UM|UNK_Kept,PE,catch,degrees_freedom,37.5,week
74C3A10F-F03D-4684-8085-5DB2224261D0,District 11,Nisqually salmon 2023,1,2023-08-28,2023-09-03,35,weekend,Bank,Chinook|Coho|Pink_Adult|Jack|NA_AD|NA|UM|UNK_Kept,PE,catch,total_catch,225.08,week
74C3A10F-F03D-4684-8085-5DB2224261D0,District 11,Nisqually salmon 2023,1,2023-08-28,2023-09-03,35,weekend,Boat,Chinook|Coho|Pink_Adult|Jack|NA_AD|NA|UM|UNK_Kept,PE,catch,number_observations,1,week
74C3A10F-F03D-4684-8085-5DB2224261D0,District 11,Nisqually salmon 2023,1,2023-08-28,2023-09-03,35,weekend,Boat,Chinook|Coho|Pink_Adult|Jack|NA_AD|NA|UM|UNK_Kept,PE,catch,daily_mean,8.795,week
74C3A10F-F03D-4684-8085-5DB2224261D0,District 11,Nisqually salmon 2023,1,2023-08-28,2023-09-03,35,weekend,Boat,Chinook|Coho|Pink_Adult|Jack|NA_AD|NA|UM|UNK_Kept,PE,catch,daily_variance,0,week
74C3A10F-F03D-4684-8085-5DB2224261D0,District 11,Nisqually salmon 2023,1,2023-08-28,2023-09-03,35,weekend,Boat,Chinook|Coho|Pink_Adult|Jack|NA_AD|NA|UM|UNK_Kept,PE,catch,days_open,1,week
74C3A10F-F03D-4684-8085-5DB2224261D0,District 11,Nisqually salmon 2023,1,2023-08-28,2023-09-03,35,weekend,Boat,Chinook|Coho|Pink_Adult|Jack|NA_AD|NA|UM|UNK_Kept,PE,catch,degrees_freedom,37.5,week
74C3A10F-F03D-4684-8085-5DB2224261D0,District 11,Nisqually salmon 2023,1,2023-08-28,2023-09-03,35,weekend,Boat,Chinook|Coho|Pink_Adult|Jack|NA_AD|NA|UM|UNK_Kept,PE,catch,total_catch,8.795,week
74C3A10F-F03D-4684-8085-5DB2224261D0,District 11,Nisqually salmon 2023,1,2023-09-04,2023-09-10,36,weekday,Bank,Chinook|Coho|Pink_Adult|Jack|NA_AD|NA|UM|UNK_Kept,PE,catch,number_observations,2,week
74C3A10F-F03D-4684-8085-5DB2224261D0,District 11,Nisqually salmon 2023,1,2023-09-04,2023-09-10,36,weekday,Bank,Chinook|Coho|Pink_Adult|Jack|NA_AD|NA|UM|UNK_Kept,PE,catch,daily_mean,186.61450000000002,week
74C3A10F-F03D-4684-8085-5DB2224261D0,District 11,Nisqually salmon 2023,1,2023-09-04,2023-09-10,36,weekday,Bank,Chinook|Coho|Pink_Adult|Jack|NA_AD|NA|UM|UNK_Kept,PE,catch,daily_variance,81.75368450000008,week
74C3A10F-F03D-4684-8085-5DB2224261D0,District 11,Nisqually salmon 2023,1,2023-09-04,2023-09-10,36,weekday,Bank,Chinook|Coho|Pink_Adult|Jack|NA_AD|NA|UM|UNK_Kept,PE,catch,days_open,4,week
74C3A10F-F03D-4684-8085-5DB2224261D0,District 11,Nisqually salmon 2023,1,2023-09-04,2023-09-10,36,weekday,Bank,Chinook|Coho|Pink_Adult|Jack|NA_AD|NA|UM|UNK_Kept,PE,catch,degrees_freedom,37.5,week
74C3A10F-F03D-4684-8085-5DB2224261D0,District 11,Nisqually salmon 2023,1,2023-09-04,2023-09-10,36,weekday,Bank,Chinook|Coho|Pink_Adult|Jack|NA_AD|NA|UM|UNK_Kept,PE,catch,total_catch,746.4580000000001,week
74C3A10F-F03D-4684-8085-5DB2224261D0,District 11,Nisqually salmon 2023,1,2023-09-04,2023-09-10,36,weekday,Boat,Chinook|Coho|Pink_Adult|Jack|NA_AD|NA|UM|UNK_Kept,PE,catch,number_observations,2,week
74C3A10F-F03D-4684-8085-5DB2224261D0,District 11,Nisqually salmon 2023,1,2023-09-04,2023-09-10,36,weekday,Boat,Chinook|Coho|Pink_Adult|Jack|NA_AD|NA|UM|UNK_Kept,PE,catch,daily_mean,45.234,week
74C3A10F-F03D-4684-8085-5DB2224261D0,District 11,Nisqually salmon 2023,1,2023-09-04,2023-09-10,36,weekday,Boat,Chinook|Coho|Pink_Adult|Jack|NA_AD|NA|UM|UNK_Kept,PE,catch,daily_variance,379.8870479999999,week
74C3A10F-F03D-4684-8085-5DB2224261D0,District 11,Nisqually salmon 2023,1,2023-09-04,2023-09-10,36,weekday,Boat,Chinook|Coho|Pink_Adult|Jack|NA_AD|NA|UM|UNK_Kept,PE,catch,days_open,4,week
74C3A10F-F03D-4684-8085-5DB2224261D0,District 11,Nisqually salmon 2023,1,2023-09-04,2023-09-10,36,weekday,Boat,Chinook|Coho|Pink_Adult|Jack|NA_AD|NA|UM|UNK_Kept,PE,catch,degrees_freedom,37.5,week
74C3A10F-F03D-4684-8085-5DB2224261D0,District 11,Nisqually salmon 2023,1,2023-09-04,2023-09-10,36,weekday,Boat,Chinook|Coho|Pink_Adult|Jack|NA_AD|NA|UM|UNK_Kept,PE,catch,total_catch,180.936,week
74C3A10F-F03D-4684-8085-5DB2224261D0,District 11,Nisqually salmon 2023,1,2023-09-04,2023-09-10,36,weekend,Bank,Chinook|Coho|Pink_Adult|Jack|NA_AD|NA|UM|UNK_Kept,PE,catch,number_observations,1,week
74C3A10F-F03D-4684-8085-5DB2224261D0,District 11,Nisqually salmon 2023,1,2023-09-04,2023-09-10,36,weekend,Bank,Chinook|Coho|Pink_Adult|Jack|NA_AD|NA|UM|UNK_Kept,PE,catch,daily_mean,84.849,week
74C3A10F-F03D-4684-8085-5DB2224261D0,District 11,Nisqually salmon 2023,1,2023-09-04,2023-09-10,36,weekend,Bank,Chinook|Coho|Pink_Adult|Jack|NA_AD|NA|UM|UNK_Kept,PE,catch,daily_variance,0,week
74C3A10F-F03D-4684-8085-5DB2224261D0,District 11,Nisqually salmon 2023,1,2023-09-04,2023-09-10,36,weekend,Bank,Chinook|Coho|Pink_Adult|Jack|NA_AD|NA|UM|UNK_Kept,PE,catch,days_open,1,week
74C3A10F-F03D-4684-8085-5DB2224261D0,District 11,Nisqually salmon 2023,1,2023-09-04,2023-09-10,36,weekend,Bank,Chinook|Coho|Pink_Adult|Jack|NA_AD|NA|UM|UNK_Kept,PE,catch,degrees_freedom,37.5,week
74C3A10F-F03D-4684-8085-5DB2224261D0,District 11,Nisqually salmon 2023,1,2023-09-04,2023-09-10,36,weekend,Bank,Chinook|Coho|Pink_Adult|Jack|NA_AD|NA|UM|UNK_Kept,PE,catch,total_catch,84.849,week
74C3A10F-F03D-4684-8085-5DB2224261D0,District 11,Nisqually salmon 2023,1,2023-09-04,2023-09-10,36,weekend,Boat,Chinook|Coho|Pink_Adult|Jack|NA_AD|NA|UM|UNK_Kept,PE,catch,number_observations,1,week
74C3A10F-F03D-4684-8085-5DB2224261D0,District 11,Nisqually salmon 2023,1,2023-09-04,2023-09-10,36,weekend,Boat,Chinook|Coho|Pink_Adult|Jack|NA_AD|NA|UM|UNK_Kept,PE,catch,daily_mean,20.455,week
74C3A10F-F03D-4684-8085-5DB2224261D0,District 11,Nisqually salmon 2023,1,2023-09-04,2023-09-10,36,weekend,Boat,Chinook|Coho|Pink_Adult|Jack|NA_AD|NA|UM|UNK_Kept,PE,catch,daily_variance,0,week
74C3A10F-F03D-4684-8085-5DB2224261D0,District 11,Nisqually salmon 2023,1,2023-09-04,2023-09-10,36,weekend,Boat,Chinook|Coho|Pink_Adult|Jack|NA_AD|NA|UM|UNK_Kept,PE,catch,days_open,1,week
74C3A10F-F03D-4684-8085-5DB2224261D0,District 11,Nisqually salmon 2023,1,2023-09-04,2023-09-10,36,weekend,Boat,Chinook|Coho|Pink_Adult|Jack|NA_AD|NA|UM|UNK_Kept,PE,catch,degrees_freedom,37.5,week
74C3A10F-F03D-4684-8085-5DB2224261D0,District 11,Nisqually salmon 2023,1,2023-09-04,2023-09-10,36,weekend,Boat,Chinook|Coho|Pink_Adult|Jack|NA_AD|NA|UM|UNK_Kept,PE,catch,total_catch,20.455,week
74C3A10F-F03D-4684-8085-5DB2224261D0,District 11,Nisqually salmon 2023,1,2023-09-11,2023-09-17,37,weekday,Bank,Chinook|Coho|Pink_Adult|Jack|NA_AD|NA|UM|UNK_Kept,PE,catch,number_observations,3,week
74C3A10F-F03D-4684-8085-5DB2224261D0,District 11,Nisqually salmon 2023,1,2023-09-11,2023-09-17,37,weekday,Bank,Chinook|Coho|Pink_Adult|Jack|NA_AD|NA|UM|UNK_Kept,PE,catch,daily_mean,169.187,week
74C3A10F-F03D-4684-8085-5DB2224261D0,District 11,Nisqually salmon 2023,1,2023-09-11,2023-09-17,37,weekday,Bank,Chinook|Coho|Pink_Adult|Jack|NA_AD|NA|UM|UNK_Kept,PE,catch,daily_variance,5360.253364000001,week
74C3A10F-F03D-4684-8085-5DB2224261D0,District 11,Nisqually salmon 2023,1,2023-09-11,2023-09-17,37,weekday,Bank,Chinook|Coho|Pink_Adult|Jack|NA_AD|NA|UM|UNK_Kept,PE,catch,days_open,4,week
74C3A10F-F03D-4684-8085-5DB2224261D0,District 11,Nisqually salmon 2023,1,2023-09-11,2023-09-17,37,weekday,Bank,Chinook|Coho|Pink_Adult|Jack|NA_AD|NA|UM|UNK_Kept,PE,catch,degrees_freedom,37.5,week
74C3A10F-F03D-4684-8085-5DB2224261D0,District 11,Nisqually salmon 2023,1,2023-09-11,2023-09-17,37,weekday,Bank,Chinook|Coho|Pink_Adult|Jack|NA_AD|NA|UM|UNK_Kept,PE,catch,total_catch,676.748,week
74C3A10F-F03D-4684-8085-5DB2224261D0,District 11,Nisqually salmon 2023,1,2023-09-11,2023-09-17,37,weekday,Boat,Chinook|Coho|Pink_Adult|Jack|NA_AD|NA|UM|UNK_Kept,PE,catch,number_observations,1,week
74C3A10F-F03D-4684-8085-5DB2224261D0,District 11,Nisqually salmon 2023,1,2023-09-11,2023-09-17,37,weekday,Boat,Chinook|Coho|Pink_Adult|Jack|NA_AD|NA|UM|UNK_Kept,PE,catch,daily_mean,11.861,week
74C3A10F-F03D-4684-8085-5DB2224261D0,District 11,Nisqually salmon 2023,1,2023-09-11,2023-09-17,37,weekday,Boat,Chinook|Coho|Pink_Adult|Jack|NA_AD|NA|UM|UNK_Kept,PE,catch,daily_variance,0,week
74C3A10F-F03D-4684-8085-5DB2224261D0,District 11,Nisqually salmon 2023,1,2023-09-11,2023-09-17,37,weekday,Boat,Chinook|Coho|Pink_Adult|Jack|NA_AD|NA|UM|UNK_Kept,PE,catch,days_open,4,week
74C3A10F-F03D-4684-8085-5DB2224261D0,District 11,Nisqually salmon 2023,1,2023-09-11,2023-09-17,37,weekday,Boat,Chinook|Coho|Pink_Adult|Jack|NA_AD|NA|UM|UNK_Kept,PE,catch,degrees_freedom,37.5,week
74C3A10F-F03D-4684-8085-5DB2224261D0,District 11,Nisqually salmon 2023,1,2023-09-11,2023-09-17,37,weekday,Boat,Chinook|Coho|Pink_Adult|Jack|NA_AD|NA|UM|UNK_Kept,PE,catch,total_catch,47.444,week
74C3A10F-F03D-4684-8085-5DB2224261D0,District 11,Nisqually salmon 2023,1,2023-09-11,2023-09-17,37,weekend,Bank,Chinook|Coho|Pink_Adult|Jack|NA_AD|NA|UM|UNK_Kept,PE,catch,number_observations,1,week
74C3A10F-F03D-4684-8085-5DB2224261D0,District 11,Nisqually salmon 2023,1,2023-09-11,2023-09-17,37,weekend,Bank,Chinook|Coho|Pink_Adult|Jack|NA_AD|NA|UM|UNK_Kept,PE,catch,daily_mean,207.148,week
74C3A10F-F03D-4684-8085-5DB2224261D0,District 11,Nisqually salmon 2023,1,2023-09-11,2023-09-17,37,weekend,Bank,Chinook|Coho|Pink_Adult|Jack|NA_AD|NA|UM|UNK_Kept,PE,catch,daily_variance,0,week
74C3A10F-F03D-4684-8085-5DB2224261D0,District 11,Nisqually salmon 2023,1,2023-09-11,2023-09-17,37,weekend,Bank,Chinook|Coho|Pink_Adult|Jack|NA_AD|NA|UM|UNK_Kept,PE,catch,days_open,1,week
74C3A10F-F03D-4684-8085-5DB2224261D0,District 11,Nisqually salmon 2023,1,2023-09-11,2023-09-17,37,weekend,Bank,Chinook|Coho|Pink_Adult|Jack|NA_AD|NA|UM|UNK_Kept,PE,catch,degrees_freedom,37.5,week
74C3A10F-F03D-4684-8085-5DB2224261D0,District 11,Nisqually salmon 2023,1,2023-09-11,2023-09-17,37,weekend,Bank,Chinook|Coho|Pink_Adult|Jack|NA_AD|NA|UM|UNK_Kept,PE,catch,total_catch,207.148,week
74C3A10F-F03D-4684-8085-5DB2224261D0,District 11,Nisqually salmon 2023,1,2023-09-11,2023-09-17,37,weekend,Boat,Chinook|Coho|Pink_Adult|Jack|NA_AD|NA|UM|UNK_Kept,PE,catch,number_observations,1,week
74C3A10F-F03D-4684-8085-5DB2224261D0,District 11,Nisqually salmon 2023,1,2023-09-11,2023-09-17,37,weekend,Boat,Chinook|Coho|Pink_Adult|Jack|NA_AD|NA|UM|UNK_Kept,PE,catch,daily_mean,29.965,week
74C3A10F-F03D-4684-8085-5DB2224261D0,District 11,Nisqually salmon 2023,1,2023-09-11,2023-09-17,37,weekend,Boat,Chinook|Coho|Pink_Adult|Jack|NA_AD|NA|UM|UNK_Kept,PE,catch,daily_variance,0,week
74C3A10F-F03D-4684-8085-5DB2224261D0,District 11,Nisqually salmon 2023,1,2023-09-11,2023-09-17,37,weekend,Boat,Chinook|Coho|Pink_Adult|Jack|NA_AD|NA|UM|UNK_Kept,PE,catch,days_open,1,week
74C3A10F-F03D-4684-8085-5DB2224261D0,District 11,Nisqually salmon 2023,1,2023-09-11,2023-09-17,37,weekend,Boat,Chinook|Coho|Pink_Adult|Jack|NA_AD|NA|UM|UNK_Kept,PE,catch,degrees_freedom,37.5,week
74C3A10F-F03D-4684-8085-5DB2224261D0,District 11,Nisqually salmon 2023,1,2023-09-11,2023-09-17,37,weekend,Boat,Chinook|Coho|Pink_Adult|Jack|NA_AD|NA|UM|UNK_Kept,PE,catch,total_catch,29.965,week
74C3A10F-F03D-4684-8085-5DB2224261D0,District 11,Nisqually salmon 2023,1,2023-09-18,2023-09-24,38,weekday,Bank,Chinook|Coho|Pink_Adult|Jack|NA_AD|NA|UM|UNK_Kept,PE,catch,number_observations,3,week
74C3A10F-F03D-4684-8085-5DB2224261D0,District 11,Nisqually salmon 2023,1,2023-09-18,2023-09-24,38,weekday,Bank,Chinook|Coho|Pink_Adult|Jack|NA_AD|NA|UM|UNK_Kept,PE,catch,daily_mean,94.66033333333333,week
74C3A10F-F03D-4684-8085-5DB2224261D0,District 11,Nisqually salmon 2023,1,2023-09-18,2023-09-24,38,weekday,Bank,Chinook|Coho|Pink_Adult|Jack|NA_AD|NA|UM|UNK_Kept,PE,catch,daily_variance,1624.353425333333,week
74C3A10F-F03D-4684-8085-5DB2224261D0,District 11,Nisqually salmon 2023,1,2023-09-18,2023-09-24,38,weekday,Bank,Chinook|Coho|Pink_Adult|Jack|NA_AD|NA|UM|UNK_Kept,PE,catch,days_open,4,week
74C3A10F-F03D-4684-8085-5DB2224261D0,District 11,Nisqually salmon 2023,1,2023-09-18,2023-09-24,38,weekday,Bank,Chinook|Coho|Pink_Adult|Jack|NA_AD|NA|UM|UNK_Kept,PE,catch,degrees_freedom,37.5,week
74C3A10F-F03D-4684-8085-5DB2224261D0,District 11,Nisqually salmon 2023,1,2023-09-18,2023-09-24,38,weekday,Bank,Chinook|Coho|Pink_Adult|Jack|NA_AD|NA|UM|UNK_Kept,PE,catch,total_catch,378.6413333333333,week
74C3A10F-F03D-4684-8085-5DB2224261D0,District 11,Nisqually salmon 2023,1,2023-09-18,2023-09-24,38,weekend,Bank,Chinook|Coho|Pink_Adult|Jack|NA_AD|NA|UM|UNK_Kept,PE,catch,number_observations,1,week
74C3A10F-F03D-4684-8085-5DB2224261D0,District 11,Nisqually salmon 2023,1,2023-09-18,2023-09-24,38,weekend,Bank,Chinook|Coho|Pink_Adult|Jack|NA_AD|NA|UM|UNK_Kept,PE,catch,daily_mean,64.767,week
74C3A10F-F03D-4684-8085-5DB2224261D0,District 11,Nisqually salmon 2023,1,2023-09-18,2023-09-24,38,weekend,Bank,Chinook|Coho|Pink_Adult|Jack|NA_AD|NA|UM|UNK_Kept,PE,catch,daily_variance,0,week
74C3A10F-F03D-4684-8085-5DB2224261D0,District 11,Nisqually salmon 2023,1,2023-09-18,2023-09-24,38,weekend,Bank,Chinook|Coho|Pink_Adult|Jack|NA_AD|NA|UM|UNK_Kept,PE,catch,days_open,1,week
74C3A10F-F03D-4684-8085-5DB2224261D0,District 11,Nisqually salmon 2023,1,2023-09-18,2023-09-24,38,weekend,Bank,Chinook|Coho|Pink_Adult|Jack|NA_AD|NA|UM|UNK_Kept,PE,catch,degrees_freedom,37.5,week
74C3A10F-F03D-4684-8085-5DB2224261D0,District 11,Nisqually salmon 2023,1,2023-09-18,2023-09-24,38,weekend,Bank,Chinook|Coho|Pink_Adult|Jack|NA_AD|NA|UM|UNK_Kept,PE,catch,total_catch,64.767,week
74C3A10F-F03D-4684-8085-5DB2224261D0,District 11,Nisqually salmon 2023,1,2023-09-25,2023-10-01,39,weekday,Bank,Chinook|Coho|Pink_Adult|Jack|NA_AD|NA|UM|UNK_Kept,PE,catch,number_observations,3,week
74C3A10F-F03D-4684-8085-5DB2224261D0,District 11,Nisqually salmon 2023,1,2023-09-25,2023-10-01,39,weekday,Bank,Chinook|Coho|Pink_Adult|Jack|NA_AD|NA|UM|UNK_Kept,PE,catch,daily_mean,35.718333333333334,week
74C3A10F-F03D-4684-8085-5DB2224261D0,District 11,Nisqually salmon 2023,1,2023-09-25,2023-10-01,39,weekday,Bank,Chinook|Coho|Pink_Adult|Jack|NA_AD|NA|UM|UNK_Kept,PE,catch,daily_variance,34.76821633333334,week
74C3A10F-F03D-4684-8085-5DB2224261D0,District 11,Nisqually salmon 2023,1,2023-09-25,2023-10-01,39,weekday,Bank,Chinook|Coho|Pink_Adult|Jack|NA_AD|NA|UM|UNK_Kept,PE,catch,days_open,4,week
74C3A10F-F03D-4684-8085-5DB2224261D0,District 11,Nisqually salmon 2023,1,2023-09-25,2023-10-01,39,weekday,Bank,Chinook|Coho|Pink_Adult|Jack|NA_AD|NA|UM|UNK_Kept,PE,catch,degrees_freedom,37.5,week
74C3A10F-F03D-4684-8085-5DB2224261D0,District 11,Nisqually salmon 2023,1,2023-09-25,2023-10-01,39,weekday,Bank,Chinook|Coho|Pink_Adult|Jack|NA_AD|NA|UM|UNK_Kept,PE,catch,total_catch,142.87333333333333,week
74C3A10F-F03D-4684-8085-5DB2224261D0,District 11,Nisqually salmon 2023,1,2023-09-25,2023-10-01,39,weekday,Boat,Chinook|Coho|Pink_Adult|Jack|NA_AD|NA|UM|UNK_Kept,PE,catch,number_observations,2,week
74C3A10F-F03D-4684-8085-5DB2224261D0,District 11,Nisqually salmon 2023,1,2023-09-25,2023-10-01,39,weekday,Boat,Chinook|Coho|Pink_Adult|Jack|NA_AD|NA|UM|UNK_Kept,PE,catch,daily_mean,0,week
74C3A10F-F03D-4684-8085-5DB2224261D0,District 11,Nisqually salmon 2023,1,2023-09-25,2023-10-01,39,weekday,Boat,Chinook|Coho|Pink_Adult|Jack|NA_AD|NA|UM|UNK_Kept,PE,catch,daily_variance,0,week
74C3A10F-F03D-4684-8085-5DB2224261D0,District 11,Nisqually salmon 2023,1,2023-09-25,2023-10-01,39,weekday,Boat,Chinook|Coho|Pink_Adult|Jack|NA_AD|NA|UM|UNK_Kept,PE,catch,days_open,4,week
74C3A10F-F03D-4684-8085-5DB2224261D0,District 11,Nisqually salmon 2023,1,2023-09-25,2023-10-01,39,weekday,Boat,Chinook|Coho|Pink_Adult|Jack|NA_AD|NA|UM|UNK_Kept,PE,catch,degrees_freedom,37.5,week
74C3A10F-F03D-4684-8085-5DB2224261D0,District 11,Nisqually salmon 2023,1,2023-09-25,2023-10-01,39,weekday,Boat,Chinook|Coho|Pink_Adult|Jack|NA_AD|NA|UM|UNK_Kept,PE,catch,total_catch,0,week
74C3A10F-F03D-4684-8085-5DB2224261D0,District 11,Nisqually salmon 2023,1,2023-09-25,2023-10-01,39,weekend,Bank,Chinook|Coho|Pink_Adult|Jack|NA_AD|NA|UM|UNK_Kept,PE,catch,number_observations,1,week
74C3A10F-F03D-4684-8085-5DB2224261D0,District 11,Nisqually salmon 2023,1,2023-09-25,2023-10-01,39,weekend,Bank,Chinook|Coho|Pink_Adult|Jack|NA_AD|NA|UM|UNK_Kept,PE,catch,daily_mean,28.748,week
74C3A10F-F03D-4684-8085-5DB2224261D0,District 11,Nisqually salmon 2023,1,2023-09-25,2023-10-01,39,weekend,Bank,Chinook|Coho|Pink_Adult|Jack|NA_AD|NA|UM|UNK_Kept,PE,catch,daily_variance,0,week
74C3A10F-F03D-4684-8085-5DB2224261D0,District 11,Nisqually salmon 2023,1,2023-09-25,2023-10-01,39,weekend,Bank,Chinook|Coho|Pink_Adult|Jack|NA_AD|NA|UM|UNK_Kept,PE,catch,days_open,1,week
74C3A10F-F03D-4684-8085-5DB2224261D0,District 11,Nisqually salmon 2023,1,2023-09-25,2023-10-01,39,weekend,Bank,Chinook|Coho|Pink_Adult|Jack|NA_AD|NA|UM|UNK_Kept,PE,catch,degrees_freedom,37.5,week
74C3A10F-F03D-4684-8085-5DB2224261D0,District 11,Nisqually salmon 2023,1,2023-09-25,2023-10-01,39,weekend,Bank,Chinook|Coho|Pink_Adult|Jack|NA_AD|NA|UM|UNK_Kept,PE,catch,total_catch,28.748,week
74C3A10F-F03D-4684-8085-5DB2224261D0,District 11,Nisqually salmon 2023,1,2023-09-25,2023-10-01,39,weekend,Boat,Chinook|Coho|Pink_Adult|Jack|NA_AD|NA|UM|UNK_Kept,PE,catch,number_observations,1,week
74C3A10F-F03D-4684-8085-5DB2224261D0,District 11,Nisqually salmon 2023,1,2023-09-25,2023-10-01,39,weekend,Boat,Chinook|Coho|Pink_Adult|Jack|NA_AD|NA|UM|UNK_Kept,PE,catch,daily_mean,20.076,week
74C3A10F-F03D-4684-8085-5DB2224261D0,District 11,Nisqually salmon 2023,1,2023-09-25,2023-10-01,39,weekend,Boat,Chinook|Coho|Pink_Adult|Jack|NA_AD|NA|UM|UNK_Kept,PE,catch,daily_variance,0,week
74C3A10F-F03D-4684-8085-5DB2224261D0,District 11,Nisqually salmon 2023,1,2023-09-25,2023-10-01,39,weekend,Boat,Chinook|Coho|Pink_Adult|Jack|NA_AD|NA|UM|UNK_Kept,PE,catch,days_open,1,week
74C3A10F-F03D-4684-8085-5DB2224261D0,District 11,Nisqually salmon 2023,1,2023-09-25,2023-10-01,39,weekend,Boat,Chinook|Coho|Pink_Adult|Jack|NA_AD|NA|UM|UNK_Kept,PE,catch,degrees_freedom,37.5,week
74C3A10F-F03D-4684-8085-5DB2224261D0,District 11,Nisqually salmon 2023,1,2023-09-25,2023-10-01,39,weekend,Boat,Chinook|Coho|Pink_Adult|Jack|NA_AD|NA|UM|UNK_Kept,PE,catch,total_catch,20.076,week
74C3A10F-F03D-4684-8085-5DB2224261D0,District 11,Nisqually salmon 2023,1,2023-10-02,2023-10-08,40,weekday,Bank,Chinook|Coho|Pink_Adult|Jack|NA_AD|NA|UM|UNK_Kept,PE,catch,number_observations,3,week
74C3A10F-F03D-4684-8085-5DB2224261D0,District 11,Nisqually salmon 2023,1,2023-10-02,2023-10-08,40,weekday,Bank,Chinook|Coho|Pink_Adult|Jack|NA_AD|NA|UM|UNK_Kept,PE,catch,daily_mean,16.899,week
74C3A10F-F03D-4684-8085-5DB2224261D0,District 11,Nisqually salmon 2023,1,2023-10-02,2023-10-08,40,weekday,Bank,Chinook|Coho|Pink_Adult|Jack|NA_AD|NA|UM|UNK_Kept,PE,catch,daily_variance,118.66969200000001,week
74C3A10F-F03D-4684-8085-5DB2224261D0,District 11,Nisqually salmon 2023,1,2023-10-02,2023-10-08,40,weekday,Bank,Chinook|Coho|Pink_Adult|Jack|NA_AD|NA|UM|UNK_Kept,PE,catch,days_open,4,week
74C3A10F-F03D-4684-8085-5DB2224261D0,District 11,Nisqually salmon 2023,1,2023-10-02,2023-10-08,40,weekday,Bank,Chinook|Coho|Pink_Adult|Jack|NA_AD|NA|UM|UNK_Kept,PE,catch,degrees_freedom,37.5,week
74C3A10F-F03D-4684-8085-5DB2224261D0,District 11,Nisqually salmon 2023,1,2023-10-02,2023-10-08,40,weekday,Bank,Chinook|Coho|Pink_Adult|Jack|NA_AD|NA|UM|UNK_Kept,PE,catch,total_catch,67.596,week
74C3A10F-F03D-4684-8085-5DB2224261D0,District 11,Nisqually salmon 2023,1,2023-10-02,2023-10-08,40,weekday,Boat,Chinook|Coho|Pink_Adult|Jack|NA_AD|NA|UM|UNK_Kept,PE,catch,number_observations,2,week
74C3A10F-F03D-4684-8085-5DB2224261D0,District 11,Nisqually salmon 2023,1,2023-10-02,2023-10-08,40,weekday,Boat,Chinook|Coho|Pink_Adult|Jack|NA_AD|NA|UM|UNK_Kept,PE,catch,daily_mean,1.1395,week
74C3A10F-F03D-4684-8085-5DB2224261D0,District 11,Nisqually salmon 2023,1,2023-10-02,2023-10-08,40,weekday,Boat,Chinook|Coho|Pink_Adult|Jack|NA_AD|NA|UM|UNK_Kept,PE,catch,daily_variance,2.5969205,week
74C3A10F-F03D-4684-8085-5DB2224261D0,District 11,Nisqually salmon 2023,1,2023-10-02,2023-10-08,40,weekday,Boat,Chinook|Coho|Pink_Adult|Jack|NA_AD|NA|UM|UNK_Kept,PE,catch,days_open,4,week
74C3A10F-F03D-4684-8085-5DB2224261D0,District 11,Nisqually salmon 2023,1,2023-10-02,2023-10-08,40,weekday,Boat,Chinook|Coho|Pink_Adult|Jack|NA_AD|NA|UM|UNK_Kept,PE,catch,degrees_freedom,37.5,week
74C3A10F-F03D-4684-8085-5DB2224261D0,District 11,Nisqually salmon 2023,1,2023-10-02,2023-10-08,40,weekday,Boat,Chinook|Coho|Pink_Adult|Jack|NA_AD|NA|UM|UNK_Kept,PE,catch,total_catch,4.558,week
74C3A10F-F03D-4684-8085-5DB2224261D0,District 11,Nisqually salmon 2023,1,2023-10-02,2023-10-08,40,weekend,Bank,Chinook|Coho|Pink_Adult|Jack|NA_AD|NA|UM|UNK_Kept,PE,catch,number_observations,1,week
74C3A10F-F03D-4684-8085-5DB2224261D0,District 11,Nisqually salmon 2023,1,2023-10-02,2023-10-08,40,weekend,Bank,Chinook|Coho|Pink_Adult|Jack|NA_AD|NA|UM|UNK_Kept,PE,catch,daily_mean,23.7,week
74C3A10F-F03D-4684-8085-5DB2224261D0,District 11,Nisqually salmon 2023,1,2023-10-02,2023-10-08,40,weekend,Bank,Chinook|Coho|Pink_Adult|Jack|NA_AD|NA|UM|UNK_Kept,PE,catch,daily_variance,0,week
74C3A10F-F03D-4684-8085-5DB2224261D0,District 11,Nisqually salmon 2023,1,2023-10-02,2023-10-08,40,weekend,Bank,Chinook|Coho|Pink_Adult|Jack|NA_AD|NA|UM|UNK_Kept,PE,catch,days_open,1,week
74C3A10F-F03D-4684-8085-5DB2224261D0,District 11,Nisqually salmon 2023,1,2023-10-02,2023-10-08,40,weekend,Bank,Chinook|Coho|Pink_Adult|Jack|NA_AD|NA|UM|UNK_Kept,PE,catch,degrees_freedom,37.5,week
74C3A10F-F03D-4684-8085-5DB2224261D0,District 11,Nisqually salmon 2023,1,2023-10-02,2023-10-08,40,weekend,Bank,Chinook|Coho|Pink_Adult|Jack|NA_AD|NA|UM|UNK_Kept,PE,catch,total_catch,23.7,week
74C3A10F-F03D-4684-8085-5DB2224261D0,District 11,Nisqually salmon 2023,1,2023-10-02,2023-10-08,40,weekend,Boat,Chinook|Coho|Pink_Adult|Jack|NA_AD|NA|UM|UNK_Kept,PE,catch,number_observations,1,week
74C3A10F-F03D-4684-8085-5DB2224261D0,District 11,Nisqually salmon 2023,1,2023-10-02,2023-10-08,40,weekend,Boat,Chinook|Coho|Pink_Adult|Jack|NA_AD|NA|UM|UNK_Kept,PE,catch,daily_mean,23.717,week
74C3A10F-F03D-4684-8085-5DB2224261D0,District 11,Nisqually salmon 2023,1,2023-10-02,2023-10-08,40,weekend,Boat,Chinook|Coho|Pink_Adult|Jack|NA_AD|NA|UM|UNK_Kept,PE,catch,daily_variance,0,week
74C3A10F-F03D-4684-8085-5DB2224261D0,District 11,Nisqually salmon 2023,1,2023-10-02,2023-10-08,40,weekend,Boat,Chinook|Coho|Pink_Adult|Jack|NA_AD|NA|UM|UNK_Kept,PE,catch,days_open,1,week
74C3A10F-F03D-4684-8085-5DB2224261D0,District 11,Nisqually salmon 2023,1,2023-10-02,2023-10-08,40,weekend,Boat,Chinook|Coho|Pink_Adult|Jack|NA_AD|NA|UM|UNK_Kept,PE,catch,degrees_freedom,37.5,week
74C3A10F-F03D-4684-8085-5DB2224261D0,District 11,Nisqually salmon 2023,1,2023-10-02,2023-10-08,40,weekend,Boat,Chinook|Coho|Pink_Adult|Jack|NA_AD|NA|UM|UNK_Kept,PE,catch,total_catch,23.717,week
74C3A10F-F03D-4684-8085-5DB2224261D0,District 11,Nisqually salmon 2023,1,2023-10-09,2023-10-15,41,weekday,Bank,Chinook|Coho|Pink_Adult|Jack|NA_AD|NA|UM|UNK_Kept,PE,catch,number_observations,3,week
74C3A10F-F03D-4684-8085-5DB2224261D0,District 11,Nisqually salmon 2023,1,2023-10-09,2023-10-15,41,weekday,Bank,Chinook|Coho|Pink_Adult|Jack|NA_AD|NA|UM|UNK_Kept,PE,catch,daily_mean,5.480666666666667,week
74C3A10F-F03D-4684-8085-5DB2224261D0,District 11,Nisqually salmon 2023,1,2023-10-09,2023-10-15,41,weekday,Bank,Chinook|Coho|Pink_Adult|Jack|NA_AD|NA|UM|UNK_Kept,PE,catch,daily_variance,47.45832933333334,week
74C3A10F-F03D-4684-8085-5DB2224261D0,District 11,Nisqually salmon 2023,1,2023-10-09,2023-10-15,41,weekday,Bank,Chinook|Coho|Pink_Adult|Jack|NA_AD|NA|UM|UNK_Kept,PE,catch,days_open,4,week
74C3A10F-F03D-4684-8085-5DB2224261D0,District 11,Nisqually salmon 2023,1,2023-10-09,2023-10-15,41,weekday,Bank,Chinook|Coho|Pink_Adult|Jack|NA_AD|NA|UM|UNK_Kept,PE,catch,degrees_freedom,37.5,week
74C3A10F-F03D-4684-8085-5DB2224261D0,District 11,Nisqually salmon 2023,1,2023-10-09,2023-10-15,41,weekday,Bank,Chinook|Coho|Pink_Adult|Jack|NA_AD|NA|UM|UNK_Kept,PE,catch,total_catch,21.922666666666668,week
74C3A10F-F03D-4684-8085-5DB2224261D0,District 11,Nisqually salmon 2023,1,2023-10-09,2023-10-15,41,weekday,Boat,Chinook|Coho|Pink_Adult|Jack|NA_AD|NA|UM|UNK_Kept,PE,catch,number_observations,3,week
74C3A10F-F03D-4684-8085-5DB2224261D0,District 11,Nisqually salmon 2023,1,2023-10-09,2023-10-15,41,weekday,Boat,Chinook|Coho|Pink_Adult|Jack|NA_AD|NA|UM|UNK_Kept,PE,catch,daily_mean,12.652666666666667,week
74C3A10F-F03D-4684-8085-5DB2224261D0,District 11,Nisqually salmon 2023,1,2023-10-09,2023-10-15,41,weekday,Boat,Chinook|Coho|Pink_Adult|Jack|NA_AD|NA|UM|UNK_Kept,PE,catch,daily_variance,253.74732433333335,week
74C3A10F-F03D-4684-8085-5DB2224261D0,District 11,Nisqually salmon 2023,1,2023-10-09,2023-10-15,41,weekday,Boat,Chinook|Coho|Pink_Adult|Jack|NA_AD|NA|UM|UNK_Kept,PE,catch,days_open,4,week
74C3A10F-F03D-4684-8085-5DB2224261D0,District 11,Nisqually salmon 2023,1,2023-10-09,2023-10-15,41,weekday,Boat,Chinook|Coho|Pink_Adult|Jack|NA_AD|NA|UM|UNK_Kept,PE,catch,degrees_freedom,37.5,week
74C3A10F-F03D-4684-8085-5DB2224261D0,District 11,Nisqually salmon 2023,1,2023-10-09,2023-10-15,41,weekday,Boat,Chinook|Coho|Pink_Adult|Jack|NA_AD|NA|UM|UNK_Kept,PE,catch,total_catch,50.61066666666667,week
74C3A10F-F03D-4684-8085-5DB2224261D0,District 11,Nisqually salmon 2023,1,2023-10-09,2023-10-15,41,weekend,Bank,Chinook|Coho|Pink_Adult|Jack|NA_AD|NA|UM|UNK_Kept,PE,catch,number_observations,1,week
74C3A10F-F03D-4684-8085-5DB2224261D0,District 11,Nisqually salmon 2023,1,2023-10-09,2023-10-15,41,weekend,Bank,Chinook|Coho|Pink_Adult|Jack|NA_AD|NA|UM|UNK_Kept,PE,catch,daily_mean,0,week
74C3A10F-F03D-4684-8085-5DB2224261D0,District 11,Nisqually salmon 2023,1,2023-10-09,2023-10-15,41,weekend,Bank,Chinook|Coho|Pink_Adult|Jack|NA_AD|NA|UM|UNK_Kept,PE,catch,daily_variance,0,week
74C3A10F-F03D-4684-8085-5DB2224261D0,District 11,Nisqually salmon 2023,1,2023-10-09,2023-10-15,41,weekend,Bank,Chinook|Coho|Pink_Adult|Jack|NA_AD|NA|UM|UNK_Kept,PE,catch,days_open,1,week
74C3A10F-F03D-4684-8085-5DB2224261D0,District 11,Nisqually salmon 2023,1,2023-10-09,2023-10-15,41,weekend,Bank,Chinook|Coho|Pink_Adult|Jack|NA_AD|NA|UM|UNK_Kept,PE,catch,degrees_freedom,37.5,week
74C3A10F-F03D-4684-8085-5DB2224261D0,District 11,Nisqually salmon 2023,1,2023-10-09,2023-10-15,41,weekend,Bank,Chinook|Coho|Pink_Adult|Jack|NA_AD|NA|UM|UNK_Kept,PE,catch,total_catch,0,week
74C3A10F-F03D-4684-8085-5DB2224261D0,District 11,Nisqually salmon 2023,1,2023-10-09,2023-10-15,41,weekend,Boat,Chinook|Coho|Pink_Adult|Jack|NA_AD|NA|UM|UNK_Kept,PE,catch,number_observations,1,week
74C3A10F-F03D-4684-8085-5DB2224261D0,District 11,Nisqually salmon 2023,1,2023-10-09,2023-10-15,41,weekend,Boat,Chinook|Coho|Pink_Adult|Jack|NA_AD|NA|UM|UNK_Kept,PE,catch,daily_mean,10.44,week
74C3A10F-F03D-4684-8085-5DB2224261D0,District 11,Nisqually salmon 2023,1,2023-10-09,2023-10-15,41,weekend,Boat,Chinook|Coho|Pink_Adult|Jack|NA_AD|NA|UM|UNK_Kept,PE,catch,daily_variance,0,week
74C3A10F-F03D-4684-8085-5DB2224261D0,District 11,Nisqually salmon 2023,1,2023-10-09,2023-10-15,41,weekend,Boat,Chinook|Coho|Pink_Adult|Jack|NA_AD|NA|UM|UNK_Kept,PE,catch,days_open,1,week
74C3A10F-F03D-4684-8085-5DB2224261D0,District 11,Nisqually salmon 2023,1,2023-10-09,2023-10-15,41,weekend,Boat,Chinook|Coho|Pink_Adult|Jack|NA_AD|NA|UM|UNK_Kept,PE,catch,degrees_freedom,37.5,week
74C3A10F-F03D-4684-8085-5DB2224261D0,District 11,Nisqually salmon 2023,1,2023-10-09,2023-10-15,41,weekend,Boat,Chinook|Coho|Pink_Adult|Jack|NA_AD|NA|UM|UNK_Kept,PE,catch,total_catch,10.44,week
74C3A10F-F03D-4684-8085-5DB2224261D0,District 11,Nisqually salmon 2023,1,2023-10-16,2023-10-22,42,weekday,Bank,Chinook|Coho|Pink_Adult|Jack|NA_AD|NA|UM|UNK_Kept,PE,catch,number_observations,3,week
74C3A10F-F03D-4684-8085-5DB2224261D0,District 11,Nisqually salmon 2023,1,2023-10-16,2023-10-22,42,weekday,Bank,Chinook|Coho|Pink_Adult|Jack|NA_AD|NA|UM|UNK_Kept,PE,catch,daily_mean,0,week
74C3A10F-F03D-4684-8085-5DB2224261D0,District 11,Nisqually salmon 2023,1,2023-10-16,2023-10-22,42,weekday,Bank,Chinook|Coho|Pink_Adult|Jack|NA_AD|NA|UM|UNK_Kept,PE,catch,daily_variance,0,week
74C3A10F-F03D-4684-8085-5DB2224261D0,District 11,Nisqually salmon 2023,1,2023-10-16,2023-10-22,42,weekday,Bank,Chinook|Coho|Pink_Adult|Jack|NA_AD|NA|UM|UNK_Kept,PE,catch,days_open,4,week
74C3A10F-F03D-4684-8085-5DB2224261D0,District 11,Nisqually salmon 2023,1,2023-10-16,2023-10-22,42,weekday,Bank,Chinook|Coho|Pink_Adult|Jack|NA_AD|NA|UM|UNK_Kept,PE,catch,degrees_freedom,37.5,week
74C3A10F-F03D-4684-8085-5DB2224261D0,District 11,Nisqually salmon 2023,1,2023-10-16,2023-10-22,42,weekday,Bank,Chinook|Coho|Pink_Adult|Jack|NA_AD|NA|UM|UNK_Kept,PE,catch,total_catch,0,week
74C3A10F-F03D-4684-8085-5DB2224261D0,District 11,Nisqually salmon 2023,1,2023-10-23,2023-10-29,43,weekday,Bank,Chinook|Coho|Pink_Adult|Jack|NA_AD|NA|UM|UNK_Kept,PE,catch,number_observations,1,week
74C3A10F-F03D-4684-8085-5DB2224261D0,District 11,Nisqually salmon 2023,1,2023-10-23,2023-10-29,43,weekday,Bank,Chinook|Coho|Pink_Adult|Jack|NA_AD|NA|UM|UNK_Kept,PE,catch,daily_mean,0,week
74C3A10F-F03D-4684-8085-5DB2224261D0,District 11,Nisqually salmon 2023,1,2023-10-23,2023-10-29,43,weekday,Bank,Chinook|Coho|Pink_Adult|Jack|NA_AD|NA|UM|UNK_Kept,PE,catch,daily_variance,0,week
74C3A10F-F03D-4684-8085-5DB2224261D0,District 11,Nisqually salmon 2023,1,2023-10-23,2023-10-29,43,weekday,Bank,Chinook|Coho|Pink_Adult|Jack|NA_AD|NA|UM|UNK_Kept,PE,catch,days_open,4,week
74C3A10F-F03D-4684-8085-5DB2224261D0,District 11,Nisqually salmon 2023,1,2023-10-23,2023-10-29,43,weekday,Bank,Chinook|Coho|Pink_Adult|Jack|NA_AD|NA|UM|UNK_Kept,PE,catch,degrees_freedom,37.5,week
74C3A10F-F03D-4684-8085-5DB2224261D0,District 11,Nisqually salmon 2023,1,2023-10-23,2023-10-29,43,weekday,Bank,Chinook|Coho|Pink_Adult|Jack|NA_AD|NA|UM|UNK_Kept,PE,catch,total_catch,0,week
74C3A10F-F03D-4684-8085-5DB2224261D0,District 11,Nisqually salmon 2023,1,2023-10-30,2023-11-05,44,weekday,Bank,Chinook|Coho|Pink_Adult|Jack|NA_AD|NA|UM|UNK_Kept,PE,catch,number_observations,1,week
74C3A10F-F03D-4684-8085-5DB2224261D0,District 11,Nisqually salmon 2023,1,2023-10-30,2023-11-05,44,weekday,Bank,Chinook|Coho|Pink_Adult|Jack|NA_AD|NA|UM|UNK_Kept,PE,catch,daily_mean,0,week
74C3A10F-F03D-4684-8085-5DB2224261D0,District 11,Nisqually salmon 2023,1,2023-10-30,2023-11-05,44,weekday,Bank,Chinook|Coho|Pink_Adult|Jack|NA_AD|NA|UM|UNK_Kept,PE,catch,daily_variance,0,week
74C3A10F-F03D-4684-8085-5DB2224261D0,District 11,Nisqually salmon 2023,1,2023-10-30,2023-11-05,44,weekday,Bank,Chinook|Coho|Pink_Adult|Jack|NA_AD|NA|UM|UNK_Kept,PE,catch,days_open,4,week
74C3A10F-F03D-4684-8085-5DB2224261D0,District 11,Nisqually salmon 2023,1,2023-10-30,2023-11-05,44,weekday,Bank,Chinook|Coho|Pink_Adult|Jack|NA_AD|NA|UM|UNK_Kept,PE,catch,degrees_freedom,37.5,week
74C3A10F-F03D-4684-8085-5DB2224261D0,District 11,Nisqually salmon 2023,1,2023-10-30,2023-11-05,44,weekday,Bank,Chinook|Coho|Pink_Adult|Jack|NA_AD|NA|UM|UNK_Kept,PE,catch,total_catch,0,week
74C3A10F-F03D-4684-8085-5DB2224261D0,District 11,Nisqually salmon 2023,1,2023-11-06,2023-11-12,45,weekday,Bank,Chinook|Coho|Pink_Adult|Jack|NA_AD|NA|UM|UNK_Kept,PE,catch,number_observations,2,week
74C3A10F-F03D-4684-8085-5DB2224261D0,District 11,Nisqually salmon 2023,1,2023-11-06,2023-11-12,45,weekday,Bank,Chinook|Coho|Pink_Adult|Jack|NA_AD|NA|UM|UNK_Kept,PE,catch,daily_mean,0,week
74C3A10F-F03D-4684-8085-5DB2224261D0,District 11,Nisqually salmon 2023,1,2023-11-06,2023-11-12,45,weekday,Bank,Chinook|Coho|Pink_Adult|Jack|NA_AD|NA|UM|UNK_Kept,PE,catch,daily_variance,0,week
74C3A10F-F03D-4684-8085-5DB2224261D0,District 11,Nisqually salmon 2023,1,2023-11-06,2023-11-12,45,weekday,Bank,Chinook|Coho|Pink_Adult|Jack|NA_AD|NA|UM|UNK_Kept,PE,catch,days_open,4,week
74C3A10F-F03D-4684-8085-5DB2224261D0,District 11,Nisqually salmon 2023,1,2023-11-06,2023-11-12,45,weekday,Bank,Chinook|Coho|Pink_Adult|Jack|NA_AD|NA|UM|UNK_Kept,PE,catch,degrees_freedom,37.5,week
74C3A10F-F03D-4684-8085-5DB2224261D0,District 11,Nisqually salmon 2023,1,2023-11-06,2023-11-12,45,weekday,Bank,Chinook|Coho|Pink_Adult|Jack|NA_AD|NA|UM|UNK_Kept,PE,catch,total_catch,0,week
74C3A10F-F03D-4684-8085-5DB2224261D0,District 11,Nisqually salmon 2023,1,2023-07-01,2023-07-02,26,weekend,Bank,NA,PE,effort,number_observations,1,week
74C3A10F-F03D-4684-8085-5DB2224261D0,District 11,Nisqually salmon 2023,1,2023-07-01,2023-07-02,26,weekend,Bank,NA,PE,effort,daily_mean,248.12823895782597,week
74C3A10F-F03D-4684-8085-5DB2224261D0,District 11,Nisqually salmon 2023,1,2023-07-01,2023-07-02,26,weekend,Bank,NA,PE,effort,daily_variance,0,week
74C3A10F-F03D-4684-8085-5DB2224261D0,District 11,Nisqually salmon 2023,1,2023-07-01,2023-07-02,26,weekend,Bank,NA,PE,effort,days_open,2,week
74C3A10F-F03D-4684-8085-5DB2224261D0,District 11,Nisqually salmon 2023,1,2023-07-01,2023-07-02,26,weekend,Bank,NA,PE,effort,degrees_freedom,37.5,week
74C3A10F-F03D-4684-8085-5DB2224261D0,District 11,Nisqually salmon 2023,1,2023-07-01,2023-07-02,26,weekend,Bank,NA,PE,effort,total_effort,496.25647791565194,week
74C3A10F-F03D-4684-8085-5DB2224261D0,District 11,Nisqually salmon 2023,1,2023-07-01,2023-07-02,26,weekend,Boat,NA,PE,effort,number_observations,1,week
74C3A10F-F03D-4684-8085-5DB2224261D0,District 11,Nisqually salmon 2023,1,2023-07-01,2023-07-02,26,weekend,Boat,NA,PE,effort,daily_mean,39.22599999999999,week
74C3A10F-F03D-4684-8085-5DB2224261D0,District 11,Nisqually salmon 2023,1,2023-07-01,2023-07-02,26,weekend,Boat,NA,PE,effort,daily_variance,0,week
74C3A10F-F03D-4684-8085-5DB2224261D0,District 11,Nisqually salmon 2023,1,2023-07-01,2023-07-02,26,weekend,Boat,NA,PE,effort,days_open,2,week
74C3A10F-F03D-4684-8085-5DB2224261D0,District 11,Nisqually salmon 2023,1,2023-07-01,2023-07-02,26,weekend,Boat,NA,PE,effort,degrees_freedom,37.5,week
74C3A10F-F03D-4684-8085-5DB2224261D0,District 11,Nisqually salmon 2023,1,2023-07-01,2023-07-02,26,weekend,Boat,NA,PE,effort,total_effort,78.45199999999998,week
74C3A10F-F03D-4684-8085-5DB2224261D0,District 11,Nisqually salmon 2023,1,2023-07-03,2023-07-09,27,weekday,Bank,NA,PE,effort,number_observations,2,week
74C3A10F-F03D-4684-8085-5DB2224261D0,District 11,Nisqually salmon 2023,1,2023-07-03,2023-07-09,27,weekday,Bank,NA,PE,effort,daily_mean,77.73809048573763,week
74C3A10F-F03D-4684-8085-5DB2224261D0,District 11,Nisqually salmon 2023,1,2023-07-03,2023-07-09,27,weekday,Bank,NA,PE,effort,daily_variance,2043.3157073221594,week
74C3A10F-F03D-4684-8085-5DB2224261D0,District 11,Nisqually salmon 2023,1,2023-07-03,2023-07-09,27,weekday,Bank,NA,PE,effort,days_open,4,week
74C3A10F-F03D-4684-8085-5DB2224261D0,District 11,Nisqually salmon 2023,1,2023-07-03,2023-07-09,27,weekday,Bank,NA,PE,effort,degrees_freedom,37.5,week
74C3A10F-F03D-4684-8085-5DB2224261D0,District 11,Nisqually salmon 2023,1,2023-07-03,2023-07-09,27,weekday,Bank,NA,PE,effort,total_effort,310.9523619429505,week
74C3A10F-F03D-4684-8085-5DB2224261D0,District 11,Nisqually salmon 2023,1,2023-07-03,2023-07-09,27,weekday,Boat,NA,PE,effort,number_observations,2,week
74C3A10F-F03D-4684-8085-5DB2224261D0,District 11,Nisqually salmon 2023,1,2023-07-03,2023-07-09,27,weekday,Boat,NA,PE,effort,daily_mean,13.00159259259259,week
74C3A10F-F03D-4684-8085-5DB2224261D0,District 11,Nisqually salmon 2023,1,2023-07-03,2023-07-09,27,weekday,Boat,NA,PE,effort,daily_variance,338.082819887517,week
74C3A10F-F03D-4684-8085-5DB2224261D0,District 11,Nisqually salmon 2023,1,2023-07-03,2023-07-09,27,weekday,Boat,NA,PE,effort,days_open,4,week
74C3A10F-F03D-4684-8085-5DB2224261D0,District 11,Nisqually salmon 2023,1,2023-07-03,2023-07-09,27,weekday,Boat,NA,PE,effort,degrees_freedom,37.5,week
74C3A10F-F03D-4684-8085-5DB2224261D0,District 11,Nisqually salmon 2023,1,2023-07-03,2023-07-09,27,weekday,Boat,NA,PE,effort,total_effort,52.00637037037036,week
74C3A10F-F03D-4684-8085-5DB2224261D0,District 11,Nisqually salmon 2023,1,2023-07-03,2023-07-09,27,weekend,Bank,NA,PE,effort,number_observations,2,week
74C3A10F-F03D-4684-8085-5DB2224261D0,District 11,Nisqually salmon 2023,1,2023-07-03,2023-07-09,27,weekend,Bank,NA,PE,effort,daily_mean,118.48508542310165,week
74C3A10F-F03D-4684-8085-5DB2224261D0,District 11,Nisqually salmon 2023,1,2023-07-03,2023-07-09,27,weekend,Bank,NA,PE,effort,daily_variance,659.3349034840946,week
74C3A10F-F03D-4684-8085-5DB2224261D0,District 11,Nisqually salmon 2023,1,2023-07-03,2023-07-09,27,weekend,Bank,NA,PE,effort,days_open,3,week
74C3A10F-F03D-4684-8085-5DB2224261D0,District 11,Nisqually salmon 2023,1,2023-07-03,2023-07-09,27,weekend,Bank,NA,PE,effort,degrees_freedom,37.5,week
74C3A10F-F03D-4684-8085-5DB2224261D0,District 11,Nisqually salmon 2023,1,2023-07-03,2023-07-09,27,weekend,Bank,NA,PE,effort,total_effort,355.455256269305,week
74C3A10F-F03D-4684-8085-5DB2224261D0,District 11,Nisqually salmon 2023,1,2023-07-03,2023-07-09,27,weekend,Boat,NA,PE,effort,number_observations,2,week
74C3A10F-F03D-4684-8085-5DB2224261D0,District 11,Nisqually salmon 2023,1,2023-07-03,2023-07-09,27,weekend,Boat,NA,PE,effort,daily_mean,0,week
74C3A10F-F03D-4684-8085-5DB2224261D0,District 11,Nisqually salmon 2023,1,2023-07-03,2023-07-09,27,weekend,Boat,NA,PE,effort,daily_variance,0,week
74C3A10F-F03D-4684-8085-5DB2224261D0,District 11,Nisqually salmon 2023,1,2023-07-03,2023-07-09,27,weekend,Boat,NA,PE,effort,days_open,3,week
74C3A10F-F03D-4684-8085-5DB2224261D0,District 11,Nisqually salmon 2023,1,2023-07-03,2023-07-09,27,weekend,Boat,NA,PE,effort,degrees_freedom,37.5,week
74C3A10F-F03D-4684-8085-5DB2224261D0,District 11,Nisqually salmon 2023,1,2023-07-03,2023-07-09,27,weekend,Boat,NA,PE,effort,total_effort,0,week
74C3A10F-F03D-4684-8085-5DB2224261D0,District 11,Nisqually salmon 2023,1,2023-07-10,2023-07-16,28,weekday,Bank,NA,PE,effort,number_observations,2,week
74C3A10F-F03D-4684-8085-5DB2224261D0,District 11,Nisqually salmon 2023,1,2023-07-10,2023-07-16,28,weekday,Bank,NA,PE,effort,daily_mean,72.44729009401917,week
74C3A10F-F03D-4684-8085-5DB2224261D0,District 11,Nisqually salmon 2023,1,2023-07-10,2023-07-16,28,weekday,Bank,NA,PE,effort,daily_variance,160.04381303272194,week
74C3A10F-F03D-4684-8085-5DB2224261D0,District 11,Nisqually salmon 2023,1,2023-07-10,2023-07-16,28,weekday,Bank,NA,PE,effort,days_open,5,week
74C3A10F-F03D-4684-8085-5DB2224261D0,District 11,Nisqually salmon 2023,1,2023-07-10,2023-07-16,28,weekday,Bank,NA,PE,effort,degrees_freedom,37.5,week
74C3A10F-F03D-4684-8085-5DB2224261D0,District 11,Nisqually salmon 2023,1,2023-07-10,2023-07-16,28,weekday,Bank,NA,PE,effort,total_effort,362.23645047009586,week
74C3A10F-F03D-4684-8085-5DB2224261D0,District 11,Nisqually salmon 2023,1,2023-07-10,2023-07-16,28,weekday,Boat,NA,PE,effort,number_observations,2,week
74C3A10F-F03D-4684-8085-5DB2224261D0,District 11,Nisqually salmon 2023,1,2023-07-10,2023-07-16,28,weekday,Boat,NA,PE,effort,daily_mean,0,week
74C3A10F-F03D-4684-8085-5DB2224261D0,District 11,Nisqually salmon 2023,1,2023-07-10,2023-07-16,28,weekday,Boat,NA,PE,effort,daily_variance,0,week
74C3A10F-F03D-4684-8085-5DB2224261D0,District 11,Nisqually salmon 2023,1,2023-07-10,2023-07-16,28,weekday,Boat,NA,PE,effort,days_open,5,week
74C3A10F-F03D-4684-8085-5DB2224261D0,District 11,Nisqually salmon 2023,1,2023-07-10,2023-07-16,28,weekday,Boat,NA,PE,effort,degrees_freedom,37.5,week
74C3A10F-F03D-4684-8085-5DB2224261D0,District 11,Nisqually salmon 2023,1,2023-07-10,2023-07-16,28,weekday,Boat,NA,PE,effort,total_effort,0,week
74C3A10F-F03D-4684-8085-5DB2224261D0,District 11,Nisqually salmon 2023,1,2023-07-10,2023-07-16,28,weekend,Bank,NA,PE,effort,number_observations,1,week
74C3A10F-F03D-4684-8085-5DB2224261D0,District 11,Nisqually salmon 2023,1,2023-07-10,2023-07-16,28,weekend,Bank,NA,PE,effort,daily_mean,221.2658328623971,week
74C3A10F-F03D-4684-8085-5DB2224261D0,District 11,Nisqually salmon 2023,1,2023-07-10,2023-07-16,28,weekend,Bank,NA,PE,effort,daily_variance,0,week
74C3A10F-F03D-4684-8085-5DB2224261D0,District 11,Nisqually salmon 2023,1,2023-07-10,2023-07-16,28,weekend,Bank,NA,PE,effort,days_open,2,week
74C3A10F-F03D-4684-8085-5DB2224261D0,District 11,Nisqually salmon 2023,1,2023-07-10,2023-07-16,28,weekend,Bank,NA,PE,effort,degrees_freedom,37.5,week
74C3A10F-F03D-4684-8085-5DB2224261D0,District 11,Nisqually salmon 2023,1,2023-07-10,2023-07-16,28,weekend,Bank,NA,PE,effort,total_effort,442.5316657247942,week
74C3A10F-F03D-4684-8085-5DB2224261D0,District 11,Nisqually salmon 2023,1,2023-07-10,2023-07-16,28,weekend,Boat,NA,PE,effort,number_observations,1,week
74C3A10F-F03D-4684-8085-5DB2224261D0,District 11,Nisqually salmon 2023,1,2023-07-10,2023-07-16,28,weekend,Boat,NA,PE,effort,daily_mean,12.855333333333332,week
74C3A10F-F03D-4684-8085-5DB2224261D0,District 11,Nisqually salmon 2023,1,2023-07-10,2023-07-16,28,weekend,Boat,NA,PE,effort,daily_variance,0,week
74C3A10F-F03D-4684-8085-5DB2224261D0,District 11,Nisqually salmon 2023,1,2023-07-10,2023-07-16,28,weekend,Boat,NA,PE,effort,days_open,2,week
74C3A10F-F03D-4684-8085-5DB2224261D0,District 11,Nisqually salmon 2023,1,2023-07-10,2023-07-16,28,weekend,Boat,NA,PE,effort,degrees_freedom,37.5,week
74C3A10F-F03D-4684-8085-5DB2224261D0,District 11,Nisqually salmon 2023,1,2023-07-10,2023-07-16,28,weekend,Boat,NA,PE,effort,total_effort,25.710666666666665,week
74C3A10F-F03D-4684-8085-5DB2224261D0,District 11,Nisqually salmon 2023,1,2023-07-17,2023-07-23,29,weekday,Bank,NA,PE,effort,number_observations,3,week
74C3A10F-F03D-4684-8085-5DB2224261D0,District 11,Nisqually salmon 2023,1,2023-07-17,2023-07-23,29,weekday,Bank,NA,PE,effort,daily_mean,43.40689223729478,week
74C3A10F-F03D-4684-8085-5DB2224261D0,District 11,Nisqually salmon 2023,1,2023-07-17,2023-07-23,29,weekday,Bank,NA,PE,effort,daily_variance,207.50192805498074,week
74C3A10F-F03D-4684-8085-5DB2224261D0,District 11,Nisqually salmon 2023,1,2023-07-17,2023-07-23,29,weekday,Bank,NA,PE,effort,days_open,5,week
74C3A10F-F03D-4684-8085-5DB2224261D0,District 11,Nisqually salmon 2023,1,2023-07-17,2023-07-23,29,weekday,Bank,NA,PE,effort,degrees_freedom,37.5,week
74C3A10F-F03D-4684-8085-5DB2224261D0,District 11,Nisqually salmon 2023,1,2023-07-17,2023-07-23,29,weekday,Bank,NA,PE,effort,total_effort,217.0344611864739,week
74C3A10F-F03D-4684-8085-5DB2224261D0,District 11,Nisqually salmon 2023,1,2023-07-17,2023-07-23,29,weekday,Boat,NA,PE,effort,number_observations,3,week
74C3A10F-F03D-4684-8085-5DB2224261D0,District 11,Nisqually salmon 2023,1,2023-07-17,2023-07-23,29,weekday,Boat,NA,PE,effort,daily_mean,16.97625925925926,week
74C3A10F-F03D-4684-8085-5DB2224261D0,District 11,Nisqually salmon 2023,1,2023-07-17,2023-07-23,29,weekday,Boat,NA,PE,effort,daily_variance,376.8485457294238,week
74C3A10F-F03D-4684-8085-5DB2224261D0,District 11,Nisqually salmon 2023,1,2023-07-17,2023-07-23,29,weekday,Boat,NA,PE,effort,days_open,5,week
74C3A10F-F03D-4684-8085-5DB2224261D0,District 11,Nisqually salmon 2023,1,2023-07-17,2023-07-23,29,weekday,Boat,NA,PE,effort,degrees_freedom,37.5,week
74C3A10F-F03D-4684-8085-5DB2224261D0,District 11,Nisqually salmon 2023,1,2023-07-17,2023-07-23,29,weekday,Boat,NA,PE,effort,total_effort,84.88129629629628,week
74C3A10F-F03D-4684-8085-5DB2224261D0,District 11,Nisqually salmon 2023,1,2023-07-17,2023-07-23,29,weekend,Bank,NA,PE,effort,number_observations,1,week
74C3A10F-F03D-4684-8085-5DB2224261D0,District 11,Nisqually salmon 2023,1,2023-07-17,2023-07-23,29,weekend,Bank,NA,PE,effort,daily_mean,173.94100669067512,week
74C3A10F-F03D-4684-8085-5DB2224261D0,District 11,Nisqually salmon 2023,1,2023-07-17,2023-07-23,29,weekend,Bank,NA,PE,effort,daily_variance,0,week
74C3A10F-F03D-4684-8085-5DB2224261D0,District 11,Nisqually salmon 2023,1,2023-07-17,2023-07-23,29,weekend,Bank,NA,PE,effort,days_open,2,week
74C3A10F-F03D-4684-8085-5DB2224261D0,District 11,Nisqually salmon 2023,1,2023-07-17,2023-07-23,29,weekend,Bank,NA,PE,effort,degrees_freedom,37.5,week
74C3A10F-F03D-4684-8085-5DB2224261D0,District 11,Nisqually salmon 2023,1,2023-07-17,2023-07-23,29,weekend,Bank,NA,PE,effort,total_effort,347.88201338135025,week
74C3A10F-F03D-4684-8085-5DB2224261D0,District 11,Nisqually salmon 2023,1,2023-07-17,2023-07-23,29,weekend,Boat,NA,PE,effort,number_observations,1,week
74C3A10F-F03D-4684-8085-5DB2224261D0,District 11,Nisqually salmon 2023,1,2023-07-17,2023-07-23,29,weekend,Boat,NA,PE,effort,daily_mean,38.06366666666666,week
74C3A10F-F03D-4684-8085-5DB2224261D0,District 11,Nisqually salmon 2023,1,2023-07-17,2023-07-23,29,weekend,Boat,NA,PE,effort,daily_variance,0,week
74C3A10F-F03D-4684-8085-5DB2224261D0,District 11,Nisqually salmon 2023,1,2023-07-17,2023-07-23,29,weekend,Boat,NA,PE,effort,days_open,2,week
74C3A10F-F03D-4684-8085-5DB2224261D0,District 11,Nisqually salmon 2023,1,2023-07-17,2023-07-23,29,weekend,Boat,NA,PE,effort,degrees_freedom,37.5,week
74C3A10F-F03D-4684-8085-5DB2224261D0,District 11,Nisqually salmon 2023,1,2023-07-17,2023-07-23,29,weekend,Boat,NA,PE,effort,total_effort,76.12733333333333,week
74C3A10F-F03D-4684-8085-5DB2224261D0,District 11,Nisqually salmon 2023,1,2023-07-24,2023-07-30,30,weekday,Bank,NA,PE,effort,number_observations,3,week
74C3A10F-F03D-4684-8085-5DB2224261D0,District 11,Nisqually salmon 2023,1,2023-07-24,2023-07-30,30,weekday,Bank,NA,PE,effort,daily_mean,167.58736008094212,week
74C3A10F-F03D-4684-8085-5DB2224261D0,District 11,Nisqually salmon 2023,1,2023-07-24,2023-07-30,30,weekday,Bank,NA,PE,effort,daily_variance,3738.145931756423,week
74C3A10F-F03D-4684-8085-5DB2224261D0,District 11,Nisqually salmon 2023,1,2023-07-24,2023-07-30,30,weekday,Bank,NA,PE,effort,days_open,5,week
74C3A10F-F03D-4684-8085-5DB2224261D0,District 11,Nisqually salmon 2023,1,2023-07-24,2023-07-30,30,weekday,Bank,NA,PE,effort,degrees_freedom,37.5,week
74C3A10F-F03D-4684-8085-5DB2224261D0,District 11,Nisqually salmon 2023,1,2023-07-24,2023-07-30,30,weekday,Bank,NA,PE,effort,total_effort,837.9368004047105,week
74C3A10F-F03D-4684-8085-5DB2224261D0,District 11,Nisqually salmon 2023,1,2023-07-24,2023-07-30,30,weekday,Boat,NA,PE,effort,number_observations,3,week
74C3A10F-F03D-4684-8085-5DB2224261D0,District 11,Nisqually salmon 2023,1,2023-07-24,2023-07-30,30,weekday,Boat,NA,PE,effort,daily_mean,0,week
74C3A10F-F03D-4684-8085-5DB2224261D0,District 11,Nisqually salmon 2023,1,2023-07-24,2023-07-30,30,weekday,Boat,NA,PE,effort,daily_variance,0,week
74C3A10F-F03D-4684-8085-5DB2224261D0,District 11,Nisqually salmon 2023,1,2023-07-24,2023-07-30,30,weekday,Boat,NA,PE,effort,days_open,5,week
74C3A10F-F03D-4684-8085-5DB2224261D0,District 11,Nisqually salmon 2023,1,2023-07-24,2023-07-30,30,weekday,Boat,NA,PE,effort,degrees_freedom,37.5,week
74C3A10F-F03D-4684-8085-5DB2224261D0,District 11,Nisqually salmon 2023,1,2023-07-24,2023-07-30,30,weekday,Boat,NA,PE,effort,total_effort,0,week
74C3A10F-F03D-4684-8085-5DB2224261D0,District 11,Nisqually salmon 2023,1,2023-07-24,2023-07-30,30,weekend,Bank,NA,PE,effort,number_observations,1,week
74C3A10F-F03D-4684-8085-5DB2224261D0,District 11,Nisqually salmon 2023,1,2023-07-24,2023-07-30,30,weekend,Bank,NA,PE,effort,daily_mean,307.19626789764675,week
74C3A10F-F03D-4684-8085-5DB2224261D0,District 11,Nisqually salmon 2023,1,2023-07-24,2023-07-30,30,weekend,Bank,NA,PE,effort,daily_variance,0,week
74C3A10F-F03D-4684-8085-5DB2224261D0,District 11,Nisqually salmon 2023,1,2023-07-24,2023-07-30,30,weekend,Bank,NA,PE,effort,days_open,2,week
74C3A10F-F03D-4684-8085-5DB2224261D0,District 11,Nisqually salmon 2023,1,2023-07-24,2023-07-30,30,weekend,Bank,NA,PE,effort,degrees_freedom,37.5,week
74C3A10F-F03D-4684-8085-5DB2224261D0,District 11,Nisqually salmon 2023,1,2023-07-24,2023-07-30,30,weekend,Bank,NA,PE,effort,total_effort,614.3925357952935,week
74C3A10F-F03D-4684-8085-5DB2224261D0,District 11,Nisqually salmon 2023,1,2023-07-24,2023-07-30,30,weekend,Boat,NA,PE,effort,number_observations,1,week
74C3A10F-F03D-4684-8085-5DB2224261D0,District 11,Nisqually salmon 2023,1,2023-07-24,2023-07-30,30,weekend,Boat,NA,PE,effort,daily_mean,37.46966666666666,week
74C3A10F-F03D-4684-8085-5DB2224261D0,District 11,Nisqually salmon 2023,1,2023-07-24,2023-07-30,30,weekend,Boat,NA,PE,effort,daily_variance,0,week
74C3A10F-F03D-4684-8085-5DB2224261D0,District 11,Nisqually salmon 2023,1,2023-07-24,2023-07-30,30,weekend,Boat,NA,PE,effort,days_open,2,week
74C3A10F-F03D-4684-8085-5DB2224261D0,District 11,Nisqually salmon 2023,1,2023-07-24,2023-07-30,30,weekend,Boat,NA,PE,effort,degrees_freedom,37.5,week
74C3A10F-F03D-4684-8085-5DB2224261D0,District 11,Nisqually salmon 2023,1,2023-07-24,2023-07-30,30,weekend,Boat,NA,PE,effort,total_effort,74.93933333333332,week
74C3A10F-F03D-4684-8085-5DB2224261D0,District 11,Nisqually salmon 2023,1,2023-07-31,2023-08-06,31,weekday,Bank,NA,PE,effort,number_observations,3,week
74C3A10F-F03D-4684-8085-5DB2224261D0,District 11,Nisqually salmon 2023,1,2023-07-31,2023-08-06,31,weekday,Bank,NA,PE,effort,daily_mean,159.02071677640802,week
74C3A10F-F03D-4684-8085-5DB2224261D0,District 11,Nisqually salmon 2023,1,2023-07-31,2023-08-06,31,weekday,Bank,NA,PE,effort,daily_variance,43.58172535232545,week
74C3A10F-F03D-4684-8085-5DB2224261D0,District 11,Nisqually salmon 2023,1,2023-07-31,2023-08-06,31,weekday,Bank,NA,PE,effort,days_open,5,week
74C3A10F-F03D-4684-8085-5DB2224261D0,District 11,Nisqually salmon 2023,1,2023-07-31,2023-08-06,31,weekday,Bank,NA,PE,effort,degrees_freedom,37.5,week
74C3A10F-F03D-4684-8085-5DB2224261D0,District 11,Nisqually salmon 2023,1,2023-07-31,2023-08-06,31,weekday,Bank,NA,PE,effort,total_effort,795.1035838820401,week
74C3A10F-F03D-4684-8085-5DB2224261D0,District 11,Nisqually salmon 2023,1,2023-07-31,2023-08-06,31,weekday,Boat,NA,PE,effort,number_observations,3,week
74C3A10F-F03D-4684-8085-5DB2224261D0,District 11,Nisqually salmon 2023,1,2023-07-31,2023-08-06,31,weekday,Boat,NA,PE,effort,daily_mean,49.30098148148147,week
74C3A10F-F03D-4684-8085-5DB2224261D0,District 11,Nisqually salmon 2023,1,2023-07-31,2023-08-06,31,weekday,Boat,NA,PE,effort,daily_variance,3195.6075898343606,week
74C3A10F-F03D-4684-8085-5DB2224261D0,District 11,Nisqually salmon 2023,1,2023-07-31,2023-08-06,31,weekday,Boat,NA,PE,effort,days_open,5,week
74C3A10F-F03D-4684-8085-5DB2224261D0,District 11,Nisqually salmon 2023,1,2023-07-31,2023-08-06,31,weekday,Boat,NA,PE,effort,degrees_freedom,37.5,week
74C3A10F-F03D-4684-8085-5DB2224261D0,District 11,Nisqually salmon 2023,1,2023-07-31,2023-08-06,31,weekday,Boat,NA,PE,effort,total_effort,246.50490740740736,week
74C3A10F-F03D-4684-8085-5DB2224261D0,District 11,Nisqually salmon 2023,1,2023-07-31,2023-08-06,31,weekend,Bank,NA,PE,effort,number_observations,1,week
74C3A10F-F03D-4684-8085-5DB2224261D0,District 11,Nisqually salmon 2023,1,2023-07-31,2023-08-06,31,weekend,Bank,NA,PE,effort,daily_mean,487.4090892139468,week
74C3A10F-F03D-4684-8085-5DB2224261D0,District 11,Nisqually salmon 2023,1,2023-07-31,2023-08-06,31,weekend,Bank,NA,PE,effort,daily_variance,0,week
74C3A10F-F03D-4684-8085-5DB2224261D0,District 11,Nisqually salmon 2023,1,2023-07-31,2023-08-06,31,weekend,Bank,NA,PE,effort,days_open,1,week
74C3A10F-F03D-4684-8085-5DB2224261D0,District 11,Nisqually salmon 2023,1,2023-07-31,2023-08-06,31,weekend,Bank,NA,PE,effort,degrees_freedom,37.5,week
74C3A10F-F03D-4684-8085-5DB2224261D0,District 11,Nisqually salmon 2023,1,2023-07-31,2023-08-06,31,weekend,Bank,NA,PE,effort,total_effort,487.4090892139468,week
74C3A10F-F03D-4684-8085-5DB2224261D0,District 11,Nisqually salmon 2023,1,2023-07-31,2023-08-06,31,weekend,Boat,NA,PE,effort,number_observations,1,week
74C3A10F-F03D-4684-8085-5DB2224261D0,District 11,Nisqually salmon 2023,1,2023-07-31,2023-08-06,31,weekend,Boat,NA,PE,effort,daily_mean,134.94188888888888,week
74C3A10F-F03D-4684-8085-5DB2224261D0,District 11,Nisqually salmon 2023,1,2023-07-31,2023-08-06,31,weekend,Boat,NA,PE,effort,daily_variance,0,week
74C3A10F-F03D-4684-8085-5DB2224261D0,District 11,Nisqually salmon 2023,1,2023-07-31,2023-08-06,31,weekend,Boat,NA,PE,effort,days_open,1,week
74C3A10F-F03D-4684-8085-5DB2224261D0,District 11,Nisqually salmon 2023,1,2023-07-31,2023-08-06,31,weekend,Boat,NA,PE,effort,degrees_freedom,37.5,week
74C3A10F-F03D-4684-8085-5DB2224261D0,District 11,Nisqually salmon 2023,1,2023-07-31,2023-08-06,31,weekend,Boat,NA,PE,effort,total_effort,134.94188888888888,week
74C3A10F-F03D-4684-8085-5DB2224261D0,District 11,Nisqually salmon 2023,1,2023-08-07,2023-08-13,32,weekday,Bank,NA,PE,effort,number_observations,3,week
74C3A10F-F03D-4684-8085-5DB2224261D0,District 11,Nisqually salmon 2023,1,2023-08-07,2023-08-13,32,weekday,Bank,NA,PE,effort,daily_mean,392.5436689103379,week
74C3A10F-F03D-4684-8085-5DB2224261D0,District 11,Nisqually salmon 2023,1,2023-08-07,2023-08-13,32,weekday,Bank,NA,PE,effort,daily_variance,7351.382607486408,week
74C3A10F-F03D-4684-8085-5DB2224261D0,District 11,Nisqually salmon 2023,1,2023-08-07,2023-08-13,32,weekday,Bank,NA,PE,effort,days_open,3,week
74C3A10F-F03D-4684-8085-5DB2224261D0,District 11,Nisqually salmon 2023,1,2023-08-07,2023-08-13,32,weekday,Bank,NA,PE,effort,degrees_freedom,37.5,week
74C3A10F-F03D-4684-8085-5DB2224261D0,District 11,Nisqually salmon 2023,1,2023-08-07,2023-08-13,32,weekday,Bank,NA,PE,effort,total_effort,1177.6310067310137,week
74C3A10F-F03D-4684-8085-5DB2224261D0,District 11,Nisqually salmon 2023,1,2023-08-07,2023-08-13,32,weekday,Boat,NA,PE,effort,number_observations,3,week
74C3A10F-F03D-4684-8085-5DB2224261D0,District 11,Nisqually salmon 2023,1,2023-08-07,2023-08-13,32,weekday,Boat,NA,PE,effort,daily_mean,52.476722222222214,week
74C3A10F-F03D-4684-8085-5DB2224261D0,District 11,Nisqually salmon 2023,1,2023-08-07,2023-08-13,32,weekday,Boat,NA,PE,effort,daily_variance,936.6493611361451,week
74C3A10F-F03D-4684-8085-5DB2224261D0,District 11,Nisqually salmon 2023,1,2023-08-07,2023-08-13,32,weekday,Boat,NA,PE,effort,days_open,3,week
74C3A10F-F03D-4684-8085-5DB2224261D0,District 11,Nisqually salmon 2023,1,2023-08-07,2023-08-13,32,weekday,Boat,NA,PE,effort,degrees_freedom,37.5,week
74C3A10F-F03D-4684-8085-5DB2224261D0,District 11,Nisqually salmon 2023,1,2023-08-07,2023-08-13,32,weekday,Boat,NA,PE,effort,total_effort,157.43016666666665,week
74C3A10F-F03D-4684-8085-5DB2224261D0,District 11,Nisqually salmon 2023,1,2023-08-07,2023-08-13,32,weekend,Bank,NA,PE,effort,number_observations,1,week
74C3A10F-F03D-4684-8085-5DB2224261D0,District 11,Nisqually salmon 2023,1,2023-08-07,2023-08-13,32,weekend,Bank,NA,PE,effort,daily_mean,789.9467806489422,week
74C3A10F-F03D-4684-8085-5DB2224261D0,District 11,Nisqually salmon 2023,1,2023-08-07,2023-08-13,32,weekend,Bank,NA,PE,effort,daily_variance,0,week
74C3A10F-F03D-4684-8085-5DB2224261D0,District 11,Nisqually salmon 2023,1,2023-08-07,2023-08-13,32,weekend,Bank,NA,PE,effort,days_open,1,week
74C3A10F-F03D-4684-8085-5DB2224261D0,District 11,Nisqually salmon 2023,1,2023-08-07,2023-08-13,32,weekend,Bank,NA,PE,effort,degrees_freedom,37.5,week
74C3A10F-F03D-4684-8085-5DB2224261D0,District 11,Nisqually salmon 2023,1,2023-08-07,2023-08-13,32,weekend,Bank,NA,PE,effort,total_effort,789.9467806489422,week
74C3A10F-F03D-4684-8085-5DB2224261D0,District 11,Nisqually salmon 2023,1,2023-08-07,2023-08-13,32,weekend,Boat,NA,PE,effort,number_observations,1,week
74C3A10F-F03D-4684-8085-5DB2224261D0,District 11,Nisqually salmon 2023,1,2023-08-07,2023-08-13,32,weekend,Boat,NA,PE,effort,daily_mean,48.103407407407396,week
74C3A10F-F03D-4684-8085-5DB2224261D0,District 11,Nisqually salmon 2023,1,2023-08-07,2023-08-13,32,weekend,Boat,NA,PE,effort,daily_variance,0,week
74C3A10F-F03D-4684-8085-5DB2224261D0,District 11,Nisqually salmon 2023,1,2023-08-07,2023-08-13,32,weekend,Boat,NA,PE,effort,days_open,1,week
74C3A10F-F03D-4684-8085-5DB2224261D0,District 11,Nisqually salmon 2023,1,2023-08-07,2023-08-13,32,weekend,Boat,NA,PE,effort,degrees_freedom,37.5,week
74C3A10F-F03D-4684-8085-5DB2224261D0,District 11,Nisqually salmon 2023,1,2023-08-07,2023-08-13,32,weekend,Boat,NA,PE,effort,total_effort,48.103407407407396,week
74C3A10F-F03D-4684-8085-5DB2224261D0,District 11,Nisqually salmon 2023,1,2023-08-14,2023-08-20,33,weekday,Bank,NA,PE,effort,number_observations,3,week
74C3A10F-F03D-4684-8085-5DB2224261D0,District 11,Nisqually salmon 2023,1,2023-08-14,2023-08-20,33,weekday,Bank,NA,PE,effort,daily_mean,561.5364034582972,week
74C3A10F-F03D-4684-8085-5DB2224261D0,District 11,Nisqually salmon 2023,1,2023-08-14,2023-08-20,33,weekday,Bank,NA,PE,effort,daily_variance,20866.09577871913,week
74C3A10F-F03D-4684-8085-5DB2224261D0,District 11,Nisqually salmon 2023,1,2023-08-14,2023-08-20,33,weekday,Bank,NA,PE,effort,days_open,3,week
74C3A10F-F03D-4684-8085-5DB2224261D0,District 11,Nisqually salmon 2023,1,2023-08-14,2023-08-20,33,weekday,Bank,NA,PE,effort,degrees_freedom,37.5,week
74C3A10F-F03D-4684-8085-5DB2224261D0,District 11,Nisqually salmon 2023,1,2023-08-14,2023-08-20,33,weekday,Bank,NA,PE,effort,total_effort,1684.6092103748915,week
74C3A10F-F03D-4684-8085-5DB2224261D0,District 11,Nisqually salmon 2023,1,2023-08-14,2023-08-20,33,weekday,Boat,NA,PE,effort,number_observations,3,week
74C3A10F-F03D-4684-8085-5DB2224261D0,District 11,Nisqually salmon 2023,1,2023-08-14,2023-08-20,33,weekday,Boat,NA,PE,effort,daily_mean,51.28831481481481,week
74C3A10F-F03D-4684-8085-5DB2224261D0,District 11,Nisqually salmon 2023,1,2023-08-14,2023-08-20,33,weekday,Boat,NA,PE,effort,daily_variance,604.4337089207817,week
74C3A10F-F03D-4684-8085-5DB2224261D0,District 11,Nisqually salmon 2023,1,2023-08-14,2023-08-20,33,weekday,Boat,NA,PE,effort,days_open,3,week
74C3A10F-F03D-4684-8085-5DB2224261D0,District 11,Nisqually salmon 2023,1,2023-08-14,2023-08-20,33,weekday,Boat,NA,PE,effort,degrees_freedom,37.5,week
74C3A10F-F03D-4684-8085-5DB2224261D0,District 11,Nisqually salmon 2023,1,2023-08-14,2023-08-20,33,weekday,Boat,NA,PE,effort,total_effort,153.86494444444443,week
74C3A10F-F03D-4684-8085-5DB2224261D0,District 11,Nisqually salmon 2023,1,2023-08-14,2023-08-20,33,weekend,Bank,NA,PE,effort,number_observations,1,week
74C3A10F-F03D-4684-8085-5DB2224261D0,District 11,Nisqually salmon 2023,1,2023-08-14,2023-08-20,33,weekend,Bank,NA,PE,effort,daily_mean,951.2258194030074,week
74C3A10F-F03D-4684-8085-5DB2224261D0,District 11,Nisqually salmon 2023,1,2023-08-14,2023-08-20,33,weekend,Bank,NA,PE,effort,daily_variance,0,week
74C3A10F-F03D-4684-8085-5DB2224261D0,District 11,Nisqually salmon 2023,1,2023-08-14,2023-08-20,33,weekend,Bank,NA,PE,effort,days_open,1,week
74C3A10F-F03D-4684-8085-5DB2224261D0,District 11,Nisqually salmon 2023,1,2023-08-14,2023-08-20,33,weekend,Bank,NA,PE,effort,degrees_freedom,37.5,week
74C3A10F-F03D-4684-8085-5DB2224261D0,District 11,Nisqually salmon 2023,1,2023-08-14,2023-08-20,33,weekend,Bank,NA,PE,effort,total_effort,951.2258194030074,week
74C3A10F-F03D-4684-8085-5DB2224261D0,District 11,Nisqually salmon 2023,1,2023-08-14,2023-08-20,33,weekend,Boat,NA,PE,effort,number_observations,1,week
74C3A10F-F03D-4684-8085-5DB2224261D0,District 11,Nisqually salmon 2023,1,2023-08-14,2023-08-20,33,weekend,Boat,NA,PE,effort,daily_mean,129.46775925925925,week
74C3A10F-F03D-4684-8085-5DB2224261D0,District 11,Nisqually salmon 2023,1,2023-08-14,2023-08-20,33,weekend,Boat,NA,PE,effort,daily_variance,0,week
74C3A10F-F03D-4684-8085-5DB2224261D0,District 11,Nisqually salmon 2023,1,2023-08-14,2023-08-20,33,weekend,Boat,NA,PE,effort,days_open,1,week
74C3A10F-F03D-4684-8085-5DB2224261D0,District 11,Nisqually salmon 2023,1,2023-08-14,2023-08-20,33,weekend,Boat,NA,PE,effort,degrees_freedom,37.5,week
74C3A10F-F03D-4684-8085-5DB2224261D0,District 11,Nisqually salmon 2023,1,2023-08-14,2023-08-20,33,weekend,Boat,NA,PE,effort,total_effort,129.46775925925925,week
74C3A10F-F03D-4684-8085-5DB2224261D0,District 11,Nisqually salmon 2023,1,2023-08-21,2023-08-27,34,weekday,Bank,NA,PE,effort,number_observations,3,week
74C3A10F-F03D-4684-8085-5DB2224261D0,District 11,Nisqually salmon 2023,1,2023-08-21,2023-08-27,34,weekday,Bank,NA,PE,effort,daily_mean,1110.4257930652072,week
74C3A10F-F03D-4684-8085-5DB2224261D0,District 11,Nisqually salmon 2023,1,2023-08-21,2023-08-27,34,weekday,Bank,NA,PE,effort,daily_variance,64678.05522824825,week
74C3A10F-F03D-4684-8085-5DB2224261D0,District 11,Nisqually salmon 2023,1,2023-08-21,2023-08-27,34,weekday,Bank,NA,PE,effort,days_open,3,week
74C3A10F-F03D-4684-8085-5DB2224261D0,District 11,Nisqually salmon 2023,1,2023-08-21,2023-08-27,34,weekday,Bank,NA,PE,effort,degrees_freedom,37.5,week
74C3A10F-F03D-4684-8085-5DB2224261D0,District 11,Nisqually salmon 2023,1,2023-08-21,2023-08-27,34,weekday,Bank,NA,PE,effort,total_effort,3331.2773791956215,week
74C3A10F-F03D-4684-8085-5DB2224261D0,District 11,Nisqually salmon 2023,1,2023-08-21,2023-08-27,34,weekday,Boat,NA,PE,effort,number_observations,3,week
74C3A10F-F03D-4684-8085-5DB2224261D0,District 11,Nisqually salmon 2023,1,2023-08-21,2023-08-27,34,weekday,Boat,NA,PE,effort,daily_mean,65.55646913580246,week
74C3A10F-F03D-4684-8085-5DB2224261D0,District 11,Nisqually salmon 2023,1,2023-08-21,2023-08-27,34,weekday,Boat,NA,PE,effort,daily_variance,837.4766661746687,week
74C3A10F-F03D-4684-8085-5DB2224261D0,District 11,Nisqually salmon 2023,1,2023-08-21,2023-08-27,34,weekday,Boat,NA,PE,effort,days_open,3,week
74C3A10F-F03D-4684-8085-5DB2224261D0,District 11,Nisqually salmon 2023,1,2023-08-21,2023-08-27,34,weekday,Boat,NA,PE,effort,degrees_freedom,37.5,week
74C3A10F-F03D-4684-8085-5DB2224261D0,District 11,Nisqually salmon 2023,1,2023-08-21,2023-08-27,34,weekday,Boat,NA,PE,effort,total_effort,196.6694074074074,week
74C3A10F-F03D-4684-8085-5DB2224261D0,District 11,Nisqually salmon 2023,1,2023-08-21,2023-08-27,34,weekend,Bank,NA,PE,effort,number_observations,1,week
74C3A10F-F03D-4684-8085-5DB2224261D0,District 11,Nisqually salmon 2023,1,2023-08-21,2023-08-27,34,weekend,Bank,NA,PE,effort,daily_mean,1309.6326781992934,week
74C3A10F-F03D-4684-8085-5DB2224261D0,District 11,Nisqually salmon 2023,1,2023-08-21,2023-08-27,34,weekend,Bank,NA,PE,effort,daily_variance,0,week
74C3A10F-F03D-4684-8085-5DB2224261D0,District 11,Nisqually salmon 2023,1,2023-08-21,2023-08-27,34,weekend,Bank,NA,PE,effort,days_open,1,week
74C3A10F-F03D-4684-8085-5DB2224261D0,District 11,Nisqually salmon 2023,1,2023-08-21,2023-08-27,34,weekend,Bank,NA,PE,effort,degrees_freedom,37.5,week
74C3A10F-F03D-4684-8085-5DB2224261D0,District 11,Nisqually salmon 2023,1,2023-08-21,2023-08-27,34,weekend,Bank,NA,PE,effort,total_effort,1309.6326781992934,week
74C3A10F-F03D-4684-8085-5DB2224261D0,District 11,Nisqually salmon 2023,1,2023-08-21,2023-08-27,34,weekend,Boat,NA,PE,effort,number_observations,1,week
74C3A10F-F03D-4684-8085-5DB2224261D0,District 11,Nisqually salmon 2023,1,2023-08-21,2023-08-27,34,weekend,Boat,NA,PE,effort,daily_mean,184.0471111111111,week
74C3A10F-F03D-4684-8085-5DB2224261D0,District 11,Nisqually salmon 2023,1,2023-08-21,2023-08-27,34,weekend,Boat,NA,PE,effort,daily_variance,0,week
74C3A10F-F03D-4684-8085-5DB2224261D0,District 11,Nisqually salmon 2023,1,2023-08-21,2023-08-27,34,weekend,Boat,NA,PE,effort,days_open,1,week
74C3A10F-F03D-4684-8085-5DB2224261D0,District 11,Nisqually salmon 2023,1,2023-08-21,2023-08-27,34,weekend,Boat,NA,PE,effort,degrees_freedom,37.5,week
74C3A10F-F03D-4684-8085-5DB2224261D0,District 11,Nisqually salmon 2023,1,2023-08-21,2023-08-27,34,weekend,Boat,NA,PE,effort,total_effort,184.0471111111111,week
74C3A10F-F03D-4684-8085-5DB2224261D0,District 11,Nisqually salmon 2023,1,2023-08-28,2023-09-03,35,weekday,Bank,NA,PE,effort,number_observations,2,week
74C3A10F-F03D-4684-8085-5DB2224261D0,District 11,Nisqually salmon 2023,1,2023-08-28,2023-09-03,35,weekday,Bank,NA,PE,effort,daily_mean,1656.0187711123065,week
74C3A10F-F03D-4684-8085-5DB2224261D0,District 11,Nisqually salmon 2023,1,2023-08-28,2023-09-03,35,weekday,Bank,NA,PE,effort,daily_variance,71538.85312248823,week
74C3A10F-F03D-4684-8085-5DB2224261D0,District 11,Nisqually salmon 2023,1,2023-08-28,2023-09-03,35,weekday,Bank,NA,PE,effort,days_open,2,week
74C3A10F-F03D-4684-8085-5DB2224261D0,District 11,Nisqually salmon 2023,1,2023-08-28,2023-09-03,35,weekday,Bank,NA,PE,effort,degrees_freedom,37.5,week
74C3A10F-F03D-4684-8085-5DB2224261D0,District 11,Nisqually salmon 2023,1,2023-08-28,2023-09-03,35,weekday,Bank,NA,PE,effort,total_effort,3312.037542224613,week
74C3A10F-F03D-4684-8085-5DB2224261D0,District 11,Nisqually salmon 2023,1,2023-08-28,2023-09-03,35,weekday,Boat,NA,PE,effort,number_observations,2,week
74C3A10F-F03D-4684-8085-5DB2224261D0,District 11,Nisqually salmon 2023,1,2023-08-28,2023-09-03,35,weekday,Boat,NA,PE,effort,daily_mean,186.31738888888887,week
74C3A10F-F03D-4684-8085-5DB2224261D0,District 11,Nisqually salmon 2023,1,2023-08-28,2023-09-03,35,weekday,Boat,NA,PE,effort,daily_variance,10613.753942716732,week
74C3A10F-F03D-4684-8085-5DB2224261D0,District 11,Nisqually salmon 2023,1,2023-08-28,2023-09-03,35,weekday,Boat,NA,PE,effort,days_open,2,week
74C3A10F-F03D-4684-8085-5DB2224261D0,District 11,Nisqually salmon 2023,1,2023-08-28,2023-09-03,35,weekday,Boat,NA,PE,effort,degrees_freedom,37.5,week
74C3A10F-F03D-4684-8085-5DB2224261D0,District 11,Nisqually salmon 2023,1,2023-08-28,2023-09-03,35,weekday,Boat,NA,PE,effort,total_effort,372.63477777777774,week
74C3A10F-F03D-4684-8085-5DB2224261D0,District 11,Nisqually salmon 2023,1,2023-08-28,2023-09-03,35,weekend,Bank,NA,PE,effort,number_observations,1,week
74C3A10F-F03D-4684-8085-5DB2224261D0,District 11,Nisqually salmon 2023,1,2023-08-28,2023-09-03,35,weekend,Bank,NA,PE,effort,daily_mean,1869.3151535643838,week
74C3A10F-F03D-4684-8085-5DB2224261D0,District 11,Nisqually salmon 2023,1,2023-08-28,2023-09-03,35,weekend,Bank,NA,PE,effort,daily_variance,0,week
74C3A10F-F03D-4684-8085-5DB2224261D0,District 11,Nisqually salmon 2023,1,2023-08-28,2023-09-03,35,weekend,Bank,NA,PE,effort,days_open,1,week
74C3A10F-F03D-4684-8085-5DB2224261D0,District 11,Nisqually salmon 2023,1,2023-08-28,2023-09-03,35,weekend,Bank,NA,PE,effort,degrees_freedom,37.5,week
74C3A10F-F03D-4684-8085-5DB2224261D0,District 11,Nisqually salmon 2023,1,2023-08-28,2023-09-03,35,weekend,Bank,NA,PE,effort,total_effort,1869.3151535643838,week
74C3A10F-F03D-4684-8085-5DB2224261D0,District 11,Nisqually salmon 2023,1,2023-08-28,2023-09-03,35,weekend,Boat,NA,PE,effort,number_observations,1,week
74C3A10F-F03D-4684-8085-5DB2224261D0,District 11,Nisqually salmon 2023,1,2023-08-28,2023-09-03,35,weekend,Boat,NA,PE,effort,daily_mean,56.14277777777777,week
74C3A10F-F03D-4684-8085-5DB2224261D0,District 11,Nisqually salmon 2023,1,2023-08-28,2023-09-03,35,weekend,Boat,NA,PE,effort,daily_variance,0,week
74C3A10F-F03D-4684-8085-5DB2224261D0,District 11,Nisqually salmon 2023,1,2023-08-28,2023-09-03,35,weekend,Boat,NA,PE,effort,days_open,1,week
74C3A10F-F03D-4684-8085-5DB2224261D0,District 11,Nisqually salmon 2023,1,2023-08-28,2023-09-03,35,weekend,Boat,NA,PE,effort,degrees_freedom,37.5,week
74C3A10F-F03D-4684-8085-5DB2224261D0,District 11,Nisqually salmon 2023,1,2023-08-28,2023-09-03,35,weekend,Boat,NA,PE,effort,total_effort,56.14277777777777,week
74C3A10F-F03D-4684-8085-5DB2224261D0,District 11,Nisqually salmon 2023,1,2023-09-04,2023-09-10,36,weekday,Bank,NA,PE,effort,number_observations,2,week
74C3A10F-F03D-4684-8085-5DB2224261D0,District 11,Nisqually salmon 2023,1,2023-09-04,2023-09-10,36,weekday,Bank,NA,PE,effort,daily_mean,1465.9029084052304,week
74C3A10F-F03D-4684-8085-5DB2224261D0,District 11,Nisqually salmon 2023,1,2023-09-04,2023-09-10,36,weekday,Bank,NA,PE,effort,daily_variance,35233.11697611586,week
74C3A10F-F03D-4684-8085-5DB2224261D0,District 11,Nisqually salmon 2023,1,2023-09-04,2023-09-10,36,weekday,Bank,NA,PE,effort,days_open,4,week
74C3A10F-F03D-4684-8085-5DB2224261D0,District 11,Nisqually salmon 2023,1,2023-09-04,2023-09-10,36,weekday,Bank,NA,PE,effort,degrees_freedom,37.5,week
74C3A10F-F03D-4684-8085-5DB2224261D0,District 11,Nisqually salmon 2023,1,2023-09-04,2023-09-10,36,weekday,Bank,NA,PE,effort,total_effort,5863.611633620922,week
74C3A10F-F03D-4684-8085-5DB2224261D0,District 11,Nisqually salmon 2023,1,2023-09-04,2023-09-10,36,weekday,Boat,NA,PE,effort,number_observations,2,week
74C3A10F-F03D-4684-8085-5DB2224261D0,District 11,Nisqually salmon 2023,1,2023-09-04,2023-09-10,36,weekday,Boat,NA,PE,effort,daily_mean,203.63587037037036,week
74C3A10F-F03D-4684-8085-5DB2224261D0,District 11,Nisqually salmon 2023,1,2023-09-04,2023-09-10,36,weekday,Boat,NA,PE,effort,daily_variance,521.2658429965708,week
74C3A10F-F03D-4684-8085-5DB2224261D0,District 11,Nisqually salmon 2023,1,2023-09-04,2023-09-10,36,weekday,Boat,NA,PE,effort,days_open,4,week
74C3A10F-F03D-4684-8085-5DB2224261D0,District 11,Nisqually salmon 2023,1,2023-09-04,2023-09-10,36,weekday,Boat,NA,PE,effort,degrees_freedom,37.5,week
74C3A10F-F03D-4684-8085-5DB2224261D0,District 11,Nisqually salmon 2023,1,2023-09-04,2023-09-10,36,weekday,Boat,NA,PE,effort,total_effort,814.5434814814814,week
74C3A10F-F03D-4684-8085-5DB2224261D0,District 11,Nisqually salmon 2023,1,2023-09-04,2023-09-10,36,weekend,Bank,NA,PE,effort,number_observations,1,week
74C3A10F-F03D-4684-8085-5DB2224261D0,District 11,Nisqually salmon 2023,1,2023-09-04,2023-09-10,36,weekend,Bank,NA,PE,effort,daily_mean,2381.1599644241396,week
74C3A10F-F03D-4684-8085-5DB2224261D0,District 11,Nisqually salmon 2023,1,2023-09-04,2023-09-10,36,weekend,Bank,NA,PE,effort,daily_variance,0,week
74C3A10F-F03D-4684-8085-5DB2224261D0,District 11,Nisqually salmon 2023,1,2023-09-04,2023-09-10,36,weekend,Bank,NA,PE,effort,days_open,1,week
74C3A10F-F03D-4684-8085-5DB2224261D0,District 11,Nisqually salmon 2023,1,2023-09-04,2023-09-10,36,weekend,Bank,NA,PE,effort,degrees_freedom,37.5,week
74C3A10F-F03D-4684-8085-5DB2224261D0,District 11,Nisqually salmon 2023,1,2023-09-04,2023-09-10,36,weekend,Bank,NA,PE,effort,total_effort,2381.1599644241396,week
74C3A10F-F03D-4684-8085-5DB2224261D0,District 11,Nisqually salmon 2023,1,2023-09-04,2023-09-10,36,weekend,Boat,NA,PE,effort,number_observations,1,week
74C3A10F-F03D-4684-8085-5DB2224261D0,District 11,Nisqually salmon 2023,1,2023-09-04,2023-09-10,36,weekend,Boat,NA,PE,effort,daily_mean,262.768,week
74C3A10F-F03D-4684-8085-5DB2224261D0,District 11,Nisqually salmon 2023,1,2023-09-04,2023-09-10,36,weekend,Boat,NA,PE,effort,daily_variance,0,week
74C3A10F-F03D-4684-8085-5DB2224261D0,District 11,Nisqually salmon 2023,1,2023-09-04,2023-09-10,36,weekend,Boat,NA,PE,effort,days_open,1,week
74C3A10F-F03D-4684-8085-5DB2224261D0,District 11,Nisqually salmon 2023,1,2023-09-04,2023-09-10,36,weekend,Boat,NA,PE,effort,degrees_freedom,37.5,week
74C3A10F-F03D-4684-8085-5DB2224261D0,District 11,Nisqually salmon 2023,1,2023-09-04,2023-09-10,36,weekend,Boat,NA,PE,effort,total_effort,262.768,week
74C3A10F-F03D-4684-8085-5DB2224261D0,District 11,Nisqually salmon 2023,1,2023-09-11,2023-09-17,37,weekday,Bank,NA,PE,effort,number_observations,3,week
74C3A10F-F03D-4684-8085-5DB2224261D0,District 11,Nisqually salmon 2023,1,2023-09-11,2023-09-17,37,weekday,Bank,NA,PE,effort,daily_mean,1525.800130192444,week
74C3A10F-F03D-4684-8085-5DB2224261D0,District 11,Nisqually salmon 2023,1,2023-09-11,2023-09-17,37,weekday,Bank,NA,PE,effort,daily_variance,4996.454714820114,week
74C3A10F-F03D-4684-8085-5DB2224261D0,District 11,Nisqually salmon 2023,1,2023-09-11,2023-09-17,37,weekday,Bank,NA,PE,effort,days_open,4,week
74C3A10F-F03D-4684-8085-5DB2224261D0,District 11,Nisqually salmon 2023,1,2023-09-11,2023-09-17,37,weekday,Bank,NA,PE,effort,degrees_freedom,37.5,week
74C3A10F-F03D-4684-8085-5DB2224261D0,District 11,Nisqually salmon 2023,1,2023-09-11,2023-09-17,37,weekday,Bank,NA,PE,effort,total_effort,6103.200520769776,week
74C3A10F-F03D-4684-8085-5DB2224261D0,District 11,Nisqually salmon 2023,1,2023-09-11,2023-09-17,37,weekday,Boat,NA,PE,effort,number_observations,3,week
74C3A10F-F03D-4684-8085-5DB2224261D0,District 11,Nisqually salmon 2023,1,2023-09-11,2023-09-17,37,weekday,Boat,NA,PE,effort,daily_mean,71.65685185185184,week
74C3A10F-F03D-4684-8085-5DB2224261D0,District 11,Nisqually salmon 2023,1,2023-09-11,2023-09-17,37,weekday,Boat,NA,PE,effort,daily_variance,484.1476712880659,week
74C3A10F-F03D-4684-8085-5DB2224261D0,District 11,Nisqually salmon 2023,1,2023-09-11,2023-09-17,37,weekday,Boat,NA,PE,effort,days_open,4,week
74C3A10F-F03D-4684-8085-5DB2224261D0,District 11,Nisqually salmon 2023,1,2023-09-11,2023-09-17,37,weekday,Boat,NA,PE,effort,degrees_freedom,37.5,week
74C3A10F-F03D-4684-8085-5DB2224261D0,District 11,Nisqually salmon 2023,1,2023-09-11,2023-09-17,37,weekday,Boat,NA,PE,effort,total_effort,286.62740740740736,week
74C3A10F-F03D-4684-8085-5DB2224261D0,District 11,Nisqually salmon 2023,1,2023-09-11,2023-09-17,37,weekend,Bank,NA,PE,effort,number_observations,1,week
74C3A10F-F03D-4684-8085-5DB2224261D0,District 11,Nisqually salmon 2023,1,2023-09-11,2023-09-17,37,weekend,Bank,NA,PE,effort,daily_mean,2173.0355428025455,week
74C3A10F-F03D-4684-8085-5DB2224261D0,District 11,Nisqually salmon 2023,1,2023-09-11,2023-09-17,37,weekend,Bank,NA,PE,effort,daily_variance,0,week
74C3A10F-F03D-4684-8085-5DB2224261D0,District 11,Nisqually salmon 2023,1,2023-09-11,2023-09-17,37,weekend,Bank,NA,PE,effort,days_open,1,week
74C3A10F-F03D-4684-8085-5DB2224261D0,District 11,Nisqually salmon 2023,1,2023-09-11,2023-09-17,37,weekend,Bank,NA,PE,effort,degrees_freedom,37.5,week
74C3A10F-F03D-4684-8085-5DB2224261D0,District 11,Nisqually salmon 2023,1,2023-09-11,2023-09-17,37,weekend,Bank,NA,PE,effort,total_effort,2173.0355428025455,week
74C3A10F-F03D-4684-8085-5DB2224261D0,District 11,Nisqually salmon 2023,1,2023-09-11,2023-09-17,37,weekend,Boat,NA,PE,effort,number_observations,1,week
74C3A10F-F03D-4684-8085-5DB2224261D0,District 11,Nisqually salmon 2023,1,2023-09-11,2023-09-17,37,weekend,Boat,NA,PE,effort,daily_mean,159.97972222222222,week
74C3A10F-F03D-4684-8085-5DB2224261D0,District 11,Nisqually salmon 2023,1,2023-09-11,2023-09-17,37,weekend,Boat,NA,PE,effort,daily_variance,0,week
74C3A10F-F03D-4684-8085-5DB2224261D0,District 11,Nisqually salmon 2023,1,2023-09-11,2023-09-17,37,weekend,Boat,NA,PE,effort,days_open,1,week
74C3A10F-F03D-4684-8085-5DB2224261D0,District 11,Nisqually salmon 2023,1,2023-09-11,2023-09-17,37,weekend,Boat,NA,PE,effort,degrees_freedom,37.5,week
74C3A10F-F03D-4684-8085-5DB2224261D0,District 11,Nisqually salmon 2023,1,2023-09-11,2023-09-17,37,weekend,Boat,NA,PE,effort,total_effort,159.97972222222222,week
74C3A10F-F03D-4684-8085-5DB2224261D0,District 11,Nisqually salmon 2023,1,2023-09-18,2023-09-24,38,weekday,Bank,NA,PE,effort,number_observations,3,week
74C3A10F-F03D-4684-8085-5DB2224261D0,District 11,Nisqually salmon 2023,1,2023-09-18,2023-09-24,38,weekday,Bank,NA,PE,effort,daily_mean,1304.4475637999835,week
74C3A10F-F03D-4684-8085-5DB2224261D0,District 11,Nisqually salmon 2023,1,2023-09-18,2023-09-24,38,weekday,Bank,NA,PE,effort,daily_variance,34526.65138898324,week
74C3A10F-F03D-4684-8085-5DB2224261D0,District 11,Nisqually salmon 2023,1,2023-09-18,2023-09-24,38,weekday,Bank,NA,PE,effort,days_open,4,week
74C3A10F-F03D-4684-8085-5DB2224261D0,District 11,Nisqually salmon 2023,1,2023-09-18,2023-09-24,38,weekday,Bank,NA,PE,effort,degrees_freedom,37.5,week
74C3A10F-F03D-4684-8085-5DB2224261D0,District 11,Nisqually salmon 2023,1,2023-09-18,2023-09-24,38,weekday,Bank,NA,PE,effort,total_effort,5217.790255199934,week
74C3A10F-F03D-4684-8085-5DB2224261D0,District 11,Nisqually salmon 2023,1,2023-09-18,2023-09-24,38,weekday,Boat,NA,PE,effort,number_observations,3,week
74C3A10F-F03D-4684-8085-5DB2224261D0,District 11,Nisqually salmon 2023,1,2023-09-18,2023-09-24,38,weekday,Boat,NA,PE,effort,daily_mean,69.81197530864196,week
74C3A10F-F03D-4684-8085-5DB2224261D0,District 11,Nisqually salmon 2023,1,2023-09-18,2023-09-24,38,weekday,Boat,NA,PE,effort,daily_variance,32.23081549256975,week
74C3A10F-F03D-4684-8085-5DB2224261D0,District 11,Nisqually salmon 2023,1,2023-09-18,2023-09-24,38,weekday,Boat,NA,PE,effort,days_open,4,week
74C3A10F-F03D-4684-8085-5DB2224261D0,District 11,Nisqually salmon 2023,1,2023-09-18,2023-09-24,38,weekday,Boat,NA,PE,effort,degrees_freedom,37.5,week
74C3A10F-F03D-4684-8085-5DB2224261D0,District 11,Nisqually salmon 2023,1,2023-09-18,2023-09-24,38,weekday,Boat,NA,PE,effort,total_effort,279.24790123456785,week
74C3A10F-F03D-4684-8085-5DB2224261D0,District 11,Nisqually salmon 2023,1,2023-09-18,2023-09-24,38,weekend,Bank,NA,PE,effort,number_observations,1,week
74C3A10F-F03D-4684-8085-5DB2224261D0,District 11,Nisqually salmon 2023,1,2023-09-18,2023-09-24,38,weekend,Bank,NA,PE,effort,daily_mean,1345.7867187314523,week
74C3A10F-F03D-4684-8085-5DB2224261D0,District 11,Nisqually salmon 2023,1,2023-09-18,2023-09-24,38,weekend,Bank,NA,PE,effort,daily_variance,0,week
74C3A10F-F03D-4684-8085-5DB2224261D0,District 11,Nisqually salmon 2023,1,2023-09-18,2023-09-24,38,weekend,Bank,NA,PE,effort,days_open,1,week
74C3A10F-F03D-4684-8085-5DB2224261D0,District 11,Nisqually salmon 2023,1,2023-09-18,2023-09-24,38,weekend,Bank,NA,PE,effort,degrees_freedom,37.5,week
74C3A10F-F03D-4684-8085-5DB2224261D0,District 11,Nisqually salmon 2023,1,2023-09-18,2023-09-24,38,weekend,Bank,NA,PE,effort,total_effort,1345.7867187314523,week
74C3A10F-F03D-4684-8085-5DB2224261D0,District 11,Nisqually salmon 2023,1,2023-09-18,2023-09-24,38,weekend,Boat,NA,PE,effort,number_observations,1,week
74C3A10F-F03D-4684-8085-5DB2224261D0,District 11,Nisqually salmon 2023,1,2023-09-18,2023-09-24,38,weekend,Boat,NA,PE,effort,daily_mean,155.70194444444445,week
74C3A10F-F03D-4684-8085-5DB2224261D0,District 11,Nisqually salmon 2023,1,2023-09-18,2023-09-24,38,weekend,Boat,NA,PE,effort,daily_variance,0,week
74C3A10F-F03D-4684-8085-5DB2224261D0,District 11,Nisqually salmon 2023,1,2023-09-18,2023-09-24,38,weekend,Boat,NA,PE,effort,days_open,1,week
74C3A10F-F03D-4684-8085-5DB2224261D0,District 11,Nisqually salmon 2023,1,2023-09-18,2023-09-24,38,weekend,Boat,NA,PE,effort,degrees_freedom,37.5,week
74C3A10F-F03D-4684-8085-5DB2224261D0,District 11,Nisqually salmon 2023,1,2023-09-18,2023-09-24,38,weekend,Boat,NA,PE,effort,total_effort,155.70194444444445,week
74C3A10F-F03D-4684-8085-5DB2224261D0,District 11,Nisqually salmon 2023,1,2023-09-25,2023-10-01,39,weekday,Bank,NA,PE,effort,number_observations,3,week
74C3A10F-F03D-4684-8085-5DB2224261D0,District 11,Nisqually salmon 2023,1,2023-09-25,2023-10-01,39,weekday,Bank,NA,PE,effort,daily_mean,1100.8138764442813,week
74C3A10F-F03D-4684-8085-5DB2224261D0,District 11,Nisqually salmon 2023,1,2023-09-25,2023-10-01,39,weekday,Bank,NA,PE,effort,daily_variance,13546.38312201007,week
74C3A10F-F03D-4684-8085-5DB2224261D0,District 11,Nisqually salmon 2023,1,2023-09-25,2023-10-01,39,weekday,Bank,NA,PE,effort,days_open,4,week
74C3A10F-F03D-4684-8085-5DB2224261D0,District 11,Nisqually salmon 2023,1,2023-09-25,2023-10-01,39,weekday,Bank,NA,PE,effort,degrees_freedom,37.5,week
74C3A10F-F03D-4684-8085-5DB2224261D0,District 11,Nisqually salmon 2023,1,2023-09-25,2023-10-01,39,weekday,Bank,NA,PE,effort,total_effort,4403.255505777125,week
74C3A10F-F03D-4684-8085-5DB2224261D0,District 11,Nisqually salmon 2023,1,2023-09-25,2023-10-01,39,weekday,Boat,NA,PE,effort,number_observations,3,week
74C3A10F-F03D-4684-8085-5DB2224261D0,District 11,Nisqually salmon 2023,1,2023-09-25,2023-10-01,39,weekday,Boat,NA,PE,effort,daily_mean,27.136049382716045,week
74C3A10F-F03D-4684-8085-5DB2224261D0,District 11,Nisqually salmon 2023,1,2023-09-25,2023-10-01,39,weekday,Boat,NA,PE,effort,daily_variance,134.7783991883859,week
74C3A10F-F03D-4684-8085-5DB2224261D0,District 11,Nisqually salmon 2023,1,2023-09-25,2023-10-01,39,weekday,Boat,NA,PE,effort,days_open,4,week
74C3A10F-F03D-4684-8085-5DB2224261D0,District 11,Nisqually salmon 2023,1,2023-09-25,2023-10-01,39,weekday,Boat,NA,PE,effort,degrees_freedom,37.5,week
74C3A10F-F03D-4684-8085-5DB2224261D0,District 11,Nisqually salmon 2023,1,2023-09-25,2023-10-01,39,weekday,Boat,NA,PE,effort,total_effort,108.54419753086418,week
74C3A10F-F03D-4684-8085-5DB2224261D0,District 11,Nisqually salmon 2023,1,2023-09-25,2023-10-01,39,weekend,Bank,NA,PE,effort,number_observations,1,week
74C3A10F-F03D-4684-8085-5DB2224261D0,District 11,Nisqually salmon 2023,1,2023-09-25,2023-10-01,39,weekend,Bank,NA,PE,effort,daily_mean,1404.4444523941554,week
74C3A10F-F03D-4684-8085-5DB2224261D0,District 11,Nisqually salmon 2023,1,2023-09-25,2023-10-01,39,weekend,Bank,NA,PE,effort,daily_variance,0,week
74C3A10F-F03D-4684-8085-5DB2224261D0,District 11,Nisqually salmon 2023,1,2023-09-25,2023-10-01,39,weekend,Bank,NA,PE,effort,days_open,1,week
74C3A10F-F03D-4684-8085-5DB2224261D0,District 11,Nisqually salmon 2023,1,2023-09-25,2023-10-01,39,weekend,Bank,NA,PE,effort,degrees_freedom,37.5,week
74C3A10F-F03D-4684-8085-5DB2224261D0,District 11,Nisqually salmon 2023,1,2023-09-25,2023-10-01,39,weekend,Bank,NA,PE,effort,total_effort,1404.4444523941554,week
74C3A10F-F03D-4684-8085-5DB2224261D0,District 11,Nisqually salmon 2023,1,2023-09-25,2023-10-01,39,weekend,Boat,NA,PE,effort,number_observations,1,week
74C3A10F-F03D-4684-8085-5DB2224261D0,District 11,Nisqually salmon 2023,1,2023-09-25,2023-10-01,39,weekend,Boat,NA,PE,effort,daily_mean,151.415,week
74C3A10F-F03D-4684-8085-5DB2224261D0,District 11,Nisqually salmon 2023,1,2023-09-25,2023-10-01,39,weekend,Boat,NA,PE,effort,daily_variance,0,week
74C3A10F-F03D-4684-8085-5DB2224261D0,District 11,Nisqually salmon 2023,1,2023-09-25,2023-10-01,39,weekend,Boat,NA,PE,effort,days_open,1,week
74C3A10F-F03D-4684-8085-5DB2224261D0,District 11,Nisqually salmon 2023,1,2023-09-25,2023-10-01,39,weekend,Boat,NA,PE,effort,degrees_freedom,37.5,week
74C3A10F-F03D-4684-8085-5DB2224261D0,District 11,Nisqually salmon 2023,1,2023-09-25,2023-10-01,39,weekend,Boat,NA,PE,effort,total_effort,151.415,week
74C3A10F-F03D-4684-8085-5DB2224261D0,District 11,Nisqually salmon 2023,1,2023-10-02,2023-10-08,40,weekday,Bank,NA,PE,effort,number_observations,3,week
74C3A10F-F03D-4684-8085-5DB2224261D0,District 11,Nisqually salmon 2023,1,2023-10-02,2023-10-08,40,weekday,Bank,NA,PE,effort,daily_mean,586.875774202471,week
74C3A10F-F03D-4684-8085-5DB2224261D0,District 11,Nisqually salmon 2023,1,2023-10-02,2023-10-08,40,weekday,Bank,NA,PE,effort,daily_variance,3128.6536992743536,week
74C3A10F-F03D-4684-8085-5DB2224261D0,District 11,Nisqually salmon 2023,1,2023-10-02,2023-10-08,40,weekday,Bank,NA,PE,effort,days_open,4,week
74C3A10F-F03D-4684-8085-5DB2224261D0,District 11,Nisqually salmon 2023,1,2023-10-02,2023-10-08,40,weekday,Bank,NA,PE,effort,degrees_freedom,37.5,week
74C3A10F-F03D-4684-8085-5DB2224261D0,District 11,Nisqually salmon 2023,1,2023-10-02,2023-10-08,40,weekday,Bank,NA,PE,effort,total_effort,2347.503096809884,week
74C3A10F-F03D-4684-8085-5DB2224261D0,District 11,Nisqually salmon 2023,1,2023-10-02,2023-10-08,40,weekday,Boat,NA,PE,effort,number_observations,3,week
74C3A10F-F03D-4684-8085-5DB2224261D0,District 11,Nisqually salmon 2023,1,2023-10-02,2023-10-08,40,weekday,Boat,NA,PE,effort,daily_mean,59.209197530864195,week
74C3A10F-F03D-4684-8085-5DB2224261D0,District 11,Nisqually salmon 2023,1,2023-10-02,2023-10-08,40,weekday,Boat,NA,PE,effort,daily_variance,2723.137284647919,week
74C3A10F-F03D-4684-8085-5DB2224261D0,District 11,Nisqually salmon 2023,1,2023-10-02,2023-10-08,40,weekday,Boat,NA,PE,effort,days_open,4,week
74C3A10F-F03D-4684-8085-5DB2224261D0,District 11,Nisqually salmon 2023,1,2023-10-02,2023-10-08,40,weekday,Boat,NA,PE,effort,degrees_freedom,37.5,week
74C3A10F-F03D-4684-8085-5DB2224261D0,District 11,Nisqually salmon 2023,1,2023-10-02,2023-10-08,40,weekday,Boat,NA,PE,effort,total_effort,236.83679012345678,week
74C3A10F-F03D-4684-8085-5DB2224261D0,District 11,Nisqually salmon 2023,1,2023-10-02,2023-10-08,40,weekend,Bank,NA,PE,effort,number_observations,1,week
74C3A10F-F03D-4684-8085-5DB2224261D0,District 11,Nisqually salmon 2023,1,2023-10-02,2023-10-08,40,weekend,Bank,NA,PE,effort,daily_mean,768.6586780940754,week
74C3A10F-F03D-4684-8085-5DB2224261D0,District 11,Nisqually salmon 2023,1,2023-10-02,2023-10-08,40,weekend,Bank,NA,PE,effort,daily_variance,0,week
74C3A10F-F03D-4684-8085-5DB2224261D0,District 11,Nisqually salmon 2023,1,2023-10-02,2023-10-08,40,weekend,Bank,NA,PE,effort,days_open,1,week
74C3A10F-F03D-4684-8085-5DB2224261D0,District 11,Nisqually salmon 2023,1,2023-10-02,2023-10-08,40,weekend,Bank,NA,PE,effort,degrees_freedom,37.5,week
74C3A10F-F03D-4684-8085-5DB2224261D0,District 11,Nisqually salmon 2023,1,2023-10-02,2023-10-08,40,weekend,Bank,NA,PE,effort,total_effort,768.6586780940754,week
74C3A10F-F03D-4684-8085-5DB2224261D0,District 11,Nisqually salmon 2023,1,2023-10-02,2023-10-08,40,weekend,Boat,NA,PE,effort,number_observations,1,week
74C3A10F-F03D-4684-8085-5DB2224261D0,District 11,Nisqually salmon 2023,1,2023-10-02,2023-10-08,40,weekend,Boat,NA,PE,effort,daily_mean,98.09759259259259,week
74C3A10F-F03D-4684-8085-5DB2224261D0,District 11,Nisqually salmon 2023,1,2023-10-02,2023-10-08,40,weekend,Boat,NA,PE,effort,daily_variance,0,week
74C3A10F-F03D-4684-8085-5DB2224261D0,District 11,Nisqually salmon 2023,1,2023-10-02,2023-10-08,40,weekend,Boat,NA,PE,effort,days_open,1,week
74C3A10F-F03D-4684-8085-5DB2224261D0,District 11,Nisqually salmon 2023,1,2023-10-02,2023-10-08,40,weekend,Boat,NA,PE,effort,degrees_freedom,37.5,week
74C3A10F-F03D-4684-8085-5DB2224261D0,District 11,Nisqually salmon 2023,1,2023-10-02,2023-10-08,40,weekend,Boat,NA,PE,effort,total_effort,98.09759259259259,week
74C3A10F-F03D-4684-8085-5DB2224261D0,District 11,Nisqually salmon 2023,1,2023-10-09,2023-10-15,41,weekday,Bank,NA,PE,effort,number_observations,3,week
74C3A10F-F03D-4684-8085-5DB2224261D0,District 11,Nisqually salmon 2023,1,2023-10-09,2023-10-15,41,weekday,Bank,NA,PE,effort,daily_mean,199.29584405785516,week
74C3A10F-F03D-4684-8085-5DB2224261D0,District 11,Nisqually salmon 2023,1,2023-10-09,2023-10-15,41,weekday,Bank,NA,PE,effort,daily_variance,252.6430890737337,week
74C3A10F-F03D-4684-8085-5DB2224261D0,District 11,Nisqually salmon 2023,1,2023-10-09,2023-10-15,41,weekday,Bank,NA,PE,effort,days_open,4,week
74C3A10F-F03D-4684-8085-5DB2224261D0,District 11,Nisqually salmon 2023,1,2023-10-09,2023-10-15,41,weekday,Bank,NA,PE,effort,degrees_freedom,37.5,week
74C3A10F-F03D-4684-8085-5DB2224261D0,District 11,Nisqually salmon 2023,1,2023-10-09,2023-10-15,41,weekday,Bank,NA,PE,effort,total_effort,797.1833762314207,week
74C3A10F-F03D-4684-8085-5DB2224261D0,District 11,Nisqually salmon 2023,1,2023-10-09,2023-10-15,41,weekday,Boat,NA,PE,effort,number_observations,3,week
74C3A10F-F03D-4684-8085-5DB2224261D0,District 11,Nisqually salmon 2023,1,2023-10-09,2023-10-15,41,weekday,Boat,NA,PE,effort,daily_mean,44.79620987654321,week
74C3A10F-F03D-4684-8085-5DB2224261D0,District 11,Nisqually salmon 2023,1,2023-10-09,2023-10-15,41,weekday,Boat,NA,PE,effort,daily_variance,392.709264831733,week
74C3A10F-F03D-4684-8085-5DB2224261D0,District 11,Nisqually salmon 2023,1,2023-10-09,2023-10-15,41,weekday,Boat,NA,PE,effort,days_open,4,week
74C3A10F-F03D-4684-8085-5DB2224261D0,District 11,Nisqually salmon 2023,1,2023-10-09,2023-10-15,41,weekday,Boat,NA,PE,effort,degrees_freedom,37.5,week
74C3A10F-F03D-4684-8085-5DB2224261D0,District 11,Nisqually salmon 2023,1,2023-10-09,2023-10-15,41,weekday,Boat,NA,PE,effort,total_effort,179.18483950617284,week
74C3A10F-F03D-4684-8085-5DB2224261D0,District 11,Nisqually salmon 2023,1,2023-10-09,2023-10-15,41,weekend,Bank,NA,PE,effort,number_observations,1,week
74C3A10F-F03D-4684-8085-5DB2224261D0,District 11,Nisqually salmon 2023,1,2023-10-09,2023-10-15,41,weekend,Bank,NA,PE,effort,daily_mean,224.59430725157426,week
74C3A10F-F03D-4684-8085-5DB2224261D0,District 11,Nisqually salmon 2023,1,2023-10-09,2023-10-15,41,weekend,Bank,NA,PE,effort,daily_variance,0,week
74C3A10F-F03D-4684-8085-5DB2224261D0,District 11,Nisqually salmon 2023,1,2023-10-09,2023-10-15,41,weekend,Bank,NA,PE,effort,days_open,1,week
74C3A10F-F03D-4684-8085-5DB2224261D0,District 11,Nisqually salmon 2023,1,2023-10-09,2023-10-15,41,weekend,Bank,NA,PE,effort,degrees_freedom,37.5,week
74C3A10F-F03D-4684-8085-5DB2224261D0,District 11,Nisqually salmon 2023,1,2023-10-09,2023-10-15,41,weekend,Bank,NA,PE,effort,total_effort,224.59430725157426,week
74C3A10F-F03D-4684-8085-5DB2224261D0,District 11,Nisqually salmon 2023,1,2023-10-09,2023-10-15,41,weekend,Boat,NA,PE,effort,number_observations,1,week
74C3A10F-F03D-4684-8085-5DB2224261D0,District 11,Nisqually salmon 2023,1,2023-10-09,2023-10-15,41,weekend,Boat,NA,PE,effort,daily_mean,95.27425925925925,week
74C3A10F-F03D-4684-8085-5DB2224261D0,District 11,Nisqually salmon 2023,1,2023-10-09,2023-10-15,41,weekend,Boat,NA,PE,effort,daily_variance,0,week
74C3A10F-F03D-4684-8085-5DB2224261D0,District 11,Nisqually salmon 2023,1,2023-10-09,2023-10-15,41,weekend,Boat,NA,PE,effort,days_open,1,week
74C3A10F-F03D-4684-8085-5DB2224261D0,District 11,Nisqually salmon 2023,1,2023-10-09,2023-10-15,41,weekend,Boat,NA,PE,effort,degrees_freedom,37.5,week
74C3A10F-F03D-4684-8085-5DB2224261D0,District 11,Nisqually salmon 2023,1,2023-10-09,2023-10-15,41,weekend,Boat,NA,PE,effort,total_effort,95.27425925925925,week
74C3A10F-F03D-4684-8085-5DB2224261D0,District 11,Nisqually salmon 2023,1,2023-10-16,2023-10-22,42,weekday,Bank,NA,PE,effort,number_observations,3,week
74C3A10F-F03D-4684-8085-5DB2224261D0,District 11,Nisqually salmon 2023,1,2023-10-16,2023-10-22,42,weekday,Bank,NA,PE,effort,daily_mean,72.34182136494775,week
74C3A10F-F03D-4684-8085-5DB2224261D0,District 11,Nisqually salmon 2023,1,2023-10-16,2023-10-22,42,weekday,Bank,NA,PE,effort,daily_variance,179.93199491903073,week
74C3A10F-F03D-4684-8085-5DB2224261D0,District 11,Nisqually salmon 2023,1,2023-10-16,2023-10-22,42,weekday,Bank,NA,PE,effort,days_open,4,week
74C3A10F-F03D-4684-8085-5DB2224261D0,District 11,Nisqually salmon 2023,1,2023-10-16,2023-10-22,42,weekday,Bank,NA,PE,effort,degrees_freedom,37.5,week
74C3A10F-F03D-4684-8085-5DB2224261D0,District 11,Nisqually salmon 2023,1,2023-10-16,2023-10-22,42,weekday,Bank,NA,PE,effort,total_effort,289.367285459791,week
74C3A10F-F03D-4684-8085-5DB2224261D0,District 11,Nisqually salmon 2023,1,2023-10-16,2023-10-22,42,weekday,Boat,NA,PE,effort,number_observations,3,week
74C3A10F-F03D-4684-8085-5DB2224261D0,District 11,Nisqually salmon 2023,1,2023-10-16,2023-10-22,42,weekday,Boat,NA,PE,effort,daily_mean,6.271901234567902,week
74C3A10F-F03D-4684-8085-5DB2224261D0,District 11,Nisqually salmon 2023,1,2023-10-16,2023-10-22,42,weekday,Boat,NA,PE,effort,daily_variance,118.01023528852309,week
74C3A10F-F03D-4684-8085-5DB2224261D0,District 11,Nisqually salmon 2023,1,2023-10-16,2023-10-22,42,weekday,Boat,NA,PE,effort,days_open,4,week
74C3A10F-F03D-4684-8085-5DB2224261D0,District 11,Nisqually salmon 2023,1,2023-10-16,2023-10-22,42,weekday,Boat,NA,PE,effort,degrees_freedom,37.5,week
74C3A10F-F03D-4684-8085-5DB2224261D0,District 11,Nisqually salmon 2023,1,2023-10-16,2023-10-22,42,weekday,Boat,NA,PE,effort,total_effort,25.087604938271607,week
74C3A10F-F03D-4684-8085-5DB2224261D0,District 11,Nisqually salmon 2023,1,2023-10-16,2023-10-22,42,weekend,Bank,NA,PE,effort,number_observations,1,week
74C3A10F-F03D-4684-8085-5DB2224261D0,District 11,Nisqually salmon 2023,1,2023-10-16,2023-10-22,42,weekend,Bank,NA,PE,effort,daily_mean,65.05133306500618,week
74C3A10F-F03D-4684-8085-5DB2224261D0,District 11,Nisqually salmon 2023,1,2023-10-16,2023-10-22,42,weekend,Bank,NA,PE,effort,daily_variance,0,week
74C3A10F-F03D-4684-8085-5DB2224261D0,District 11,Nisqually salmon 2023,1,2023-10-16,2023-10-22,42,weekend,Bank,NA,PE,effort,days_open,1,week
74C3A10F-F03D-4684-8085-5DB2224261D0,District 11,Nisqually salmon 2023,1,2023-10-16,2023-10-22,42,weekend,Bank,NA,PE,effort,degrees_freedom,37.5,week
74C3A10F-F03D-4684-8085-5DB2224261D0,District 11,Nisqually salmon 2023,1,2023-10-16,2023-10-22,42,weekend,Bank,NA,PE,effort,total_effort,65.05133306500618,week
74C3A10F-F03D-4684-8085-5DB2224261D0,District 11,Nisqually salmon 2023,1,2023-10-16,2023-10-22,42,weekend,Boat,NA,PE,effort,number_observations,1,week
74C3A10F-F03D-4684-8085-5DB2224261D0,District 11,Nisqually salmon 2023,1,2023-10-16,2023-10-22,42,weekend,Boat,NA,PE,effort,daily_mean,18.500370370370373,week
74C3A10F-F03D-4684-8085-5DB2224261D0,District 11,Nisqually salmon 2023,1,2023-10-16,2023-10-22,42,weekend,Boat,NA,PE,effort,daily_variance,0,week
74C3A10F-F03D-4684-8085-5DB2224261D0,District 11,Nisqually salmon 2023,1,2023-10-16,2023-10-22,42,weekend,Boat,NA,PE,effort,days_open,1,week
74C3A10F-F03D-4684-8085-5DB2224261D0,District 11,Nisqually salmon 2023,1,2023-10-16,2023-10-22,42,weekend,Boat,NA,PE,effort,degrees_freedom,37.5,week
74C3A10F-F03D-4684-8085-5DB2224261D0,District 11,Nisqually salmon 2023,1,2023-10-16,2023-10-22,42,weekend,Boat,NA,PE,effort,total_effort,18.500370370370373,week
74C3A10F-F03D-4684-8085-5DB2224261D0,District 11,Nisqually salmon 2023,1,2023-10-23,2023-10-29,43,weekday,Bank,NA,PE,effort,number_observations,3,week
74C3A10F-F03D-4684-8085-5DB2224261D0,District 11,Nisqually salmon 2023,1,2023-10-23,2023-10-29,43,weekday,Bank,NA,PE,effort,daily_mean,23.431120161319104,week
74C3A10F-F03D-4684-8085-5DB2224261D0,District 11,Nisqually salmon 2023,1,2023-10-23,2023-10-29,43,weekday,Bank,NA,PE,effort,daily_variance,97.5247824428896,week
74C3A10F-F03D-4684-8085-5DB2224261D0,District 11,Nisqually salmon 2023,1,2023-10-23,2023-10-29,43,weekday,Bank,NA,PE,effort,days_open,4,week
74C3A10F-F03D-4684-8085-5DB2224261D0,District 11,Nisqually salmon 2023,1,2023-10-23,2023-10-29,43,weekday,Bank,NA,PE,effort,degrees_freedom,37.5,week
74C3A10F-F03D-4684-8085-5DB2224261D0,District 11,Nisqually salmon 2023,1,2023-10-23,2023-10-29,43,weekday,Bank,NA,PE,effort,total_effort,93.72448064527642,week
74C3A10F-F03D-4684-8085-5DB2224261D0,District 11,Nisqually salmon 2023,1,2023-10-23,2023-10-29,43,weekday,Boat,NA,PE,effort,number_observations,3,week
74C3A10F-F03D-4684-8085-5DB2224261D0,District 11,Nisqually salmon 2023,1,2023-10-23,2023-10-29,43,weekday,Boat,NA,PE,effort,daily_mean,0,week
74C3A10F-F03D-4684-8085-5DB2224261D0,District 11,Nisqually salmon 2023,1,2023-10-23,2023-10-29,43,weekday,Boat,NA,PE,effort,daily_variance,0,week
74C3A10F-F03D-4684-8085-5DB2224261D0,District 11,Nisqually salmon 2023,1,2023-10-23,2023-10-29,43,weekday,Boat,NA,PE,effort,days_open,4,week
74C3A10F-F03D-4684-8085-5DB2224261D0,District 11,Nisqually salmon 2023,1,2023-10-23,2023-10-29,43,weekday,Boat,NA,PE,effort,degrees_freedom,37.5,week
74C3A10F-F03D-4684-8085-5DB2224261D0,District 11,Nisqually salmon 2023,1,2023-10-23,2023-10-29,43,weekday,Boat,NA,PE,effort,total_effort,0,week
74C3A10F-F03D-4684-8085-5DB2224261D0,District 11,Nisqually salmon 2023,1,2023-10-23,2023-10-29,43,weekend,Bank,NA,PE,effort,number_observations,1,week
74C3A10F-F03D-4684-8085-5DB2224261D0,District 11,Nisqually salmon 2023,1,2023-10-23,2023-10-29,43,weekend,Bank,NA,PE,effort,daily_mean,12.695334862949364,week
74C3A10F-F03D-4684-8085-5DB2224261D0,District 11,Nisqually salmon 2023,1,2023-10-23,2023-10-29,43,weekend,Bank,NA,PE,effort,daily_variance,0,week
74C3A10F-F03D-4684-8085-5DB2224261D0,District 11,Nisqually salmon 2023,1,2023-10-23,2023-10-29,43,weekend,Bank,NA,PE,effort,days_open,1,week
74C3A10F-F03D-4684-8085-5DB2224261D0,District 11,Nisqually salmon 2023,1,2023-10-23,2023-10-29,43,weekend,Bank,NA,PE,effort,degrees_freedom,37.5,week
74C3A10F-F03D-4684-8085-5DB2224261D0,District 11,Nisqually salmon 2023,1,2023-10-23,2023-10-29,43,weekend,Bank,NA,PE,effort,total_effort,12.695334862949364,week
74C3A10F-F03D-4684-8085-5DB2224261D0,District 11,Nisqually salmon 2023,1,2023-10-23,2023-10-29,43,weekend,Boat,NA,PE,effort,number_observations,1,week
74C3A10F-F03D-4684-8085-5DB2224261D0,District 11,Nisqually salmon 2023,1,2023-10-23,2023-10-29,43,weekend,Boat,NA,PE,effort,daily_mean,17.960962962962963,week
74C3A10F-F03D-4684-8085-5DB2224261D0,District 11,Nisqually salmon 2023,1,2023-10-23,2023-10-29,43,weekend,Boat,NA,PE,effort,daily_variance,0,week
74C3A10F-F03D-4684-8085-5DB2224261D0,District 11,Nisqually salmon 2023,1,2023-10-23,2023-10-29,43,weekend,Boat,NA,PE,effort,days_open,1,week
74C3A10F-F03D-4684-8085-5DB2224261D0,District 11,Nisqually salmon 2023,1,2023-10-23,2023-10-29,43,weekend,Boat,NA,PE,effort,degrees_freedom,37.5,week
74C3A10F-F03D-4684-8085-5DB2224261D0,District 11,Nisqually salmon 2023,1,2023-10-23,2023-10-29,43,weekend,Boat,NA,PE,effort,total_effort,17.960962962962963,week
74C3A10F-F03D-4684-8085-5DB2224261D0,District 11,Nisqually salmon 2023,1,2023-10-30,2023-11-05,44,weekday,Bank,NA,PE,effort,number_observations,3,week
74C3A10F-F03D-4684-8085-5DB2224261D0,District 11,Nisqually salmon 2023,1,2023-10-30,2023-11-05,44,weekday,Bank,NA,PE,effort,daily_mean,34.06644865562836,week
74C3A10F-F03D-4684-8085-5DB2224261D0,District 11,Nisqually salmon 2023,1,2023-10-30,2023-11-05,44,weekday,Bank,NA,PE,effort,daily_variance,207.15470013679496,week
74C3A10F-F03D-4684-8085-5DB2224261D0,District 11,Nisqually salmon 2023,1,2023-10-30,2023-11-05,44,weekday,Bank,NA,PE,effort,days_open,4,week
74C3A10F-F03D-4684-8085-5DB2224261D0,District 11,Nisqually salmon 2023,1,2023-10-30,2023-11-05,44,weekday,Bank,NA,PE,effort,degrees_freedom,37.5,week
74C3A10F-F03D-4684-8085-5DB2224261D0,District 11,Nisqually salmon 2023,1,2023-10-30,2023-11-05,44,weekday,Bank,NA,PE,effort,total_effort,136.26579462251345,week
74C3A10F-F03D-4684-8085-5DB2224261D0,District 11,Nisqually salmon 2023,1,2023-10-30,2023-11-05,44,weekday,Boat,NA,PE,effort,number_observations,3,week
74C3A10F-F03D-4684-8085-5DB2224261D0,District 11,Nisqually salmon 2023,1,2023-10-30,2023-11-05,44,weekday,Boat,NA,PE,effort,daily_mean,0,week
74C3A10F-F03D-4684-8085-5DB2224261D0,District 11,Nisqually salmon 2023,1,2023-10-30,2023-11-05,44,weekday,Boat,NA,PE,effort,daily_variance,0,week
74C3A10F-F03D-4684-8085-5DB2224261D0,District 11,Nisqually salmon 2023,1,2023-10-30,2023-11-05,44,weekday,Boat,NA,PE,effort,days_open,4,week
74C3A10F-F03D-4684-8085-5DB2224261D0,District 11,Nisqually salmon 2023,1,2023-10-30,2023-11-05,44,weekday,Boat,NA,PE,effort,degrees_freedom,37.5,week
74C3A10F-F03D-4684-8085-5DB2224261D0,District 11,Nisqually salmon 2023,1,2023-10-30,2023-11-05,44,weekday,Boat,NA,PE,effort,total_effort,0,week
74C3A10F-F03D-4684-8085-5DB2224261D0,District 11,Nisqually salmon 2023,1,2023-10-30,2023-11-05,44,weekend,Bank,NA,PE,effort,number_observations,1,week
74C3A10F-F03D-4684-8085-5DB2224261D0,District 11,Nisqually salmon 2023,1,2023-10-30,2023-11-05,44,weekend,Bank,NA,PE,effort,daily_mean,9.188573581973573,week
74C3A10F-F03D-4684-8085-5DB2224261D0,District 11,Nisqually salmon 2023,1,2023-10-30,2023-11-05,44,weekend,Bank,NA,PE,effort,daily_variance,0,week
74C3A10F-F03D-4684-8085-5DB2224261D0,District 11,Nisqually salmon 2023,1,2023-10-30,2023-11-05,44,weekend,Bank,NA,PE,effort,days_open,1,week
74C3A10F-F03D-4684-8085-5DB2224261D0,District 11,Nisqually salmon 2023,1,2023-10-30,2023-11-05,44,weekend,Bank,NA,PE,effort,degrees_freedom,37.5,week
74C3A10F-F03D-4684-8085-5DB2224261D0,District 11,Nisqually salmon 2023,1,2023-10-30,2023-11-05,44,weekend,Bank,NA,PE,effort,total_effort,9.188573581973573,week
74C3A10F-F03D-4684-8085-5DB2224261D0,District 11,Nisqually salmon 2023,1,2023-10-30,2023-11-05,44,weekend,Boat,NA,PE,effort,number_observations,1,week
74C3A10F-F03D-4684-8085-5DB2224261D0,District 11,Nisqually salmon 2023,1,2023-10-30,2023-11-05,44,weekend,Boat,NA,PE,effort,daily_mean,0,week
74C3A10F-F03D-4684-8085-5DB2224261D0,District 11,Nisqually salmon 2023,1,2023-10-30,2023-11-05,44,weekend,Boat,NA,PE,effort,daily_variance,0,week
74C3A10F-F03D-4684-8085-5DB2224261D0,District 11,Nisqually salmon 2023,1,2023-10-30,2023-11-05,44,weekend,Boat,NA,PE,effort,days_open,1,week
74C3A10F-F03D-4684-8085-5DB2224261D0,District 11,Nisqually salmon 2023,1,2023-10-30,2023-11-05,44,weekend,Boat,NA,PE,effort,degrees_freedom,37.5,week
74C3A10F-F03D-4684-8085-5DB2224261D0,District 11,Nisqually salmon 2023,1,2023-10-30,2023-11-05,44,weekend,Boat,NA,PE,effort,total_effort,0,week
74C3A10F-F03D-4684-8085-5DB2224261D0,District 11,Nisqually salmon 2023,1,2023-11-06,2023-11-12,45,weekday,Bank,NA,PE,effort,number_observations,3,week
74C3A10F-F03D-4684-8085-5DB2224261D0,District 11,Nisqually salmon 2023,1,2023-11-06,2023-11-12,45,weekday,Bank,NA,PE,effort,daily_mean,11.078056373406957,week
74C3A10F-F03D-4684-8085-5DB2224261D0,District 11,Nisqually salmon 2023,1,2023-11-06,2023-11-12,45,weekday,Bank,NA,PE,effort,daily_variance,112.08068530961995,week
74C3A10F-F03D-4684-8085-5DB2224261D0,District 11,Nisqually salmon 2023,1,2023-11-06,2023-11-12,45,weekday,Bank,NA,PE,effort,days_open,4,week
74C3A10F-F03D-4684-8085-5DB2224261D0,District 11,Nisqually salmon 2023,1,2023-11-06,2023-11-12,45,weekday,Bank,NA,PE,effort,degrees_freedom,37.5,week
74C3A10F-F03D-4684-8085-5DB2224261D0,District 11,Nisqually salmon 2023,1,2023-11-06,2023-11-12,45,weekday,Bank,NA,PE,effort,total_effort,44.31222549362783,week
74C3A10F-F03D-4684-8085-5DB2224261D0,District 11,Nisqually salmon 2023,1,2023-11-06,2023-11-12,45,weekday,Boat,NA,PE,effort,number_observations,3,week
74C3A10F-F03D-4684-8085-5DB2224261D0,District 11,Nisqually salmon 2023,1,2023-11-06,2023-11-12,45,weekday,Boat,NA,PE,effort,daily_mean,2.871814814814815,week
74C3A10F-F03D-4684-8085-5DB2224261D0,District 11,Nisqually salmon 2023,1,2023-11-06,2023-11-12,45,weekday,Boat,NA,PE,effort,daily_variance,24.741960991769545,week
74C3A10F-F03D-4684-8085-5DB2224261D0,District 11,Nisqually salmon 2023,1,2023-11-06,2023-11-12,45,weekday,Boat,NA,PE,effort,days_open,4,week
74C3A10F-F03D-4684-8085-5DB2224261D0,District 11,Nisqually salmon 2023,1,2023-11-06,2023-11-12,45,weekday,Boat,NA,PE,effort,degrees_freedom,37.5,week
74C3A10F-F03D-4684-8085-5DB2224261D0,District 11,Nisqually salmon 2023,1,2023-11-06,2023-11-12,45,weekday,Boat,NA,PE,effort,total_effort,11.48725925925926,week
74C3A10F-F03D-4684-8085-5DB2224261D0,District 11,Nisqually salmon 2023,1,2023-11-06,2023-11-12,45,weekend,Bank,NA,PE,effort,number_observations,0,week
74C3A10F-F03D-4684-8085-5DB2224261D0,District 11,Nisqually salmon 2023,1,2023-11-06,2023-11-12,45,weekend,Bank,NA,PE,effort,daily_variance,0,week
74C3A10F-F03D-4684-8085-5DB2224261D0,District 11,Nisqually salmon 2023,1,2023-11-06,2023-11-12,45,weekend,Bank,NA,PE,effort,days_open,1,week
74C3A10F-F03D-4684-8085-5DB2224261D0,District 11,Nisqually salmon 2023,1,2023-11-06,2023-11-12,45,weekend,Bank,NA,PE,effort,degrees_freedom,37.5,week
74C3A10F-F03D-4684-8085-5DB2224261D0,District 11,Nisqually salmon 2023,1,2023-11-06,2023-11-12,45,weekend,Boat,NA,PE,effort,number_observations,0,week
74C3A10F-F03D-4684-8085-5DB2224261D0,District 11,Nisqually salmon 2023,1,2023-11-06,2023-11-12,45,weekend,Boat,NA,PE,effort,daily_variance,0,week
74C3A10F-F03D-4684-8085-5DB2224261D0,District 11,Nisqually salmon 2023,1,2023-11-06,2023-11-12,45,weekend,Boat,NA,PE,effort,days_open,1,week
74C3A10F-F03D-4684-8085-5DB2224261D0,District 11,Nisqually salmon 2023,1,2023-11-06,2023-11-12,45,weekend,Boat,NA,PE,effort,degrees_freedom,37.5,week
74C3A10F-F03D-4684-8085-5DB2224261D0,District 11,Nisqually salmon 2023,1,2023-11-13,2023-11-15,46,weekday,Bank,NA,PE,effort,number_observations,2,week
74C3A10F-F03D-4684-8085-5DB2224261D0,District 11,Nisqually salmon 2023,1,2023-11-13,2023-11-15,46,weekday,Bank,NA,PE,effort,daily_mean,13.269399618588197,week
74C3A10F-F03D-4684-8085-5DB2224261D0,District 11,Nisqually salmon 2023,1,2023-11-13,2023-11-15,46,weekday,Bank,NA,PE,effort,daily_variance,348.17742088433425,week
74C3A10F-F03D-4684-8085-5DB2224261D0,District 11,Nisqually salmon 2023,1,2023-11-13,2023-11-15,46,weekday,Bank,NA,PE,effort,days_open,2,week
74C3A10F-F03D-4684-8085-5DB2224261D0,District 11,Nisqually salmon 2023,1,2023-11-13,2023-11-15,46,weekday,Bank,NA,PE,effort,degrees_freedom,37.5,week
74C3A10F-F03D-4684-8085-5DB2224261D0,District 11,Nisqually salmon 2023,1,2023-11-13,2023-11-15,46,weekday,Bank,NA,PE,effort,total_effort,26.538799237176395,week
74C3A10F-F03D-4684-8085-5DB2224261D0,District 11,Nisqually salmon 2023,1,2023-11-13,2023-11-15,46,weekday,Boat,NA,PE,effort,number_observations,2,week
74C3A10F-F03D-4684-8085-5DB2224261D0,District 11,Nisqually salmon 2023,1,2023-11-13,2023-11-15,46,weekday,Boat,NA,PE,effort,daily_mean,16.730592592592593,week
74C3A10F-F03D-4684-8085-5DB2224261D0,District 11,Nisqually salmon 2023,1,2023-11-13,2023-11-15,46,weekday,Boat,NA,PE,effort,daily_variance,0.0020196543209876987,week
74C3A10F-F03D-4684-8085-5DB2224261D0,District 11,Nisqually salmon 2023,1,2023-11-13,2023-11-15,46,weekday,Boat,NA,PE,effort,days_open,2,week
74C3A10F-F03D-4684-8085-5DB2224261D0,District 11,Nisqually salmon 2023,1,2023-11-13,2023-11-15,46,weekday,Boat,NA,PE,effort,degrees_freedom,37.5,week
74C3A10F-F03D-4684-8085-5DB2224261D0,District 11,Nisqually salmon 2023,1,2023-11-13,2023-11-15,46,weekday,Boat,NA,PE,effort,total_effort,33.46118518518519,week
