analysis_id,project_name,fishery_name,section_num,min_event_date,max_event_date,period,day_type,angler_final,est_cg,model_type,estimate_category,estimate_type,estimate_value,estimate_time_period
D17D3D9D-3402-4182-B30A-91C97DE82353,CRM - Roving Creel Project,Drano Lake salmon and steelhead 2025,1,2025-07-01,2025-07-06,26,weekday,Boat,Chinook|Coho_Adult|Jack_AD|UM|UNK_Kept,PE,catch,number_observations,1,week
D17D3D9D-3402-4182-B30A-91C97DE82353,CRM - Roving Creel Project,Drano Lake salmon and steelhead 2025,1,2025-07-01,2025-07-06,26,weekday,Boat,Chinook|Coho_Adult|Jack_AD|UM|UNK_Kept,PE,catch,daily_mean,12.26,week
D17D3D9D-3402-4182-B30A-91C97DE82353,CRM - Roving Creel Project,Drano Lake salmon and steelhead 2025,1,2025-07-01,2025-07-06,26,weekday,Boat,Chinook|Coho_Adult|Jack_AD|UM|UNK_Kept,PE,catch,daily_variance,0,week
D17D3D9D-3402-4182-B30A-91C97DE82353,CRM - Roving Creel Project,Drano Lake salmon and steelhead 2025,1,2025-07-01,2025-07-06,26,weekday,Boat,Chinook|Coho_Adult|Jack_AD|UM|UNK_Kept,PE,catch,days_open,3,week
D17D3D9D-3402-4182-B30A-91C97DE82353,CRM - Roving Creel Project,Drano Lake salmon and steelhead 2025,1,2025-07-01,2025-07-06,26,weekday,Boat,Chinook|Coho_Adult|Jack_AD|UM|UNK_Kept,PE,catch,degrees_freedom,23.5,week
D17D3D9D-3402-4182-B30A-91C97DE82353,CRM - Roving Creel Project,Drano Lake salmon and steelhead 2025,1,2025-07-01,2025-07-06,26,weekday,Boat,Chinook|Coho_Adult|Jack_AD|UM|UNK_Kept,PE,catch,total_catch,36.78,week
D17D3D9D-3402-4182-B30A-91C97DE82353,CRM - Roving Creel Project,Drano Lake salmon and steelhead 2025,1,2025-07-07,2025-07-13,27,weekend,Boat,Chinook|Coho_Adult|Jack_AD|UM|UNK_Kept,PE,catch,number_observations,1,week
D17D3D9D-3402-4182-B30A-91C97DE82353,CRM - Roving Creel Project,Drano Lake salmon and steelhead 2025,1,2025-07-07,2025-07-13,27,weekend,Boat,Chinook|Coho_Adult|Jack_AD|UM|UNK_Kept,PE,catch,daily_mean,0,week
D17D3D9D-3402-4182-B30A-91C97DE82353,CRM - Roving Creel Project,Drano Lake salmon and steelhead 2025,1,2025-07-07,2025-07-13,27,weekend,Boat,Chinook|Coho_Adult|Jack_AD|UM|UNK_Kept,PE,catch,daily_variance,0,week
D17D3D9D-3402-4182-B30A-91C97DE82353,CRM - Roving Creel Project,Drano Lake salmon and steelhead 2025,1,2025-07-07,2025-07-13,27,weekend,Boat,Chinook|Coho_Adult|Jack_AD|UM|UNK_Kept,PE,catch,days_open,2,week
D17D3D9D-3402-4182-B30A-91C97DE82353,CRM - Roving Creel Project,Drano Lake salmon and steelhead 2025,1,2025-07-07,2025-07-13,27,weekend,Boat,Chinook|Coho_Adult|Jack_AD|UM|UNK_Kept,PE,catch,degrees_freedom,23.5,week
D17D3D9D-3402-4182-B30A-91C97DE82353,CRM - Roving Creel Project,Drano Lake salmon and steelhead 2025,1,2025-07-07,2025-07-13,27,weekend,Boat,Chinook|Coho_Adult|Jack_AD|UM|UNK_Kept,PE,catch,total_catch,0,week
D17D3D9D-3402-4182-B30A-91C97DE82353,CRM - Roving Creel Project,Drano Lake salmon and steelhead 2025,1,2025-07-14,2025-07-20,28,weekday,Boat,Chinook|Coho_Adult|Jack_AD|UM|UNK_Kept,PE,catch,number_observations,1,week
D17D3D9D-3402-4182-B30A-91C97DE82353,CRM - Roving Creel Project,Drano Lake salmon and steelhead 2025,1,2025-07-14,2025-07-20,28,weekday,Boat,Chinook|Coho_Adult|Jack_AD|UM|UNK_Kept,PE,catch,daily_mean,19.759,week
D17D3D9D-3402-4182-B30A-91C97DE82353,CRM - Roving Creel Project,Drano Lake salmon and steelhead 2025,1,2025-07-14,2025-07-20,28,weekday,Boat,Chinook|Coho_Adult|Jack_AD|UM|UNK_Kept,PE,catch,daily_variance,0,week
D17D3D9D-3402-4182-B30A-91C97DE82353,CRM - Roving Creel Project,Drano Lake salmon and steelhead 2025,1,2025-07-14,2025-07-20,28,weekday,Boat,Chinook|Coho_Adult|Jack_AD|UM|UNK_Kept,PE,catch,days_open,5,week
D17D3D9D-3402-4182-B30A-91C97DE82353,CRM - Roving Creel Project,Drano Lake salmon and steelhead 2025,1,2025-07-14,2025-07-20,28,weekday,Boat,Chinook|Coho_Adult|Jack_AD|UM|UNK_Kept,PE,catch,degrees_freedom,23.5,week
D17D3D9D-3402-4182-B30A-91C97DE82353,CRM - Roving Creel Project,Drano Lake salmon and steelhead 2025,1,2025-07-14,2025-07-20,28,weekday,Boat,Chinook|Coho_Adult|Jack_AD|UM|UNK_Kept,PE,catch,total_catch,98.795,week
D17D3D9D-3402-4182-B30A-91C97DE82353,CRM - Roving Creel Project,Drano Lake salmon and steelhead 2025,1,2025-07-21,2025-07-27,29,weekday,Boat,Chinook|Coho_Adult|Jack_AD|UM|UNK_Kept,PE,catch,number_observations,1,week
D17D3D9D-3402-4182-B30A-91C97DE82353,CRM - Roving Creel Project,Drano Lake salmon and steelhead 2025,1,2025-07-21,2025-07-27,29,weekday,Boat,Chinook|Coho_Adult|Jack_AD|UM|UNK_Kept,PE,catch,daily_mean,9.021,week
D17D3D9D-3402-4182-B30A-91C97DE82353,CRM - Roving Creel Project,Drano Lake salmon and steelhead 2025,1,2025-07-21,2025-07-27,29,weekday,Boat,Chinook|Coho_Adult|Jack_AD|UM|UNK_Kept,PE,catch,daily_variance,0,week
D17D3D9D-3402-4182-B30A-91C97DE82353,CRM - Roving Creel Project,Drano Lake salmon and steelhead 2025,1,2025-07-21,2025-07-27,29,weekday,Boat,Chinook|Coho_Adult|Jack_AD|UM|UNK_Kept,PE,catch,days_open,5,week
D17D3D9D-3402-4182-B30A-91C97DE82353,CRM - Roving Creel Project,Drano Lake salmon and steelhead 2025,1,2025-07-21,2025-07-27,29,weekday,Boat,Chinook|Coho_Adult|Jack_AD|UM|UNK_Kept,PE,catch,degrees_freedom,23.5,week
D17D3D9D-3402-4182-B30A-91C97DE82353,CRM - Roving Creel Project,Drano Lake salmon and steelhead 2025,1,2025-07-21,2025-07-27,29,weekday,Boat,Chinook|Coho_Adult|Jack_AD|UM|UNK_Kept,PE,catch,total_catch,45.105000000000004,week
D17D3D9D-3402-4182-B30A-91C97DE82353,CRM - Roving Creel Project,Drano Lake salmon and steelhead 2025,1,2025-07-21,2025-07-27,29,weekend,Boat,Chinook|Coho_Adult|Jack_AD|UM|UNK_Kept,PE,catch,number_observations,1,week
D17D3D9D-3402-4182-B30A-91C97DE82353,CRM - Roving Creel Project,Drano Lake salmon and steelhead 2025,1,2025-07-21,2025-07-27,29,weekend,Boat,Chinook|Coho_Adult|Jack_AD|UM|UNK_Kept,PE,catch,daily_mean,33.336,week
D17D3D9D-3402-4182-B30A-91C97DE82353,CRM - Roving Creel Project,Drano Lake salmon and steelhead 2025,1,2025-07-21,2025-07-27,29,weekend,Boat,Chinook|Coho_Adult|Jack_AD|UM|UNK_Kept,PE,catch,daily_variance,0,week
D17D3D9D-3402-4182-B30A-91C97DE82353,CRM - Roving Creel Project,Drano Lake salmon and steelhead 2025,1,2025-07-21,2025-07-27,29,weekend,Boat,Chinook|Coho_Adult|Jack_AD|UM|UNK_Kept,PE,catch,days_open,2,week
D17D3D9D-3402-4182-B30A-91C97DE82353,CRM - Roving Creel Project,Drano Lake salmon and steelhead 2025,1,2025-07-21,2025-07-27,29,weekend,Boat,Chinook|Coho_Adult|Jack_AD|UM|UNK_Kept,PE,catch,degrees_freedom,23.5,week
D17D3D9D-3402-4182-B30A-91C97DE82353,CRM - Roving Creel Project,Drano Lake salmon and steelhead 2025,1,2025-07-21,2025-07-27,29,weekend,Boat,Chinook|Coho_Adult|Jack_AD|UM|UNK_Kept,PE,catch,total_catch,66.672,week
D17D3D9D-3402-4182-B30A-91C97DE82353,CRM - Roving Creel Project,Drano Lake salmon and steelhead 2025,1,2025-07-28,2025-08-03,30,weekday,Boat,Chinook|Coho_Adult|Jack_AD|UM|UNK_Kept,PE,catch,number_observations,1,week
D17D3D9D-3402-4182-B30A-91C97DE82353,CRM - Roving Creel Project,Drano Lake salmon and steelhead 2025,1,2025-07-28,2025-08-03,30,weekday,Boat,Chinook|Coho_Adult|Jack_AD|UM|UNK_Kept,PE,catch,daily_mean,0,week
D17D3D9D-3402-4182-B30A-91C97DE82353,CRM - Roving Creel Project,Drano Lake salmon and steelhead 2025,1,2025-07-28,2025-08-03,30,weekday,Boat,Chinook|Coho_Adult|Jack_AD|UM|UNK_Kept,PE,catch,daily_variance,0,week
D17D3D9D-3402-4182-B30A-91C97DE82353,CRM - Roving Creel Project,Drano Lake salmon and steelhead 2025,1,2025-07-28,2025-08-03,30,weekday,Boat,Chinook|Coho_Adult|Jack_AD|UM|UNK_Kept,PE,catch,days_open,5,week
D17D3D9D-3402-4182-B30A-91C97DE82353,CRM - Roving Creel Project,Drano Lake salmon and steelhead 2025,1,2025-07-28,2025-08-03,30,weekday,Boat,Chinook|Coho_Adult|Jack_AD|UM|UNK_Kept,PE,catch,degrees_freedom,23.5,week
D17D3D9D-3402-4182-B30A-91C97DE82353,CRM - Roving Creel Project,Drano Lake salmon and steelhead 2025,1,2025-07-28,2025-08-03,30,weekday,Boat,Chinook|Coho_Adult|Jack_AD|UM|UNK_Kept,PE,catch,total_catch,0,week
D17D3D9D-3402-4182-B30A-91C97DE82353,CRM - Roving Creel Project,Drano Lake salmon and steelhead 2025,1,2025-07-28,2025-08-03,30,weekend,Boat,Chinook|Coho_Adult|Jack_AD|UM|UNK_Kept,PE,catch,number_observations,1,week
D17D3D9D-3402-4182-B30A-91C97DE82353,CRM - Roving Creel Project,Drano Lake salmon and steelhead 2025,1,2025-07-28,2025-08-03,30,weekend,Boat,Chinook|Coho_Adult|Jack_AD|UM|UNK_Kept,PE,catch,daily_mean,2.849,week
D17D3D9D-3402-4182-B30A-91C97DE82353,CRM - Roving Creel Project,Drano Lake salmon and steelhead 2025,1,2025-07-28,2025-08-03,30,weekend,Boat,Chinook|Coho_Adult|Jack_AD|UM|UNK_Kept,PE,catch,daily_variance,0,week
D17D3D9D-3402-4182-B30A-91C97DE82353,CRM - Roving Creel Project,Drano Lake salmon and steelhead 2025,1,2025-07-28,2025-08-03,30,weekend,Boat,Chinook|Coho_Adult|Jack_AD|UM|UNK_Kept,PE,catch,days_open,2,week
D17D3D9D-3402-4182-B30A-91C97DE82353,CRM - Roving Creel Project,Drano Lake salmon and steelhead 2025,1,2025-07-28,2025-08-03,30,weekend,Boat,Chinook|Coho_Adult|Jack_AD|UM|UNK_Kept,PE,catch,degrees_freedom,23.5,week
D17D3D9D-3402-4182-B30A-91C97DE82353,CRM - Roving Creel Project,Drano Lake salmon and steelhead 2025,1,2025-07-28,2025-08-03,30,weekend,Boat,Chinook|Coho_Adult|Jack_AD|UM|UNK_Kept,PE,catch,total_catch,5.698,week
D17D3D9D-3402-4182-B30A-91C97DE82353,CRM - Roving Creel Project,Drano Lake salmon and steelhead 2025,1,2025-08-04,2025-08-10,31,weekday,Bank,Chinook|Coho_Adult|Jack_AD|UM|UNK_Kept,PE,catch,number_observations,1,week
D17D3D9D-3402-4182-B30A-91C97DE82353,CRM - Roving Creel Project,Drano Lake salmon and steelhead 2025,1,2025-08-04,2025-08-10,31,weekday,Bank,Chinook|Coho_Adult|Jack_AD|UM|UNK_Kept,PE,catch,daily_mean,0,week
D17D3D9D-3402-4182-B30A-91C97DE82353,CRM - Roving Creel Project,Drano Lake salmon and steelhead 2025,1,2025-08-04,2025-08-10,31,weekday,Bank,Chinook|Coho_Adult|Jack_AD|UM|UNK_Kept,PE,catch,daily_variance,0,week
D17D3D9D-3402-4182-B30A-91C97DE82353,CRM - Roving Creel Project,Drano Lake salmon and steelhead 2025,1,2025-08-04,2025-08-10,31,weekday,Bank,Chinook|Coho_Adult|Jack_AD|UM|UNK_Kept,PE,catch,days_open,5,week
D17D3D9D-3402-4182-B30A-91C97DE82353,CRM - Roving Creel Project,Drano Lake salmon and steelhead 2025,1,2025-08-04,2025-08-10,31,weekday,Bank,Chinook|Coho_Adult|Jack_AD|UM|UNK_Kept,PE,catch,degrees_freedom,23.5,week
D17D3D9D-3402-4182-B30A-91C97DE82353,CRM - Roving Creel Project,Drano Lake salmon and steelhead 2025,1,2025-08-04,2025-08-10,31,weekday,Bank,Chinook|Coho_Adult|Jack_AD|UM|UNK_Kept,PE,catch,total_catch,0,week
D17D3D9D-3402-4182-B30A-91C97DE82353,CRM - Roving Creel Project,Drano Lake salmon and steelhead 2025,1,2025-08-04,2025-08-10,31,weekday,Boat,Chinook|Coho_Adult|Jack_AD|UM|UNK_Kept,PE,catch,number_observations,1,week
D17D3D9D-3402-4182-B30A-91C97DE82353,CRM - Roving Creel Project,Drano Lake salmon and steelhead 2025,1,2025-08-04,2025-08-10,31,weekday,Boat,Chinook|Coho_Adult|Jack_AD|UM|UNK_Kept,PE,catch,daily_mean,7.985,week
D17D3D9D-3402-4182-B30A-91C97DE82353,CRM - Roving Creel Project,Drano Lake salmon and steelhead 2025,1,2025-08-04,2025-08-10,31,weekday,Boat,Chinook|Coho_Adult|Jack_AD|UM|UNK_Kept,PE,catch,daily_variance,0,week
D17D3D9D-3402-4182-B30A-91C97DE82353,CRM - Roving Creel Project,Drano Lake salmon and steelhead 2025,1,2025-08-04,2025-08-10,31,weekday,Boat,Chinook|Coho_Adult|Jack_AD|UM|UNK_Kept,PE,catch,days_open,5,week
D17D3D9D-3402-4182-B30A-91C97DE82353,CRM - Roving Creel Project,Drano Lake salmon and steelhead 2025,1,2025-08-04,2025-08-10,31,weekday,Boat,Chinook|Coho_Adult|Jack_AD|UM|UNK_Kept,PE,catch,degrees_freedom,23.5,week
D17D3D9D-3402-4182-B30A-91C97DE82353,CRM - Roving Creel Project,Drano Lake salmon and steelhead 2025,1,2025-08-04,2025-08-10,31,weekday,Boat,Chinook|Coho_Adult|Jack_AD|UM|UNK_Kept,PE,catch,total_catch,39.925000000000004,week
D17D3D9D-3402-4182-B30A-91C97DE82353,CRM - Roving Creel Project,Drano Lake salmon and steelhead 2025,1,2025-08-04,2025-08-10,31,weekend,Boat,Chinook|Coho_Adult|Jack_AD|UM|UNK_Kept,PE,catch,number_observations,1,week
D17D3D9D-3402-4182-B30A-91C97DE82353,CRM - Roving Creel Project,Drano Lake salmon and steelhead 2025,1,2025-08-04,2025-08-10,31,weekend,Boat,Chinook|Coho_Adult|Jack_AD|UM|UNK_Kept,PE,catch,daily_mean,4.071,week
D17D3D9D-3402-4182-B30A-91C97DE82353,CRM - Roving Creel Project,Drano Lake salmon and steelhead 2025,1,2025-08-04,2025-08-10,31,weekend,Boat,Chinook|Coho_Adult|Jack_AD|UM|UNK_Kept,PE,catch,daily_variance,0,week
D17D3D9D-3402-4182-B30A-91C97DE82353,CRM - Roving Creel Project,Drano Lake salmon and steelhead 2025,1,2025-08-04,2025-08-10,31,weekend,Boat,Chinook|Coho_Adult|Jack_AD|UM|UNK_Kept,PE,catch,days_open,2,week
D17D3D9D-3402-4182-B30A-91C97DE82353,CRM - Roving Creel Project,Drano Lake salmon and steelhead 2025,1,2025-08-04,2025-08-10,31,weekend,Boat,Chinook|Coho_Adult|Jack_AD|UM|UNK_Kept,PE,catch,degrees_freedom,23.5,week
D17D3D9D-3402-4182-B30A-91C97DE82353,CRM - Roving Creel Project,Drano Lake salmon and steelhead 2025,1,2025-08-04,2025-08-10,31,weekend,Boat,Chinook|Coho_Adult|Jack_AD|UM|UNK_Kept,PE,catch,total_catch,8.142,week
D17D3D9D-3402-4182-B30A-91C97DE82353,CRM - Roving Creel Project,Drano Lake salmon and steelhead 2025,1,2025-08-11,2025-08-17,32,weekday,Boat,Chinook|Coho_Adult|Jack_AD|UM|UNK_Kept,PE,catch,number_observations,1,week
D17D3D9D-3402-4182-B30A-91C97DE82353,CRM - Roving Creel Project,Drano Lake salmon and steelhead 2025,1,2025-08-11,2025-08-17,32,weekday,Boat,Chinook|Coho_Adult|Jack_AD|UM|UNK_Kept,PE,catch,daily_mean,42.449,week
D17D3D9D-3402-4182-B30A-91C97DE82353,CRM - Roving Creel Project,Drano Lake salmon and steelhead 2025,1,2025-08-11,2025-08-17,32,weekday,Boat,Chinook|Coho_Adult|Jack_AD|UM|UNK_Kept,PE,catch,daily_variance,0,week
D17D3D9D-3402-4182-B30A-91C97DE82353,CRM - Roving Creel Project,Drano Lake salmon and steelhead 2025,1,2025-08-11,2025-08-17,32,weekday,Boat,Chinook|Coho_Adult|Jack_AD|UM|UNK_Kept,PE,catch,days_open,5,week
D17D3D9D-3402-4182-B30A-91C97DE82353,CRM - Roving Creel Project,Drano Lake salmon and steelhead 2025,1,2025-08-11,2025-08-17,32,weekday,Boat,Chinook|Coho_Adult|Jack_AD|UM|UNK_Kept,PE,catch,degrees_freedom,23.5,week
D17D3D9D-3402-4182-B30A-91C97DE82353,CRM - Roving Creel Project,Drano Lake salmon and steelhead 2025,1,2025-08-11,2025-08-17,32,weekday,Boat,Chinook|Coho_Adult|Jack_AD|UM|UNK_Kept,PE,catch,total_catch,212.245,week
D17D3D9D-3402-4182-B30A-91C97DE82353,CRM - Roving Creel Project,Drano Lake salmon and steelhead 2025,1,2025-08-11,2025-08-17,32,weekend,Boat,Chinook|Coho_Adult|Jack_AD|UM|UNK_Kept,PE,catch,number_observations,2,week
D17D3D9D-3402-4182-B30A-91C97DE82353,CRM - Roving Creel Project,Drano Lake salmon and steelhead 2025,1,2025-08-11,2025-08-17,32,weekend,Boat,Chinook|Coho_Adult|Jack_AD|UM|UNK_Kept,PE,catch,daily_mean,6.898,week
D17D3D9D-3402-4182-B30A-91C97DE82353,CRM - Roving Creel Project,Drano Lake salmon and steelhead 2025,1,2025-08-11,2025-08-17,32,weekend,Boat,Chinook|Coho_Adult|Jack_AD|UM|UNK_Kept,PE,catch,daily_variance,95.164808,week
D17D3D9D-3402-4182-B30A-91C97DE82353,CRM - Roving Creel Project,Drano Lake salmon and steelhead 2025,1,2025-08-11,2025-08-17,32,weekend,Boat,Chinook|Coho_Adult|Jack_AD|UM|UNK_Kept,PE,catch,days_open,2,week
D17D3D9D-3402-4182-B30A-91C97DE82353,CRM - Roving Creel Project,Drano Lake salmon and steelhead 2025,1,2025-08-11,2025-08-17,32,weekend,Boat,Chinook|Coho_Adult|Jack_AD|UM|UNK_Kept,PE,catch,degrees_freedom,23.5,week
D17D3D9D-3402-4182-B30A-91C97DE82353,CRM - Roving Creel Project,Drano Lake salmon and steelhead 2025,1,2025-08-11,2025-08-17,32,weekend,Boat,Chinook|Coho_Adult|Jack_AD|UM|UNK_Kept,PE,catch,total_catch,13.796,week
D17D3D9D-3402-4182-B30A-91C97DE82353,CRM - Roving Creel Project,Drano Lake salmon and steelhead 2025,1,2025-08-18,2025-08-24,33,weekend,Bank,Chinook|Coho_Adult|Jack_AD|UM|UNK_Kept,PE,catch,number_observations,1,week
D17D3D9D-3402-4182-B30A-91C97DE82353,CRM - Roving Creel Project,Drano Lake salmon and steelhead 2025,1,2025-08-18,2025-08-24,33,weekend,Bank,Chinook|Coho_Adult|Jack_AD|UM|UNK_Kept,PE,catch,daily_mean,0,week
D17D3D9D-3402-4182-B30A-91C97DE82353,CRM - Roving Creel Project,Drano Lake salmon and steelhead 2025,1,2025-08-18,2025-08-24,33,weekend,Bank,Chinook|Coho_Adult|Jack_AD|UM|UNK_Kept,PE,catch,daily_variance,0,week
D17D3D9D-3402-4182-B30A-91C97DE82353,CRM - Roving Creel Project,Drano Lake salmon and steelhead 2025,1,2025-08-18,2025-08-24,33,weekend,Bank,Chinook|Coho_Adult|Jack_AD|UM|UNK_Kept,PE,catch,days_open,2,week
D17D3D9D-3402-4182-B30A-91C97DE82353,CRM - Roving Creel Project,Drano Lake salmon and steelhead 2025,1,2025-08-18,2025-08-24,33,weekend,Bank,Chinook|Coho_Adult|Jack_AD|UM|UNK_Kept,PE,catch,degrees_freedom,23.5,week
D17D3D9D-3402-4182-B30A-91C97DE82353,CRM - Roving Creel Project,Drano Lake salmon and steelhead 2025,1,2025-08-18,2025-08-24,33,weekend,Bank,Chinook|Coho_Adult|Jack_AD|UM|UNK_Kept,PE,catch,total_catch,0,week
D17D3D9D-3402-4182-B30A-91C97DE82353,CRM - Roving Creel Project,Drano Lake salmon and steelhead 2025,1,2025-08-18,2025-08-24,33,weekend,Boat,Chinook|Coho_Adult|Jack_AD|UM|UNK_Kept,PE,catch,number_observations,2,week
D17D3D9D-3402-4182-B30A-91C97DE82353,CRM - Roving Creel Project,Drano Lake salmon and steelhead 2025,1,2025-08-18,2025-08-24,33,weekend,Boat,Chinook|Coho_Adult|Jack_AD|UM|UNK_Kept,PE,catch,daily_mean,87.318,week
D17D3D9D-3402-4182-B30A-91C97DE82353,CRM - Roving Creel Project,Drano Lake salmon and steelhead 2025,1,2025-08-18,2025-08-24,33,weekend,Boat,Chinook|Coho_Adult|Jack_AD|UM|UNK_Kept,PE,catch,daily_variance,13664.028671999999,week
D17D3D9D-3402-4182-B30A-91C97DE82353,CRM - Roving Creel Project,Drano Lake salmon and steelhead 2025,1,2025-08-18,2025-08-24,33,weekend,Boat,Chinook|Coho_Adult|Jack_AD|UM|UNK_Kept,PE,catch,days_open,2,week
D17D3D9D-3402-4182-B30A-91C97DE82353,CRM - Roving Creel Project,Drano Lake salmon and steelhead 2025,1,2025-08-18,2025-08-24,33,weekend,Boat,Chinook|Coho_Adult|Jack_AD|UM|UNK_Kept,PE,catch,degrees_freedom,23.5,week
D17D3D9D-3402-4182-B30A-91C97DE82353,CRM - Roving Creel Project,Drano Lake salmon and steelhead 2025,1,2025-08-18,2025-08-24,33,weekend,Boat,Chinook|Coho_Adult|Jack_AD|UM|UNK_Kept,PE,catch,total_catch,174.636,week
D17D3D9D-3402-4182-B30A-91C97DE82353,CRM - Roving Creel Project,Drano Lake salmon and steelhead 2025,1,2025-08-25,2025-08-31,34,weekday,Boat,Chinook|Coho_Adult|Jack_AD|UM|UNK_Kept,PE,catch,number_observations,1,week
D17D3D9D-3402-4182-B30A-91C97DE82353,CRM - Roving Creel Project,Drano Lake salmon and steelhead 2025,1,2025-08-25,2025-08-31,34,weekday,Boat,Chinook|Coho_Adult|Jack_AD|UM|UNK_Kept,PE,catch,daily_mean,12.38,week
D17D3D9D-3402-4182-B30A-91C97DE82353,CRM - Roving Creel Project,Drano Lake salmon and steelhead 2025,1,2025-08-25,2025-08-31,34,weekday,Boat,Chinook|Coho_Adult|Jack_AD|UM|UNK_Kept,PE,catch,daily_variance,0,week
D17D3D9D-3402-4182-B30A-91C97DE82353,CRM - Roving Creel Project,Drano Lake salmon and steelhead 2025,1,2025-08-25,2025-08-31,34,weekday,Boat,Chinook|Coho_Adult|Jack_AD|UM|UNK_Kept,PE,catch,days_open,5,week
D17D3D9D-3402-4182-B30A-91C97DE82353,CRM - Roving Creel Project,Drano Lake salmon and steelhead 2025,1,2025-08-25,2025-08-31,34,weekday,Boat,Chinook|Coho_Adult|Jack_AD|UM|UNK_Kept,PE,catch,degrees_freedom,23.5,week
D17D3D9D-3402-4182-B30A-91C97DE82353,CRM - Roving Creel Project,Drano Lake salmon and steelhead 2025,1,2025-08-25,2025-08-31,34,weekday,Boat,Chinook|Coho_Adult|Jack_AD|UM|UNK_Kept,PE,catch,total_catch,61.900000000000006,week
D17D3D9D-3402-4182-B30A-91C97DE82353,CRM - Roving Creel Project,Drano Lake salmon and steelhead 2025,1,2025-08-25,2025-08-31,34,weekend,Bank,Chinook|Coho_Adult|Jack_AD|UM|UNK_Kept,PE,catch,number_observations,1,week
D17D3D9D-3402-4182-B30A-91C97DE82353,CRM - Roving Creel Project,Drano Lake salmon and steelhead 2025,1,2025-08-25,2025-08-31,34,weekend,Bank,Chinook|Coho_Adult|Jack_AD|UM|UNK_Kept,PE,catch,daily_mean,0,week
D17D3D9D-3402-4182-B30A-91C97DE82353,CRM - Roving Creel Project,Drano Lake salmon and steelhead 2025,1,2025-08-25,2025-08-31,34,weekend,Bank,Chinook|Coho_Adult|Jack_AD|UM|UNK_Kept,PE,catch,daily_variance,0,week
D17D3D9D-3402-4182-B30A-91C97DE82353,CRM - Roving Creel Project,Drano Lake salmon and steelhead 2025,1,2025-08-25,2025-08-31,34,weekend,Bank,Chinook|Coho_Adult|Jack_AD|UM|UNK_Kept,PE,catch,days_open,2,week
D17D3D9D-3402-4182-B30A-91C97DE82353,CRM - Roving Creel Project,Drano Lake salmon and steelhead 2025,1,2025-08-25,2025-08-31,34,weekend,Bank,Chinook|Coho_Adult|Jack_AD|UM|UNK_Kept,PE,catch,degrees_freedom,23.5,week
D17D3D9D-3402-4182-B30A-91C97DE82353,CRM - Roving Creel Project,Drano Lake salmon and steelhead 2025,1,2025-08-25,2025-08-31,34,weekend,Bank,Chinook|Coho_Adult|Jack_AD|UM|UNK_Kept,PE,catch,total_catch,0,week
D17D3D9D-3402-4182-B30A-91C97DE82353,CRM - Roving Creel Project,Drano Lake salmon and steelhead 2025,1,2025-08-25,2025-08-31,34,weekend,Boat,Chinook|Coho_Adult|Jack_AD|UM|UNK_Kept,PE,catch,number_observations,2,week
D17D3D9D-3402-4182-B30A-91C97DE82353,CRM - Roving Creel Project,Drano Lake salmon and steelhead 2025,1,2025-08-25,2025-08-31,34,weekend,Boat,Chinook|Coho_Adult|Jack_AD|UM|UNK_Kept,PE,catch,daily_mean,306.3535,week
D17D3D9D-3402-4182-B30A-91C97DE82353,CRM - Roving Creel Project,Drano Lake salmon and steelhead 2025,1,2025-08-25,2025-08-31,34,weekend,Boat,Chinook|Coho_Adult|Jack_AD|UM|UNK_Kept,PE,catch,daily_variance,106.04048449999983,week
D17D3D9D-3402-4182-B30A-91C97DE82353,CRM - Roving Creel Project,Drano Lake salmon and steelhead 2025,1,2025-08-25,2025-08-31,34,weekend,Boat,Chinook|Coho_Adult|Jack_AD|UM|UNK_Kept,PE,catch,days_open,2,week
D17D3D9D-3402-4182-B30A-91C97DE82353,CRM - Roving Creel Project,Drano Lake salmon and steelhead 2025,1,2025-08-25,2025-08-31,34,weekend,Boat,Chinook|Coho_Adult|Jack_AD|UM|UNK_Kept,PE,catch,degrees_freedom,23.5,week
D17D3D9D-3402-4182-B30A-91C97DE82353,CRM - Roving Creel Project,Drano Lake salmon and steelhead 2025,1,2025-08-25,2025-08-31,34,weekend,Boat,Chinook|Coho_Adult|Jack_AD|UM|UNK_Kept,PE,catch,total_catch,612.707,week
D17D3D9D-3402-4182-B30A-91C97DE82353,CRM - Roving Creel Project,Drano Lake salmon and steelhead 2025,1,2025-09-01,2025-09-07,35,weekday,Bank,Chinook|Coho_Adult|Jack_AD|UM|UNK_Kept,PE,catch,number_observations,1,week
D17D3D9D-3402-4182-B30A-91C97DE82353,CRM - Roving Creel Project,Drano Lake salmon and steelhead 2025,1,2025-09-01,2025-09-07,35,weekday,Bank,Chinook|Coho_Adult|Jack_AD|UM|UNK_Kept,PE,catch,daily_mean,0,week
D17D3D9D-3402-4182-B30A-91C97DE82353,CRM - Roving Creel Project,Drano Lake salmon and steelhead 2025,1,2025-09-01,2025-09-07,35,weekday,Bank,Chinook|Coho_Adult|Jack_AD|UM|UNK_Kept,PE,catch,daily_variance,0,week
D17D3D9D-3402-4182-B30A-91C97DE82353,CRM - Roving Creel Project,Drano Lake salmon and steelhead 2025,1,2025-09-01,2025-09-07,35,weekday,Bank,Chinook|Coho_Adult|Jack_AD|UM|UNK_Kept,PE,catch,days_open,4,week
D17D3D9D-3402-4182-B30A-91C97DE82353,CRM - Roving Creel Project,Drano Lake salmon and steelhead 2025,1,2025-09-01,2025-09-07,35,weekday,Bank,Chinook|Coho_Adult|Jack_AD|UM|UNK_Kept,PE,catch,degrees_freedom,23.5,week
D17D3D9D-3402-4182-B30A-91C97DE82353,CRM - Roving Creel Project,Drano Lake salmon and steelhead 2025,1,2025-09-01,2025-09-07,35,weekday,Bank,Chinook|Coho_Adult|Jack_AD|UM|UNK_Kept,PE,catch,total_catch,0,week
D17D3D9D-3402-4182-B30A-91C97DE82353,CRM - Roving Creel Project,Drano Lake salmon and steelhead 2025,1,2025-09-01,2025-09-07,35,weekday,Boat,Chinook|Coho_Adult|Jack_AD|UM|UNK_Kept,PE,catch,number_observations,1,week
D17D3D9D-3402-4182-B30A-91C97DE82353,CRM - Roving Creel Project,Drano Lake salmon and steelhead 2025,1,2025-09-01,2025-09-07,35,weekday,Boat,Chinook|Coho_Adult|Jack_AD|UM|UNK_Kept,PE,catch,daily_mean,36.571,week
D17D3D9D-3402-4182-B30A-91C97DE82353,CRM - Roving Creel Project,Drano Lake salmon and steelhead 2025,1,2025-09-01,2025-09-07,35,weekday,Boat,Chinook|Coho_Adult|Jack_AD|UM|UNK_Kept,PE,catch,daily_variance,0,week
D17D3D9D-3402-4182-B30A-91C97DE82353,CRM - Roving Creel Project,Drano Lake salmon and steelhead 2025,1,2025-09-01,2025-09-07,35,weekday,Boat,Chinook|Coho_Adult|Jack_AD|UM|UNK_Kept,PE,catch,days_open,4,week
D17D3D9D-3402-4182-B30A-91C97DE82353,CRM - Roving Creel Project,Drano Lake salmon and steelhead 2025,1,2025-09-01,2025-09-07,35,weekday,Boat,Chinook|Coho_Adult|Jack_AD|UM|UNK_Kept,PE,catch,degrees_freedom,23.5,week
D17D3D9D-3402-4182-B30A-91C97DE82353,CRM - Roving Creel Project,Drano Lake salmon and steelhead 2025,1,2025-09-01,2025-09-07,35,weekday,Boat,Chinook|Coho_Adult|Jack_AD|UM|UNK_Kept,PE,catch,total_catch,146.284,week
D17D3D9D-3402-4182-B30A-91C97DE82353,CRM - Roving Creel Project,Drano Lake salmon and steelhead 2025,1,2025-09-01,2025-09-07,35,weekend,Boat,Chinook|Coho_Adult|Jack_AD|UM|UNK_Kept,PE,catch,number_observations,1,week
D17D3D9D-3402-4182-B30A-91C97DE82353,CRM - Roving Creel Project,Drano Lake salmon and steelhead 2025,1,2025-09-01,2025-09-07,35,weekend,Boat,Chinook|Coho_Adult|Jack_AD|UM|UNK_Kept,PE,catch,daily_mean,329.72,week
D17D3D9D-3402-4182-B30A-91C97DE82353,CRM - Roving Creel Project,Drano Lake salmon and steelhead 2025,1,2025-09-01,2025-09-07,35,weekend,Boat,Chinook|Coho_Adult|Jack_AD|UM|UNK_Kept,PE,catch,daily_variance,0,week
D17D3D9D-3402-4182-B30A-91C97DE82353,CRM - Roving Creel Project,Drano Lake salmon and steelhead 2025,1,2025-09-01,2025-09-07,35,weekend,Boat,Chinook|Coho_Adult|Jack_AD|UM|UNK_Kept,PE,catch,days_open,3,week
D17D3D9D-3402-4182-B30A-91C97DE82353,CRM - Roving Creel Project,Drano Lake salmon and steelhead 2025,1,2025-09-01,2025-09-07,35,weekend,Boat,Chinook|Coho_Adult|Jack_AD|UM|UNK_Kept,PE,catch,degrees_freedom,23.5,week
D17D3D9D-3402-4182-B30A-91C97DE82353,CRM - Roving Creel Project,Drano Lake salmon and steelhead 2025,1,2025-09-01,2025-09-07,35,weekend,Boat,Chinook|Coho_Adult|Jack_AD|UM|UNK_Kept,PE,catch,total_catch,989.1600000000001,week
D17D3D9D-3402-4182-B30A-91C97DE82353,CRM - Roving Creel Project,Drano Lake salmon and steelhead 2025,1,2025-09-08,2025-09-14,36,weekday,Bank,Chinook|Coho_Adult|Jack_AD|UM|UNK_Kept,PE,catch,number_observations,2,week
D17D3D9D-3402-4182-B30A-91C97DE82353,CRM - Roving Creel Project,Drano Lake salmon and steelhead 2025,1,2025-09-08,2025-09-14,36,weekday,Bank,Chinook|Coho_Adult|Jack_AD|UM|UNK_Kept,PE,catch,daily_mean,1.351,week
D17D3D9D-3402-4182-B30A-91C97DE82353,CRM - Roving Creel Project,Drano Lake salmon and steelhead 2025,1,2025-09-08,2025-09-14,36,weekday,Bank,Chinook|Coho_Adult|Jack_AD|UM|UNK_Kept,PE,catch,daily_variance,3.6504019999999997,week
D17D3D9D-3402-4182-B30A-91C97DE82353,CRM - Roving Creel Project,Drano Lake salmon and steelhead 2025,1,2025-09-08,2025-09-14,36,weekday,Bank,Chinook|Coho_Adult|Jack_AD|UM|UNK_Kept,PE,catch,days_open,5,week
D17D3D9D-3402-4182-B30A-91C97DE82353,CRM - Roving Creel Project,Drano Lake salmon and steelhead 2025,1,2025-09-08,2025-09-14,36,weekday,Bank,Chinook|Coho_Adult|Jack_AD|UM|UNK_Kept,PE,catch,degrees_freedom,23.5,week
D17D3D9D-3402-4182-B30A-91C97DE82353,CRM - Roving Creel Project,Drano Lake salmon and steelhead 2025,1,2025-09-08,2025-09-14,36,weekday,Bank,Chinook|Coho_Adult|Jack_AD|UM|UNK_Kept,PE,catch,total_catch,6.755,week
D17D3D9D-3402-4182-B30A-91C97DE82353,CRM - Roving Creel Project,Drano Lake salmon and steelhead 2025,1,2025-09-08,2025-09-14,36,weekday,Boat,Chinook|Coho_Adult|Jack_AD|UM|UNK_Kept,PE,catch,number_observations,2,week
D17D3D9D-3402-4182-B30A-91C97DE82353,CRM - Roving Creel Project,Drano Lake salmon and steelhead 2025,1,2025-09-08,2025-09-14,36,weekday,Boat,Chinook|Coho_Adult|Jack_AD|UM|UNK_Kept,PE,catch,daily_mean,200.1785,week
D17D3D9D-3402-4182-B30A-91C97DE82353,CRM - Roving Creel Project,Drano Lake salmon and steelhead 2025,1,2025-09-08,2025-09-14,36,weekday,Boat,Chinook|Coho_Adult|Jack_AD|UM|UNK_Kept,PE,catch,daily_variance,11711.386012500003,week
D17D3D9D-3402-4182-B30A-91C97DE82353,CRM - Roving Creel Project,Drano Lake salmon and steelhead 2025,1,2025-09-08,2025-09-14,36,weekday,Boat,Chinook|Coho_Adult|Jack_AD|UM|UNK_Kept,PE,catch,days_open,5,week
D17D3D9D-3402-4182-B30A-91C97DE82353,CRM - Roving Creel Project,Drano Lake salmon and steelhead 2025,1,2025-09-08,2025-09-14,36,weekday,Boat,Chinook|Coho_Adult|Jack_AD|UM|UNK_Kept,PE,catch,degrees_freedom,23.5,week
D17D3D9D-3402-4182-B30A-91C97DE82353,CRM - Roving Creel Project,Drano Lake salmon and steelhead 2025,1,2025-09-08,2025-09-14,36,weekday,Boat,Chinook|Coho_Adult|Jack_AD|UM|UNK_Kept,PE,catch,total_catch,1000.8925,week
D17D3D9D-3402-4182-B30A-91C97DE82353,CRM - Roving Creel Project,Drano Lake salmon and steelhead 2025,1,2025-09-08,2025-09-14,36,weekend,Boat,Chinook|Coho_Adult|Jack_AD|UM|UNK_Kept,PE,catch,number_observations,2,week
D17D3D9D-3402-4182-B30A-91C97DE82353,CRM - Roving Creel Project,Drano Lake salmon and steelhead 2025,1,2025-09-08,2025-09-14,36,weekend,Boat,Chinook|Coho_Adult|Jack_AD|UM|UNK_Kept,PE,catch,daily_mean,115.6015,week
D17D3D9D-3402-4182-B30A-91C97DE82353,CRM - Roving Creel Project,Drano Lake salmon and steelhead 2025,1,2025-09-08,2025-09-14,36,weekend,Boat,Chinook|Coho_Adult|Jack_AD|UM|UNK_Kept,PE,catch,daily_variance,4681.3455605,week
D17D3D9D-3402-4182-B30A-91C97DE82353,CRM - Roving Creel Project,Drano Lake salmon and steelhead 2025,1,2025-09-08,2025-09-14,36,weekend,Boat,Chinook|Coho_Adult|Jack_AD|UM|UNK_Kept,PE,catch,days_open,2,week
D17D3D9D-3402-4182-B30A-91C97DE82353,CRM - Roving Creel Project,Drano Lake salmon and steelhead 2025,1,2025-09-08,2025-09-14,36,weekend,Boat,Chinook|Coho_Adult|Jack_AD|UM|UNK_Kept,PE,catch,degrees_freedom,23.5,week
D17D3D9D-3402-4182-B30A-91C97DE82353,CRM - Roving Creel Project,Drano Lake salmon and steelhead 2025,1,2025-09-08,2025-09-14,36,weekend,Boat,Chinook|Coho_Adult|Jack_AD|UM|UNK_Kept,PE,catch,total_catch,231.203,week
D17D3D9D-3402-4182-B30A-91C97DE82353,CRM - Roving Creel Project,Drano Lake salmon and steelhead 2025,1,2025-09-15,2025-09-21,37,weekday,Bank,Chinook|Coho_Adult|Jack_AD|UM|UNK_Kept,PE,catch,number_observations,1,week
D17D3D9D-3402-4182-B30A-91C97DE82353,CRM - Roving Creel Project,Drano Lake salmon and steelhead 2025,1,2025-09-15,2025-09-21,37,weekday,Bank,Chinook|Coho_Adult|Jack_AD|UM|UNK_Kept,PE,catch,daily_mean,0,week
D17D3D9D-3402-4182-B30A-91C97DE82353,CRM - Roving Creel Project,Drano Lake salmon and steelhead 2025,1,2025-09-15,2025-09-21,37,weekday,Bank,Chinook|Coho_Adult|Jack_AD|UM|UNK_Kept,PE,catch,daily_variance,0,week
D17D3D9D-3402-4182-B30A-91C97DE82353,CRM - Roving Creel Project,Drano Lake salmon and steelhead 2025,1,2025-09-15,2025-09-21,37,weekday,Bank,Chinook|Coho_Adult|Jack_AD|UM|UNK_Kept,PE,catch,days_open,5,week
D17D3D9D-3402-4182-B30A-91C97DE82353,CRM - Roving Creel Project,Drano Lake salmon and steelhead 2025,1,2025-09-15,2025-09-21,37,weekday,Bank,Chinook|Coho_Adult|Jack_AD|UM|UNK_Kept,PE,catch,degrees_freedom,23.5,week
D17D3D9D-3402-4182-B30A-91C97DE82353,CRM - Roving Creel Project,Drano Lake salmon and steelhead 2025,1,2025-09-15,2025-09-21,37,weekday,Bank,Chinook|Coho_Adult|Jack_AD|UM|UNK_Kept,PE,catch,total_catch,0,week
D17D3D9D-3402-4182-B30A-91C97DE82353,CRM - Roving Creel Project,Drano Lake salmon and steelhead 2025,1,2025-09-15,2025-09-21,37,weekday,Boat,Chinook|Coho_Adult|Jack_AD|UM|UNK_Kept,PE,catch,number_observations,1,week
D17D3D9D-3402-4182-B30A-91C97DE82353,CRM - Roving Creel Project,Drano Lake salmon and steelhead 2025,1,2025-09-15,2025-09-21,37,weekday,Boat,Chinook|Coho_Adult|Jack_AD|UM|UNK_Kept,PE,catch,daily_mean,32.232,week
D17D3D9D-3402-4182-B30A-91C97DE82353,CRM - Roving Creel Project,Drano Lake salmon and steelhead 2025,1,2025-09-15,2025-09-21,37,weekday,Boat,Chinook|Coho_Adult|Jack_AD|UM|UNK_Kept,PE,catch,daily_variance,0,week
D17D3D9D-3402-4182-B30A-91C97DE82353,CRM - Roving Creel Project,Drano Lake salmon and steelhead 2025,1,2025-09-15,2025-09-21,37,weekday,Boat,Chinook|Coho_Adult|Jack_AD|UM|UNK_Kept,PE,catch,days_open,5,week
D17D3D9D-3402-4182-B30A-91C97DE82353,CRM - Roving Creel Project,Drano Lake salmon and steelhead 2025,1,2025-09-15,2025-09-21,37,weekday,Boat,Chinook|Coho_Adult|Jack_AD|UM|UNK_Kept,PE,catch,degrees_freedom,23.5,week
D17D3D9D-3402-4182-B30A-91C97DE82353,CRM - Roving Creel Project,Drano Lake salmon and steelhead 2025,1,2025-09-15,2025-09-21,37,weekday,Boat,Chinook|Coho_Adult|Jack_AD|UM|UNK_Kept,PE,catch,total_catch,161.16,week
D17D3D9D-3402-4182-B30A-91C97DE82353,CRM - Roving Creel Project,Drano Lake salmon and steelhead 2025,1,2025-09-15,2025-09-21,37,weekend,Bank,Chinook|Coho_Adult|Jack_AD|UM|UNK_Kept,PE,catch,number_observations,1,week
D17D3D9D-3402-4182-B30A-91C97DE82353,CRM - Roving Creel Project,Drano Lake salmon and steelhead 2025,1,2025-09-15,2025-09-21,37,weekend,Bank,Chinook|Coho_Adult|Jack_AD|UM|UNK_Kept,PE,catch,daily_mean,0,week
D17D3D9D-3402-4182-B30A-91C97DE82353,CRM - Roving Creel Project,Drano Lake salmon and steelhead 2025,1,2025-09-15,2025-09-21,37,weekend,Bank,Chinook|Coho_Adult|Jack_AD|UM|UNK_Kept,PE,catch,daily_variance,0,week
D17D3D9D-3402-4182-B30A-91C97DE82353,CRM - Roving Creel Project,Drano Lake salmon and steelhead 2025,1,2025-09-15,2025-09-21,37,weekend,Bank,Chinook|Coho_Adult|Jack_AD|UM|UNK_Kept,PE,catch,days_open,2,week
D17D3D9D-3402-4182-B30A-91C97DE82353,CRM - Roving Creel Project,Drano Lake salmon and steelhead 2025,1,2025-09-15,2025-09-21,37,weekend,Bank,Chinook|Coho_Adult|Jack_AD|UM|UNK_Kept,PE,catch,degrees_freedom,23.5,week
D17D3D9D-3402-4182-B30A-91C97DE82353,CRM - Roving Creel Project,Drano Lake salmon and steelhead 2025,1,2025-09-15,2025-09-21,37,weekend,Bank,Chinook|Coho_Adult|Jack_AD|UM|UNK_Kept,PE,catch,total_catch,0,week
D17D3D9D-3402-4182-B30A-91C97DE82353,CRM - Roving Creel Project,Drano Lake salmon and steelhead 2025,1,2025-09-15,2025-09-21,37,weekend,Boat,Chinook|Coho_Adult|Jack_AD|UM|UNK_Kept,PE,catch,number_observations,2,week
D17D3D9D-3402-4182-B30A-91C97DE82353,CRM - Roving Creel Project,Drano Lake salmon and steelhead 2025,1,2025-09-15,2025-09-21,37,weekend,Boat,Chinook|Coho_Adult|Jack_AD|UM|UNK_Kept,PE,catch,daily_mean,40.79,week
D17D3D9D-3402-4182-B30A-91C97DE82353,CRM - Roving Creel Project,Drano Lake salmon and steelhead 2025,1,2025-09-15,2025-09-21,37,weekend,Boat,Chinook|Coho_Adult|Jack_AD|UM|UNK_Kept,PE,catch,daily_variance,333.3362000000001,week
D17D3D9D-3402-4182-B30A-91C97DE82353,CRM - Roving Creel Project,Drano Lake salmon and steelhead 2025,1,2025-09-15,2025-09-21,37,weekend,Boat,Chinook|Coho_Adult|Jack_AD|UM|UNK_Kept,PE,catch,days_open,2,week
D17D3D9D-3402-4182-B30A-91C97DE82353,CRM - Roving Creel Project,Drano Lake salmon and steelhead 2025,1,2025-09-15,2025-09-21,37,weekend,Boat,Chinook|Coho_Adult|Jack_AD|UM|UNK_Kept,PE,catch,degrees_freedom,23.5,week
D17D3D9D-3402-4182-B30A-91C97DE82353,CRM - Roving Creel Project,Drano Lake salmon and steelhead 2025,1,2025-09-15,2025-09-21,37,weekend,Boat,Chinook|Coho_Adult|Jack_AD|UM|UNK_Kept,PE,catch,total_catch,81.58,week
D17D3D9D-3402-4182-B30A-91C97DE82353,CRM - Roving Creel Project,Drano Lake salmon and steelhead 2025,1,2025-09-22,2025-09-28,38,weekday,Bank,Chinook|Coho_Adult|Jack_AD|UM|UNK_Kept,PE,catch,number_observations,1,week
D17D3D9D-3402-4182-B30A-91C97DE82353,CRM - Roving Creel Project,Drano Lake salmon and steelhead 2025,1,2025-09-22,2025-09-28,38,weekday,Bank,Chinook|Coho_Adult|Jack_AD|UM|UNK_Kept,PE,catch,daily_mean,0,week
D17D3D9D-3402-4182-B30A-91C97DE82353,CRM - Roving Creel Project,Drano Lake salmon and steelhead 2025,1,2025-09-22,2025-09-28,38,weekday,Bank,Chinook|Coho_Adult|Jack_AD|UM|UNK_Kept,PE,catch,daily_variance,0,week
D17D3D9D-3402-4182-B30A-91C97DE82353,CRM - Roving Creel Project,Drano Lake salmon and steelhead 2025,1,2025-09-22,2025-09-28,38,weekday,Bank,Chinook|Coho_Adult|Jack_AD|UM|UNK_Kept,PE,catch,days_open,5,week
D17D3D9D-3402-4182-B30A-91C97DE82353,CRM - Roving Creel Project,Drano Lake salmon and steelhead 2025,1,2025-09-22,2025-09-28,38,weekday,Bank,Chinook|Coho_Adult|Jack_AD|UM|UNK_Kept,PE,catch,degrees_freedom,23.5,week
D17D3D9D-3402-4182-B30A-91C97DE82353,CRM - Roving Creel Project,Drano Lake salmon and steelhead 2025,1,2025-09-22,2025-09-28,38,weekday,Bank,Chinook|Coho_Adult|Jack_AD|UM|UNK_Kept,PE,catch,total_catch,0,week
D17D3D9D-3402-4182-B30A-91C97DE82353,CRM - Roving Creel Project,Drano Lake salmon and steelhead 2025,1,2025-09-22,2025-09-28,38,weekday,Boat,Chinook|Coho_Adult|Jack_AD|UM|UNK_Kept,PE,catch,number_observations,2,week
D17D3D9D-3402-4182-B30A-91C97DE82353,CRM - Roving Creel Project,Drano Lake salmon and steelhead 2025,1,2025-09-22,2025-09-28,38,weekday,Boat,Chinook|Coho_Adult|Jack_AD|UM|UNK_Kept,PE,catch,daily_mean,136.89249999999998,week
D17D3D9D-3402-4182-B30A-91C97DE82353,CRM - Roving Creel Project,Drano Lake salmon and steelhead 2025,1,2025-09-22,2025-09-28,38,weekday,Boat,Chinook|Coho_Adult|Jack_AD|UM|UNK_Kept,PE,catch,daily_variance,14275.937364499998,week
D17D3D9D-3402-4182-B30A-91C97DE82353,CRM - Roving Creel Project,Drano Lake salmon and steelhead 2025,1,2025-09-22,2025-09-28,38,weekday,Boat,Chinook|Coho_Adult|Jack_AD|UM|UNK_Kept,PE,catch,days_open,5,week
D17D3D9D-3402-4182-B30A-91C97DE82353,CRM - Roving Creel Project,Drano Lake salmon and steelhead 2025,1,2025-09-22,2025-09-28,38,weekday,Boat,Chinook|Coho_Adult|Jack_AD|UM|UNK_Kept,PE,catch,degrees_freedom,23.5,week
D17D3D9D-3402-4182-B30A-91C97DE82353,CRM - Roving Creel Project,Drano Lake salmon and steelhead 2025,1,2025-09-22,2025-09-28,38,weekday,Boat,Chinook|Coho_Adult|Jack_AD|UM|UNK_Kept,PE,catch,total_catch,684.4624999999999,week
D17D3D9D-3402-4182-B30A-91C97DE82353,CRM - Roving Creel Project,Drano Lake salmon and steelhead 2025,1,2025-09-22,2025-09-28,38,weekend,Boat,Chinook|Coho_Adult|Jack_AD|UM|UNK_Kept,PE,catch,number_observations,2,week
D17D3D9D-3402-4182-B30A-91C97DE82353,CRM - Roving Creel Project,Drano Lake salmon and steelhead 2025,1,2025-09-22,2025-09-28,38,weekend,Boat,Chinook|Coho_Adult|Jack_AD|UM|UNK_Kept,PE,catch,daily_mean,472.49899999999997,week
D17D3D9D-3402-4182-B30A-91C97DE82353,CRM - Roving Creel Project,Drano Lake salmon and steelhead 2025,1,2025-09-22,2025-09-28,38,weekend,Boat,Chinook|Coho_Adult|Jack_AD|UM|UNK_Kept,PE,catch,daily_variance,30980.58319999999,week
D17D3D9D-3402-4182-B30A-91C97DE82353,CRM - Roving Creel Project,Drano Lake salmon and steelhead 2025,1,2025-09-22,2025-09-28,38,weekend,Boat,Chinook|Coho_Adult|Jack_AD|UM|UNK_Kept,PE,catch,days_open,2,week
D17D3D9D-3402-4182-B30A-91C97DE82353,CRM - Roving Creel Project,Drano Lake salmon and steelhead 2025,1,2025-09-22,2025-09-28,38,weekend,Boat,Chinook|Coho_Adult|Jack_AD|UM|UNK_Kept,PE,catch,degrees_freedom,23.5,week
D17D3D9D-3402-4182-B30A-91C97DE82353,CRM - Roving Creel Project,Drano Lake salmon and steelhead 2025,1,2025-09-22,2025-09-28,38,weekend,Boat,Chinook|Coho_Adult|Jack_AD|UM|UNK_Kept,PE,catch,total_catch,944.9979999999999,week
D17D3D9D-3402-4182-B30A-91C97DE82353,CRM - Roving Creel Project,Drano Lake salmon and steelhead 2025,1,2025-09-29,2025-10-05,39,weekday,Boat,Chinook|Coho_Adult|Jack_AD|UM|UNK_Kept,PE,catch,number_observations,1,week
D17D3D9D-3402-4182-B30A-91C97DE82353,CRM - Roving Creel Project,Drano Lake salmon and steelhead 2025,1,2025-09-29,2025-10-05,39,weekday,Boat,Chinook|Coho_Adult|Jack_AD|UM|UNK_Kept,PE,catch,daily_mean,148.625,week
D17D3D9D-3402-4182-B30A-91C97DE82353,CRM - Roving Creel Project,Drano Lake salmon and steelhead 2025,1,2025-09-29,2025-10-05,39,weekday,Boat,Chinook|Coho_Adult|Jack_AD|UM|UNK_Kept,PE,catch,daily_variance,0,week
D17D3D9D-3402-4182-B30A-91C97DE82353,CRM - Roving Creel Project,Drano Lake salmon and steelhead 2025,1,2025-09-29,2025-10-05,39,weekday,Boat,Chinook|Coho_Adult|Jack_AD|UM|UNK_Kept,PE,catch,days_open,4,week
D17D3D9D-3402-4182-B30A-91C97DE82353,CRM - Roving Creel Project,Drano Lake salmon and steelhead 2025,1,2025-09-29,2025-10-05,39,weekday,Boat,Chinook|Coho_Adult|Jack_AD|UM|UNK_Kept,PE,catch,degrees_freedom,23.5,week
D17D3D9D-3402-4182-B30A-91C97DE82353,CRM - Roving Creel Project,Drano Lake salmon and steelhead 2025,1,2025-09-29,2025-10-05,39,weekday,Boat,Chinook|Coho_Adult|Jack_AD|UM|UNK_Kept,PE,catch,total_catch,594.5,week
D17D3D9D-3402-4182-B30A-91C97DE82353,CRM - Roving Creel Project,Drano Lake salmon and steelhead 2025,1,2025-09-29,2025-10-05,39,weekend,Bank,Chinook|Coho_Adult|Jack_AD|UM|UNK_Kept,PE,catch,number_observations,1,week
D17D3D9D-3402-4182-B30A-91C97DE82353,CRM - Roving Creel Project,Drano Lake salmon and steelhead 2025,1,2025-09-29,2025-10-05,39,weekend,Bank,Chinook|Coho_Adult|Jack_AD|UM|UNK_Kept,PE,catch,daily_mean,0,week
D17D3D9D-3402-4182-B30A-91C97DE82353,CRM - Roving Creel Project,Drano Lake salmon and steelhead 2025,1,2025-09-29,2025-10-05,39,weekend,Bank,Chinook|Coho_Adult|Jack_AD|UM|UNK_Kept,PE,catch,daily_variance,0,week
D17D3D9D-3402-4182-B30A-91C97DE82353,CRM - Roving Creel Project,Drano Lake salmon and steelhead 2025,1,2025-09-29,2025-10-05,39,weekend,Bank,Chinook|Coho_Adult|Jack_AD|UM|UNK_Kept,PE,catch,days_open,2,week
D17D3D9D-3402-4182-B30A-91C97DE82353,CRM - Roving Creel Project,Drano Lake salmon and steelhead 2025,1,2025-09-29,2025-10-05,39,weekend,Bank,Chinook|Coho_Adult|Jack_AD|UM|UNK_Kept,PE,catch,degrees_freedom,23.5,week
D17D3D9D-3402-4182-B30A-91C97DE82353,CRM - Roving Creel Project,Drano Lake salmon and steelhead 2025,1,2025-09-29,2025-10-05,39,weekend,Bank,Chinook|Coho_Adult|Jack_AD|UM|UNK_Kept,PE,catch,total_catch,0,week
D17D3D9D-3402-4182-B30A-91C97DE82353,CRM - Roving Creel Project,Drano Lake salmon and steelhead 2025,1,2025-09-29,2025-10-05,39,weekend,Boat,Chinook|Coho_Adult|Jack_AD|UM|UNK_Kept,PE,catch,number_observations,2,week
D17D3D9D-3402-4182-B30A-91C97DE82353,CRM - Roving Creel Project,Drano Lake salmon and steelhead 2025,1,2025-09-29,2025-10-05,39,weekend,Boat,Chinook|Coho_Adult|Jack_AD|UM|UNK_Kept,PE,catch,daily_mean,107.82050000000001,week
D17D3D9D-3402-4182-B30A-91C97DE82353,CRM - Roving Creel Project,Drano Lake salmon and steelhead 2025,1,2025-09-29,2025-10-05,39,weekend,Boat,Chinook|Coho_Adult|Jack_AD|UM|UNK_Kept,PE,catch,daily_variance,7979.255464500002,week
D17D3D9D-3402-4182-B30A-91C97DE82353,CRM - Roving Creel Project,Drano Lake salmon and steelhead 2025,1,2025-09-29,2025-10-05,39,weekend,Boat,Chinook|Coho_Adult|Jack_AD|UM|UNK_Kept,PE,catch,days_open,2,week
D17D3D9D-3402-4182-B30A-91C97DE82353,CRM - Roving Creel Project,Drano Lake salmon and steelhead 2025,1,2025-09-29,2025-10-05,39,weekend,Boat,Chinook|Coho_Adult|Jack_AD|UM|UNK_Kept,PE,catch,degrees_freedom,23.5,week
D17D3D9D-3402-4182-B30A-91C97DE82353,CRM - Roving Creel Project,Drano Lake salmon and steelhead 2025,1,2025-09-29,2025-10-05,39,weekend,Boat,Chinook|Coho_Adult|Jack_AD|UM|UNK_Kept,PE,catch,total_catch,215.64100000000002,week
D17D3D9D-3402-4182-B30A-91C97DE82353,CRM - Roving Creel Project,Drano Lake salmon and steelhead 2025,1,2025-10-06,2025-10-12,40,weekday,Bank,Chinook|Coho_Adult|Jack_AD|UM|UNK_Kept,PE,catch,number_observations,1,week
D17D3D9D-3402-4182-B30A-91C97DE82353,CRM - Roving Creel Project,Drano Lake salmon and steelhead 2025,1,2025-10-06,2025-10-12,40,weekday,Bank,Chinook|Coho_Adult|Jack_AD|UM|UNK_Kept,PE,catch,daily_mean,0,week
D17D3D9D-3402-4182-B30A-91C97DE82353,CRM - Roving Creel Project,Drano Lake salmon and steelhead 2025,1,2025-10-06,2025-10-12,40,weekday,Bank,Chinook|Coho_Adult|Jack_AD|UM|UNK_Kept,PE,catch,daily_variance,0,week
D17D3D9D-3402-4182-B30A-91C97DE82353,CRM - Roving Creel Project,Drano Lake salmon and steelhead 2025,1,2025-10-06,2025-10-12,40,weekday,Bank,Chinook|Coho_Adult|Jack_AD|UM|UNK_Kept,PE,catch,days_open,4,week
D17D3D9D-3402-4182-B30A-91C97DE82353,CRM - Roving Creel Project,Drano Lake salmon and steelhead 2025,1,2025-10-06,2025-10-12,40,weekday,Bank,Chinook|Coho_Adult|Jack_AD|UM|UNK_Kept,PE,catch,degrees_freedom,23.5,week
D17D3D9D-3402-4182-B30A-91C97DE82353,CRM - Roving Creel Project,Drano Lake salmon and steelhead 2025,1,2025-10-06,2025-10-12,40,weekday,Bank,Chinook|Coho_Adult|Jack_AD|UM|UNK_Kept,PE,catch,total_catch,0,week
D17D3D9D-3402-4182-B30A-91C97DE82353,CRM - Roving Creel Project,Drano Lake salmon and steelhead 2025,1,2025-10-06,2025-10-12,40,weekday,Boat,Chinook|Coho_Adult|Jack_AD|UM|UNK_Kept,PE,catch,number_observations,1,week
D17D3D9D-3402-4182-B30A-91C97DE82353,CRM - Roving Creel Project,Drano Lake salmon and steelhead 2025,1,2025-10-06,2025-10-12,40,weekday,Boat,Chinook|Coho_Adult|Jack_AD|UM|UNK_Kept,PE,catch,daily_mean,54.656,week
D17D3D9D-3402-4182-B30A-91C97DE82353,CRM - Roving Creel Project,Drano Lake salmon and steelhead 2025,1,2025-10-06,2025-10-12,40,weekday,Boat,Chinook|Coho_Adult|Jack_AD|UM|UNK_Kept,PE,catch,daily_variance,0,week
D17D3D9D-3402-4182-B30A-91C97DE82353,CRM - Roving Creel Project,Drano Lake salmon and steelhead 2025,1,2025-10-06,2025-10-12,40,weekday,Boat,Chinook|Coho_Adult|Jack_AD|UM|UNK_Kept,PE,catch,days_open,4,week
D17D3D9D-3402-4182-B30A-91C97DE82353,CRM - Roving Creel Project,Drano Lake salmon and steelhead 2025,1,2025-10-06,2025-10-12,40,weekday,Boat,Chinook|Coho_Adult|Jack_AD|UM|UNK_Kept,PE,catch,degrees_freedom,23.5,week
D17D3D9D-3402-4182-B30A-91C97DE82353,CRM - Roving Creel Project,Drano Lake salmon and steelhead 2025,1,2025-10-06,2025-10-12,40,weekday,Boat,Chinook|Coho_Adult|Jack_AD|UM|UNK_Kept,PE,catch,total_catch,218.624,week
D17D3D9D-3402-4182-B30A-91C97DE82353,CRM - Roving Creel Project,Drano Lake salmon and steelhead 2025,1,2025-10-06,2025-10-12,40,weekend,Boat,Chinook|Coho_Adult|Jack_AD|UM|UNK_Kept,PE,catch,number_observations,2,week
D17D3D9D-3402-4182-B30A-91C97DE82353,CRM - Roving Creel Project,Drano Lake salmon and steelhead 2025,1,2025-10-06,2025-10-12,40,weekend,Boat,Chinook|Coho_Adult|Jack_AD|UM|UNK_Kept,PE,catch,daily_mean,95.82499999999999,week
D17D3D9D-3402-4182-B30A-91C97DE82353,CRM - Roving Creel Project,Drano Lake salmon and steelhead 2025,1,2025-10-06,2025-10-12,40,weekend,Boat,Chinook|Coho_Adult|Jack_AD|UM|UNK_Kept,PE,catch,daily_variance,423.52140799999995,week
D17D3D9D-3402-4182-B30A-91C97DE82353,CRM - Roving Creel Project,Drano Lake salmon and steelhead 2025,1,2025-10-06,2025-10-12,40,weekend,Boat,Chinook|Coho_Adult|Jack_AD|UM|UNK_Kept,PE,catch,days_open,2,week
D17D3D9D-3402-4182-B30A-91C97DE82353,CRM - Roving Creel Project,Drano Lake salmon and steelhead 2025,1,2025-10-06,2025-10-12,40,weekend,Boat,Chinook|Coho_Adult|Jack_AD|UM|UNK_Kept,PE,catch,degrees_freedom,23.5,week
D17D3D9D-3402-4182-B30A-91C97DE82353,CRM - Roving Creel Project,Drano Lake salmon and steelhead 2025,1,2025-10-06,2025-10-12,40,weekend,Boat,Chinook|Coho_Adult|Jack_AD|UM|UNK_Kept,PE,catch,total_catch,191.64999999999998,week
D17D3D9D-3402-4182-B30A-91C97DE82353,CRM - Roving Creel Project,Drano Lake salmon and steelhead 2025,1,2025-10-13,2025-10-19,41,weekday,Bank,Chinook|Coho_Adult|Jack_AD|UM|UNK_Kept,PE,catch,number_observations,1,week
D17D3D9D-3402-4182-B30A-91C97DE82353,CRM - Roving Creel Project,Drano Lake salmon and steelhead 2025,1,2025-10-13,2025-10-19,41,weekday,Bank,Chinook|Coho_Adult|Jack_AD|UM|UNK_Kept,PE,catch,daily_mean,0,week
D17D3D9D-3402-4182-B30A-91C97DE82353,CRM - Roving Creel Project,Drano Lake salmon and steelhead 2025,1,2025-10-13,2025-10-19,41,weekday,Bank,Chinook|Coho_Adult|Jack_AD|UM|UNK_Kept,PE,catch,daily_variance,0,week
D17D3D9D-3402-4182-B30A-91C97DE82353,CRM - Roving Creel Project,Drano Lake salmon and steelhead 2025,1,2025-10-13,2025-10-19,41,weekday,Bank,Chinook|Coho_Adult|Jack_AD|UM|UNK_Kept,PE,catch,days_open,4,week
D17D3D9D-3402-4182-B30A-91C97DE82353,CRM - Roving Creel Project,Drano Lake salmon and steelhead 2025,1,2025-10-13,2025-10-19,41,weekday,Bank,Chinook|Coho_Adult|Jack_AD|UM|UNK_Kept,PE,catch,degrees_freedom,23.5,week
D17D3D9D-3402-4182-B30A-91C97DE82353,CRM - Roving Creel Project,Drano Lake salmon and steelhead 2025,1,2025-10-13,2025-10-19,41,weekday,Bank,Chinook|Coho_Adult|Jack_AD|UM|UNK_Kept,PE,catch,total_catch,0,week
D17D3D9D-3402-4182-B30A-91C97DE82353,CRM - Roving Creel Project,Drano Lake salmon and steelhead 2025,1,2025-10-13,2025-10-19,41,weekday,Boat,Chinook|Coho_Adult|Jack_AD|UM|UNK_Kept,PE,catch,number_observations,2,week
D17D3D9D-3402-4182-B30A-91C97DE82353,CRM - Roving Creel Project,Drano Lake salmon and steelhead 2025,1,2025-10-13,2025-10-19,41,weekday,Boat,Chinook|Coho_Adult|Jack_AD|UM|UNK_Kept,PE,catch,daily_mean,25.288,week
D17D3D9D-3402-4182-B30A-91C97DE82353,CRM - Roving Creel Project,Drano Lake salmon and steelhead 2025,1,2025-10-13,2025-10-19,41,weekday,Boat,Chinook|Coho_Adult|Jack_AD|UM|UNK_Kept,PE,catch,daily_variance,3.1100179999999993,week
D17D3D9D-3402-4182-B30A-91C97DE82353,CRM - Roving Creel Project,Drano Lake salmon and steelhead 2025,1,2025-10-13,2025-10-19,41,weekday,Boat,Chinook|Coho_Adult|Jack_AD|UM|UNK_Kept,PE,catch,days_open,4,week
D17D3D9D-3402-4182-B30A-91C97DE82353,CRM - Roving Creel Project,Drano Lake salmon and steelhead 2025,1,2025-10-13,2025-10-19,41,weekday,Boat,Chinook|Coho_Adult|Jack_AD|UM|UNK_Kept,PE,catch,degrees_freedom,23.5,week
D17D3D9D-3402-4182-B30A-91C97DE82353,CRM - Roving Creel Project,Drano Lake salmon and steelhead 2025,1,2025-10-13,2025-10-19,41,weekday,Boat,Chinook|Coho_Adult|Jack_AD|UM|UNK_Kept,PE,catch,total_catch,101.152,week
D17D3D9D-3402-4182-B30A-91C97DE82353,CRM - Roving Creel Project,Drano Lake salmon and steelhead 2025,1,2025-10-13,2025-10-19,41,weekend,Boat,Chinook|Coho_Adult|Jack_AD|UM|UNK_Kept,PE,catch,number_observations,1,week
D17D3D9D-3402-4182-B30A-91C97DE82353,CRM - Roving Creel Project,Drano Lake salmon and steelhead 2025,1,2025-10-13,2025-10-19,41,weekend,Boat,Chinook|Coho_Adult|Jack_AD|UM|UNK_Kept,PE,catch,daily_mean,90.31,week
D17D3D9D-3402-4182-B30A-91C97DE82353,CRM - Roving Creel Project,Drano Lake salmon and steelhead 2025,1,2025-10-13,2025-10-19,41,weekend,Boat,Chinook|Coho_Adult|Jack_AD|UM|UNK_Kept,PE,catch,daily_variance,0,week
D17D3D9D-3402-4182-B30A-91C97DE82353,CRM - Roving Creel Project,Drano Lake salmon and steelhead 2025,1,2025-10-13,2025-10-19,41,weekend,Boat,Chinook|Coho_Adult|Jack_AD|UM|UNK_Kept,PE,catch,days_open,2,week
D17D3D9D-3402-4182-B30A-91C97DE82353,CRM - Roving Creel Project,Drano Lake salmon and steelhead 2025,1,2025-10-13,2025-10-19,41,weekend,Boat,Chinook|Coho_Adult|Jack_AD|UM|UNK_Kept,PE,catch,degrees_freedom,23.5,week
D17D3D9D-3402-4182-B30A-91C97DE82353,CRM - Roving Creel Project,Drano Lake salmon and steelhead 2025,1,2025-10-13,2025-10-19,41,weekend,Boat,Chinook|Coho_Adult|Jack_AD|UM|UNK_Kept,PE,catch,total_catch,180.62,week
D17D3D9D-3402-4182-B30A-91C97DE82353,CRM - Roving Creel Project,Drano Lake salmon and steelhead 2025,1,2025-10-20,2025-10-26,42,weekday,Bank,Chinook|Coho_Adult|Jack_AD|UM|UNK_Kept,PE,catch,number_observations,1,week
D17D3D9D-3402-4182-B30A-91C97DE82353,CRM - Roving Creel Project,Drano Lake salmon and steelhead 2025,1,2025-10-20,2025-10-26,42,weekday,Bank,Chinook|Coho_Adult|Jack_AD|UM|UNK_Kept,PE,catch,daily_mean,0,week
D17D3D9D-3402-4182-B30A-91C97DE82353,CRM - Roving Creel Project,Drano Lake salmon and steelhead 2025,1,2025-10-20,2025-10-26,42,weekday,Bank,Chinook|Coho_Adult|Jack_AD|UM|UNK_Kept,PE,catch,daily_variance,0,week
D17D3D9D-3402-4182-B30A-91C97DE82353,CRM - Roving Creel Project,Drano Lake salmon and steelhead 2025,1,2025-10-20,2025-10-26,42,weekday,Bank,Chinook|Coho_Adult|Jack_AD|UM|UNK_Kept,PE,catch,days_open,4,week
D17D3D9D-3402-4182-B30A-91C97DE82353,CRM - Roving Creel Project,Drano Lake salmon and steelhead 2025,1,2025-10-20,2025-10-26,42,weekday,Bank,Chinook|Coho_Adult|Jack_AD|UM|UNK_Kept,PE,catch,degrees_freedom,23.5,week
D17D3D9D-3402-4182-B30A-91C97DE82353,CRM - Roving Creel Project,Drano Lake salmon and steelhead 2025,1,2025-10-20,2025-10-26,42,weekday,Bank,Chinook|Coho_Adult|Jack_AD|UM|UNK_Kept,PE,catch,total_catch,0,week
D17D3D9D-3402-4182-B30A-91C97DE82353,CRM - Roving Creel Project,Drano Lake salmon and steelhead 2025,1,2025-10-20,2025-10-26,42,weekday,Boat,Chinook|Coho_Adult|Jack_AD|UM|UNK_Kept,PE,catch,number_observations,2,week
D17D3D9D-3402-4182-B30A-91C97DE82353,CRM - Roving Creel Project,Drano Lake salmon and steelhead 2025,1,2025-10-20,2025-10-26,42,weekday,Boat,Chinook|Coho_Adult|Jack_AD|UM|UNK_Kept,PE,catch,daily_mean,9.856,week
D17D3D9D-3402-4182-B30A-91C97DE82353,CRM - Roving Creel Project,Drano Lake salmon and steelhead 2025,1,2025-10-20,2025-10-26,42,weekday,Boat,Chinook|Coho_Adult|Jack_AD|UM|UNK_Kept,PE,catch,daily_variance,194.281472,week
D17D3D9D-3402-4182-B30A-91C97DE82353,CRM - Roving Creel Project,Drano Lake salmon and steelhead 2025,1,2025-10-20,2025-10-26,42,weekday,Boat,Chinook|Coho_Adult|Jack_AD|UM|UNK_Kept,PE,catch,days_open,4,week
D17D3D9D-3402-4182-B30A-91C97DE82353,CRM - Roving Creel Project,Drano Lake salmon and steelhead 2025,1,2025-10-20,2025-10-26,42,weekday,Boat,Chinook|Coho_Adult|Jack_AD|UM|UNK_Kept,PE,catch,degrees_freedom,23.5,week
D17D3D9D-3402-4182-B30A-91C97DE82353,CRM - Roving Creel Project,Drano Lake salmon and steelhead 2025,1,2025-10-20,2025-10-26,42,weekday,Boat,Chinook|Coho_Adult|Jack_AD|UM|UNK_Kept,PE,catch,total_catch,39.424,week
D17D3D9D-3402-4182-B30A-91C97DE82353,CRM - Roving Creel Project,Drano Lake salmon and steelhead 2025,1,2025-10-20,2025-10-26,42,weekend,Boat,Chinook|Coho_Adult|Jack_AD|UM|UNK_Kept,PE,catch,number_observations,2,week
D17D3D9D-3402-4182-B30A-91C97DE82353,CRM - Roving Creel Project,Drano Lake salmon and steelhead 2025,1,2025-10-20,2025-10-26,42,weekend,Boat,Chinook|Coho_Adult|Jack_AD|UM|UNK_Kept,PE,catch,daily_mean,4.3685,week
D17D3D9D-3402-4182-B30A-91C97DE82353,CRM - Roving Creel Project,Drano Lake salmon and steelhead 2025,1,2025-10-20,2025-10-26,42,weekend,Boat,Chinook|Coho_Adult|Jack_AD|UM|UNK_Kept,PE,catch,daily_variance,0.038364499999999795,week
D17D3D9D-3402-4182-B30A-91C97DE82353,CRM - Roving Creel Project,Drano Lake salmon and steelhead 2025,1,2025-10-20,2025-10-26,42,weekend,Boat,Chinook|Coho_Adult|Jack_AD|UM|UNK_Kept,PE,catch,days_open,2,week
D17D3D9D-3402-4182-B30A-91C97DE82353,CRM - Roving Creel Project,Drano Lake salmon and steelhead 2025,1,2025-10-20,2025-10-26,42,weekend,Boat,Chinook|Coho_Adult|Jack_AD|UM|UNK_Kept,PE,catch,degrees_freedom,23.5,week
D17D3D9D-3402-4182-B30A-91C97DE82353,CRM - Roving Creel Project,Drano Lake salmon and steelhead 2025,1,2025-10-20,2025-10-26,42,weekend,Boat,Chinook|Coho_Adult|Jack_AD|UM|UNK_Kept,PE,catch,total_catch,8.737,week
D17D3D9D-3402-4182-B30A-91C97DE82353,CRM - Roving Creel Project,Drano Lake salmon and steelhead 2025,1,2025-10-27,2025-10-31,43,weekday,Boat,Chinook|Coho_Adult|Jack_AD|UM|UNK_Kept,PE,catch,number_observations,1,week
D17D3D9D-3402-4182-B30A-91C97DE82353,CRM - Roving Creel Project,Drano Lake salmon and steelhead 2025,1,2025-10-27,2025-10-31,43,weekday,Boat,Chinook|Coho_Adult|Jack_AD|UM|UNK_Kept,PE,catch,daily_mean,25.242,week
D17D3D9D-3402-4182-B30A-91C97DE82353,CRM - Roving Creel Project,Drano Lake salmon and steelhead 2025,1,2025-10-27,2025-10-31,43,weekday,Boat,Chinook|Coho_Adult|Jack_AD|UM|UNK_Kept,PE,catch,daily_variance,0,week
D17D3D9D-3402-4182-B30A-91C97DE82353,CRM - Roving Creel Project,Drano Lake salmon and steelhead 2025,1,2025-10-27,2025-10-31,43,weekday,Boat,Chinook|Coho_Adult|Jack_AD|UM|UNK_Kept,PE,catch,days_open,4,week
D17D3D9D-3402-4182-B30A-91C97DE82353,CRM - Roving Creel Project,Drano Lake salmon and steelhead 2025,1,2025-10-27,2025-10-31,43,weekday,Boat,Chinook|Coho_Adult|Jack_AD|UM|UNK_Kept,PE,catch,degrees_freedom,23.5,week
D17D3D9D-3402-4182-B30A-91C97DE82353,CRM - Roving Creel Project,Drano Lake salmon and steelhead 2025,1,2025-10-27,2025-10-31,43,weekday,Boat,Chinook|Coho_Adult|Jack_AD|UM|UNK_Kept,PE,catch,total_catch,100.968,week
D17D3D9D-3402-4182-B30A-91C97DE82353,CRM - Roving Creel Project,Drano Lake salmon and steelhead 2025,2,2025-07-01,2025-07-06,26,weekday,Bank,Chinook|Coho_Adult|Jack_AD|UM|UNK_Kept,PE,catch,number_observations,1,week
D17D3D9D-3402-4182-B30A-91C97DE82353,CRM - Roving Creel Project,Drano Lake salmon and steelhead 2025,2,2025-07-01,2025-07-06,26,weekday,Bank,Chinook|Coho_Adult|Jack_AD|UM|UNK_Kept,PE,catch,daily_mean,32.679,week
D17D3D9D-3402-4182-B30A-91C97DE82353,CRM - Roving Creel Project,Drano Lake salmon and steelhead 2025,2,2025-07-01,2025-07-06,26,weekday,Bank,Chinook|Coho_Adult|Jack_AD|UM|UNK_Kept,PE,catch,daily_variance,0,week
D17D3D9D-3402-4182-B30A-91C97DE82353,CRM - Roving Creel Project,Drano Lake salmon and steelhead 2025,2,2025-07-01,2025-07-06,26,weekday,Bank,Chinook|Coho_Adult|Jack_AD|UM|UNK_Kept,PE,catch,days_open,3,week
D17D3D9D-3402-4182-B30A-91C97DE82353,CRM - Roving Creel Project,Drano Lake salmon and steelhead 2025,2,2025-07-01,2025-07-06,26,weekday,Bank,Chinook|Coho_Adult|Jack_AD|UM|UNK_Kept,PE,catch,degrees_freedom,23.5,week
D17D3D9D-3402-4182-B30A-91C97DE82353,CRM - Roving Creel Project,Drano Lake salmon and steelhead 2025,2,2025-07-01,2025-07-06,26,weekday,Bank,Chinook|Coho_Adult|Jack_AD|UM|UNK_Kept,PE,catch,total_catch,98.037,week
D17D3D9D-3402-4182-B30A-91C97DE82353,CRM - Roving Creel Project,Drano Lake salmon and steelhead 2025,2,2025-07-01,2025-07-06,26,weekday,Boat,Chinook|Coho_Adult|Jack_AD|UM|UNK_Kept,PE,catch,number_observations,1,week
D17D3D9D-3402-4182-B30A-91C97DE82353,CRM - Roving Creel Project,Drano Lake salmon and steelhead 2025,2,2025-07-01,2025-07-06,26,weekday,Boat,Chinook|Coho_Adult|Jack_AD|UM|UNK_Kept,PE,catch,daily_mean,47.263,week
D17D3D9D-3402-4182-B30A-91C97DE82353,CRM - Roving Creel Project,Drano Lake salmon and steelhead 2025,2,2025-07-01,2025-07-06,26,weekday,Boat,Chinook|Coho_Adult|Jack_AD|UM|UNK_Kept,PE,catch,daily_variance,0,week
D17D3D9D-3402-4182-B30A-91C97DE82353,CRM - Roving Creel Project,Drano Lake salmon and steelhead 2025,2,2025-07-01,2025-07-06,26,weekday,Boat,Chinook|Coho_Adult|Jack_AD|UM|UNK_Kept,PE,catch,days_open,3,week
D17D3D9D-3402-4182-B30A-91C97DE82353,CRM - Roving Creel Project,Drano Lake salmon and steelhead 2025,2,2025-07-01,2025-07-06,26,weekday,Boat,Chinook|Coho_Adult|Jack_AD|UM|UNK_Kept,PE,catch,degrees_freedom,23.5,week
D17D3D9D-3402-4182-B30A-91C97DE82353,CRM - Roving Creel Project,Drano Lake salmon and steelhead 2025,2,2025-07-01,2025-07-06,26,weekday,Boat,Chinook|Coho_Adult|Jack_AD|UM|UNK_Kept,PE,catch,total_catch,141.789,week
D17D3D9D-3402-4182-B30A-91C97DE82353,CRM - Roving Creel Project,Drano Lake salmon and steelhead 2025,2,2025-07-01,2025-07-06,26,weekend,Bank,Chinook|Coho_Adult|Jack_AD|UM|UNK_Kept,PE,catch,number_observations,1,week
D17D3D9D-3402-4182-B30A-91C97DE82353,CRM - Roving Creel Project,Drano Lake salmon and steelhead 2025,2,2025-07-01,2025-07-06,26,weekend,Bank,Chinook|Coho_Adult|Jack_AD|UM|UNK_Kept,PE,catch,daily_mean,0,week
D17D3D9D-3402-4182-B30A-91C97DE82353,CRM - Roving Creel Project,Drano Lake salmon and steelhead 2025,2,2025-07-01,2025-07-06,26,weekend,Bank,Chinook|Coho_Adult|Jack_AD|UM|UNK_Kept,PE,catch,daily_variance,0,week
D17D3D9D-3402-4182-B30A-91C97DE82353,CRM - Roving Creel Project,Drano Lake salmon and steelhead 2025,2,2025-07-01,2025-07-06,26,weekend,Bank,Chinook|Coho_Adult|Jack_AD|UM|UNK_Kept,PE,catch,days_open,3,week
D17D3D9D-3402-4182-B30A-91C97DE82353,CRM - Roving Creel Project,Drano Lake salmon and steelhead 2025,2,2025-07-01,2025-07-06,26,weekend,Bank,Chinook|Coho_Adult|Jack_AD|UM|UNK_Kept,PE,catch,degrees_freedom,23.5,week
D17D3D9D-3402-4182-B30A-91C97DE82353,CRM - Roving Creel Project,Drano Lake salmon and steelhead 2025,2,2025-07-01,2025-07-06,26,weekend,Bank,Chinook|Coho_Adult|Jack_AD|UM|UNK_Kept,PE,catch,total_catch,0,week
D17D3D9D-3402-4182-B30A-91C97DE82353,CRM - Roving Creel Project,Drano Lake salmon and steelhead 2025,2,2025-07-01,2025-07-06,26,weekend,Boat,Chinook|Coho_Adult|Jack_AD|UM|UNK_Kept,PE,catch,number_observations,1,week
D17D3D9D-3402-4182-B30A-91C97DE82353,CRM - Roving Creel Project,Drano Lake salmon and steelhead 2025,2,2025-07-01,2025-07-06,26,weekend,Boat,Chinook|Coho_Adult|Jack_AD|UM|UNK_Kept,PE,catch,daily_mean,0,week
D17D3D9D-3402-4182-B30A-91C97DE82353,CRM - Roving Creel Project,Drano Lake salmon and steelhead 2025,2,2025-07-01,2025-07-06,26,weekend,Boat,Chinook|Coho_Adult|Jack_AD|UM|UNK_Kept,PE,catch,daily_variance,0,week
D17D3D9D-3402-4182-B30A-91C97DE82353,CRM - Roving Creel Project,Drano Lake salmon and steelhead 2025,2,2025-07-01,2025-07-06,26,weekend,Boat,Chinook|Coho_Adult|Jack_AD|UM|UNK_Kept,PE,catch,days_open,3,week
D17D3D9D-3402-4182-B30A-91C97DE82353,CRM - Roving Creel Project,Drano Lake salmon and steelhead 2025,2,2025-07-01,2025-07-06,26,weekend,Boat,Chinook|Coho_Adult|Jack_AD|UM|UNK_Kept,PE,catch,degrees_freedom,23.5,week
D17D3D9D-3402-4182-B30A-91C97DE82353,CRM - Roving Creel Project,Drano Lake salmon and steelhead 2025,2,2025-07-01,2025-07-06,26,weekend,Boat,Chinook|Coho_Adult|Jack_AD|UM|UNK_Kept,PE,catch,total_catch,0,week
D17D3D9D-3402-4182-B30A-91C97DE82353,CRM - Roving Creel Project,Drano Lake salmon and steelhead 2025,2,2025-07-07,2025-07-13,27,weekend,Boat,Chinook|Coho_Adult|Jack_AD|UM|UNK_Kept,PE,catch,number_observations,1,week
D17D3D9D-3402-4182-B30A-91C97DE82353,CRM - Roving Creel Project,Drano Lake salmon and steelhead 2025,2,2025-07-07,2025-07-13,27,weekend,Boat,Chinook|Coho_Adult|Jack_AD|UM|UNK_Kept,PE,catch,daily_mean,0,week
D17D3D9D-3402-4182-B30A-91C97DE82353,CRM - Roving Creel Project,Drano Lake salmon and steelhead 2025,2,2025-07-07,2025-07-13,27,weekend,Boat,Chinook|Coho_Adult|Jack_AD|UM|UNK_Kept,PE,catch,daily_variance,0,week
D17D3D9D-3402-4182-B30A-91C97DE82353,CRM - Roving Creel Project,Drano Lake salmon and steelhead 2025,2,2025-07-07,2025-07-13,27,weekend,Boat,Chinook|Coho_Adult|Jack_AD|UM|UNK_Kept,PE,catch,days_open,2,week
D17D3D9D-3402-4182-B30A-91C97DE82353,CRM - Roving Creel Project,Drano Lake salmon and steelhead 2025,2,2025-07-07,2025-07-13,27,weekend,Boat,Chinook|Coho_Adult|Jack_AD|UM|UNK_Kept,PE,catch,degrees_freedom,23.5,week
D17D3D9D-3402-4182-B30A-91C97DE82353,CRM - Roving Creel Project,Drano Lake salmon and steelhead 2025,2,2025-07-07,2025-07-13,27,weekend,Boat,Chinook|Coho_Adult|Jack_AD|UM|UNK_Kept,PE,catch,total_catch,0,week
D17D3D9D-3402-4182-B30A-91C97DE82353,CRM - Roving Creel Project,Drano Lake salmon and steelhead 2025,2,2025-07-14,2025-07-20,28,weekday,Boat,Chinook|Coho_Adult|Jack_AD|UM|UNK_Kept,PE,catch,number_observations,1,week
D17D3D9D-3402-4182-B30A-91C97DE82353,CRM - Roving Creel Project,Drano Lake salmon and steelhead 2025,2,2025-07-14,2025-07-20,28,weekday,Boat,Chinook|Coho_Adult|Jack_AD|UM|UNK_Kept,PE,catch,daily_mean,6.543,week
D17D3D9D-3402-4182-B30A-91C97DE82353,CRM - Roving Creel Project,Drano Lake salmon and steelhead 2025,2,2025-07-14,2025-07-20,28,weekday,Boat,Chinook|Coho_Adult|Jack_AD|UM|UNK_Kept,PE,catch,daily_variance,0,week
D17D3D9D-3402-4182-B30A-91C97DE82353,CRM - Roving Creel Project,Drano Lake salmon and steelhead 2025,2,2025-07-14,2025-07-20,28,weekday,Boat,Chinook|Coho_Adult|Jack_AD|UM|UNK_Kept,PE,catch,days_open,5,week
D17D3D9D-3402-4182-B30A-91C97DE82353,CRM - Roving Creel Project,Drano Lake salmon and steelhead 2025,2,2025-07-14,2025-07-20,28,weekday,Boat,Chinook|Coho_Adult|Jack_AD|UM|UNK_Kept,PE,catch,degrees_freedom,23.5,week
D17D3D9D-3402-4182-B30A-91C97DE82353,CRM - Roving Creel Project,Drano Lake salmon and steelhead 2025,2,2025-07-14,2025-07-20,28,weekday,Boat,Chinook|Coho_Adult|Jack_AD|UM|UNK_Kept,PE,catch,total_catch,32.715,week
D17D3D9D-3402-4182-B30A-91C97DE82353,CRM - Roving Creel Project,Drano Lake salmon and steelhead 2025,2,2025-07-21,2025-07-27,29,weekday,Bank,Chinook|Coho_Adult|Jack_AD|UM|UNK_Kept,PE,catch,number_observations,2,week
D17D3D9D-3402-4182-B30A-91C97DE82353,CRM - Roving Creel Project,Drano Lake salmon and steelhead 2025,2,2025-07-21,2025-07-27,29,weekday,Bank,Chinook|Coho_Adult|Jack_AD|UM|UNK_Kept,PE,catch,daily_mean,0,week
D17D3D9D-3402-4182-B30A-91C97DE82353,CRM - Roving Creel Project,Drano Lake salmon and steelhead 2025,2,2025-07-21,2025-07-27,29,weekday,Bank,Chinook|Coho_Adult|Jack_AD|UM|UNK_Kept,PE,catch,daily_variance,0,week
D17D3D9D-3402-4182-B30A-91C97DE82353,CRM - Roving Creel Project,Drano Lake salmon and steelhead 2025,2,2025-07-21,2025-07-27,29,weekday,Bank,Chinook|Coho_Adult|Jack_AD|UM|UNK_Kept,PE,catch,days_open,5,week
D17D3D9D-3402-4182-B30A-91C97DE82353,CRM - Roving Creel Project,Drano Lake salmon and steelhead 2025,2,2025-07-21,2025-07-27,29,weekday,Bank,Chinook|Coho_Adult|Jack_AD|UM|UNK_Kept,PE,catch,degrees_freedom,23.5,week
D17D3D9D-3402-4182-B30A-91C97DE82353,CRM - Roving Creel Project,Drano Lake salmon and steelhead 2025,2,2025-07-21,2025-07-27,29,weekday,Bank,Chinook|Coho_Adult|Jack_AD|UM|UNK_Kept,PE,catch,total_catch,0,week
D17D3D9D-3402-4182-B30A-91C97DE82353,CRM - Roving Creel Project,Drano Lake salmon and steelhead 2025,2,2025-07-21,2025-07-27,29,weekday,Boat,Chinook|Coho_Adult|Jack_AD|UM|UNK_Kept,PE,catch,number_observations,1,week
D17D3D9D-3402-4182-B30A-91C97DE82353,CRM - Roving Creel Project,Drano Lake salmon and steelhead 2025,2,2025-07-21,2025-07-27,29,weekday,Boat,Chinook|Coho_Adult|Jack_AD|UM|UNK_Kept,PE,catch,daily_mean,15.449,week
D17D3D9D-3402-4182-B30A-91C97DE82353,CRM - Roving Creel Project,Drano Lake salmon and steelhead 2025,2,2025-07-21,2025-07-27,29,weekday,Boat,Chinook|Coho_Adult|Jack_AD|UM|UNK_Kept,PE,catch,daily_variance,0,week
D17D3D9D-3402-4182-B30A-91C97DE82353,CRM - Roving Creel Project,Drano Lake salmon and steelhead 2025,2,2025-07-21,2025-07-27,29,weekday,Boat,Chinook|Coho_Adult|Jack_AD|UM|UNK_Kept,PE,catch,days_open,5,week
D17D3D9D-3402-4182-B30A-91C97DE82353,CRM - Roving Creel Project,Drano Lake salmon and steelhead 2025,2,2025-07-21,2025-07-27,29,weekday,Boat,Chinook|Coho_Adult|Jack_AD|UM|UNK_Kept,PE,catch,degrees_freedom,23.5,week
D17D3D9D-3402-4182-B30A-91C97DE82353,CRM - Roving Creel Project,Drano Lake salmon and steelhead 2025,2,2025-07-21,2025-07-27,29,weekday,Boat,Chinook|Coho_Adult|Jack_AD|UM|UNK_Kept,PE,catch,total_catch,77.245,week
D17D3D9D-3402-4182-B30A-91C97DE82353,CRM - Roving Creel Project,Drano Lake salmon and steelhead 2025,2,2025-07-21,2025-07-27,29,weekend,Bank,Chinook|Coho_Adult|Jack_AD|UM|UNK_Kept,PE,catch,number_observations,1,week
D17D3D9D-3402-4182-B30A-91C97DE82353,CRM - Roving Creel Project,Drano Lake salmon and steelhead 2025,2,2025-07-21,2025-07-27,29,weekend,Bank,Chinook|Coho_Adult|Jack_AD|UM|UNK_Kept,PE,catch,daily_mean,0,week
D17D3D9D-3402-4182-B30A-91C97DE82353,CRM - Roving Creel Project,Drano Lake salmon and steelhead 2025,2,2025-07-21,2025-07-27,29,weekend,Bank,Chinook|Coho_Adult|Jack_AD|UM|UNK_Kept,PE,catch,daily_variance,0,week
D17D3D9D-3402-4182-B30A-91C97DE82353,CRM - Roving Creel Project,Drano Lake salmon and steelhead 2025,2,2025-07-21,2025-07-27,29,weekend,Bank,Chinook|Coho_Adult|Jack_AD|UM|UNK_Kept,PE,catch,days_open,2,week
D17D3D9D-3402-4182-B30A-91C97DE82353,CRM - Roving Creel Project,Drano Lake salmon and steelhead 2025,2,2025-07-21,2025-07-27,29,weekend,Bank,Chinook|Coho_Adult|Jack_AD|UM|UNK_Kept,PE,catch,degrees_freedom,23.5,week
D17D3D9D-3402-4182-B30A-91C97DE82353,CRM - Roving Creel Project,Drano Lake salmon and steelhead 2025,2,2025-07-21,2025-07-27,29,weekend,Bank,Chinook|Coho_Adult|Jack_AD|UM|UNK_Kept,PE,catch,total_catch,0,week
D17D3D9D-3402-4182-B30A-91C97DE82353,CRM - Roving Creel Project,Drano Lake salmon and steelhead 2025,2,2025-07-21,2025-07-27,29,weekend,Boat,Chinook|Coho_Adult|Jack_AD|UM|UNK_Kept,PE,catch,number_observations,1,week
D17D3D9D-3402-4182-B30A-91C97DE82353,CRM - Roving Creel Project,Drano Lake salmon and steelhead 2025,2,2025-07-21,2025-07-27,29,weekend,Boat,Chinook|Coho_Adult|Jack_AD|UM|UNK_Kept,PE,catch,daily_mean,4.663,week
D17D3D9D-3402-4182-B30A-91C97DE82353,CRM - Roving Creel Project,Drano Lake salmon and steelhead 2025,2,2025-07-21,2025-07-27,29,weekend,Boat,Chinook|Coho_Adult|Jack_AD|UM|UNK_Kept,PE,catch,daily_variance,0,week
D17D3D9D-3402-4182-B30A-91C97DE82353,CRM - Roving Creel Project,Drano Lake salmon and steelhead 2025,2,2025-07-21,2025-07-27,29,weekend,Boat,Chinook|Coho_Adult|Jack_AD|UM|UNK_Kept,PE,catch,days_open,2,week
D17D3D9D-3402-4182-B30A-91C97DE82353,CRM - Roving Creel Project,Drano Lake salmon and steelhead 2025,2,2025-07-21,2025-07-27,29,weekend,Boat,Chinook|Coho_Adult|Jack_AD|UM|UNK_Kept,PE,catch,degrees_freedom,23.5,week
D17D3D9D-3402-4182-B30A-91C97DE82353,CRM - Roving Creel Project,Drano Lake salmon and steelhead 2025,2,2025-07-21,2025-07-27,29,weekend,Boat,Chinook|Coho_Adult|Jack_AD|UM|UNK_Kept,PE,catch,total_catch,9.326,week
D17D3D9D-3402-4182-B30A-91C97DE82353,CRM - Roving Creel Project,Drano Lake salmon and steelhead 2025,2,2025-07-28,2025-08-03,30,weekend,Bank,Chinook|Coho_Adult|Jack_AD|UM|UNK_Kept,PE,catch,number_observations,1,week
D17D3D9D-3402-4182-B30A-91C97DE82353,CRM - Roving Creel Project,Drano Lake salmon and steelhead 2025,2,2025-07-28,2025-08-03,30,weekend,Bank,Chinook|Coho_Adult|Jack_AD|UM|UNK_Kept,PE,catch,daily_mean,0,week
D17D3D9D-3402-4182-B30A-91C97DE82353,CRM - Roving Creel Project,Drano Lake salmon and steelhead 2025,2,2025-07-28,2025-08-03,30,weekend,Bank,Chinook|Coho_Adult|Jack_AD|UM|UNK_Kept,PE,catch,daily_variance,0,week
D17D3D9D-3402-4182-B30A-91C97DE82353,CRM - Roving Creel Project,Drano Lake salmon and steelhead 2025,2,2025-07-28,2025-08-03,30,weekend,Bank,Chinook|Coho_Adult|Jack_AD|UM|UNK_Kept,PE,catch,days_open,2,week
D17D3D9D-3402-4182-B30A-91C97DE82353,CRM - Roving Creel Project,Drano Lake salmon and steelhead 2025,2,2025-07-28,2025-08-03,30,weekend,Bank,Chinook|Coho_Adult|Jack_AD|UM|UNK_Kept,PE,catch,degrees_freedom,23.5,week
D17D3D9D-3402-4182-B30A-91C97DE82353,CRM - Roving Creel Project,Drano Lake salmon and steelhead 2025,2,2025-07-28,2025-08-03,30,weekend,Bank,Chinook|Coho_Adult|Jack_AD|UM|UNK_Kept,PE,catch,total_catch,0,week
D17D3D9D-3402-4182-B30A-91C97DE82353,CRM - Roving Creel Project,Drano Lake salmon and steelhead 2025,2,2025-07-28,2025-08-03,30,weekend,Boat,Chinook|Coho_Adult|Jack_AD|UM|UNK_Kept,PE,catch,number_observations,1,week
D17D3D9D-3402-4182-B30A-91C97DE82353,CRM - Roving Creel Project,Drano Lake salmon and steelhead 2025,2,2025-07-28,2025-08-03,30,weekend,Boat,Chinook|Coho_Adult|Jack_AD|UM|UNK_Kept,PE,catch,daily_mean,6.659,week
D17D3D9D-3402-4182-B30A-91C97DE82353,CRM - Roving Creel Project,Drano Lake salmon and steelhead 2025,2,2025-07-28,2025-08-03,30,weekend,Boat,Chinook|Coho_Adult|Jack_AD|UM|UNK_Kept,PE,catch,daily_variance,0,week
D17D3D9D-3402-4182-B30A-91C97DE82353,CRM - Roving Creel Project,Drano Lake salmon and steelhead 2025,2,2025-07-28,2025-08-03,30,weekend,Boat,Chinook|Coho_Adult|Jack_AD|UM|UNK_Kept,PE,catch,days_open,2,week
D17D3D9D-3402-4182-B30A-91C97DE82353,CRM - Roving Creel Project,Drano Lake salmon and steelhead 2025,2,2025-07-28,2025-08-03,30,weekend,Boat,Chinook|Coho_Adult|Jack_AD|UM|UNK_Kept,PE,catch,degrees_freedom,23.5,week
D17D3D9D-3402-4182-B30A-91C97DE82353,CRM - Roving Creel Project,Drano Lake salmon and steelhead 2025,2,2025-07-28,2025-08-03,30,weekend,Boat,Chinook|Coho_Adult|Jack_AD|UM|UNK_Kept,PE,catch,total_catch,13.318,week
D17D3D9D-3402-4182-B30A-91C97DE82353,CRM - Roving Creel Project,Drano Lake salmon and steelhead 2025,2,2025-08-04,2025-08-10,31,weekday,Bank,Chinook|Coho_Adult|Jack_AD|UM|UNK_Kept,PE,catch,number_observations,1,week
D17D3D9D-3402-4182-B30A-91C97DE82353,CRM - Roving Creel Project,Drano Lake salmon and steelhead 2025,2,2025-08-04,2025-08-10,31,weekday,Bank,Chinook|Coho_Adult|Jack_AD|UM|UNK_Kept,PE,catch,daily_mean,0,week
D17D3D9D-3402-4182-B30A-91C97DE82353,CRM - Roving Creel Project,Drano Lake salmon and steelhead 2025,2,2025-08-04,2025-08-10,31,weekday,Bank,Chinook|Coho_Adult|Jack_AD|UM|UNK_Kept,PE,catch,daily_variance,0,week
D17D3D9D-3402-4182-B30A-91C97DE82353,CRM - Roving Creel Project,Drano Lake salmon and steelhead 2025,2,2025-08-04,2025-08-10,31,weekday,Bank,Chinook|Coho_Adult|Jack_AD|UM|UNK_Kept,PE,catch,days_open,5,week
D17D3D9D-3402-4182-B30A-91C97DE82353,CRM - Roving Creel Project,Drano Lake salmon and steelhead 2025,2,2025-08-04,2025-08-10,31,weekday,Bank,Chinook|Coho_Adult|Jack_AD|UM|UNK_Kept,PE,catch,degrees_freedom,23.5,week
D17D3D9D-3402-4182-B30A-91C97DE82353,CRM - Roving Creel Project,Drano Lake salmon and steelhead 2025,2,2025-08-04,2025-08-10,31,weekday,Bank,Chinook|Coho_Adult|Jack_AD|UM|UNK_Kept,PE,catch,total_catch,0,week
D17D3D9D-3402-4182-B30A-91C97DE82353,CRM - Roving Creel Project,Drano Lake salmon and steelhead 2025,2,2025-08-04,2025-08-10,31,weekday,Boat,Chinook|Coho_Adult|Jack_AD|UM|UNK_Kept,PE,catch,number_observations,1,week
D17D3D9D-3402-4182-B30A-91C97DE82353,CRM - Roving Creel Project,Drano Lake salmon and steelhead 2025,2,2025-08-04,2025-08-10,31,weekday,Boat,Chinook|Coho_Adult|Jack_AD|UM|UNK_Kept,PE,catch,daily_mean,0,week
D17D3D9D-3402-4182-B30A-91C97DE82353,CRM - Roving Creel Project,Drano Lake salmon and steelhead 2025,2,2025-08-04,2025-08-10,31,weekday,Boat,Chinook|Coho_Adult|Jack_AD|UM|UNK_Kept,PE,catch,daily_variance,0,week
D17D3D9D-3402-4182-B30A-91C97DE82353,CRM - Roving Creel Project,Drano Lake salmon and steelhead 2025,2,2025-08-04,2025-08-10,31,weekday,Boat,Chinook|Coho_Adult|Jack_AD|UM|UNK_Kept,PE,catch,days_open,5,week
D17D3D9D-3402-4182-B30A-91C97DE82353,CRM - Roving Creel Project,Drano Lake salmon and steelhead 2025,2,2025-08-04,2025-08-10,31,weekday,Boat,Chinook|Coho_Adult|Jack_AD|UM|UNK_Kept,PE,catch,degrees_freedom,23.5,week
D17D3D9D-3402-4182-B30A-91C97DE82353,CRM - Roving Creel Project,Drano Lake salmon and steelhead 2025,2,2025-08-04,2025-08-10,31,weekday,Boat,Chinook|Coho_Adult|Jack_AD|UM|UNK_Kept,PE,catch,total_catch,0,week
D17D3D9D-3402-4182-B30A-91C97DE82353,CRM - Roving Creel Project,Drano Lake salmon and steelhead 2025,2,2025-08-04,2025-08-10,31,weekend,Bank,Chinook|Coho_Adult|Jack_AD|UM|UNK_Kept,PE,catch,number_observations,1,week
D17D3D9D-3402-4182-B30A-91C97DE82353,CRM - Roving Creel Project,Drano Lake salmon and steelhead 2025,2,2025-08-04,2025-08-10,31,weekend,Bank,Chinook|Coho_Adult|Jack_AD|UM|UNK_Kept,PE,catch,daily_mean,0,week
D17D3D9D-3402-4182-B30A-91C97DE82353,CRM - Roving Creel Project,Drano Lake salmon and steelhead 2025,2,2025-08-04,2025-08-10,31,weekend,Bank,Chinook|Coho_Adult|Jack_AD|UM|UNK_Kept,PE,catch,daily_variance,0,week
D17D3D9D-3402-4182-B30A-91C97DE82353,CRM - Roving Creel Project,Drano Lake salmon and steelhead 2025,2,2025-08-04,2025-08-10,31,weekend,Bank,Chinook|Coho_Adult|Jack_AD|UM|UNK_Kept,PE,catch,days_open,2,week
D17D3D9D-3402-4182-B30A-91C97DE82353,CRM - Roving Creel Project,Drano Lake salmon and steelhead 2025,2,2025-08-04,2025-08-10,31,weekend,Bank,Chinook|Coho_Adult|Jack_AD|UM|UNK_Kept,PE,catch,degrees_freedom,23.5,week
D17D3D9D-3402-4182-B30A-91C97DE82353,CRM - Roving Creel Project,Drano Lake salmon and steelhead 2025,2,2025-08-04,2025-08-10,31,weekend,Bank,Chinook|Coho_Adult|Jack_AD|UM|UNK_Kept,PE,catch,total_catch,0,week
D17D3D9D-3402-4182-B30A-91C97DE82353,CRM - Roving Creel Project,Drano Lake salmon and steelhead 2025,2,2025-08-04,2025-08-10,31,weekend,Boat,Chinook|Coho_Adult|Jack_AD|UM|UNK_Kept,PE,catch,number_observations,1,week
D17D3D9D-3402-4182-B30A-91C97DE82353,CRM - Roving Creel Project,Drano Lake salmon and steelhead 2025,2,2025-08-04,2025-08-10,31,weekend,Boat,Chinook|Coho_Adult|Jack_AD|UM|UNK_Kept,PE,catch,daily_mean,0,week
D17D3D9D-3402-4182-B30A-91C97DE82353,CRM - Roving Creel Project,Drano Lake salmon and steelhead 2025,2,2025-08-04,2025-08-10,31,weekend,Boat,Chinook|Coho_Adult|Jack_AD|UM|UNK_Kept,PE,catch,daily_variance,0,week
D17D3D9D-3402-4182-B30A-91C97DE82353,CRM - Roving Creel Project,Drano Lake salmon and steelhead 2025,2,2025-08-04,2025-08-10,31,weekend,Boat,Chinook|Coho_Adult|Jack_AD|UM|UNK_Kept,PE,catch,days_open,2,week
D17D3D9D-3402-4182-B30A-91C97DE82353,CRM - Roving Creel Project,Drano Lake salmon and steelhead 2025,2,2025-08-04,2025-08-10,31,weekend,Boat,Chinook|Coho_Adult|Jack_AD|UM|UNK_Kept,PE,catch,degrees_freedom,23.5,week
D17D3D9D-3402-4182-B30A-91C97DE82353,CRM - Roving Creel Project,Drano Lake salmon and steelhead 2025,2,2025-08-04,2025-08-10,31,weekend,Boat,Chinook|Coho_Adult|Jack_AD|UM|UNK_Kept,PE,catch,total_catch,0,week
D17D3D9D-3402-4182-B30A-91C97DE82353,CRM - Roving Creel Project,Drano Lake salmon and steelhead 2025,2,2025-08-11,2025-08-17,32,weekday,Bank,Chinook|Coho_Adult|Jack_AD|UM|UNK_Kept,PE,catch,number_observations,1,week
D17D3D9D-3402-4182-B30A-91C97DE82353,CRM - Roving Creel Project,Drano Lake salmon and steelhead 2025,2,2025-08-11,2025-08-17,32,weekday,Bank,Chinook|Coho_Adult|Jack_AD|UM|UNK_Kept,PE,catch,daily_mean,0,week
D17D3D9D-3402-4182-B30A-91C97DE82353,CRM - Roving Creel Project,Drano Lake salmon and steelhead 2025,2,2025-08-11,2025-08-17,32,weekday,Bank,Chinook|Coho_Adult|Jack_AD|UM|UNK_Kept,PE,catch,daily_variance,0,week
D17D3D9D-3402-4182-B30A-91C97DE82353,CRM - Roving Creel Project,Drano Lake salmon and steelhead 2025,2,2025-08-11,2025-08-17,32,weekday,Bank,Chinook|Coho_Adult|Jack_AD|UM|UNK_Kept,PE,catch,days_open,5,week
D17D3D9D-3402-4182-B30A-91C97DE82353,CRM - Roving Creel Project,Drano Lake salmon and steelhead 2025,2,2025-08-11,2025-08-17,32,weekday,Bank,Chinook|Coho_Adult|Jack_AD|UM|UNK_Kept,PE,catch,degrees_freedom,23.5,week
D17D3D9D-3402-4182-B30A-91C97DE82353,CRM - Roving Creel Project,Drano Lake salmon and steelhead 2025,2,2025-08-11,2025-08-17,32,weekday,Bank,Chinook|Coho_Adult|Jack_AD|UM|UNK_Kept,PE,catch,total_catch,0,week
D17D3D9D-3402-4182-B30A-91C97DE82353,CRM - Roving Creel Project,Drano Lake salmon and steelhead 2025,2,2025-08-11,2025-08-17,32,weekday,Boat,Chinook|Coho_Adult|Jack_AD|UM|UNK_Kept,PE,catch,number_observations,1,week
D17D3D9D-3402-4182-B30A-91C97DE82353,CRM - Roving Creel Project,Drano Lake salmon and steelhead 2025,2,2025-08-11,2025-08-17,32,weekday,Boat,Chinook|Coho_Adult|Jack_AD|UM|UNK_Kept,PE,catch,daily_mean,0,week
D17D3D9D-3402-4182-B30A-91C97DE82353,CRM - Roving Creel Project,Drano Lake salmon and steelhead 2025,2,2025-08-11,2025-08-17,32,weekday,Boat,Chinook|Coho_Adult|Jack_AD|UM|UNK_Kept,PE,catch,daily_variance,0,week
D17D3D9D-3402-4182-B30A-91C97DE82353,CRM - Roving Creel Project,Drano Lake salmon and steelhead 2025,2,2025-08-11,2025-08-17,32,weekday,Boat,Chinook|Coho_Adult|Jack_AD|UM|UNK_Kept,PE,catch,days_open,5,week
D17D3D9D-3402-4182-B30A-91C97DE82353,CRM - Roving Creel Project,Drano Lake salmon and steelhead 2025,2,2025-08-11,2025-08-17,32,weekday,Boat,Chinook|Coho_Adult|Jack_AD|UM|UNK_Kept,PE,catch,degrees_freedom,23.5,week
D17D3D9D-3402-4182-B30A-91C97DE82353,CRM - Roving Creel Project,Drano Lake salmon and steelhead 2025,2,2025-08-11,2025-08-17,32,weekday,Boat,Chinook|Coho_Adult|Jack_AD|UM|UNK_Kept,PE,catch,total_catch,0,week
D17D3D9D-3402-4182-B30A-91C97DE82353,CRM - Roving Creel Project,Drano Lake salmon and steelhead 2025,2,2025-08-11,2025-08-17,32,weekend,Bank,Chinook|Coho_Adult|Jack_AD|UM|UNK_Kept,PE,catch,number_observations,2,week
D17D3D9D-3402-4182-B30A-91C97DE82353,CRM - Roving Creel Project,Drano Lake salmon and steelhead 2025,2,2025-08-11,2025-08-17,32,weekend,Bank,Chinook|Coho_Adult|Jack_AD|UM|UNK_Kept,PE,catch,daily_mean,0,week
D17D3D9D-3402-4182-B30A-91C97DE82353,CRM - Roving Creel Project,Drano Lake salmon and steelhead 2025,2,2025-08-11,2025-08-17,32,weekend,Bank,Chinook|Coho_Adult|Jack_AD|UM|UNK_Kept,PE,catch,daily_variance,0,week
D17D3D9D-3402-4182-B30A-91C97DE82353,CRM - Roving Creel Project,Drano Lake salmon and steelhead 2025,2,2025-08-11,2025-08-17,32,weekend,Bank,Chinook|Coho_Adult|Jack_AD|UM|UNK_Kept,PE,catch,days_open,2,week
D17D3D9D-3402-4182-B30A-91C97DE82353,CRM - Roving Creel Project,Drano Lake salmon and steelhead 2025,2,2025-08-11,2025-08-17,32,weekend,Bank,Chinook|Coho_Adult|Jack_AD|UM|UNK_Kept,PE,catch,degrees_freedom,23.5,week
D17D3D9D-3402-4182-B30A-91C97DE82353,CRM - Roving Creel Project,Drano Lake salmon and steelhead 2025,2,2025-08-11,2025-08-17,32,weekend,Bank,Chinook|Coho_Adult|Jack_AD|UM|UNK_Kept,PE,catch,total_catch,0,week
D17D3D9D-3402-4182-B30A-91C97DE82353,CRM - Roving Creel Project,Drano Lake salmon and steelhead 2025,2,2025-08-11,2025-08-17,32,weekend,Boat,Chinook|Coho_Adult|Jack_AD|UM|UNK_Kept,PE,catch,number_observations,2,week
D17D3D9D-3402-4182-B30A-91C97DE82353,CRM - Roving Creel Project,Drano Lake salmon and steelhead 2025,2,2025-08-11,2025-08-17,32,weekend,Boat,Chinook|Coho_Adult|Jack_AD|UM|UNK_Kept,PE,catch,daily_mean,1.9655,week
D17D3D9D-3402-4182-B30A-91C97DE82353,CRM - Roving Creel Project,Drano Lake salmon and steelhead 2025,2,2025-08-11,2025-08-17,32,weekend,Boat,Chinook|Coho_Adult|Jack_AD|UM|UNK_Kept,PE,catch,daily_variance,7.7263805,week
D17D3D9D-3402-4182-B30A-91C97DE82353,CRM - Roving Creel Project,Drano Lake salmon and steelhead 2025,2,2025-08-11,2025-08-17,32,weekend,Boat,Chinook|Coho_Adult|Jack_AD|UM|UNK_Kept,PE,catch,days_open,2,week
D17D3D9D-3402-4182-B30A-91C97DE82353,CRM - Roving Creel Project,Drano Lake salmon and steelhead 2025,2,2025-08-11,2025-08-17,32,weekend,Boat,Chinook|Coho_Adult|Jack_AD|UM|UNK_Kept,PE,catch,degrees_freedom,23.5,week
D17D3D9D-3402-4182-B30A-91C97DE82353,CRM - Roving Creel Project,Drano Lake salmon and steelhead 2025,2,2025-08-11,2025-08-17,32,weekend,Boat,Chinook|Coho_Adult|Jack_AD|UM|UNK_Kept,PE,catch,total_catch,3.931,week
D17D3D9D-3402-4182-B30A-91C97DE82353,CRM - Roving Creel Project,Drano Lake salmon and steelhead 2025,2,2025-08-18,2025-08-24,33,weekend,Bank,Chinook|Coho_Adult|Jack_AD|UM|UNK_Kept,PE,catch,number_observations,2,week
D17D3D9D-3402-4182-B30A-91C97DE82353,CRM - Roving Creel Project,Drano Lake salmon and steelhead 2025,2,2025-08-18,2025-08-24,33,weekend,Bank,Chinook|Coho_Adult|Jack_AD|UM|UNK_Kept,PE,catch,daily_mean,0,week
D17D3D9D-3402-4182-B30A-91C97DE82353,CRM - Roving Creel Project,Drano Lake salmon and steelhead 2025,2,2025-08-18,2025-08-24,33,weekend,Bank,Chinook|Coho_Adult|Jack_AD|UM|UNK_Kept,PE,catch,daily_variance,0,week
D17D3D9D-3402-4182-B30A-91C97DE82353,CRM - Roving Creel Project,Drano Lake salmon and steelhead 2025,2,2025-08-18,2025-08-24,33,weekend,Bank,Chinook|Coho_Adult|Jack_AD|UM|UNK_Kept,PE,catch,days_open,2,week
D17D3D9D-3402-4182-B30A-91C97DE82353,CRM - Roving Creel Project,Drano Lake salmon and steelhead 2025,2,2025-08-18,2025-08-24,33,weekend,Bank,Chinook|Coho_Adult|Jack_AD|UM|UNK_Kept,PE,catch,degrees_freedom,23.5,week
D17D3D9D-3402-4182-B30A-91C97DE82353,CRM - Roving Creel Project,Drano Lake salmon and steelhead 2025,2,2025-08-18,2025-08-24,33,weekend,Bank,Chinook|Coho_Adult|Jack_AD|UM|UNK_Kept,PE,catch,total_catch,0,week
D17D3D9D-3402-4182-B30A-91C97DE82353,CRM - Roving Creel Project,Drano Lake salmon and steelhead 2025,2,2025-08-18,2025-08-24,33,weekend,Boat,Chinook|Coho_Adult|Jack_AD|UM|UNK_Kept,PE,catch,number_observations,2,week
D17D3D9D-3402-4182-B30A-91C97DE82353,CRM - Roving Creel Project,Drano Lake salmon and steelhead 2025,2,2025-08-18,2025-08-24,33,weekend,Boat,Chinook|Coho_Adult|Jack_AD|UM|UNK_Kept,PE,catch,daily_mean,0,week
D17D3D9D-3402-4182-B30A-91C97DE82353,CRM - Roving Creel Project,Drano Lake salmon and steelhead 2025,2,2025-08-18,2025-08-24,33,weekend,Boat,Chinook|Coho_Adult|Jack_AD|UM|UNK_Kept,PE,catch,daily_variance,0,week
D17D3D9D-3402-4182-B30A-91C97DE82353,CRM - Roving Creel Project,Drano Lake salmon and steelhead 2025,2,2025-08-18,2025-08-24,33,weekend,Boat,Chinook|Coho_Adult|Jack_AD|UM|UNK_Kept,PE,catch,days_open,2,week
D17D3D9D-3402-4182-B30A-91C97DE82353,CRM - Roving Creel Project,Drano Lake salmon and steelhead 2025,2,2025-08-18,2025-08-24,33,weekend,Boat,Chinook|Coho_Adult|Jack_AD|UM|UNK_Kept,PE,catch,degrees_freedom,23.5,week
D17D3D9D-3402-4182-B30A-91C97DE82353,CRM - Roving Creel Project,Drano Lake salmon and steelhead 2025,2,2025-08-18,2025-08-24,33,weekend,Boat,Chinook|Coho_Adult|Jack_AD|UM|UNK_Kept,PE,catch,total_catch,0,week
D17D3D9D-3402-4182-B30A-91C97DE82353,CRM - Roving Creel Project,Drano Lake salmon and steelhead 2025,2,2025-08-25,2025-08-31,34,weekday,Bank,Chinook|Coho_Adult|Jack_AD|UM|UNK_Kept,PE,catch,number_observations,1,week
D17D3D9D-3402-4182-B30A-91C97DE82353,CRM - Roving Creel Project,Drano Lake salmon and steelhead 2025,2,2025-08-25,2025-08-31,34,weekday,Bank,Chinook|Coho_Adult|Jack_AD|UM|UNK_Kept,PE,catch,daily_mean,0,week
D17D3D9D-3402-4182-B30A-91C97DE82353,CRM - Roving Creel Project,Drano Lake salmon and steelhead 2025,2,2025-08-25,2025-08-31,34,weekday,Bank,Chinook|Coho_Adult|Jack_AD|UM|UNK_Kept,PE,catch,daily_variance,0,week
D17D3D9D-3402-4182-B30A-91C97DE82353,CRM - Roving Creel Project,Drano Lake salmon and steelhead 2025,2,2025-08-25,2025-08-31,34,weekday,Bank,Chinook|Coho_Adult|Jack_AD|UM|UNK_Kept,PE,catch,days_open,5,week
D17D3D9D-3402-4182-B30A-91C97DE82353,CRM - Roving Creel Project,Drano Lake salmon and steelhead 2025,2,2025-08-25,2025-08-31,34,weekday,Bank,Chinook|Coho_Adult|Jack_AD|UM|UNK_Kept,PE,catch,degrees_freedom,23.5,week
D17D3D9D-3402-4182-B30A-91C97DE82353,CRM - Roving Creel Project,Drano Lake salmon and steelhead 2025,2,2025-08-25,2025-08-31,34,weekday,Bank,Chinook|Coho_Adult|Jack_AD|UM|UNK_Kept,PE,catch,total_catch,0,week
D17D3D9D-3402-4182-B30A-91C97DE82353,CRM - Roving Creel Project,Drano Lake salmon and steelhead 2025,2,2025-08-25,2025-08-31,34,weekday,Boat,Chinook|Coho_Adult|Jack_AD|UM|UNK_Kept,PE,catch,number_observations,1,week
D17D3D9D-3402-4182-B30A-91C97DE82353,CRM - Roving Creel Project,Drano Lake salmon and steelhead 2025,2,2025-08-25,2025-08-31,34,weekday,Boat,Chinook|Coho_Adult|Jack_AD|UM|UNK_Kept,PE,catch,daily_mean,4.057,week
D17D3D9D-3402-4182-B30A-91C97DE82353,CRM - Roving Creel Project,Drano Lake salmon and steelhead 2025,2,2025-08-25,2025-08-31,34,weekday,Boat,Chinook|Coho_Adult|Jack_AD|UM|UNK_Kept,PE,catch,daily_variance,0,week
D17D3D9D-3402-4182-B30A-91C97DE82353,CRM - Roving Creel Project,Drano Lake salmon and steelhead 2025,2,2025-08-25,2025-08-31,34,weekday,Boat,Chinook|Coho_Adult|Jack_AD|UM|UNK_Kept,PE,catch,days_open,5,week
D17D3D9D-3402-4182-B30A-91C97DE82353,CRM - Roving Creel Project,Drano Lake salmon and steelhead 2025,2,2025-08-25,2025-08-31,34,weekday,Boat,Chinook|Coho_Adult|Jack_AD|UM|UNK_Kept,PE,catch,degrees_freedom,23.5,week
D17D3D9D-3402-4182-B30A-91C97DE82353,CRM - Roving Creel Project,Drano Lake salmon and steelhead 2025,2,2025-08-25,2025-08-31,34,weekday,Boat,Chinook|Coho_Adult|Jack_AD|UM|UNK_Kept,PE,catch,total_catch,20.285000000000004,week
D17D3D9D-3402-4182-B30A-91C97DE82353,CRM - Roving Creel Project,Drano Lake salmon and steelhead 2025,2,2025-08-25,2025-08-31,34,weekend,Bank,Chinook|Coho_Adult|Jack_AD|UM|UNK_Kept,PE,catch,number_observations,2,week
D17D3D9D-3402-4182-B30A-91C97DE82353,CRM - Roving Creel Project,Drano Lake salmon and steelhead 2025,2,2025-08-25,2025-08-31,34,weekend,Bank,Chinook|Coho_Adult|Jack_AD|UM|UNK_Kept,PE,catch,daily_mean,4.8805,week
D17D3D9D-3402-4182-B30A-91C97DE82353,CRM - Roving Creel Project,Drano Lake salmon and steelhead 2025,2,2025-08-25,2025-08-31,34,weekend,Bank,Chinook|Coho_Adult|Jack_AD|UM|UNK_Kept,PE,catch,daily_variance,47.63856049999999,week
D17D3D9D-3402-4182-B30A-91C97DE82353,CRM - Roving Creel Project,Drano Lake salmon and steelhead 2025,2,2025-08-25,2025-08-31,34,weekend,Bank,Chinook|Coho_Adult|Jack_AD|UM|UNK_Kept,PE,catch,days_open,2,week
D17D3D9D-3402-4182-B30A-91C97DE82353,CRM - Roving Creel Project,Drano Lake salmon and steelhead 2025,2,2025-08-25,2025-08-31,34,weekend,Bank,Chinook|Coho_Adult|Jack_AD|UM|UNK_Kept,PE,catch,degrees_freedom,23.5,week
D17D3D9D-3402-4182-B30A-91C97DE82353,CRM - Roving Creel Project,Drano Lake salmon and steelhead 2025,2,2025-08-25,2025-08-31,34,weekend,Bank,Chinook|Coho_Adult|Jack_AD|UM|UNK_Kept,PE,catch,total_catch,9.761,week
D17D3D9D-3402-4182-B30A-91C97DE82353,CRM - Roving Creel Project,Drano Lake salmon and steelhead 2025,2,2025-08-25,2025-08-31,34,weekend,Boat,Chinook|Coho_Adult|Jack_AD|UM|UNK_Kept,PE,catch,number_observations,1,week
D17D3D9D-3402-4182-B30A-91C97DE82353,CRM - Roving Creel Project,Drano Lake salmon and steelhead 2025,2,2025-08-25,2025-08-31,34,weekend,Boat,Chinook|Coho_Adult|Jack_AD|UM|UNK_Kept,PE,catch,daily_mean,0,week
D17D3D9D-3402-4182-B30A-91C97DE82353,CRM - Roving Creel Project,Drano Lake salmon and steelhead 2025,2,2025-08-25,2025-08-31,34,weekend,Boat,Chinook|Coho_Adult|Jack_AD|UM|UNK_Kept,PE,catch,daily_variance,0,week
D17D3D9D-3402-4182-B30A-91C97DE82353,CRM - Roving Creel Project,Drano Lake salmon and steelhead 2025,2,2025-08-25,2025-08-31,34,weekend,Boat,Chinook|Coho_Adult|Jack_AD|UM|UNK_Kept,PE,catch,days_open,2,week
D17D3D9D-3402-4182-B30A-91C97DE82353,CRM - Roving Creel Project,Drano Lake salmon and steelhead 2025,2,2025-08-25,2025-08-31,34,weekend,Boat,Chinook|Coho_Adult|Jack_AD|UM|UNK_Kept,PE,catch,degrees_freedom,23.5,week
D17D3D9D-3402-4182-B30A-91C97DE82353,CRM - Roving Creel Project,Drano Lake salmon and steelhead 2025,2,2025-08-25,2025-08-31,34,weekend,Boat,Chinook|Coho_Adult|Jack_AD|UM|UNK_Kept,PE,catch,total_catch,0,week
D17D3D9D-3402-4182-B30A-91C97DE82353,CRM - Roving Creel Project,Drano Lake salmon and steelhead 2025,2,2025-09-01,2025-09-07,35,weekday,Bank,Chinook|Coho_Adult|Jack_AD|UM|UNK_Kept,PE,catch,number_observations,1,week
D17D3D9D-3402-4182-B30A-91C97DE82353,CRM - Roving Creel Project,Drano Lake salmon and steelhead 2025,2,2025-09-01,2025-09-07,35,weekday,Bank,Chinook|Coho_Adult|Jack_AD|UM|UNK_Kept,PE,catch,daily_mean,0,week
D17D3D9D-3402-4182-B30A-91C97DE82353,CRM - Roving Creel Project,Drano Lake salmon and steelhead 2025,2,2025-09-01,2025-09-07,35,weekday,Bank,Chinook|Coho_Adult|Jack_AD|UM|UNK_Kept,PE,catch,daily_variance,0,week
D17D3D9D-3402-4182-B30A-91C97DE82353,CRM - Roving Creel Project,Drano Lake salmon and steelhead 2025,2,2025-09-01,2025-09-07,35,weekday,Bank,Chinook|Coho_Adult|Jack_AD|UM|UNK_Kept,PE,catch,days_open,4,week
D17D3D9D-3402-4182-B30A-91C97DE82353,CRM - Roving Creel Project,Drano Lake salmon and steelhead 2025,2,2025-09-01,2025-09-07,35,weekday,Bank,Chinook|Coho_Adult|Jack_AD|UM|UNK_Kept,PE,catch,degrees_freedom,23.5,week
D17D3D9D-3402-4182-B30A-91C97DE82353,CRM - Roving Creel Project,Drano Lake salmon and steelhead 2025,2,2025-09-01,2025-09-07,35,weekday,Bank,Chinook|Coho_Adult|Jack_AD|UM|UNK_Kept,PE,catch,total_catch,0,week
D17D3D9D-3402-4182-B30A-91C97DE82353,CRM - Roving Creel Project,Drano Lake salmon and steelhead 2025,2,2025-09-01,2025-09-07,35,weekend,Bank,Chinook|Coho_Adult|Jack_AD|UM|UNK_Kept,PE,catch,number_observations,1,week
D17D3D9D-3402-4182-B30A-91C97DE82353,CRM - Roving Creel Project,Drano Lake salmon and steelhead 2025,2,2025-09-01,2025-09-07,35,weekend,Bank,Chinook|Coho_Adult|Jack_AD|UM|UNK_Kept,PE,catch,daily_mean,25.942,week
D17D3D9D-3402-4182-B30A-91C97DE82353,CRM - Roving Creel Project,Drano Lake salmon and steelhead 2025,2,2025-09-01,2025-09-07,35,weekend,Bank,Chinook|Coho_Adult|Jack_AD|UM|UNK_Kept,PE,catch,daily_variance,0,week
D17D3D9D-3402-4182-B30A-91C97DE82353,CRM - Roving Creel Project,Drano Lake salmon and steelhead 2025,2,2025-09-01,2025-09-07,35,weekend,Bank,Chinook|Coho_Adult|Jack_AD|UM|UNK_Kept,PE,catch,days_open,3,week
D17D3D9D-3402-4182-B30A-91C97DE82353,CRM - Roving Creel Project,Drano Lake salmon and steelhead 2025,2,2025-09-01,2025-09-07,35,weekend,Bank,Chinook|Coho_Adult|Jack_AD|UM|UNK_Kept,PE,catch,degrees_freedom,23.5,week
D17D3D9D-3402-4182-B30A-91C97DE82353,CRM - Roving Creel Project,Drano Lake salmon and steelhead 2025,2,2025-09-01,2025-09-07,35,weekend,Bank,Chinook|Coho_Adult|Jack_AD|UM|UNK_Kept,PE,catch,total_catch,77.826,week
D17D3D9D-3402-4182-B30A-91C97DE82353,CRM - Roving Creel Project,Drano Lake salmon and steelhead 2025,2,2025-09-01,2025-09-07,35,weekend,Boat,Chinook|Coho_Adult|Jack_AD|UM|UNK_Kept,PE,catch,number_observations,1,week
D17D3D9D-3402-4182-B30A-91C97DE82353,CRM - Roving Creel Project,Drano Lake salmon and steelhead 2025,2,2025-09-01,2025-09-07,35,weekend,Boat,Chinook|Coho_Adult|Jack_AD|UM|UNK_Kept,PE,catch,daily_mean,23.792,week
D17D3D9D-3402-4182-B30A-91C97DE82353,CRM - Roving Creel Project,Drano Lake salmon and steelhead 2025,2,2025-09-01,2025-09-07,35,weekend,Boat,Chinook|Coho_Adult|Jack_AD|UM|UNK_Kept,PE,catch,daily_variance,0,week
D17D3D9D-3402-4182-B30A-91C97DE82353,CRM - Roving Creel Project,Drano Lake salmon and steelhead 2025,2,2025-09-01,2025-09-07,35,weekend,Boat,Chinook|Coho_Adult|Jack_AD|UM|UNK_Kept,PE,catch,days_open,3,week
D17D3D9D-3402-4182-B30A-91C97DE82353,CRM - Roving Creel Project,Drano Lake salmon and steelhead 2025,2,2025-09-01,2025-09-07,35,weekend,Boat,Chinook|Coho_Adult|Jack_AD|UM|UNK_Kept,PE,catch,degrees_freedom,23.5,week
D17D3D9D-3402-4182-B30A-91C97DE82353,CRM - Roving Creel Project,Drano Lake salmon and steelhead 2025,2,2025-09-01,2025-09-07,35,weekend,Boat,Chinook|Coho_Adult|Jack_AD|UM|UNK_Kept,PE,catch,total_catch,71.376,week
D17D3D9D-3402-4182-B30A-91C97DE82353,CRM - Roving Creel Project,Drano Lake salmon and steelhead 2025,2,2025-09-08,2025-09-14,36,weekday,Bank,Chinook|Coho_Adult|Jack_AD|UM|UNK_Kept,PE,catch,number_observations,2,week
D17D3D9D-3402-4182-B30A-91C97DE82353,CRM - Roving Creel Project,Drano Lake salmon and steelhead 2025,2,2025-09-08,2025-09-14,36,weekday,Bank,Chinook|Coho_Adult|Jack_AD|UM|UNK_Kept,PE,catch,daily_mean,11.0055,week
D17D3D9D-3402-4182-B30A-91C97DE82353,CRM - Roving Creel Project,Drano Lake salmon and steelhead 2025,2,2025-09-08,2025-09-14,36,weekday,Bank,Chinook|Coho_Adult|Jack_AD|UM|UNK_Kept,PE,catch,daily_variance,242.24206049999998,week
D17D3D9D-3402-4182-B30A-91C97DE82353,CRM - Roving Creel Project,Drano Lake salmon and steelhead 2025,2,2025-09-08,2025-09-14,36,weekday,Bank,Chinook|Coho_Adult|Jack_AD|UM|UNK_Kept,PE,catch,days_open,5,week
D17D3D9D-3402-4182-B30A-91C97DE82353,CRM - Roving Creel Project,Drano Lake salmon and steelhead 2025,2,2025-09-08,2025-09-14,36,weekday,Bank,Chinook|Coho_Adult|Jack_AD|UM|UNK_Kept,PE,catch,degrees_freedom,23.5,week
D17D3D9D-3402-4182-B30A-91C97DE82353,CRM - Roving Creel Project,Drano Lake salmon and steelhead 2025,2,2025-09-08,2025-09-14,36,weekday,Bank,Chinook|Coho_Adult|Jack_AD|UM|UNK_Kept,PE,catch,total_catch,55.027499999999996,week
D17D3D9D-3402-4182-B30A-91C97DE82353,CRM - Roving Creel Project,Drano Lake salmon and steelhead 2025,2,2025-09-08,2025-09-14,36,weekday,Boat,Chinook|Coho_Adult|Jack_AD|UM|UNK_Kept,PE,catch,number_observations,2,week
D17D3D9D-3402-4182-B30A-91C97DE82353,CRM - Roving Creel Project,Drano Lake salmon and steelhead 2025,2,2025-09-08,2025-09-14,36,weekday,Boat,Chinook|Coho_Adult|Jack_AD|UM|UNK_Kept,PE,catch,daily_mean,116.848,week
D17D3D9D-3402-4182-B30A-91C97DE82353,CRM - Roving Creel Project,Drano Lake salmon and steelhead 2025,2,2025-09-08,2025-09-14,36,weekday,Boat,Chinook|Coho_Adult|Jack_AD|UM|UNK_Kept,PE,catch,daily_variance,14640.342728000001,week
D17D3D9D-3402-4182-B30A-91C97DE82353,CRM - Roving Creel Project,Drano Lake salmon and steelhead 2025,2,2025-09-08,2025-09-14,36,weekday,Boat,Chinook|Coho_Adult|Jack_AD|UM|UNK_Kept,PE,catch,days_open,5,week
D17D3D9D-3402-4182-B30A-91C97DE82353,CRM - Roving Creel Project,Drano Lake salmon and steelhead 2025,2,2025-09-08,2025-09-14,36,weekday,Boat,Chinook|Coho_Adult|Jack_AD|UM|UNK_Kept,PE,catch,degrees_freedom,23.5,week
D17D3D9D-3402-4182-B30A-91C97DE82353,CRM - Roving Creel Project,Drano Lake salmon and steelhead 2025,2,2025-09-08,2025-09-14,36,weekday,Boat,Chinook|Coho_Adult|Jack_AD|UM|UNK_Kept,PE,catch,total_catch,584.24,week
D17D3D9D-3402-4182-B30A-91C97DE82353,CRM - Roving Creel Project,Drano Lake salmon and steelhead 2025,2,2025-09-08,2025-09-14,36,weekend,Bank,Chinook|Coho_Adult|Jack_AD|UM|UNK_Kept,PE,catch,number_observations,2,week
D17D3D9D-3402-4182-B30A-91C97DE82353,CRM - Roving Creel Project,Drano Lake salmon and steelhead 2025,2,2025-09-08,2025-09-14,36,weekend,Bank,Chinook|Coho_Adult|Jack_AD|UM|UNK_Kept,PE,catch,daily_mean,4.184,week
D17D3D9D-3402-4182-B30A-91C97DE82353,CRM - Roving Creel Project,Drano Lake salmon and steelhead 2025,2,2025-09-08,2025-09-14,36,weekend,Bank,Chinook|Coho_Adult|Jack_AD|UM|UNK_Kept,PE,catch,daily_variance,0.5263380000000003,week
D17D3D9D-3402-4182-B30A-91C97DE82353,CRM - Roving Creel Project,Drano Lake salmon and steelhead 2025,2,2025-09-08,2025-09-14,36,weekend,Bank,Chinook|Coho_Adult|Jack_AD|UM|UNK_Kept,PE,catch,days_open,2,week
D17D3D9D-3402-4182-B30A-91C97DE82353,CRM - Roving Creel Project,Drano Lake salmon and steelhead 2025,2,2025-09-08,2025-09-14,36,weekend,Bank,Chinook|Coho_Adult|Jack_AD|UM|UNK_Kept,PE,catch,degrees_freedom,23.5,week
D17D3D9D-3402-4182-B30A-91C97DE82353,CRM - Roving Creel Project,Drano Lake salmon and steelhead 2025,2,2025-09-08,2025-09-14,36,weekend,Bank,Chinook|Coho_Adult|Jack_AD|UM|UNK_Kept,PE,catch,total_catch,8.368,week
D17D3D9D-3402-4182-B30A-91C97DE82353,CRM - Roving Creel Project,Drano Lake salmon and steelhead 2025,2,2025-09-08,2025-09-14,36,weekend,Boat,Chinook|Coho_Adult|Jack_AD|UM|UNK_Kept,PE,catch,number_observations,1,week
D17D3D9D-3402-4182-B30A-91C97DE82353,CRM - Roving Creel Project,Drano Lake salmon and steelhead 2025,2,2025-09-08,2025-09-14,36,weekend,Boat,Chinook|Coho_Adult|Jack_AD|UM|UNK_Kept,PE,catch,daily_mean,4.479,week
D17D3D9D-3402-4182-B30A-91C97DE82353,CRM - Roving Creel Project,Drano Lake salmon and steelhead 2025,2,2025-09-08,2025-09-14,36,weekend,Boat,Chinook|Coho_Adult|Jack_AD|UM|UNK_Kept,PE,catch,daily_variance,0,week
D17D3D9D-3402-4182-B30A-91C97DE82353,CRM - Roving Creel Project,Drano Lake salmon and steelhead 2025,2,2025-09-08,2025-09-14,36,weekend,Boat,Chinook|Coho_Adult|Jack_AD|UM|UNK_Kept,PE,catch,days_open,2,week
D17D3D9D-3402-4182-B30A-91C97DE82353,CRM - Roving Creel Project,Drano Lake salmon and steelhead 2025,2,2025-09-08,2025-09-14,36,weekend,Boat,Chinook|Coho_Adult|Jack_AD|UM|UNK_Kept,PE,catch,degrees_freedom,23.5,week
D17D3D9D-3402-4182-B30A-91C97DE82353,CRM - Roving Creel Project,Drano Lake salmon and steelhead 2025,2,2025-09-08,2025-09-14,36,weekend,Boat,Chinook|Coho_Adult|Jack_AD|UM|UNK_Kept,PE,catch,total_catch,8.958,week
D17D3D9D-3402-4182-B30A-91C97DE82353,CRM - Roving Creel Project,Drano Lake salmon and steelhead 2025,2,2025-09-15,2025-09-21,37,weekday,Bank,Chinook|Coho_Adult|Jack_AD|UM|UNK_Kept,PE,catch,number_observations,1,week
D17D3D9D-3402-4182-B30A-91C97DE82353,CRM - Roving Creel Project,Drano Lake salmon and steelhead 2025,2,2025-09-15,2025-09-21,37,weekday,Bank,Chinook|Coho_Adult|Jack_AD|UM|UNK_Kept,PE,catch,daily_mean,0,week
D17D3D9D-3402-4182-B30A-91C97DE82353,CRM - Roving Creel Project,Drano Lake salmon and steelhead 2025,2,2025-09-15,2025-09-21,37,weekday,Bank,Chinook|Coho_Adult|Jack_AD|UM|UNK_Kept,PE,catch,daily_variance,0,week
D17D3D9D-3402-4182-B30A-91C97DE82353,CRM - Roving Creel Project,Drano Lake salmon and steelhead 2025,2,2025-09-15,2025-09-21,37,weekday,Bank,Chinook|Coho_Adult|Jack_AD|UM|UNK_Kept,PE,catch,days_open,5,week
D17D3D9D-3402-4182-B30A-91C97DE82353,CRM - Roving Creel Project,Drano Lake salmon and steelhead 2025,2,2025-09-15,2025-09-21,37,weekday,Bank,Chinook|Coho_Adult|Jack_AD|UM|UNK_Kept,PE,catch,degrees_freedom,23.5,week
D17D3D9D-3402-4182-B30A-91C97DE82353,CRM - Roving Creel Project,Drano Lake salmon and steelhead 2025,2,2025-09-15,2025-09-21,37,weekday,Bank,Chinook|Coho_Adult|Jack_AD|UM|UNK_Kept,PE,catch,total_catch,0,week
D17D3D9D-3402-4182-B30A-91C97DE82353,CRM - Roving Creel Project,Drano Lake salmon and steelhead 2025,2,2025-09-15,2025-09-21,37,weekday,Boat,Chinook|Coho_Adult|Jack_AD|UM|UNK_Kept,PE,catch,number_observations,1,week
D17D3D9D-3402-4182-B30A-91C97DE82353,CRM - Roving Creel Project,Drano Lake salmon and steelhead 2025,2,2025-09-15,2025-09-21,37,weekday,Boat,Chinook|Coho_Adult|Jack_AD|UM|UNK_Kept,PE,catch,daily_mean,0,week
D17D3D9D-3402-4182-B30A-91C97DE82353,CRM - Roving Creel Project,Drano Lake salmon and steelhead 2025,2,2025-09-15,2025-09-21,37,weekday,Boat,Chinook|Coho_Adult|Jack_AD|UM|UNK_Kept,PE,catch,daily_variance,0,week
D17D3D9D-3402-4182-B30A-91C97DE82353,CRM - Roving Creel Project,Drano Lake salmon and steelhead 2025,2,2025-09-15,2025-09-21,37,weekday,Boat,Chinook|Coho_Adult|Jack_AD|UM|UNK_Kept,PE,catch,days_open,5,week
D17D3D9D-3402-4182-B30A-91C97DE82353,CRM - Roving Creel Project,Drano Lake salmon and steelhead 2025,2,2025-09-15,2025-09-21,37,weekday,Boat,Chinook|Coho_Adult|Jack_AD|UM|UNK_Kept,PE,catch,degrees_freedom,23.5,week
D17D3D9D-3402-4182-B30A-91C97DE82353,CRM - Roving Creel Project,Drano Lake salmon and steelhead 2025,2,2025-09-15,2025-09-21,37,weekday,Boat,Chinook|Coho_Adult|Jack_AD|UM|UNK_Kept,PE,catch,total_catch,0,week
D17D3D9D-3402-4182-B30A-91C97DE82353,CRM - Roving Creel Project,Drano Lake salmon and steelhead 2025,2,2025-09-15,2025-09-21,37,weekend,Bank,Chinook|Coho_Adult|Jack_AD|UM|UNK_Kept,PE,catch,number_observations,2,week
D17D3D9D-3402-4182-B30A-91C97DE82353,CRM - Roving Creel Project,Drano Lake salmon and steelhead 2025,2,2025-09-15,2025-09-21,37,weekend,Bank,Chinook|Coho_Adult|Jack_AD|UM|UNK_Kept,PE,catch,daily_mean,8.788499999999999,week
D17D3D9D-3402-4182-B30A-91C97DE82353,CRM - Roving Creel Project,Drano Lake salmon and steelhead 2025,2,2025-09-15,2025-09-21,37,weekend,Bank,Chinook|Coho_Adult|Jack_AD|UM|UNK_Kept,PE,catch,daily_variance,33.775980499999996,week
D17D3D9D-3402-4182-B30A-91C97DE82353,CRM - Roving Creel Project,Drano Lake salmon and steelhead 2025,2,2025-09-15,2025-09-21,37,weekend,Bank,Chinook|Coho_Adult|Jack_AD|UM|UNK_Kept,PE,catch,days_open,2,week
D17D3D9D-3402-4182-B30A-91C97DE82353,CRM - Roving Creel Project,Drano Lake salmon and steelhead 2025,2,2025-09-15,2025-09-21,37,weekend,Bank,Chinook|Coho_Adult|Jack_AD|UM|UNK_Kept,PE,catch,degrees_freedom,23.5,week
D17D3D9D-3402-4182-B30A-91C97DE82353,CRM - Roving Creel Project,Drano Lake salmon and steelhead 2025,2,2025-09-15,2025-09-21,37,weekend,Bank,Chinook|Coho_Adult|Jack_AD|UM|UNK_Kept,PE,catch,total_catch,17.576999999999998,week
D17D3D9D-3402-4182-B30A-91C97DE82353,CRM - Roving Creel Project,Drano Lake salmon and steelhead 2025,2,2025-09-15,2025-09-21,37,weekend,Boat,Chinook|Coho_Adult|Jack_AD|UM|UNK_Kept,PE,catch,number_observations,2,week
D17D3D9D-3402-4182-B30A-91C97DE82353,CRM - Roving Creel Project,Drano Lake salmon and steelhead 2025,2,2025-09-15,2025-09-21,37,weekend,Boat,Chinook|Coho_Adult|Jack_AD|UM|UNK_Kept,PE,catch,daily_mean,12.235499999999998,week
D17D3D9D-3402-4182-B30A-91C97DE82353,CRM - Roving Creel Project,Drano Lake salmon and steelhead 2025,2,2025-09-15,2025-09-21,37,weekend,Boat,Chinook|Coho_Adult|Jack_AD|UM|UNK_Kept,PE,catch,daily_variance,96.59110049999998,week
D17D3D9D-3402-4182-B30A-91C97DE82353,CRM - Roving Creel Project,Drano Lake salmon and steelhead 2025,2,2025-09-15,2025-09-21,37,weekend,Boat,Chinook|Coho_Adult|Jack_AD|UM|UNK_Kept,PE,catch,days_open,2,week
D17D3D9D-3402-4182-B30A-91C97DE82353,CRM - Roving Creel Project,Drano Lake salmon and steelhead 2025,2,2025-09-15,2025-09-21,37,weekend,Boat,Chinook|Coho_Adult|Jack_AD|UM|UNK_Kept,PE,catch,degrees_freedom,23.5,week
D17D3D9D-3402-4182-B30A-91C97DE82353,CRM - Roving Creel Project,Drano Lake salmon and steelhead 2025,2,2025-09-15,2025-09-21,37,weekend,Boat,Chinook|Coho_Adult|Jack_AD|UM|UNK_Kept,PE,catch,total_catch,24.470999999999997,week
D17D3D9D-3402-4182-B30A-91C97DE82353,CRM - Roving Creel Project,Drano Lake salmon and steelhead 2025,2,2025-09-22,2025-09-28,38,weekday,Bank,Chinook|Coho_Adult|Jack_AD|UM|UNK_Kept,PE,catch,number_observations,2,week
D17D3D9D-3402-4182-B30A-91C97DE82353,CRM - Roving Creel Project,Drano Lake salmon and steelhead 2025,2,2025-09-22,2025-09-28,38,weekday,Bank,Chinook|Coho_Adult|Jack_AD|UM|UNK_Kept,PE,catch,daily_mean,7.422,week
D17D3D9D-3402-4182-B30A-91C97DE82353,CRM - Roving Creel Project,Drano Lake salmon and steelhead 2025,2,2025-09-22,2025-09-28,38,weekday,Bank,Chinook|Coho_Adult|Jack_AD|UM|UNK_Kept,PE,catch,daily_variance,110.17216799999998,week
D17D3D9D-3402-4182-B30A-91C97DE82353,CRM - Roving Creel Project,Drano Lake salmon and steelhead 2025,2,2025-09-22,2025-09-28,38,weekday,Bank,Chinook|Coho_Adult|Jack_AD|UM|UNK_Kept,PE,catch,days_open,5,week
D17D3D9D-3402-4182-B30A-91C97DE82353,CRM - Roving Creel Project,Drano Lake salmon and steelhead 2025,2,2025-09-22,2025-09-28,38,weekday,Bank,Chinook|Coho_Adult|Jack_AD|UM|UNK_Kept,PE,catch,degrees_freedom,23.5,week
D17D3D9D-3402-4182-B30A-91C97DE82353,CRM - Roving Creel Project,Drano Lake salmon and steelhead 2025,2,2025-09-22,2025-09-28,38,weekday,Bank,Chinook|Coho_Adult|Jack_AD|UM|UNK_Kept,PE,catch,total_catch,37.11,week
D17D3D9D-3402-4182-B30A-91C97DE82353,CRM - Roving Creel Project,Drano Lake salmon and steelhead 2025,2,2025-09-22,2025-09-28,38,weekday,Boat,Chinook|Coho_Adult|Jack_AD|UM|UNK_Kept,PE,catch,number_observations,1,week
D17D3D9D-3402-4182-B30A-91C97DE82353,CRM - Roving Creel Project,Drano Lake salmon and steelhead 2025,2,2025-09-22,2025-09-28,38,weekday,Boat,Chinook|Coho_Adult|Jack_AD|UM|UNK_Kept,PE,catch,daily_mean,13.974,week
D17D3D9D-3402-4182-B30A-91C97DE82353,CRM - Roving Creel Project,Drano Lake salmon and steelhead 2025,2,2025-09-22,2025-09-28,38,weekday,Boat,Chinook|Coho_Adult|Jack_AD|UM|UNK_Kept,PE,catch,daily_variance,0,week
D17D3D9D-3402-4182-B30A-91C97DE82353,CRM - Roving Creel Project,Drano Lake salmon and steelhead 2025,2,2025-09-22,2025-09-28,38,weekday,Boat,Chinook|Coho_Adult|Jack_AD|UM|UNK_Kept,PE,catch,days_open,5,week
D17D3D9D-3402-4182-B30A-91C97DE82353,CRM - Roving Creel Project,Drano Lake salmon and steelhead 2025,2,2025-09-22,2025-09-28,38,weekday,Boat,Chinook|Coho_Adult|Jack_AD|UM|UNK_Kept,PE,catch,degrees_freedom,23.5,week
D17D3D9D-3402-4182-B30A-91C97DE82353,CRM - Roving Creel Project,Drano Lake salmon and steelhead 2025,2,2025-09-22,2025-09-28,38,weekday,Boat,Chinook|Coho_Adult|Jack_AD|UM|UNK_Kept,PE,catch,total_catch,69.87,week
D17D3D9D-3402-4182-B30A-91C97DE82353,CRM - Roving Creel Project,Drano Lake salmon and steelhead 2025,2,2025-09-22,2025-09-28,38,weekend,Bank,Chinook|Coho_Adult|Jack_AD|UM|UNK_Kept,PE,catch,number_observations,2,week
D17D3D9D-3402-4182-B30A-91C97DE82353,CRM - Roving Creel Project,Drano Lake salmon and steelhead 2025,2,2025-09-22,2025-09-28,38,weekend,Bank,Chinook|Coho_Adult|Jack_AD|UM|UNK_Kept,PE,catch,daily_mean,15.706499999999998,week
D17D3D9D-3402-4182-B30A-91C97DE82353,CRM - Roving Creel Project,Drano Lake salmon and steelhead 2025,2,2025-09-22,2025-09-28,38,weekend,Bank,Chinook|Coho_Adult|Jack_AD|UM|UNK_Kept,PE,catch,daily_variance,1.3794604999999993,week
D17D3D9D-3402-4182-B30A-91C97DE82353,CRM - Roving Creel Project,Drano Lake salmon and steelhead 2025,2,2025-09-22,2025-09-28,38,weekend,Bank,Chinook|Coho_Adult|Jack_AD|UM|UNK_Kept,PE,catch,days_open,2,week
D17D3D9D-3402-4182-B30A-91C97DE82353,CRM - Roving Creel Project,Drano Lake salmon and steelhead 2025,2,2025-09-22,2025-09-28,38,weekend,Bank,Chinook|Coho_Adult|Jack_AD|UM|UNK_Kept,PE,catch,degrees_freedom,23.5,week
D17D3D9D-3402-4182-B30A-91C97DE82353,CRM - Roving Creel Project,Drano Lake salmon and steelhead 2025,2,2025-09-22,2025-09-28,38,weekend,Bank,Chinook|Coho_Adult|Jack_AD|UM|UNK_Kept,PE,catch,total_catch,31.412999999999997,week
D17D3D9D-3402-4182-B30A-91C97DE82353,CRM - Roving Creel Project,Drano Lake salmon and steelhead 2025,2,2025-09-22,2025-09-28,38,weekend,Boat,Chinook|Coho_Adult|Jack_AD|UM|UNK_Kept,PE,catch,number_observations,2,week
D17D3D9D-3402-4182-B30A-91C97DE82353,CRM - Roving Creel Project,Drano Lake salmon and steelhead 2025,2,2025-09-22,2025-09-28,38,weekend,Boat,Chinook|Coho_Adult|Jack_AD|UM|UNK_Kept,PE,catch,daily_mean,189.3105,week
D17D3D9D-3402-4182-B30A-91C97DE82353,CRM - Roving Creel Project,Drano Lake salmon and steelhead 2025,2,2025-09-22,2025-09-28,38,weekend,Boat,Chinook|Coho_Adult|Jack_AD|UM|UNK_Kept,PE,catch,daily_variance,5081.227240499999,week
D17D3D9D-3402-4182-B30A-91C97DE82353,CRM - Roving Creel Project,Drano Lake salmon and steelhead 2025,2,2025-09-22,2025-09-28,38,weekend,Boat,Chinook|Coho_Adult|Jack_AD|UM|UNK_Kept,PE,catch,days_open,2,week
D17D3D9D-3402-4182-B30A-91C97DE82353,CRM - Roving Creel Project,Drano Lake salmon and steelhead 2025,2,2025-09-22,2025-09-28,38,weekend,Boat,Chinook|Coho_Adult|Jack_AD|UM|UNK_Kept,PE,catch,degrees_freedom,23.5,week
D17D3D9D-3402-4182-B30A-91C97DE82353,CRM - Roving Creel Project,Drano Lake salmon and steelhead 2025,2,2025-09-22,2025-09-28,38,weekend,Boat,Chinook|Coho_Adult|Jack_AD|UM|UNK_Kept,PE,catch,total_catch,378.621,week
D17D3D9D-3402-4182-B30A-91C97DE82353,CRM - Roving Creel Project,Drano Lake salmon and steelhead 2025,2,2025-09-29,2025-10-05,39,weekday,Bank,Chinook|Coho_Adult|Jack_AD|UM|UNK_Kept,PE,catch,number_observations,1,week
D17D3D9D-3402-4182-B30A-91C97DE82353,CRM - Roving Creel Project,Drano Lake salmon and steelhead 2025,2,2025-09-29,2025-10-05,39,weekday,Bank,Chinook|Coho_Adult|Jack_AD|UM|UNK_Kept,PE,catch,daily_mean,0,week
D17D3D9D-3402-4182-B30A-91C97DE82353,CRM - Roving Creel Project,Drano Lake salmon and steelhead 2025,2,2025-09-29,2025-10-05,39,weekday,Bank,Chinook|Coho_Adult|Jack_AD|UM|UNK_Kept,PE,catch,daily_variance,0,week
D17D3D9D-3402-4182-B30A-91C97DE82353,CRM - Roving Creel Project,Drano Lake salmon and steelhead 2025,2,2025-09-29,2025-10-05,39,weekday,Bank,Chinook|Coho_Adult|Jack_AD|UM|UNK_Kept,PE,catch,days_open,4,week
D17D3D9D-3402-4182-B30A-91C97DE82353,CRM - Roving Creel Project,Drano Lake salmon and steelhead 2025,2,2025-09-29,2025-10-05,39,weekday,Bank,Chinook|Coho_Adult|Jack_AD|UM|UNK_Kept,PE,catch,degrees_freedom,23.5,week
D17D3D9D-3402-4182-B30A-91C97DE82353,CRM - Roving Creel Project,Drano Lake salmon and steelhead 2025,2,2025-09-29,2025-10-05,39,weekday,Bank,Chinook|Coho_Adult|Jack_AD|UM|UNK_Kept,PE,catch,total_catch,0,week
D17D3D9D-3402-4182-B30A-91C97DE82353,CRM - Roving Creel Project,Drano Lake salmon and steelhead 2025,2,2025-09-29,2025-10-05,39,weekday,Boat,Chinook|Coho_Adult|Jack_AD|UM|UNK_Kept,PE,catch,number_observations,1,week
D17D3D9D-3402-4182-B30A-91C97DE82353,CRM - Roving Creel Project,Drano Lake salmon and steelhead 2025,2,2025-09-29,2025-10-05,39,weekday,Boat,Chinook|Coho_Adult|Jack_AD|UM|UNK_Kept,PE,catch,daily_mean,163.52,week
D17D3D9D-3402-4182-B30A-91C97DE82353,CRM - Roving Creel Project,Drano Lake salmon and steelhead 2025,2,2025-09-29,2025-10-05,39,weekday,Boat,Chinook|Coho_Adult|Jack_AD|UM|UNK_Kept,PE,catch,daily_variance,0,week
D17D3D9D-3402-4182-B30A-91C97DE82353,CRM - Roving Creel Project,Drano Lake salmon and steelhead 2025,2,2025-09-29,2025-10-05,39,weekday,Boat,Chinook|Coho_Adult|Jack_AD|UM|UNK_Kept,PE,catch,days_open,4,week
D17D3D9D-3402-4182-B30A-91C97DE82353,CRM - Roving Creel Project,Drano Lake salmon and steelhead 2025,2,2025-09-29,2025-10-05,39,weekday,Boat,Chinook|Coho_Adult|Jack_AD|UM|UNK_Kept,PE,catch,degrees_freedom,23.5,week
D17D3D9D-3402-4182-B30A-91C97DE82353,CRM - Roving Creel Project,Drano Lake salmon and steelhead 2025,2,2025-09-29,2025-10-05,39,weekday,Boat,Chinook|Coho_Adult|Jack_AD|UM|UNK_Kept,PE,catch,total_catch,654.08,week
D17D3D9D-3402-4182-B30A-91C97DE82353,CRM - Roving Creel Project,Drano Lake salmon and steelhead 2025,2,2025-09-29,2025-10-05,39,weekend,Bank,Chinook|Coho_Adult|Jack_AD|UM|UNK_Kept,PE,catch,number_observations,2,week
D17D3D9D-3402-4182-B30A-91C97DE82353,CRM - Roving Creel Project,Drano Lake salmon and steelhead 2025,2,2025-09-29,2025-10-05,39,weekend,Bank,Chinook|Coho_Adult|Jack_AD|UM|UNK_Kept,PE,catch,daily_mean,27.7885,week
D17D3D9D-3402-4182-B30A-91C97DE82353,CRM - Roving Creel Project,Drano Lake salmon and steelhead 2025,2,2025-09-29,2025-10-05,39,weekend,Bank,Chinook|Coho_Adult|Jack_AD|UM|UNK_Kept,PE,catch,daily_variance,374.3121605,week
D17D3D9D-3402-4182-B30A-91C97DE82353,CRM - Roving Creel Project,Drano Lake salmon and steelhead 2025,2,2025-09-29,2025-10-05,39,weekend,Bank,Chinook|Coho_Adult|Jack_AD|UM|UNK_Kept,PE,catch,days_open,2,week
D17D3D9D-3402-4182-B30A-91C97DE82353,CRM - Roving Creel Project,Drano Lake salmon and steelhead 2025,2,2025-09-29,2025-10-05,39,weekend,Bank,Chinook|Coho_Adult|Jack_AD|UM|UNK_Kept,PE,catch,degrees_freedom,23.5,week
D17D3D9D-3402-4182-B30A-91C97DE82353,CRM - Roving Creel Project,Drano Lake salmon and steelhead 2025,2,2025-09-29,2025-10-05,39,weekend,Bank,Chinook|Coho_Adult|Jack_AD|UM|UNK_Kept,PE,catch,total_catch,55.577,week
D17D3D9D-3402-4182-B30A-91C97DE82353,CRM - Roving Creel Project,Drano Lake salmon and steelhead 2025,2,2025-09-29,2025-10-05,39,weekend,Boat,Chinook|Coho_Adult|Jack_AD|UM|UNK_Kept,PE,catch,number_observations,2,week
D17D3D9D-3402-4182-B30A-91C97DE82353,CRM - Roving Creel Project,Drano Lake salmon and steelhead 2025,2,2025-09-29,2025-10-05,39,weekend,Boat,Chinook|Coho_Adult|Jack_AD|UM|UNK_Kept,PE,catch,daily_mean,76.952,week
D17D3D9D-3402-4182-B30A-91C97DE82353,CRM - Roving Creel Project,Drano Lake salmon and steelhead 2025,2,2025-09-29,2025-10-05,39,weekend,Boat,Chinook|Coho_Adult|Jack_AD|UM|UNK_Kept,PE,catch,daily_variance,5.6313679999999815,week
D17D3D9D-3402-4182-B30A-91C97DE82353,CRM - Roving Creel Project,Drano Lake salmon and steelhead 2025,2,2025-09-29,2025-10-05,39,weekend,Boat,Chinook|Coho_Adult|Jack_AD|UM|UNK_Kept,PE,catch,days_open,2,week
D17D3D9D-3402-4182-B30A-91C97DE82353,CRM - Roving Creel Project,Drano Lake salmon and steelhead 2025,2,2025-09-29,2025-10-05,39,weekend,Boat,Chinook|Coho_Adult|Jack_AD|UM|UNK_Kept,PE,catch,degrees_freedom,23.5,week
D17D3D9D-3402-4182-B30A-91C97DE82353,CRM - Roving Creel Project,Drano Lake salmon and steelhead 2025,2,2025-09-29,2025-10-05,39,weekend,Boat,Chinook|Coho_Adult|Jack_AD|UM|UNK_Kept,PE,catch,total_catch,153.904,week
D17D3D9D-3402-4182-B30A-91C97DE82353,CRM - Roving Creel Project,Drano Lake salmon and steelhead 2025,2,2025-10-06,2025-10-12,40,weekend,Bank,Chinook|Coho_Adult|Jack_AD|UM|UNK_Kept,PE,catch,number_observations,2,week
D17D3D9D-3402-4182-B30A-91C97DE82353,CRM - Roving Creel Project,Drano Lake salmon and steelhead 2025,2,2025-10-06,2025-10-12,40,weekend,Bank,Chinook|Coho_Adult|Jack_AD|UM|UNK_Kept,PE,catch,daily_mean,6.3125,week
D17D3D9D-3402-4182-B30A-91C97DE82353,CRM - Roving Creel Project,Drano Lake salmon and steelhead 2025,2,2025-10-06,2025-10-12,40,weekend,Bank,Chinook|Coho_Adult|Jack_AD|UM|UNK_Kept,PE,catch,daily_variance,9.086584500000003,week
D17D3D9D-3402-4182-B30A-91C97DE82353,CRM - Roving Creel Project,Drano Lake salmon and steelhead 2025,2,2025-10-06,2025-10-12,40,weekend,Bank,Chinook|Coho_Adult|Jack_AD|UM|UNK_Kept,PE,catch,days_open,2,week
D17D3D9D-3402-4182-B30A-91C97DE82353,CRM - Roving Creel Project,Drano Lake salmon and steelhead 2025,2,2025-10-06,2025-10-12,40,weekend,Bank,Chinook|Coho_Adult|Jack_AD|UM|UNK_Kept,PE,catch,degrees_freedom,23.5,week
D17D3D9D-3402-4182-B30A-91C97DE82353,CRM - Roving Creel Project,Drano Lake salmon and steelhead 2025,2,2025-10-06,2025-10-12,40,weekend,Bank,Chinook|Coho_Adult|Jack_AD|UM|UNK_Kept,PE,catch,total_catch,12.625,week
D17D3D9D-3402-4182-B30A-91C97DE82353,CRM - Roving Creel Project,Drano Lake salmon and steelhead 2025,2,2025-10-06,2025-10-12,40,weekend,Boat,Chinook|Coho_Adult|Jack_AD|UM|UNK_Kept,PE,catch,number_observations,2,week
D17D3D9D-3402-4182-B30A-91C97DE82353,CRM - Roving Creel Project,Drano Lake salmon and steelhead 2025,2,2025-10-06,2025-10-12,40,weekend,Boat,Chinook|Coho_Adult|Jack_AD|UM|UNK_Kept,PE,catch,daily_mean,29.808500000000002,week
D17D3D9D-3402-4182-B30A-91C97DE82353,CRM - Roving Creel Project,Drano Lake salmon and steelhead 2025,2,2025-10-06,2025-10-12,40,weekend,Boat,Chinook|Coho_Adult|Jack_AD|UM|UNK_Kept,PE,catch,daily_variance,168.41630449999997,week
D17D3D9D-3402-4182-B30A-91C97DE82353,CRM - Roving Creel Project,Drano Lake salmon and steelhead 2025,2,2025-10-06,2025-10-12,40,weekend,Boat,Chinook|Coho_Adult|Jack_AD|UM|UNK_Kept,PE,catch,days_open,2,week
D17D3D9D-3402-4182-B30A-91C97DE82353,CRM - Roving Creel Project,Drano Lake salmon and steelhead 2025,2,2025-10-06,2025-10-12,40,weekend,Boat,Chinook|Coho_Adult|Jack_AD|UM|UNK_Kept,PE,catch,degrees_freedom,23.5,week
D17D3D9D-3402-4182-B30A-91C97DE82353,CRM - Roving Creel Project,Drano Lake salmon and steelhead 2025,2,2025-10-06,2025-10-12,40,weekend,Boat,Chinook|Coho_Adult|Jack_AD|UM|UNK_Kept,PE,catch,total_catch,59.617000000000004,week
D17D3D9D-3402-4182-B30A-91C97DE82353,CRM - Roving Creel Project,Drano Lake salmon and steelhead 2025,2,2025-10-13,2025-10-19,41,weekday,Bank,Chinook|Coho_Adult|Jack_AD|UM|UNK_Kept,PE,catch,number_observations,1,week
D17D3D9D-3402-4182-B30A-91C97DE82353,CRM - Roving Creel Project,Drano Lake salmon and steelhead 2025,2,2025-10-13,2025-10-19,41,weekday,Bank,Chinook|Coho_Adult|Jack_AD|UM|UNK_Kept,PE,catch,daily_mean,3.312,week
D17D3D9D-3402-4182-B30A-91C97DE82353,CRM - Roving Creel Project,Drano Lake salmon and steelhead 2025,2,2025-10-13,2025-10-19,41,weekday,Bank,Chinook|Coho_Adult|Jack_AD|UM|UNK_Kept,PE,catch,daily_variance,0,week
D17D3D9D-3402-4182-B30A-91C97DE82353,CRM - Roving Creel Project,Drano Lake salmon and steelhead 2025,2,2025-10-13,2025-10-19,41,weekday,Bank,Chinook|Coho_Adult|Jack_AD|UM|UNK_Kept,PE,catch,days_open,4,week
D17D3D9D-3402-4182-B30A-91C97DE82353,CRM - Roving Creel Project,Drano Lake salmon and steelhead 2025,2,2025-10-13,2025-10-19,41,weekday,Bank,Chinook|Coho_Adult|Jack_AD|UM|UNK_Kept,PE,catch,degrees_freedom,23.5,week
D17D3D9D-3402-4182-B30A-91C97DE82353,CRM - Roving Creel Project,Drano Lake salmon and steelhead 2025,2,2025-10-13,2025-10-19,41,weekday,Bank,Chinook|Coho_Adult|Jack_AD|UM|UNK_Kept,PE,catch,total_catch,13.248,week
D17D3D9D-3402-4182-B30A-91C97DE82353,CRM - Roving Creel Project,Drano Lake salmon and steelhead 2025,2,2025-10-13,2025-10-19,41,weekday,Boat,Chinook|Coho_Adult|Jack_AD|UM|UNK_Kept,PE,catch,number_observations,1,week
D17D3D9D-3402-4182-B30A-91C97DE82353,CRM - Roving Creel Project,Drano Lake salmon and steelhead 2025,2,2025-10-13,2025-10-19,41,weekday,Boat,Chinook|Coho_Adult|Jack_AD|UM|UNK_Kept,PE,catch,daily_mean,19.578,week
D17D3D9D-3402-4182-B30A-91C97DE82353,CRM - Roving Creel Project,Drano Lake salmon and steelhead 2025,2,2025-10-13,2025-10-19,41,weekday,Boat,Chinook|Coho_Adult|Jack_AD|UM|UNK_Kept,PE,catch,daily_variance,0,week
D17D3D9D-3402-4182-B30A-91C97DE82353,CRM - Roving Creel Project,Drano Lake salmon and steelhead 2025,2,2025-10-13,2025-10-19,41,weekday,Boat,Chinook|Coho_Adult|Jack_AD|UM|UNK_Kept,PE,catch,days_open,4,week
D17D3D9D-3402-4182-B30A-91C97DE82353,CRM - Roving Creel Project,Drano Lake salmon and steelhead 2025,2,2025-10-13,2025-10-19,41,weekday,Boat,Chinook|Coho_Adult|Jack_AD|UM|UNK_Kept,PE,catch,degrees_freedom,23.5,week
D17D3D9D-3402-4182-B30A-91C97DE82353,CRM - Roving Creel Project,Drano Lake salmon and steelhead 2025,2,2025-10-13,2025-10-19,41,weekday,Boat,Chinook|Coho_Adult|Jack_AD|UM|UNK_Kept,PE,catch,total_catch,78.312,week
D17D3D9D-3402-4182-B30A-91C97DE82353,CRM - Roving Creel Project,Drano Lake salmon and steelhead 2025,2,2025-10-13,2025-10-19,41,weekend,Bank,Chinook|Coho_Adult|Jack_AD|UM|UNK_Kept,PE,catch,number_observations,2,week
D17D3D9D-3402-4182-B30A-91C97DE82353,CRM - Roving Creel Project,Drano Lake salmon and steelhead 2025,2,2025-10-13,2025-10-19,41,weekend,Bank,Chinook|Coho_Adult|Jack_AD|UM|UNK_Kept,PE,catch,daily_mean,11.732,week
D17D3D9D-3402-4182-B30A-91C97DE82353,CRM - Roving Creel Project,Drano Lake salmon and steelhead 2025,2,2025-10-13,2025-10-19,41,weekend,Bank,Chinook|Coho_Adult|Jack_AD|UM|UNK_Kept,PE,catch,daily_variance,152.321058,week
D17D3D9D-3402-4182-B30A-91C97DE82353,CRM - Roving Creel Project,Drano Lake salmon and steelhead 2025,2,2025-10-13,2025-10-19,41,weekend,Bank,Chinook|Coho_Adult|Jack_AD|UM|UNK_Kept,PE,catch,days_open,2,week
D17D3D9D-3402-4182-B30A-91C97DE82353,CRM - Roving Creel Project,Drano Lake salmon and steelhead 2025,2,2025-10-13,2025-10-19,41,weekend,Bank,Chinook|Coho_Adult|Jack_AD|UM|UNK_Kept,PE,catch,degrees_freedom,23.5,week
D17D3D9D-3402-4182-B30A-91C97DE82353,CRM - Roving Creel Project,Drano Lake salmon and steelhead 2025,2,2025-10-13,2025-10-19,41,weekend,Bank,Chinook|Coho_Adult|Jack_AD|UM|UNK_Kept,PE,catch,total_catch,23.464,week
D17D3D9D-3402-4182-B30A-91C97DE82353,CRM - Roving Creel Project,Drano Lake salmon and steelhead 2025,2,2025-10-13,2025-10-19,41,weekend,Boat,Chinook|Coho_Adult|Jack_AD|UM|UNK_Kept,PE,catch,number_observations,2,week
D17D3D9D-3402-4182-B30A-91C97DE82353,CRM - Roving Creel Project,Drano Lake salmon and steelhead 2025,2,2025-10-13,2025-10-19,41,weekend,Boat,Chinook|Coho_Adult|Jack_AD|UM|UNK_Kept,PE,catch,daily_mean,26.6595,week
D17D3D9D-3402-4182-B30A-91C97DE82353,CRM - Roving Creel Project,Drano Lake salmon and steelhead 2025,2,2025-10-13,2025-10-19,41,weekend,Boat,Chinook|Coho_Adult|Jack_AD|UM|UNK_Kept,PE,catch,daily_variance,1421.4578805,week
D17D3D9D-3402-4182-B30A-91C97DE82353,CRM - Roving Creel Project,Drano Lake salmon and steelhead 2025,2,2025-10-13,2025-10-19,41,weekend,Boat,Chinook|Coho_Adult|Jack_AD|UM|UNK_Kept,PE,catch,days_open,2,week
D17D3D9D-3402-4182-B30A-91C97DE82353,CRM - Roving Creel Project,Drano Lake salmon and steelhead 2025,2,2025-10-13,2025-10-19,41,weekend,Boat,Chinook|Coho_Adult|Jack_AD|UM|UNK_Kept,PE,catch,degrees_freedom,23.5,week
D17D3D9D-3402-4182-B30A-91C97DE82353,CRM - Roving Creel Project,Drano Lake salmon and steelhead 2025,2,2025-10-13,2025-10-19,41,weekend,Boat,Chinook|Coho_Adult|Jack_AD|UM|UNK_Kept,PE,catch,total_catch,53.319,week
D17D3D9D-3402-4182-B30A-91C97DE82353,CRM - Roving Creel Project,Drano Lake salmon and steelhead 2025,2,2025-10-20,2025-10-26,42,weekday,Bank,Chinook|Coho_Adult|Jack_AD|UM|UNK_Kept,PE,catch,number_observations,2,week
D17D3D9D-3402-4182-B30A-91C97DE82353,CRM - Roving Creel Project,Drano Lake salmon and steelhead 2025,2,2025-10-20,2025-10-26,42,weekday,Bank,Chinook|Coho_Adult|Jack_AD|UM|UNK_Kept,PE,catch,daily_mean,2.376,week
D17D3D9D-3402-4182-B30A-91C97DE82353,CRM - Roving Creel Project,Drano Lake salmon and steelhead 2025,2,2025-10-20,2025-10-26,42,weekday,Bank,Chinook|Coho_Adult|Jack_AD|UM|UNK_Kept,PE,catch,daily_variance,11.290752,week
D17D3D9D-3402-4182-B30A-91C97DE82353,CRM - Roving Creel Project,Drano Lake salmon and steelhead 2025,2,2025-10-20,2025-10-26,42,weekday,Bank,Chinook|Coho_Adult|Jack_AD|UM|UNK_Kept,PE,catch,days_open,4,week
D17D3D9D-3402-4182-B30A-91C97DE82353,CRM - Roving Creel Project,Drano Lake salmon and steelhead 2025,2,2025-10-20,2025-10-26,42,weekday,Bank,Chinook|Coho_Adult|Jack_AD|UM|UNK_Kept,PE,catch,degrees_freedom,23.5,week
D17D3D9D-3402-4182-B30A-91C97DE82353,CRM - Roving Creel Project,Drano Lake salmon and steelhead 2025,2,2025-10-20,2025-10-26,42,weekday,Bank,Chinook|Coho_Adult|Jack_AD|UM|UNK_Kept,PE,catch,total_catch,9.504,week
D17D3D9D-3402-4182-B30A-91C97DE82353,CRM - Roving Creel Project,Drano Lake salmon and steelhead 2025,2,2025-10-20,2025-10-26,42,weekend,Bank,Chinook|Coho_Adult|Jack_AD|UM|UNK_Kept,PE,catch,number_observations,2,week
D17D3D9D-3402-4182-B30A-91C97DE82353,CRM - Roving Creel Project,Drano Lake salmon and steelhead 2025,2,2025-10-20,2025-10-26,42,weekend,Bank,Chinook|Coho_Adult|Jack_AD|UM|UNK_Kept,PE,catch,daily_mean,2.1675,week
D17D3D9D-3402-4182-B30A-91C97DE82353,CRM - Roving Creel Project,Drano Lake salmon and steelhead 2025,2,2025-10-20,2025-10-26,42,weekend,Bank,Chinook|Coho_Adult|Jack_AD|UM|UNK_Kept,PE,catch,daily_variance,9.3961125,week
D17D3D9D-3402-4182-B30A-91C97DE82353,CRM - Roving Creel Project,Drano Lake salmon and steelhead 2025,2,2025-10-20,2025-10-26,42,weekend,Bank,Chinook|Coho_Adult|Jack_AD|UM|UNK_Kept,PE,catch,days_open,2,week
D17D3D9D-3402-4182-B30A-91C97DE82353,CRM - Roving Creel Project,Drano Lake salmon and steelhead 2025,2,2025-10-20,2025-10-26,42,weekend,Bank,Chinook|Coho_Adult|Jack_AD|UM|UNK_Kept,PE,catch,degrees_freedom,23.5,week
D17D3D9D-3402-4182-B30A-91C97DE82353,CRM - Roving Creel Project,Drano Lake salmon and steelhead 2025,2,2025-10-20,2025-10-26,42,weekend,Bank,Chinook|Coho_Adult|Jack_AD|UM|UNK_Kept,PE,catch,total_catch,4.335,week
D17D3D9D-3402-4182-B30A-91C97DE82353,CRM - Roving Creel Project,Drano Lake salmon and steelhead 2025,2,2025-10-27,2025-10-31,43,weekday,Bank,Chinook|Coho_Adult|Jack_AD|UM|UNK_Kept,PE,catch,number_observations,1,week
D17D3D9D-3402-4182-B30A-91C97DE82353,CRM - Roving Creel Project,Drano Lake salmon and steelhead 2025,2,2025-10-27,2025-10-31,43,weekday,Bank,Chinook|Coho_Adult|Jack_AD|UM|UNK_Kept,PE,catch,daily_mean,0,week
D17D3D9D-3402-4182-B30A-91C97DE82353,CRM - Roving Creel Project,Drano Lake salmon and steelhead 2025,2,2025-10-27,2025-10-31,43,weekday,Bank,Chinook|Coho_Adult|Jack_AD|UM|UNK_Kept,PE,catch,daily_variance,0,week
D17D3D9D-3402-4182-B30A-91C97DE82353,CRM - Roving Creel Project,Drano Lake salmon and steelhead 2025,2,2025-10-27,2025-10-31,43,weekday,Bank,Chinook|Coho_Adult|Jack_AD|UM|UNK_Kept,PE,catch,days_open,4,week
D17D3D9D-3402-4182-B30A-91C97DE82353,CRM - Roving Creel Project,Drano Lake salmon and steelhead 2025,2,2025-10-27,2025-10-31,43,weekday,Bank,Chinook|Coho_Adult|Jack_AD|UM|UNK_Kept,PE,catch,degrees_freedom,23.5,week
D17D3D9D-3402-4182-B30A-91C97DE82353,CRM - Roving Creel Project,Drano Lake salmon and steelhead 2025,2,2025-10-27,2025-10-31,43,weekday,Bank,Chinook|Coho_Adult|Jack_AD|UM|UNK_Kept,PE,catch,total_catch,0,week
D17D3D9D-3402-4182-B30A-91C97DE82353,CRM - Roving Creel Project,Drano Lake salmon and steelhead 2025,1,2025-07-01,2025-07-06,26,weekday,Bank,NA,PE,effort,number_observations,1,week
D17D3D9D-3402-4182-B30A-91C97DE82353,CRM - Roving Creel Project,Drano Lake salmon and steelhead 2025,1,2025-07-01,2025-07-06,26,weekday,Bank,NA,PE,effort,daily_mean,0,week
D17D3D9D-3402-4182-B30A-91C97DE82353,CRM - Roving Creel Project,Drano Lake salmon and steelhead 2025,1,2025-07-01,2025-07-06,26,weekday,Bank,NA,PE,effort,daily_variance,0,week
D17D3D9D-3402-4182-B30A-91C97DE82353,CRM - Roving Creel Project,Drano Lake salmon and steelhead 2025,1,2025-07-01,2025-07-06,26,weekday,Bank,NA,PE,effort,days_open,3,week
D17D3D9D-3402-4182-B30A-91C97DE82353,CRM - Roving Creel Project,Drano Lake salmon and steelhead 2025,1,2025-07-01,2025-07-06,26,weekday,Bank,NA,PE,effort,degrees_freedom,23.5,week
D17D3D9D-3402-4182-B30A-91C97DE82353,CRM - Roving Creel Project,Drano Lake salmon and steelhead 2025,1,2025-07-01,2025-07-06,26,weekday,Bank,NA,PE,effort,total_effort,0,week
D17D3D9D-3402-4182-B30A-91C97DE82353,CRM - Roving Creel Project,Drano Lake salmon and steelhead 2025,1,2025-07-01,2025-07-06,26,weekday,Boat,NA,PE,effort,number_observations,1,week
D17D3D9D-3402-4182-B30A-91C97DE82353,CRM - Roving Creel Project,Drano Lake salmon and steelhead 2025,1,2025-07-01,2025-07-06,26,weekday,Boat,NA,PE,effort,daily_mean,25.542547348484852,week
D17D3D9D-3402-4182-B30A-91C97DE82353,CRM - Roving Creel Project,Drano Lake salmon and steelhead 2025,1,2025-07-01,2025-07-06,26,weekday,Boat,NA,PE,effort,daily_variance,0,week
D17D3D9D-3402-4182-B30A-91C97DE82353,CRM - Roving Creel Project,Drano Lake salmon and steelhead 2025,1,2025-07-01,2025-07-06,26,weekday,Boat,NA,PE,effort,days_open,3,week
D17D3D9D-3402-4182-B30A-91C97DE82353,CRM - Roving Creel Project,Drano Lake salmon and steelhead 2025,1,2025-07-01,2025-07-06,26,weekday,Boat,NA,PE,effort,degrees_freedom,23.5,week
D17D3D9D-3402-4182-B30A-91C97DE82353,CRM - Roving Creel Project,Drano Lake salmon and steelhead 2025,1,2025-07-01,2025-07-06,26,weekday,Boat,NA,PE,effort,total_effort,76.62764204545456,week
D17D3D9D-3402-4182-B30A-91C97DE82353,CRM - Roving Creel Project,Drano Lake salmon and steelhead 2025,1,2025-07-01,2025-07-06,26,weekend,Bank,NA,PE,effort,number_observations,1,week
D17D3D9D-3402-4182-B30A-91C97DE82353,CRM - Roving Creel Project,Drano Lake salmon and steelhead 2025,1,2025-07-01,2025-07-06,26,weekend,Bank,NA,PE,effort,daily_mean,0,week
D17D3D9D-3402-4182-B30A-91C97DE82353,CRM - Roving Creel Project,Drano Lake salmon and steelhead 2025,1,2025-07-01,2025-07-06,26,weekend,Bank,NA,PE,effort,daily_variance,0,week
D17D3D9D-3402-4182-B30A-91C97DE82353,CRM - Roving Creel Project,Drano Lake salmon and steelhead 2025,1,2025-07-01,2025-07-06,26,weekend,Bank,NA,PE,effort,days_open,3,week
D17D3D9D-3402-4182-B30A-91C97DE82353,CRM - Roving Creel Project,Drano Lake salmon and steelhead 2025,1,2025-07-01,2025-07-06,26,weekend,Bank,NA,PE,effort,degrees_freedom,23.5,week
D17D3D9D-3402-4182-B30A-91C97DE82353,CRM - Roving Creel Project,Drano Lake salmon and steelhead 2025,1,2025-07-01,2025-07-06,26,weekend,Bank,NA,PE,effort,total_effort,0,week
D17D3D9D-3402-4182-B30A-91C97DE82353,CRM - Roving Creel Project,Drano Lake salmon and steelhead 2025,1,2025-07-01,2025-07-06,26,weekend,Boat,NA,PE,effort,number_observations,1,week
D17D3D9D-3402-4182-B30A-91C97DE82353,CRM - Roving Creel Project,Drano Lake salmon and steelhead 2025,1,2025-07-01,2025-07-06,26,weekend,Boat,NA,PE,effort,daily_mean,0,week
D17D3D9D-3402-4182-B30A-91C97DE82353,CRM - Roving Creel Project,Drano Lake salmon and steelhead 2025,1,2025-07-01,2025-07-06,26,weekend,Boat,NA,PE,effort,daily_variance,0,week
D17D3D9D-3402-4182-B30A-91C97DE82353,CRM - Roving Creel Project,Drano Lake salmon and steelhead 2025,1,2025-07-01,2025-07-06,26,weekend,Boat,NA,PE,effort,days_open,3,week
D17D3D9D-3402-4182-B30A-91C97DE82353,CRM - Roving Creel Project,Drano Lake salmon and steelhead 2025,1,2025-07-01,2025-07-06,26,weekend,Boat,NA,PE,effort,degrees_freedom,23.5,week
D17D3D9D-3402-4182-B30A-91C97DE82353,CRM - Roving Creel Project,Drano Lake salmon and steelhead 2025,1,2025-07-01,2025-07-06,26,weekend,Boat,NA,PE,effort,total_effort,0,week
D17D3D9D-3402-4182-B30A-91C97DE82353,CRM - Roving Creel Project,Drano Lake salmon and steelhead 2025,1,2025-07-07,2025-07-13,27,weekday,Bank,NA,PE,effort,number_observations,0,week
D17D3D9D-3402-4182-B30A-91C97DE82353,CRM - Roving Creel Project,Drano Lake salmon and steelhead 2025,1,2025-07-07,2025-07-13,27,weekday,Bank,NA,PE,effort,daily_variance,0,week
D17D3D9D-3402-4182-B30A-91C97DE82353,CRM - Roving Creel Project,Drano Lake salmon and steelhead 2025,1,2025-07-07,2025-07-13,27,weekday,Bank,NA,PE,effort,days_open,5,week
D17D3D9D-3402-4182-B30A-91C97DE82353,CRM - Roving Creel Project,Drano Lake salmon and steelhead 2025,1,2025-07-07,2025-07-13,27,weekday,Bank,NA,PE,effort,degrees_freedom,23.5,week
D17D3D9D-3402-4182-B30A-91C97DE82353,CRM - Roving Creel Project,Drano Lake salmon and steelhead 2025,1,2025-07-07,2025-07-13,27,weekday,Boat,NA,PE,effort,number_observations,0,week
D17D3D9D-3402-4182-B30A-91C97DE82353,CRM - Roving Creel Project,Drano Lake salmon and steelhead 2025,1,2025-07-07,2025-07-13,27,weekday,Boat,NA,PE,effort,daily_variance,0,week
D17D3D9D-3402-4182-B30A-91C97DE82353,CRM - Roving Creel Project,Drano Lake salmon and steelhead 2025,1,2025-07-07,2025-07-13,27,weekday,Boat,NA,PE,effort,days_open,5,week
D17D3D9D-3402-4182-B30A-91C97DE82353,CRM - Roving Creel Project,Drano Lake salmon and steelhead 2025,1,2025-07-07,2025-07-13,27,weekday,Boat,NA,PE,effort,degrees_freedom,23.5,week
D17D3D9D-3402-4182-B30A-91C97DE82353,CRM - Roving Creel Project,Drano Lake salmon and steelhead 2025,1,2025-07-07,2025-07-13,27,weekend,Bank,NA,PE,effort,number_observations,1,week
D17D3D9D-3402-4182-B30A-91C97DE82353,CRM - Roving Creel Project,Drano Lake salmon and steelhead 2025,1,2025-07-07,2025-07-13,27,weekend,Bank,NA,PE,effort,daily_mean,0,week
D17D3D9D-3402-4182-B30A-91C97DE82353,CRM - Roving Creel Project,Drano Lake salmon and steelhead 2025,1,2025-07-07,2025-07-13,27,weekend,Bank,NA,PE,effort,daily_variance,0,week
D17D3D9D-3402-4182-B30A-91C97DE82353,CRM - Roving Creel Project,Drano Lake salmon and steelhead 2025,1,2025-07-07,2025-07-13,27,weekend,Bank,NA,PE,effort,days_open,2,week
D17D3D9D-3402-4182-B30A-91C97DE82353,CRM - Roving Creel Project,Drano Lake salmon and steelhead 2025,1,2025-07-07,2025-07-13,27,weekend,Bank,NA,PE,effort,degrees_freedom,23.5,week
D17D3D9D-3402-4182-B30A-91C97DE82353,CRM - Roving Creel Project,Drano Lake salmon and steelhead 2025,1,2025-07-07,2025-07-13,27,weekend,Bank,NA,PE,effort,total_effort,0,week
D17D3D9D-3402-4182-B30A-91C97DE82353,CRM - Roving Creel Project,Drano Lake salmon and steelhead 2025,1,2025-07-07,2025-07-13,27,weekend,Boat,NA,PE,effort,number_observations,1,week
D17D3D9D-3402-4182-B30A-91C97DE82353,CRM - Roving Creel Project,Drano Lake salmon and steelhead 2025,1,2025-07-07,2025-07-13,27,weekend,Boat,NA,PE,effort,daily_mean,100.94790404040405,week
D17D3D9D-3402-4182-B30A-91C97DE82353,CRM - Roving Creel Project,Drano Lake salmon and steelhead 2025,1,2025-07-07,2025-07-13,27,weekend,Boat,NA,PE,effort,daily_variance,0,week
D17D3D9D-3402-4182-B30A-91C97DE82353,CRM - Roving Creel Project,Drano Lake salmon and steelhead 2025,1,2025-07-07,2025-07-13,27,weekend,Boat,NA,PE,effort,days_open,2,week
D17D3D9D-3402-4182-B30A-91C97DE82353,CRM - Roving Creel Project,Drano Lake salmon and steelhead 2025,1,2025-07-07,2025-07-13,27,weekend,Boat,NA,PE,effort,degrees_freedom,23.5,week
D17D3D9D-3402-4182-B30A-91C97DE82353,CRM - Roving Creel Project,Drano Lake salmon and steelhead 2025,1,2025-07-07,2025-07-13,27,weekend,Boat,NA,PE,effort,total_effort,201.8958080808081,week
D17D3D9D-3402-4182-B30A-91C97DE82353,CRM - Roving Creel Project,Drano Lake salmon and steelhead 2025,1,2025-07-14,2025-07-20,28,weekday,Bank,NA,PE,effort,number_observations,1,week
D17D3D9D-3402-4182-B30A-91C97DE82353,CRM - Roving Creel Project,Drano Lake salmon and steelhead 2025,1,2025-07-14,2025-07-20,28,weekday,Bank,NA,PE,effort,daily_mean,0,week
D17D3D9D-3402-4182-B30A-91C97DE82353,CRM - Roving Creel Project,Drano Lake salmon and steelhead 2025,1,2025-07-14,2025-07-20,28,weekday,Bank,NA,PE,effort,daily_variance,0,week
D17D3D9D-3402-4182-B30A-91C97DE82353,CRM - Roving Creel Project,Drano Lake salmon and steelhead 2025,1,2025-07-14,2025-07-20,28,weekday,Bank,NA,PE,effort,days_open,5,week
D17D3D9D-3402-4182-B30A-91C97DE82353,CRM - Roving Creel Project,Drano Lake salmon and steelhead 2025,1,2025-07-14,2025-07-20,28,weekday,Bank,NA,PE,effort,degrees_freedom,23.5,week
D17D3D9D-3402-4182-B30A-91C97DE82353,CRM - Roving Creel Project,Drano Lake salmon and steelhead 2025,1,2025-07-14,2025-07-20,28,weekday,Bank,NA,PE,effort,total_effort,0,week
D17D3D9D-3402-4182-B30A-91C97DE82353,CRM - Roving Creel Project,Drano Lake salmon and steelhead 2025,1,2025-07-14,2025-07-20,28,weekday,Boat,NA,PE,effort,number_observations,1,week
D17D3D9D-3402-4182-B30A-91C97DE82353,CRM - Roving Creel Project,Drano Lake salmon and steelhead 2025,1,2025-07-14,2025-07-20,28,weekday,Boat,NA,PE,effort,daily_mean,351.1167463699495,week
D17D3D9D-3402-4182-B30A-91C97DE82353,CRM - Roving Creel Project,Drano Lake salmon and steelhead 2025,1,2025-07-14,2025-07-20,28,weekday,Boat,NA,PE,effort,daily_variance,0,week
D17D3D9D-3402-4182-B30A-91C97DE82353,CRM - Roving Creel Project,Drano Lake salmon and steelhead 2025,1,2025-07-14,2025-07-20,28,weekday,Boat,NA,PE,effort,days_open,5,week
D17D3D9D-3402-4182-B30A-91C97DE82353,CRM - Roving Creel Project,Drano Lake salmon and steelhead 2025,1,2025-07-14,2025-07-20,28,weekday,Boat,NA,PE,effort,degrees_freedom,23.5,week
D17D3D9D-3402-4182-B30A-91C97DE82353,CRM - Roving Creel Project,Drano Lake salmon and steelhead 2025,1,2025-07-14,2025-07-20,28,weekday,Boat,NA,PE,effort,total_effort,1755.5837318497474,week
D17D3D9D-3402-4182-B30A-91C97DE82353,CRM - Roving Creel Project,Drano Lake salmon and steelhead 2025,1,2025-07-14,2025-07-20,28,weekend,Bank,NA,PE,effort,number_observations,0,week
D17D3D9D-3402-4182-B30A-91C97DE82353,CRM - Roving Creel Project,Drano Lake salmon and steelhead 2025,1,2025-07-14,2025-07-20,28,weekend,Bank,NA,PE,effort,daily_variance,0,week
D17D3D9D-3402-4182-B30A-91C97DE82353,CRM - Roving Creel Project,Drano Lake salmon and steelhead 2025,1,2025-07-14,2025-07-20,28,weekend,Bank,NA,PE,effort,days_open,2,week
D17D3D9D-3402-4182-B30A-91C97DE82353,CRM - Roving Creel Project,Drano Lake salmon and steelhead 2025,1,2025-07-14,2025-07-20,28,weekend,Bank,NA,PE,effort,degrees_freedom,23.5,week
D17D3D9D-3402-4182-B30A-91C97DE82353,CRM - Roving Creel Project,Drano Lake salmon and steelhead 2025,1,2025-07-14,2025-07-20,28,weekend,Boat,NA,PE,effort,number_observations,0,week
D17D3D9D-3402-4182-B30A-91C97DE82353,CRM - Roving Creel Project,Drano Lake salmon and steelhead 2025,1,2025-07-14,2025-07-20,28,weekend,Boat,NA,PE,effort,daily_variance,0,week
D17D3D9D-3402-4182-B30A-91C97DE82353,CRM - Roving Creel Project,Drano Lake salmon and steelhead 2025,1,2025-07-14,2025-07-20,28,weekend,Boat,NA,PE,effort,days_open,2,week
D17D3D9D-3402-4182-B30A-91C97DE82353,CRM - Roving Creel Project,Drano Lake salmon and steelhead 2025,1,2025-07-14,2025-07-20,28,weekend,Boat,NA,PE,effort,degrees_freedom,23.5,week
D17D3D9D-3402-4182-B30A-91C97DE82353,CRM - Roving Creel Project,Drano Lake salmon and steelhead 2025,1,2025-07-21,2025-07-27,29,weekday,Bank,NA,PE,effort,number_observations,2,week
D17D3D9D-3402-4182-B30A-91C97DE82353,CRM - Roving Creel Project,Drano Lake salmon and steelhead 2025,1,2025-07-21,2025-07-27,29,weekday,Bank,NA,PE,effort,daily_mean,0,week
D17D3D9D-3402-4182-B30A-91C97DE82353,CRM - Roving Creel Project,Drano Lake salmon and steelhead 2025,1,2025-07-21,2025-07-27,29,weekday,Bank,NA,PE,effort,daily_variance,0,week
D17D3D9D-3402-4182-B30A-91C97DE82353,CRM - Roving Creel Project,Drano Lake salmon and steelhead 2025,1,2025-07-21,2025-07-27,29,weekday,Bank,NA,PE,effort,days_open,5,week
D17D3D9D-3402-4182-B30A-91C97DE82353,CRM - Roving Creel Project,Drano Lake salmon and steelhead 2025,1,2025-07-21,2025-07-27,29,weekday,Bank,NA,PE,effort,degrees_freedom,23.5,week
D17D3D9D-3402-4182-B30A-91C97DE82353,CRM - Roving Creel Project,Drano Lake salmon and steelhead 2025,1,2025-07-21,2025-07-27,29,weekday,Bank,NA,PE,effort,total_effort,0,week
D17D3D9D-3402-4182-B30A-91C97DE82353,CRM - Roving Creel Project,Drano Lake salmon and steelhead 2025,1,2025-07-21,2025-07-27,29,weekday,Boat,NA,PE,effort,number_observations,2,week
D17D3D9D-3402-4182-B30A-91C97DE82353,CRM - Roving Creel Project,Drano Lake salmon and steelhead 2025,1,2025-07-21,2025-07-27,29,weekday,Boat,NA,PE,effort,daily_mean,260.437245501894,week
D17D3D9D-3402-4182-B30A-91C97DE82353,CRM - Roving Creel Project,Drano Lake salmon and steelhead 2025,1,2025-07-21,2025-07-27,29,weekday,Boat,NA,PE,effort,daily_variance,135655.1176892276,week
D17D3D9D-3402-4182-B30A-91C97DE82353,CRM - Roving Creel Project,Drano Lake salmon and steelhead 2025,1,2025-07-21,2025-07-27,29,weekday,Boat,NA,PE,effort,days_open,5,week
D17D3D9D-3402-4182-B30A-91C97DE82353,CRM - Roving Creel Project,Drano Lake salmon and steelhead 2025,1,2025-07-21,2025-07-27,29,weekday,Boat,NA,PE,effort,degrees_freedom,23.5,week
D17D3D9D-3402-4182-B30A-91C97DE82353,CRM - Roving Creel Project,Drano Lake salmon and steelhead 2025,1,2025-07-21,2025-07-27,29,weekday,Boat,NA,PE,effort,total_effort,1302.18622750947,week
D17D3D9D-3402-4182-B30A-91C97DE82353,CRM - Roving Creel Project,Drano Lake salmon and steelhead 2025,1,2025-07-21,2025-07-27,29,weekend,Bank,NA,PE,effort,number_observations,1,week
D17D3D9D-3402-4182-B30A-91C97DE82353,CRM - Roving Creel Project,Drano Lake salmon and steelhead 2025,1,2025-07-21,2025-07-27,29,weekend,Bank,NA,PE,effort,daily_mean,0,week
D17D3D9D-3402-4182-B30A-91C97DE82353,CRM - Roving Creel Project,Drano Lake salmon and steelhead 2025,1,2025-07-21,2025-07-27,29,weekend,Bank,NA,PE,effort,daily_variance,0,week
D17D3D9D-3402-4182-B30A-91C97DE82353,CRM - Roving Creel Project,Drano Lake salmon and steelhead 2025,1,2025-07-21,2025-07-27,29,weekend,Bank,NA,PE,effort,days_open,2,week
D17D3D9D-3402-4182-B30A-91C97DE82353,CRM - Roving Creel Project,Drano Lake salmon and steelhead 2025,1,2025-07-21,2025-07-27,29,weekend,Bank,NA,PE,effort,degrees_freedom,23.5,week
D17D3D9D-3402-4182-B30A-91C97DE82353,CRM - Roving Creel Project,Drano Lake salmon and steelhead 2025,1,2025-07-21,2025-07-27,29,weekend,Bank,NA,PE,effort,total_effort,0,week
D17D3D9D-3402-4182-B30A-91C97DE82353,CRM - Roving Creel Project,Drano Lake salmon and steelhead 2025,1,2025-07-21,2025-07-27,29,weekend,Boat,NA,PE,effort,number_observations,1,week
D17D3D9D-3402-4182-B30A-91C97DE82353,CRM - Roving Creel Project,Drano Lake salmon and steelhead 2025,1,2025-07-21,2025-07-27,29,weekend,Boat,NA,PE,effort,daily_mean,491.92964804292933,week
D17D3D9D-3402-4182-B30A-91C97DE82353,CRM - Roving Creel Project,Drano Lake salmon and steelhead 2025,1,2025-07-21,2025-07-27,29,weekend,Boat,NA,PE,effort,daily_variance,0,week
D17D3D9D-3402-4182-B30A-91C97DE82353,CRM - Roving Creel Project,Drano Lake salmon and steelhead 2025,1,2025-07-21,2025-07-27,29,weekend,Boat,NA,PE,effort,days_open,2,week
D17D3D9D-3402-4182-B30A-91C97DE82353,CRM - Roving Creel Project,Drano Lake salmon and steelhead 2025,1,2025-07-21,2025-07-27,29,weekend,Boat,NA,PE,effort,degrees_freedom,23.5,week
D17D3D9D-3402-4182-B30A-91C97DE82353,CRM - Roving Creel Project,Drano Lake salmon and steelhead 2025,1,2025-07-21,2025-07-27,29,weekend,Boat,NA,PE,effort,total_effort,983.8592960858587,week
D17D3D9D-3402-4182-B30A-91C97DE82353,CRM - Roving Creel Project,Drano Lake salmon and steelhead 2025,1,2025-07-28,2025-08-03,30,weekday,Bank,NA,PE,effort,number_observations,1,week
D17D3D9D-3402-4182-B30A-91C97DE82353,CRM - Roving Creel Project,Drano Lake salmon and steelhead 2025,1,2025-07-28,2025-08-03,30,weekday,Bank,NA,PE,effort,daily_mean,0,week
D17D3D9D-3402-4182-B30A-91C97DE82353,CRM - Roving Creel Project,Drano Lake salmon and steelhead 2025,1,2025-07-28,2025-08-03,30,weekday,Bank,NA,PE,effort,daily_variance,0,week
D17D3D9D-3402-4182-B30A-91C97DE82353,CRM - Roving Creel Project,Drano Lake salmon and steelhead 2025,1,2025-07-28,2025-08-03,30,weekday,Bank,NA,PE,effort,days_open,5,week
D17D3D9D-3402-4182-B30A-91C97DE82353,CRM - Roving Creel Project,Drano Lake salmon and steelhead 2025,1,2025-07-28,2025-08-03,30,weekday,Bank,NA,PE,effort,degrees_freedom,23.5,week
D17D3D9D-3402-4182-B30A-91C97DE82353,CRM - Roving Creel Project,Drano Lake salmon and steelhead 2025,1,2025-07-28,2025-08-03,30,weekday,Bank,NA,PE,effort,total_effort,0,week
D17D3D9D-3402-4182-B30A-91C97DE82353,CRM - Roving Creel Project,Drano Lake salmon and steelhead 2025,1,2025-07-28,2025-08-03,30,weekday,Boat,NA,PE,effort,number_observations,1,week
D17D3D9D-3402-4182-B30A-91C97DE82353,CRM - Roving Creel Project,Drano Lake salmon and steelhead 2025,1,2025-07-28,2025-08-03,30,weekday,Boat,NA,PE,effort,daily_mean,219.87023792613635,week
D17D3D9D-3402-4182-B30A-91C97DE82353,CRM - Roving Creel Project,Drano Lake salmon and steelhead 2025,1,2025-07-28,2025-08-03,30,weekday,Boat,NA,PE,effort,daily_variance,0,week
D17D3D9D-3402-4182-B30A-91C97DE82353,CRM - Roving Creel Project,Drano Lake salmon and steelhead 2025,1,2025-07-28,2025-08-03,30,weekday,Boat,NA,PE,effort,days_open,5,week
D17D3D9D-3402-4182-B30A-91C97DE82353,CRM - Roving Creel Project,Drano Lake salmon and steelhead 2025,1,2025-07-28,2025-08-03,30,weekday,Boat,NA,PE,effort,degrees_freedom,23.5,week
D17D3D9D-3402-4182-B30A-91C97DE82353,CRM - Roving Creel Project,Drano Lake salmon and steelhead 2025,1,2025-07-28,2025-08-03,30,weekday,Boat,NA,PE,effort,total_effort,1099.3511896306818,week
D17D3D9D-3402-4182-B30A-91C97DE82353,CRM - Roving Creel Project,Drano Lake salmon and steelhead 2025,1,2025-07-28,2025-08-03,30,weekend,Bank,NA,PE,effort,number_observations,1,week
D17D3D9D-3402-4182-B30A-91C97DE82353,CRM - Roving Creel Project,Drano Lake salmon and steelhead 2025,1,2025-07-28,2025-08-03,30,weekend,Bank,NA,PE,effort,daily_mean,8.357777777777779,week
D17D3D9D-3402-4182-B30A-91C97DE82353,CRM - Roving Creel Project,Drano Lake salmon and steelhead 2025,1,2025-07-28,2025-08-03,30,weekend,Bank,NA,PE,effort,daily_variance,0,week
D17D3D9D-3402-4182-B30A-91C97DE82353,CRM - Roving Creel Project,Drano Lake salmon and steelhead 2025,1,2025-07-28,2025-08-03,30,weekend,Bank,NA,PE,effort,days_open,2,week
D17D3D9D-3402-4182-B30A-91C97DE82353,CRM - Roving Creel Project,Drano Lake salmon and steelhead 2025,1,2025-07-28,2025-08-03,30,weekend,Bank,NA,PE,effort,degrees_freedom,23.5,week
D17D3D9D-3402-4182-B30A-91C97DE82353,CRM - Roving Creel Project,Drano Lake salmon and steelhead 2025,1,2025-07-28,2025-08-03,30,weekend,Bank,NA,PE,effort,total_effort,16.715555555555557,week
D17D3D9D-3402-4182-B30A-91C97DE82353,CRM - Roving Creel Project,Drano Lake salmon and steelhead 2025,1,2025-07-28,2025-08-03,30,weekend,Boat,NA,PE,effort,number_observations,1,week
D17D3D9D-3402-4182-B30A-91C97DE82353,CRM - Roving Creel Project,Drano Lake salmon and steelhead 2025,1,2025-07-28,2025-08-03,30,weekend,Boat,NA,PE,effort,daily_mean,580.6756060606061,week
D17D3D9D-3402-4182-B30A-91C97DE82353,CRM - Roving Creel Project,Drano Lake salmon and steelhead 2025,1,2025-07-28,2025-08-03,30,weekend,Boat,NA,PE,effort,daily_variance,0,week
D17D3D9D-3402-4182-B30A-91C97DE82353,CRM - Roving Creel Project,Drano Lake salmon and steelhead 2025,1,2025-07-28,2025-08-03,30,weekend,Boat,NA,PE,effort,days_open,2,week
D17D3D9D-3402-4182-B30A-91C97DE82353,CRM - Roving Creel Project,Drano Lake salmon and steelhead 2025,1,2025-07-28,2025-08-03,30,weekend,Boat,NA,PE,effort,degrees_freedom,23.5,week
D17D3D9D-3402-4182-B30A-91C97DE82353,CRM - Roving Creel Project,Drano Lake salmon and steelhead 2025,1,2025-07-28,2025-08-03,30,weekend,Boat,NA,PE,effort,total_effort,1161.3512121212123,week
D17D3D9D-3402-4182-B30A-91C97DE82353,CRM - Roving Creel Project,Drano Lake salmon and steelhead 2025,1,2025-08-04,2025-08-10,31,weekday,Bank,NA,PE,effort,number_observations,1,week
D17D3D9D-3402-4182-B30A-91C97DE82353,CRM - Roving Creel Project,Drano Lake salmon and steelhead 2025,1,2025-08-04,2025-08-10,31,weekday,Bank,NA,PE,effort,daily_mean,8.25,week
D17D3D9D-3402-4182-B30A-91C97DE82353,CRM - Roving Creel Project,Drano Lake salmon and steelhead 2025,1,2025-08-04,2025-08-10,31,weekday,Bank,NA,PE,effort,daily_variance,0,week
D17D3D9D-3402-4182-B30A-91C97DE82353,CRM - Roving Creel Project,Drano Lake salmon and steelhead 2025,1,2025-08-04,2025-08-10,31,weekday,Bank,NA,PE,effort,days_open,5,week
D17D3D9D-3402-4182-B30A-91C97DE82353,CRM - Roving Creel Project,Drano Lake salmon and steelhead 2025,1,2025-08-04,2025-08-10,31,weekday,Bank,NA,PE,effort,degrees_freedom,23.5,week
D17D3D9D-3402-4182-B30A-91C97DE82353,CRM - Roving Creel Project,Drano Lake salmon and steelhead 2025,1,2025-08-04,2025-08-10,31,weekday,Bank,NA,PE,effort,total_effort,41.25,week
D17D3D9D-3402-4182-B30A-91C97DE82353,CRM - Roving Creel Project,Drano Lake salmon and steelhead 2025,1,2025-08-04,2025-08-10,31,weekday,Boat,NA,PE,effort,number_observations,1,week
D17D3D9D-3402-4182-B30A-91C97DE82353,CRM - Roving Creel Project,Drano Lake salmon and steelhead 2025,1,2025-08-04,2025-08-10,31,weekday,Boat,NA,PE,effort,daily_mean,549.3046875,week
D17D3D9D-3402-4182-B30A-91C97DE82353,CRM - Roving Creel Project,Drano Lake salmon and steelhead 2025,1,2025-08-04,2025-08-10,31,weekday,Boat,NA,PE,effort,daily_variance,0,week
D17D3D9D-3402-4182-B30A-91C97DE82353,CRM - Roving Creel Project,Drano Lake salmon and steelhead 2025,1,2025-08-04,2025-08-10,31,weekday,Boat,NA,PE,effort,days_open,5,week
D17D3D9D-3402-4182-B30A-91C97DE82353,CRM - Roving Creel Project,Drano Lake salmon and steelhead 2025,1,2025-08-04,2025-08-10,31,weekday,Boat,NA,PE,effort,degrees_freedom,23.5,week
D17D3D9D-3402-4182-B30A-91C97DE82353,CRM - Roving Creel Project,Drano Lake salmon and steelhead 2025,1,2025-08-04,2025-08-10,31,weekday,Boat,NA,PE,effort,total_effort,2746.5234375,week
D17D3D9D-3402-4182-B30A-91C97DE82353,CRM - Roving Creel Project,Drano Lake salmon and steelhead 2025,1,2025-08-04,2025-08-10,31,weekend,Bank,NA,PE,effort,number_observations,1,week
D17D3D9D-3402-4182-B30A-91C97DE82353,CRM - Roving Creel Project,Drano Lake salmon and steelhead 2025,1,2025-08-04,2025-08-10,31,weekend,Bank,NA,PE,effort,daily_mean,0,week
D17D3D9D-3402-4182-B30A-91C97DE82353,CRM - Roving Creel Project,Drano Lake salmon and steelhead 2025,1,2025-08-04,2025-08-10,31,weekend,Bank,NA,PE,effort,daily_variance,0,week
D17D3D9D-3402-4182-B30A-91C97DE82353,CRM - Roving Creel Project,Drano Lake salmon and steelhead 2025,1,2025-08-04,2025-08-10,31,weekend,Bank,NA,PE,effort,days_open,2,week
D17D3D9D-3402-4182-B30A-91C97DE82353,CRM - Roving Creel Project,Drano Lake salmon and steelhead 2025,1,2025-08-04,2025-08-10,31,weekend,Bank,NA,PE,effort,degrees_freedom,23.5,week
D17D3D9D-3402-4182-B30A-91C97DE82353,CRM - Roving Creel Project,Drano Lake salmon and steelhead 2025,1,2025-08-04,2025-08-10,31,weekend,Bank,NA,PE,effort,total_effort,0,week
D17D3D9D-3402-4182-B30A-91C97DE82353,CRM - Roving Creel Project,Drano Lake salmon and steelhead 2025,1,2025-08-04,2025-08-10,31,weekend,Boat,NA,PE,effort,number_observations,1,week
D17D3D9D-3402-4182-B30A-91C97DE82353,CRM - Roving Creel Project,Drano Lake salmon and steelhead 2025,1,2025-08-04,2025-08-10,31,weekend,Boat,NA,PE,effort,daily_mean,855.1060085227274,week
D17D3D9D-3402-4182-B30A-91C97DE82353,CRM - Roving Creel Project,Drano Lake salmon and steelhead 2025,1,2025-08-04,2025-08-10,31,weekend,Boat,NA,PE,effort,daily_variance,0,week
D17D3D9D-3402-4182-B30A-91C97DE82353,CRM - Roving Creel Project,Drano Lake salmon and steelhead 2025,1,2025-08-04,2025-08-10,31,weekend,Boat,NA,PE,effort,days_open,2,week
D17D3D9D-3402-4182-B30A-91C97DE82353,CRM - Roving Creel Project,Drano Lake salmon and steelhead 2025,1,2025-08-04,2025-08-10,31,weekend,Boat,NA,PE,effort,degrees_freedom,23.5,week
D17D3D9D-3402-4182-B30A-91C97DE82353,CRM - Roving Creel Project,Drano Lake salmon and steelhead 2025,1,2025-08-04,2025-08-10,31,weekend,Boat,NA,PE,effort,total_effort,1710.2120170454548,week
D17D3D9D-3402-4182-B30A-91C97DE82353,CRM - Roving Creel Project,Drano Lake salmon and steelhead 2025,1,2025-08-11,2025-08-17,32,weekday,Bank,NA,PE,effort,number_observations,1,week
D17D3D9D-3402-4182-B30A-91C97DE82353,CRM - Roving Creel Project,Drano Lake salmon and steelhead 2025,1,2025-08-11,2025-08-17,32,weekday,Bank,NA,PE,effort,daily_mean,0,week
D17D3D9D-3402-4182-B30A-91C97DE82353,CRM - Roving Creel Project,Drano Lake salmon and steelhead 2025,1,2025-08-11,2025-08-17,32,weekday,Bank,NA,PE,effort,daily_variance,0,week
D17D3D9D-3402-4182-B30A-91C97DE82353,CRM - Roving Creel Project,Drano Lake salmon and steelhead 2025,1,2025-08-11,2025-08-17,32,weekday,Bank,NA,PE,effort,days_open,5,week
D17D3D9D-3402-4182-B30A-91C97DE82353,CRM - Roving Creel Project,Drano Lake salmon and steelhead 2025,1,2025-08-11,2025-08-17,32,weekday,Bank,NA,PE,effort,degrees_freedom,23.5,week
D17D3D9D-3402-4182-B30A-91C97DE82353,CRM - Roving Creel Project,Drano Lake salmon and steelhead 2025,1,2025-08-11,2025-08-17,32,weekday,Bank,NA,PE,effort,total_effort,0,week
D17D3D9D-3402-4182-B30A-91C97DE82353,CRM - Roving Creel Project,Drano Lake salmon and steelhead 2025,1,2025-08-11,2025-08-17,32,weekday,Boat,NA,PE,effort,number_observations,1,week
D17D3D9D-3402-4182-B30A-91C97DE82353,CRM - Roving Creel Project,Drano Lake salmon and steelhead 2025,1,2025-08-11,2025-08-17,32,weekday,Boat,NA,PE,effort,daily_mean,657.6072111742425,week
D17D3D9D-3402-4182-B30A-91C97DE82353,CRM - Roving Creel Project,Drano Lake salmon and steelhead 2025,1,2025-08-11,2025-08-17,32,weekday,Boat,NA,PE,effort,daily_variance,0,week
D17D3D9D-3402-4182-B30A-91C97DE82353,CRM - Roving Creel Project,Drano Lake salmon and steelhead 2025,1,2025-08-11,2025-08-17,32,weekday,Boat,NA,PE,effort,days_open,5,week
D17D3D9D-3402-4182-B30A-91C97DE82353,CRM - Roving Creel Project,Drano Lake salmon and steelhead 2025,1,2025-08-11,2025-08-17,32,weekday,Boat,NA,PE,effort,degrees_freedom,23.5,week
D17D3D9D-3402-4182-B30A-91C97DE82353,CRM - Roving Creel Project,Drano Lake salmon and steelhead 2025,1,2025-08-11,2025-08-17,32,weekday,Boat,NA,PE,effort,total_effort,3288.0360558712123,week
D17D3D9D-3402-4182-B30A-91C97DE82353,CRM - Roving Creel Project,Drano Lake salmon and steelhead 2025,1,2025-08-11,2025-08-17,32,weekend,Bank,NA,PE,effort,number_observations,2,week
D17D3D9D-3402-4182-B30A-91C97DE82353,CRM - Roving Creel Project,Drano Lake salmon and steelhead 2025,1,2025-08-11,2025-08-17,32,weekend,Bank,NA,PE,effort,daily_mean,8.029930555555556,week
D17D3D9D-3402-4182-B30A-91C97DE82353,CRM - Roving Creel Project,Drano Lake salmon and steelhead 2025,1,2025-08-11,2025-08-17,32,weekend,Bank,NA,PE,effort,daily_variance,2.8866705246915136e-4,week
D17D3D9D-3402-4182-B30A-91C97DE82353,CRM - Roving Creel Project,Drano Lake salmon and steelhead 2025,1,2025-08-11,2025-08-17,32,weekend,Bank,NA,PE,effort,days_open,2,week
D17D3D9D-3402-4182-B30A-91C97DE82353,CRM - Roving Creel Project,Drano Lake salmon and steelhead 2025,1,2025-08-11,2025-08-17,32,weekend,Bank,NA,PE,effort,degrees_freedom,23.5,week
D17D3D9D-3402-4182-B30A-91C97DE82353,CRM - Roving Creel Project,Drano Lake salmon and steelhead 2025,1,2025-08-11,2025-08-17,32,weekend,Bank,NA,PE,effort,total_effort,16.05986111111111,week
D17D3D9D-3402-4182-B30A-91C97DE82353,CRM - Roving Creel Project,Drano Lake salmon and steelhead 2025,1,2025-08-11,2025-08-17,32,weekend,Boat,NA,PE,effort,number_observations,2,week
D17D3D9D-3402-4182-B30A-91C97DE82353,CRM - Roving Creel Project,Drano Lake salmon and steelhead 2025,1,2025-08-11,2025-08-17,32,weekend,Boat,NA,PE,effort,daily_mean,697.0590843986743,week
D17D3D9D-3402-4182-B30A-91C97DE82353,CRM - Roving Creel Project,Drano Lake salmon and steelhead 2025,1,2025-08-11,2025-08-17,32,weekend,Boat,NA,PE,effort,daily_variance,86668.05135965713,week
D17D3D9D-3402-4182-B30A-91C97DE82353,CRM - Roving Creel Project,Drano Lake salmon and steelhead 2025,1,2025-08-11,2025-08-17,32,weekend,Boat,NA,PE,effort,days_open,2,week
D17D3D9D-3402-4182-B30A-91C97DE82353,CRM - Roving Creel Project,Drano Lake salmon and steelhead 2025,1,2025-08-11,2025-08-17,32,weekend,Boat,NA,PE,effort,degrees_freedom,23.5,week
D17D3D9D-3402-4182-B30A-91C97DE82353,CRM - Roving Creel Project,Drano Lake salmon and steelhead 2025,1,2025-08-11,2025-08-17,32,weekend,Boat,NA,PE,effort,total_effort,1394.1181687973485,week
D17D3D9D-3402-4182-B30A-91C97DE82353,CRM - Roving Creel Project,Drano Lake salmon and steelhead 2025,1,2025-08-18,2025-08-24,33,weekday,Bank,NA,PE,effort,number_observations,0,week
D17D3D9D-3402-4182-B30A-91C97DE82353,CRM - Roving Creel Project,Drano Lake salmon and steelhead 2025,1,2025-08-18,2025-08-24,33,weekday,Bank,NA,PE,effort,daily_variance,0,week
D17D3D9D-3402-4182-B30A-91C97DE82353,CRM - Roving Creel Project,Drano Lake salmon and steelhead 2025,1,2025-08-18,2025-08-24,33,weekday,Bank,NA,PE,effort,days_open,5,week
D17D3D9D-3402-4182-B30A-91C97DE82353,CRM - Roving Creel Project,Drano Lake salmon and steelhead 2025,1,2025-08-18,2025-08-24,33,weekday,Bank,NA,PE,effort,degrees_freedom,23.5,week
D17D3D9D-3402-4182-B30A-91C97DE82353,CRM - Roving Creel Project,Drano Lake salmon and steelhead 2025,1,2025-08-18,2025-08-24,33,weekday,Boat,NA,PE,effort,number_observations,0,week
D17D3D9D-3402-4182-B30A-91C97DE82353,CRM - Roving Creel Project,Drano Lake salmon and steelhead 2025,1,2025-08-18,2025-08-24,33,weekday,Boat,NA,PE,effort,daily_variance,0,week
D17D3D9D-3402-4182-B30A-91C97DE82353,CRM - Roving Creel Project,Drano Lake salmon and steelhead 2025,1,2025-08-18,2025-08-24,33,weekday,Boat,NA,PE,effort,days_open,5,week
D17D3D9D-3402-4182-B30A-91C97DE82353,CRM - Roving Creel Project,Drano Lake salmon and steelhead 2025,1,2025-08-18,2025-08-24,33,weekday,Boat,NA,PE,effort,degrees_freedom,23.5,week
D17D3D9D-3402-4182-B30A-91C97DE82353,CRM - Roving Creel Project,Drano Lake salmon and steelhead 2025,1,2025-08-18,2025-08-24,33,weekend,Bank,NA,PE,effort,number_observations,2,week
D17D3D9D-3402-4182-B30A-91C97DE82353,CRM - Roving Creel Project,Drano Lake salmon and steelhead 2025,1,2025-08-18,2025-08-24,33,weekend,Bank,NA,PE,effort,daily_mean,47.13666666666667,week
D17D3D9D-3402-4182-B30A-91C97DE82353,CRM - Roving Creel Project,Drano Lake salmon and steelhead 2025,1,2025-08-18,2025-08-24,33,weekend,Bank,NA,PE,effort,daily_variance,121.15623152006171,week
D17D3D9D-3402-4182-B30A-91C97DE82353,CRM - Roving Creel Project,Drano Lake salmon and steelhead 2025,1,2025-08-18,2025-08-24,33,weekend,Bank,NA,PE,effort,days_open,2,week
D17D3D9D-3402-4182-B30A-91C97DE82353,CRM - Roving Creel Project,Drano Lake salmon and steelhead 2025,1,2025-08-18,2025-08-24,33,weekend,Bank,NA,PE,effort,degrees_freedom,23.5,week
D17D3D9D-3402-4182-B30A-91C97DE82353,CRM - Roving Creel Project,Drano Lake salmon and steelhead 2025,1,2025-08-18,2025-08-24,33,weekend,Bank,NA,PE,effort,total_effort,94.27333333333334,week
D17D3D9D-3402-4182-B30A-91C97DE82353,CRM - Roving Creel Project,Drano Lake salmon and steelhead 2025,1,2025-08-18,2025-08-24,33,weekend,Boat,NA,PE,effort,number_observations,2,week
D17D3D9D-3402-4182-B30A-91C97DE82353,CRM - Roving Creel Project,Drano Lake salmon and steelhead 2025,1,2025-08-18,2025-08-24,33,weekend,Boat,NA,PE,effort,daily_mean,1172.908844894255,week
D17D3D9D-3402-4182-B30A-91C97DE82353,CRM - Roving Creel Project,Drano Lake salmon and steelhead 2025,1,2025-08-18,2025-08-24,33,weekend,Boat,NA,PE,effort,daily_variance,1461828.839862778,week
D17D3D9D-3402-4182-B30A-91C97DE82353,CRM - Roving Creel Project,Drano Lake salmon and steelhead 2025,1,2025-08-18,2025-08-24,33,weekend,Boat,NA,PE,effort,days_open,2,week
D17D3D9D-3402-4182-B30A-91C97DE82353,CRM - Roving Creel Project,Drano Lake salmon and steelhead 2025,1,2025-08-18,2025-08-24,33,weekend,Boat,NA,PE,effort,degrees_freedom,23.5,week
D17D3D9D-3402-4182-B30A-91C97DE82353,CRM - Roving Creel Project,Drano Lake salmon and steelhead 2025,1,2025-08-18,2025-08-24,33,weekend,Boat,NA,PE,effort,total_effort,2345.81768978851,week
D17D3D9D-3402-4182-B30A-91C97DE82353,CRM - Roving Creel Project,Drano Lake salmon and steelhead 2025,1,2025-08-25,2025-08-31,34,weekday,Bank,NA,PE,effort,number_observations,1,week
D17D3D9D-3402-4182-B30A-91C97DE82353,CRM - Roving Creel Project,Drano Lake salmon and steelhead 2025,1,2025-08-25,2025-08-31,34,weekday,Bank,NA,PE,effort,daily_mean,0,week
D17D3D9D-3402-4182-B30A-91C97DE82353,CRM - Roving Creel Project,Drano Lake salmon and steelhead 2025,1,2025-08-25,2025-08-31,34,weekday,Bank,NA,PE,effort,daily_variance,0,week
D17D3D9D-3402-4182-B30A-91C97DE82353,CRM - Roving Creel Project,Drano Lake salmon and steelhead 2025,1,2025-08-25,2025-08-31,34,weekday,Bank,NA,PE,effort,days_open,5,week
D17D3D9D-3402-4182-B30A-91C97DE82353,CRM - Roving Creel Project,Drano Lake salmon and steelhead 2025,1,2025-08-25,2025-08-31,34,weekday,Bank,NA,PE,effort,degrees_freedom,23.5,week
D17D3D9D-3402-4182-B30A-91C97DE82353,CRM - Roving Creel Project,Drano Lake salmon and steelhead 2025,1,2025-08-25,2025-08-31,34,weekday,Bank,NA,PE,effort,total_effort,0,week
D17D3D9D-3402-4182-B30A-91C97DE82353,CRM - Roving Creel Project,Drano Lake salmon and steelhead 2025,1,2025-08-25,2025-08-31,34,weekday,Boat,NA,PE,effort,number_observations,1,week
D17D3D9D-3402-4182-B30A-91C97DE82353,CRM - Roving Creel Project,Drano Lake salmon and steelhead 2025,1,2025-08-25,2025-08-31,34,weekday,Boat,NA,PE,effort,daily_mean,338.5026811079546,week
D17D3D9D-3402-4182-B30A-91C97DE82353,CRM - Roving Creel Project,Drano Lake salmon and steelhead 2025,1,2025-08-25,2025-08-31,34,weekday,Boat,NA,PE,effort,daily_variance,0,week
D17D3D9D-3402-4182-B30A-91C97DE82353,CRM - Roving Creel Project,Drano Lake salmon and steelhead 2025,1,2025-08-25,2025-08-31,34,weekday,Boat,NA,PE,effort,days_open,5,week
D17D3D9D-3402-4182-B30A-91C97DE82353,CRM - Roving Creel Project,Drano Lake salmon and steelhead 2025,1,2025-08-25,2025-08-31,34,weekday,Boat,NA,PE,effort,degrees_freedom,23.5,week
D17D3D9D-3402-4182-B30A-91C97DE82353,CRM - Roving Creel Project,Drano Lake salmon and steelhead 2025,1,2025-08-25,2025-08-31,34,weekday,Boat,NA,PE,effort,total_effort,1692.513405539773,week
D17D3D9D-3402-4182-B30A-91C97DE82353,CRM - Roving Creel Project,Drano Lake salmon and steelhead 2025,1,2025-08-25,2025-08-31,34,weekend,Bank,NA,PE,effort,number_observations,2,week
D17D3D9D-3402-4182-B30A-91C97DE82353,CRM - Roving Creel Project,Drano Lake salmon and steelhead 2025,1,2025-08-25,2025-08-31,34,weekend,Bank,NA,PE,effort,daily_mean,49.918055555555554,week
D17D3D9D-3402-4182-B30A-91C97DE82353,CRM - Roving Creel Project,Drano Lake salmon and steelhead 2025,1,2025-08-25,2025-08-31,34,weekend,Bank,NA,PE,effort,daily_variance,28.22091496913575,week
D17D3D9D-3402-4182-B30A-91C97DE82353,CRM - Roving Creel Project,Drano Lake salmon and steelhead 2025,1,2025-08-25,2025-08-31,34,weekend,Bank,NA,PE,effort,days_open,2,week
D17D3D9D-3402-4182-B30A-91C97DE82353,CRM - Roving Creel Project,Drano Lake salmon and steelhead 2025,1,2025-08-25,2025-08-31,34,weekend,Bank,NA,PE,effort,degrees_freedom,23.5,week
D17D3D9D-3402-4182-B30A-91C97DE82353,CRM - Roving Creel Project,Drano Lake salmon and steelhead 2025,1,2025-08-25,2025-08-31,34,weekend,Bank,NA,PE,effort,total_effort,99.83611111111111,week
D17D3D9D-3402-4182-B30A-91C97DE82353,CRM - Roving Creel Project,Drano Lake salmon and steelhead 2025,1,2025-08-25,2025-08-31,34,weekend,Boat,NA,PE,effort,number_observations,2,week
D17D3D9D-3402-4182-B30A-91C97DE82353,CRM - Roving Creel Project,Drano Lake salmon and steelhead 2025,1,2025-08-25,2025-08-31,34,weekend,Boat,NA,PE,effort,daily_mean,2523.7361994949497,week
D17D3D9D-3402-4182-B30A-91C97DE82353,CRM - Roving Creel Project,Drano Lake salmon and steelhead 2025,1,2025-08-25,2025-08-31,34,weekend,Boat,NA,PE,effort,daily_variance,7159.465544562603,week
D17D3D9D-3402-4182-B30A-91C97DE82353,CRM - Roving Creel Project,Drano Lake salmon and steelhead 2025,1,2025-08-25,2025-08-31,34,weekend,Boat,NA,PE,effort,days_open,2,week
D17D3D9D-3402-4182-B30A-91C97DE82353,CRM - Roving Creel Project,Drano Lake salmon and steelhead 2025,1,2025-08-25,2025-08-31,34,weekend,Boat,NA,PE,effort,degrees_freedom,23.5,week
D17D3D9D-3402-4182-B30A-91C97DE82353,CRM - Roving Creel Project,Drano Lake salmon and steelhead 2025,1,2025-08-25,2025-08-31,34,weekend,Boat,NA,PE,effort,total_effort,5047.472398989899,week
D17D3D9D-3402-4182-B30A-91C97DE82353,CRM - Roving Creel Project,Drano Lake salmon and steelhead 2025,1,2025-09-01,2025-09-07,35,weekday,Bank,NA,PE,effort,number_observations,1,week
D17D3D9D-3402-4182-B30A-91C97DE82353,CRM - Roving Creel Project,Drano Lake salmon and steelhead 2025,1,2025-09-01,2025-09-07,35,weekday,Bank,NA,PE,effort,daily_mean,7.5384722222222225,week
D17D3D9D-3402-4182-B30A-91C97DE82353,CRM - Roving Creel Project,Drano Lake salmon and steelhead 2025,1,2025-09-01,2025-09-07,35,weekday,Bank,NA,PE,effort,daily_variance,0,week
D17D3D9D-3402-4182-B30A-91C97DE82353,CRM - Roving Creel Project,Drano Lake salmon and steelhead 2025,1,2025-09-01,2025-09-07,35,weekday,Bank,NA,PE,effort,days_open,4,week
D17D3D9D-3402-4182-B30A-91C97DE82353,CRM - Roving Creel Project,Drano Lake salmon and steelhead 2025,1,2025-09-01,2025-09-07,35,weekday,Bank,NA,PE,effort,degrees_freedom,23.5,week
D17D3D9D-3402-4182-B30A-91C97DE82353,CRM - Roving Creel Project,Drano Lake salmon and steelhead 2025,1,2025-09-01,2025-09-07,35,weekday,Bank,NA,PE,effort,total_effort,30.15388888888889,week
D17D3D9D-3402-4182-B30A-91C97DE82353,CRM - Roving Creel Project,Drano Lake salmon and steelhead 2025,1,2025-09-01,2025-09-07,35,weekday,Boat,NA,PE,effort,number_observations,1,week
D17D3D9D-3402-4182-B30A-91C97DE82353,CRM - Roving Creel Project,Drano Lake salmon and steelhead 2025,1,2025-09-01,2025-09-07,35,weekday,Boat,NA,PE,effort,daily_mean,589.221551846591,week
D17D3D9D-3402-4182-B30A-91C97DE82353,CRM - Roving Creel Project,Drano Lake salmon and steelhead 2025,1,2025-09-01,2025-09-07,35,weekday,Boat,NA,PE,effort,daily_variance,0,week
D17D3D9D-3402-4182-B30A-91C97DE82353,CRM - Roving Creel Project,Drano Lake salmon and steelhead 2025,1,2025-09-01,2025-09-07,35,weekday,Boat,NA,PE,effort,days_open,4,week
D17D3D9D-3402-4182-B30A-91C97DE82353,CRM - Roving Creel Project,Drano Lake salmon and steelhead 2025,1,2025-09-01,2025-09-07,35,weekday,Boat,NA,PE,effort,degrees_freedom,23.5,week
D17D3D9D-3402-4182-B30A-91C97DE82353,CRM - Roving Creel Project,Drano Lake salmon and steelhead 2025,1,2025-09-01,2025-09-07,35,weekday,Boat,NA,PE,effort,total_effort,2356.886207386364,week
D17D3D9D-3402-4182-B30A-91C97DE82353,CRM - Roving Creel Project,Drano Lake salmon and steelhead 2025,1,2025-09-01,2025-09-07,35,weekend,Bank,NA,PE,effort,number_observations,1,week
D17D3D9D-3402-4182-B30A-91C97DE82353,CRM - Roving Creel Project,Drano Lake salmon and steelhead 2025,1,2025-09-01,2025-09-07,35,weekend,Bank,NA,PE,effort,daily_mean,7.486111111111111,week
D17D3D9D-3402-4182-B30A-91C97DE82353,CRM - Roving Creel Project,Drano Lake salmon and steelhead 2025,1,2025-09-01,2025-09-07,35,weekend,Bank,NA,PE,effort,daily_variance,0,week
D17D3D9D-3402-4182-B30A-91C97DE82353,CRM - Roving Creel Project,Drano Lake salmon and steelhead 2025,1,2025-09-01,2025-09-07,35,weekend,Bank,NA,PE,effort,days_open,3,week
D17D3D9D-3402-4182-B30A-91C97DE82353,CRM - Roving Creel Project,Drano Lake salmon and steelhead 2025,1,2025-09-01,2025-09-07,35,weekend,Bank,NA,PE,effort,degrees_freedom,23.5,week
D17D3D9D-3402-4182-B30A-91C97DE82353,CRM - Roving Creel Project,Drano Lake salmon and steelhead 2025,1,2025-09-01,2025-09-07,35,weekend,Bank,NA,PE,effort,total_effort,22.458333333333332,week
D17D3D9D-3402-4182-B30A-91C97DE82353,CRM - Roving Creel Project,Drano Lake salmon and steelhead 2025,1,2025-09-01,2025-09-07,35,weekend,Boat,NA,PE,effort,number_observations,1,week
D17D3D9D-3402-4182-B30A-91C97DE82353,CRM - Roving Creel Project,Drano Lake salmon and steelhead 2025,1,2025-09-01,2025-09-07,35,weekend,Boat,NA,PE,effort,daily_mean,1668.700954861111,week
D17D3D9D-3402-4182-B30A-91C97DE82353,CRM - Roving Creel Project,Drano Lake salmon and steelhead 2025,1,2025-09-01,2025-09-07,35,weekend,Boat,NA,PE,effort,daily_variance,0,week
D17D3D9D-3402-4182-B30A-91C97DE82353,CRM - Roving Creel Project,Drano Lake salmon and steelhead 2025,1,2025-09-01,2025-09-07,35,weekend,Boat,NA,PE,effort,days_open,3,week
D17D3D9D-3402-4182-B30A-91C97DE82353,CRM - Roving Creel Project,Drano Lake salmon and steelhead 2025,1,2025-09-01,2025-09-07,35,weekend,Boat,NA,PE,effort,degrees_freedom,23.5,week
D17D3D9D-3402-4182-B30A-91C97DE82353,CRM - Roving Creel Project,Drano Lake salmon and steelhead 2025,1,2025-09-01,2025-09-07,35,weekend,Boat,NA,PE,effort,total_effort,5006.102864583333,week
D17D3D9D-3402-4182-B30A-91C97DE82353,CRM - Roving Creel Project,Drano Lake salmon and steelhead 2025,1,2025-09-08,2025-09-14,36,weekday,Bank,NA,PE,effort,number_observations,2,week
D17D3D9D-3402-4182-B30A-91C97DE82353,CRM - Roving Creel Project,Drano Lake salmon and steelhead 2025,1,2025-09-08,2025-09-14,36,weekday,Bank,NA,PE,effort,daily_mean,25.860625,week
D17D3D9D-3402-4182-B30A-91C97DE82353,CRM - Roving Creel Project,Drano Lake salmon and steelhead 2025,1,2025-09-08,2025-09-14,36,weekday,Bank,NA,PE,effort,daily_variance,244.01166328125,week
D17D3D9D-3402-4182-B30A-91C97DE82353,CRM - Roving Creel Project,Drano Lake salmon and steelhead 2025,1,2025-09-08,2025-09-14,36,weekday,Bank,NA,PE,effort,days_open,5,week
D17D3D9D-3402-4182-B30A-91C97DE82353,CRM - Roving Creel Project,Drano Lake salmon and steelhead 2025,1,2025-09-08,2025-09-14,36,weekday,Bank,NA,PE,effort,degrees_freedom,23.5,week
D17D3D9D-3402-4182-B30A-91C97DE82353,CRM - Roving Creel Project,Drano Lake salmon and steelhead 2025,1,2025-09-08,2025-09-14,36,weekday,Bank,NA,PE,effort,total_effort,129.303125,week
D17D3D9D-3402-4182-B30A-91C97DE82353,CRM - Roving Creel Project,Drano Lake salmon and steelhead 2025,1,2025-09-08,2025-09-14,36,weekday,Boat,NA,PE,effort,number_observations,2,week
D17D3D9D-3402-4182-B30A-91C97DE82353,CRM - Roving Creel Project,Drano Lake salmon and steelhead 2025,1,2025-09-08,2025-09-14,36,weekday,Boat,NA,PE,effort,daily_mean,1156.1072460937498,week
D17D3D9D-3402-4182-B30A-91C97DE82353,CRM - Roving Creel Project,Drano Lake salmon and steelhead 2025,1,2025-09-08,2025-09-14,36,weekday,Boat,NA,PE,effort,daily_variance,23797.384747144737,week
D17D3D9D-3402-4182-B30A-91C97DE82353,CRM - Roving Creel Project,Drano Lake salmon and steelhead 2025,1,2025-09-08,2025-09-14,36,weekday,Boat,NA,PE,effort,days_open,5,week
D17D3D9D-3402-4182-B30A-91C97DE82353,CRM - Roving Creel Project,Drano Lake salmon and steelhead 2025,1,2025-09-08,2025-09-14,36,weekday,Boat,NA,PE,effort,degrees_freedom,23.5,week
D17D3D9D-3402-4182-B30A-91C97DE82353,CRM - Roving Creel Project,Drano Lake salmon and steelhead 2025,1,2025-09-08,2025-09-14,36,weekday,Boat,NA,PE,effort,total_effort,5780.53623046875,week
D17D3D9D-3402-4182-B30A-91C97DE82353,CRM - Roving Creel Project,Drano Lake salmon and steelhead 2025,1,2025-09-08,2025-09-14,36,weekend,Bank,NA,PE,effort,number_observations,2,week
D17D3D9D-3402-4182-B30A-91C97DE82353,CRM - Roving Creel Project,Drano Lake salmon and steelhead 2025,1,2025-09-08,2025-09-14,36,weekend,Bank,NA,PE,effort,daily_mean,3.6509722222222223,week
D17D3D9D-3402-4182-B30A-91C97DE82353,CRM - Roving Creel Project,Drano Lake salmon and steelhead 2025,1,2025-09-08,2025-09-14,36,weekend,Bank,NA,PE,effort,daily_variance,26.659196334876544,week
D17D3D9D-3402-4182-B30A-91C97DE82353,CRM - Roving Creel Project,Drano Lake salmon and steelhead 2025,1,2025-09-08,2025-09-14,36,weekend,Bank,NA,PE,effort,days_open,2,week
D17D3D9D-3402-4182-B30A-91C97DE82353,CRM - Roving Creel Project,Drano Lake salmon and steelhead 2025,1,2025-09-08,2025-09-14,36,weekend,Bank,NA,PE,effort,degrees_freedom,23.5,week
D17D3D9D-3402-4182-B30A-91C97DE82353,CRM - Roving Creel Project,Drano Lake salmon and steelhead 2025,1,2025-09-08,2025-09-14,36,weekend,Bank,NA,PE,effort,total_effort,7.301944444444445,week
D17D3D9D-3402-4182-B30A-91C97DE82353,CRM - Roving Creel Project,Drano Lake salmon and steelhead 2025,1,2025-09-08,2025-09-14,36,weekend,Boat,NA,PE,effort,number_observations,2,week
D17D3D9D-3402-4182-B30A-91C97DE82353,CRM - Roving Creel Project,Drano Lake salmon and steelhead 2025,1,2025-09-08,2025-09-14,36,weekend,Boat,NA,PE,effort,daily_mean,1058.9011837121213,week
D17D3D9D-3402-4182-B30A-91C97DE82353,CRM - Roving Creel Project,Drano Lake salmon and steelhead 2025,1,2025-09-08,2025-09-14,36,weekend,Boat,NA,PE,effort,daily_variance,3918.3931408203016,week
D17D3D9D-3402-4182-B30A-91C97DE82353,CRM - Roving Creel Project,Drano Lake salmon and steelhead 2025,1,2025-09-08,2025-09-14,36,weekend,Boat,NA,PE,effort,days_open,2,week
D17D3D9D-3402-4182-B30A-91C97DE82353,CRM - Roving Creel Project,Drano Lake salmon and steelhead 2025,1,2025-09-08,2025-09-14,36,weekend,Boat,NA,PE,effort,degrees_freedom,23.5,week
D17D3D9D-3402-4182-B30A-91C97DE82353,CRM - Roving Creel Project,Drano Lake salmon and steelhead 2025,1,2025-09-08,2025-09-14,36,weekend,Boat,NA,PE,effort,total_effort,2117.8023674242427,week
D17D3D9D-3402-4182-B30A-91C97DE82353,CRM - Roving Creel Project,Drano Lake salmon and steelhead 2025,1,2025-09-15,2025-09-21,37,weekday,Bank,NA,PE,effort,number_observations,1,week
D17D3D9D-3402-4182-B30A-91C97DE82353,CRM - Roving Creel Project,Drano Lake salmon and steelhead 2025,1,2025-09-15,2025-09-21,37,weekday,Bank,NA,PE,effort,daily_mean,43.01583333333333,week
D17D3D9D-3402-4182-B30A-91C97DE82353,CRM - Roving Creel Project,Drano Lake salmon and steelhead 2025,1,2025-09-15,2025-09-21,37,weekday,Bank,NA,PE,effort,daily_variance,0,week
D17D3D9D-3402-4182-B30A-91C97DE82353,CRM - Roving Creel Project,Drano Lake salmon and steelhead 2025,1,2025-09-15,2025-09-21,37,weekday,Bank,NA,PE,effort,days_open,5,week
D17D3D9D-3402-4182-B30A-91C97DE82353,CRM - Roving Creel Project,Drano Lake salmon and steelhead 2025,1,2025-09-15,2025-09-21,37,weekday,Bank,NA,PE,effort,degrees_freedom,23.5,week
D17D3D9D-3402-4182-B30A-91C97DE82353,CRM - Roving Creel Project,Drano Lake salmon and steelhead 2025,1,2025-09-15,2025-09-21,37,weekday,Bank,NA,PE,effort,total_effort,215.07916666666665,week
D17D3D9D-3402-4182-B30A-91C97DE82353,CRM - Roving Creel Project,Drano Lake salmon and steelhead 2025,1,2025-09-15,2025-09-21,37,weekday,Boat,NA,PE,effort,number_observations,1,week
D17D3D9D-3402-4182-B30A-91C97DE82353,CRM - Roving Creel Project,Drano Lake salmon and steelhead 2025,1,2025-09-15,2025-09-21,37,weekday,Boat,NA,PE,effort,daily_mean,477.3494724589646,week
D17D3D9D-3402-4182-B30A-91C97DE82353,CRM - Roving Creel Project,Drano Lake salmon and steelhead 2025,1,2025-09-15,2025-09-21,37,weekday,Boat,NA,PE,effort,daily_variance,0,week
D17D3D9D-3402-4182-B30A-91C97DE82353,CRM - Roving Creel Project,Drano Lake salmon and steelhead 2025,1,2025-09-15,2025-09-21,37,weekday,Boat,NA,PE,effort,days_open,5,week
D17D3D9D-3402-4182-B30A-91C97DE82353,CRM - Roving Creel Project,Drano Lake salmon and steelhead 2025,1,2025-09-15,2025-09-21,37,weekday,Boat,NA,PE,effort,degrees_freedom,23.5,week
D17D3D9D-3402-4182-B30A-91C97DE82353,CRM - Roving Creel Project,Drano Lake salmon and steelhead 2025,1,2025-09-15,2025-09-21,37,weekday,Boat,NA,PE,effort,total_effort,2386.7473622948232,week
D17D3D9D-3402-4182-B30A-91C97DE82353,CRM - Roving Creel Project,Drano Lake salmon and steelhead 2025,1,2025-09-15,2025-09-21,37,weekend,Bank,NA,PE,effort,number_observations,2,week
D17D3D9D-3402-4182-B30A-91C97DE82353,CRM - Roving Creel Project,Drano Lake salmon and steelhead 2025,1,2025-09-15,2025-09-21,37,weekend,Bank,NA,PE,effort,daily_mean,3.571388888888889,week
D17D3D9D-3402-4182-B30A-91C97DE82353,CRM - Roving Creel Project,Drano Lake salmon and steelhead 2025,1,2025-09-15,2025-09-21,37,weekend,Bank,NA,PE,effort,daily_variance,25.509637191358024,week
D17D3D9D-3402-4182-B30A-91C97DE82353,CRM - Roving Creel Project,Drano Lake salmon and steelhead 2025,1,2025-09-15,2025-09-21,37,weekend,Bank,NA,PE,effort,days_open,2,week
D17D3D9D-3402-4182-B30A-91C97DE82353,CRM - Roving Creel Project,Drano Lake salmon and steelhead 2025,1,2025-09-15,2025-09-21,37,weekend,Bank,NA,PE,effort,degrees_freedom,23.5,week
D17D3D9D-3402-4182-B30A-91C97DE82353,CRM - Roving Creel Project,Drano Lake salmon and steelhead 2025,1,2025-09-15,2025-09-21,37,weekend,Bank,NA,PE,effort,total_effort,7.142777777777778,week
D17D3D9D-3402-4182-B30A-91C97DE82353,CRM - Roving Creel Project,Drano Lake salmon and steelhead 2025,1,2025-09-15,2025-09-21,37,weekend,Boat,NA,PE,effort,number_observations,2,week
D17D3D9D-3402-4182-B30A-91C97DE82353,CRM - Roving Creel Project,Drano Lake salmon and steelhead 2025,1,2025-09-15,2025-09-21,37,weekend,Boat,NA,PE,effort,daily_mean,433.64915246212126,week
D17D3D9D-3402-4182-B30A-91C97DE82353,CRM - Roving Creel Project,Drano Lake salmon and steelhead 2025,1,2025-09-15,2025-09-21,37,weekend,Boat,NA,PE,effort,daily_variance,31072.33184668579,week
D17D3D9D-3402-4182-B30A-91C97DE82353,CRM - Roving Creel Project,Drano Lake salmon and steelhead 2025,1,2025-09-15,2025-09-21,37,weekend,Boat,NA,PE,effort,days_open,2,week
D17D3D9D-3402-4182-B30A-91C97DE82353,CRM - Roving Creel Project,Drano Lake salmon and steelhead 2025,1,2025-09-15,2025-09-21,37,weekend,Boat,NA,PE,effort,degrees_freedom,23.5,week
D17D3D9D-3402-4182-B30A-91C97DE82353,CRM - Roving Creel Project,Drano Lake salmon and steelhead 2025,1,2025-09-15,2025-09-21,37,weekend,Boat,NA,PE,effort,total_effort,867.2983049242425,week
D17D3D9D-3402-4182-B30A-91C97DE82353,CRM - Roving Creel Project,Drano Lake salmon and steelhead 2025,1,2025-09-22,2025-09-28,38,weekday,Bank,NA,PE,effort,number_observations,2,week
D17D3D9D-3402-4182-B30A-91C97DE82353,CRM - Roving Creel Project,Drano Lake salmon and steelhead 2025,1,2025-09-22,2025-09-28,38,weekday,Bank,NA,PE,effort,daily_mean,3.5181944444444446,week
D17D3D9D-3402-4182-B30A-91C97DE82353,CRM - Roving Creel Project,Drano Lake salmon and steelhead 2025,1,2025-09-22,2025-09-28,38,weekday,Bank,NA,PE,effort,daily_variance,24.75538429783951,week
D17D3D9D-3402-4182-B30A-91C97DE82353,CRM - Roving Creel Project,Drano Lake salmon and steelhead 2025,1,2025-09-22,2025-09-28,38,weekday,Bank,NA,PE,effort,days_open,5,week
D17D3D9D-3402-4182-B30A-91C97DE82353,CRM - Roving Creel Project,Drano Lake salmon and steelhead 2025,1,2025-09-22,2025-09-28,38,weekday,Bank,NA,PE,effort,degrees_freedom,23.5,week
D17D3D9D-3402-4182-B30A-91C97DE82353,CRM - Roving Creel Project,Drano Lake salmon and steelhead 2025,1,2025-09-22,2025-09-28,38,weekday,Bank,NA,PE,effort,total_effort,17.590972222222224,week
D17D3D9D-3402-4182-B30A-91C97DE82353,CRM - Roving Creel Project,Drano Lake salmon and steelhead 2025,1,2025-09-22,2025-09-28,38,weekday,Boat,NA,PE,effort,number_observations,2,week
D17D3D9D-3402-4182-B30A-91C97DE82353,CRM - Roving Creel Project,Drano Lake salmon and steelhead 2025,1,2025-09-22,2025-09-28,38,weekday,Boat,NA,PE,effort,daily_mean,660.157525647096,week
D17D3D9D-3402-4182-B30A-91C97DE82353,CRM - Roving Creel Project,Drano Lake salmon and steelhead 2025,1,2025-09-22,2025-09-28,38,weekday,Boat,NA,PE,effort,daily_variance,61245.70931599135,week
D17D3D9D-3402-4182-B30A-91C97DE82353,CRM - Roving Creel Project,Drano Lake salmon and steelhead 2025,1,2025-09-22,2025-09-28,38,weekday,Boat,NA,PE,effort,days_open,5,week
D17D3D9D-3402-4182-B30A-91C97DE82353,CRM - Roving Creel Project,Drano Lake salmon and steelhead 2025,1,2025-09-22,2025-09-28,38,weekday,Boat,NA,PE,effort,degrees_freedom,23.5,week
D17D3D9D-3402-4182-B30A-91C97DE82353,CRM - Roving Creel Project,Drano Lake salmon and steelhead 2025,1,2025-09-22,2025-09-28,38,weekday,Boat,NA,PE,effort,total_effort,3300.78762823548,week
D17D3D9D-3402-4182-B30A-91C97DE82353,CRM - Roving Creel Project,Drano Lake salmon and steelhead 2025,1,2025-09-22,2025-09-28,38,weekend,Bank,NA,PE,effort,number_observations,2,week
D17D3D9D-3402-4182-B30A-91C97DE82353,CRM - Roving Creel Project,Drano Lake salmon and steelhead 2025,1,2025-09-22,2025-09-28,38,weekend,Bank,NA,PE,effort,daily_mean,3.4649305555555556,week
D17D3D9D-3402-4182-B30A-91C97DE82353,CRM - Roving Creel Project,Drano Lake salmon and steelhead 2025,1,2025-09-22,2025-09-28,38,weekend,Bank,NA,PE,effort,daily_variance,24.01148750964506,week
D17D3D9D-3402-4182-B30A-91C97DE82353,CRM - Roving Creel Project,Drano Lake salmon and steelhead 2025,1,2025-09-22,2025-09-28,38,weekend,Bank,NA,PE,effort,days_open,2,week
D17D3D9D-3402-4182-B30A-91C97DE82353,CRM - Roving Creel Project,Drano Lake salmon and steelhead 2025,1,2025-09-22,2025-09-28,38,weekend,Bank,NA,PE,effort,degrees_freedom,23.5,week
D17D3D9D-3402-4182-B30A-91C97DE82353,CRM - Roving Creel Project,Drano Lake salmon and steelhead 2025,1,2025-09-22,2025-09-28,38,weekend,Bank,NA,PE,effort,total_effort,6.929861111111111,week
D17D3D9D-3402-4182-B30A-91C97DE82353,CRM - Roving Creel Project,Drano Lake salmon and steelhead 2025,1,2025-09-22,2025-09-28,38,weekend,Boat,NA,PE,effort,number_observations,2,week
D17D3D9D-3402-4182-B30A-91C97DE82353,CRM - Roving Creel Project,Drano Lake salmon and steelhead 2025,1,2025-09-22,2025-09-28,38,weekend,Boat,NA,PE,effort,daily_mean,1598.5868071338386,week
D17D3D9D-3402-4182-B30A-91C97DE82353,CRM - Roving Creel Project,Drano Lake salmon and steelhead 2025,1,2025-09-22,2025-09-28,38,weekend,Boat,NA,PE,effort,daily_variance,251758.78582177203,week
D17D3D9D-3402-4182-B30A-91C97DE82353,CRM - Roving Creel Project,Drano Lake salmon and steelhead 2025,1,2025-09-22,2025-09-28,38,weekend,Boat,NA,PE,effort,days_open,2,week
D17D3D9D-3402-4182-B30A-91C97DE82353,CRM - Roving Creel Project,Drano Lake salmon and steelhead 2025,1,2025-09-22,2025-09-28,38,weekend,Boat,NA,PE,effort,degrees_freedom,23.5,week
D17D3D9D-3402-4182-B30A-91C97DE82353,CRM - Roving Creel Project,Drano Lake salmon and steelhead 2025,1,2025-09-22,2025-09-28,38,weekend,Boat,NA,PE,effort,total_effort,3197.1736142676773,week
D17D3D9D-3402-4182-B30A-91C97DE82353,CRM - Roving Creel Project,Drano Lake salmon and steelhead 2025,1,2025-09-29,2025-10-05,39,weekday,Bank,NA,PE,effort,number_observations,1,week
D17D3D9D-3402-4182-B30A-91C97DE82353,CRM - Roving Creel Project,Drano Lake salmon and steelhead 2025,1,2025-09-29,2025-10-05,39,weekday,Bank,NA,PE,effort,daily_mean,0,week
D17D3D9D-3402-4182-B30A-91C97DE82353,CRM - Roving Creel Project,Drano Lake salmon and steelhead 2025,1,2025-09-29,2025-10-05,39,weekday,Bank,NA,PE,effort,daily_variance,0,week
D17D3D9D-3402-4182-B30A-91C97DE82353,CRM - Roving Creel Project,Drano Lake salmon and steelhead 2025,1,2025-09-29,2025-10-05,39,weekday,Bank,NA,PE,effort,days_open,4,week
D17D3D9D-3402-4182-B30A-91C97DE82353,CRM - Roving Creel Project,Drano Lake salmon and steelhead 2025,1,2025-09-29,2025-10-05,39,weekday,Bank,NA,PE,effort,degrees_freedom,23.5,week
D17D3D9D-3402-4182-B30A-91C97DE82353,CRM - Roving Creel Project,Drano Lake salmon and steelhead 2025,1,2025-09-29,2025-10-05,39,weekday,Bank,NA,PE,effort,total_effort,0,week
D17D3D9D-3402-4182-B30A-91C97DE82353,CRM - Roving Creel Project,Drano Lake salmon and steelhead 2025,1,2025-09-29,2025-10-05,39,weekday,Boat,NA,PE,effort,number_observations,1,week
D17D3D9D-3402-4182-B30A-91C97DE82353,CRM - Roving Creel Project,Drano Lake salmon and steelhead 2025,1,2025-09-29,2025-10-05,39,weekday,Boat,NA,PE,effort,daily_mean,639.4868308080809,week
D17D3D9D-3402-4182-B30A-91C97DE82353,CRM - Roving Creel Project,Drano Lake salmon and steelhead 2025,1,2025-09-29,2025-10-05,39,weekday,Boat,NA,PE,effort,daily_variance,0,week
D17D3D9D-3402-4182-B30A-91C97DE82353,CRM - Roving Creel Project,Drano Lake salmon and steelhead 2025,1,2025-09-29,2025-10-05,39,weekday,Boat,NA,PE,effort,days_open,4,week
D17D3D9D-3402-4182-B30A-91C97DE82353,CRM - Roving Creel Project,Drano Lake salmon and steelhead 2025,1,2025-09-29,2025-10-05,39,weekday,Boat,NA,PE,effort,degrees_freedom,23.5,week
D17D3D9D-3402-4182-B30A-91C97DE82353,CRM - Roving Creel Project,Drano Lake salmon and steelhead 2025,1,2025-09-29,2025-10-05,39,weekday,Boat,NA,PE,effort,total_effort,2557.9473232323235,week
D17D3D9D-3402-4182-B30A-91C97DE82353,CRM - Roving Creel Project,Drano Lake salmon and steelhead 2025,1,2025-09-29,2025-10-05,39,weekend,Bank,NA,PE,effort,number_observations,2,week
D17D3D9D-3402-4182-B30A-91C97DE82353,CRM - Roving Creel Project,Drano Lake salmon and steelhead 2025,1,2025-09-29,2025-10-05,39,weekend,Bank,NA,PE,effort,daily_mean,0,week
D17D3D9D-3402-4182-B30A-91C97DE82353,CRM - Roving Creel Project,Drano Lake salmon and steelhead 2025,1,2025-09-29,2025-10-05,39,weekend,Bank,NA,PE,effort,daily_variance,0,week
D17D3D9D-3402-4182-B30A-91C97DE82353,CRM - Roving Creel Project,Drano Lake salmon and steelhead 2025,1,2025-09-29,2025-10-05,39,weekend,Bank,NA,PE,effort,days_open,2,week
D17D3D9D-3402-4182-B30A-91C97DE82353,CRM - Roving Creel Project,Drano Lake salmon and steelhead 2025,1,2025-09-29,2025-10-05,39,weekend,Bank,NA,PE,effort,degrees_freedom,23.5,week
D17D3D9D-3402-4182-B30A-91C97DE82353,CRM - Roving Creel Project,Drano Lake salmon and steelhead 2025,1,2025-09-29,2025-10-05,39,weekend,Bank,NA,PE,effort,total_effort,0,week
D17D3D9D-3402-4182-B30A-91C97DE82353,CRM - Roving Creel Project,Drano Lake salmon and steelhead 2025,1,2025-09-29,2025-10-05,39,weekend,Boat,NA,PE,effort,number_observations,2,week
D17D3D9D-3402-4182-B30A-91C97DE82353,CRM - Roving Creel Project,Drano Lake salmon and steelhead 2025,1,2025-09-29,2025-10-05,39,weekend,Boat,NA,PE,effort,daily_mean,771.9950272253789,week
D17D3D9D-3402-4182-B30A-91C97DE82353,CRM - Roving Creel Project,Drano Lake salmon and steelhead 2025,1,2025-09-29,2025-10-05,39,weekend,Boat,NA,PE,effort,daily_variance,232294.89064751548,week
D17D3D9D-3402-4182-B30A-91C97DE82353,CRM - Roving Creel Project,Drano Lake salmon and steelhead 2025,1,2025-09-29,2025-10-05,39,weekend,Boat,NA,PE,effort,days_open,2,week
D17D3D9D-3402-4182-B30A-91C97DE82353,CRM - Roving Creel Project,Drano Lake salmon and steelhead 2025,1,2025-09-29,2025-10-05,39,weekend,Boat,NA,PE,effort,degrees_freedom,23.5,week
D17D3D9D-3402-4182-B30A-91C97DE82353,CRM - Roving Creel Project,Drano Lake salmon and steelhead 2025,1,2025-09-29,2025-10-05,39,weekend,Boat,NA,PE,effort,total_effort,1543.9900544507577,week
D17D3D9D-3402-4182-B30A-91C97DE82353,CRM - Roving Creel Project,Drano Lake salmon and steelhead 2025,1,2025-10-06,2025-10-12,40,weekday,Bank,NA,PE,effort,number_observations,1,week
D17D3D9D-3402-4182-B30A-91C97DE82353,CRM - Roving Creel Project,Drano Lake salmon and steelhead 2025,1,2025-10-06,2025-10-12,40,weekday,Bank,NA,PE,effort,daily_mean,6.638333333333334,week
D17D3D9D-3402-4182-B30A-91C97DE82353,CRM - Roving Creel Project,Drano Lake salmon and steelhead 2025,1,2025-10-06,2025-10-12,40,weekday,Bank,NA,PE,effort,daily_variance,0,week
D17D3D9D-3402-4182-B30A-91C97DE82353,CRM - Roving Creel Project,Drano Lake salmon and steelhead 2025,1,2025-10-06,2025-10-12,40,weekday,Bank,NA,PE,effort,days_open,4,week
D17D3D9D-3402-4182-B30A-91C97DE82353,CRM - Roving Creel Project,Drano Lake salmon and steelhead 2025,1,2025-10-06,2025-10-12,40,weekday,Bank,NA,PE,effort,degrees_freedom,23.5,week
D17D3D9D-3402-4182-B30A-91C97DE82353,CRM - Roving Creel Project,Drano Lake salmon and steelhead 2025,1,2025-10-06,2025-10-12,40,weekday,Bank,NA,PE,effort,total_effort,26.553333333333335,week
D17D3D9D-3402-4182-B30A-91C97DE82353,CRM - Roving Creel Project,Drano Lake salmon and steelhead 2025,1,2025-10-06,2025-10-12,40,weekday,Boat,NA,PE,effort,number_observations,1,week
D17D3D9D-3402-4182-B30A-91C97DE82353,CRM - Roving Creel Project,Drano Lake salmon and steelhead 2025,1,2025-10-06,2025-10-12,40,weekday,Boat,NA,PE,effort,daily_mean,288.2583096590909,week
D17D3D9D-3402-4182-B30A-91C97DE82353,CRM - Roving Creel Project,Drano Lake salmon and steelhead 2025,1,2025-10-06,2025-10-12,40,weekday,Boat,NA,PE,effort,daily_variance,0,week
D17D3D9D-3402-4182-B30A-91C97DE82353,CRM - Roving Creel Project,Drano Lake salmon and steelhead 2025,1,2025-10-06,2025-10-12,40,weekday,Boat,NA,PE,effort,days_open,4,week
D17D3D9D-3402-4182-B30A-91C97DE82353,CRM - Roving Creel Project,Drano Lake salmon and steelhead 2025,1,2025-10-06,2025-10-12,40,weekday,Boat,NA,PE,effort,degrees_freedom,23.5,week
D17D3D9D-3402-4182-B30A-91C97DE82353,CRM - Roving Creel Project,Drano Lake salmon and steelhead 2025,1,2025-10-06,2025-10-12,40,weekday,Boat,NA,PE,effort,total_effort,1153.0332386363636,week
D17D3D9D-3402-4182-B30A-91C97DE82353,CRM - Roving Creel Project,Drano Lake salmon and steelhead 2025,1,2025-10-06,2025-10-12,40,weekend,Bank,NA,PE,effort,number_observations,2,week
D17D3D9D-3402-4182-B30A-91C97DE82353,CRM - Roving Creel Project,Drano Lake salmon and steelhead 2025,1,2025-10-06,2025-10-12,40,weekend,Bank,NA,PE,effort,daily_mean,0,week
D17D3D9D-3402-4182-B30A-91C97DE82353,CRM - Roving Creel Project,Drano Lake salmon and steelhead 2025,1,2025-10-06,2025-10-12,40,weekend,Bank,NA,PE,effort,daily_variance,0,week
D17D3D9D-3402-4182-B30A-91C97DE82353,CRM - Roving Creel Project,Drano Lake salmon and steelhead 2025,1,2025-10-06,2025-10-12,40,weekend,Bank,NA,PE,effort,days_open,2,week
D17D3D9D-3402-4182-B30A-91C97DE82353,CRM - Roving Creel Project,Drano Lake salmon and steelhead 2025,1,2025-10-06,2025-10-12,40,weekend,Bank,NA,PE,effort,degrees_freedom,23.5,week
D17D3D9D-3402-4182-B30A-91C97DE82353,CRM - Roving Creel Project,Drano Lake salmon and steelhead 2025,1,2025-10-06,2025-10-12,40,weekend,Bank,NA,PE,effort,total_effort,0,week
D17D3D9D-3402-4182-B30A-91C97DE82353,CRM - Roving Creel Project,Drano Lake salmon and steelhead 2025,1,2025-10-06,2025-10-12,40,weekend,Boat,NA,PE,effort,number_observations,2,week
D17D3D9D-3402-4182-B30A-91C97DE82353,CRM - Roving Creel Project,Drano Lake salmon and steelhead 2025,1,2025-10-06,2025-10-12,40,weekend,Boat,NA,PE,effort,daily_mean,437.7025964725379,week
D17D3D9D-3402-4182-B30A-91C97DE82353,CRM - Roving Creel Project,Drano Lake salmon and steelhead 2025,1,2025-10-06,2025-10-12,40,weekend,Boat,NA,PE,effort,daily_variance,3030.8377371771016,week
D17D3D9D-3402-4182-B30A-91C97DE82353,CRM - Roving Creel Project,Drano Lake salmon and steelhead 2025,1,2025-10-06,2025-10-12,40,weekend,Boat,NA,PE,effort,days_open,2,week
D17D3D9D-3402-4182-B30A-91C97DE82353,CRM - Roving Creel Project,Drano Lake salmon and steelhead 2025,1,2025-10-06,2025-10-12,40,weekend,Boat,NA,PE,effort,degrees_freedom,23.5,week
D17D3D9D-3402-4182-B30A-91C97DE82353,CRM - Roving Creel Project,Drano Lake salmon and steelhead 2025,1,2025-10-06,2025-10-12,40,weekend,Boat,NA,PE,effort,total_effort,875.4051929450758,week
D17D3D9D-3402-4182-B30A-91C97DE82353,CRM - Roving Creel Project,Drano Lake salmon and steelhead 2025,1,2025-10-13,2025-10-19,41,weekday,Bank,NA,PE,effort,number_observations,2,week
D17D3D9D-3402-4182-B30A-91C97DE82353,CRM - Roving Creel Project,Drano Lake salmon and steelhead 2025,1,2025-10-13,2025-10-19,41,weekday,Bank,NA,PE,effort,daily_mean,3.227708333333333,week
D17D3D9D-3402-4182-B30A-91C97DE82353,CRM - Roving Creel Project,Drano Lake salmon and steelhead 2025,1,2025-10-13,2025-10-19,41,weekday,Bank,NA,PE,effort,daily_variance,20.836202170138886,week
D17D3D9D-3402-4182-B30A-91C97DE82353,CRM - Roving Creel Project,Drano Lake salmon and steelhead 2025,1,2025-10-13,2025-10-19,41,weekday,Bank,NA,PE,effort,days_open,4,week
D17D3D9D-3402-4182-B30A-91C97DE82353,CRM - Roving Creel Project,Drano Lake salmon and steelhead 2025,1,2025-10-13,2025-10-19,41,weekday,Bank,NA,PE,effort,degrees_freedom,23.5,week
D17D3D9D-3402-4182-B30A-91C97DE82353,CRM - Roving Creel Project,Drano Lake salmon and steelhead 2025,1,2025-10-13,2025-10-19,41,weekday,Bank,NA,PE,effort,total_effort,12.910833333333333,week
D17D3D9D-3402-4182-B30A-91C97DE82353,CRM - Roving Creel Project,Drano Lake salmon and steelhead 2025,1,2025-10-13,2025-10-19,41,weekday,Boat,NA,PE,effort,number_observations,2,week
D17D3D9D-3402-4182-B30A-91C97DE82353,CRM - Roving Creel Project,Drano Lake salmon and steelhead 2025,1,2025-10-13,2025-10-19,41,weekday,Boat,NA,PE,effort,daily_mean,131.3401901830808,week
D17D3D9D-3402-4182-B30A-91C97DE82353,CRM - Roving Creel Project,Drano Lake salmon and steelhead 2025,1,2025-10-13,2025-10-19,41,weekday,Boat,NA,PE,effort,daily_variance,0.5539969030686505,week
D17D3D9D-3402-4182-B30A-91C97DE82353,CRM - Roving Creel Project,Drano Lake salmon and steelhead 2025,1,2025-10-13,2025-10-19,41,weekday,Boat,NA,PE,effort,days_open,4,week
D17D3D9D-3402-4182-B30A-91C97DE82353,CRM - Roving Creel Project,Drano Lake salmon and steelhead 2025,1,2025-10-13,2025-10-19,41,weekday,Boat,NA,PE,effort,degrees_freedom,23.5,week
D17D3D9D-3402-4182-B30A-91C97DE82353,CRM - Roving Creel Project,Drano Lake salmon and steelhead 2025,1,2025-10-13,2025-10-19,41,weekday,Boat,NA,PE,effort,total_effort,525.3607607323232,week
D17D3D9D-3402-4182-B30A-91C97DE82353,CRM - Roving Creel Project,Drano Lake salmon and steelhead 2025,1,2025-10-13,2025-10-19,41,weekend,Bank,NA,PE,effort,number_observations,2,week
D17D3D9D-3402-4182-B30A-91C97DE82353,CRM - Roving Creel Project,Drano Lake salmon and steelhead 2025,1,2025-10-13,2025-10-19,41,weekend,Bank,NA,PE,effort,daily_mean,44.826249999999995,week
D17D3D9D-3402-4182-B30A-91C97DE82353,CRM - Roving Creel Project,Drano Lake salmon and steelhead 2025,1,2025-10-13,2025-10-19,41,weekend,Bank,NA,PE,effort,daily_variance,4018.785378124999,week
D17D3D9D-3402-4182-B30A-91C97DE82353,CRM - Roving Creel Project,Drano Lake salmon and steelhead 2025,1,2025-10-13,2025-10-19,41,weekend,Bank,NA,PE,effort,days_open,2,week
D17D3D9D-3402-4182-B30A-91C97DE82353,CRM - Roving Creel Project,Drano Lake salmon and steelhead 2025,1,2025-10-13,2025-10-19,41,weekend,Bank,NA,PE,effort,degrees_freedom,23.5,week
D17D3D9D-3402-4182-B30A-91C97DE82353,CRM - Roving Creel Project,Drano Lake salmon and steelhead 2025,1,2025-10-13,2025-10-19,41,weekend,Bank,NA,PE,effort,total_effort,89.65249999999999,week
D17D3D9D-3402-4182-B30A-91C97DE82353,CRM - Roving Creel Project,Drano Lake salmon and steelhead 2025,1,2025-10-13,2025-10-19,41,weekend,Boat,NA,PE,effort,number_observations,2,week
D17D3D9D-3402-4182-B30A-91C97DE82353,CRM - Roving Creel Project,Drano Lake salmon and steelhead 2025,1,2025-10-13,2025-10-19,41,weekend,Boat,NA,PE,effort,daily_mean,179.20190932765152,week
D17D3D9D-3402-4182-B30A-91C97DE82353,CRM - Roving Creel Project,Drano Lake salmon and steelhead 2025,1,2025-10-13,2025-10-19,41,weekend,Boat,NA,PE,effort,daily_variance,64226.648613351674,week
D17D3D9D-3402-4182-B30A-91C97DE82353,CRM - Roving Creel Project,Drano Lake salmon and steelhead 2025,1,2025-10-13,2025-10-19,41,weekend,Boat,NA,PE,effort,days_open,2,week
D17D3D9D-3402-4182-B30A-91C97DE82353,CRM - Roving Creel Project,Drano Lake salmon and steelhead 2025,1,2025-10-13,2025-10-19,41,weekend,Boat,NA,PE,effort,degrees_freedom,23.5,week
D17D3D9D-3402-4182-B30A-91C97DE82353,CRM - Roving Creel Project,Drano Lake salmon and steelhead 2025,1,2025-10-13,2025-10-19,41,weekend,Boat,NA,PE,effort,total_effort,358.40381865530304,week
D17D3D9D-3402-4182-B30A-91C97DE82353,CRM - Roving Creel Project,Drano Lake salmon and steelhead 2025,1,2025-10-20,2025-10-26,42,weekday,Bank,NA,PE,effort,number_observations,2,week
D17D3D9D-3402-4182-B30A-91C97DE82353,CRM - Roving Creel Project,Drano Lake salmon and steelhead 2025,1,2025-10-20,2025-10-26,42,weekday,Bank,NA,PE,effort,daily_mean,6.251111111111111,week
D17D3D9D-3402-4182-B30A-91C97DE82353,CRM - Roving Creel Project,Drano Lake salmon and steelhead 2025,1,2025-10-20,2025-10-26,42,weekday,Bank,NA,PE,effort,daily_variance,78.15278024691358,week
D17D3D9D-3402-4182-B30A-91C97DE82353,CRM - Roving Creel Project,Drano Lake salmon and steelhead 2025,1,2025-10-20,2025-10-26,42,weekday,Bank,NA,PE,effort,days_open,4,week
D17D3D9D-3402-4182-B30A-91C97DE82353,CRM - Roving Creel Project,Drano Lake salmon and steelhead 2025,1,2025-10-20,2025-10-26,42,weekday,Bank,NA,PE,effort,degrees_freedom,23.5,week
D17D3D9D-3402-4182-B30A-91C97DE82353,CRM - Roving Creel Project,Drano Lake salmon and steelhead 2025,1,2025-10-20,2025-10-26,42,weekday,Bank,NA,PE,effort,total_effort,25.004444444444445,week
D17D3D9D-3402-4182-B30A-91C97DE82353,CRM - Roving Creel Project,Drano Lake salmon and steelhead 2025,1,2025-10-20,2025-10-26,42,weekday,Boat,NA,PE,effort,number_observations,2,week
D17D3D9D-3402-4182-B30A-91C97DE82353,CRM - Roving Creel Project,Drano Lake salmon and steelhead 2025,1,2025-10-20,2025-10-26,42,weekday,Boat,NA,PE,effort,daily_mean,146.08722380050506,week
D17D3D9D-3402-4182-B30A-91C97DE82353,CRM - Roving Creel Project,Drano Lake salmon and steelhead 2025,1,2025-10-20,2025-10-26,42,weekday,Boat,NA,PE,effort,daily_variance,10864.028141611672,week
D17D3D9D-3402-4182-B30A-91C97DE82353,CRM - Roving Creel Project,Drano Lake salmon and steelhead 2025,1,2025-10-20,2025-10-26,42,weekday,Boat,NA,PE,effort,days_open,4,week
D17D3D9D-3402-4182-B30A-91C97DE82353,CRM - Roving Creel Project,Drano Lake salmon and steelhead 2025,1,2025-10-20,2025-10-26,42,weekday,Boat,NA,PE,effort,degrees_freedom,23.5,week
D17D3D9D-3402-4182-B30A-91C97DE82353,CRM - Roving Creel Project,Drano Lake salmon and steelhead 2025,1,2025-10-20,2025-10-26,42,weekday,Boat,NA,PE,effort,total_effort,584.3488952020202,week
D17D3D9D-3402-4182-B30A-91C97DE82353,CRM - Roving Creel Project,Drano Lake salmon and steelhead 2025,1,2025-10-20,2025-10-26,42,weekend,Bank,NA,PE,effort,number_observations,2,week
D17D3D9D-3402-4182-B30A-91C97DE82353,CRM - Roving Creel Project,Drano Lake salmon and steelhead 2025,1,2025-10-20,2025-10-26,42,weekend,Bank,NA,PE,effort,daily_mean,0,week
D17D3D9D-3402-4182-B30A-91C97DE82353,CRM - Roving Creel Project,Drano Lake salmon and steelhead 2025,1,2025-10-20,2025-10-26,42,weekend,Bank,NA,PE,effort,daily_variance,0,week
D17D3D9D-3402-4182-B30A-91C97DE82353,CRM - Roving Creel Project,Drano Lake salmon and steelhead 2025,1,2025-10-20,2025-10-26,42,weekend,Bank,NA,PE,effort,days_open,2,week
D17D3D9D-3402-4182-B30A-91C97DE82353,CRM - Roving Creel Project,Drano Lake salmon and steelhead 2025,1,2025-10-20,2025-10-26,42,weekend,Bank,NA,PE,effort,degrees_freedom,23.5,week
D17D3D9D-3402-4182-B30A-91C97DE82353,CRM - Roving Creel Project,Drano Lake salmon and steelhead 2025,1,2025-10-20,2025-10-26,42,weekend,Bank,NA,PE,effort,total_effort,0,week
D17D3D9D-3402-4182-B30A-91C97DE82353,CRM - Roving Creel Project,Drano Lake salmon and steelhead 2025,1,2025-10-20,2025-10-26,42,weekend,Boat,NA,PE,effort,number_observations,2,week
D17D3D9D-3402-4182-B30A-91C97DE82353,CRM - Roving Creel Project,Drano Lake salmon and steelhead 2025,1,2025-10-20,2025-10-26,42,weekend,Boat,NA,PE,effort,daily_mean,53.96309422348486,week
D17D3D9D-3402-4182-B30A-91C97DE82353,CRM - Roving Creel Project,Drano Lake salmon and steelhead 2025,1,2025-10-20,2025-10-26,42,weekend,Boat,NA,PE,effort,daily_variance,0.023569782351657357,week
D17D3D9D-3402-4182-B30A-91C97DE82353,CRM - Roving Creel Project,Drano Lake salmon and steelhead 2025,1,2025-10-20,2025-10-26,42,weekend,Boat,NA,PE,effort,days_open,2,week
D17D3D9D-3402-4182-B30A-91C97DE82353,CRM - Roving Creel Project,Drano Lake salmon and steelhead 2025,1,2025-10-20,2025-10-26,42,weekend,Boat,NA,PE,effort,degrees_freedom,23.5,week
D17D3D9D-3402-4182-B30A-91C97DE82353,CRM - Roving Creel Project,Drano Lake salmon and steelhead 2025,1,2025-10-20,2025-10-26,42,weekend,Boat,NA,PE,effort,total_effort,107.92618844696972,week
D17D3D9D-3402-4182-B30A-91C97DE82353,CRM - Roving Creel Project,Drano Lake salmon and steelhead 2025,1,2025-10-27,2025-10-31,43,weekday,Bank,NA,PE,effort,number_observations,1,week
D17D3D9D-3402-4182-B30A-91C97DE82353,CRM - Roving Creel Project,Drano Lake salmon and steelhead 2025,1,2025-10-27,2025-10-31,43,weekday,Bank,NA,PE,effort,daily_mean,0,week
D17D3D9D-3402-4182-B30A-91C97DE82353,CRM - Roving Creel Project,Drano Lake salmon and steelhead 2025,1,2025-10-27,2025-10-31,43,weekday,Bank,NA,PE,effort,daily_variance,0,week
D17D3D9D-3402-4182-B30A-91C97DE82353,CRM - Roving Creel Project,Drano Lake salmon and steelhead 2025,1,2025-10-27,2025-10-31,43,weekday,Bank,NA,PE,effort,days_open,4,week
D17D3D9D-3402-4182-B30A-91C97DE82353,CRM - Roving Creel Project,Drano Lake salmon and steelhead 2025,1,2025-10-27,2025-10-31,43,weekday,Bank,NA,PE,effort,degrees_freedom,23.5,week
D17D3D9D-3402-4182-B30A-91C97DE82353,CRM - Roving Creel Project,Drano Lake salmon and steelhead 2025,1,2025-10-27,2025-10-31,43,weekday,Bank,NA,PE,effort,total_effort,0,week
D17D3D9D-3402-4182-B30A-91C97DE82353,CRM - Roving Creel Project,Drano Lake salmon and steelhead 2025,1,2025-10-27,2025-10-31,43,weekday,Boat,NA,PE,effort,number_observations,1,week
D17D3D9D-3402-4182-B30A-91C97DE82353,CRM - Roving Creel Project,Drano Lake salmon and steelhead 2025,1,2025-10-27,2025-10-31,43,weekday,Boat,NA,PE,effort,daily_mean,89.39971985479798,week
D17D3D9D-3402-4182-B30A-91C97DE82353,CRM - Roving Creel Project,Drano Lake salmon and steelhead 2025,1,2025-10-27,2025-10-31,43,weekday,Boat,NA,PE,effort,daily_variance,0,week
D17D3D9D-3402-4182-B30A-91C97DE82353,CRM - Roving Creel Project,Drano Lake salmon and steelhead 2025,1,2025-10-27,2025-10-31,43,weekday,Boat,NA,PE,effort,days_open,4,week
D17D3D9D-3402-4182-B30A-91C97DE82353,CRM - Roving Creel Project,Drano Lake salmon and steelhead 2025,1,2025-10-27,2025-10-31,43,weekday,Boat,NA,PE,effort,degrees_freedom,23.5,week
D17D3D9D-3402-4182-B30A-91C97DE82353,CRM - Roving Creel Project,Drano Lake salmon and steelhead 2025,1,2025-10-27,2025-10-31,43,weekday,Boat,NA,PE,effort,total_effort,357.5988794191919,week
D17D3D9D-3402-4182-B30A-91C97DE82353,CRM - Roving Creel Project,Drano Lake salmon and steelhead 2025,2,2025-07-01,2025-07-06,26,weekday,Bank,NA,PE,effort,number_observations,1,week
D17D3D9D-3402-4182-B30A-91C97DE82353,CRM - Roving Creel Project,Drano Lake salmon and steelhead 2025,2,2025-07-01,2025-07-06,26,weekday,Bank,NA,PE,effort,daily_mean,88.23333333333335,week
D17D3D9D-3402-4182-B30A-91C97DE82353,CRM - Roving Creel Project,Drano Lake salmon and steelhead 2025,2,2025-07-01,2025-07-06,26,weekday,Bank,NA,PE,effort,daily_variance,0,week
D17D3D9D-3402-4182-B30A-91C97DE82353,CRM - Roving Creel Project,Drano Lake salmon and steelhead 2025,2,2025-07-01,2025-07-06,26,weekday,Bank,NA,PE,effort,days_open,3,week
D17D3D9D-3402-4182-B30A-91C97DE82353,CRM - Roving Creel Project,Drano Lake salmon and steelhead 2025,2,2025-07-01,2025-07-06,26,weekday,Bank,NA,PE,effort,degrees_freedom,23.5,week
D17D3D9D-3402-4182-B30A-91C97DE82353,CRM - Roving Creel Project,Drano Lake salmon and steelhead 2025,2,2025-07-01,2025-07-06,26,weekday,Bank,NA,PE,effort,total_effort,264.70000000000005,week
D17D3D9D-3402-4182-B30A-91C97DE82353,CRM - Roving Creel Project,Drano Lake salmon and steelhead 2025,2,2025-07-01,2025-07-06,26,weekday,Boat,NA,PE,effort,number_observations,1,week
D17D3D9D-3402-4182-B30A-91C97DE82353,CRM - Roving Creel Project,Drano Lake salmon and steelhead 2025,2,2025-07-01,2025-07-06,26,weekday,Boat,NA,PE,effort,daily_mean,153.25528409090913,week
D17D3D9D-3402-4182-B30A-91C97DE82353,CRM - Roving Creel Project,Drano Lake salmon and steelhead 2025,2,2025-07-01,2025-07-06,26,weekday,Boat,NA,PE,effort,daily_variance,0,week
D17D3D9D-3402-4182-B30A-91C97DE82353,CRM - Roving Creel Project,Drano Lake salmon and steelhead 2025,2,2025-07-01,2025-07-06,26,weekday,Boat,NA,PE,effort,days_open,3,week
D17D3D9D-3402-4182-B30A-91C97DE82353,CRM - Roving Creel Project,Drano Lake salmon and steelhead 2025,2,2025-07-01,2025-07-06,26,weekday,Boat,NA,PE,effort,degrees_freedom,23.5,week
D17D3D9D-3402-4182-B30A-91C97DE82353,CRM - Roving Creel Project,Drano Lake salmon and steelhead 2025,2,2025-07-01,2025-07-06,26,weekday,Boat,NA,PE,effort,total_effort,459.7658522727274,week
D17D3D9D-3402-4182-B30A-91C97DE82353,CRM - Roving Creel Project,Drano Lake salmon and steelhead 2025,2,2025-07-01,2025-07-06,26,weekend,Bank,NA,PE,effort,number_observations,1,week
D17D3D9D-3402-4182-B30A-91C97DE82353,CRM - Roving Creel Project,Drano Lake salmon and steelhead 2025,2,2025-07-01,2025-07-06,26,weekend,Bank,NA,PE,effort,daily_mean,0,week
D17D3D9D-3402-4182-B30A-91C97DE82353,CRM - Roving Creel Project,Drano Lake salmon and steelhead 2025,2,2025-07-01,2025-07-06,26,weekend,Bank,NA,PE,effort,daily_variance,0,week
D17D3D9D-3402-4182-B30A-91C97DE82353,CRM - Roving Creel Project,Drano Lake salmon and steelhead 2025,2,2025-07-01,2025-07-06,26,weekend,Bank,NA,PE,effort,days_open,3,week
D17D3D9D-3402-4182-B30A-91C97DE82353,CRM - Roving Creel Project,Drano Lake salmon and steelhead 2025,2,2025-07-01,2025-07-06,26,weekend,Bank,NA,PE,effort,degrees_freedom,23.5,week
D17D3D9D-3402-4182-B30A-91C97DE82353,CRM - Roving Creel Project,Drano Lake salmon and steelhead 2025,2,2025-07-01,2025-07-06,26,weekend,Bank,NA,PE,effort,total_effort,0,week
D17D3D9D-3402-4182-B30A-91C97DE82353,CRM - Roving Creel Project,Drano Lake salmon and steelhead 2025,2,2025-07-01,2025-07-06,26,weekend,Boat,NA,PE,effort,number_observations,1,week
D17D3D9D-3402-4182-B30A-91C97DE82353,CRM - Roving Creel Project,Drano Lake salmon and steelhead 2025,2,2025-07-01,2025-07-06,26,weekend,Boat,NA,PE,effort,daily_mean,50.908989109848484,week
D17D3D9D-3402-4182-B30A-91C97DE82353,CRM - Roving Creel Project,Drano Lake salmon and steelhead 2025,2,2025-07-01,2025-07-06,26,weekend,Boat,NA,PE,effort,daily_variance,0,week
D17D3D9D-3402-4182-B30A-91C97DE82353,CRM - Roving Creel Project,Drano Lake salmon and steelhead 2025,2,2025-07-01,2025-07-06,26,weekend,Boat,NA,PE,effort,days_open,3,week
D17D3D9D-3402-4182-B30A-91C97DE82353,CRM - Roving Creel Project,Drano Lake salmon and steelhead 2025,2,2025-07-01,2025-07-06,26,weekend,Boat,NA,PE,effort,degrees_freedom,23.5,week
D17D3D9D-3402-4182-B30A-91C97DE82353,CRM - Roving Creel Project,Drano Lake salmon and steelhead 2025,2,2025-07-01,2025-07-06,26,weekend,Boat,NA,PE,effort,total_effort,152.72696732954546,week
D17D3D9D-3402-4182-B30A-91C97DE82353,CRM - Roving Creel Project,Drano Lake salmon and steelhead 2025,2,2025-07-07,2025-07-13,27,weekday,Bank,NA,PE,effort,number_observations,0,week
D17D3D9D-3402-4182-B30A-91C97DE82353,CRM - Roving Creel Project,Drano Lake salmon and steelhead 2025,2,2025-07-07,2025-07-13,27,weekday,Bank,NA,PE,effort,daily_variance,0,week
D17D3D9D-3402-4182-B30A-91C97DE82353,CRM - Roving Creel Project,Drano Lake salmon and steelhead 2025,2,2025-07-07,2025-07-13,27,weekday,Bank,NA,PE,effort,days_open,5,week
D17D3D9D-3402-4182-B30A-91C97DE82353,CRM - Roving Creel Project,Drano Lake salmon and steelhead 2025,2,2025-07-07,2025-07-13,27,weekday,Bank,NA,PE,effort,degrees_freedom,23.5,week
D17D3D9D-3402-4182-B30A-91C97DE82353,CRM - Roving Creel Project,Drano Lake salmon and steelhead 2025,2,2025-07-07,2025-07-13,27,weekday,Boat,NA,PE,effort,number_observations,0,week
D17D3D9D-3402-4182-B30A-91C97DE82353,CRM - Roving Creel Project,Drano Lake salmon and steelhead 2025,2,2025-07-07,2025-07-13,27,weekday,Boat,NA,PE,effort,daily_variance,0,week
D17D3D9D-3402-4182-B30A-91C97DE82353,CRM - Roving Creel Project,Drano Lake salmon and steelhead 2025,2,2025-07-07,2025-07-13,27,weekday,Boat,NA,PE,effort,days_open,5,week
D17D3D9D-3402-4182-B30A-91C97DE82353,CRM - Roving Creel Project,Drano Lake salmon and steelhead 2025,2,2025-07-07,2025-07-13,27,weekday,Boat,NA,PE,effort,degrees_freedom,23.5,week
D17D3D9D-3402-4182-B30A-91C97DE82353,CRM - Roving Creel Project,Drano Lake salmon and steelhead 2025,2,2025-07-07,2025-07-13,27,weekend,Bank,NA,PE,effort,number_observations,1,week
D17D3D9D-3402-4182-B30A-91C97DE82353,CRM - Roving Creel Project,Drano Lake salmon and steelhead 2025,2,2025-07-07,2025-07-13,27,weekend,Bank,NA,PE,effort,daily_mean,0,week
D17D3D9D-3402-4182-B30A-91C97DE82353,CRM - Roving Creel Project,Drano Lake salmon and steelhead 2025,2,2025-07-07,2025-07-13,27,weekend,Bank,NA,PE,effort,daily_variance,0,week
D17D3D9D-3402-4182-B30A-91C97DE82353,CRM - Roving Creel Project,Drano Lake salmon and steelhead 2025,2,2025-07-07,2025-07-13,27,weekend,Bank,NA,PE,effort,days_open,2,week
D17D3D9D-3402-4182-B30A-91C97DE82353,CRM - Roving Creel Project,Drano Lake salmon and steelhead 2025,2,2025-07-07,2025-07-13,27,weekend,Bank,NA,PE,effort,degrees_freedom,23.5,week
D17D3D9D-3402-4182-B30A-91C97DE82353,CRM - Roving Creel Project,Drano Lake salmon and steelhead 2025,2,2025-07-07,2025-07-13,27,weekend,Bank,NA,PE,effort,total_effort,0,week
D17D3D9D-3402-4182-B30A-91C97DE82353,CRM - Roving Creel Project,Drano Lake salmon and steelhead 2025,2,2025-07-07,2025-07-13,27,weekend,Boat,NA,PE,effort,number_observations,1,week
D17D3D9D-3402-4182-B30A-91C97DE82353,CRM - Roving Creel Project,Drano Lake salmon and steelhead 2025,2,2025-07-07,2025-07-13,27,weekend,Boat,NA,PE,effort,daily_mean,25.236976010101014,week
D17D3D9D-3402-4182-B30A-91C97DE82353,CRM - Roving Creel Project,Drano Lake salmon and steelhead 2025,2,2025-07-07,2025-07-13,27,weekend,Boat,NA,PE,effort,daily_variance,0,week
D17D3D9D-3402-4182-B30A-91C97DE82353,CRM - Roving Creel Project,Drano Lake salmon and steelhead 2025,2,2025-07-07,2025-07-13,27,weekend,Boat,NA,PE,effort,days_open,2,week
D17D3D9D-3402-4182-B30A-91C97DE82353,CRM - Roving Creel Project,Drano Lake salmon and steelhead 2025,2,2025-07-07,2025-07-13,27,weekend,Boat,NA,PE,effort,degrees_freedom,23.5,week
D17D3D9D-3402-4182-B30A-91C97DE82353,CRM - Roving Creel Project,Drano Lake salmon and steelhead 2025,2,2025-07-07,2025-07-13,27,weekend,Boat,NA,PE,effort,total_effort,50.47395202020203,week
D17D3D9D-3402-4182-B30A-91C97DE82353,CRM - Roving Creel Project,Drano Lake salmon and steelhead 2025,2,2025-07-14,2025-07-20,28,weekday,Bank,NA,PE,effort,number_observations,1,week
D17D3D9D-3402-4182-B30A-91C97DE82353,CRM - Roving Creel Project,Drano Lake salmon and steelhead 2025,2,2025-07-14,2025-07-20,28,weekday,Bank,NA,PE,effort,daily_mean,0,week
D17D3D9D-3402-4182-B30A-91C97DE82353,CRM - Roving Creel Project,Drano Lake salmon and steelhead 2025,2,2025-07-14,2025-07-20,28,weekday,Bank,NA,PE,effort,daily_variance,0,week
D17D3D9D-3402-4182-B30A-91C97DE82353,CRM - Roving Creel Project,Drano Lake salmon and steelhead 2025,2,2025-07-14,2025-07-20,28,weekday,Bank,NA,PE,effort,days_open,5,week
D17D3D9D-3402-4182-B30A-91C97DE82353,CRM - Roving Creel Project,Drano Lake salmon and steelhead 2025,2,2025-07-14,2025-07-20,28,weekday,Bank,NA,PE,effort,degrees_freedom,23.5,week
D17D3D9D-3402-4182-B30A-91C97DE82353,CRM - Roving Creel Project,Drano Lake salmon and steelhead 2025,2,2025-07-14,2025-07-20,28,weekday,Bank,NA,PE,effort,total_effort,0,week
D17D3D9D-3402-4182-B30A-91C97DE82353,CRM - Roving Creel Project,Drano Lake salmon and steelhead 2025,2,2025-07-14,2025-07-20,28,weekday,Boat,NA,PE,effort,number_observations,1,week
D17D3D9D-3402-4182-B30A-91C97DE82353,CRM - Roving Creel Project,Drano Lake salmon and steelhead 2025,2,2025-07-14,2025-07-20,28,weekday,Boat,NA,PE,effort,daily_mean,25.079767597853536,week
D17D3D9D-3402-4182-B30A-91C97DE82353,CRM - Roving Creel Project,Drano Lake salmon and steelhead 2025,2,2025-07-14,2025-07-20,28,weekday,Boat,NA,PE,effort,daily_variance,0,week
D17D3D9D-3402-4182-B30A-91C97DE82353,CRM - Roving Creel Project,Drano Lake salmon and steelhead 2025,2,2025-07-14,2025-07-20,28,weekday,Boat,NA,PE,effort,days_open,5,week
D17D3D9D-3402-4182-B30A-91C97DE82353,CRM - Roving Creel Project,Drano Lake salmon and steelhead 2025,2,2025-07-14,2025-07-20,28,weekday,Boat,NA,PE,effort,degrees_freedom,23.5,week
D17D3D9D-3402-4182-B30A-91C97DE82353,CRM - Roving Creel Project,Drano Lake salmon and steelhead 2025,2,2025-07-14,2025-07-20,28,weekday,Boat,NA,PE,effort,total_effort,125.39883798926768,week
D17D3D9D-3402-4182-B30A-91C97DE82353,CRM - Roving Creel Project,Drano Lake salmon and steelhead 2025,2,2025-07-14,2025-07-20,28,weekend,Bank,NA,PE,effort,number_observations,0,week
D17D3D9D-3402-4182-B30A-91C97DE82353,CRM - Roving Creel Project,Drano Lake salmon and steelhead 2025,2,2025-07-14,2025-07-20,28,weekend,Bank,NA,PE,effort,daily_variance,0,week
D17D3D9D-3402-4182-B30A-91C97DE82353,CRM - Roving Creel Project,Drano Lake salmon and steelhead 2025,2,2025-07-14,2025-07-20,28,weekend,Bank,NA,PE,effort,days_open,2,week
D17D3D9D-3402-4182-B30A-91C97DE82353,CRM - Roving Creel Project,Drano Lake salmon and steelhead 2025,2,2025-07-14,2025-07-20,28,weekend,Bank,NA,PE,effort,degrees_freedom,23.5,week
D17D3D9D-3402-4182-B30A-91C97DE82353,CRM - Roving Creel Project,Drano Lake salmon and steelhead 2025,2,2025-07-14,2025-07-20,28,weekend,Boat,NA,PE,effort,number_observations,0,week
D17D3D9D-3402-4182-B30A-91C97DE82353,CRM - Roving Creel Project,Drano Lake salmon and steelhead 2025,2,2025-07-14,2025-07-20,28,weekend,Boat,NA,PE,effort,daily_variance,0,week
D17D3D9D-3402-4182-B30A-91C97DE82353,CRM - Roving Creel Project,Drano Lake salmon and steelhead 2025,2,2025-07-14,2025-07-20,28,weekend,Boat,NA,PE,effort,days_open,2,week
D17D3D9D-3402-4182-B30A-91C97DE82353,CRM - Roving Creel Project,Drano Lake salmon and steelhead 2025,2,2025-07-14,2025-07-20,28,weekend,Boat,NA,PE,effort,degrees_freedom,23.5,week
D17D3D9D-3402-4182-B30A-91C97DE82353,CRM - Roving Creel Project,Drano Lake salmon and steelhead 2025,2,2025-07-21,2025-07-27,29,weekday,Bank,NA,PE,effort,number_observations,2,week
D17D3D9D-3402-4182-B30A-91C97DE82353,CRM - Roving Creel Project,Drano Lake salmon and steelhead 2025,2,2025-07-21,2025-07-27,29,weekday,Bank,NA,PE,effort,daily_mean,29.935138888888893,week
D17D3D9D-3402-4182-B30A-91C97DE82353,CRM - Roving Creel Project,Drano Lake salmon and steelhead 2025,2,2025-07-21,2025-07-27,29,weekday,Bank,NA,PE,effort,daily_variance,333.08521948302484,week
D17D3D9D-3402-4182-B30A-91C97DE82353,CRM - Roving Creel Project,Drano Lake salmon and steelhead 2025,2,2025-07-21,2025-07-27,29,weekday,Bank,NA,PE,effort,days_open,5,week
D17D3D9D-3402-4182-B30A-91C97DE82353,CRM - Roving Creel Project,Drano Lake salmon and steelhead 2025,2,2025-07-21,2025-07-27,29,weekday,Bank,NA,PE,effort,degrees_freedom,23.5,week
D17D3D9D-3402-4182-B30A-91C97DE82353,CRM - Roving Creel Project,Drano Lake salmon and steelhead 2025,2,2025-07-21,2025-07-27,29,weekday,Bank,NA,PE,effort,total_effort,149.67569444444447,week
D17D3D9D-3402-4182-B30A-91C97DE82353,CRM - Roving Creel Project,Drano Lake salmon and steelhead 2025,2,2025-07-21,2025-07-27,29,weekday,Boat,NA,PE,effort,number_observations,2,week
D17D3D9D-3402-4182-B30A-91C97DE82353,CRM - Roving Creel Project,Drano Lake salmon and steelhead 2025,2,2025-07-21,2025-07-27,29,weekday,Boat,NA,PE,effort,daily_mean,24.80354719065657,week
D17D3D9D-3402-4182-B30A-91C97DE82353,CRM - Roving Creel Project,Drano Lake salmon and steelhead 2025,2,2025-07-21,2025-07-27,29,weekday,Boat,NA,PE,effort,daily_variance,1230.4319064782549,week
D17D3D9D-3402-4182-B30A-91C97DE82353,CRM - Roving Creel Project,Drano Lake salmon and steelhead 2025,2,2025-07-21,2025-07-27,29,weekday,Boat,NA,PE,effort,days_open,5,week
D17D3D9D-3402-4182-B30A-91C97DE82353,CRM - Roving Creel Project,Drano Lake salmon and steelhead 2025,2,2025-07-21,2025-07-27,29,weekday,Boat,NA,PE,effort,degrees_freedom,23.5,week
D17D3D9D-3402-4182-B30A-91C97DE82353,CRM - Roving Creel Project,Drano Lake salmon and steelhead 2025,2,2025-07-21,2025-07-27,29,weekday,Boat,NA,PE,effort,total_effort,124.01773595328285,week
D17D3D9D-3402-4182-B30A-91C97DE82353,CRM - Roving Creel Project,Drano Lake salmon and steelhead 2025,2,2025-07-21,2025-07-27,29,weekend,Bank,NA,PE,effort,number_observations,1,week
D17D3D9D-3402-4182-B30A-91C97DE82353,CRM - Roving Creel Project,Drano Lake salmon and steelhead 2025,2,2025-07-21,2025-07-27,29,weekend,Bank,NA,PE,effort,daily_mean,42.48263888888889,week
D17D3D9D-3402-4182-B30A-91C97DE82353,CRM - Roving Creel Project,Drano Lake salmon and steelhead 2025,2,2025-07-21,2025-07-27,29,weekend,Bank,NA,PE,effort,daily_variance,0,week
D17D3D9D-3402-4182-B30A-91C97DE82353,CRM - Roving Creel Project,Drano Lake salmon and steelhead 2025,2,2025-07-21,2025-07-27,29,weekend,Bank,NA,PE,effort,days_open,2,week
D17D3D9D-3402-4182-B30A-91C97DE82353,CRM - Roving Creel Project,Drano Lake salmon and steelhead 2025,2,2025-07-21,2025-07-27,29,weekend,Bank,NA,PE,effort,degrees_freedom,23.5,week
D17D3D9D-3402-4182-B30A-91C97DE82353,CRM - Roving Creel Project,Drano Lake salmon and steelhead 2025,2,2025-07-21,2025-07-27,29,weekend,Bank,NA,PE,effort,total_effort,84.96527777777779,week
D17D3D9D-3402-4182-B30A-91C97DE82353,CRM - Roving Creel Project,Drano Lake salmon and steelhead 2025,2,2025-07-21,2025-07-27,29,weekend,Boat,NA,PE,effort,number_observations,1,week
D17D3D9D-3402-4182-B30A-91C97DE82353,CRM - Roving Creel Project,Drano Lake salmon and steelhead 2025,2,2025-07-21,2025-07-27,29,weekend,Boat,NA,PE,effort,daily_mean,49.192964804292934,week
D17D3D9D-3402-4182-B30A-91C97DE82353,CRM - Roving Creel Project,Drano Lake salmon and steelhead 2025,2,2025-07-21,2025-07-27,29,weekend,Boat,NA,PE,effort,daily_variance,0,week
D17D3D9D-3402-4182-B30A-91C97DE82353,CRM - Roving Creel Project,Drano Lake salmon and steelhead 2025,2,2025-07-21,2025-07-27,29,weekend,Boat,NA,PE,effort,days_open,2,week
D17D3D9D-3402-4182-B30A-91C97DE82353,CRM - Roving Creel Project,Drano Lake salmon and steelhead 2025,2,2025-07-21,2025-07-27,29,weekend,Boat,NA,PE,effort,degrees_freedom,23.5,week
D17D3D9D-3402-4182-B30A-91C97DE82353,CRM - Roving Creel Project,Drano Lake salmon and steelhead 2025,2,2025-07-21,2025-07-27,29,weekend,Boat,NA,PE,effort,total_effort,98.38592960858587,week
D17D3D9D-3402-4182-B30A-91C97DE82353,CRM - Roving Creel Project,Drano Lake salmon and steelhead 2025,2,2025-07-28,2025-08-03,30,weekday,Bank,NA,PE,effort,number_observations,1,week
D17D3D9D-3402-4182-B30A-91C97DE82353,CRM - Roving Creel Project,Drano Lake salmon and steelhead 2025,2,2025-07-28,2025-08-03,30,weekday,Bank,NA,PE,effort,daily_mean,0,week
D17D3D9D-3402-4182-B30A-91C97DE82353,CRM - Roving Creel Project,Drano Lake salmon and steelhead 2025,2,2025-07-28,2025-08-03,30,weekday,Bank,NA,PE,effort,daily_variance,0,week
D17D3D9D-3402-4182-B30A-91C97DE82353,CRM - Roving Creel Project,Drano Lake salmon and steelhead 2025,2,2025-07-28,2025-08-03,30,weekday,Bank,NA,PE,effort,days_open,5,week
D17D3D9D-3402-4182-B30A-91C97DE82353,CRM - Roving Creel Project,Drano Lake salmon and steelhead 2025,2,2025-07-28,2025-08-03,30,weekday,Bank,NA,PE,effort,degrees_freedom,23.5,week
D17D3D9D-3402-4182-B30A-91C97DE82353,CRM - Roving Creel Project,Drano Lake salmon and steelhead 2025,2,2025-07-28,2025-08-03,30,weekday,Bank,NA,PE,effort,total_effort,0,week
D17D3D9D-3402-4182-B30A-91C97DE82353,CRM - Roving Creel Project,Drano Lake salmon and steelhead 2025,2,2025-07-28,2025-08-03,30,weekday,Boat,NA,PE,effort,number_observations,1,week
D17D3D9D-3402-4182-B30A-91C97DE82353,CRM - Roving Creel Project,Drano Lake salmon and steelhead 2025,2,2025-07-28,2025-08-03,30,weekday,Boat,NA,PE,effort,daily_mean,48.860052872474746,week
D17D3D9D-3402-4182-B30A-91C97DE82353,CRM - Roving Creel Project,Drano Lake salmon and steelhead 2025,2,2025-07-28,2025-08-03,30,weekday,Boat,NA,PE,effort,daily_variance,0,week
D17D3D9D-3402-4182-B30A-91C97DE82353,CRM - Roving Creel Project,Drano Lake salmon and steelhead 2025,2,2025-07-28,2025-08-03,30,weekday,Boat,NA,PE,effort,days_open,5,week
D17D3D9D-3402-4182-B30A-91C97DE82353,CRM - Roving Creel Project,Drano Lake salmon and steelhead 2025,2,2025-07-28,2025-08-03,30,weekday,Boat,NA,PE,effort,degrees_freedom,23.5,week
D17D3D9D-3402-4182-B30A-91C97DE82353,CRM - Roving Creel Project,Drano Lake salmon and steelhead 2025,2,2025-07-28,2025-08-03,30,weekday,Boat,NA,PE,effort,total_effort,244.30026436237372,week
D17D3D9D-3402-4182-B30A-91C97DE82353,CRM - Roving Creel Project,Drano Lake salmon and steelhead 2025,2,2025-07-28,2025-08-03,30,weekend,Bank,NA,PE,effort,number_observations,1,week
D17D3D9D-3402-4182-B30A-91C97DE82353,CRM - Roving Creel Project,Drano Lake salmon and steelhead 2025,2,2025-07-28,2025-08-03,30,weekend,Bank,NA,PE,effort,daily_mean,183.87111111111113,week
D17D3D9D-3402-4182-B30A-91C97DE82353,CRM - Roving Creel Project,Drano Lake salmon and steelhead 2025,2,2025-07-28,2025-08-03,30,weekend,Bank,NA,PE,effort,daily_variance,0,week
D17D3D9D-3402-4182-B30A-91C97DE82353,CRM - Roving Creel Project,Drano Lake salmon and steelhead 2025,2,2025-07-28,2025-08-03,30,weekend,Bank,NA,PE,effort,days_open,2,week
D17D3D9D-3402-4182-B30A-91C97DE82353,CRM - Roving Creel Project,Drano Lake salmon and steelhead 2025,2,2025-07-28,2025-08-03,30,weekend,Bank,NA,PE,effort,degrees_freedom,23.5,week
D17D3D9D-3402-4182-B30A-91C97DE82353,CRM - Roving Creel Project,Drano Lake salmon and steelhead 2025,2,2025-07-28,2025-08-03,30,weekend,Bank,NA,PE,effort,total_effort,367.74222222222227,week
D17D3D9D-3402-4182-B30A-91C97DE82353,CRM - Roving Creel Project,Drano Lake salmon and steelhead 2025,2,2025-07-28,2025-08-03,30,weekend,Boat,NA,PE,effort,number_observations,1,week
D17D3D9D-3402-4182-B30A-91C97DE82353,CRM - Roving Creel Project,Drano Lake salmon and steelhead 2025,2,2025-07-28,2025-08-03,30,weekend,Boat,NA,PE,effort,daily_mean,169.36371843434347,week
D17D3D9D-3402-4182-B30A-91C97DE82353,CRM - Roving Creel Project,Drano Lake salmon and steelhead 2025,2,2025-07-28,2025-08-03,30,weekend,Boat,NA,PE,effort,daily_variance,0,week
D17D3D9D-3402-4182-B30A-91C97DE82353,CRM - Roving Creel Project,Drano Lake salmon and steelhead 2025,2,2025-07-28,2025-08-03,30,weekend,Boat,NA,PE,effort,days_open,2,week
D17D3D9D-3402-4182-B30A-91C97DE82353,CRM - Roving Creel Project,Drano Lake salmon and steelhead 2025,2,2025-07-28,2025-08-03,30,weekend,Boat,NA,PE,effort,degrees_freedom,23.5,week
D17D3D9D-3402-4182-B30A-91C97DE82353,CRM - Roving Creel Project,Drano Lake salmon and steelhead 2025,2,2025-07-28,2025-08-03,30,weekend,Boat,NA,PE,effort,total_effort,338.72743686868694,week
D17D3D9D-3402-4182-B30A-91C97DE82353,CRM - Roving Creel Project,Drano Lake salmon and steelhead 2025,2,2025-08-04,2025-08-10,31,weekday,Bank,NA,PE,effort,number_observations,1,week
D17D3D9D-3402-4182-B30A-91C97DE82353,CRM - Roving Creel Project,Drano Lake salmon and steelhead 2025,2,2025-08-04,2025-08-10,31,weekday,Bank,NA,PE,effort,daily_mean,189.75,week
D17D3D9D-3402-4182-B30A-91C97DE82353,CRM - Roving Creel Project,Drano Lake salmon and steelhead 2025,2,2025-08-04,2025-08-10,31,weekday,Bank,NA,PE,effort,daily_variance,0,week
D17D3D9D-3402-4182-B30A-91C97DE82353,CRM - Roving Creel Project,Drano Lake salmon and steelhead 2025,2,2025-08-04,2025-08-10,31,weekday,Bank,NA,PE,effort,days_open,5,week
D17D3D9D-3402-4182-B30A-91C97DE82353,CRM - Roving Creel Project,Drano Lake salmon and steelhead 2025,2,2025-08-04,2025-08-10,31,weekday,Bank,NA,PE,effort,degrees_freedom,23.5,week
D17D3D9D-3402-4182-B30A-91C97DE82353,CRM - Roving Creel Project,Drano Lake salmon and steelhead 2025,2,2025-08-04,2025-08-10,31,weekday,Bank,NA,PE,effort,total_effort,948.75,week
D17D3D9D-3402-4182-B30A-91C97DE82353,CRM - Roving Creel Project,Drano Lake salmon and steelhead 2025,2,2025-08-04,2025-08-10,31,weekday,Boat,NA,PE,effort,number_observations,1,week
D17D3D9D-3402-4182-B30A-91C97DE82353,CRM - Roving Creel Project,Drano Lake salmon and steelhead 2025,2,2025-08-04,2025-08-10,31,weekday,Boat,NA,PE,effort,daily_mean,214.9453125,week
D17D3D9D-3402-4182-B30A-91C97DE82353,CRM - Roving Creel Project,Drano Lake salmon and steelhead 2025,2,2025-08-04,2025-08-10,31,weekday,Boat,NA,PE,effort,daily_variance,0,week
D17D3D9D-3402-4182-B30A-91C97DE82353,CRM - Roving Creel Project,Drano Lake salmon and steelhead 2025,2,2025-08-04,2025-08-10,31,weekday,Boat,NA,PE,effort,days_open,5,week
D17D3D9D-3402-4182-B30A-91C97DE82353,CRM - Roving Creel Project,Drano Lake salmon and steelhead 2025,2,2025-08-04,2025-08-10,31,weekday,Boat,NA,PE,effort,degrees_freedom,23.5,week
D17D3D9D-3402-4182-B30A-91C97DE82353,CRM - Roving Creel Project,Drano Lake salmon and steelhead 2025,2,2025-08-04,2025-08-10,31,weekday,Boat,NA,PE,effort,total_effort,1074.7265625,week
D17D3D9D-3402-4182-B30A-91C97DE82353,CRM - Roving Creel Project,Drano Lake salmon and steelhead 2025,2,2025-08-04,2025-08-10,31,weekend,Bank,NA,PE,effort,number_observations,1,week
D17D3D9D-3402-4182-B30A-91C97DE82353,CRM - Roving Creel Project,Drano Lake salmon and steelhead 2025,2,2025-08-04,2025-08-10,31,weekend,Bank,NA,PE,effort,daily_mean,205.12847222222223,week
D17D3D9D-3402-4182-B30A-91C97DE82353,CRM - Roving Creel Project,Drano Lake salmon and steelhead 2025,2,2025-08-04,2025-08-10,31,weekend,Bank,NA,PE,effort,daily_variance,0,week
D17D3D9D-3402-4182-B30A-91C97DE82353,CRM - Roving Creel Project,Drano Lake salmon and steelhead 2025,2,2025-08-04,2025-08-10,31,weekend,Bank,NA,PE,effort,days_open,2,week
D17D3D9D-3402-4182-B30A-91C97DE82353,CRM - Roving Creel Project,Drano Lake salmon and steelhead 2025,2,2025-08-04,2025-08-10,31,weekend,Bank,NA,PE,effort,degrees_freedom,23.5,week
D17D3D9D-3402-4182-B30A-91C97DE82353,CRM - Roving Creel Project,Drano Lake salmon and steelhead 2025,2,2025-08-04,2025-08-10,31,weekend,Bank,NA,PE,effort,total_effort,410.25694444444446,week
D17D3D9D-3402-4182-B30A-91C97DE82353,CRM - Roving Creel Project,Drano Lake salmon and steelhead 2025,2,2025-08-04,2025-08-10,31,weekend,Boat,NA,PE,effort,number_observations,1,week
D17D3D9D-3402-4182-B30A-91C97DE82353,CRM - Roving Creel Project,Drano Lake salmon and steelhead 2025,2,2025-08-04,2025-08-10,31,weekend,Boat,NA,PE,effort,daily_mean,213.77650213068185,week
D17D3D9D-3402-4182-B30A-91C97DE82353,CRM - Roving Creel Project,Drano Lake salmon and steelhead 2025,2,2025-08-04,2025-08-10,31,weekend,Boat,NA,PE,effort,daily_variance,0,week
D17D3D9D-3402-4182-B30A-91C97DE82353,CRM - Roving Creel Project,Drano Lake salmon and steelhead 2025,2,2025-08-04,2025-08-10,31,weekend,Boat,NA,PE,effort,days_open,2,week
D17D3D9D-3402-4182-B30A-91C97DE82353,CRM - Roving Creel Project,Drano Lake salmon and steelhead 2025,2,2025-08-04,2025-08-10,31,weekend,Boat,NA,PE,effort,degrees_freedom,23.5,week
D17D3D9D-3402-4182-B30A-91C97DE82353,CRM - Roving Creel Project,Drano Lake salmon and steelhead 2025,2,2025-08-04,2025-08-10,31,weekend,Boat,NA,PE,effort,total_effort,427.5530042613637,week
D17D3D9D-3402-4182-B30A-91C97DE82353,CRM - Roving Creel Project,Drano Lake salmon and steelhead 2025,2,2025-08-11,2025-08-17,32,weekday,Bank,NA,PE,effort,number_observations,1,week
D17D3D9D-3402-4182-B30A-91C97DE82353,CRM - Roving Creel Project,Drano Lake salmon and steelhead 2025,2,2025-08-11,2025-08-17,32,weekday,Bank,NA,PE,effort,daily_mean,81.12916666666666,week
D17D3D9D-3402-4182-B30A-91C97DE82353,CRM - Roving Creel Project,Drano Lake salmon and steelhead 2025,2,2025-08-11,2025-08-17,32,weekday,Bank,NA,PE,effort,daily_variance,0,week
D17D3D9D-3402-4182-B30A-91C97DE82353,CRM - Roving Creel Project,Drano Lake salmon and steelhead 2025,2,2025-08-11,2025-08-17,32,weekday,Bank,NA,PE,effort,days_open,5,week
D17D3D9D-3402-4182-B30A-91C97DE82353,CRM - Roving Creel Project,Drano Lake salmon and steelhead 2025,2,2025-08-11,2025-08-17,32,weekday,Bank,NA,PE,effort,degrees_freedom,23.5,week
D17D3D9D-3402-4182-B30A-91C97DE82353,CRM - Roving Creel Project,Drano Lake salmon and steelhead 2025,2,2025-08-11,2025-08-17,32,weekday,Bank,NA,PE,effort,total_effort,405.6458333333333,week
D17D3D9D-3402-4182-B30A-91C97DE82353,CRM - Roving Creel Project,Drano Lake salmon and steelhead 2025,2,2025-08-11,2025-08-17,32,weekday,Boat,NA,PE,effort,number_observations,1,week
D17D3D9D-3402-4182-B30A-91C97DE82353,CRM - Roving Creel Project,Drano Lake salmon and steelhead 2025,2,2025-08-11,2025-08-17,32,weekday,Boat,NA,PE,effort,daily_mean,234.85971827651517,week
D17D3D9D-3402-4182-B30A-91C97DE82353,CRM - Roving Creel Project,Drano Lake salmon and steelhead 2025,2,2025-08-11,2025-08-17,32,weekday,Boat,NA,PE,effort,daily_variance,0,week
D17D3D9D-3402-4182-B30A-91C97DE82353,CRM - Roving Creel Project,Drano Lake salmon and steelhead 2025,2,2025-08-11,2025-08-17,32,weekday,Boat,NA,PE,effort,days_open,5,week
D17D3D9D-3402-4182-B30A-91C97DE82353,CRM - Roving Creel Project,Drano Lake salmon and steelhead 2025,2,2025-08-11,2025-08-17,32,weekday,Boat,NA,PE,effort,degrees_freedom,23.5,week
D17D3D9D-3402-4182-B30A-91C97DE82353,CRM - Roving Creel Project,Drano Lake salmon and steelhead 2025,2,2025-08-11,2025-08-17,32,weekday,Boat,NA,PE,effort,total_effort,1174.2985913825758,week
D17D3D9D-3402-4182-B30A-91C97DE82353,CRM - Roving Creel Project,Drano Lake salmon and steelhead 2025,2,2025-08-11,2025-08-17,32,weekend,Bank,NA,PE,effort,number_observations,2,week
D17D3D9D-3402-4182-B30A-91C97DE82353,CRM - Roving Creel Project,Drano Lake salmon and steelhead 2025,2,2025-08-11,2025-08-17,32,weekend,Bank,NA,PE,effort,daily_mean,273.17381944444446,week
D17D3D9D-3402-4182-B30A-91C97DE82353,CRM - Roving Creel Project,Drano Lake salmon and steelhead 2025,2,2025-08-11,2025-08-17,32,weekend,Bank,NA,PE,effort,daily_variance,21965.061122926312,week
D17D3D9D-3402-4182-B30A-91C97DE82353,CRM - Roving Creel Project,Drano Lake salmon and steelhead 2025,2,2025-08-11,2025-08-17,32,weekend,Bank,NA,PE,effort,days_open,2,week
D17D3D9D-3402-4182-B30A-91C97DE82353,CRM - Roving Creel Project,Drano Lake salmon and steelhead 2025,2,2025-08-11,2025-08-17,32,weekend,Bank,NA,PE,effort,degrees_freedom,23.5,week
D17D3D9D-3402-4182-B30A-91C97DE82353,CRM - Roving Creel Project,Drano Lake salmon and steelhead 2025,2,2025-08-11,2025-08-17,32,weekend,Bank,NA,PE,effort,total_effort,546.3476388888889,week
D17D3D9D-3402-4182-B30A-91C97DE82353,CRM - Roving Creel Project,Drano Lake salmon and steelhead 2025,2,2025-08-11,2025-08-17,32,weekend,Boat,NA,PE,effort,number_observations,2,week
D17D3D9D-3402-4182-B30A-91C97DE82353,CRM - Roving Creel Project,Drano Lake salmon and steelhead 2025,2,2025-08-11,2025-08-17,32,weekend,Boat,NA,PE,effort,daily_mean,906.5489433396465,week
D17D3D9D-3402-4182-B30A-91C97DE82353,CRM - Roving Creel Project,Drano Lake salmon and steelhead 2025,2,2025-08-11,2025-08-17,32,weekend,Boat,NA,PE,effort,daily_variance,958.288301162367,week
D17D3D9D-3402-4182-B30A-91C97DE82353,CRM - Roving Creel Project,Drano Lake salmon and steelhead 2025,2,2025-08-11,2025-08-17,32,weekend,Boat,NA,PE,effort,days_open,2,week
D17D3D9D-3402-4182-B30A-91C97DE82353,CRM - Roving Creel Project,Drano Lake salmon and steelhead 2025,2,2025-08-11,2025-08-17,32,weekend,Boat,NA,PE,effort,degrees_freedom,23.5,week
D17D3D9D-3402-4182-B30A-91C97DE82353,CRM - Roving Creel Project,Drano Lake salmon and steelhead 2025,2,2025-08-11,2025-08-17,32,weekend,Boat,NA,PE,effort,total_effort,1813.097886679293,week
D17D3D9D-3402-4182-B30A-91C97DE82353,CRM - Roving Creel Project,Drano Lake salmon and steelhead 2025,2,2025-08-18,2025-08-24,33,weekday,Bank,NA,PE,effort,number_observations,0,week
D17D3D9D-3402-4182-B30A-91C97DE82353,CRM - Roving Creel Project,Drano Lake salmon and steelhead 2025,2,2025-08-18,2025-08-24,33,weekday,Bank,NA,PE,effort,daily_variance,0,week
D17D3D9D-3402-4182-B30A-91C97DE82353,CRM - Roving Creel Project,Drano Lake salmon and steelhead 2025,2,2025-08-18,2025-08-24,33,weekday,Bank,NA,PE,effort,days_open,5,week
D17D3D9D-3402-4182-B30A-91C97DE82353,CRM - Roving Creel Project,Drano Lake salmon and steelhead 2025,2,2025-08-18,2025-08-24,33,weekday,Bank,NA,PE,effort,degrees_freedom,23.5,week
D17D3D9D-3402-4182-B30A-91C97DE82353,CRM - Roving Creel Project,Drano Lake salmon and steelhead 2025,2,2025-08-18,2025-08-24,33,weekday,Boat,NA,PE,effort,number_observations,0,week
D17D3D9D-3402-4182-B30A-91C97DE82353,CRM - Roving Creel Project,Drano Lake salmon and steelhead 2025,2,2025-08-18,2025-08-24,33,weekday,Boat,NA,PE,effort,daily_variance,0,week
D17D3D9D-3402-4182-B30A-91C97DE82353,CRM - Roving Creel Project,Drano Lake salmon and steelhead 2025,2,2025-08-18,2025-08-24,33,weekday,Boat,NA,PE,effort,days_open,5,week
D17D3D9D-3402-4182-B30A-91C97DE82353,CRM - Roving Creel Project,Drano Lake salmon and steelhead 2025,2,2025-08-18,2025-08-24,33,weekday,Boat,NA,PE,effort,degrees_freedom,23.5,week
D17D3D9D-3402-4182-B30A-91C97DE82353,CRM - Roving Creel Project,Drano Lake salmon and steelhead 2025,2,2025-08-18,2025-08-24,33,weekend,Bank,NA,PE,effort,number_observations,2,week
D17D3D9D-3402-4182-B30A-91C97DE82353,CRM - Roving Creel Project,Drano Lake salmon and steelhead 2025,2,2025-08-18,2025-08-24,33,weekend,Bank,NA,PE,effort,daily_mean,172.9427777777778,week
D17D3D9D-3402-4182-B30A-91C97DE82353,CRM - Roving Creel Project,Drano Lake salmon and steelhead 2025,2,2025-08-18,2025-08-24,33,weekend,Bank,NA,PE,effort,daily_variance,3130.9323157793197,week
D17D3D9D-3402-4182-B30A-91C97DE82353,CRM - Roving Creel Project,Drano Lake salmon and steelhead 2025,2,2025-08-18,2025-08-24,33,weekend,Bank,NA,PE,effort,days_open,2,week
D17D3D9D-3402-4182-B30A-91C97DE82353,CRM - Roving Creel Project,Drano Lake salmon and steelhead 2025,2,2025-08-18,2025-08-24,33,weekend,Bank,NA,PE,effort,degrees_freedom,23.5,week
D17D3D9D-3402-4182-B30A-91C97DE82353,CRM - Roving Creel Project,Drano Lake salmon and steelhead 2025,2,2025-08-18,2025-08-24,33,weekend,Bank,NA,PE,effort,total_effort,345.8855555555556,week
D17D3D9D-3402-4182-B30A-91C97DE82353,CRM - Roving Creel Project,Drano Lake salmon and steelhead 2025,2,2025-08-18,2025-08-24,33,weekend,Boat,NA,PE,effort,number_observations,2,week
D17D3D9D-3402-4182-B30A-91C97DE82353,CRM - Roving Creel Project,Drano Lake salmon and steelhead 2025,2,2025-08-18,2025-08-24,33,weekend,Boat,NA,PE,effort,daily_mean,329.98106040877525,week
D17D3D9D-3402-4182-B30A-91C97DE82353,CRM - Roving Creel Project,Drano Lake salmon and steelhead 2025,2,2025-08-18,2025-08-24,33,weekend,Boat,NA,PE,effort,daily_variance,12846.354834274445,week
D17D3D9D-3402-4182-B30A-91C97DE82353,CRM - Roving Creel Project,Drano Lake salmon and steelhead 2025,2,2025-08-18,2025-08-24,33,weekend,Boat,NA,PE,effort,days_open,2,week
D17D3D9D-3402-4182-B30A-91C97DE82353,CRM - Roving Creel Project,Drano Lake salmon and steelhead 2025,2,2025-08-18,2025-08-24,33,weekend,Boat,NA,PE,effort,degrees_freedom,23.5,week
D17D3D9D-3402-4182-B30A-91C97DE82353,CRM - Roving Creel Project,Drano Lake salmon and steelhead 2025,2,2025-08-18,2025-08-24,33,weekend,Boat,NA,PE,effort,total_effort,659.9621208175505,week
D17D3D9D-3402-4182-B30A-91C97DE82353,CRM - Roving Creel Project,Drano Lake salmon and steelhead 2025,2,2025-08-25,2025-08-31,34,weekday,Bank,NA,PE,effort,number_observations,1,week
D17D3D9D-3402-4182-B30A-91C97DE82353,CRM - Roving Creel Project,Drano Lake salmon and steelhead 2025,2,2025-08-25,2025-08-31,34,weekday,Bank,NA,PE,effort,daily_mean,155.90833333333333,week
D17D3D9D-3402-4182-B30A-91C97DE82353,CRM - Roving Creel Project,Drano Lake salmon and steelhead 2025,2,2025-08-25,2025-08-31,34,weekday,Bank,NA,PE,effort,daily_variance,0,week
D17D3D9D-3402-4182-B30A-91C97DE82353,CRM - Roving Creel Project,Drano Lake salmon and steelhead 2025,2,2025-08-25,2025-08-31,34,weekday,Bank,NA,PE,effort,days_open,5,week
D17D3D9D-3402-4182-B30A-91C97DE82353,CRM - Roving Creel Project,Drano Lake salmon and steelhead 2025,2,2025-08-25,2025-08-31,34,weekday,Bank,NA,PE,effort,degrees_freedom,23.5,week
D17D3D9D-3402-4182-B30A-91C97DE82353,CRM - Roving Creel Project,Drano Lake salmon and steelhead 2025,2,2025-08-25,2025-08-31,34,weekday,Bank,NA,PE,effort,total_effort,779.5416666666666,week
D17D3D9D-3402-4182-B30A-91C97DE82353,CRM - Roving Creel Project,Drano Lake salmon and steelhead 2025,2,2025-08-25,2025-08-31,34,weekday,Boat,NA,PE,effort,number_observations,1,week
D17D3D9D-3402-4182-B30A-91C97DE82353,CRM - Roving Creel Project,Drano Lake salmon and steelhead 2025,2,2025-08-25,2025-08-31,34,weekday,Boat,NA,PE,effort,daily_mean,315.9358357007576,week
D17D3D9D-3402-4182-B30A-91C97DE82353,CRM - Roving Creel Project,Drano Lake salmon and steelhead 2025,2,2025-08-25,2025-08-31,34,weekday,Boat,NA,PE,effort,daily_variance,0,week
D17D3D9D-3402-4182-B30A-91C97DE82353,CRM - Roving Creel Project,Drano Lake salmon and steelhead 2025,2,2025-08-25,2025-08-31,34,weekday,Boat,NA,PE,effort,days_open,5,week
D17D3D9D-3402-4182-B30A-91C97DE82353,CRM - Roving Creel Project,Drano Lake salmon and steelhead 2025,2,2025-08-25,2025-08-31,34,weekday,Boat,NA,PE,effort,degrees_freedom,23.5,week
D17D3D9D-3402-4182-B30A-91C97DE82353,CRM - Roving Creel Project,Drano Lake salmon and steelhead 2025,2,2025-08-25,2025-08-31,34,weekday,Boat,NA,PE,effort,total_effort,1579.679178503788,week
D17D3D9D-3402-4182-B30A-91C97DE82353,CRM - Roving Creel Project,Drano Lake salmon and steelhead 2025,2,2025-08-25,2025-08-31,34,weekend,Bank,NA,PE,effort,number_observations,2,week
D17D3D9D-3402-4182-B30A-91C97DE82353,CRM - Roving Creel Project,Drano Lake salmon and steelhead 2025,2,2025-08-25,2025-08-31,34,weekend,Bank,NA,PE,effort,daily_mean,291.8663888888889,week
D17D3D9D-3402-4182-B30A-91C97DE82353,CRM - Roving Creel Project,Drano Lake salmon and steelhead 2025,2,2025-08-25,2025-08-31,34,weekend,Bank,NA,PE,effort,daily_variance,0.4818347222222386,week
D17D3D9D-3402-4182-B30A-91C97DE82353,CRM - Roving Creel Project,Drano Lake salmon and steelhead 2025,2,2025-08-25,2025-08-31,34,weekend,Bank,NA,PE,effort,days_open,2,week
D17D3D9D-3402-4182-B30A-91C97DE82353,CRM - Roving Creel Project,Drano Lake salmon and steelhead 2025,2,2025-08-25,2025-08-31,34,weekend,Bank,NA,PE,effort,degrees_freedom,23.5,week
D17D3D9D-3402-4182-B30A-91C97DE82353,CRM - Roving Creel Project,Drano Lake salmon and steelhead 2025,2,2025-08-25,2025-08-31,34,weekend,Bank,NA,PE,effort,total_effort,583.7327777777778,week
D17D3D9D-3402-4182-B30A-91C97DE82353,CRM - Roving Creel Project,Drano Lake salmon and steelhead 2025,2,2025-08-25,2025-08-31,34,weekend,Boat,NA,PE,effort,number_observations,2,week
D17D3D9D-3402-4182-B30A-91C97DE82353,CRM - Roving Creel Project,Drano Lake salmon and steelhead 2025,2,2025-08-25,2025-08-31,34,weekend,Boat,NA,PE,effort,daily_mean,922.5733455650252,week
D17D3D9D-3402-4182-B30A-91C97DE82353,CRM - Roving Creel Project,Drano Lake salmon and steelhead 2025,2,2025-08-25,2025-08-31,34,weekend,Boat,NA,PE,effort,daily_variance,19406.288618392788,week
D17D3D9D-3402-4182-B30A-91C97DE82353,CRM - Roving Creel Project,Drano Lake salmon and steelhead 2025,2,2025-08-25,2025-08-31,34,weekend,Boat,NA,PE,effort,days_open,2,week
D17D3D9D-3402-4182-B30A-91C97DE82353,CRM - Roving Creel Project,Drano Lake salmon and steelhead 2025,2,2025-08-25,2025-08-31,34,weekend,Boat,NA,PE,effort,degrees_freedom,23.5,week
D17D3D9D-3402-4182-B30A-91C97DE82353,CRM - Roving Creel Project,Drano Lake salmon and steelhead 2025,2,2025-08-25,2025-08-31,34,weekend,Boat,NA,PE,effort,total_effort,1845.1466911300504,week
D17D3D9D-3402-4182-B30A-91C97DE82353,CRM - Roving Creel Project,Drano Lake salmon and steelhead 2025,2,2025-09-01,2025-09-07,35,weekday,Bank,NA,PE,effort,number_observations,1,week
D17D3D9D-3402-4182-B30A-91C97DE82353,CRM - Roving Creel Project,Drano Lake salmon and steelhead 2025,2,2025-09-01,2025-09-07,35,weekday,Bank,NA,PE,effort,daily_mean,52.769305555555555,week
D17D3D9D-3402-4182-B30A-91C97DE82353,CRM - Roving Creel Project,Drano Lake salmon and steelhead 2025,2,2025-09-01,2025-09-07,35,weekday,Bank,NA,PE,effort,daily_variance,0,week
D17D3D9D-3402-4182-B30A-91C97DE82353,CRM - Roving Creel Project,Drano Lake salmon and steelhead 2025,2,2025-09-01,2025-09-07,35,weekday,Bank,NA,PE,effort,days_open,4,week
D17D3D9D-3402-4182-B30A-91C97DE82353,CRM - Roving Creel Project,Drano Lake salmon and steelhead 2025,2,2025-09-01,2025-09-07,35,weekday,Bank,NA,PE,effort,degrees_freedom,23.5,week
D17D3D9D-3402-4182-B30A-91C97DE82353,CRM - Roving Creel Project,Drano Lake salmon and steelhead 2025,2,2025-09-01,2025-09-07,35,weekday,Bank,NA,PE,effort,total_effort,211.07722222222222,week
D17D3D9D-3402-4182-B30A-91C97DE82353,CRM - Roving Creel Project,Drano Lake salmon and steelhead 2025,2,2025-09-01,2025-09-07,35,weekday,Boat,NA,PE,effort,number_observations,1,week
D17D3D9D-3402-4182-B30A-91C97DE82353,CRM - Roving Creel Project,Drano Lake salmon and steelhead 2025,2,2025-09-01,2025-09-07,35,weekday,Boat,NA,PE,effort,daily_mean,87.29208175505052,week
D17D3D9D-3402-4182-B30A-91C97DE82353,CRM - Roving Creel Project,Drano Lake salmon and steelhead 2025,2,2025-09-01,2025-09-07,35,weekday,Boat,NA,PE,effort,daily_variance,0,week
D17D3D9D-3402-4182-B30A-91C97DE82353,CRM - Roving Creel Project,Drano Lake salmon and steelhead 2025,2,2025-09-01,2025-09-07,35,weekday,Boat,NA,PE,effort,days_open,4,week
D17D3D9D-3402-4182-B30A-91C97DE82353,CRM - Roving Creel Project,Drano Lake salmon and steelhead 2025,2,2025-09-01,2025-09-07,35,weekday,Boat,NA,PE,effort,degrees_freedom,23.5,week
D17D3D9D-3402-4182-B30A-91C97DE82353,CRM - Roving Creel Project,Drano Lake salmon and steelhead 2025,2,2025-09-01,2025-09-07,35,weekday,Boat,NA,PE,effort,total_effort,349.16832702020207,week
D17D3D9D-3402-4182-B30A-91C97DE82353,CRM - Roving Creel Project,Drano Lake salmon and steelhead 2025,2,2025-09-01,2025-09-07,35,weekend,Bank,NA,PE,effort,number_observations,1,week
D17D3D9D-3402-4182-B30A-91C97DE82353,CRM - Roving Creel Project,Drano Lake salmon and steelhead 2025,2,2025-09-01,2025-09-07,35,weekend,Bank,NA,PE,effort,daily_mean,262.01388888888886,week
D17D3D9D-3402-4182-B30A-91C97DE82353,CRM - Roving Creel Project,Drano Lake salmon and steelhead 2025,2,2025-09-01,2025-09-07,35,weekend,Bank,NA,PE,effort,daily_variance,0,week
D17D3D9D-3402-4182-B30A-91C97DE82353,CRM - Roving Creel Project,Drano Lake salmon and steelhead 2025,2,2025-09-01,2025-09-07,35,weekend,Bank,NA,PE,effort,days_open,3,week
D17D3D9D-3402-4182-B30A-91C97DE82353,CRM - Roving Creel Project,Drano Lake salmon and steelhead 2025,2,2025-09-01,2025-09-07,35,weekend,Bank,NA,PE,effort,degrees_freedom,23.5,week
D17D3D9D-3402-4182-B30A-91C97DE82353,CRM - Roving Creel Project,Drano Lake salmon and steelhead 2025,2,2025-09-01,2025-09-07,35,weekend,Bank,NA,PE,effort,total_effort,786.0416666666665,week
D17D3D9D-3402-4182-B30A-91C97DE82353,CRM - Roving Creel Project,Drano Lake salmon and steelhead 2025,2,2025-09-01,2025-09-07,35,weekend,Boat,NA,PE,effort,number_observations,1,week
D17D3D9D-3402-4182-B30A-91C97DE82353,CRM - Roving Creel Project,Drano Lake salmon and steelhead 2025,2,2025-09-01,2025-09-07,35,weekend,Boat,NA,PE,effort,daily_mean,498.44314236111103,week
D17D3D9D-3402-4182-B30A-91C97DE82353,CRM - Roving Creel Project,Drano Lake salmon and steelhead 2025,2,2025-09-01,2025-09-07,35,weekend,Boat,NA,PE,effort,daily_variance,0,week
D17D3D9D-3402-4182-B30A-91C97DE82353,CRM - Roving Creel Project,Drano Lake salmon and steelhead 2025,2,2025-09-01,2025-09-07,35,weekend,Boat,NA,PE,effort,days_open,3,week
D17D3D9D-3402-4182-B30A-91C97DE82353,CRM - Roving Creel Project,Drano Lake salmon and steelhead 2025,2,2025-09-01,2025-09-07,35,weekend,Boat,NA,PE,effort,degrees_freedom,23.5,week
D17D3D9D-3402-4182-B30A-91C97DE82353,CRM - Roving Creel Project,Drano Lake salmon and steelhead 2025,2,2025-09-01,2025-09-07,35,weekend,Boat,NA,PE,effort,total_effort,1495.329427083333,week
D17D3D9D-3402-4182-B30A-91C97DE82353,CRM - Roving Creel Project,Drano Lake salmon and steelhead 2025,2,2025-09-08,2025-09-14,36,weekday,Bank,NA,PE,effort,number_observations,2,week
D17D3D9D-3402-4182-B30A-91C97DE82353,CRM - Roving Creel Project,Drano Lake salmon and steelhead 2025,2,2025-09-08,2025-09-14,36,weekday,Bank,NA,PE,effort,daily_mean,118.28375,week
D17D3D9D-3402-4182-B30A-91C97DE82353,CRM - Roving Creel Project,Drano Lake salmon and steelhead 2025,2,2025-09-08,2025-09-14,36,weekday,Bank,NA,PE,effort,daily_variance,425.07990312499953,week
D17D3D9D-3402-4182-B30A-91C97DE82353,CRM - Roving Creel Project,Drano Lake salmon and steelhead 2025,2,2025-09-08,2025-09-14,36,weekday,Bank,NA,PE,effort,days_open,5,week
D17D3D9D-3402-4182-B30A-91C97DE82353,CRM - Roving Creel Project,Drano Lake salmon and steelhead 2025,2,2025-09-08,2025-09-14,36,weekday,Bank,NA,PE,effort,degrees_freedom,23.5,week
D17D3D9D-3402-4182-B30A-91C97DE82353,CRM - Roving Creel Project,Drano Lake salmon and steelhead 2025,2,2025-09-08,2025-09-14,36,weekday,Bank,NA,PE,effort,total_effort,591.41875,week
D17D3D9D-3402-4182-B30A-91C97DE82353,CRM - Roving Creel Project,Drano Lake salmon and steelhead 2025,2,2025-09-08,2025-09-14,36,weekday,Boat,NA,PE,effort,number_observations,2,week
D17D3D9D-3402-4182-B30A-91C97DE82353,CRM - Roving Creel Project,Drano Lake salmon and steelhead 2025,2,2025-09-08,2025-09-14,36,weekday,Boat,NA,PE,effort,daily_mean,557.1226899857954,week
D17D3D9D-3402-4182-B30A-91C97DE82353,CRM - Roving Creel Project,Drano Lake salmon and steelhead 2025,2,2025-09-08,2025-09-14,36,weekday,Boat,NA,PE,effort,daily_variance,207465.91281933547,week
D17D3D9D-3402-4182-B30A-91C97DE82353,CRM - Roving Creel Project,Drano Lake salmon and steelhead 2025,2,2025-09-08,2025-09-14,36,weekday,Boat,NA,PE,effort,days_open,5,week
D17D3D9D-3402-4182-B30A-91C97DE82353,CRM - Roving Creel Project,Drano Lake salmon and steelhead 2025,2,2025-09-08,2025-09-14,36,weekday,Boat,NA,PE,effort,degrees_freedom,23.5,week
D17D3D9D-3402-4182-B30A-91C97DE82353,CRM - Roving Creel Project,Drano Lake salmon and steelhead 2025,2,2025-09-08,2025-09-14,36,weekday,Boat,NA,PE,effort,total_effort,2785.6134499289774,week
D17D3D9D-3402-4182-B30A-91C97DE82353,CRM - Roving Creel Project,Drano Lake salmon and steelhead 2025,2,2025-09-08,2025-09-14,36,weekend,Bank,NA,PE,effort,number_observations,2,week
D17D3D9D-3402-4182-B30A-91C97DE82353,CRM - Roving Creel Project,Drano Lake salmon and steelhead 2025,2,2025-09-08,2025-09-14,36,weekend,Bank,NA,PE,effort,daily_mean,208.39569444444444,week
D17D3D9D-3402-4182-B30A-91C97DE82353,CRM - Roving Creel Project,Drano Lake salmon and steelhead 2025,2,2025-09-08,2025-09-14,36,weekend,Bank,NA,PE,effort,daily_variance,4450.463305594137,week
D17D3D9D-3402-4182-B30A-91C97DE82353,CRM - Roving Creel Project,Drano Lake salmon and steelhead 2025,2,2025-09-08,2025-09-14,36,weekend,Bank,NA,PE,effort,days_open,2,week
D17D3D9D-3402-4182-B30A-91C97DE82353,CRM - Roving Creel Project,Drano Lake salmon and steelhead 2025,2,2025-09-08,2025-09-14,36,weekend,Bank,NA,PE,effort,degrees_freedom,23.5,week
D17D3D9D-3402-4182-B30A-91C97DE82353,CRM - Roving Creel Project,Drano Lake salmon and steelhead 2025,2,2025-09-08,2025-09-14,36,weekend,Bank,NA,PE,effort,total_effort,416.7913888888889,week
D17D3D9D-3402-4182-B30A-91C97DE82353,CRM - Roving Creel Project,Drano Lake salmon and steelhead 2025,2,2025-09-08,2025-09-14,36,weekend,Boat,NA,PE,effort,number_observations,2,week
D17D3D9D-3402-4182-B30A-91C97DE82353,CRM - Roving Creel Project,Drano Lake salmon and steelhead 2025,2,2025-09-08,2025-09-14,36,weekend,Boat,NA,PE,effort,daily_mean,180.13390190972223,week
D17D3D9D-3402-4182-B30A-91C97DE82353,CRM - Roving Creel Project,Drano Lake salmon and steelhead 2025,2,2025-09-08,2025-09-14,36,weekend,Boat,NA,PE,effort,daily_variance,11083.343297110103,week
D17D3D9D-3402-4182-B30A-91C97DE82353,CRM - Roving Creel Project,Drano Lake salmon and steelhead 2025,2,2025-09-08,2025-09-14,36,weekend,Boat,NA,PE,effort,days_open,2,week
D17D3D9D-3402-4182-B30A-91C97DE82353,CRM - Roving Creel Project,Drano Lake salmon and steelhead 2025,2,2025-09-08,2025-09-14,36,weekend,Boat,NA,PE,effort,degrees_freedom,23.5,week
D17D3D9D-3402-4182-B30A-91C97DE82353,CRM - Roving Creel Project,Drano Lake salmon and steelhead 2025,2,2025-09-08,2025-09-14,36,weekend,Boat,NA,PE,effort,total_effort,360.26780381944445,week
D17D3D9D-3402-4182-B30A-91C97DE82353,CRM - Roving Creel Project,Drano Lake salmon and steelhead 2025,2,2025-09-15,2025-09-21,37,weekday,Bank,NA,PE,effort,number_observations,1,week
D17D3D9D-3402-4182-B30A-91C97DE82353,CRM - Roving Creel Project,Drano Lake salmon and steelhead 2025,2,2025-09-15,2025-09-21,37,weekday,Bank,NA,PE,effort,daily_mean,64.52375,week
D17D3D9D-3402-4182-B30A-91C97DE82353,CRM - Roving Creel Project,Drano Lake salmon and steelhead 2025,2,2025-09-15,2025-09-21,37,weekday,Bank,NA,PE,effort,daily_variance,0,week
D17D3D9D-3402-4182-B30A-91C97DE82353,CRM - Roving Creel Project,Drano Lake salmon and steelhead 2025,2,2025-09-15,2025-09-21,37,weekday,Bank,NA,PE,effort,days_open,5,week
D17D3D9D-3402-4182-B30A-91C97DE82353,CRM - Roving Creel Project,Drano Lake salmon and steelhead 2025,2,2025-09-15,2025-09-21,37,weekday,Bank,NA,PE,effort,degrees_freedom,23.5,week
D17D3D9D-3402-4182-B30A-91C97DE82353,CRM - Roving Creel Project,Drano Lake salmon and steelhead 2025,2,2025-09-15,2025-09-21,37,weekday,Bank,NA,PE,effort,total_effort,322.61875000000003,week
D17D3D9D-3402-4182-B30A-91C97DE82353,CRM - Roving Creel Project,Drano Lake salmon and steelhead 2025,2,2025-09-15,2025-09-21,37,weekday,Boat,NA,PE,effort,number_observations,1,week
D17D3D9D-3402-4182-B30A-91C97DE82353,CRM - Roving Creel Project,Drano Lake salmon and steelhead 2025,2,2025-09-15,2025-09-21,37,weekday,Boat,NA,PE,effort,daily_mean,124.52594933712123,week
D17D3D9D-3402-4182-B30A-91C97DE82353,CRM - Roving Creel Project,Drano Lake salmon and steelhead 2025,2,2025-09-15,2025-09-21,37,weekday,Boat,NA,PE,effort,daily_variance,0,week
D17D3D9D-3402-4182-B30A-91C97DE82353,CRM - Roving Creel Project,Drano Lake salmon and steelhead 2025,2,2025-09-15,2025-09-21,37,weekday,Boat,NA,PE,effort,days_open,5,week
D17D3D9D-3402-4182-B30A-91C97DE82353,CRM - Roving Creel Project,Drano Lake salmon and steelhead 2025,2,2025-09-15,2025-09-21,37,weekday,Boat,NA,PE,effort,degrees_freedom,23.5,week
D17D3D9D-3402-4182-B30A-91C97DE82353,CRM - Roving Creel Project,Drano Lake salmon and steelhead 2025,2,2025-09-15,2025-09-21,37,weekday,Boat,NA,PE,effort,total_effort,622.6297466856062,week
D17D3D9D-3402-4182-B30A-91C97DE82353,CRM - Roving Creel Project,Drano Lake salmon and steelhead 2025,2,2025-09-15,2025-09-21,37,weekend,Bank,NA,PE,effort,number_observations,2,week
D17D3D9D-3402-4182-B30A-91C97DE82353,CRM - Roving Creel Project,Drano Lake salmon and steelhead 2025,2,2025-09-15,2025-09-21,37,weekend,Bank,NA,PE,effort,daily_mean,213.83,week
D17D3D9D-3402-4182-B30A-91C97DE82353,CRM - Roving Creel Project,Drano Lake salmon and steelhead 2025,2,2025-09-15,2025-09-21,37,weekend,Bank,NA,PE,effort,daily_variance,1581.2188543209872,week
D17D3D9D-3402-4182-B30A-91C97DE82353,CRM - Roving Creel Project,Drano Lake salmon and steelhead 2025,2,2025-09-15,2025-09-21,37,weekend,Bank,NA,PE,effort,days_open,2,week
D17D3D9D-3402-4182-B30A-91C97DE82353,CRM - Roving Creel Project,Drano Lake salmon and steelhead 2025,2,2025-09-15,2025-09-21,37,weekend,Bank,NA,PE,effort,degrees_freedom,23.5,week
D17D3D9D-3402-4182-B30A-91C97DE82353,CRM - Roving Creel Project,Drano Lake salmon and steelhead 2025,2,2025-09-15,2025-09-21,37,weekend,Bank,NA,PE,effort,total_effort,427.66,week
D17D3D9D-3402-4182-B30A-91C97DE82353,CRM - Roving Creel Project,Drano Lake salmon and steelhead 2025,2,2025-09-15,2025-09-21,37,weekend,Boat,NA,PE,effort,number_observations,2,week
D17D3D9D-3402-4182-B30A-91C97DE82353,CRM - Roving Creel Project,Drano Lake salmon and steelhead 2025,2,2025-09-15,2025-09-21,37,weekend,Boat,NA,PE,effort,daily_mean,247.89876893939396,week
D17D3D9D-3402-4182-B30A-91C97DE82353,CRM - Roving Creel Project,Drano Lake salmon and steelhead 2025,2,2025-09-15,2025-09-21,37,weekend,Boat,NA,PE,effort,daily_variance,30899.374479188366,week
D17D3D9D-3402-4182-B30A-91C97DE82353,CRM - Roving Creel Project,Drano Lake salmon and steelhead 2025,2,2025-09-15,2025-09-21,37,weekend,Boat,NA,PE,effort,days_open,2,week
D17D3D9D-3402-4182-B30A-91C97DE82353,CRM - Roving Creel Project,Drano Lake salmon and steelhead 2025,2,2025-09-15,2025-09-21,37,weekend,Boat,NA,PE,effort,degrees_freedom,23.5,week
D17D3D9D-3402-4182-B30A-91C97DE82353,CRM - Roving Creel Project,Drano Lake salmon and steelhead 2025,2,2025-09-15,2025-09-21,37,weekend,Boat,NA,PE,effort,total_effort,495.7975378787879,week
D17D3D9D-3402-4182-B30A-91C97DE82353,CRM - Roving Creel Project,Drano Lake salmon and steelhead 2025,2,2025-09-22,2025-09-28,38,weekday,Bank,NA,PE,effort,number_observations,2,week
D17D3D9D-3402-4182-B30A-91C97DE82353,CRM - Roving Creel Project,Drano Lake salmon and steelhead 2025,2,2025-09-22,2025-09-28,38,weekday,Bank,NA,PE,effort,daily_mean,115.56708333333333,week
D17D3D9D-3402-4182-B30A-91C97DE82353,CRM - Roving Creel Project,Drano Lake salmon and steelhead 2025,2,2025-09-22,2025-09-28,38,weekday,Bank,NA,PE,effort,daily_variance,1161.0443491126534,week
D17D3D9D-3402-4182-B30A-91C97DE82353,CRM - Roving Creel Project,Drano Lake salmon and steelhead 2025,2,2025-09-22,2025-09-28,38,weekday,Bank,NA,PE,effort,days_open,5,week
D17D3D9D-3402-4182-B30A-91C97DE82353,CRM - Roving Creel Project,Drano Lake salmon and steelhead 2025,2,2025-09-22,2025-09-28,38,weekday,Bank,NA,PE,effort,degrees_freedom,23.5,week
D17D3D9D-3402-4182-B30A-91C97DE82353,CRM - Roving Creel Project,Drano Lake salmon and steelhead 2025,2,2025-09-22,2025-09-28,38,weekday,Bank,NA,PE,effort,total_effort,577.8354166666667,week
D17D3D9D-3402-4182-B30A-91C97DE82353,CRM - Roving Creel Project,Drano Lake salmon and steelhead 2025,2,2025-09-22,2025-09-28,38,weekday,Boat,NA,PE,effort,number_observations,2,week
D17D3D9D-3402-4182-B30A-91C97DE82353,CRM - Roving Creel Project,Drano Lake salmon and steelhead 2025,2,2025-09-22,2025-09-28,38,weekday,Boat,NA,PE,effort,daily_mean,162.49318813131313,week
D17D3D9D-3402-4182-B30A-91C97DE82353,CRM - Roving Creel Project,Drano Lake salmon and steelhead 2025,2,2025-09-22,2025-09-28,38,weekday,Boat,NA,PE,effort,daily_variance,3395.254815900487,week
D17D3D9D-3402-4182-B30A-91C97DE82353,CRM - Roving Creel Project,Drano Lake salmon and steelhead 2025,2,2025-09-22,2025-09-28,38,weekday,Boat,NA,PE,effort,days_open,5,week
D17D3D9D-3402-4182-B30A-91C97DE82353,CRM - Roving Creel Project,Drano Lake salmon and steelhead 2025,2,2025-09-22,2025-09-28,38,weekday,Boat,NA,PE,effort,degrees_freedom,23.5,week
D17D3D9D-3402-4182-B30A-91C97DE82353,CRM - Roving Creel Project,Drano Lake salmon and steelhead 2025,2,2025-09-22,2025-09-28,38,weekday,Boat,NA,PE,effort,total_effort,812.4659406565656,week
D17D3D9D-3402-4182-B30A-91C97DE82353,CRM - Roving Creel Project,Drano Lake salmon and steelhead 2025,2,2025-09-22,2025-09-28,38,weekend,Bank,NA,PE,effort,number_observations,2,week
D17D3D9D-3402-4182-B30A-91C97DE82353,CRM - Roving Creel Project,Drano Lake salmon and steelhead 2025,2,2025-09-22,2025-09-28,38,weekend,Bank,NA,PE,effort,daily_mean,284.7477083333333,week
D17D3D9D-3402-4182-B30A-91C97DE82353,CRM - Roving Creel Project,Drano Lake salmon and steelhead 2025,2,2025-09-22,2025-09-28,38,weekend,Bank,NA,PE,effort,daily_variance,3562.113735426313,week
D17D3D9D-3402-4182-B30A-91C97DE82353,CRM - Roving Creel Project,Drano Lake salmon and steelhead 2025,2,2025-09-22,2025-09-28,38,weekend,Bank,NA,PE,effort,days_open,2,week
D17D3D9D-3402-4182-B30A-91C97DE82353,CRM - Roving Creel Project,Drano Lake salmon and steelhead 2025,2,2025-09-22,2025-09-28,38,weekend,Bank,NA,PE,effort,degrees_freedom,23.5,week
D17D3D9D-3402-4182-B30A-91C97DE82353,CRM - Roving Creel Project,Drano Lake salmon and steelhead 2025,2,2025-09-22,2025-09-28,38,weekend,Bank,NA,PE,effort,total_effort,569.4954166666666,week
D17D3D9D-3402-4182-B30A-91C97DE82353,CRM - Roving Creel Project,Drano Lake salmon and steelhead 2025,2,2025-09-22,2025-09-28,38,weekend,Boat,NA,PE,effort,number_observations,2,week
D17D3D9D-3402-4182-B30A-91C97DE82353,CRM - Roving Creel Project,Drano Lake salmon and steelhead 2025,2,2025-09-22,2025-09-28,38,weekend,Boat,NA,PE,effort,daily_mean,492.57355922506315,week
D17D3D9D-3402-4182-B30A-91C97DE82353,CRM - Roving Creel Project,Drano Lake salmon and steelhead 2025,2,2025-09-22,2025-09-28,38,weekend,Boat,NA,PE,effort,daily_variance,10164.297262667476,week
D17D3D9D-3402-4182-B30A-91C97DE82353,CRM - Roving Creel Project,Drano Lake salmon and steelhead 2025,2,2025-09-22,2025-09-28,38,weekend,Boat,NA,PE,effort,days_open,2,week
D17D3D9D-3402-4182-B30A-91C97DE82353,CRM - Roving Creel Project,Drano Lake salmon and steelhead 2025,2,2025-09-22,2025-09-28,38,weekend,Boat,NA,PE,effort,degrees_freedom,23.5,week
D17D3D9D-3402-4182-B30A-91C97DE82353,CRM - Roving Creel Project,Drano Lake salmon and steelhead 2025,2,2025-09-22,2025-09-28,38,weekend,Boat,NA,PE,effort,total_effort,985.1471184501263,week
D17D3D9D-3402-4182-B30A-91C97DE82353,CRM - Roving Creel Project,Drano Lake salmon and steelhead 2025,2,2025-09-29,2025-10-05,39,weekday,Bank,NA,PE,effort,number_observations,1,week
D17D3D9D-3402-4182-B30A-91C97DE82353,CRM - Roving Creel Project,Drano Lake salmon and steelhead 2025,2,2025-09-29,2025-10-05,39,weekday,Bank,NA,PE,effort,daily_mean,55.22555555555556,week
D17D3D9D-3402-4182-B30A-91C97DE82353,CRM - Roving Creel Project,Drano Lake salmon and steelhead 2025,2,2025-09-29,2025-10-05,39,weekday,Bank,NA,PE,effort,daily_variance,0,week
D17D3D9D-3402-4182-B30A-91C97DE82353,CRM - Roving Creel Project,Drano Lake salmon and steelhead 2025,2,2025-09-29,2025-10-05,39,weekday,Bank,NA,PE,effort,days_open,4,week
D17D3D9D-3402-4182-B30A-91C97DE82353,CRM - Roving Creel Project,Drano Lake salmon and steelhead 2025,2,2025-09-29,2025-10-05,39,weekday,Bank,NA,PE,effort,degrees_freedom,23.5,week
D17D3D9D-3402-4182-B30A-91C97DE82353,CRM - Roving Creel Project,Drano Lake salmon and steelhead 2025,2,2025-09-29,2025-10-05,39,weekday,Bank,NA,PE,effort,total_effort,220.90222222222224,week
D17D3D9D-3402-4182-B30A-91C97DE82353,CRM - Roving Creel Project,Drano Lake salmon and steelhead 2025,2,2025-09-29,2025-10-05,39,weekday,Boat,NA,PE,effort,number_observations,1,week
D17D3D9D-3402-4182-B30A-91C97DE82353,CRM - Roving Creel Project,Drano Lake salmon and steelhead 2025,2,2025-09-29,2025-10-05,39,weekday,Boat,NA,PE,effort,daily_mean,579.5349404198233,week
D17D3D9D-3402-4182-B30A-91C97DE82353,CRM - Roving Creel Project,Drano Lake salmon and steelhead 2025,2,2025-09-29,2025-10-05,39,weekday,Boat,NA,PE,effort,daily_variance,0,week
D17D3D9D-3402-4182-B30A-91C97DE82353,CRM - Roving Creel Project,Drano Lake salmon and steelhead 2025,2,2025-09-29,2025-10-05,39,weekday,Boat,NA,PE,effort,days_open,4,week
D17D3D9D-3402-4182-B30A-91C97DE82353,CRM - Roving Creel Project,Drano Lake salmon and steelhead 2025,2,2025-09-29,2025-10-05,39,weekday,Boat,NA,PE,effort,degrees_freedom,23.5,week
D17D3D9D-3402-4182-B30A-91C97DE82353,CRM - Roving Creel Project,Drano Lake salmon and steelhead 2025,2,2025-09-29,2025-10-05,39,weekday,Boat,NA,PE,effort,total_effort,2318.1397616792933,week
D17D3D9D-3402-4182-B30A-91C97DE82353,CRM - Roving Creel Project,Drano Lake salmon and steelhead 2025,2,2025-09-29,2025-10-05,39,weekend,Bank,NA,PE,effort,number_observations,2,week
D17D3D9D-3402-4182-B30A-91C97DE82353,CRM - Roving Creel Project,Drano Lake salmon and steelhead 2025,2,2025-09-29,2025-10-05,39,weekend,Bank,NA,PE,effort,daily_mean,195.85131944444444,week
D17D3D9D-3402-4182-B30A-91C97DE82353,CRM - Roving Creel Project,Drano Lake salmon and steelhead 2025,2,2025-09-29,2025-10-05,39,weekend,Bank,NA,PE,effort,daily_variance,5761.489421537421,week
D17D3D9D-3402-4182-B30A-91C97DE82353,CRM - Roving Creel Project,Drano Lake salmon and steelhead 2025,2,2025-09-29,2025-10-05,39,weekend,Bank,NA,PE,effort,days_open,2,week
D17D3D9D-3402-4182-B30A-91C97DE82353,CRM - Roving Creel Project,Drano Lake salmon and steelhead 2025,2,2025-09-29,2025-10-05,39,weekend,Bank,NA,PE,effort,degrees_freedom,23.5,week
D17D3D9D-3402-4182-B30A-91C97DE82353,CRM - Roving Creel Project,Drano Lake salmon and steelhead 2025,2,2025-09-29,2025-10-05,39,weekend,Bank,NA,PE,effort,total_effort,391.7026388888889,week
D17D3D9D-3402-4182-B30A-91C97DE82353,CRM - Roving Creel Project,Drano Lake salmon and steelhead 2025,2,2025-09-29,2025-10-05,39,weekend,Boat,NA,PE,effort,number_observations,2,week
D17D3D9D-3402-4182-B30A-91C97DE82353,CRM - Roving Creel Project,Drano Lake salmon and steelhead 2025,2,2025-09-29,2025-10-05,39,weekend,Boat,NA,PE,effort,daily_mean,283.73324041193183,week
D17D3D9D-3402-4182-B30A-91C97DE82353,CRM - Roving Creel Project,Drano Lake salmon and steelhead 2025,2,2025-09-29,2025-10-05,39,weekend,Boat,NA,PE,effort,daily_variance,4892.531093841387,week
D17D3D9D-3402-4182-B30A-91C97DE82353,CRM - Roving Creel Project,Drano Lake salmon and steelhead 2025,2,2025-09-29,2025-10-05,39,weekend,Boat,NA,PE,effort,days_open,2,week
D17D3D9D-3402-4182-B30A-91C97DE82353,CRM - Roving Creel Project,Drano Lake salmon and steelhead 2025,2,2025-09-29,2025-10-05,39,weekend,Boat,NA,PE,effort,degrees_freedom,23.5,week
D17D3D9D-3402-4182-B30A-91C97DE82353,CRM - Roving Creel Project,Drano Lake salmon and steelhead 2025,2,2025-09-29,2025-10-05,39,weekend,Boat,NA,PE,effort,total_effort,567.4664808238637,week
D17D3D9D-3402-4182-B30A-91C97DE82353,CRM - Roving Creel Project,Drano Lake salmon and steelhead 2025,2,2025-10-06,2025-10-12,40,weekday,Bank,NA,PE,effort,number_observations,1,week
D17D3D9D-3402-4182-B30A-91C97DE82353,CRM - Roving Creel Project,Drano Lake salmon and steelhead 2025,2,2025-10-06,2025-10-12,40,weekday,Bank,NA,PE,effort,daily_mean,6.638333333333334,week
D17D3D9D-3402-4182-B30A-91C97DE82353,CRM - Roving Creel Project,Drano Lake salmon and steelhead 2025,2,2025-10-06,2025-10-12,40,weekday,Bank,NA,PE,effort,daily_variance,0,week
D17D3D9D-3402-4182-B30A-91C97DE82353,CRM - Roving Creel Project,Drano Lake salmon and steelhead 2025,2,2025-10-06,2025-10-12,40,weekday,Bank,NA,PE,effort,days_open,4,week
D17D3D9D-3402-4182-B30A-91C97DE82353,CRM - Roving Creel Project,Drano Lake salmon and steelhead 2025,2,2025-10-06,2025-10-12,40,weekday,Bank,NA,PE,effort,degrees_freedom,23.5,week
D17D3D9D-3402-4182-B30A-91C97DE82353,CRM - Roving Creel Project,Drano Lake salmon and steelhead 2025,2,2025-10-06,2025-10-12,40,weekday,Bank,NA,PE,effort,total_effort,26.553333333333335,week
D17D3D9D-3402-4182-B30A-91C97DE82353,CRM - Roving Creel Project,Drano Lake salmon and steelhead 2025,2,2025-10-06,2025-10-12,40,weekday,Boat,NA,PE,effort,number_observations,1,week
D17D3D9D-3402-4182-B30A-91C97DE82353,CRM - Roving Creel Project,Drano Lake salmon and steelhead 2025,2,2025-10-06,2025-10-12,40,weekday,Boat,NA,PE,effort,daily_mean,76.86888257575758,week
D17D3D9D-3402-4182-B30A-91C97DE82353,CRM - Roving Creel Project,Drano Lake salmon and steelhead 2025,2,2025-10-06,2025-10-12,40,weekday,Boat,NA,PE,effort,daily_variance,0,week
D17D3D9D-3402-4182-B30A-91C97DE82353,CRM - Roving Creel Project,Drano Lake salmon and steelhead 2025,2,2025-10-06,2025-10-12,40,weekday,Boat,NA,PE,effort,days_open,4,week
D17D3D9D-3402-4182-B30A-91C97DE82353,CRM - Roving Creel Project,Drano Lake salmon and steelhead 2025,2,2025-10-06,2025-10-12,40,weekday,Boat,NA,PE,effort,degrees_freedom,23.5,week
D17D3D9D-3402-4182-B30A-91C97DE82353,CRM - Roving Creel Project,Drano Lake salmon and steelhead 2025,2,2025-10-06,2025-10-12,40,weekday,Boat,NA,PE,effort,total_effort,307.4755303030303,week
D17D3D9D-3402-4182-B30A-91C97DE82353,CRM - Roving Creel Project,Drano Lake salmon and steelhead 2025,2,2025-10-06,2025-10-12,40,weekend,Bank,NA,PE,effort,number_observations,2,week
D17D3D9D-3402-4182-B30A-91C97DE82353,CRM - Roving Creel Project,Drano Lake salmon and steelhead 2025,2,2025-10-06,2025-10-12,40,weekend,Bank,NA,PE,effort,daily_mean,213.56708333333336,week
D17D3D9D-3402-4182-B30A-91C97DE82353,CRM - Roving Creel Project,Drano Lake salmon and steelhead 2025,2,2025-10-06,2025-10-12,40,weekend,Bank,NA,PE,effort,daily_variance,1019.5246420138889,week
D17D3D9D-3402-4182-B30A-91C97DE82353,CRM - Roving Creel Project,Drano Lake salmon and steelhead 2025,2,2025-10-06,2025-10-12,40,weekend,Bank,NA,PE,effort,days_open,2,week
D17D3D9D-3402-4182-B30A-91C97DE82353,CRM - Roving Creel Project,Drano Lake salmon and steelhead 2025,2,2025-10-06,2025-10-12,40,weekend,Bank,NA,PE,effort,degrees_freedom,23.5,week
D17D3D9D-3402-4182-B30A-91C97DE82353,CRM - Roving Creel Project,Drano Lake salmon and steelhead 2025,2,2025-10-06,2025-10-12,40,weekend,Bank,NA,PE,effort,total_effort,427.1341666666667,week
D17D3D9D-3402-4182-B30A-91C97DE82353,CRM - Roving Creel Project,Drano Lake salmon and steelhead 2025,2,2025-10-06,2025-10-12,40,weekend,Boat,NA,PE,effort,number_observations,2,week
D17D3D9D-3402-4182-B30A-91C97DE82353,CRM - Roving Creel Project,Drano Lake salmon and steelhead 2025,2,2025-10-06,2025-10-12,40,weekend,Boat,NA,PE,effort,daily_mean,200.07102450284094,week
D17D3D9D-3402-4182-B30A-91C97DE82353,CRM - Roving Creel Project,Drano Lake salmon and steelhead 2025,2,2025-10-06,2025-10-12,40,weekend,Boat,NA,PE,effort,daily_variance,40957.097192674686,week
D17D3D9D-3402-4182-B30A-91C97DE82353,CRM - Roving Creel Project,Drano Lake salmon and steelhead 2025,2,2025-10-06,2025-10-12,40,weekend,Boat,NA,PE,effort,days_open,2,week
D17D3D9D-3402-4182-B30A-91C97DE82353,CRM - Roving Creel Project,Drano Lake salmon and steelhead 2025,2,2025-10-06,2025-10-12,40,weekend,Boat,NA,PE,effort,degrees_freedom,23.5,week
D17D3D9D-3402-4182-B30A-91C97DE82353,CRM - Roving Creel Project,Drano Lake salmon and steelhead 2025,2,2025-10-06,2025-10-12,40,weekend,Boat,NA,PE,effort,total_effort,400.1420490056819,week
D17D3D9D-3402-4182-B30A-91C97DE82353,CRM - Roving Creel Project,Drano Lake salmon and steelhead 2025,2,2025-10-13,2025-10-19,41,weekday,Bank,NA,PE,effort,number_observations,2,week
D17D3D9D-3402-4182-B30A-91C97DE82353,CRM - Roving Creel Project,Drano Lake salmon and steelhead 2025,2,2025-10-13,2025-10-19,41,weekday,Bank,NA,PE,effort,daily_mean,32.53680555555555,week
D17D3D9D-3402-4182-B30A-91C97DE82353,CRM - Roving Creel Project,Drano Lake salmon and steelhead 2025,2,2025-10-13,2025-10-19,41,weekday,Bank,NA,PE,effort,daily_variance,2117.2874315200615,week
D17D3D9D-3402-4182-B30A-91C97DE82353,CRM - Roving Creel Project,Drano Lake salmon and steelhead 2025,2,2025-10-13,2025-10-19,41,weekday,Bank,NA,PE,effort,days_open,4,week
D17D3D9D-3402-4182-B30A-91C97DE82353,CRM - Roving Creel Project,Drano Lake salmon and steelhead 2025,2,2025-10-13,2025-10-19,41,weekday,Bank,NA,PE,effort,degrees_freedom,23.5,week
D17D3D9D-3402-4182-B30A-91C97DE82353,CRM - Roving Creel Project,Drano Lake salmon and steelhead 2025,2,2025-10-13,2025-10-19,41,weekday,Bank,NA,PE,effort,total_effort,130.1472222222222,week
D17D3D9D-3402-4182-B30A-91C97DE82353,CRM - Roving Creel Project,Drano Lake salmon and steelhead 2025,2,2025-10-13,2025-10-19,41,weekday,Boat,NA,PE,effort,number_observations,2,week
D17D3D9D-3402-4182-B30A-91C97DE82353,CRM - Roving Creel Project,Drano Lake salmon and steelhead 2025,2,2025-10-13,2025-10-19,41,weekday,Boat,NA,PE,effort,daily_mean,103.15827039930556,week
D17D3D9D-3402-4182-B30A-91C97DE82353,CRM - Roving Creel Project,Drano Lake salmon and steelhead 2025,2,2025-10-13,2025-10-19,41,weekday,Boat,NA,PE,effort,daily_variance,160.8470232957855,week
D17D3D9D-3402-4182-B30A-91C97DE82353,CRM - Roving Creel Project,Drano Lake salmon and steelhead 2025,2,2025-10-13,2025-10-19,41,weekday,Boat,NA,PE,effort,days_open,4,week
D17D3D9D-3402-4182-B30A-91C97DE82353,CRM - Roving Creel Project,Drano Lake salmon and steelhead 2025,2,2025-10-13,2025-10-19,41,weekday,Boat,NA,PE,effort,degrees_freedom,23.5,week
D17D3D9D-3402-4182-B30A-91C97DE82353,CRM - Roving Creel Project,Drano Lake salmon and steelhead 2025,2,2025-10-13,2025-10-19,41,weekday,Boat,NA,PE,effort,total_effort,412.63308159722226,week
D17D3D9D-3402-4182-B30A-91C97DE82353,CRM - Roving Creel Project,Drano Lake salmon and steelhead 2025,2,2025-10-13,2025-10-19,41,weekend,Bank,NA,PE,effort,number_observations,2,week
D17D3D9D-3402-4182-B30A-91C97DE82353,CRM - Roving Creel Project,Drano Lake salmon and steelhead 2025,2,2025-10-13,2025-10-19,41,weekend,Bank,NA,PE,effort,daily_mean,198.36208333333332,week
D17D3D9D-3402-4182-B30A-91C97DE82353,CRM - Roving Creel Project,Drano Lake salmon and steelhead 2025,2,2025-10-13,2025-10-19,41,weekend,Bank,NA,PE,effort,daily_variance,29682.864292013892,week
D17D3D9D-3402-4182-B30A-91C97DE82353,CRM - Roving Creel Project,Drano Lake salmon and steelhead 2025,2,2025-10-13,2025-10-19,41,weekend,Bank,NA,PE,effort,days_open,2,week
D17D3D9D-3402-4182-B30A-91C97DE82353,CRM - Roving Creel Project,Drano Lake salmon and steelhead 2025,2,2025-10-13,2025-10-19,41,weekend,Bank,NA,PE,effort,degrees_freedom,23.5,week
D17D3D9D-3402-4182-B30A-91C97DE82353,CRM - Roving Creel Project,Drano Lake salmon and steelhead 2025,2,2025-10-13,2025-10-19,41,weekend,Bank,NA,PE,effort,total_effort,396.72416666666663,week
D17D3D9D-3402-4182-B30A-91C97DE82353,CRM - Roving Creel Project,Drano Lake salmon and steelhead 2025,2,2025-10-13,2025-10-19,41,weekend,Boat,NA,PE,effort,number_observations,2,week
D17D3D9D-3402-4182-B30A-91C97DE82353,CRM - Roving Creel Project,Drano Lake salmon and steelhead 2025,2,2025-10-13,2025-10-19,41,weekend,Boat,NA,PE,effort,daily_mean,111.22877130681819,week
D17D3D9D-3402-4182-B30A-91C97DE82353,CRM - Roving Creel Project,Drano Lake salmon and steelhead 2025,2,2025-10-13,2025-10-19,41,weekend,Boat,NA,PE,effort,daily_variance,24743.679132848923,week
D17D3D9D-3402-4182-B30A-91C97DE82353,CRM - Roving Creel Project,Drano Lake salmon and steelhead 2025,2,2025-10-13,2025-10-19,41,weekend,Boat,NA,PE,effort,days_open,2,week
D17D3D9D-3402-4182-B30A-91C97DE82353,CRM - Roving Creel Project,Drano Lake salmon and steelhead 2025,2,2025-10-13,2025-10-19,41,weekend,Boat,NA,PE,effort,degrees_freedom,23.5,week
D17D3D9D-3402-4182-B30A-91C97DE82353,CRM - Roving Creel Project,Drano Lake salmon and steelhead 2025,2,2025-10-13,2025-10-19,41,weekend,Boat,NA,PE,effort,total_effort,222.45754261363638,week
D17D3D9D-3402-4182-B30A-91C97DE82353,CRM - Roving Creel Project,Drano Lake salmon and steelhead 2025,2,2025-10-20,2025-10-26,42,weekday,Bank,NA,PE,effort,number_observations,2,week
D17D3D9D-3402-4182-B30A-91C97DE82353,CRM - Roving Creel Project,Drano Lake salmon and steelhead 2025,2,2025-10-20,2025-10-26,42,weekday,Bank,NA,PE,effort,daily_mean,113.50583333333333,week
D17D3D9D-3402-4182-B30A-91C97DE82353,CRM - Roving Creel Project,Drano Lake salmon and steelhead 2025,2,2025-10-20,2025-10-26,42,weekday,Bank,NA,PE,effort,daily_variance,5200.923389043208,week
D17D3D9D-3402-4182-B30A-91C97DE82353,CRM - Roving Creel Project,Drano Lake salmon and steelhead 2025,2,2025-10-20,2025-10-26,42,weekday,Bank,NA,PE,effort,days_open,4,week
D17D3D9D-3402-4182-B30A-91C97DE82353,CRM - Roving Creel Project,Drano Lake salmon and steelhead 2025,2,2025-10-20,2025-10-26,42,weekday,Bank,NA,PE,effort,degrees_freedom,23.5,week
D17D3D9D-3402-4182-B30A-91C97DE82353,CRM - Roving Creel Project,Drano Lake salmon and steelhead 2025,2,2025-10-20,2025-10-26,42,weekday,Bank,NA,PE,effort,total_effort,454.0233333333333,week
D17D3D9D-3402-4182-B30A-91C97DE82353,CRM - Roving Creel Project,Drano Lake salmon and steelhead 2025,2,2025-10-20,2025-10-26,42,weekday,Boat,NA,PE,effort,number_observations,2,week
D17D3D9D-3402-4182-B30A-91C97DE82353,CRM - Roving Creel Project,Drano Lake salmon and steelhead 2025,2,2025-10-20,2025-10-26,42,weekday,Boat,NA,PE,effort,daily_mean,36.412041508838385,week
D17D3D9D-3402-4182-B30A-91C97DE82353,CRM - Roving Creel Project,Drano Lake salmon and steelhead 2025,2,2025-10-20,2025-10-26,42,weekday,Boat,NA,PE,effort,daily_variance,0.09638586056992246,week
D17D3D9D-3402-4182-B30A-91C97DE82353,CRM - Roving Creel Project,Drano Lake salmon and steelhead 2025,2,2025-10-20,2025-10-26,42,weekday,Boat,NA,PE,effort,days_open,4,week
D17D3D9D-3402-4182-B30A-91C97DE82353,CRM - Roving Creel Project,Drano Lake salmon and steelhead 2025,2,2025-10-20,2025-10-26,42,weekday,Boat,NA,PE,effort,degrees_freedom,23.5,week
D17D3D9D-3402-4182-B30A-91C97DE82353,CRM - Roving Creel Project,Drano Lake salmon and steelhead 2025,2,2025-10-20,2025-10-26,42,weekday,Boat,NA,PE,effort,total_effort,145.64816603535354,week
D17D3D9D-3402-4182-B30A-91C97DE82353,CRM - Roving Creel Project,Drano Lake salmon and steelhead 2025,2,2025-10-20,2025-10-26,42,weekend,Bank,NA,PE,effort,number_observations,2,week
D17D3D9D-3402-4182-B30A-91C97DE82353,CRM - Roving Creel Project,Drano Lake salmon and steelhead 2025,2,2025-10-20,2025-10-26,42,weekend,Bank,NA,PE,effort,daily_mean,49.64638888888889,week
D17D3D9D-3402-4182-B30A-91C97DE82353,CRM - Roving Creel Project,Drano Lake salmon and steelhead 2025,2,2025-10-20,2025-10-26,42,weekend,Bank,NA,PE,effort,daily_variance,1918.0409297839506,week
D17D3D9D-3402-4182-B30A-91C97DE82353,CRM - Roving Creel Project,Drano Lake salmon and steelhead 2025,2,2025-10-20,2025-10-26,42,weekend,Bank,NA,PE,effort,days_open,2,week
D17D3D9D-3402-4182-B30A-91C97DE82353,CRM - Roving Creel Project,Drano Lake salmon and steelhead 2025,2,2025-10-20,2025-10-26,42,weekend,Bank,NA,PE,effort,degrees_freedom,23.5,week
D17D3D9D-3402-4182-B30A-91C97DE82353,CRM - Roving Creel Project,Drano Lake salmon and steelhead 2025,2,2025-10-20,2025-10-26,42,weekend,Bank,NA,PE,effort,total_effort,99.29277777777779,week
D17D3D9D-3402-4182-B30A-91C97DE82353,CRM - Roving Creel Project,Drano Lake salmon and steelhead 2025,2,2025-10-20,2025-10-26,42,weekend,Boat,NA,PE,effort,number_observations,2,week
D17D3D9D-3402-4182-B30A-91C97DE82353,CRM - Roving Creel Project,Drano Lake salmon and steelhead 2025,2,2025-10-20,2025-10-26,42,weekend,Boat,NA,PE,effort,daily_mean,8.975755997474748,week
D17D3D9D-3402-4182-B30A-91C97DE82353,CRM - Roving Creel Project,Drano Lake salmon and steelhead 2025,2,2025-10-20,2025-10-26,42,weekend,Boat,NA,PE,effort,daily_variance,161.1283914524078,week
D17D3D9D-3402-4182-B30A-91C97DE82353,CRM - Roving Creel Project,Drano Lake salmon and steelhead 2025,2,2025-10-20,2025-10-26,42,weekend,Boat,NA,PE,effort,days_open,2,week
D17D3D9D-3402-4182-B30A-91C97DE82353,CRM - Roving Creel Project,Drano Lake salmon and steelhead 2025,2,2025-10-20,2025-10-26,42,weekend,Boat,NA,PE,effort,degrees_freedom,23.5,week
D17D3D9D-3402-4182-B30A-91C97DE82353,CRM - Roving Creel Project,Drano Lake salmon and steelhead 2025,2,2025-10-20,2025-10-26,42,weekend,Boat,NA,PE,effort,total_effort,17.951511994949495,week
D17D3D9D-3402-4182-B30A-91C97DE82353,CRM - Roving Creel Project,Drano Lake salmon and steelhead 2025,2,2025-10-27,2025-10-31,43,weekday,Bank,NA,PE,effort,number_observations,1,week
D17D3D9D-3402-4182-B30A-91C97DE82353,CRM - Roving Creel Project,Drano Lake salmon and steelhead 2025,2,2025-10-27,2025-10-31,43,weekday,Bank,NA,PE,effort,daily_mean,6.176388888888889,week
D17D3D9D-3402-4182-B30A-91C97DE82353,CRM - Roving Creel Project,Drano Lake salmon and steelhead 2025,2,2025-10-27,2025-10-31,43,weekday,Bank,NA,PE,effort,daily_variance,0,week
D17D3D9D-3402-4182-B30A-91C97DE82353,CRM - Roving Creel Project,Drano Lake salmon and steelhead 2025,2,2025-10-27,2025-10-31,43,weekday,Bank,NA,PE,effort,days_open,4,week
D17D3D9D-3402-4182-B30A-91C97DE82353,CRM - Roving Creel Project,Drano Lake salmon and steelhead 2025,2,2025-10-27,2025-10-31,43,weekday,Bank,NA,PE,effort,degrees_freedom,23.5,week
D17D3D9D-3402-4182-B30A-91C97DE82353,CRM - Roving Creel Project,Drano Lake salmon and steelhead 2025,2,2025-10-27,2025-10-31,43,weekday,Bank,NA,PE,effort,total_effort,24.705555555555556,week
D17D3D9D-3402-4182-B30A-91C97DE82353,CRM - Roving Creel Project,Drano Lake salmon and steelhead 2025,2,2025-10-27,2025-10-31,43,weekday,Boat,NA,PE,effort,number_observations,1,week
D17D3D9D-3402-4182-B30A-91C97DE82353,CRM - Roving Creel Project,Drano Lake salmon and steelhead 2025,2,2025-10-27,2025-10-31,43,weekday,Boat,NA,PE,effort,daily_mean,17.879943970959598,week
D17D3D9D-3402-4182-B30A-91C97DE82353,CRM - Roving Creel Project,Drano Lake salmon and steelhead 2025,2,2025-10-27,2025-10-31,43,weekday,Boat,NA,PE,effort,daily_variance,0,week
D17D3D9D-3402-4182-B30A-91C97DE82353,CRM - Roving Creel Project,Drano Lake salmon and steelhead 2025,2,2025-10-27,2025-10-31,43,weekday,Boat,NA,PE,effort,days_open,4,week
D17D3D9D-3402-4182-B30A-91C97DE82353,CRM - Roving Creel Project,Drano Lake salmon and steelhead 2025,2,2025-10-27,2025-10-31,43,weekday,Boat,NA,PE,effort,degrees_freedom,23.5,week
D17D3D9D-3402-4182-B30A-91C97DE82353,CRM - Roving Creel Project,Drano Lake salmon and steelhead 2025,2,2025-10-27,2025-10-31,43,weekday,Boat,NA,PE,effort,total_effort,71.51977588383839,week
