analysis_id,project_name,fishery_name,section_num,min_event_date,max_event_date,period,day_type,angler_final,est_cg,model_type,estimate_category,estimate_type,estimate_value,estimate_time_period
736E14B6-43E9-4504-B4D7-D35AC0AB1B75,CRM - Roving Creel Project,Drano Lake salmon and steelhead 2024,1,2024-07-15,2024-07-21,29,weekday,Boat,Chinook|Coho|Sockeye_Adult|Jack_AD|UM|UNK_Kept,PE,catch,number_observations,2,week
736E14B6-43E9-4504-B4D7-D35AC0AB1B75,CRM - Roving Creel Project,Drano Lake salmon and steelhead 2024,1,2024-07-15,2024-07-21,29,weekday,Boat,Chinook|Coho|Sockeye_Adult|Jack_AD|UM|UNK_Kept,PE,catch,daily_mean,2.3455,week
736E14B6-43E9-4504-B4D7-D35AC0AB1B75,CRM - Roving Creel Project,Drano Lake salmon and steelhead 2024,1,2024-07-15,2024-07-21,29,weekday,Boat,Chinook|Coho|Sockeye_Adult|Jack_AD|UM|UNK_Kept,PE,catch,daily_variance,11.0027405,week
736E14B6-43E9-4504-B4D7-D35AC0AB1B75,CRM - Roving Creel Project,Drano Lake salmon and steelhead 2024,1,2024-07-15,2024-07-21,29,weekday,Boat,Chinook|Coho|Sockeye_Adult|Jack_AD|UM|UNK_Kept,PE,catch,days_open,5,week
736E14B6-43E9-4504-B4D7-D35AC0AB1B75,CRM - Roving Creel Project,Drano Lake salmon and steelhead 2024,1,2024-07-15,2024-07-21,29,weekday,Boat,Chinook|Coho|Sockeye_Adult|Jack_AD|UM|UNK_Kept,PE,catch,degrees_freedom,26,week
736E14B6-43E9-4504-B4D7-D35AC0AB1B75,CRM - Roving Creel Project,Drano Lake salmon and steelhead 2024,1,2024-07-15,2024-07-21,29,weekday,Boat,Chinook|Coho|Sockeye_Adult|Jack_AD|UM|UNK_Kept,PE,catch,total_catch,11.7275,week
736E14B6-43E9-4504-B4D7-D35AC0AB1B75,CRM - Roving Creel Project,Drano Lake salmon and steelhead 2024,1,2024-07-15,2024-07-21,29,weekend,Bank,Chinook|Coho|Sockeye_Adult|Jack_AD|UM|UNK_Kept,PE,catch,number_observations,1,week
736E14B6-43E9-4504-B4D7-D35AC0AB1B75,CRM - Roving Creel Project,Drano Lake salmon and steelhead 2024,1,2024-07-15,2024-07-21,29,weekend,Bank,Chinook|Coho|Sockeye_Adult|Jack_AD|UM|UNK_Kept,PE,catch,daily_mean,0,week
736E14B6-43E9-4504-B4D7-D35AC0AB1B75,CRM - Roving Creel Project,Drano Lake salmon and steelhead 2024,1,2024-07-15,2024-07-21,29,weekend,Bank,Chinook|Coho|Sockeye_Adult|Jack_AD|UM|UNK_Kept,PE,catch,daily_variance,0,week
736E14B6-43E9-4504-B4D7-D35AC0AB1B75,CRM - Roving Creel Project,Drano Lake salmon and steelhead 2024,1,2024-07-15,2024-07-21,29,weekend,Bank,Chinook|Coho|Sockeye_Adult|Jack_AD|UM|UNK_Kept,PE,catch,days_open,2,week
736E14B6-43E9-4504-B4D7-D35AC0AB1B75,CRM - Roving Creel Project,Drano Lake salmon and steelhead 2024,1,2024-07-15,2024-07-21,29,weekend,Bank,Chinook|Coho|Sockeye_Adult|Jack_AD|UM|UNK_Kept,PE,catch,degrees_freedom,26,week
736E14B6-43E9-4504-B4D7-D35AC0AB1B75,CRM - Roving Creel Project,Drano Lake salmon and steelhead 2024,1,2024-07-15,2024-07-21,29,weekend,Bank,Chinook|Coho|Sockeye_Adult|Jack_AD|UM|UNK_Kept,PE,catch,total_catch,0,week
736E14B6-43E9-4504-B4D7-D35AC0AB1B75,CRM - Roving Creel Project,Drano Lake salmon and steelhead 2024,1,2024-07-15,2024-07-21,29,weekend,Boat,Chinook|Coho|Sockeye_Adult|Jack_AD|UM|UNK_Kept,PE,catch,number_observations,1,week
736E14B6-43E9-4504-B4D7-D35AC0AB1B75,CRM - Roving Creel Project,Drano Lake salmon and steelhead 2024,1,2024-07-15,2024-07-21,29,weekend,Boat,Chinook|Coho|Sockeye_Adult|Jack_AD|UM|UNK_Kept,PE,catch,daily_mean,12.402,week
736E14B6-43E9-4504-B4D7-D35AC0AB1B75,CRM - Roving Creel Project,Drano Lake salmon and steelhead 2024,1,2024-07-15,2024-07-21,29,weekend,Boat,Chinook|Coho|Sockeye_Adult|Jack_AD|UM|UNK_Kept,PE,catch,daily_variance,0,week
736E14B6-43E9-4504-B4D7-D35AC0AB1B75,CRM - Roving Creel Project,Drano Lake salmon and steelhead 2024,1,2024-07-15,2024-07-21,29,weekend,Boat,Chinook|Coho|Sockeye_Adult|Jack_AD|UM|UNK_Kept,PE,catch,days_open,2,week
736E14B6-43E9-4504-B4D7-D35AC0AB1B75,CRM - Roving Creel Project,Drano Lake salmon and steelhead 2024,1,2024-07-15,2024-07-21,29,weekend,Boat,Chinook|Coho|Sockeye_Adult|Jack_AD|UM|UNK_Kept,PE,catch,degrees_freedom,26,week
736E14B6-43E9-4504-B4D7-D35AC0AB1B75,CRM - Roving Creel Project,Drano Lake salmon and steelhead 2024,1,2024-07-15,2024-07-21,29,weekend,Boat,Chinook|Coho|Sockeye_Adult|Jack_AD|UM|UNK_Kept,PE,catch,total_catch,24.804,week
736E14B6-43E9-4504-B4D7-D35AC0AB1B75,CRM - Roving Creel Project,Drano Lake salmon and steelhead 2024,1,2024-07-22,2024-07-28,30,weekday,Bank,Chinook|Coho|Sockeye_Adult|Jack_AD|UM|UNK_Kept,PE,catch,number_observations,1,week
736E14B6-43E9-4504-B4D7-D35AC0AB1B75,CRM - Roving Creel Project,Drano Lake salmon and steelhead 2024,1,2024-07-22,2024-07-28,30,weekday,Bank,Chinook|Coho|Sockeye_Adult|Jack_AD|UM|UNK_Kept,PE,catch,daily_mean,0,week
736E14B6-43E9-4504-B4D7-D35AC0AB1B75,CRM - Roving Creel Project,Drano Lake salmon and steelhead 2024,1,2024-07-22,2024-07-28,30,weekday,Bank,Chinook|Coho|Sockeye_Adult|Jack_AD|UM|UNK_Kept,PE,catch,daily_variance,0,week
736E14B6-43E9-4504-B4D7-D35AC0AB1B75,CRM - Roving Creel Project,Drano Lake salmon and steelhead 2024,1,2024-07-22,2024-07-28,30,weekday,Bank,Chinook|Coho|Sockeye_Adult|Jack_AD|UM|UNK_Kept,PE,catch,days_open,5,week
736E14B6-43E9-4504-B4D7-D35AC0AB1B75,CRM - Roving Creel Project,Drano Lake salmon and steelhead 2024,1,2024-07-22,2024-07-28,30,weekday,Bank,Chinook|Coho|Sockeye_Adult|Jack_AD|UM|UNK_Kept,PE,catch,degrees_freedom,26,week
736E14B6-43E9-4504-B4D7-D35AC0AB1B75,CRM - Roving Creel Project,Drano Lake salmon and steelhead 2024,1,2024-07-22,2024-07-28,30,weekday,Bank,Chinook|Coho|Sockeye_Adult|Jack_AD|UM|UNK_Kept,PE,catch,total_catch,0,week
736E14B6-43E9-4504-B4D7-D35AC0AB1B75,CRM - Roving Creel Project,Drano Lake salmon and steelhead 2024,1,2024-07-22,2024-07-28,30,weekend,Bank,Chinook|Coho|Sockeye_Adult|Jack_AD|UM|UNK_Kept,PE,catch,number_observations,1,week
736E14B6-43E9-4504-B4D7-D35AC0AB1B75,CRM - Roving Creel Project,Drano Lake salmon and steelhead 2024,1,2024-07-22,2024-07-28,30,weekend,Bank,Chinook|Coho|Sockeye_Adult|Jack_AD|UM|UNK_Kept,PE,catch,daily_mean,0,week
736E14B6-43E9-4504-B4D7-D35AC0AB1B75,CRM - Roving Creel Project,Drano Lake salmon and steelhead 2024,1,2024-07-22,2024-07-28,30,weekend,Bank,Chinook|Coho|Sockeye_Adult|Jack_AD|UM|UNK_Kept,PE,catch,daily_variance,0,week
736E14B6-43E9-4504-B4D7-D35AC0AB1B75,CRM - Roving Creel Project,Drano Lake salmon and steelhead 2024,1,2024-07-22,2024-07-28,30,weekend,Bank,Chinook|Coho|Sockeye_Adult|Jack_AD|UM|UNK_Kept,PE,catch,days_open,2,week
736E14B6-43E9-4504-B4D7-D35AC0AB1B75,CRM - Roving Creel Project,Drano Lake salmon and steelhead 2024,1,2024-07-22,2024-07-28,30,weekend,Bank,Chinook|Coho|Sockeye_Adult|Jack_AD|UM|UNK_Kept,PE,catch,degrees_freedom,26,week
736E14B6-43E9-4504-B4D7-D35AC0AB1B75,CRM - Roving Creel Project,Drano Lake salmon and steelhead 2024,1,2024-07-22,2024-07-28,30,weekend,Bank,Chinook|Coho|Sockeye_Adult|Jack_AD|UM|UNK_Kept,PE,catch,total_catch,0,week
736E14B6-43E9-4504-B4D7-D35AC0AB1B75,CRM - Roving Creel Project,Drano Lake salmon and steelhead 2024,1,2024-07-22,2024-07-28,30,weekend,Boat,Chinook|Coho|Sockeye_Adult|Jack_AD|UM|UNK_Kept,PE,catch,number_observations,1,week
736E14B6-43E9-4504-B4D7-D35AC0AB1B75,CRM - Roving Creel Project,Drano Lake salmon and steelhead 2024,1,2024-07-22,2024-07-28,30,weekend,Boat,Chinook|Coho|Sockeye_Adult|Jack_AD|UM|UNK_Kept,PE,catch,daily_mean,0,week
736E14B6-43E9-4504-B4D7-D35AC0AB1B75,CRM - Roving Creel Project,Drano Lake salmon and steelhead 2024,1,2024-07-22,2024-07-28,30,weekend,Boat,Chinook|Coho|Sockeye_Adult|Jack_AD|UM|UNK_Kept,PE,catch,daily_variance,0,week
736E14B6-43E9-4504-B4D7-D35AC0AB1B75,CRM - Roving Creel Project,Drano Lake salmon and steelhead 2024,1,2024-07-22,2024-07-28,30,weekend,Boat,Chinook|Coho|Sockeye_Adult|Jack_AD|UM|UNK_Kept,PE,catch,days_open,2,week
736E14B6-43E9-4504-B4D7-D35AC0AB1B75,CRM - Roving Creel Project,Drano Lake salmon and steelhead 2024,1,2024-07-22,2024-07-28,30,weekend,Boat,Chinook|Coho|Sockeye_Adult|Jack_AD|UM|UNK_Kept,PE,catch,degrees_freedom,26,week
736E14B6-43E9-4504-B4D7-D35AC0AB1B75,CRM - Roving Creel Project,Drano Lake salmon and steelhead 2024,1,2024-07-22,2024-07-28,30,weekend,Boat,Chinook|Coho|Sockeye_Adult|Jack_AD|UM|UNK_Kept,PE,catch,total_catch,0,week
736E14B6-43E9-4504-B4D7-D35AC0AB1B75,CRM - Roving Creel Project,Drano Lake salmon and steelhead 2024,1,2024-07-29,2024-08-04,31,weekday,Bank,Chinook|Coho|Sockeye_Adult|Jack_AD|UM|UNK_Kept,PE,catch,number_observations,1,week
736E14B6-43E9-4504-B4D7-D35AC0AB1B75,CRM - Roving Creel Project,Drano Lake salmon and steelhead 2024,1,2024-07-29,2024-08-04,31,weekday,Bank,Chinook|Coho|Sockeye_Adult|Jack_AD|UM|UNK_Kept,PE,catch,daily_mean,0,week
736E14B6-43E9-4504-B4D7-D35AC0AB1B75,CRM - Roving Creel Project,Drano Lake salmon and steelhead 2024,1,2024-07-29,2024-08-04,31,weekday,Bank,Chinook|Coho|Sockeye_Adult|Jack_AD|UM|UNK_Kept,PE,catch,daily_variance,0,week
736E14B6-43E9-4504-B4D7-D35AC0AB1B75,CRM - Roving Creel Project,Drano Lake salmon and steelhead 2024,1,2024-07-29,2024-08-04,31,weekday,Bank,Chinook|Coho|Sockeye_Adult|Jack_AD|UM|UNK_Kept,PE,catch,days_open,5,week
736E14B6-43E9-4504-B4D7-D35AC0AB1B75,CRM - Roving Creel Project,Drano Lake salmon and steelhead 2024,1,2024-07-29,2024-08-04,31,weekday,Bank,Chinook|Coho|Sockeye_Adult|Jack_AD|UM|UNK_Kept,PE,catch,degrees_freedom,26,week
736E14B6-43E9-4504-B4D7-D35AC0AB1B75,CRM - Roving Creel Project,Drano Lake salmon and steelhead 2024,1,2024-07-29,2024-08-04,31,weekday,Bank,Chinook|Coho|Sockeye_Adult|Jack_AD|UM|UNK_Kept,PE,catch,total_catch,0,week
736E14B6-43E9-4504-B4D7-D35AC0AB1B75,CRM - Roving Creel Project,Drano Lake salmon and steelhead 2024,1,2024-07-29,2024-08-04,31,weekday,Boat,Chinook|Coho|Sockeye_Adult|Jack_AD|UM|UNK_Kept,PE,catch,number_observations,2,week
736E14B6-43E9-4504-B4D7-D35AC0AB1B75,CRM - Roving Creel Project,Drano Lake salmon and steelhead 2024,1,2024-07-29,2024-08-04,31,weekday,Boat,Chinook|Coho|Sockeye_Adult|Jack_AD|UM|UNK_Kept,PE,catch,daily_mean,8.595,week
736E14B6-43E9-4504-B4D7-D35AC0AB1B75,CRM - Roving Creel Project,Drano Lake salmon and steelhead 2024,1,2024-07-29,2024-08-04,31,weekday,Boat,Chinook|Coho|Sockeye_Adult|Jack_AD|UM|UNK_Kept,PE,catch,daily_variance,74.200562,week
736E14B6-43E9-4504-B4D7-D35AC0AB1B75,CRM - Roving Creel Project,Drano Lake salmon and steelhead 2024,1,2024-07-29,2024-08-04,31,weekday,Boat,Chinook|Coho|Sockeye_Adult|Jack_AD|UM|UNK_Kept,PE,catch,days_open,5,week
736E14B6-43E9-4504-B4D7-D35AC0AB1B75,CRM - Roving Creel Project,Drano Lake salmon and steelhead 2024,1,2024-07-29,2024-08-04,31,weekday,Boat,Chinook|Coho|Sockeye_Adult|Jack_AD|UM|UNK_Kept,PE,catch,degrees_freedom,26,week
736E14B6-43E9-4504-B4D7-D35AC0AB1B75,CRM - Roving Creel Project,Drano Lake salmon and steelhead 2024,1,2024-07-29,2024-08-04,31,weekday,Boat,Chinook|Coho|Sockeye_Adult|Jack_AD|UM|UNK_Kept,PE,catch,total_catch,42.975,week
736E14B6-43E9-4504-B4D7-D35AC0AB1B75,CRM - Roving Creel Project,Drano Lake salmon and steelhead 2024,1,2024-07-29,2024-08-04,31,weekend,Bank,Chinook|Coho|Sockeye_Adult|Jack_AD|UM|UNK_Kept,PE,catch,number_observations,1,week
736E14B6-43E9-4504-B4D7-D35AC0AB1B75,CRM - Roving Creel Project,Drano Lake salmon and steelhead 2024,1,2024-07-29,2024-08-04,31,weekend,Bank,Chinook|Coho|Sockeye_Adult|Jack_AD|UM|UNK_Kept,PE,catch,daily_mean,0,week
736E14B6-43E9-4504-B4D7-D35AC0AB1B75,CRM - Roving Creel Project,Drano Lake salmon and steelhead 2024,1,2024-07-29,2024-08-04,31,weekend,Bank,Chinook|Coho|Sockeye_Adult|Jack_AD|UM|UNK_Kept,PE,catch,daily_variance,0,week
736E14B6-43E9-4504-B4D7-D35AC0AB1B75,CRM - Roving Creel Project,Drano Lake salmon and steelhead 2024,1,2024-07-29,2024-08-04,31,weekend,Bank,Chinook|Coho|Sockeye_Adult|Jack_AD|UM|UNK_Kept,PE,catch,days_open,2,week
736E14B6-43E9-4504-B4D7-D35AC0AB1B75,CRM - Roving Creel Project,Drano Lake salmon and steelhead 2024,1,2024-07-29,2024-08-04,31,weekend,Bank,Chinook|Coho|Sockeye_Adult|Jack_AD|UM|UNK_Kept,PE,catch,degrees_freedom,26,week
736E14B6-43E9-4504-B4D7-D35AC0AB1B75,CRM - Roving Creel Project,Drano Lake salmon and steelhead 2024,1,2024-07-29,2024-08-04,31,weekend,Bank,Chinook|Coho|Sockeye_Adult|Jack_AD|UM|UNK_Kept,PE,catch,total_catch,0,week
736E14B6-43E9-4504-B4D7-D35AC0AB1B75,CRM - Roving Creel Project,Drano Lake salmon and steelhead 2024,1,2024-07-29,2024-08-04,31,weekend,Boat,Chinook|Coho|Sockeye_Adult|Jack_AD|UM|UNK_Kept,PE,catch,number_observations,2,week
736E14B6-43E9-4504-B4D7-D35AC0AB1B75,CRM - Roving Creel Project,Drano Lake salmon and steelhead 2024,1,2024-07-29,2024-08-04,31,weekend,Boat,Chinook|Coho|Sockeye_Adult|Jack_AD|UM|UNK_Kept,PE,catch,daily_mean,51.506,week
736E14B6-43E9-4504-B4D7-D35AC0AB1B75,CRM - Roving Creel Project,Drano Lake salmon and steelhead 2024,1,2024-07-29,2024-08-04,31,weekend,Boat,Chinook|Coho|Sockeye_Adult|Jack_AD|UM|UNK_Kept,PE,catch,daily_variance,327.52641799999986,week
736E14B6-43E9-4504-B4D7-D35AC0AB1B75,CRM - Roving Creel Project,Drano Lake salmon and steelhead 2024,1,2024-07-29,2024-08-04,31,weekend,Boat,Chinook|Coho|Sockeye_Adult|Jack_AD|UM|UNK_Kept,PE,catch,days_open,2,week
736E14B6-43E9-4504-B4D7-D35AC0AB1B75,CRM - Roving Creel Project,Drano Lake salmon and steelhead 2024,1,2024-07-29,2024-08-04,31,weekend,Boat,Chinook|Coho|Sockeye_Adult|Jack_AD|UM|UNK_Kept,PE,catch,degrees_freedom,26,week
736E14B6-43E9-4504-B4D7-D35AC0AB1B75,CRM - Roving Creel Project,Drano Lake salmon and steelhead 2024,1,2024-07-29,2024-08-04,31,weekend,Boat,Chinook|Coho|Sockeye_Adult|Jack_AD|UM|UNK_Kept,PE,catch,total_catch,103.012,week
736E14B6-43E9-4504-B4D7-D35AC0AB1B75,CRM - Roving Creel Project,Drano Lake salmon and steelhead 2024,1,2024-08-05,2024-08-11,32,weekday,Boat,Chinook|Coho|Sockeye_Adult|Jack_AD|UM|UNK_Kept,PE,catch,number_observations,2,week
736E14B6-43E9-4504-B4D7-D35AC0AB1B75,CRM - Roving Creel Project,Drano Lake salmon and steelhead 2024,1,2024-08-05,2024-08-11,32,weekday,Boat,Chinook|Coho|Sockeye_Adult|Jack_AD|UM|UNK_Kept,PE,catch,daily_mean,13.086,week
736E14B6-43E9-4504-B4D7-D35AC0AB1B75,CRM - Roving Creel Project,Drano Lake salmon and steelhead 2024,1,2024-08-05,2024-08-11,32,weekday,Boat,Chinook|Coho|Sockeye_Adult|Jack_AD|UM|UNK_Kept,PE,catch,daily_variance,342.48679200000004,week
736E14B6-43E9-4504-B4D7-D35AC0AB1B75,CRM - Roving Creel Project,Drano Lake salmon and steelhead 2024,1,2024-08-05,2024-08-11,32,weekday,Boat,Chinook|Coho|Sockeye_Adult|Jack_AD|UM|UNK_Kept,PE,catch,days_open,5,week
736E14B6-43E9-4504-B4D7-D35AC0AB1B75,CRM - Roving Creel Project,Drano Lake salmon and steelhead 2024,1,2024-08-05,2024-08-11,32,weekday,Boat,Chinook|Coho|Sockeye_Adult|Jack_AD|UM|UNK_Kept,PE,catch,degrees_freedom,26,week
736E14B6-43E9-4504-B4D7-D35AC0AB1B75,CRM - Roving Creel Project,Drano Lake salmon and steelhead 2024,1,2024-08-05,2024-08-11,32,weekday,Boat,Chinook|Coho|Sockeye_Adult|Jack_AD|UM|UNK_Kept,PE,catch,total_catch,65.43,week
736E14B6-43E9-4504-B4D7-D35AC0AB1B75,CRM - Roving Creel Project,Drano Lake salmon and steelhead 2024,1,2024-08-05,2024-08-11,32,weekend,Boat,Chinook|Coho|Sockeye_Adult|Jack_AD|UM|UNK_Kept,PE,catch,number_observations,2,week
736E14B6-43E9-4504-B4D7-D35AC0AB1B75,CRM - Roving Creel Project,Drano Lake salmon and steelhead 2024,1,2024-08-05,2024-08-11,32,weekend,Boat,Chinook|Coho|Sockeye_Adult|Jack_AD|UM|UNK_Kept,PE,catch,daily_mean,25.522000000000002,week
736E14B6-43E9-4504-B4D7-D35AC0AB1B75,CRM - Roving Creel Project,Drano Lake salmon and steelhead 2024,1,2024-08-05,2024-08-11,32,weekend,Boat,Chinook|Coho|Sockeye_Adult|Jack_AD|UM|UNK_Kept,PE,catch,daily_variance,1127.6500500000002,week
736E14B6-43E9-4504-B4D7-D35AC0AB1B75,CRM - Roving Creel Project,Drano Lake salmon and steelhead 2024,1,2024-08-05,2024-08-11,32,weekend,Boat,Chinook|Coho|Sockeye_Adult|Jack_AD|UM|UNK_Kept,PE,catch,days_open,2,week
736E14B6-43E9-4504-B4D7-D35AC0AB1B75,CRM - Roving Creel Project,Drano Lake salmon and steelhead 2024,1,2024-08-05,2024-08-11,32,weekend,Boat,Chinook|Coho|Sockeye_Adult|Jack_AD|UM|UNK_Kept,PE,catch,degrees_freedom,26,week
736E14B6-43E9-4504-B4D7-D35AC0AB1B75,CRM - Roving Creel Project,Drano Lake salmon and steelhead 2024,1,2024-08-05,2024-08-11,32,weekend,Boat,Chinook|Coho|Sockeye_Adult|Jack_AD|UM|UNK_Kept,PE,catch,total_catch,51.044000000000004,week
736E14B6-43E9-4504-B4D7-D35AC0AB1B75,CRM - Roving Creel Project,Drano Lake salmon and steelhead 2024,1,2024-08-12,2024-08-18,33,weekday,Boat,Chinook|Coho|Sockeye_Adult|Jack_AD|UM|UNK_Kept,PE,catch,number_observations,2,week
736E14B6-43E9-4504-B4D7-D35AC0AB1B75,CRM - Roving Creel Project,Drano Lake salmon and steelhead 2024,1,2024-08-12,2024-08-18,33,weekday,Boat,Chinook|Coho|Sockeye_Adult|Jack_AD|UM|UNK_Kept,PE,catch,daily_mean,1.9075,week
736E14B6-43E9-4504-B4D7-D35AC0AB1B75,CRM - Roving Creel Project,Drano Lake salmon and steelhead 2024,1,2024-08-12,2024-08-18,33,weekday,Boat,Chinook|Coho|Sockeye_Adult|Jack_AD|UM|UNK_Kept,PE,catch,daily_variance,7.277112499999999,week
736E14B6-43E9-4504-B4D7-D35AC0AB1B75,CRM - Roving Creel Project,Drano Lake salmon and steelhead 2024,1,2024-08-12,2024-08-18,33,weekday,Boat,Chinook|Coho|Sockeye_Adult|Jack_AD|UM|UNK_Kept,PE,catch,days_open,5,week
736E14B6-43E9-4504-B4D7-D35AC0AB1B75,CRM - Roving Creel Project,Drano Lake salmon and steelhead 2024,1,2024-08-12,2024-08-18,33,weekday,Boat,Chinook|Coho|Sockeye_Adult|Jack_AD|UM|UNK_Kept,PE,catch,degrees_freedom,26,week
736E14B6-43E9-4504-B4D7-D35AC0AB1B75,CRM - Roving Creel Project,Drano Lake salmon and steelhead 2024,1,2024-08-12,2024-08-18,33,weekday,Boat,Chinook|Coho|Sockeye_Adult|Jack_AD|UM|UNK_Kept,PE,catch,total_catch,9.5375,week
736E14B6-43E9-4504-B4D7-D35AC0AB1B75,CRM - Roving Creel Project,Drano Lake salmon and steelhead 2024,1,2024-08-12,2024-08-18,33,weekend,Boat,Chinook|Coho|Sockeye_Adult|Jack_AD|UM|UNK_Kept,PE,catch,number_observations,1,week
736E14B6-43E9-4504-B4D7-D35AC0AB1B75,CRM - Roving Creel Project,Drano Lake salmon and steelhead 2024,1,2024-08-12,2024-08-18,33,weekend,Boat,Chinook|Coho|Sockeye_Adult|Jack_AD|UM|UNK_Kept,PE,catch,daily_mean,13.912,week
736E14B6-43E9-4504-B4D7-D35AC0AB1B75,CRM - Roving Creel Project,Drano Lake salmon and steelhead 2024,1,2024-08-12,2024-08-18,33,weekend,Boat,Chinook|Coho|Sockeye_Adult|Jack_AD|UM|UNK_Kept,PE,catch,daily_variance,0,week
736E14B6-43E9-4504-B4D7-D35AC0AB1B75,CRM - Roving Creel Project,Drano Lake salmon and steelhead 2024,1,2024-08-12,2024-08-18,33,weekend,Boat,Chinook|Coho|Sockeye_Adult|Jack_AD|UM|UNK_Kept,PE,catch,days_open,2,week
736E14B6-43E9-4504-B4D7-D35AC0AB1B75,CRM - Roving Creel Project,Drano Lake salmon and steelhead 2024,1,2024-08-12,2024-08-18,33,weekend,Boat,Chinook|Coho|Sockeye_Adult|Jack_AD|UM|UNK_Kept,PE,catch,degrees_freedom,26,week
736E14B6-43E9-4504-B4D7-D35AC0AB1B75,CRM - Roving Creel Project,Drano Lake salmon and steelhead 2024,1,2024-08-12,2024-08-18,33,weekend,Boat,Chinook|Coho|Sockeye_Adult|Jack_AD|UM|UNK_Kept,PE,catch,total_catch,27.824,week
736E14B6-43E9-4504-B4D7-D35AC0AB1B75,CRM - Roving Creel Project,Drano Lake salmon and steelhead 2024,1,2024-08-19,2024-08-25,34,weekday,Boat,Chinook|Coho|Sockeye_Adult|Jack_AD|UM|UNK_Kept,PE,catch,number_observations,2,week
736E14B6-43E9-4504-B4D7-D35AC0AB1B75,CRM - Roving Creel Project,Drano Lake salmon and steelhead 2024,1,2024-08-19,2024-08-25,34,weekday,Boat,Chinook|Coho|Sockeye_Adult|Jack_AD|UM|UNK_Kept,PE,catch,daily_mean,28.346,week
736E14B6-43E9-4504-B4D7-D35AC0AB1B75,CRM - Roving Creel Project,Drano Lake salmon and steelhead 2024,1,2024-08-19,2024-08-25,34,weekday,Boat,Chinook|Coho|Sockeye_Adult|Jack_AD|UM|UNK_Kept,PE,catch,daily_variance,701.0265679999999,week
736E14B6-43E9-4504-B4D7-D35AC0AB1B75,CRM - Roving Creel Project,Drano Lake salmon and steelhead 2024,1,2024-08-19,2024-08-25,34,weekday,Boat,Chinook|Coho|Sockeye_Adult|Jack_AD|UM|UNK_Kept,PE,catch,days_open,5,week
736E14B6-43E9-4504-B4D7-D35AC0AB1B75,CRM - Roving Creel Project,Drano Lake salmon and steelhead 2024,1,2024-08-19,2024-08-25,34,weekday,Boat,Chinook|Coho|Sockeye_Adult|Jack_AD|UM|UNK_Kept,PE,catch,degrees_freedom,26,week
736E14B6-43E9-4504-B4D7-D35AC0AB1B75,CRM - Roving Creel Project,Drano Lake salmon and steelhead 2024,1,2024-08-19,2024-08-25,34,weekday,Boat,Chinook|Coho|Sockeye_Adult|Jack_AD|UM|UNK_Kept,PE,catch,total_catch,141.73,week
736E14B6-43E9-4504-B4D7-D35AC0AB1B75,CRM - Roving Creel Project,Drano Lake salmon and steelhead 2024,1,2024-08-26,2024-09-01,35,weekday,Boat,Chinook|Coho|Sockeye_Adult|Jack_AD|UM|UNK_Kept,PE,catch,number_observations,2,week
736E14B6-43E9-4504-B4D7-D35AC0AB1B75,CRM - Roving Creel Project,Drano Lake salmon and steelhead 2024,1,2024-08-26,2024-09-01,35,weekday,Boat,Chinook|Coho|Sockeye_Adult|Jack_AD|UM|UNK_Kept,PE,catch,daily_mean,30.1935,week
736E14B6-43E9-4504-B4D7-D35AC0AB1B75,CRM - Roving Creel Project,Drano Lake salmon and steelhead 2024,1,2024-08-26,2024-09-01,35,weekday,Boat,Chinook|Coho|Sockeye_Adult|Jack_AD|UM|UNK_Kept,PE,catch,daily_variance,630.5865845000001,week
736E14B6-43E9-4504-B4D7-D35AC0AB1B75,CRM - Roving Creel Project,Drano Lake salmon and steelhead 2024,1,2024-08-26,2024-09-01,35,weekday,Boat,Chinook|Coho|Sockeye_Adult|Jack_AD|UM|UNK_Kept,PE,catch,days_open,5,week
736E14B6-43E9-4504-B4D7-D35AC0AB1B75,CRM - Roving Creel Project,Drano Lake salmon and steelhead 2024,1,2024-08-26,2024-09-01,35,weekday,Boat,Chinook|Coho|Sockeye_Adult|Jack_AD|UM|UNK_Kept,PE,catch,degrees_freedom,26,week
736E14B6-43E9-4504-B4D7-D35AC0AB1B75,CRM - Roving Creel Project,Drano Lake salmon and steelhead 2024,1,2024-08-26,2024-09-01,35,weekday,Boat,Chinook|Coho|Sockeye_Adult|Jack_AD|UM|UNK_Kept,PE,catch,total_catch,150.9675,week
736E14B6-43E9-4504-B4D7-D35AC0AB1B75,CRM - Roving Creel Project,Drano Lake salmon and steelhead 2024,1,2024-08-26,2024-09-01,35,weekend,Bank,Chinook|Coho|Sockeye_Adult|Jack_AD|UM|UNK_Kept,PE,catch,number_observations,1,week
736E14B6-43E9-4504-B4D7-D35AC0AB1B75,CRM - Roving Creel Project,Drano Lake salmon and steelhead 2024,1,2024-08-26,2024-09-01,35,weekend,Bank,Chinook|Coho|Sockeye_Adult|Jack_AD|UM|UNK_Kept,PE,catch,daily_mean,0,week
736E14B6-43E9-4504-B4D7-D35AC0AB1B75,CRM - Roving Creel Project,Drano Lake salmon and steelhead 2024,1,2024-08-26,2024-09-01,35,weekend,Bank,Chinook|Coho|Sockeye_Adult|Jack_AD|UM|UNK_Kept,PE,catch,daily_variance,0,week
736E14B6-43E9-4504-B4D7-D35AC0AB1B75,CRM - Roving Creel Project,Drano Lake salmon and steelhead 2024,1,2024-08-26,2024-09-01,35,weekend,Bank,Chinook|Coho|Sockeye_Adult|Jack_AD|UM|UNK_Kept,PE,catch,days_open,2,week
736E14B6-43E9-4504-B4D7-D35AC0AB1B75,CRM - Roving Creel Project,Drano Lake salmon and steelhead 2024,1,2024-08-26,2024-09-01,35,weekend,Bank,Chinook|Coho|Sockeye_Adult|Jack_AD|UM|UNK_Kept,PE,catch,degrees_freedom,26,week
736E14B6-43E9-4504-B4D7-D35AC0AB1B75,CRM - Roving Creel Project,Drano Lake salmon and steelhead 2024,1,2024-08-26,2024-09-01,35,weekend,Bank,Chinook|Coho|Sockeye_Adult|Jack_AD|UM|UNK_Kept,PE,catch,total_catch,0,week
736E14B6-43E9-4504-B4D7-D35AC0AB1B75,CRM - Roving Creel Project,Drano Lake salmon and steelhead 2024,1,2024-08-26,2024-09-01,35,weekend,Boat,Chinook|Coho|Sockeye_Adult|Jack_AD|UM|UNK_Kept,PE,catch,number_observations,1,week
736E14B6-43E9-4504-B4D7-D35AC0AB1B75,CRM - Roving Creel Project,Drano Lake salmon and steelhead 2024,1,2024-08-26,2024-09-01,35,weekend,Boat,Chinook|Coho|Sockeye_Adult|Jack_AD|UM|UNK_Kept,PE,catch,daily_mean,66.632,week
736E14B6-43E9-4504-B4D7-D35AC0AB1B75,CRM - Roving Creel Project,Drano Lake salmon and steelhead 2024,1,2024-08-26,2024-09-01,35,weekend,Boat,Chinook|Coho|Sockeye_Adult|Jack_AD|UM|UNK_Kept,PE,catch,daily_variance,0,week
736E14B6-43E9-4504-B4D7-D35AC0AB1B75,CRM - Roving Creel Project,Drano Lake salmon and steelhead 2024,1,2024-08-26,2024-09-01,35,weekend,Boat,Chinook|Coho|Sockeye_Adult|Jack_AD|UM|UNK_Kept,PE,catch,days_open,2,week
736E14B6-43E9-4504-B4D7-D35AC0AB1B75,CRM - Roving Creel Project,Drano Lake salmon and steelhead 2024,1,2024-08-26,2024-09-01,35,weekend,Boat,Chinook|Coho|Sockeye_Adult|Jack_AD|UM|UNK_Kept,PE,catch,degrees_freedom,26,week
736E14B6-43E9-4504-B4D7-D35AC0AB1B75,CRM - Roving Creel Project,Drano Lake salmon and steelhead 2024,1,2024-08-26,2024-09-01,35,weekend,Boat,Chinook|Coho|Sockeye_Adult|Jack_AD|UM|UNK_Kept,PE,catch,total_catch,133.264,week
736E14B6-43E9-4504-B4D7-D35AC0AB1B75,CRM - Roving Creel Project,Drano Lake salmon and steelhead 2024,1,2024-09-02,2024-09-08,36,weekday,Boat,Chinook|Coho|Sockeye_Adult|Jack_AD|UM|UNK_Kept,PE,catch,number_observations,1,week
736E14B6-43E9-4504-B4D7-D35AC0AB1B75,CRM - Roving Creel Project,Drano Lake salmon and steelhead 2024,1,2024-09-02,2024-09-08,36,weekday,Boat,Chinook|Coho|Sockeye_Adult|Jack_AD|UM|UNK_Kept,PE,catch,daily_mean,82.805,week
736E14B6-43E9-4504-B4D7-D35AC0AB1B75,CRM - Roving Creel Project,Drano Lake salmon and steelhead 2024,1,2024-09-02,2024-09-08,36,weekday,Boat,Chinook|Coho|Sockeye_Adult|Jack_AD|UM|UNK_Kept,PE,catch,daily_variance,0,week
736E14B6-43E9-4504-B4D7-D35AC0AB1B75,CRM - Roving Creel Project,Drano Lake salmon and steelhead 2024,1,2024-09-02,2024-09-08,36,weekday,Boat,Chinook|Coho|Sockeye_Adult|Jack_AD|UM|UNK_Kept,PE,catch,days_open,4,week
736E14B6-43E9-4504-B4D7-D35AC0AB1B75,CRM - Roving Creel Project,Drano Lake salmon and steelhead 2024,1,2024-09-02,2024-09-08,36,weekday,Boat,Chinook|Coho|Sockeye_Adult|Jack_AD|UM|UNK_Kept,PE,catch,degrees_freedom,26,week
736E14B6-43E9-4504-B4D7-D35AC0AB1B75,CRM - Roving Creel Project,Drano Lake salmon and steelhead 2024,1,2024-09-02,2024-09-08,36,weekday,Boat,Chinook|Coho|Sockeye_Adult|Jack_AD|UM|UNK_Kept,PE,catch,total_catch,331.22,week
736E14B6-43E9-4504-B4D7-D35AC0AB1B75,CRM - Roving Creel Project,Drano Lake salmon and steelhead 2024,1,2024-09-02,2024-09-08,36,weekend,Bank,Chinook|Coho|Sockeye_Adult|Jack_AD|UM|UNK_Kept,PE,catch,number_observations,1,week
736E14B6-43E9-4504-B4D7-D35AC0AB1B75,CRM - Roving Creel Project,Drano Lake salmon and steelhead 2024,1,2024-09-02,2024-09-08,36,weekend,Bank,Chinook|Coho|Sockeye_Adult|Jack_AD|UM|UNK_Kept,PE,catch,daily_mean,0,week
736E14B6-43E9-4504-B4D7-D35AC0AB1B75,CRM - Roving Creel Project,Drano Lake salmon and steelhead 2024,1,2024-09-02,2024-09-08,36,weekend,Bank,Chinook|Coho|Sockeye_Adult|Jack_AD|UM|UNK_Kept,PE,catch,daily_variance,0,week
736E14B6-43E9-4504-B4D7-D35AC0AB1B75,CRM - Roving Creel Project,Drano Lake salmon and steelhead 2024,1,2024-09-02,2024-09-08,36,weekend,Bank,Chinook|Coho|Sockeye_Adult|Jack_AD|UM|UNK_Kept,PE,catch,days_open,3,week
736E14B6-43E9-4504-B4D7-D35AC0AB1B75,CRM - Roving Creel Project,Drano Lake salmon and steelhead 2024,1,2024-09-02,2024-09-08,36,weekend,Bank,Chinook|Coho|Sockeye_Adult|Jack_AD|UM|UNK_Kept,PE,catch,degrees_freedom,26,week
736E14B6-43E9-4504-B4D7-D35AC0AB1B75,CRM - Roving Creel Project,Drano Lake salmon and steelhead 2024,1,2024-09-02,2024-09-08,36,weekend,Bank,Chinook|Coho|Sockeye_Adult|Jack_AD|UM|UNK_Kept,PE,catch,total_catch,0,week
736E14B6-43E9-4504-B4D7-D35AC0AB1B75,CRM - Roving Creel Project,Drano Lake salmon and steelhead 2024,1,2024-09-02,2024-09-08,36,weekend,Boat,Chinook|Coho|Sockeye_Adult|Jack_AD|UM|UNK_Kept,PE,catch,number_observations,2,week
736E14B6-43E9-4504-B4D7-D35AC0AB1B75,CRM - Roving Creel Project,Drano Lake salmon and steelhead 2024,1,2024-09-02,2024-09-08,36,weekend,Boat,Chinook|Coho|Sockeye_Adult|Jack_AD|UM|UNK_Kept,PE,catch,daily_mean,166.853,week
736E14B6-43E9-4504-B4D7-D35AC0AB1B75,CRM - Roving Creel Project,Drano Lake salmon and steelhead 2024,1,2024-09-02,2024-09-08,36,weekend,Boat,Chinook|Coho|Sockeye_Adult|Jack_AD|UM|UNK_Kept,PE,catch,daily_variance,31225.005,week
736E14B6-43E9-4504-B4D7-D35AC0AB1B75,CRM - Roving Creel Project,Drano Lake salmon and steelhead 2024,1,2024-09-02,2024-09-08,36,weekend,Boat,Chinook|Coho|Sockeye_Adult|Jack_AD|UM|UNK_Kept,PE,catch,days_open,3,week
736E14B6-43E9-4504-B4D7-D35AC0AB1B75,CRM - Roving Creel Project,Drano Lake salmon and steelhead 2024,1,2024-09-02,2024-09-08,36,weekend,Boat,Chinook|Coho|Sockeye_Adult|Jack_AD|UM|UNK_Kept,PE,catch,degrees_freedom,26,week
736E14B6-43E9-4504-B4D7-D35AC0AB1B75,CRM - Roving Creel Project,Drano Lake salmon and steelhead 2024,1,2024-09-02,2024-09-08,36,weekend,Boat,Chinook|Coho|Sockeye_Adult|Jack_AD|UM|UNK_Kept,PE,catch,total_catch,500.559,week
736E14B6-43E9-4504-B4D7-D35AC0AB1B75,CRM - Roving Creel Project,Drano Lake salmon and steelhead 2024,1,2024-09-09,2024-09-15,37,weekday,Boat,Chinook|Coho|Sockeye_Adult|Jack_AD|UM|UNK_Kept,PE,catch,number_observations,2,week
736E14B6-43E9-4504-B4D7-D35AC0AB1B75,CRM - Roving Creel Project,Drano Lake salmon and steelhead 2024,1,2024-09-09,2024-09-15,37,weekday,Boat,Chinook|Coho|Sockeye_Adult|Jack_AD|UM|UNK_Kept,PE,catch,daily_mean,129.9765,week
736E14B6-43E9-4504-B4D7-D35AC0AB1B75,CRM - Roving Creel Project,Drano Lake salmon and steelhead 2024,1,2024-09-09,2024-09-15,37,weekday,Boat,Chinook|Coho|Sockeye_Adult|Jack_AD|UM|UNK_Kept,PE,catch,daily_variance,7577.420512499999,week
736E14B6-43E9-4504-B4D7-D35AC0AB1B75,CRM - Roving Creel Project,Drano Lake salmon and steelhead 2024,1,2024-09-09,2024-09-15,37,weekday,Boat,Chinook|Coho|Sockeye_Adult|Jack_AD|UM|UNK_Kept,PE,catch,days_open,5,week
736E14B6-43E9-4504-B4D7-D35AC0AB1B75,CRM - Roving Creel Project,Drano Lake salmon and steelhead 2024,1,2024-09-09,2024-09-15,37,weekday,Boat,Chinook|Coho|Sockeye_Adult|Jack_AD|UM|UNK_Kept,PE,catch,degrees_freedom,26,week
736E14B6-43E9-4504-B4D7-D35AC0AB1B75,CRM - Roving Creel Project,Drano Lake salmon and steelhead 2024,1,2024-09-09,2024-09-15,37,weekday,Boat,Chinook|Coho|Sockeye_Adult|Jack_AD|UM|UNK_Kept,PE,catch,total_catch,649.8824999999999,week
736E14B6-43E9-4504-B4D7-D35AC0AB1B75,CRM - Roving Creel Project,Drano Lake salmon and steelhead 2024,1,2024-09-09,2024-09-15,37,weekend,Boat,Chinook|Coho|Sockeye_Adult|Jack_AD|UM|UNK_Kept,PE,catch,number_observations,2,week
736E14B6-43E9-4504-B4D7-D35AC0AB1B75,CRM - Roving Creel Project,Drano Lake salmon and steelhead 2024,1,2024-09-09,2024-09-15,37,weekend,Boat,Chinook|Coho|Sockeye_Adult|Jack_AD|UM|UNK_Kept,PE,catch,daily_mean,55.992000000000004,week
736E14B6-43E9-4504-B4D7-D35AC0AB1B75,CRM - Roving Creel Project,Drano Lake salmon and steelhead 2024,1,2024-09-09,2024-09-15,37,weekend,Boat,Chinook|Coho|Sockeye_Adult|Jack_AD|UM|UNK_Kept,PE,catch,daily_variance,614.95245,week
736E14B6-43E9-4504-B4D7-D35AC0AB1B75,CRM - Roving Creel Project,Drano Lake salmon and steelhead 2024,1,2024-09-09,2024-09-15,37,weekend,Boat,Chinook|Coho|Sockeye_Adult|Jack_AD|UM|UNK_Kept,PE,catch,days_open,2,week
736E14B6-43E9-4504-B4D7-D35AC0AB1B75,CRM - Roving Creel Project,Drano Lake salmon and steelhead 2024,1,2024-09-09,2024-09-15,37,weekend,Boat,Chinook|Coho|Sockeye_Adult|Jack_AD|UM|UNK_Kept,PE,catch,degrees_freedom,26,week
736E14B6-43E9-4504-B4D7-D35AC0AB1B75,CRM - Roving Creel Project,Drano Lake salmon and steelhead 2024,1,2024-09-09,2024-09-15,37,weekend,Boat,Chinook|Coho|Sockeye_Adult|Jack_AD|UM|UNK_Kept,PE,catch,total_catch,111.98400000000001,week
736E14B6-43E9-4504-B4D7-D35AC0AB1B75,CRM - Roving Creel Project,Drano Lake salmon and steelhead 2024,1,2024-09-16,2024-09-22,38,weekday,Boat,Chinook|Coho|Sockeye_Adult|Jack_AD|UM|UNK_Kept,PE,catch,number_observations,2,week
736E14B6-43E9-4504-B4D7-D35AC0AB1B75,CRM - Roving Creel Project,Drano Lake salmon and steelhead 2024,1,2024-09-16,2024-09-22,38,weekday,Boat,Chinook|Coho|Sockeye_Adult|Jack_AD|UM|UNK_Kept,PE,catch,daily_mean,163.841,week
736E14B6-43E9-4504-B4D7-D35AC0AB1B75,CRM - Roving Creel Project,Drano Lake salmon and steelhead 2024,1,2024-09-16,2024-09-22,38,weekday,Boat,Chinook|Coho|Sockeye_Adult|Jack_AD|UM|UNK_Kept,PE,catch,daily_variance,410.7551220000002,week
736E14B6-43E9-4504-B4D7-D35AC0AB1B75,CRM - Roving Creel Project,Drano Lake salmon and steelhead 2024,1,2024-09-16,2024-09-22,38,weekday,Boat,Chinook|Coho|Sockeye_Adult|Jack_AD|UM|UNK_Kept,PE,catch,days_open,5,week
736E14B6-43E9-4504-B4D7-D35AC0AB1B75,CRM - Roving Creel Project,Drano Lake salmon and steelhead 2024,1,2024-09-16,2024-09-22,38,weekday,Boat,Chinook|Coho|Sockeye_Adult|Jack_AD|UM|UNK_Kept,PE,catch,degrees_freedom,26,week
736E14B6-43E9-4504-B4D7-D35AC0AB1B75,CRM - Roving Creel Project,Drano Lake salmon and steelhead 2024,1,2024-09-16,2024-09-22,38,weekday,Boat,Chinook|Coho|Sockeye_Adult|Jack_AD|UM|UNK_Kept,PE,catch,total_catch,819.205,week
736E14B6-43E9-4504-B4D7-D35AC0AB1B75,CRM - Roving Creel Project,Drano Lake salmon and steelhead 2024,1,2024-09-16,2024-09-22,38,weekend,Boat,Chinook|Coho|Sockeye_Adult|Jack_AD|UM|UNK_Kept,PE,catch,number_observations,2,week
736E14B6-43E9-4504-B4D7-D35AC0AB1B75,CRM - Roving Creel Project,Drano Lake salmon and steelhead 2024,1,2024-09-16,2024-09-22,38,weekend,Boat,Chinook|Coho|Sockeye_Adult|Jack_AD|UM|UNK_Kept,PE,catch,daily_mean,90.0585,week
736E14B6-43E9-4504-B4D7-D35AC0AB1B75,CRM - Roving Creel Project,Drano Lake salmon and steelhead 2024,1,2024-09-16,2024-09-22,38,weekend,Boat,Chinook|Coho|Sockeye_Adult|Jack_AD|UM|UNK_Kept,PE,catch,daily_variance,7144.308112499999,week
736E14B6-43E9-4504-B4D7-D35AC0AB1B75,CRM - Roving Creel Project,Drano Lake salmon and steelhead 2024,1,2024-09-16,2024-09-22,38,weekend,Boat,Chinook|Coho|Sockeye_Adult|Jack_AD|UM|UNK_Kept,PE,catch,days_open,2,week
736E14B6-43E9-4504-B4D7-D35AC0AB1B75,CRM - Roving Creel Project,Drano Lake salmon and steelhead 2024,1,2024-09-16,2024-09-22,38,weekend,Boat,Chinook|Coho|Sockeye_Adult|Jack_AD|UM|UNK_Kept,PE,catch,degrees_freedom,26,week
736E14B6-43E9-4504-B4D7-D35AC0AB1B75,CRM - Roving Creel Project,Drano Lake salmon and steelhead 2024,1,2024-09-16,2024-09-22,38,weekend,Boat,Chinook|Coho|Sockeye_Adult|Jack_AD|UM|UNK_Kept,PE,catch,total_catch,180.117,week
736E14B6-43E9-4504-B4D7-D35AC0AB1B75,CRM - Roving Creel Project,Drano Lake salmon and steelhead 2024,1,2024-09-23,2024-09-29,39,weekday,Boat,Chinook|Coho|Sockeye_Adult|Jack_AD|UM|UNK_Kept,PE,catch,number_observations,2,week
736E14B6-43E9-4504-B4D7-D35AC0AB1B75,CRM - Roving Creel Project,Drano Lake salmon and steelhead 2024,1,2024-09-23,2024-09-29,39,weekday,Boat,Chinook|Coho|Sockeye_Adult|Jack_AD|UM|UNK_Kept,PE,catch,daily_mean,68.0735,week
736E14B6-43E9-4504-B4D7-D35AC0AB1B75,CRM - Roving Creel Project,Drano Lake salmon and steelhead 2024,1,2024-09-23,2024-09-29,39,weekday,Boat,Chinook|Coho|Sockeye_Adult|Jack_AD|UM|UNK_Kept,PE,catch,daily_variance,240.92320050000018,week
736E14B6-43E9-4504-B4D7-D35AC0AB1B75,CRM - Roving Creel Project,Drano Lake salmon and steelhead 2024,1,2024-09-23,2024-09-29,39,weekday,Boat,Chinook|Coho|Sockeye_Adult|Jack_AD|UM|UNK_Kept,PE,catch,days_open,5,week
736E14B6-43E9-4504-B4D7-D35AC0AB1B75,CRM - Roving Creel Project,Drano Lake salmon and steelhead 2024,1,2024-09-23,2024-09-29,39,weekday,Boat,Chinook|Coho|Sockeye_Adult|Jack_AD|UM|UNK_Kept,PE,catch,degrees_freedom,26,week
736E14B6-43E9-4504-B4D7-D35AC0AB1B75,CRM - Roving Creel Project,Drano Lake salmon and steelhead 2024,1,2024-09-23,2024-09-29,39,weekday,Boat,Chinook|Coho|Sockeye_Adult|Jack_AD|UM|UNK_Kept,PE,catch,total_catch,340.36749999999995,week
736E14B6-43E9-4504-B4D7-D35AC0AB1B75,CRM - Roving Creel Project,Drano Lake salmon and steelhead 2024,1,2024-09-23,2024-09-29,39,weekend,Boat,Chinook|Coho|Sockeye_Adult|Jack_AD|UM|UNK_Kept,PE,catch,number_observations,2,week
736E14B6-43E9-4504-B4D7-D35AC0AB1B75,CRM - Roving Creel Project,Drano Lake salmon and steelhead 2024,1,2024-09-23,2024-09-29,39,weekend,Boat,Chinook|Coho|Sockeye_Adult|Jack_AD|UM|UNK_Kept,PE,catch,daily_mean,65.2785,week
736E14B6-43E9-4504-B4D7-D35AC0AB1B75,CRM - Roving Creel Project,Drano Lake salmon and steelhead 2024,1,2024-09-23,2024-09-29,39,weekend,Boat,Chinook|Coho|Sockeye_Adult|Jack_AD|UM|UNK_Kept,PE,catch,daily_variance,2733.3399845,week
736E14B6-43E9-4504-B4D7-D35AC0AB1B75,CRM - Roving Creel Project,Drano Lake salmon and steelhead 2024,1,2024-09-23,2024-09-29,39,weekend,Boat,Chinook|Coho|Sockeye_Adult|Jack_AD|UM|UNK_Kept,PE,catch,days_open,2,week
736E14B6-43E9-4504-B4D7-D35AC0AB1B75,CRM - Roving Creel Project,Drano Lake salmon and steelhead 2024,1,2024-09-23,2024-09-29,39,weekend,Boat,Chinook|Coho|Sockeye_Adult|Jack_AD|UM|UNK_Kept,PE,catch,degrees_freedom,26,week
736E14B6-43E9-4504-B4D7-D35AC0AB1B75,CRM - Roving Creel Project,Drano Lake salmon and steelhead 2024,1,2024-09-23,2024-09-29,39,weekend,Boat,Chinook|Coho|Sockeye_Adult|Jack_AD|UM|UNK_Kept,PE,catch,total_catch,130.557,week
736E14B6-43E9-4504-B4D7-D35AC0AB1B75,CRM - Roving Creel Project,Drano Lake salmon and steelhead 2024,1,2024-09-30,2024-10-06,40,weekday,Bank,Chinook|Coho|Sockeye_Adult|Jack_AD|UM|UNK_Kept,PE,catch,number_observations,2,week
736E14B6-43E9-4504-B4D7-D35AC0AB1B75,CRM - Roving Creel Project,Drano Lake salmon and steelhead 2024,1,2024-09-30,2024-10-06,40,weekday,Bank,Chinook|Coho|Sockeye_Adult|Jack_AD|UM|UNK_Kept,PE,catch,daily_mean,0,week
736E14B6-43E9-4504-B4D7-D35AC0AB1B75,CRM - Roving Creel Project,Drano Lake salmon and steelhead 2024,1,2024-09-30,2024-10-06,40,weekday,Bank,Chinook|Coho|Sockeye_Adult|Jack_AD|UM|UNK_Kept,PE,catch,daily_variance,0,week
736E14B6-43E9-4504-B4D7-D35AC0AB1B75,CRM - Roving Creel Project,Drano Lake salmon and steelhead 2024,1,2024-09-30,2024-10-06,40,weekday,Bank,Chinook|Coho|Sockeye_Adult|Jack_AD|UM|UNK_Kept,PE,catch,days_open,4,week
736E14B6-43E9-4504-B4D7-D35AC0AB1B75,CRM - Roving Creel Project,Drano Lake salmon and steelhead 2024,1,2024-09-30,2024-10-06,40,weekday,Bank,Chinook|Coho|Sockeye_Adult|Jack_AD|UM|UNK_Kept,PE,catch,degrees_freedom,26,week
736E14B6-43E9-4504-B4D7-D35AC0AB1B75,CRM - Roving Creel Project,Drano Lake salmon and steelhead 2024,1,2024-09-30,2024-10-06,40,weekday,Bank,Chinook|Coho|Sockeye_Adult|Jack_AD|UM|UNK_Kept,PE,catch,total_catch,0,week
736E14B6-43E9-4504-B4D7-D35AC0AB1B75,CRM - Roving Creel Project,Drano Lake salmon and steelhead 2024,1,2024-09-30,2024-10-06,40,weekday,Boat,Chinook|Coho|Sockeye_Adult|Jack_AD|UM|UNK_Kept,PE,catch,number_observations,2,week
736E14B6-43E9-4504-B4D7-D35AC0AB1B75,CRM - Roving Creel Project,Drano Lake salmon and steelhead 2024,1,2024-09-30,2024-10-06,40,weekday,Boat,Chinook|Coho|Sockeye_Adult|Jack_AD|UM|UNK_Kept,PE,catch,daily_mean,42.016,week
736E14B6-43E9-4504-B4D7-D35AC0AB1B75,CRM - Roving Creel Project,Drano Lake salmon and steelhead 2024,1,2024-09-30,2024-10-06,40,weekday,Boat,Chinook|Coho|Sockeye_Adult|Jack_AD|UM|UNK_Kept,PE,catch,daily_variance,184.32000000000005,week
736E14B6-43E9-4504-B4D7-D35AC0AB1B75,CRM - Roving Creel Project,Drano Lake salmon and steelhead 2024,1,2024-09-30,2024-10-06,40,weekday,Boat,Chinook|Coho|Sockeye_Adult|Jack_AD|UM|UNK_Kept,PE,catch,days_open,4,week
736E14B6-43E9-4504-B4D7-D35AC0AB1B75,CRM - Roving Creel Project,Drano Lake salmon and steelhead 2024,1,2024-09-30,2024-10-06,40,weekday,Boat,Chinook|Coho|Sockeye_Adult|Jack_AD|UM|UNK_Kept,PE,catch,degrees_freedom,26,week
736E14B6-43E9-4504-B4D7-D35AC0AB1B75,CRM - Roving Creel Project,Drano Lake salmon and steelhead 2024,1,2024-09-30,2024-10-06,40,weekday,Boat,Chinook|Coho|Sockeye_Adult|Jack_AD|UM|UNK_Kept,PE,catch,total_catch,168.064,week
736E14B6-43E9-4504-B4D7-D35AC0AB1B75,CRM - Roving Creel Project,Drano Lake salmon and steelhead 2024,1,2024-09-30,2024-10-06,40,weekend,Bank,Chinook|Coho|Sockeye_Adult|Jack_AD|UM|UNK_Kept,PE,catch,number_observations,1,week
736E14B6-43E9-4504-B4D7-D35AC0AB1B75,CRM - Roving Creel Project,Drano Lake salmon and steelhead 2024,1,2024-09-30,2024-10-06,40,weekend,Bank,Chinook|Coho|Sockeye_Adult|Jack_AD|UM|UNK_Kept,PE,catch,daily_mean,0,week
736E14B6-43E9-4504-B4D7-D35AC0AB1B75,CRM - Roving Creel Project,Drano Lake salmon and steelhead 2024,1,2024-09-30,2024-10-06,40,weekend,Bank,Chinook|Coho|Sockeye_Adult|Jack_AD|UM|UNK_Kept,PE,catch,daily_variance,0,week
736E14B6-43E9-4504-B4D7-D35AC0AB1B75,CRM - Roving Creel Project,Drano Lake salmon and steelhead 2024,1,2024-09-30,2024-10-06,40,weekend,Bank,Chinook|Coho|Sockeye_Adult|Jack_AD|UM|UNK_Kept,PE,catch,days_open,2,week
736E14B6-43E9-4504-B4D7-D35AC0AB1B75,CRM - Roving Creel Project,Drano Lake salmon and steelhead 2024,1,2024-09-30,2024-10-06,40,weekend,Bank,Chinook|Coho|Sockeye_Adult|Jack_AD|UM|UNK_Kept,PE,catch,degrees_freedom,26,week
736E14B6-43E9-4504-B4D7-D35AC0AB1B75,CRM - Roving Creel Project,Drano Lake salmon and steelhead 2024,1,2024-09-30,2024-10-06,40,weekend,Bank,Chinook|Coho|Sockeye_Adult|Jack_AD|UM|UNK_Kept,PE,catch,total_catch,0,week
736E14B6-43E9-4504-B4D7-D35AC0AB1B75,CRM - Roving Creel Project,Drano Lake salmon and steelhead 2024,1,2024-09-30,2024-10-06,40,weekend,Boat,Chinook|Coho|Sockeye_Adult|Jack_AD|UM|UNK_Kept,PE,catch,number_observations,2,week
736E14B6-43E9-4504-B4D7-D35AC0AB1B75,CRM - Roving Creel Project,Drano Lake salmon and steelhead 2024,1,2024-09-30,2024-10-06,40,weekend,Boat,Chinook|Coho|Sockeye_Adult|Jack_AD|UM|UNK_Kept,PE,catch,daily_mean,38.811499999999995,week
736E14B6-43E9-4504-B4D7-D35AC0AB1B75,CRM - Roving Creel Project,Drano Lake salmon and steelhead 2024,1,2024-09-30,2024-10-06,40,weekend,Boat,Chinook|Coho|Sockeye_Adult|Jack_AD|UM|UNK_Kept,PE,catch,daily_variance,434.0931124999999,week
736E14B6-43E9-4504-B4D7-D35AC0AB1B75,CRM - Roving Creel Project,Drano Lake salmon and steelhead 2024,1,2024-09-30,2024-10-06,40,weekend,Boat,Chinook|Coho|Sockeye_Adult|Jack_AD|UM|UNK_Kept,PE,catch,days_open,2,week
736E14B6-43E9-4504-B4D7-D35AC0AB1B75,CRM - Roving Creel Project,Drano Lake salmon and steelhead 2024,1,2024-09-30,2024-10-06,40,weekend,Boat,Chinook|Coho|Sockeye_Adult|Jack_AD|UM|UNK_Kept,PE,catch,degrees_freedom,26,week
736E14B6-43E9-4504-B4D7-D35AC0AB1B75,CRM - Roving Creel Project,Drano Lake salmon and steelhead 2024,1,2024-09-30,2024-10-06,40,weekend,Boat,Chinook|Coho|Sockeye_Adult|Jack_AD|UM|UNK_Kept,PE,catch,total_catch,77.62299999999999,week
736E14B6-43E9-4504-B4D7-D35AC0AB1B75,CRM - Roving Creel Project,Drano Lake salmon and steelhead 2024,1,2024-10-07,2024-10-13,41,weekday,Bank,Chinook|Coho|Sockeye_Adult|Jack_AD|UM|UNK_Kept,PE,catch,number_observations,1,week
736E14B6-43E9-4504-B4D7-D35AC0AB1B75,CRM - Roving Creel Project,Drano Lake salmon and steelhead 2024,1,2024-10-07,2024-10-13,41,weekday,Bank,Chinook|Coho|Sockeye_Adult|Jack_AD|UM|UNK_Kept,PE,catch,daily_mean,1.525,week
736E14B6-43E9-4504-B4D7-D35AC0AB1B75,CRM - Roving Creel Project,Drano Lake salmon and steelhead 2024,1,2024-10-07,2024-10-13,41,weekday,Bank,Chinook|Coho|Sockeye_Adult|Jack_AD|UM|UNK_Kept,PE,catch,daily_variance,0,week
736E14B6-43E9-4504-B4D7-D35AC0AB1B75,CRM - Roving Creel Project,Drano Lake salmon and steelhead 2024,1,2024-10-07,2024-10-13,41,weekday,Bank,Chinook|Coho|Sockeye_Adult|Jack_AD|UM|UNK_Kept,PE,catch,days_open,4,week
736E14B6-43E9-4504-B4D7-D35AC0AB1B75,CRM - Roving Creel Project,Drano Lake salmon and steelhead 2024,1,2024-10-07,2024-10-13,41,weekday,Bank,Chinook|Coho|Sockeye_Adult|Jack_AD|UM|UNK_Kept,PE,catch,degrees_freedom,26,week
736E14B6-43E9-4504-B4D7-D35AC0AB1B75,CRM - Roving Creel Project,Drano Lake salmon and steelhead 2024,1,2024-10-07,2024-10-13,41,weekday,Bank,Chinook|Coho|Sockeye_Adult|Jack_AD|UM|UNK_Kept,PE,catch,total_catch,6.1,week
736E14B6-43E9-4504-B4D7-D35AC0AB1B75,CRM - Roving Creel Project,Drano Lake salmon and steelhead 2024,1,2024-10-07,2024-10-13,41,weekday,Boat,Chinook|Coho|Sockeye_Adult|Jack_AD|UM|UNK_Kept,PE,catch,number_observations,2,week
736E14B6-43E9-4504-B4D7-D35AC0AB1B75,CRM - Roving Creel Project,Drano Lake salmon and steelhead 2024,1,2024-10-07,2024-10-13,41,weekday,Boat,Chinook|Coho|Sockeye_Adult|Jack_AD|UM|UNK_Kept,PE,catch,daily_mean,51.5205,week
736E14B6-43E9-4504-B4D7-D35AC0AB1B75,CRM - Roving Creel Project,Drano Lake salmon and steelhead 2024,1,2024-10-07,2024-10-13,41,weekday,Boat,Chinook|Coho|Sockeye_Adult|Jack_AD|UM|UNK_Kept,PE,catch,daily_variance,3981.0856804999994,week
736E14B6-43E9-4504-B4D7-D35AC0AB1B75,CRM - Roving Creel Project,Drano Lake salmon and steelhead 2024,1,2024-10-07,2024-10-13,41,weekday,Boat,Chinook|Coho|Sockeye_Adult|Jack_AD|UM|UNK_Kept,PE,catch,days_open,4,week
736E14B6-43E9-4504-B4D7-D35AC0AB1B75,CRM - Roving Creel Project,Drano Lake salmon and steelhead 2024,1,2024-10-07,2024-10-13,41,weekday,Boat,Chinook|Coho|Sockeye_Adult|Jack_AD|UM|UNK_Kept,PE,catch,degrees_freedom,26,week
736E14B6-43E9-4504-B4D7-D35AC0AB1B75,CRM - Roving Creel Project,Drano Lake salmon and steelhead 2024,1,2024-10-07,2024-10-13,41,weekday,Boat,Chinook|Coho|Sockeye_Adult|Jack_AD|UM|UNK_Kept,PE,catch,total_catch,206.082,week
736E14B6-43E9-4504-B4D7-D35AC0AB1B75,CRM - Roving Creel Project,Drano Lake salmon and steelhead 2024,1,2024-10-07,2024-10-13,41,weekend,Boat,Chinook|Coho|Sockeye_Adult|Jack_AD|UM|UNK_Kept,PE,catch,number_observations,2,week
736E14B6-43E9-4504-B4D7-D35AC0AB1B75,CRM - Roving Creel Project,Drano Lake salmon and steelhead 2024,1,2024-10-07,2024-10-13,41,weekend,Boat,Chinook|Coho|Sockeye_Adult|Jack_AD|UM|UNK_Kept,PE,catch,daily_mean,45.1805,week
736E14B6-43E9-4504-B4D7-D35AC0AB1B75,CRM - Roving Creel Project,Drano Lake salmon and steelhead 2024,1,2024-10-07,2024-10-13,41,weekend,Boat,Chinook|Coho|Sockeye_Adult|Jack_AD|UM|UNK_Kept,PE,catch,daily_variance,243.69696449999995,week
736E14B6-43E9-4504-B4D7-D35AC0AB1B75,CRM - Roving Creel Project,Drano Lake salmon and steelhead 2024,1,2024-10-07,2024-10-13,41,weekend,Boat,Chinook|Coho|Sockeye_Adult|Jack_AD|UM|UNK_Kept,PE,catch,days_open,2,week
736E14B6-43E9-4504-B4D7-D35AC0AB1B75,CRM - Roving Creel Project,Drano Lake salmon and steelhead 2024,1,2024-10-07,2024-10-13,41,weekend,Boat,Chinook|Coho|Sockeye_Adult|Jack_AD|UM|UNK_Kept,PE,catch,degrees_freedom,26,week
736E14B6-43E9-4504-B4D7-D35AC0AB1B75,CRM - Roving Creel Project,Drano Lake salmon and steelhead 2024,1,2024-10-07,2024-10-13,41,weekend,Boat,Chinook|Coho|Sockeye_Adult|Jack_AD|UM|UNK_Kept,PE,catch,total_catch,90.361,week
736E14B6-43E9-4504-B4D7-D35AC0AB1B75,CRM - Roving Creel Project,Drano Lake salmon and steelhead 2024,1,2024-10-14,2024-10-20,42,weekday,Bank,Chinook|Coho|Sockeye_Adult|Jack_AD|UM|UNK_Kept,PE,catch,number_observations,1,week
736E14B6-43E9-4504-B4D7-D35AC0AB1B75,CRM - Roving Creel Project,Drano Lake salmon and steelhead 2024,1,2024-10-14,2024-10-20,42,weekday,Bank,Chinook|Coho|Sockeye_Adult|Jack_AD|UM|UNK_Kept,PE,catch,daily_mean,2.075,week
736E14B6-43E9-4504-B4D7-D35AC0AB1B75,CRM - Roving Creel Project,Drano Lake salmon and steelhead 2024,1,2024-10-14,2024-10-20,42,weekday,Bank,Chinook|Coho|Sockeye_Adult|Jack_AD|UM|UNK_Kept,PE,catch,daily_variance,0,week
736E14B6-43E9-4504-B4D7-D35AC0AB1B75,CRM - Roving Creel Project,Drano Lake salmon and steelhead 2024,1,2024-10-14,2024-10-20,42,weekday,Bank,Chinook|Coho|Sockeye_Adult|Jack_AD|UM|UNK_Kept,PE,catch,days_open,4,week
736E14B6-43E9-4504-B4D7-D35AC0AB1B75,CRM - Roving Creel Project,Drano Lake salmon and steelhead 2024,1,2024-10-14,2024-10-20,42,weekday,Bank,Chinook|Coho|Sockeye_Adult|Jack_AD|UM|UNK_Kept,PE,catch,degrees_freedom,26,week
736E14B6-43E9-4504-B4D7-D35AC0AB1B75,CRM - Roving Creel Project,Drano Lake salmon and steelhead 2024,1,2024-10-14,2024-10-20,42,weekday,Bank,Chinook|Coho|Sockeye_Adult|Jack_AD|UM|UNK_Kept,PE,catch,total_catch,8.3,week
736E14B6-43E9-4504-B4D7-D35AC0AB1B75,CRM - Roving Creel Project,Drano Lake salmon and steelhead 2024,1,2024-10-14,2024-10-20,42,weekday,Boat,Chinook|Coho|Sockeye_Adult|Jack_AD|UM|UNK_Kept,PE,catch,number_observations,1,week
736E14B6-43E9-4504-B4D7-D35AC0AB1B75,CRM - Roving Creel Project,Drano Lake salmon and steelhead 2024,1,2024-10-14,2024-10-20,42,weekday,Boat,Chinook|Coho|Sockeye_Adult|Jack_AD|UM|UNK_Kept,PE,catch,daily_mean,9.737,week
736E14B6-43E9-4504-B4D7-D35AC0AB1B75,CRM - Roving Creel Project,Drano Lake salmon and steelhead 2024,1,2024-10-14,2024-10-20,42,weekday,Boat,Chinook|Coho|Sockeye_Adult|Jack_AD|UM|UNK_Kept,PE,catch,daily_variance,0,week
736E14B6-43E9-4504-B4D7-D35AC0AB1B75,CRM - Roving Creel Project,Drano Lake salmon and steelhead 2024,1,2024-10-14,2024-10-20,42,weekday,Boat,Chinook|Coho|Sockeye_Adult|Jack_AD|UM|UNK_Kept,PE,catch,days_open,4,week
736E14B6-43E9-4504-B4D7-D35AC0AB1B75,CRM - Roving Creel Project,Drano Lake salmon and steelhead 2024,1,2024-10-14,2024-10-20,42,weekday,Boat,Chinook|Coho|Sockeye_Adult|Jack_AD|UM|UNK_Kept,PE,catch,degrees_freedom,26,week
736E14B6-43E9-4504-B4D7-D35AC0AB1B75,CRM - Roving Creel Project,Drano Lake salmon and steelhead 2024,1,2024-10-14,2024-10-20,42,weekday,Boat,Chinook|Coho|Sockeye_Adult|Jack_AD|UM|UNK_Kept,PE,catch,total_catch,38.948,week
736E14B6-43E9-4504-B4D7-D35AC0AB1B75,CRM - Roving Creel Project,Drano Lake salmon and steelhead 2024,1,2024-10-14,2024-10-20,42,weekend,Bank,Chinook|Coho|Sockeye_Adult|Jack_AD|UM|UNK_Kept,PE,catch,number_observations,1,week
736E14B6-43E9-4504-B4D7-D35AC0AB1B75,CRM - Roving Creel Project,Drano Lake salmon and steelhead 2024,1,2024-10-14,2024-10-20,42,weekend,Bank,Chinook|Coho|Sockeye_Adult|Jack_AD|UM|UNK_Kept,PE,catch,daily_mean,0,week
736E14B6-43E9-4504-B4D7-D35AC0AB1B75,CRM - Roving Creel Project,Drano Lake salmon and steelhead 2024,1,2024-10-14,2024-10-20,42,weekend,Bank,Chinook|Coho|Sockeye_Adult|Jack_AD|UM|UNK_Kept,PE,catch,daily_variance,0,week
736E14B6-43E9-4504-B4D7-D35AC0AB1B75,CRM - Roving Creel Project,Drano Lake salmon and steelhead 2024,1,2024-10-14,2024-10-20,42,weekend,Bank,Chinook|Coho|Sockeye_Adult|Jack_AD|UM|UNK_Kept,PE,catch,days_open,2,week
736E14B6-43E9-4504-B4D7-D35AC0AB1B75,CRM - Roving Creel Project,Drano Lake salmon and steelhead 2024,1,2024-10-14,2024-10-20,42,weekend,Bank,Chinook|Coho|Sockeye_Adult|Jack_AD|UM|UNK_Kept,PE,catch,degrees_freedom,26,week
736E14B6-43E9-4504-B4D7-D35AC0AB1B75,CRM - Roving Creel Project,Drano Lake salmon and steelhead 2024,1,2024-10-14,2024-10-20,42,weekend,Bank,Chinook|Coho|Sockeye_Adult|Jack_AD|UM|UNK_Kept,PE,catch,total_catch,0,week
736E14B6-43E9-4504-B4D7-D35AC0AB1B75,CRM - Roving Creel Project,Drano Lake salmon and steelhead 2024,1,2024-10-14,2024-10-20,42,weekend,Boat,Chinook|Coho|Sockeye_Adult|Jack_AD|UM|UNK_Kept,PE,catch,number_observations,2,week
736E14B6-43E9-4504-B4D7-D35AC0AB1B75,CRM - Roving Creel Project,Drano Lake salmon and steelhead 2024,1,2024-10-14,2024-10-20,42,weekend,Boat,Chinook|Coho|Sockeye_Adult|Jack_AD|UM|UNK_Kept,PE,catch,daily_mean,8.7125,week
736E14B6-43E9-4504-B4D7-D35AC0AB1B75,CRM - Roving Creel Project,Drano Lake salmon and steelhead 2024,1,2024-10-14,2024-10-20,42,weekend,Boat,Chinook|Coho|Sockeye_Adult|Jack_AD|UM|UNK_Kept,PE,catch,daily_variance,13.379964499999996,week
736E14B6-43E9-4504-B4D7-D35AC0AB1B75,CRM - Roving Creel Project,Drano Lake salmon and steelhead 2024,1,2024-10-14,2024-10-20,42,weekend,Boat,Chinook|Coho|Sockeye_Adult|Jack_AD|UM|UNK_Kept,PE,catch,days_open,2,week
736E14B6-43E9-4504-B4D7-D35AC0AB1B75,CRM - Roving Creel Project,Drano Lake salmon and steelhead 2024,1,2024-10-14,2024-10-20,42,weekend,Boat,Chinook|Coho|Sockeye_Adult|Jack_AD|UM|UNK_Kept,PE,catch,degrees_freedom,26,week
736E14B6-43E9-4504-B4D7-D35AC0AB1B75,CRM - Roving Creel Project,Drano Lake salmon and steelhead 2024,1,2024-10-14,2024-10-20,42,weekend,Boat,Chinook|Coho|Sockeye_Adult|Jack_AD|UM|UNK_Kept,PE,catch,total_catch,17.425,week
736E14B6-43E9-4504-B4D7-D35AC0AB1B75,CRM - Roving Creel Project,Drano Lake salmon and steelhead 2024,1,2024-10-21,2024-10-27,43,weekday,NA,Chinook|Coho|Sockeye_Adult|Jack_AD|UM|UNK_Kept,PE,catch,number_observations,1,week
736E14B6-43E9-4504-B4D7-D35AC0AB1B75,CRM - Roving Creel Project,Drano Lake salmon and steelhead 2024,1,2024-10-21,2024-10-27,43,weekday,NA,Chinook|Coho|Sockeye_Adult|Jack_AD|UM|UNK_Kept,PE,catch,daily_mean,18.465,week
736E14B6-43E9-4504-B4D7-D35AC0AB1B75,CRM - Roving Creel Project,Drano Lake salmon and steelhead 2024,1,2024-10-21,2024-10-27,43,weekday,NA,Chinook|Coho|Sockeye_Adult|Jack_AD|UM|UNK_Kept,PE,catch,daily_variance,0,week
736E14B6-43E9-4504-B4D7-D35AC0AB1B75,CRM - Roving Creel Project,Drano Lake salmon and steelhead 2024,1,2024-10-21,2024-10-27,43,weekday,NA,Chinook|Coho|Sockeye_Adult|Jack_AD|UM|UNK_Kept,PE,catch,days_open,4,week
736E14B6-43E9-4504-B4D7-D35AC0AB1B75,CRM - Roving Creel Project,Drano Lake salmon and steelhead 2024,1,2024-10-21,2024-10-27,43,weekday,NA,Chinook|Coho|Sockeye_Adult|Jack_AD|UM|UNK_Kept,PE,catch,degrees_freedom,0.5,week
736E14B6-43E9-4504-B4D7-D35AC0AB1B75,CRM - Roving Creel Project,Drano Lake salmon and steelhead 2024,1,2024-10-21,2024-10-27,43,weekday,NA,Chinook|Coho|Sockeye_Adult|Jack_AD|UM|UNK_Kept,PE,catch,total_catch,73.86,week
736E14B6-43E9-4504-B4D7-D35AC0AB1B75,CRM - Roving Creel Project,Drano Lake salmon and steelhead 2024,1,2024-10-21,2024-10-27,43,weekend,Bank,Chinook|Coho|Sockeye_Adult|Jack_AD|UM|UNK_Kept,PE,catch,number_observations,1,week
736E14B6-43E9-4504-B4D7-D35AC0AB1B75,CRM - Roving Creel Project,Drano Lake salmon and steelhead 2024,1,2024-10-21,2024-10-27,43,weekend,Bank,Chinook|Coho|Sockeye_Adult|Jack_AD|UM|UNK_Kept,PE,catch,daily_mean,0,week
736E14B6-43E9-4504-B4D7-D35AC0AB1B75,CRM - Roving Creel Project,Drano Lake salmon and steelhead 2024,1,2024-10-21,2024-10-27,43,weekend,Bank,Chinook|Coho|Sockeye_Adult|Jack_AD|UM|UNK_Kept,PE,catch,daily_variance,0,week
736E14B6-43E9-4504-B4D7-D35AC0AB1B75,CRM - Roving Creel Project,Drano Lake salmon and steelhead 2024,1,2024-10-21,2024-10-27,43,weekend,Bank,Chinook|Coho|Sockeye_Adult|Jack_AD|UM|UNK_Kept,PE,catch,days_open,2,week
736E14B6-43E9-4504-B4D7-D35AC0AB1B75,CRM - Roving Creel Project,Drano Lake salmon and steelhead 2024,1,2024-10-21,2024-10-27,43,weekend,Bank,Chinook|Coho|Sockeye_Adult|Jack_AD|UM|UNK_Kept,PE,catch,degrees_freedom,26,week
736E14B6-43E9-4504-B4D7-D35AC0AB1B75,CRM - Roving Creel Project,Drano Lake salmon and steelhead 2024,1,2024-10-21,2024-10-27,43,weekend,Bank,Chinook|Coho|Sockeye_Adult|Jack_AD|UM|UNK_Kept,PE,catch,total_catch,0,week
736E14B6-43E9-4504-B4D7-D35AC0AB1B75,CRM - Roving Creel Project,Drano Lake salmon and steelhead 2024,1,2024-10-21,2024-10-27,43,weekend,Boat,Chinook|Coho|Sockeye_Adult|Jack_AD|UM|UNK_Kept,PE,catch,number_observations,2,week
736E14B6-43E9-4504-B4D7-D35AC0AB1B75,CRM - Roving Creel Project,Drano Lake salmon and steelhead 2024,1,2024-10-21,2024-10-27,43,weekend,Boat,Chinook|Coho|Sockeye_Adult|Jack_AD|UM|UNK_Kept,PE,catch,daily_mean,7.8255,week
736E14B6-43E9-4504-B4D7-D35AC0AB1B75,CRM - Roving Creel Project,Drano Lake salmon and steelhead 2024,1,2024-10-21,2024-10-27,43,weekend,Boat,Chinook|Coho|Sockeye_Adult|Jack_AD|UM|UNK_Kept,PE,catch,daily_variance,122.4769005,week
736E14B6-43E9-4504-B4D7-D35AC0AB1B75,CRM - Roving Creel Project,Drano Lake salmon and steelhead 2024,1,2024-10-21,2024-10-27,43,weekend,Boat,Chinook|Coho|Sockeye_Adult|Jack_AD|UM|UNK_Kept,PE,catch,days_open,2,week
736E14B6-43E9-4504-B4D7-D35AC0AB1B75,CRM - Roving Creel Project,Drano Lake salmon and steelhead 2024,1,2024-10-21,2024-10-27,43,weekend,Boat,Chinook|Coho|Sockeye_Adult|Jack_AD|UM|UNK_Kept,PE,catch,degrees_freedom,26,week
736E14B6-43E9-4504-B4D7-D35AC0AB1B75,CRM - Roving Creel Project,Drano Lake salmon and steelhead 2024,1,2024-10-21,2024-10-27,43,weekend,Boat,Chinook|Coho|Sockeye_Adult|Jack_AD|UM|UNK_Kept,PE,catch,total_catch,15.651,week
736E14B6-43E9-4504-B4D7-D35AC0AB1B75,CRM - Roving Creel Project,Drano Lake salmon and steelhead 2024,2,2024-07-15,2024-07-21,29,weekday,Bank,Chinook|Coho|Sockeye_Adult|Jack_AD|UM|UNK_Kept,PE,catch,number_observations,1,week
736E14B6-43E9-4504-B4D7-D35AC0AB1B75,CRM - Roving Creel Project,Drano Lake salmon and steelhead 2024,2,2024-07-15,2024-07-21,29,weekday,Bank,Chinook|Coho|Sockeye_Adult|Jack_AD|UM|UNK_Kept,PE,catch,daily_mean,0,week
736E14B6-43E9-4504-B4D7-D35AC0AB1B75,CRM - Roving Creel Project,Drano Lake salmon and steelhead 2024,2,2024-07-15,2024-07-21,29,weekday,Bank,Chinook|Coho|Sockeye_Adult|Jack_AD|UM|UNK_Kept,PE,catch,daily_variance,0,week
736E14B6-43E9-4504-B4D7-D35AC0AB1B75,CRM - Roving Creel Project,Drano Lake salmon and steelhead 2024,2,2024-07-15,2024-07-21,29,weekday,Bank,Chinook|Coho|Sockeye_Adult|Jack_AD|UM|UNK_Kept,PE,catch,days_open,5,week
736E14B6-43E9-4504-B4D7-D35AC0AB1B75,CRM - Roving Creel Project,Drano Lake salmon and steelhead 2024,2,2024-07-15,2024-07-21,29,weekday,Bank,Chinook|Coho|Sockeye_Adult|Jack_AD|UM|UNK_Kept,PE,catch,degrees_freedom,26.5,week
736E14B6-43E9-4504-B4D7-D35AC0AB1B75,CRM - Roving Creel Project,Drano Lake salmon and steelhead 2024,2,2024-07-15,2024-07-21,29,weekday,Bank,Chinook|Coho|Sockeye_Adult|Jack_AD|UM|UNK_Kept,PE,catch,total_catch,0,week
736E14B6-43E9-4504-B4D7-D35AC0AB1B75,CRM - Roving Creel Project,Drano Lake salmon and steelhead 2024,2,2024-07-15,2024-07-21,29,weekday,Boat,Chinook|Coho|Sockeye_Adult|Jack_AD|UM|UNK_Kept,PE,catch,number_observations,1,week
736E14B6-43E9-4504-B4D7-D35AC0AB1B75,CRM - Roving Creel Project,Drano Lake salmon and steelhead 2024,2,2024-07-15,2024-07-21,29,weekday,Boat,Chinook|Coho|Sockeye_Adult|Jack_AD|UM|UNK_Kept,PE,catch,daily_mean,0,week
736E14B6-43E9-4504-B4D7-D35AC0AB1B75,CRM - Roving Creel Project,Drano Lake salmon and steelhead 2024,2,2024-07-15,2024-07-21,29,weekday,Boat,Chinook|Coho|Sockeye_Adult|Jack_AD|UM|UNK_Kept,PE,catch,daily_variance,0,week
736E14B6-43E9-4504-B4D7-D35AC0AB1B75,CRM - Roving Creel Project,Drano Lake salmon and steelhead 2024,2,2024-07-15,2024-07-21,29,weekday,Boat,Chinook|Coho|Sockeye_Adult|Jack_AD|UM|UNK_Kept,PE,catch,days_open,5,week
736E14B6-43E9-4504-B4D7-D35AC0AB1B75,CRM - Roving Creel Project,Drano Lake salmon and steelhead 2024,2,2024-07-15,2024-07-21,29,weekday,Boat,Chinook|Coho|Sockeye_Adult|Jack_AD|UM|UNK_Kept,PE,catch,degrees_freedom,26.5,week
736E14B6-43E9-4504-B4D7-D35AC0AB1B75,CRM - Roving Creel Project,Drano Lake salmon and steelhead 2024,2,2024-07-15,2024-07-21,29,weekday,Boat,Chinook|Coho|Sockeye_Adult|Jack_AD|UM|UNK_Kept,PE,catch,total_catch,0,week
736E14B6-43E9-4504-B4D7-D35AC0AB1B75,CRM - Roving Creel Project,Drano Lake salmon and steelhead 2024,2,2024-07-29,2024-08-04,31,weekday,Bank,Chinook|Coho|Sockeye_Adult|Jack_AD|UM|UNK_Kept,PE,catch,number_observations,2,week
736E14B6-43E9-4504-B4D7-D35AC0AB1B75,CRM - Roving Creel Project,Drano Lake salmon and steelhead 2024,2,2024-07-29,2024-08-04,31,weekday,Bank,Chinook|Coho|Sockeye_Adult|Jack_AD|UM|UNK_Kept,PE,catch,daily_mean,0,week
736E14B6-43E9-4504-B4D7-D35AC0AB1B75,CRM - Roving Creel Project,Drano Lake salmon and steelhead 2024,2,2024-07-29,2024-08-04,31,weekday,Bank,Chinook|Coho|Sockeye_Adult|Jack_AD|UM|UNK_Kept,PE,catch,daily_variance,0,week
736E14B6-43E9-4504-B4D7-D35AC0AB1B75,CRM - Roving Creel Project,Drano Lake salmon and steelhead 2024,2,2024-07-29,2024-08-04,31,weekday,Bank,Chinook|Coho|Sockeye_Adult|Jack_AD|UM|UNK_Kept,PE,catch,days_open,5,week
736E14B6-43E9-4504-B4D7-D35AC0AB1B75,CRM - Roving Creel Project,Drano Lake salmon and steelhead 2024,2,2024-07-29,2024-08-04,31,weekday,Bank,Chinook|Coho|Sockeye_Adult|Jack_AD|UM|UNK_Kept,PE,catch,degrees_freedom,26.5,week
736E14B6-43E9-4504-B4D7-D35AC0AB1B75,CRM - Roving Creel Project,Drano Lake salmon and steelhead 2024,2,2024-07-29,2024-08-04,31,weekday,Bank,Chinook|Coho|Sockeye_Adult|Jack_AD|UM|UNK_Kept,PE,catch,total_catch,0,week
736E14B6-43E9-4504-B4D7-D35AC0AB1B75,CRM - Roving Creel Project,Drano Lake salmon and steelhead 2024,2,2024-07-29,2024-08-04,31,weekday,Boat,Chinook|Coho|Sockeye_Adult|Jack_AD|UM|UNK_Kept,PE,catch,number_observations,1,week
736E14B6-43E9-4504-B4D7-D35AC0AB1B75,CRM - Roving Creel Project,Drano Lake salmon and steelhead 2024,2,2024-07-29,2024-08-04,31,weekday,Boat,Chinook|Coho|Sockeye_Adult|Jack_AD|UM|UNK_Kept,PE,catch,daily_mean,0,week
736E14B6-43E9-4504-B4D7-D35AC0AB1B75,CRM - Roving Creel Project,Drano Lake salmon and steelhead 2024,2,2024-07-29,2024-08-04,31,weekday,Boat,Chinook|Coho|Sockeye_Adult|Jack_AD|UM|UNK_Kept,PE,catch,daily_variance,0,week
736E14B6-43E9-4504-B4D7-D35AC0AB1B75,CRM - Roving Creel Project,Drano Lake salmon and steelhead 2024,2,2024-07-29,2024-08-04,31,weekday,Boat,Chinook|Coho|Sockeye_Adult|Jack_AD|UM|UNK_Kept,PE,catch,days_open,5,week
736E14B6-43E9-4504-B4D7-D35AC0AB1B75,CRM - Roving Creel Project,Drano Lake salmon and steelhead 2024,2,2024-07-29,2024-08-04,31,weekday,Boat,Chinook|Coho|Sockeye_Adult|Jack_AD|UM|UNK_Kept,PE,catch,degrees_freedom,26.5,week
736E14B6-43E9-4504-B4D7-D35AC0AB1B75,CRM - Roving Creel Project,Drano Lake salmon and steelhead 2024,2,2024-07-29,2024-08-04,31,weekday,Boat,Chinook|Coho|Sockeye_Adult|Jack_AD|UM|UNK_Kept,PE,catch,total_catch,0,week
736E14B6-43E9-4504-B4D7-D35AC0AB1B75,CRM - Roving Creel Project,Drano Lake salmon and steelhead 2024,2,2024-08-05,2024-08-11,32,weekend,Bank,Chinook|Coho|Sockeye_Adult|Jack_AD|UM|UNK_Kept,PE,catch,number_observations,1,week
736E14B6-43E9-4504-B4D7-D35AC0AB1B75,CRM - Roving Creel Project,Drano Lake salmon and steelhead 2024,2,2024-08-05,2024-08-11,32,weekend,Bank,Chinook|Coho|Sockeye_Adult|Jack_AD|UM|UNK_Kept,PE,catch,daily_mean,0,week
736E14B6-43E9-4504-B4D7-D35AC0AB1B75,CRM - Roving Creel Project,Drano Lake salmon and steelhead 2024,2,2024-08-05,2024-08-11,32,weekend,Bank,Chinook|Coho|Sockeye_Adult|Jack_AD|UM|UNK_Kept,PE,catch,daily_variance,0,week
736E14B6-43E9-4504-B4D7-D35AC0AB1B75,CRM - Roving Creel Project,Drano Lake salmon and steelhead 2024,2,2024-08-05,2024-08-11,32,weekend,Bank,Chinook|Coho|Sockeye_Adult|Jack_AD|UM|UNK_Kept,PE,catch,days_open,2,week
736E14B6-43E9-4504-B4D7-D35AC0AB1B75,CRM - Roving Creel Project,Drano Lake salmon and steelhead 2024,2,2024-08-05,2024-08-11,32,weekend,Bank,Chinook|Coho|Sockeye_Adult|Jack_AD|UM|UNK_Kept,PE,catch,degrees_freedom,26.5,week
736E14B6-43E9-4504-B4D7-D35AC0AB1B75,CRM - Roving Creel Project,Drano Lake salmon and steelhead 2024,2,2024-08-05,2024-08-11,32,weekend,Bank,Chinook|Coho|Sockeye_Adult|Jack_AD|UM|UNK_Kept,PE,catch,total_catch,0,week
736E14B6-43E9-4504-B4D7-D35AC0AB1B75,CRM - Roving Creel Project,Drano Lake salmon and steelhead 2024,2,2024-08-05,2024-08-11,32,weekend,Boat,Chinook|Coho|Sockeye_Adult|Jack_AD|UM|UNK_Kept,PE,catch,number_observations,1,week
736E14B6-43E9-4504-B4D7-D35AC0AB1B75,CRM - Roving Creel Project,Drano Lake salmon and steelhead 2024,2,2024-08-05,2024-08-11,32,weekend,Boat,Chinook|Coho|Sockeye_Adult|Jack_AD|UM|UNK_Kept,PE,catch,daily_mean,0,week
736E14B6-43E9-4504-B4D7-D35AC0AB1B75,CRM - Roving Creel Project,Drano Lake salmon and steelhead 2024,2,2024-08-05,2024-08-11,32,weekend,Boat,Chinook|Coho|Sockeye_Adult|Jack_AD|UM|UNK_Kept,PE,catch,daily_variance,0,week
736E14B6-43E9-4504-B4D7-D35AC0AB1B75,CRM - Roving Creel Project,Drano Lake salmon and steelhead 2024,2,2024-08-05,2024-08-11,32,weekend,Boat,Chinook|Coho|Sockeye_Adult|Jack_AD|UM|UNK_Kept,PE,catch,days_open,2,week
736E14B6-43E9-4504-B4D7-D35AC0AB1B75,CRM - Roving Creel Project,Drano Lake salmon and steelhead 2024,2,2024-08-05,2024-08-11,32,weekend,Boat,Chinook|Coho|Sockeye_Adult|Jack_AD|UM|UNK_Kept,PE,catch,degrees_freedom,26.5,week
736E14B6-43E9-4504-B4D7-D35AC0AB1B75,CRM - Roving Creel Project,Drano Lake salmon and steelhead 2024,2,2024-08-05,2024-08-11,32,weekend,Boat,Chinook|Coho|Sockeye_Adult|Jack_AD|UM|UNK_Kept,PE,catch,total_catch,0,week
736E14B6-43E9-4504-B4D7-D35AC0AB1B75,CRM - Roving Creel Project,Drano Lake salmon and steelhead 2024,2,2024-08-12,2024-08-18,33,weekday,Bank,Chinook|Coho|Sockeye_Adult|Jack_AD|UM|UNK_Kept,PE,catch,number_observations,2,week
736E14B6-43E9-4504-B4D7-D35AC0AB1B75,CRM - Roving Creel Project,Drano Lake salmon and steelhead 2024,2,2024-08-12,2024-08-18,33,weekday,Bank,Chinook|Coho|Sockeye_Adult|Jack_AD|UM|UNK_Kept,PE,catch,daily_mean,0,week
736E14B6-43E9-4504-B4D7-D35AC0AB1B75,CRM - Roving Creel Project,Drano Lake salmon and steelhead 2024,2,2024-08-12,2024-08-18,33,weekday,Bank,Chinook|Coho|Sockeye_Adult|Jack_AD|UM|UNK_Kept,PE,catch,daily_variance,0,week
736E14B6-43E9-4504-B4D7-D35AC0AB1B75,CRM - Roving Creel Project,Drano Lake salmon and steelhead 2024,2,2024-08-12,2024-08-18,33,weekday,Bank,Chinook|Coho|Sockeye_Adult|Jack_AD|UM|UNK_Kept,PE,catch,days_open,5,week
736E14B6-43E9-4504-B4D7-D35AC0AB1B75,CRM - Roving Creel Project,Drano Lake salmon and steelhead 2024,2,2024-08-12,2024-08-18,33,weekday,Bank,Chinook|Coho|Sockeye_Adult|Jack_AD|UM|UNK_Kept,PE,catch,degrees_freedom,26.5,week
736E14B6-43E9-4504-B4D7-D35AC0AB1B75,CRM - Roving Creel Project,Drano Lake salmon and steelhead 2024,2,2024-08-12,2024-08-18,33,weekday,Bank,Chinook|Coho|Sockeye_Adult|Jack_AD|UM|UNK_Kept,PE,catch,total_catch,0,week
736E14B6-43E9-4504-B4D7-D35AC0AB1B75,CRM - Roving Creel Project,Drano Lake salmon and steelhead 2024,2,2024-08-12,2024-08-18,33,weekend,Bank,Chinook|Coho|Sockeye_Adult|Jack_AD|UM|UNK_Kept,PE,catch,number_observations,1,week
736E14B6-43E9-4504-B4D7-D35AC0AB1B75,CRM - Roving Creel Project,Drano Lake salmon and steelhead 2024,2,2024-08-12,2024-08-18,33,weekend,Bank,Chinook|Coho|Sockeye_Adult|Jack_AD|UM|UNK_Kept,PE,catch,daily_mean,0,week
736E14B6-43E9-4504-B4D7-D35AC0AB1B75,CRM - Roving Creel Project,Drano Lake salmon and steelhead 2024,2,2024-08-12,2024-08-18,33,weekend,Bank,Chinook|Coho|Sockeye_Adult|Jack_AD|UM|UNK_Kept,PE,catch,daily_variance,0,week
736E14B6-43E9-4504-B4D7-D35AC0AB1B75,CRM - Roving Creel Project,Drano Lake salmon and steelhead 2024,2,2024-08-12,2024-08-18,33,weekend,Bank,Chinook|Coho|Sockeye_Adult|Jack_AD|UM|UNK_Kept,PE,catch,days_open,2,week
736E14B6-43E9-4504-B4D7-D35AC0AB1B75,CRM - Roving Creel Project,Drano Lake salmon and steelhead 2024,2,2024-08-12,2024-08-18,33,weekend,Bank,Chinook|Coho|Sockeye_Adult|Jack_AD|UM|UNK_Kept,PE,catch,degrees_freedom,26.5,week
736E14B6-43E9-4504-B4D7-D35AC0AB1B75,CRM - Roving Creel Project,Drano Lake salmon and steelhead 2024,2,2024-08-12,2024-08-18,33,weekend,Bank,Chinook|Coho|Sockeye_Adult|Jack_AD|UM|UNK_Kept,PE,catch,total_catch,0,week
736E14B6-43E9-4504-B4D7-D35AC0AB1B75,CRM - Roving Creel Project,Drano Lake salmon and steelhead 2024,2,2024-08-12,2024-08-18,33,weekend,Boat,Chinook|Coho|Sockeye_Adult|Jack_AD|UM|UNK_Kept,PE,catch,number_observations,1,week
736E14B6-43E9-4504-B4D7-D35AC0AB1B75,CRM - Roving Creel Project,Drano Lake salmon and steelhead 2024,2,2024-08-12,2024-08-18,33,weekend,Boat,Chinook|Coho|Sockeye_Adult|Jack_AD|UM|UNK_Kept,PE,catch,daily_mean,0,week
736E14B6-43E9-4504-B4D7-D35AC0AB1B75,CRM - Roving Creel Project,Drano Lake salmon and steelhead 2024,2,2024-08-12,2024-08-18,33,weekend,Boat,Chinook|Coho|Sockeye_Adult|Jack_AD|UM|UNK_Kept,PE,catch,daily_variance,0,week
736E14B6-43E9-4504-B4D7-D35AC0AB1B75,CRM - Roving Creel Project,Drano Lake salmon and steelhead 2024,2,2024-08-12,2024-08-18,33,weekend,Boat,Chinook|Coho|Sockeye_Adult|Jack_AD|UM|UNK_Kept,PE,catch,days_open,2,week
736E14B6-43E9-4504-B4D7-D35AC0AB1B75,CRM - Roving Creel Project,Drano Lake salmon and steelhead 2024,2,2024-08-12,2024-08-18,33,weekend,Boat,Chinook|Coho|Sockeye_Adult|Jack_AD|UM|UNK_Kept,PE,catch,degrees_freedom,26.5,week
736E14B6-43E9-4504-B4D7-D35AC0AB1B75,CRM - Roving Creel Project,Drano Lake salmon and steelhead 2024,2,2024-08-12,2024-08-18,33,weekend,Boat,Chinook|Coho|Sockeye_Adult|Jack_AD|UM|UNK_Kept,PE,catch,total_catch,0,week
736E14B6-43E9-4504-B4D7-D35AC0AB1B75,CRM - Roving Creel Project,Drano Lake salmon and steelhead 2024,2,2024-08-19,2024-08-25,34,weekday,Bank,Chinook|Coho|Sockeye_Adult|Jack_AD|UM|UNK_Kept,PE,catch,number_observations,2,week
736E14B6-43E9-4504-B4D7-D35AC0AB1B75,CRM - Roving Creel Project,Drano Lake salmon and steelhead 2024,2,2024-08-19,2024-08-25,34,weekday,Bank,Chinook|Coho|Sockeye_Adult|Jack_AD|UM|UNK_Kept,PE,catch,daily_mean,3.3555,week
736E14B6-43E9-4504-B4D7-D35AC0AB1B75,CRM - Roving Creel Project,Drano Lake salmon and steelhead 2024,2,2024-08-19,2024-08-25,34,weekday,Bank,Chinook|Coho|Sockeye_Adult|Jack_AD|UM|UNK_Kept,PE,catch,daily_variance,22.518760500000003,week
736E14B6-43E9-4504-B4D7-D35AC0AB1B75,CRM - Roving Creel Project,Drano Lake salmon and steelhead 2024,2,2024-08-19,2024-08-25,34,weekday,Bank,Chinook|Coho|Sockeye_Adult|Jack_AD|UM|UNK_Kept,PE,catch,days_open,5,week
736E14B6-43E9-4504-B4D7-D35AC0AB1B75,CRM - Roving Creel Project,Drano Lake salmon and steelhead 2024,2,2024-08-19,2024-08-25,34,weekday,Bank,Chinook|Coho|Sockeye_Adult|Jack_AD|UM|UNK_Kept,PE,catch,degrees_freedom,26.5,week
736E14B6-43E9-4504-B4D7-D35AC0AB1B75,CRM - Roving Creel Project,Drano Lake salmon and steelhead 2024,2,2024-08-19,2024-08-25,34,weekday,Bank,Chinook|Coho|Sockeye_Adult|Jack_AD|UM|UNK_Kept,PE,catch,total_catch,16.7775,week
736E14B6-43E9-4504-B4D7-D35AC0AB1B75,CRM - Roving Creel Project,Drano Lake salmon and steelhead 2024,2,2024-08-19,2024-08-25,34,weekday,Boat,Chinook|Coho|Sockeye_Adult|Jack_AD|UM|UNK_Kept,PE,catch,number_observations,1,week
736E14B6-43E9-4504-B4D7-D35AC0AB1B75,CRM - Roving Creel Project,Drano Lake salmon and steelhead 2024,2,2024-08-19,2024-08-25,34,weekday,Boat,Chinook|Coho|Sockeye_Adult|Jack_AD|UM|UNK_Kept,PE,catch,daily_mean,0,week
736E14B6-43E9-4504-B4D7-D35AC0AB1B75,CRM - Roving Creel Project,Drano Lake salmon and steelhead 2024,2,2024-08-19,2024-08-25,34,weekday,Boat,Chinook|Coho|Sockeye_Adult|Jack_AD|UM|UNK_Kept,PE,catch,daily_variance,0,week
736E14B6-43E9-4504-B4D7-D35AC0AB1B75,CRM - Roving Creel Project,Drano Lake salmon and steelhead 2024,2,2024-08-19,2024-08-25,34,weekday,Boat,Chinook|Coho|Sockeye_Adult|Jack_AD|UM|UNK_Kept,PE,catch,days_open,5,week
736E14B6-43E9-4504-B4D7-D35AC0AB1B75,CRM - Roving Creel Project,Drano Lake salmon and steelhead 2024,2,2024-08-19,2024-08-25,34,weekday,Boat,Chinook|Coho|Sockeye_Adult|Jack_AD|UM|UNK_Kept,PE,catch,degrees_freedom,26.5,week
736E14B6-43E9-4504-B4D7-D35AC0AB1B75,CRM - Roving Creel Project,Drano Lake salmon and steelhead 2024,2,2024-08-19,2024-08-25,34,weekday,Boat,Chinook|Coho|Sockeye_Adult|Jack_AD|UM|UNK_Kept,PE,catch,total_catch,0,week
736E14B6-43E9-4504-B4D7-D35AC0AB1B75,CRM - Roving Creel Project,Drano Lake salmon and steelhead 2024,2,2024-08-26,2024-09-01,35,weekday,Bank,Chinook|Coho|Sockeye_Adult|Jack_AD|UM|UNK_Kept,PE,catch,number_observations,2,week
736E14B6-43E9-4504-B4D7-D35AC0AB1B75,CRM - Roving Creel Project,Drano Lake salmon and steelhead 2024,2,2024-08-26,2024-09-01,35,weekday,Bank,Chinook|Coho|Sockeye_Adult|Jack_AD|UM|UNK_Kept,PE,catch,daily_mean,0,week
736E14B6-43E9-4504-B4D7-D35AC0AB1B75,CRM - Roving Creel Project,Drano Lake salmon and steelhead 2024,2,2024-08-26,2024-09-01,35,weekday,Bank,Chinook|Coho|Sockeye_Adult|Jack_AD|UM|UNK_Kept,PE,catch,daily_variance,0,week
736E14B6-43E9-4504-B4D7-D35AC0AB1B75,CRM - Roving Creel Project,Drano Lake salmon and steelhead 2024,2,2024-08-26,2024-09-01,35,weekday,Bank,Chinook|Coho|Sockeye_Adult|Jack_AD|UM|UNK_Kept,PE,catch,days_open,5,week
736E14B6-43E9-4504-B4D7-D35AC0AB1B75,CRM - Roving Creel Project,Drano Lake salmon and steelhead 2024,2,2024-08-26,2024-09-01,35,weekday,Bank,Chinook|Coho|Sockeye_Adult|Jack_AD|UM|UNK_Kept,PE,catch,degrees_freedom,26.5,week
736E14B6-43E9-4504-B4D7-D35AC0AB1B75,CRM - Roving Creel Project,Drano Lake salmon and steelhead 2024,2,2024-08-26,2024-09-01,35,weekday,Bank,Chinook|Coho|Sockeye_Adult|Jack_AD|UM|UNK_Kept,PE,catch,total_catch,0,week
736E14B6-43E9-4504-B4D7-D35AC0AB1B75,CRM - Roving Creel Project,Drano Lake salmon and steelhead 2024,2,2024-08-26,2024-09-01,35,weekday,Boat,Chinook|Coho|Sockeye_Adult|Jack_AD|UM|UNK_Kept,PE,catch,number_observations,2,week
736E14B6-43E9-4504-B4D7-D35AC0AB1B75,CRM - Roving Creel Project,Drano Lake salmon and steelhead 2024,2,2024-08-26,2024-09-01,35,weekday,Boat,Chinook|Coho|Sockeye_Adult|Jack_AD|UM|UNK_Kept,PE,catch,daily_mean,2.167,week
736E14B6-43E9-4504-B4D7-D35AC0AB1B75,CRM - Roving Creel Project,Drano Lake salmon and steelhead 2024,2,2024-08-26,2024-09-01,35,weekday,Boat,Chinook|Coho|Sockeye_Adult|Jack_AD|UM|UNK_Kept,PE,catch,daily_variance,9.391777999999999,week
736E14B6-43E9-4504-B4D7-D35AC0AB1B75,CRM - Roving Creel Project,Drano Lake salmon and steelhead 2024,2,2024-08-26,2024-09-01,35,weekday,Boat,Chinook|Coho|Sockeye_Adult|Jack_AD|UM|UNK_Kept,PE,catch,days_open,5,week
736E14B6-43E9-4504-B4D7-D35AC0AB1B75,CRM - Roving Creel Project,Drano Lake salmon and steelhead 2024,2,2024-08-26,2024-09-01,35,weekday,Boat,Chinook|Coho|Sockeye_Adult|Jack_AD|UM|UNK_Kept,PE,catch,degrees_freedom,26.5,week
736E14B6-43E9-4504-B4D7-D35AC0AB1B75,CRM - Roving Creel Project,Drano Lake salmon and steelhead 2024,2,2024-08-26,2024-09-01,35,weekday,Boat,Chinook|Coho|Sockeye_Adult|Jack_AD|UM|UNK_Kept,PE,catch,total_catch,10.834999999999999,week
736E14B6-43E9-4504-B4D7-D35AC0AB1B75,CRM - Roving Creel Project,Drano Lake salmon and steelhead 2024,2,2024-08-26,2024-09-01,35,weekend,Bank,Chinook|Coho|Sockeye_Adult|Jack_AD|UM|UNK_Kept,PE,catch,number_observations,1,week
736E14B6-43E9-4504-B4D7-D35AC0AB1B75,CRM - Roving Creel Project,Drano Lake salmon and steelhead 2024,2,2024-08-26,2024-09-01,35,weekend,Bank,Chinook|Coho|Sockeye_Adult|Jack_AD|UM|UNK_Kept,PE,catch,daily_mean,2.084,week
736E14B6-43E9-4504-B4D7-D35AC0AB1B75,CRM - Roving Creel Project,Drano Lake salmon and steelhead 2024,2,2024-08-26,2024-09-01,35,weekend,Bank,Chinook|Coho|Sockeye_Adult|Jack_AD|UM|UNK_Kept,PE,catch,daily_variance,0,week
736E14B6-43E9-4504-B4D7-D35AC0AB1B75,CRM - Roving Creel Project,Drano Lake salmon and steelhead 2024,2,2024-08-26,2024-09-01,35,weekend,Bank,Chinook|Coho|Sockeye_Adult|Jack_AD|UM|UNK_Kept,PE,catch,days_open,2,week
736E14B6-43E9-4504-B4D7-D35AC0AB1B75,CRM - Roving Creel Project,Drano Lake salmon and steelhead 2024,2,2024-08-26,2024-09-01,35,weekend,Bank,Chinook|Coho|Sockeye_Adult|Jack_AD|UM|UNK_Kept,PE,catch,degrees_freedom,26.5,week
736E14B6-43E9-4504-B4D7-D35AC0AB1B75,CRM - Roving Creel Project,Drano Lake salmon and steelhead 2024,2,2024-08-26,2024-09-01,35,weekend,Bank,Chinook|Coho|Sockeye_Adult|Jack_AD|UM|UNK_Kept,PE,catch,total_catch,4.168,week
736E14B6-43E9-4504-B4D7-D35AC0AB1B75,CRM - Roving Creel Project,Drano Lake salmon and steelhead 2024,2,2024-09-02,2024-09-08,36,weekday,Bank,Chinook|Coho|Sockeye_Adult|Jack_AD|UM|UNK_Kept,PE,catch,number_observations,1,week
736E14B6-43E9-4504-B4D7-D35AC0AB1B75,CRM - Roving Creel Project,Drano Lake salmon and steelhead 2024,2,2024-09-02,2024-09-08,36,weekday,Bank,Chinook|Coho|Sockeye_Adult|Jack_AD|UM|UNK_Kept,PE,catch,daily_mean,15.406,week
736E14B6-43E9-4504-B4D7-D35AC0AB1B75,CRM - Roving Creel Project,Drano Lake salmon and steelhead 2024,2,2024-09-02,2024-09-08,36,weekday,Bank,Chinook|Coho|Sockeye_Adult|Jack_AD|UM|UNK_Kept,PE,catch,daily_variance,0,week
736E14B6-43E9-4504-B4D7-D35AC0AB1B75,CRM - Roving Creel Project,Drano Lake salmon and steelhead 2024,2,2024-09-02,2024-09-08,36,weekday,Bank,Chinook|Coho|Sockeye_Adult|Jack_AD|UM|UNK_Kept,PE,catch,days_open,4,week
736E14B6-43E9-4504-B4D7-D35AC0AB1B75,CRM - Roving Creel Project,Drano Lake salmon and steelhead 2024,2,2024-09-02,2024-09-08,36,weekday,Bank,Chinook|Coho|Sockeye_Adult|Jack_AD|UM|UNK_Kept,PE,catch,degrees_freedom,26.5,week
736E14B6-43E9-4504-B4D7-D35AC0AB1B75,CRM - Roving Creel Project,Drano Lake salmon and steelhead 2024,2,2024-09-02,2024-09-08,36,weekday,Bank,Chinook|Coho|Sockeye_Adult|Jack_AD|UM|UNK_Kept,PE,catch,total_catch,61.624,week
736E14B6-43E9-4504-B4D7-D35AC0AB1B75,CRM - Roving Creel Project,Drano Lake salmon and steelhead 2024,2,2024-09-02,2024-09-08,36,weekend,Bank,Chinook|Coho|Sockeye_Adult|Jack_AD|UM|UNK_Kept,PE,catch,number_observations,2,week
736E14B6-43E9-4504-B4D7-D35AC0AB1B75,CRM - Roving Creel Project,Drano Lake salmon and steelhead 2024,2,2024-09-02,2024-09-08,36,weekend,Bank,Chinook|Coho|Sockeye_Adult|Jack_AD|UM|UNK_Kept,PE,catch,daily_mean,4.3185,week
736E14B6-43E9-4504-B4D7-D35AC0AB1B75,CRM - Roving Creel Project,Drano Lake salmon and steelhead 2024,2,2024-09-02,2024-09-08,36,weekend,Bank,Chinook|Coho|Sockeye_Adult|Jack_AD|UM|UNK_Kept,PE,catch,daily_variance,37.29888450000001,week
736E14B6-43E9-4504-B4D7-D35AC0AB1B75,CRM - Roving Creel Project,Drano Lake salmon and steelhead 2024,2,2024-09-02,2024-09-08,36,weekend,Bank,Chinook|Coho|Sockeye_Adult|Jack_AD|UM|UNK_Kept,PE,catch,days_open,3,week
736E14B6-43E9-4504-B4D7-D35AC0AB1B75,CRM - Roving Creel Project,Drano Lake salmon and steelhead 2024,2,2024-09-02,2024-09-08,36,weekend,Bank,Chinook|Coho|Sockeye_Adult|Jack_AD|UM|UNK_Kept,PE,catch,degrees_freedom,26.5,week
736E14B6-43E9-4504-B4D7-D35AC0AB1B75,CRM - Roving Creel Project,Drano Lake salmon and steelhead 2024,2,2024-09-02,2024-09-08,36,weekend,Bank,Chinook|Coho|Sockeye_Adult|Jack_AD|UM|UNK_Kept,PE,catch,total_catch,12.9555,week
736E14B6-43E9-4504-B4D7-D35AC0AB1B75,CRM - Roving Creel Project,Drano Lake salmon and steelhead 2024,2,2024-09-02,2024-09-08,36,weekend,Boat,Chinook|Coho|Sockeye_Adult|Jack_AD|UM|UNK_Kept,PE,catch,number_observations,1,week
736E14B6-43E9-4504-B4D7-D35AC0AB1B75,CRM - Roving Creel Project,Drano Lake salmon and steelhead 2024,2,2024-09-02,2024-09-08,36,weekend,Boat,Chinook|Coho|Sockeye_Adult|Jack_AD|UM|UNK_Kept,PE,catch,daily_mean,0,week
736E14B6-43E9-4504-B4D7-D35AC0AB1B75,CRM - Roving Creel Project,Drano Lake salmon and steelhead 2024,2,2024-09-02,2024-09-08,36,weekend,Boat,Chinook|Coho|Sockeye_Adult|Jack_AD|UM|UNK_Kept,PE,catch,daily_variance,0,week
736E14B6-43E9-4504-B4D7-D35AC0AB1B75,CRM - Roving Creel Project,Drano Lake salmon and steelhead 2024,2,2024-09-02,2024-09-08,36,weekend,Boat,Chinook|Coho|Sockeye_Adult|Jack_AD|UM|UNK_Kept,PE,catch,days_open,3,week
736E14B6-43E9-4504-B4D7-D35AC0AB1B75,CRM - Roving Creel Project,Drano Lake salmon and steelhead 2024,2,2024-09-02,2024-09-08,36,weekend,Boat,Chinook|Coho|Sockeye_Adult|Jack_AD|UM|UNK_Kept,PE,catch,degrees_freedom,26.5,week
736E14B6-43E9-4504-B4D7-D35AC0AB1B75,CRM - Roving Creel Project,Drano Lake salmon and steelhead 2024,2,2024-09-02,2024-09-08,36,weekend,Boat,Chinook|Coho|Sockeye_Adult|Jack_AD|UM|UNK_Kept,PE,catch,total_catch,0,week
736E14B6-43E9-4504-B4D7-D35AC0AB1B75,CRM - Roving Creel Project,Drano Lake salmon and steelhead 2024,2,2024-09-09,2024-09-15,37,weekday,Bank,Chinook|Coho|Sockeye_Adult|Jack_AD|UM|UNK_Kept,PE,catch,number_observations,2,week
736E14B6-43E9-4504-B4D7-D35AC0AB1B75,CRM - Roving Creel Project,Drano Lake salmon and steelhead 2024,2,2024-09-09,2024-09-15,37,weekday,Bank,Chinook|Coho|Sockeye_Adult|Jack_AD|UM|UNK_Kept,PE,catch,daily_mean,0,week
736E14B6-43E9-4504-B4D7-D35AC0AB1B75,CRM - Roving Creel Project,Drano Lake salmon and steelhead 2024,2,2024-09-09,2024-09-15,37,weekday,Bank,Chinook|Coho|Sockeye_Adult|Jack_AD|UM|UNK_Kept,PE,catch,daily_variance,0,week
736E14B6-43E9-4504-B4D7-D35AC0AB1B75,CRM - Roving Creel Project,Drano Lake salmon and steelhead 2024,2,2024-09-09,2024-09-15,37,weekday,Bank,Chinook|Coho|Sockeye_Adult|Jack_AD|UM|UNK_Kept,PE,catch,days_open,5,week
736E14B6-43E9-4504-B4D7-D35AC0AB1B75,CRM - Roving Creel Project,Drano Lake salmon and steelhead 2024,2,2024-09-09,2024-09-15,37,weekday,Bank,Chinook|Coho|Sockeye_Adult|Jack_AD|UM|UNK_Kept,PE,catch,degrees_freedom,26.5,week
736E14B6-43E9-4504-B4D7-D35AC0AB1B75,CRM - Roving Creel Project,Drano Lake salmon and steelhead 2024,2,2024-09-09,2024-09-15,37,weekday,Bank,Chinook|Coho|Sockeye_Adult|Jack_AD|UM|UNK_Kept,PE,catch,total_catch,0,week
736E14B6-43E9-4504-B4D7-D35AC0AB1B75,CRM - Roving Creel Project,Drano Lake salmon and steelhead 2024,2,2024-09-09,2024-09-15,37,weekday,Boat,Chinook|Coho|Sockeye_Adult|Jack_AD|UM|UNK_Kept,PE,catch,number_observations,2,week
736E14B6-43E9-4504-B4D7-D35AC0AB1B75,CRM - Roving Creel Project,Drano Lake salmon and steelhead 2024,2,2024-09-09,2024-09-15,37,weekday,Boat,Chinook|Coho|Sockeye_Adult|Jack_AD|UM|UNK_Kept,PE,catch,daily_mean,42.3755,week
736E14B6-43E9-4504-B4D7-D35AC0AB1B75,CRM - Roving Creel Project,Drano Lake salmon and steelhead 2024,2,2024-09-09,2024-09-15,37,weekday,Boat,Chinook|Coho|Sockeye_Adult|Jack_AD|UM|UNK_Kept,PE,catch,daily_variance,3591.3660005000006,week
736E14B6-43E9-4504-B4D7-D35AC0AB1B75,CRM - Roving Creel Project,Drano Lake salmon and steelhead 2024,2,2024-09-09,2024-09-15,37,weekday,Boat,Chinook|Coho|Sockeye_Adult|Jack_AD|UM|UNK_Kept,PE,catch,days_open,5,week
736E14B6-43E9-4504-B4D7-D35AC0AB1B75,CRM - Roving Creel Project,Drano Lake salmon and steelhead 2024,2,2024-09-09,2024-09-15,37,weekday,Boat,Chinook|Coho|Sockeye_Adult|Jack_AD|UM|UNK_Kept,PE,catch,degrees_freedom,26.5,week
736E14B6-43E9-4504-B4D7-D35AC0AB1B75,CRM - Roving Creel Project,Drano Lake salmon and steelhead 2024,2,2024-09-09,2024-09-15,37,weekday,Boat,Chinook|Coho|Sockeye_Adult|Jack_AD|UM|UNK_Kept,PE,catch,total_catch,211.8775,week
736E14B6-43E9-4504-B4D7-D35AC0AB1B75,CRM - Roving Creel Project,Drano Lake salmon and steelhead 2024,2,2024-09-09,2024-09-15,37,weekend,Bank,Chinook|Coho|Sockeye_Adult|Jack_AD|UM|UNK_Kept,PE,catch,number_observations,1,week
736E14B6-43E9-4504-B4D7-D35AC0AB1B75,CRM - Roving Creel Project,Drano Lake salmon and steelhead 2024,2,2024-09-09,2024-09-15,37,weekend,Bank,Chinook|Coho|Sockeye_Adult|Jack_AD|UM|UNK_Kept,PE,catch,daily_mean,2.876,week
736E14B6-43E9-4504-B4D7-D35AC0AB1B75,CRM - Roving Creel Project,Drano Lake salmon and steelhead 2024,2,2024-09-09,2024-09-15,37,weekend,Bank,Chinook|Coho|Sockeye_Adult|Jack_AD|UM|UNK_Kept,PE,catch,daily_variance,0,week
736E14B6-43E9-4504-B4D7-D35AC0AB1B75,CRM - Roving Creel Project,Drano Lake salmon and steelhead 2024,2,2024-09-09,2024-09-15,37,weekend,Bank,Chinook|Coho|Sockeye_Adult|Jack_AD|UM|UNK_Kept,PE,catch,days_open,2,week
736E14B6-43E9-4504-B4D7-D35AC0AB1B75,CRM - Roving Creel Project,Drano Lake salmon and steelhead 2024,2,2024-09-09,2024-09-15,37,weekend,Bank,Chinook|Coho|Sockeye_Adult|Jack_AD|UM|UNK_Kept,PE,catch,degrees_freedom,26.5,week
736E14B6-43E9-4504-B4D7-D35AC0AB1B75,CRM - Roving Creel Project,Drano Lake salmon and steelhead 2024,2,2024-09-09,2024-09-15,37,weekend,Bank,Chinook|Coho|Sockeye_Adult|Jack_AD|UM|UNK_Kept,PE,catch,total_catch,5.752,week
736E14B6-43E9-4504-B4D7-D35AC0AB1B75,CRM - Roving Creel Project,Drano Lake salmon and steelhead 2024,2,2024-09-09,2024-09-15,37,weekend,Boat,Chinook|Coho|Sockeye_Adult|Jack_AD|UM|UNK_Kept,PE,catch,number_observations,2,week
736E14B6-43E9-4504-B4D7-D35AC0AB1B75,CRM - Roving Creel Project,Drano Lake salmon and steelhead 2024,2,2024-09-09,2024-09-15,37,weekend,Boat,Chinook|Coho|Sockeye_Adult|Jack_AD|UM|UNK_Kept,PE,catch,daily_mean,18.1685,week
736E14B6-43E9-4504-B4D7-D35AC0AB1B75,CRM - Roving Creel Project,Drano Lake salmon and steelhead 2024,2,2024-09-09,2024-09-15,37,weekend,Boat,Chinook|Coho|Sockeye_Adult|Jack_AD|UM|UNK_Kept,PE,catch,daily_variance,660.1887845000001,week
736E14B6-43E9-4504-B4D7-D35AC0AB1B75,CRM - Roving Creel Project,Drano Lake salmon and steelhead 2024,2,2024-09-09,2024-09-15,37,weekend,Boat,Chinook|Coho|Sockeye_Adult|Jack_AD|UM|UNK_Kept,PE,catch,days_open,2,week
736E14B6-43E9-4504-B4D7-D35AC0AB1B75,CRM - Roving Creel Project,Drano Lake salmon and steelhead 2024,2,2024-09-09,2024-09-15,37,weekend,Boat,Chinook|Coho|Sockeye_Adult|Jack_AD|UM|UNK_Kept,PE,catch,degrees_freedom,26.5,week
736E14B6-43E9-4504-B4D7-D35AC0AB1B75,CRM - Roving Creel Project,Drano Lake salmon and steelhead 2024,2,2024-09-09,2024-09-15,37,weekend,Boat,Chinook|Coho|Sockeye_Adult|Jack_AD|UM|UNK_Kept,PE,catch,total_catch,36.337,week
736E14B6-43E9-4504-B4D7-D35AC0AB1B75,CRM - Roving Creel Project,Drano Lake salmon and steelhead 2024,2,2024-09-16,2024-09-22,38,weekday,Boat,Chinook|Coho|Sockeye_Adult|Jack_AD|UM|UNK_Kept,PE,catch,number_observations,2,week
736E14B6-43E9-4504-B4D7-D35AC0AB1B75,CRM - Roving Creel Project,Drano Lake salmon and steelhead 2024,2,2024-09-16,2024-09-22,38,weekday,Boat,Chinook|Coho|Sockeye_Adult|Jack_AD|UM|UNK_Kept,PE,catch,daily_mean,19.1165,week
736E14B6-43E9-4504-B4D7-D35AC0AB1B75,CRM - Roving Creel Project,Drano Lake salmon and steelhead 2024,2,2024-09-16,2024-09-22,38,weekday,Boat,Chinook|Coho|Sockeye_Adult|Jack_AD|UM|UNK_Kept,PE,catch,daily_variance,730.8811444999999,week
736E14B6-43E9-4504-B4D7-D35AC0AB1B75,CRM - Roving Creel Project,Drano Lake salmon and steelhead 2024,2,2024-09-16,2024-09-22,38,weekday,Boat,Chinook|Coho|Sockeye_Adult|Jack_AD|UM|UNK_Kept,PE,catch,days_open,5,week
736E14B6-43E9-4504-B4D7-D35AC0AB1B75,CRM - Roving Creel Project,Drano Lake salmon and steelhead 2024,2,2024-09-16,2024-09-22,38,weekday,Boat,Chinook|Coho|Sockeye_Adult|Jack_AD|UM|UNK_Kept,PE,catch,degrees_freedom,26.5,week
736E14B6-43E9-4504-B4D7-D35AC0AB1B75,CRM - Roving Creel Project,Drano Lake salmon and steelhead 2024,2,2024-09-16,2024-09-22,38,weekday,Boat,Chinook|Coho|Sockeye_Adult|Jack_AD|UM|UNK_Kept,PE,catch,total_catch,95.5825,week
736E14B6-43E9-4504-B4D7-D35AC0AB1B75,CRM - Roving Creel Project,Drano Lake salmon and steelhead 2024,2,2024-09-16,2024-09-22,38,weekend,Bank,Chinook|Coho|Sockeye_Adult|Jack_AD|UM|UNK_Kept,PE,catch,number_observations,2,week
736E14B6-43E9-4504-B4D7-D35AC0AB1B75,CRM - Roving Creel Project,Drano Lake salmon and steelhead 2024,2,2024-09-16,2024-09-22,38,weekend,Bank,Chinook|Coho|Sockeye_Adult|Jack_AD|UM|UNK_Kept,PE,catch,daily_mean,0,week
736E14B6-43E9-4504-B4D7-D35AC0AB1B75,CRM - Roving Creel Project,Drano Lake salmon and steelhead 2024,2,2024-09-16,2024-09-22,38,weekend,Bank,Chinook|Coho|Sockeye_Adult|Jack_AD|UM|UNK_Kept,PE,catch,daily_variance,0,week
736E14B6-43E9-4504-B4D7-D35AC0AB1B75,CRM - Roving Creel Project,Drano Lake salmon and steelhead 2024,2,2024-09-16,2024-09-22,38,weekend,Bank,Chinook|Coho|Sockeye_Adult|Jack_AD|UM|UNK_Kept,PE,catch,days_open,2,week
736E14B6-43E9-4504-B4D7-D35AC0AB1B75,CRM - Roving Creel Project,Drano Lake salmon and steelhead 2024,2,2024-09-16,2024-09-22,38,weekend,Bank,Chinook|Coho|Sockeye_Adult|Jack_AD|UM|UNK_Kept,PE,catch,degrees_freedom,26.5,week
736E14B6-43E9-4504-B4D7-D35AC0AB1B75,CRM - Roving Creel Project,Drano Lake salmon and steelhead 2024,2,2024-09-16,2024-09-22,38,weekend,Bank,Chinook|Coho|Sockeye_Adult|Jack_AD|UM|UNK_Kept,PE,catch,total_catch,0,week
736E14B6-43E9-4504-B4D7-D35AC0AB1B75,CRM - Roving Creel Project,Drano Lake salmon and steelhead 2024,2,2024-09-16,2024-09-22,38,weekend,Boat,Chinook|Coho|Sockeye_Adult|Jack_AD|UM|UNK_Kept,PE,catch,number_observations,1,week
736E14B6-43E9-4504-B4D7-D35AC0AB1B75,CRM - Roving Creel Project,Drano Lake salmon and steelhead 2024,2,2024-09-16,2024-09-22,38,weekend,Boat,Chinook|Coho|Sockeye_Adult|Jack_AD|UM|UNK_Kept,PE,catch,daily_mean,16.443,week
736E14B6-43E9-4504-B4D7-D35AC0AB1B75,CRM - Roving Creel Project,Drano Lake salmon and steelhead 2024,2,2024-09-16,2024-09-22,38,weekend,Boat,Chinook|Coho|Sockeye_Adult|Jack_AD|UM|UNK_Kept,PE,catch,daily_variance,0,week
736E14B6-43E9-4504-B4D7-D35AC0AB1B75,CRM - Roving Creel Project,Drano Lake salmon and steelhead 2024,2,2024-09-16,2024-09-22,38,weekend,Boat,Chinook|Coho|Sockeye_Adult|Jack_AD|UM|UNK_Kept,PE,catch,days_open,2,week
736E14B6-43E9-4504-B4D7-D35AC0AB1B75,CRM - Roving Creel Project,Drano Lake salmon and steelhead 2024,2,2024-09-16,2024-09-22,38,weekend,Boat,Chinook|Coho|Sockeye_Adult|Jack_AD|UM|UNK_Kept,PE,catch,degrees_freedom,26.5,week
736E14B6-43E9-4504-B4D7-D35AC0AB1B75,CRM - Roving Creel Project,Drano Lake salmon and steelhead 2024,2,2024-09-16,2024-09-22,38,weekend,Boat,Chinook|Coho|Sockeye_Adult|Jack_AD|UM|UNK_Kept,PE,catch,total_catch,32.886,week
736E14B6-43E9-4504-B4D7-D35AC0AB1B75,CRM - Roving Creel Project,Drano Lake salmon and steelhead 2024,2,2024-09-23,2024-09-29,39,weekday,Bank,Chinook|Coho|Sockeye_Adult|Jack_AD|UM|UNK_Kept,PE,catch,number_observations,1,week
736E14B6-43E9-4504-B4D7-D35AC0AB1B75,CRM - Roving Creel Project,Drano Lake salmon and steelhead 2024,2,2024-09-23,2024-09-29,39,weekday,Bank,Chinook|Coho|Sockeye_Adult|Jack_AD|UM|UNK_Kept,PE,catch,daily_mean,0,week
736E14B6-43E9-4504-B4D7-D35AC0AB1B75,CRM - Roving Creel Project,Drano Lake salmon and steelhead 2024,2,2024-09-23,2024-09-29,39,weekday,Bank,Chinook|Coho|Sockeye_Adult|Jack_AD|UM|UNK_Kept,PE,catch,daily_variance,0,week
736E14B6-43E9-4504-B4D7-D35AC0AB1B75,CRM - Roving Creel Project,Drano Lake salmon and steelhead 2024,2,2024-09-23,2024-09-29,39,weekday,Bank,Chinook|Coho|Sockeye_Adult|Jack_AD|UM|UNK_Kept,PE,catch,days_open,5,week
736E14B6-43E9-4504-B4D7-D35AC0AB1B75,CRM - Roving Creel Project,Drano Lake salmon and steelhead 2024,2,2024-09-23,2024-09-29,39,weekday,Bank,Chinook|Coho|Sockeye_Adult|Jack_AD|UM|UNK_Kept,PE,catch,degrees_freedom,26.5,week
736E14B6-43E9-4504-B4D7-D35AC0AB1B75,CRM - Roving Creel Project,Drano Lake salmon and steelhead 2024,2,2024-09-23,2024-09-29,39,weekday,Bank,Chinook|Coho|Sockeye_Adult|Jack_AD|UM|UNK_Kept,PE,catch,total_catch,0,week
736E14B6-43E9-4504-B4D7-D35AC0AB1B75,CRM - Roving Creel Project,Drano Lake salmon and steelhead 2024,2,2024-09-23,2024-09-29,39,weekend,Bank,Chinook|Coho|Sockeye_Adult|Jack_AD|UM|UNK_Kept,PE,catch,number_observations,2,week
736E14B6-43E9-4504-B4D7-D35AC0AB1B75,CRM - Roving Creel Project,Drano Lake salmon and steelhead 2024,2,2024-09-23,2024-09-29,39,weekend,Bank,Chinook|Coho|Sockeye_Adult|Jack_AD|UM|UNK_Kept,PE,catch,daily_mean,7.44,week
736E14B6-43E9-4504-B4D7-D35AC0AB1B75,CRM - Roving Creel Project,Drano Lake salmon and steelhead 2024,2,2024-09-23,2024-09-29,39,weekend,Bank,Chinook|Coho|Sockeye_Adult|Jack_AD|UM|UNK_Kept,PE,catch,daily_variance,39.214368,week
736E14B6-43E9-4504-B4D7-D35AC0AB1B75,CRM - Roving Creel Project,Drano Lake salmon and steelhead 2024,2,2024-09-23,2024-09-29,39,weekend,Bank,Chinook|Coho|Sockeye_Adult|Jack_AD|UM|UNK_Kept,PE,catch,days_open,2,week
736E14B6-43E9-4504-B4D7-D35AC0AB1B75,CRM - Roving Creel Project,Drano Lake salmon and steelhead 2024,2,2024-09-23,2024-09-29,39,weekend,Bank,Chinook|Coho|Sockeye_Adult|Jack_AD|UM|UNK_Kept,PE,catch,degrees_freedom,26.5,week
736E14B6-43E9-4504-B4D7-D35AC0AB1B75,CRM - Roving Creel Project,Drano Lake salmon and steelhead 2024,2,2024-09-23,2024-09-29,39,weekend,Bank,Chinook|Coho|Sockeye_Adult|Jack_AD|UM|UNK_Kept,PE,catch,total_catch,14.88,week
736E14B6-43E9-4504-B4D7-D35AC0AB1B75,CRM - Roving Creel Project,Drano Lake salmon and steelhead 2024,2,2024-09-23,2024-09-29,39,weekend,Boat,Chinook|Coho|Sockeye_Adult|Jack_AD|UM|UNK_Kept,PE,catch,number_observations,2,week
736E14B6-43E9-4504-B4D7-D35AC0AB1B75,CRM - Roving Creel Project,Drano Lake salmon and steelhead 2024,2,2024-09-23,2024-09-29,39,weekend,Boat,Chinook|Coho|Sockeye_Adult|Jack_AD|UM|UNK_Kept,PE,catch,daily_mean,7.314,week
736E14B6-43E9-4504-B4D7-D35AC0AB1B75,CRM - Roving Creel Project,Drano Lake salmon and steelhead 2024,2,2024-09-23,2024-09-29,39,weekend,Boat,Chinook|Coho|Sockeye_Adult|Jack_AD|UM|UNK_Kept,PE,catch,daily_variance,106.989192,week
736E14B6-43E9-4504-B4D7-D35AC0AB1B75,CRM - Roving Creel Project,Drano Lake salmon and steelhead 2024,2,2024-09-23,2024-09-29,39,weekend,Boat,Chinook|Coho|Sockeye_Adult|Jack_AD|UM|UNK_Kept,PE,catch,days_open,2,week
736E14B6-43E9-4504-B4D7-D35AC0AB1B75,CRM - Roving Creel Project,Drano Lake salmon and steelhead 2024,2,2024-09-23,2024-09-29,39,weekend,Boat,Chinook|Coho|Sockeye_Adult|Jack_AD|UM|UNK_Kept,PE,catch,degrees_freedom,26.5,week
736E14B6-43E9-4504-B4D7-D35AC0AB1B75,CRM - Roving Creel Project,Drano Lake salmon and steelhead 2024,2,2024-09-23,2024-09-29,39,weekend,Boat,Chinook|Coho|Sockeye_Adult|Jack_AD|UM|UNK_Kept,PE,catch,total_catch,14.628,week
736E14B6-43E9-4504-B4D7-D35AC0AB1B75,CRM - Roving Creel Project,Drano Lake salmon and steelhead 2024,2,2024-09-30,2024-10-06,40,weekday,Bank,Chinook|Coho|Sockeye_Adult|Jack_AD|UM|UNK_Kept,PE,catch,number_observations,1,week
736E14B6-43E9-4504-B4D7-D35AC0AB1B75,CRM - Roving Creel Project,Drano Lake salmon and steelhead 2024,2,2024-09-30,2024-10-06,40,weekday,Bank,Chinook|Coho|Sockeye_Adult|Jack_AD|UM|UNK_Kept,PE,catch,daily_mean,4.949,week
736E14B6-43E9-4504-B4D7-D35AC0AB1B75,CRM - Roving Creel Project,Drano Lake salmon and steelhead 2024,2,2024-09-30,2024-10-06,40,weekday,Bank,Chinook|Coho|Sockeye_Adult|Jack_AD|UM|UNK_Kept,PE,catch,daily_variance,0,week
736E14B6-43E9-4504-B4D7-D35AC0AB1B75,CRM - Roving Creel Project,Drano Lake salmon and steelhead 2024,2,2024-09-30,2024-10-06,40,weekday,Bank,Chinook|Coho|Sockeye_Adult|Jack_AD|UM|UNK_Kept,PE,catch,days_open,4,week
736E14B6-43E9-4504-B4D7-D35AC0AB1B75,CRM - Roving Creel Project,Drano Lake salmon and steelhead 2024,2,2024-09-30,2024-10-06,40,weekday,Bank,Chinook|Coho|Sockeye_Adult|Jack_AD|UM|UNK_Kept,PE,catch,degrees_freedom,26.5,week
736E14B6-43E9-4504-B4D7-D35AC0AB1B75,CRM - Roving Creel Project,Drano Lake salmon and steelhead 2024,2,2024-09-30,2024-10-06,40,weekday,Bank,Chinook|Coho|Sockeye_Adult|Jack_AD|UM|UNK_Kept,PE,catch,total_catch,19.796,week
736E14B6-43E9-4504-B4D7-D35AC0AB1B75,CRM - Roving Creel Project,Drano Lake salmon and steelhead 2024,2,2024-09-30,2024-10-06,40,weekday,Boat,Chinook|Coho|Sockeye_Adult|Jack_AD|UM|UNK_Kept,PE,catch,number_observations,2,week
736E14B6-43E9-4504-B4D7-D35AC0AB1B75,CRM - Roving Creel Project,Drano Lake salmon and steelhead 2024,2,2024-09-30,2024-10-06,40,weekday,Boat,Chinook|Coho|Sockeye_Adult|Jack_AD|UM|UNK_Kept,PE,catch,daily_mean,23.4725,week
736E14B6-43E9-4504-B4D7-D35AC0AB1B75,CRM - Roving Creel Project,Drano Lake salmon and steelhead 2024,2,2024-09-30,2024-10-06,40,weekday,Boat,Chinook|Coho|Sockeye_Adult|Jack_AD|UM|UNK_Kept,PE,catch,daily_variance,1101.9165125,week
736E14B6-43E9-4504-B4D7-D35AC0AB1B75,CRM - Roving Creel Project,Drano Lake salmon and steelhead 2024,2,2024-09-30,2024-10-06,40,weekday,Boat,Chinook|Coho|Sockeye_Adult|Jack_AD|UM|UNK_Kept,PE,catch,days_open,4,week
736E14B6-43E9-4504-B4D7-D35AC0AB1B75,CRM - Roving Creel Project,Drano Lake salmon and steelhead 2024,2,2024-09-30,2024-10-06,40,weekday,Boat,Chinook|Coho|Sockeye_Adult|Jack_AD|UM|UNK_Kept,PE,catch,degrees_freedom,26.5,week
736E14B6-43E9-4504-B4D7-D35AC0AB1B75,CRM - Roving Creel Project,Drano Lake salmon and steelhead 2024,2,2024-09-30,2024-10-06,40,weekday,Boat,Chinook|Coho|Sockeye_Adult|Jack_AD|UM|UNK_Kept,PE,catch,total_catch,93.89,week
736E14B6-43E9-4504-B4D7-D35AC0AB1B75,CRM - Roving Creel Project,Drano Lake salmon and steelhead 2024,2,2024-09-30,2024-10-06,40,weekend,Bank,Chinook|Coho|Sockeye_Adult|Jack_AD|UM|UNK_Kept,PE,catch,number_observations,2,week
736E14B6-43E9-4504-B4D7-D35AC0AB1B75,CRM - Roving Creel Project,Drano Lake salmon and steelhead 2024,2,2024-09-30,2024-10-06,40,weekend,Bank,Chinook|Coho|Sockeye_Adult|Jack_AD|UM|UNK_Kept,PE,catch,daily_mean,22.477,week
736E14B6-43E9-4504-B4D7-D35AC0AB1B75,CRM - Roving Creel Project,Drano Lake salmon and steelhead 2024,2,2024-09-30,2024-10-06,40,weekend,Bank,Chinook|Coho|Sockeye_Adult|Jack_AD|UM|UNK_Kept,PE,catch,daily_variance,245.31125,week
736E14B6-43E9-4504-B4D7-D35AC0AB1B75,CRM - Roving Creel Project,Drano Lake salmon and steelhead 2024,2,2024-09-30,2024-10-06,40,weekend,Bank,Chinook|Coho|Sockeye_Adult|Jack_AD|UM|UNK_Kept,PE,catch,days_open,2,week
736E14B6-43E9-4504-B4D7-D35AC0AB1B75,CRM - Roving Creel Project,Drano Lake salmon and steelhead 2024,2,2024-09-30,2024-10-06,40,weekend,Bank,Chinook|Coho|Sockeye_Adult|Jack_AD|UM|UNK_Kept,PE,catch,degrees_freedom,26.5,week
736E14B6-43E9-4504-B4D7-D35AC0AB1B75,CRM - Roving Creel Project,Drano Lake salmon and steelhead 2024,2,2024-09-30,2024-10-06,40,weekend,Bank,Chinook|Coho|Sockeye_Adult|Jack_AD|UM|UNK_Kept,PE,catch,total_catch,44.954,week
736E14B6-43E9-4504-B4D7-D35AC0AB1B75,CRM - Roving Creel Project,Drano Lake salmon and steelhead 2024,2,2024-09-30,2024-10-06,40,weekend,Boat,Chinook|Coho|Sockeye_Adult|Jack_AD|UM|UNK_Kept,PE,catch,number_observations,2,week
736E14B6-43E9-4504-B4D7-D35AC0AB1B75,CRM - Roving Creel Project,Drano Lake salmon and steelhead 2024,2,2024-09-30,2024-10-06,40,weekend,Boat,Chinook|Coho|Sockeye_Adult|Jack_AD|UM|UNK_Kept,PE,catch,daily_mean,28.130499999999998,week
736E14B6-43E9-4504-B4D7-D35AC0AB1B75,CRM - Roving Creel Project,Drano Lake salmon and steelhead 2024,2,2024-09-30,2024-10-06,40,weekend,Boat,Chinook|Coho|Sockeye_Adult|Jack_AD|UM|UNK_Kept,PE,catch,daily_variance,223.09056450000003,week
736E14B6-43E9-4504-B4D7-D35AC0AB1B75,CRM - Roving Creel Project,Drano Lake salmon and steelhead 2024,2,2024-09-30,2024-10-06,40,weekend,Boat,Chinook|Coho|Sockeye_Adult|Jack_AD|UM|UNK_Kept,PE,catch,days_open,2,week
736E14B6-43E9-4504-B4D7-D35AC0AB1B75,CRM - Roving Creel Project,Drano Lake salmon and steelhead 2024,2,2024-09-30,2024-10-06,40,weekend,Boat,Chinook|Coho|Sockeye_Adult|Jack_AD|UM|UNK_Kept,PE,catch,degrees_freedom,26.5,week
736E14B6-43E9-4504-B4D7-D35AC0AB1B75,CRM - Roving Creel Project,Drano Lake salmon and steelhead 2024,2,2024-09-30,2024-10-06,40,weekend,Boat,Chinook|Coho|Sockeye_Adult|Jack_AD|UM|UNK_Kept,PE,catch,total_catch,56.260999999999996,week
736E14B6-43E9-4504-B4D7-D35AC0AB1B75,CRM - Roving Creel Project,Drano Lake salmon and steelhead 2024,2,2024-10-07,2024-10-13,41,weekday,Bank,Chinook|Coho|Sockeye_Adult|Jack_AD|UM|UNK_Kept,PE,catch,number_observations,2,week
736E14B6-43E9-4504-B4D7-D35AC0AB1B75,CRM - Roving Creel Project,Drano Lake salmon and steelhead 2024,2,2024-10-07,2024-10-13,41,weekday,Bank,Chinook|Coho|Sockeye_Adult|Jack_AD|UM|UNK_Kept,PE,catch,daily_mean,1.723,week
736E14B6-43E9-4504-B4D7-D35AC0AB1B75,CRM - Roving Creel Project,Drano Lake salmon and steelhead 2024,2,2024-10-07,2024-10-13,41,weekday,Bank,Chinook|Coho|Sockeye_Adult|Jack_AD|UM|UNK_Kept,PE,catch,daily_variance,5.937458,week
736E14B6-43E9-4504-B4D7-D35AC0AB1B75,CRM - Roving Creel Project,Drano Lake salmon and steelhead 2024,2,2024-10-07,2024-10-13,41,weekday,Bank,Chinook|Coho|Sockeye_Adult|Jack_AD|UM|UNK_Kept,PE,catch,days_open,4,week
736E14B6-43E9-4504-B4D7-D35AC0AB1B75,CRM - Roving Creel Project,Drano Lake salmon and steelhead 2024,2,2024-10-07,2024-10-13,41,weekday,Bank,Chinook|Coho|Sockeye_Adult|Jack_AD|UM|UNK_Kept,PE,catch,degrees_freedom,26.5,week
736E14B6-43E9-4504-B4D7-D35AC0AB1B75,CRM - Roving Creel Project,Drano Lake salmon and steelhead 2024,2,2024-10-07,2024-10-13,41,weekday,Bank,Chinook|Coho|Sockeye_Adult|Jack_AD|UM|UNK_Kept,PE,catch,total_catch,6.892,week
736E14B6-43E9-4504-B4D7-D35AC0AB1B75,CRM - Roving Creel Project,Drano Lake salmon and steelhead 2024,2,2024-10-07,2024-10-13,41,weekday,Boat,Chinook|Coho|Sockeye_Adult|Jack_AD|UM|UNK_Kept,PE,catch,number_observations,1,week
736E14B6-43E9-4504-B4D7-D35AC0AB1B75,CRM - Roving Creel Project,Drano Lake salmon and steelhead 2024,2,2024-10-07,2024-10-13,41,weekday,Boat,Chinook|Coho|Sockeye_Adult|Jack_AD|UM|UNK_Kept,PE,catch,daily_mean,6.084,week
736E14B6-43E9-4504-B4D7-D35AC0AB1B75,CRM - Roving Creel Project,Drano Lake salmon and steelhead 2024,2,2024-10-07,2024-10-13,41,weekday,Boat,Chinook|Coho|Sockeye_Adult|Jack_AD|UM|UNK_Kept,PE,catch,daily_variance,0,week
736E14B6-43E9-4504-B4D7-D35AC0AB1B75,CRM - Roving Creel Project,Drano Lake salmon and steelhead 2024,2,2024-10-07,2024-10-13,41,weekday,Boat,Chinook|Coho|Sockeye_Adult|Jack_AD|UM|UNK_Kept,PE,catch,days_open,4,week
736E14B6-43E9-4504-B4D7-D35AC0AB1B75,CRM - Roving Creel Project,Drano Lake salmon and steelhead 2024,2,2024-10-07,2024-10-13,41,weekday,Boat,Chinook|Coho|Sockeye_Adult|Jack_AD|UM|UNK_Kept,PE,catch,degrees_freedom,26.5,week
736E14B6-43E9-4504-B4D7-D35AC0AB1B75,CRM - Roving Creel Project,Drano Lake salmon and steelhead 2024,2,2024-10-07,2024-10-13,41,weekday,Boat,Chinook|Coho|Sockeye_Adult|Jack_AD|UM|UNK_Kept,PE,catch,total_catch,24.336,week
736E14B6-43E9-4504-B4D7-D35AC0AB1B75,CRM - Roving Creel Project,Drano Lake salmon and steelhead 2024,2,2024-10-07,2024-10-13,41,weekend,Bank,Chinook|Coho|Sockeye_Adult|Jack_AD|UM|UNK_Kept,PE,catch,number_observations,2,week
736E14B6-43E9-4504-B4D7-D35AC0AB1B75,CRM - Roving Creel Project,Drano Lake salmon and steelhead 2024,2,2024-10-07,2024-10-13,41,weekend,Bank,Chinook|Coho|Sockeye_Adult|Jack_AD|UM|UNK_Kept,PE,catch,daily_mean,0,week
736E14B6-43E9-4504-B4D7-D35AC0AB1B75,CRM - Roving Creel Project,Drano Lake salmon and steelhead 2024,2,2024-10-07,2024-10-13,41,weekend,Bank,Chinook|Coho|Sockeye_Adult|Jack_AD|UM|UNK_Kept,PE,catch,daily_variance,0,week
736E14B6-43E9-4504-B4D7-D35AC0AB1B75,CRM - Roving Creel Project,Drano Lake salmon and steelhead 2024,2,2024-10-07,2024-10-13,41,weekend,Bank,Chinook|Coho|Sockeye_Adult|Jack_AD|UM|UNK_Kept,PE,catch,days_open,2,week
736E14B6-43E9-4504-B4D7-D35AC0AB1B75,CRM - Roving Creel Project,Drano Lake salmon and steelhead 2024,2,2024-10-07,2024-10-13,41,weekend,Bank,Chinook|Coho|Sockeye_Adult|Jack_AD|UM|UNK_Kept,PE,catch,degrees_freedom,26.5,week
736E14B6-43E9-4504-B4D7-D35AC0AB1B75,CRM - Roving Creel Project,Drano Lake salmon and steelhead 2024,2,2024-10-07,2024-10-13,41,weekend,Bank,Chinook|Coho|Sockeye_Adult|Jack_AD|UM|UNK_Kept,PE,catch,total_catch,0,week
736E14B6-43E9-4504-B4D7-D35AC0AB1B75,CRM - Roving Creel Project,Drano Lake salmon and steelhead 2024,2,2024-10-07,2024-10-13,41,weekend,Boat,Chinook|Coho|Sockeye_Adult|Jack_AD|UM|UNK_Kept,PE,catch,number_observations,2,week
736E14B6-43E9-4504-B4D7-D35AC0AB1B75,CRM - Roving Creel Project,Drano Lake salmon and steelhead 2024,2,2024-10-07,2024-10-13,41,weekend,Boat,Chinook|Coho|Sockeye_Adult|Jack_AD|UM|UNK_Kept,PE,catch,daily_mean,34.222500000000004,week
736E14B6-43E9-4504-B4D7-D35AC0AB1B75,CRM - Roving Creel Project,Drano Lake salmon and steelhead 2024,2,2024-10-07,2024-10-13,41,weekend,Boat,Chinook|Coho|Sockeye_Adult|Jack_AD|UM|UNK_Kept,PE,catch,daily_variance,1098.0703845,week
736E14B6-43E9-4504-B4D7-D35AC0AB1B75,CRM - Roving Creel Project,Drano Lake salmon and steelhead 2024,2,2024-10-07,2024-10-13,41,weekend,Boat,Chinook|Coho|Sockeye_Adult|Jack_AD|UM|UNK_Kept,PE,catch,days_open,2,week
736E14B6-43E9-4504-B4D7-D35AC0AB1B75,CRM - Roving Creel Project,Drano Lake salmon and steelhead 2024,2,2024-10-07,2024-10-13,41,weekend,Boat,Chinook|Coho|Sockeye_Adult|Jack_AD|UM|UNK_Kept,PE,catch,degrees_freedom,26.5,week
736E14B6-43E9-4504-B4D7-D35AC0AB1B75,CRM - Roving Creel Project,Drano Lake salmon and steelhead 2024,2,2024-10-07,2024-10-13,41,weekend,Boat,Chinook|Coho|Sockeye_Adult|Jack_AD|UM|UNK_Kept,PE,catch,total_catch,68.44500000000001,week
736E14B6-43E9-4504-B4D7-D35AC0AB1B75,CRM - Roving Creel Project,Drano Lake salmon and steelhead 2024,2,2024-10-14,2024-10-20,42,weekday,Bank,Chinook|Coho|Sockeye_Adult|Jack_AD|UM|UNK_Kept,PE,catch,number_observations,1,week
736E14B6-43E9-4504-B4D7-D35AC0AB1B75,CRM - Roving Creel Project,Drano Lake salmon and steelhead 2024,2,2024-10-14,2024-10-20,42,weekday,Bank,Chinook|Coho|Sockeye_Adult|Jack_AD|UM|UNK_Kept,PE,catch,daily_mean,10.363,week
736E14B6-43E9-4504-B4D7-D35AC0AB1B75,CRM - Roving Creel Project,Drano Lake salmon and steelhead 2024,2,2024-10-14,2024-10-20,42,weekday,Bank,Chinook|Coho|Sockeye_Adult|Jack_AD|UM|UNK_Kept,PE,catch,daily_variance,0,week
736E14B6-43E9-4504-B4D7-D35AC0AB1B75,CRM - Roving Creel Project,Drano Lake salmon and steelhead 2024,2,2024-10-14,2024-10-20,42,weekday,Bank,Chinook|Coho|Sockeye_Adult|Jack_AD|UM|UNK_Kept,PE,catch,days_open,4,week
736E14B6-43E9-4504-B4D7-D35AC0AB1B75,CRM - Roving Creel Project,Drano Lake salmon and steelhead 2024,2,2024-10-14,2024-10-20,42,weekday,Bank,Chinook|Coho|Sockeye_Adult|Jack_AD|UM|UNK_Kept,PE,catch,degrees_freedom,26.5,week
736E14B6-43E9-4504-B4D7-D35AC0AB1B75,CRM - Roving Creel Project,Drano Lake salmon and steelhead 2024,2,2024-10-14,2024-10-20,42,weekday,Bank,Chinook|Coho|Sockeye_Adult|Jack_AD|UM|UNK_Kept,PE,catch,total_catch,41.452,week
736E14B6-43E9-4504-B4D7-D35AC0AB1B75,CRM - Roving Creel Project,Drano Lake salmon and steelhead 2024,2,2024-10-14,2024-10-20,42,weekday,Boat,Chinook|Coho|Sockeye_Adult|Jack_AD|UM|UNK_Kept,PE,catch,number_observations,1,week
736E14B6-43E9-4504-B4D7-D35AC0AB1B75,CRM - Roving Creel Project,Drano Lake salmon and steelhead 2024,2,2024-10-14,2024-10-20,42,weekday,Boat,Chinook|Coho|Sockeye_Adult|Jack_AD|UM|UNK_Kept,PE,catch,daily_mean,36.129,week
736E14B6-43E9-4504-B4D7-D35AC0AB1B75,CRM - Roving Creel Project,Drano Lake salmon and steelhead 2024,2,2024-10-14,2024-10-20,42,weekday,Boat,Chinook|Coho|Sockeye_Adult|Jack_AD|UM|UNK_Kept,PE,catch,daily_variance,0,week
736E14B6-43E9-4504-B4D7-D35AC0AB1B75,CRM - Roving Creel Project,Drano Lake salmon and steelhead 2024,2,2024-10-14,2024-10-20,42,weekday,Boat,Chinook|Coho|Sockeye_Adult|Jack_AD|UM|UNK_Kept,PE,catch,days_open,4,week
736E14B6-43E9-4504-B4D7-D35AC0AB1B75,CRM - Roving Creel Project,Drano Lake salmon and steelhead 2024,2,2024-10-14,2024-10-20,42,weekday,Boat,Chinook|Coho|Sockeye_Adult|Jack_AD|UM|UNK_Kept,PE,catch,degrees_freedom,26.5,week
736E14B6-43E9-4504-B4D7-D35AC0AB1B75,CRM - Roving Creel Project,Drano Lake salmon and steelhead 2024,2,2024-10-14,2024-10-20,42,weekday,Boat,Chinook|Coho|Sockeye_Adult|Jack_AD|UM|UNK_Kept,PE,catch,total_catch,144.516,week
736E14B6-43E9-4504-B4D7-D35AC0AB1B75,CRM - Roving Creel Project,Drano Lake salmon and steelhead 2024,2,2024-10-14,2024-10-20,42,weekend,Boat,Chinook|Coho|Sockeye_Adult|Jack_AD|UM|UNK_Kept,PE,catch,number_observations,1,week
736E14B6-43E9-4504-B4D7-D35AC0AB1B75,CRM - Roving Creel Project,Drano Lake salmon and steelhead 2024,2,2024-10-14,2024-10-20,42,weekend,Boat,Chinook|Coho|Sockeye_Adult|Jack_AD|UM|UNK_Kept,PE,catch,daily_mean,0,week
736E14B6-43E9-4504-B4D7-D35AC0AB1B75,CRM - Roving Creel Project,Drano Lake salmon and steelhead 2024,2,2024-10-14,2024-10-20,42,weekend,Boat,Chinook|Coho|Sockeye_Adult|Jack_AD|UM|UNK_Kept,PE,catch,daily_variance,0,week
736E14B6-43E9-4504-B4D7-D35AC0AB1B75,CRM - Roving Creel Project,Drano Lake salmon and steelhead 2024,2,2024-10-14,2024-10-20,42,weekend,Boat,Chinook|Coho|Sockeye_Adult|Jack_AD|UM|UNK_Kept,PE,catch,days_open,2,week
736E14B6-43E9-4504-B4D7-D35AC0AB1B75,CRM - Roving Creel Project,Drano Lake salmon and steelhead 2024,2,2024-10-14,2024-10-20,42,weekend,Boat,Chinook|Coho|Sockeye_Adult|Jack_AD|UM|UNK_Kept,PE,catch,degrees_freedom,26.5,week
736E14B6-43E9-4504-B4D7-D35AC0AB1B75,CRM - Roving Creel Project,Drano Lake salmon and steelhead 2024,2,2024-10-14,2024-10-20,42,weekend,Boat,Chinook|Coho|Sockeye_Adult|Jack_AD|UM|UNK_Kept,PE,catch,total_catch,0,week
736E14B6-43E9-4504-B4D7-D35AC0AB1B75,CRM - Roving Creel Project,Drano Lake salmon and steelhead 2024,2,2024-10-21,2024-10-27,43,weekday,Bank,Chinook|Coho|Sockeye_Adult|Jack_AD|UM|UNK_Kept,PE,catch,number_observations,1,week
736E14B6-43E9-4504-B4D7-D35AC0AB1B75,CRM - Roving Creel Project,Drano Lake salmon and steelhead 2024,2,2024-10-21,2024-10-27,43,weekday,Bank,Chinook|Coho|Sockeye_Adult|Jack_AD|UM|UNK_Kept,PE,catch,daily_mean,0,week
736E14B6-43E9-4504-B4D7-D35AC0AB1B75,CRM - Roving Creel Project,Drano Lake salmon and steelhead 2024,2,2024-10-21,2024-10-27,43,weekday,Bank,Chinook|Coho|Sockeye_Adult|Jack_AD|UM|UNK_Kept,PE,catch,daily_variance,0,week
736E14B6-43E9-4504-B4D7-D35AC0AB1B75,CRM - Roving Creel Project,Drano Lake salmon and steelhead 2024,2,2024-10-21,2024-10-27,43,weekday,Bank,Chinook|Coho|Sockeye_Adult|Jack_AD|UM|UNK_Kept,PE,catch,days_open,4,week
736E14B6-43E9-4504-B4D7-D35AC0AB1B75,CRM - Roving Creel Project,Drano Lake salmon and steelhead 2024,2,2024-10-21,2024-10-27,43,weekday,Bank,Chinook|Coho|Sockeye_Adult|Jack_AD|UM|UNK_Kept,PE,catch,degrees_freedom,26.5,week
736E14B6-43E9-4504-B4D7-D35AC0AB1B75,CRM - Roving Creel Project,Drano Lake salmon and steelhead 2024,2,2024-10-21,2024-10-27,43,weekday,Bank,Chinook|Coho|Sockeye_Adult|Jack_AD|UM|UNK_Kept,PE,catch,total_catch,0,week
736E14B6-43E9-4504-B4D7-D35AC0AB1B75,CRM - Roving Creel Project,Drano Lake salmon and steelhead 2024,2,2024-10-21,2024-10-27,43,weekend,Bank,Chinook|Coho|Sockeye_Adult|Jack_AD|UM|UNK_Kept,PE,catch,number_observations,2,week
736E14B6-43E9-4504-B4D7-D35AC0AB1B75,CRM - Roving Creel Project,Drano Lake salmon and steelhead 2024,2,2024-10-21,2024-10-27,43,weekend,Bank,Chinook|Coho|Sockeye_Adult|Jack_AD|UM|UNK_Kept,PE,catch,daily_mean,0,week
736E14B6-43E9-4504-B4D7-D35AC0AB1B75,CRM - Roving Creel Project,Drano Lake salmon and steelhead 2024,2,2024-10-21,2024-10-27,43,weekend,Bank,Chinook|Coho|Sockeye_Adult|Jack_AD|UM|UNK_Kept,PE,catch,daily_variance,0,week
736E14B6-43E9-4504-B4D7-D35AC0AB1B75,CRM - Roving Creel Project,Drano Lake salmon and steelhead 2024,2,2024-10-21,2024-10-27,43,weekend,Bank,Chinook|Coho|Sockeye_Adult|Jack_AD|UM|UNK_Kept,PE,catch,days_open,2,week
736E14B6-43E9-4504-B4D7-D35AC0AB1B75,CRM - Roving Creel Project,Drano Lake salmon and steelhead 2024,2,2024-10-21,2024-10-27,43,weekend,Bank,Chinook|Coho|Sockeye_Adult|Jack_AD|UM|UNK_Kept,PE,catch,degrees_freedom,26.5,week
736E14B6-43E9-4504-B4D7-D35AC0AB1B75,CRM - Roving Creel Project,Drano Lake salmon and steelhead 2024,2,2024-10-21,2024-10-27,43,weekend,Bank,Chinook|Coho|Sockeye_Adult|Jack_AD|UM|UNK_Kept,PE,catch,total_catch,0,week
736E14B6-43E9-4504-B4D7-D35AC0AB1B75,CRM - Roving Creel Project,Drano Lake salmon and steelhead 2024,2,2024-10-21,2024-10-27,43,weekend,Boat,Chinook|Coho|Sockeye_Adult|Jack_AD|UM|UNK_Kept,PE,catch,number_observations,1,week
736E14B6-43E9-4504-B4D7-D35AC0AB1B75,CRM - Roving Creel Project,Drano Lake salmon and steelhead 2024,2,2024-10-21,2024-10-27,43,weekend,Boat,Chinook|Coho|Sockeye_Adult|Jack_AD|UM|UNK_Kept,PE,catch,daily_mean,9.012,week
736E14B6-43E9-4504-B4D7-D35AC0AB1B75,CRM - Roving Creel Project,Drano Lake salmon and steelhead 2024,2,2024-10-21,2024-10-27,43,weekend,Boat,Chinook|Coho|Sockeye_Adult|Jack_AD|UM|UNK_Kept,PE,catch,daily_variance,0,week
736E14B6-43E9-4504-B4D7-D35AC0AB1B75,CRM - Roving Creel Project,Drano Lake salmon and steelhead 2024,2,2024-10-21,2024-10-27,43,weekend,Boat,Chinook|Coho|Sockeye_Adult|Jack_AD|UM|UNK_Kept,PE,catch,days_open,2,week
736E14B6-43E9-4504-B4D7-D35AC0AB1B75,CRM - Roving Creel Project,Drano Lake salmon and steelhead 2024,2,2024-10-21,2024-10-27,43,weekend,Boat,Chinook|Coho|Sockeye_Adult|Jack_AD|UM|UNK_Kept,PE,catch,degrees_freedom,26.5,week
736E14B6-43E9-4504-B4D7-D35AC0AB1B75,CRM - Roving Creel Project,Drano Lake salmon and steelhead 2024,2,2024-10-21,2024-10-27,43,weekend,Boat,Chinook|Coho|Sockeye_Adult|Jack_AD|UM|UNK_Kept,PE,catch,total_catch,18.024,week
736E14B6-43E9-4504-B4D7-D35AC0AB1B75,CRM - Roving Creel Project,Drano Lake salmon and steelhead 2024,2,2024-10-28,2024-10-31,44,weekday,Bank,Chinook|Coho|Sockeye_Adult|Jack_AD|UM|UNK_Kept,PE,catch,number_observations,1,week
736E14B6-43E9-4504-B4D7-D35AC0AB1B75,CRM - Roving Creel Project,Drano Lake salmon and steelhead 2024,2,2024-10-28,2024-10-31,44,weekday,Bank,Chinook|Coho|Sockeye_Adult|Jack_AD|UM|UNK_Kept,PE,catch,daily_mean,0,week
736E14B6-43E9-4504-B4D7-D35AC0AB1B75,CRM - Roving Creel Project,Drano Lake salmon and steelhead 2024,2,2024-10-28,2024-10-31,44,weekday,Bank,Chinook|Coho|Sockeye_Adult|Jack_AD|UM|UNK_Kept,PE,catch,daily_variance,0,week
736E14B6-43E9-4504-B4D7-D35AC0AB1B75,CRM - Roving Creel Project,Drano Lake salmon and steelhead 2024,2,2024-10-28,2024-10-31,44,weekday,Bank,Chinook|Coho|Sockeye_Adult|Jack_AD|UM|UNK_Kept,PE,catch,days_open,3,week
736E14B6-43E9-4504-B4D7-D35AC0AB1B75,CRM - Roving Creel Project,Drano Lake salmon and steelhead 2024,2,2024-10-28,2024-10-31,44,weekday,Bank,Chinook|Coho|Sockeye_Adult|Jack_AD|UM|UNK_Kept,PE,catch,degrees_freedom,26.5,week
736E14B6-43E9-4504-B4D7-D35AC0AB1B75,CRM - Roving Creel Project,Drano Lake salmon and steelhead 2024,2,2024-10-28,2024-10-31,44,weekday,Bank,Chinook|Coho|Sockeye_Adult|Jack_AD|UM|UNK_Kept,PE,catch,total_catch,0,week
736E14B6-43E9-4504-B4D7-D35AC0AB1B75,CRM - Roving Creel Project,Drano Lake salmon and steelhead 2024,1,2024-07-01,2024-07-07,27,weekday,Bank,NA,PE,effort,number_observations,1,week
736E14B6-43E9-4504-B4D7-D35AC0AB1B75,CRM - Roving Creel Project,Drano Lake salmon and steelhead 2024,1,2024-07-01,2024-07-07,27,weekday,Bank,NA,PE,effort,daily_mean,0,week
736E14B6-43E9-4504-B4D7-D35AC0AB1B75,CRM - Roving Creel Project,Drano Lake salmon and steelhead 2024,1,2024-07-01,2024-07-07,27,weekday,Bank,NA,PE,effort,daily_variance,0,week
736E14B6-43E9-4504-B4D7-D35AC0AB1B75,CRM - Roving Creel Project,Drano Lake salmon and steelhead 2024,1,2024-07-01,2024-07-07,27,weekday,Bank,NA,PE,effort,days_open,4,week
736E14B6-43E9-4504-B4D7-D35AC0AB1B75,CRM - Roving Creel Project,Drano Lake salmon and steelhead 2024,1,2024-07-01,2024-07-07,27,weekday,Bank,NA,PE,effort,degrees_freedom,26,week
736E14B6-43E9-4504-B4D7-D35AC0AB1B75,CRM - Roving Creel Project,Drano Lake salmon and steelhead 2024,1,2024-07-01,2024-07-07,27,weekday,Bank,NA,PE,effort,total_effort,0,week
736E14B6-43E9-4504-B4D7-D35AC0AB1B75,CRM - Roving Creel Project,Drano Lake salmon and steelhead 2024,1,2024-07-01,2024-07-07,27,weekday,Boat,NA,PE,effort,number_observations,1,week
736E14B6-43E9-4504-B4D7-D35AC0AB1B75,CRM - Roving Creel Project,Drano Lake salmon and steelhead 2024,1,2024-07-01,2024-07-07,27,weekday,Boat,NA,PE,effort,daily_mean,146.70456377858002,week
736E14B6-43E9-4504-B4D7-D35AC0AB1B75,CRM - Roving Creel Project,Drano Lake salmon and steelhead 2024,1,2024-07-01,2024-07-07,27,weekday,Boat,NA,PE,effort,daily_variance,0,week
736E14B6-43E9-4504-B4D7-D35AC0AB1B75,CRM - Roving Creel Project,Drano Lake salmon and steelhead 2024,1,2024-07-01,2024-07-07,27,weekday,Boat,NA,PE,effort,days_open,4,week
736E14B6-43E9-4504-B4D7-D35AC0AB1B75,CRM - Roving Creel Project,Drano Lake salmon and steelhead 2024,1,2024-07-01,2024-07-07,27,weekday,Boat,NA,PE,effort,degrees_freedom,26,week
736E14B6-43E9-4504-B4D7-D35AC0AB1B75,CRM - Roving Creel Project,Drano Lake salmon and steelhead 2024,1,2024-07-01,2024-07-07,27,weekday,Boat,NA,PE,effort,total_effort,586.8182551143201,week
736E14B6-43E9-4504-B4D7-D35AC0AB1B75,CRM - Roving Creel Project,Drano Lake salmon and steelhead 2024,1,2024-07-01,2024-07-07,27,weekday,NA,NA,PE,effort,number_observations,0,week
736E14B6-43E9-4504-B4D7-D35AC0AB1B75,CRM - Roving Creel Project,Drano Lake salmon and steelhead 2024,1,2024-07-01,2024-07-07,27,weekday,NA,NA,PE,effort,daily_variance,0,week
736E14B6-43E9-4504-B4D7-D35AC0AB1B75,CRM - Roving Creel Project,Drano Lake salmon and steelhead 2024,1,2024-07-01,2024-07-07,27,weekday,NA,NA,PE,effort,days_open,4,week
736E14B6-43E9-4504-B4D7-D35AC0AB1B75,CRM - Roving Creel Project,Drano Lake salmon and steelhead 2024,1,2024-07-01,2024-07-07,27,weekday,NA,NA,PE,effort,degrees_freedom,0.5,week
736E14B6-43E9-4504-B4D7-D35AC0AB1B75,CRM - Roving Creel Project,Drano Lake salmon and steelhead 2024,1,2024-07-01,2024-07-07,27,weekend,Bank,NA,PE,effort,number_observations,0,week
736E14B6-43E9-4504-B4D7-D35AC0AB1B75,CRM - Roving Creel Project,Drano Lake salmon and steelhead 2024,1,2024-07-01,2024-07-07,27,weekend,Bank,NA,PE,effort,daily_variance,0,week
736E14B6-43E9-4504-B4D7-D35AC0AB1B75,CRM - Roving Creel Project,Drano Lake salmon and steelhead 2024,1,2024-07-01,2024-07-07,27,weekend,Bank,NA,PE,effort,days_open,3,week
736E14B6-43E9-4504-B4D7-D35AC0AB1B75,CRM - Roving Creel Project,Drano Lake salmon and steelhead 2024,1,2024-07-01,2024-07-07,27,weekend,Bank,NA,PE,effort,degrees_freedom,26,week
736E14B6-43E9-4504-B4D7-D35AC0AB1B75,CRM - Roving Creel Project,Drano Lake salmon and steelhead 2024,1,2024-07-01,2024-07-07,27,weekend,Boat,NA,PE,effort,number_observations,0,week
736E14B6-43E9-4504-B4D7-D35AC0AB1B75,CRM - Roving Creel Project,Drano Lake salmon and steelhead 2024,1,2024-07-01,2024-07-07,27,weekend,Boat,NA,PE,effort,daily_variance,0,week
736E14B6-43E9-4504-B4D7-D35AC0AB1B75,CRM - Roving Creel Project,Drano Lake salmon and steelhead 2024,1,2024-07-01,2024-07-07,27,weekend,Boat,NA,PE,effort,days_open,3,week
736E14B6-43E9-4504-B4D7-D35AC0AB1B75,CRM - Roving Creel Project,Drano Lake salmon and steelhead 2024,1,2024-07-01,2024-07-07,27,weekend,Boat,NA,PE,effort,degrees_freedom,26,week
736E14B6-43E9-4504-B4D7-D35AC0AB1B75,CRM - Roving Creel Project,Drano Lake salmon and steelhead 2024,1,2024-07-01,2024-07-07,27,weekend,NA,NA,PE,effort,number_observations,0,week
736E14B6-43E9-4504-B4D7-D35AC0AB1B75,CRM - Roving Creel Project,Drano Lake salmon and steelhead 2024,1,2024-07-01,2024-07-07,27,weekend,NA,NA,PE,effort,daily_variance,0,week
736E14B6-43E9-4504-B4D7-D35AC0AB1B75,CRM - Roving Creel Project,Drano Lake salmon and steelhead 2024,1,2024-07-01,2024-07-07,27,weekend,NA,NA,PE,effort,days_open,3,week
736E14B6-43E9-4504-B4D7-D35AC0AB1B75,CRM - Roving Creel Project,Drano Lake salmon and steelhead 2024,1,2024-07-01,2024-07-07,27,weekend,NA,NA,PE,effort,degrees_freedom,0.5,week
736E14B6-43E9-4504-B4D7-D35AC0AB1B75,CRM - Roving Creel Project,Drano Lake salmon and steelhead 2024,1,2024-07-08,2024-07-14,28,weekday,Bank,NA,PE,effort,number_observations,1,week
736E14B6-43E9-4504-B4D7-D35AC0AB1B75,CRM - Roving Creel Project,Drano Lake salmon and steelhead 2024,1,2024-07-08,2024-07-14,28,weekday,Bank,NA,PE,effort,daily_mean,0,week
736E14B6-43E9-4504-B4D7-D35AC0AB1B75,CRM - Roving Creel Project,Drano Lake salmon and steelhead 2024,1,2024-07-08,2024-07-14,28,weekday,Bank,NA,PE,effort,daily_variance,0,week
736E14B6-43E9-4504-B4D7-D35AC0AB1B75,CRM - Roving Creel Project,Drano Lake salmon and steelhead 2024,1,2024-07-08,2024-07-14,28,weekday,Bank,NA,PE,effort,days_open,5,week
736E14B6-43E9-4504-B4D7-D35AC0AB1B75,CRM - Roving Creel Project,Drano Lake salmon and steelhead 2024,1,2024-07-08,2024-07-14,28,weekday,Bank,NA,PE,effort,degrees_freedom,26,week
736E14B6-43E9-4504-B4D7-D35AC0AB1B75,CRM - Roving Creel Project,Drano Lake salmon and steelhead 2024,1,2024-07-08,2024-07-14,28,weekday,Bank,NA,PE,effort,total_effort,0,week
736E14B6-43E9-4504-B4D7-D35AC0AB1B75,CRM - Roving Creel Project,Drano Lake salmon and steelhead 2024,1,2024-07-08,2024-07-14,28,weekday,Boat,NA,PE,effort,number_observations,1,week
736E14B6-43E9-4504-B4D7-D35AC0AB1B75,CRM - Roving Creel Project,Drano Lake salmon and steelhead 2024,1,2024-07-08,2024-07-14,28,weekday,Boat,NA,PE,effort,daily_mean,0,week
736E14B6-43E9-4504-B4D7-D35AC0AB1B75,CRM - Roving Creel Project,Drano Lake salmon and steelhead 2024,1,2024-07-08,2024-07-14,28,weekday,Boat,NA,PE,effort,daily_variance,0,week
736E14B6-43E9-4504-B4D7-D35AC0AB1B75,CRM - Roving Creel Project,Drano Lake salmon and steelhead 2024,1,2024-07-08,2024-07-14,28,weekday,Boat,NA,PE,effort,days_open,5,week
736E14B6-43E9-4504-B4D7-D35AC0AB1B75,CRM - Roving Creel Project,Drano Lake salmon and steelhead 2024,1,2024-07-08,2024-07-14,28,weekday,Boat,NA,PE,effort,degrees_freedom,26,week
736E14B6-43E9-4504-B4D7-D35AC0AB1B75,CRM - Roving Creel Project,Drano Lake salmon and steelhead 2024,1,2024-07-08,2024-07-14,28,weekday,Boat,NA,PE,effort,total_effort,0,week
736E14B6-43E9-4504-B4D7-D35AC0AB1B75,CRM - Roving Creel Project,Drano Lake salmon and steelhead 2024,1,2024-07-08,2024-07-14,28,weekday,NA,NA,PE,effort,number_observations,0,week
736E14B6-43E9-4504-B4D7-D35AC0AB1B75,CRM - Roving Creel Project,Drano Lake salmon and steelhead 2024,1,2024-07-08,2024-07-14,28,weekday,NA,NA,PE,effort,daily_variance,0,week
736E14B6-43E9-4504-B4D7-D35AC0AB1B75,CRM - Roving Creel Project,Drano Lake salmon and steelhead 2024,1,2024-07-08,2024-07-14,28,weekday,NA,NA,PE,effort,days_open,5,week
736E14B6-43E9-4504-B4D7-D35AC0AB1B75,CRM - Roving Creel Project,Drano Lake salmon and steelhead 2024,1,2024-07-08,2024-07-14,28,weekday,NA,NA,PE,effort,degrees_freedom,0.5,week
736E14B6-43E9-4504-B4D7-D35AC0AB1B75,CRM - Roving Creel Project,Drano Lake salmon and steelhead 2024,1,2024-07-08,2024-07-14,28,weekend,Bank,NA,PE,effort,number_observations,0,week
736E14B6-43E9-4504-B4D7-D35AC0AB1B75,CRM - Roving Creel Project,Drano Lake salmon and steelhead 2024,1,2024-07-08,2024-07-14,28,weekend,Bank,NA,PE,effort,daily_variance,0,week
736E14B6-43E9-4504-B4D7-D35AC0AB1B75,CRM - Roving Creel Project,Drano Lake salmon and steelhead 2024,1,2024-07-08,2024-07-14,28,weekend,Bank,NA,PE,effort,days_open,2,week
736E14B6-43E9-4504-B4D7-D35AC0AB1B75,CRM - Roving Creel Project,Drano Lake salmon and steelhead 2024,1,2024-07-08,2024-07-14,28,weekend,Bank,NA,PE,effort,degrees_freedom,26,week
736E14B6-43E9-4504-B4D7-D35AC0AB1B75,CRM - Roving Creel Project,Drano Lake salmon and steelhead 2024,1,2024-07-08,2024-07-14,28,weekend,Boat,NA,PE,effort,number_observations,0,week
736E14B6-43E9-4504-B4D7-D35AC0AB1B75,CRM - Roving Creel Project,Drano Lake salmon and steelhead 2024,1,2024-07-08,2024-07-14,28,weekend,Boat,NA,PE,effort,daily_variance,0,week
736E14B6-43E9-4504-B4D7-D35AC0AB1B75,CRM - Roving Creel Project,Drano Lake salmon and steelhead 2024,1,2024-07-08,2024-07-14,28,weekend,Boat,NA,PE,effort,days_open,2,week
736E14B6-43E9-4504-B4D7-D35AC0AB1B75,CRM - Roving Creel Project,Drano Lake salmon and steelhead 2024,1,2024-07-08,2024-07-14,28,weekend,Boat,NA,PE,effort,degrees_freedom,26,week
736E14B6-43E9-4504-B4D7-D35AC0AB1B75,CRM - Roving Creel Project,Drano Lake salmon and steelhead 2024,1,2024-07-08,2024-07-14,28,weekend,NA,NA,PE,effort,number_observations,0,week
736E14B6-43E9-4504-B4D7-D35AC0AB1B75,CRM - Roving Creel Project,Drano Lake salmon and steelhead 2024,1,2024-07-08,2024-07-14,28,weekend,NA,NA,PE,effort,daily_variance,0,week
736E14B6-43E9-4504-B4D7-D35AC0AB1B75,CRM - Roving Creel Project,Drano Lake salmon and steelhead 2024,1,2024-07-08,2024-07-14,28,weekend,NA,NA,PE,effort,days_open,2,week
736E14B6-43E9-4504-B4D7-D35AC0AB1B75,CRM - Roving Creel Project,Drano Lake salmon and steelhead 2024,1,2024-07-08,2024-07-14,28,weekend,NA,NA,PE,effort,degrees_freedom,0.5,week
736E14B6-43E9-4504-B4D7-D35AC0AB1B75,CRM - Roving Creel Project,Drano Lake salmon and steelhead 2024,1,2024-07-15,2024-07-21,29,weekday,Bank,NA,PE,effort,number_observations,2,week
736E14B6-43E9-4504-B4D7-D35AC0AB1B75,CRM - Roving Creel Project,Drano Lake salmon and steelhead 2024,1,2024-07-15,2024-07-21,29,weekday,Bank,NA,PE,effort,daily_mean,0,week
736E14B6-43E9-4504-B4D7-D35AC0AB1B75,CRM - Roving Creel Project,Drano Lake salmon and steelhead 2024,1,2024-07-15,2024-07-21,29,weekday,Bank,NA,PE,effort,daily_variance,0,week
736E14B6-43E9-4504-B4D7-D35AC0AB1B75,CRM - Roving Creel Project,Drano Lake salmon and steelhead 2024,1,2024-07-15,2024-07-21,29,weekday,Bank,NA,PE,effort,days_open,5,week
736E14B6-43E9-4504-B4D7-D35AC0AB1B75,CRM - Roving Creel Project,Drano Lake salmon and steelhead 2024,1,2024-07-15,2024-07-21,29,weekday,Bank,NA,PE,effort,degrees_freedom,26,week
736E14B6-43E9-4504-B4D7-D35AC0AB1B75,CRM - Roving Creel Project,Drano Lake salmon and steelhead 2024,1,2024-07-15,2024-07-21,29,weekday,Bank,NA,PE,effort,total_effort,0,week
736E14B6-43E9-4504-B4D7-D35AC0AB1B75,CRM - Roving Creel Project,Drano Lake salmon and steelhead 2024,1,2024-07-15,2024-07-21,29,weekday,Boat,NA,PE,effort,number_observations,2,week
736E14B6-43E9-4504-B4D7-D35AC0AB1B75,CRM - Roving Creel Project,Drano Lake salmon and steelhead 2024,1,2024-07-15,2024-07-21,29,weekday,Boat,NA,PE,effort,daily_mean,167.78343060569597,week
736E14B6-43E9-4504-B4D7-D35AC0AB1B75,CRM - Roving Creel Project,Drano Lake salmon and steelhead 2024,1,2024-07-15,2024-07-21,29,weekday,Boat,NA,PE,effort,daily_variance,10306.143943341014,week
736E14B6-43E9-4504-B4D7-D35AC0AB1B75,CRM - Roving Creel Project,Drano Lake salmon and steelhead 2024,1,2024-07-15,2024-07-21,29,weekday,Boat,NA,PE,effort,days_open,5,week
736E14B6-43E9-4504-B4D7-D35AC0AB1B75,CRM - Roving Creel Project,Drano Lake salmon and steelhead 2024,1,2024-07-15,2024-07-21,29,weekday,Boat,NA,PE,effort,degrees_freedom,26,week
736E14B6-43E9-4504-B4D7-D35AC0AB1B75,CRM - Roving Creel Project,Drano Lake salmon and steelhead 2024,1,2024-07-15,2024-07-21,29,weekday,Boat,NA,PE,effort,total_effort,838.9171530284798,week
736E14B6-43E9-4504-B4D7-D35AC0AB1B75,CRM - Roving Creel Project,Drano Lake salmon and steelhead 2024,1,2024-07-15,2024-07-21,29,weekday,NA,NA,PE,effort,number_observations,0,week
736E14B6-43E9-4504-B4D7-D35AC0AB1B75,CRM - Roving Creel Project,Drano Lake salmon and steelhead 2024,1,2024-07-15,2024-07-21,29,weekday,NA,NA,PE,effort,daily_variance,0,week
736E14B6-43E9-4504-B4D7-D35AC0AB1B75,CRM - Roving Creel Project,Drano Lake salmon and steelhead 2024,1,2024-07-15,2024-07-21,29,weekday,NA,NA,PE,effort,days_open,5,week
736E14B6-43E9-4504-B4D7-D35AC0AB1B75,CRM - Roving Creel Project,Drano Lake salmon and steelhead 2024,1,2024-07-15,2024-07-21,29,weekday,NA,NA,PE,effort,degrees_freedom,0.5,week
736E14B6-43E9-4504-B4D7-D35AC0AB1B75,CRM - Roving Creel Project,Drano Lake salmon and steelhead 2024,1,2024-07-15,2024-07-21,29,weekend,Bank,NA,PE,effort,number_observations,1,week
736E14B6-43E9-4504-B4D7-D35AC0AB1B75,CRM - Roving Creel Project,Drano Lake salmon and steelhead 2024,1,2024-07-15,2024-07-21,29,weekend,Bank,NA,PE,effort,daily_mean,0,week
736E14B6-43E9-4504-B4D7-D35AC0AB1B75,CRM - Roving Creel Project,Drano Lake salmon and steelhead 2024,1,2024-07-15,2024-07-21,29,weekend,Bank,NA,PE,effort,daily_variance,0,week
736E14B6-43E9-4504-B4D7-D35AC0AB1B75,CRM - Roving Creel Project,Drano Lake salmon and steelhead 2024,1,2024-07-15,2024-07-21,29,weekend,Bank,NA,PE,effort,days_open,2,week
736E14B6-43E9-4504-B4D7-D35AC0AB1B75,CRM - Roving Creel Project,Drano Lake salmon and steelhead 2024,1,2024-07-15,2024-07-21,29,weekend,Bank,NA,PE,effort,degrees_freedom,26,week
736E14B6-43E9-4504-B4D7-D35AC0AB1B75,CRM - Roving Creel Project,Drano Lake salmon and steelhead 2024,1,2024-07-15,2024-07-21,29,weekend,Bank,NA,PE,effort,total_effort,0,week
736E14B6-43E9-4504-B4D7-D35AC0AB1B75,CRM - Roving Creel Project,Drano Lake salmon and steelhead 2024,1,2024-07-15,2024-07-21,29,weekend,Boat,NA,PE,effort,number_observations,1,week
736E14B6-43E9-4504-B4D7-D35AC0AB1B75,CRM - Roving Creel Project,Drano Lake salmon and steelhead 2024,1,2024-07-15,2024-07-21,29,weekend,Boat,NA,PE,effort,daily_mean,333.5063237063778,week
736E14B6-43E9-4504-B4D7-D35AC0AB1B75,CRM - Roving Creel Project,Drano Lake salmon and steelhead 2024,1,2024-07-15,2024-07-21,29,weekend,Boat,NA,PE,effort,daily_variance,0,week
736E14B6-43E9-4504-B4D7-D35AC0AB1B75,CRM - Roving Creel Project,Drano Lake salmon and steelhead 2024,1,2024-07-15,2024-07-21,29,weekend,Boat,NA,PE,effort,days_open,2,week
736E14B6-43E9-4504-B4D7-D35AC0AB1B75,CRM - Roving Creel Project,Drano Lake salmon and steelhead 2024,1,2024-07-15,2024-07-21,29,weekend,Boat,NA,PE,effort,degrees_freedom,26,week
736E14B6-43E9-4504-B4D7-D35AC0AB1B75,CRM - Roving Creel Project,Drano Lake salmon and steelhead 2024,1,2024-07-15,2024-07-21,29,weekend,Boat,NA,PE,effort,total_effort,667.0126474127557,week
736E14B6-43E9-4504-B4D7-D35AC0AB1B75,CRM - Roving Creel Project,Drano Lake salmon and steelhead 2024,1,2024-07-15,2024-07-21,29,weekend,NA,NA,PE,effort,number_observations,0,week
736E14B6-43E9-4504-B4D7-D35AC0AB1B75,CRM - Roving Creel Project,Drano Lake salmon and steelhead 2024,1,2024-07-15,2024-07-21,29,weekend,NA,NA,PE,effort,daily_variance,0,week
736E14B6-43E9-4504-B4D7-D35AC0AB1B75,CRM - Roving Creel Project,Drano Lake salmon and steelhead 2024,1,2024-07-15,2024-07-21,29,weekend,NA,NA,PE,effort,days_open,2,week
736E14B6-43E9-4504-B4D7-D35AC0AB1B75,CRM - Roving Creel Project,Drano Lake salmon and steelhead 2024,1,2024-07-15,2024-07-21,29,weekend,NA,NA,PE,effort,degrees_freedom,0.5,week
736E14B6-43E9-4504-B4D7-D35AC0AB1B75,CRM - Roving Creel Project,Drano Lake salmon and steelhead 2024,1,2024-07-22,2024-07-28,30,weekday,Bank,NA,PE,effort,number_observations,1,week
736E14B6-43E9-4504-B4D7-D35AC0AB1B75,CRM - Roving Creel Project,Drano Lake salmon and steelhead 2024,1,2024-07-22,2024-07-28,30,weekday,Bank,NA,PE,effort,daily_mean,17.056944444444444,week
736E14B6-43E9-4504-B4D7-D35AC0AB1B75,CRM - Roving Creel Project,Drano Lake salmon and steelhead 2024,1,2024-07-22,2024-07-28,30,weekday,Bank,NA,PE,effort,daily_variance,0,week
736E14B6-43E9-4504-B4D7-D35AC0AB1B75,CRM - Roving Creel Project,Drano Lake salmon and steelhead 2024,1,2024-07-22,2024-07-28,30,weekday,Bank,NA,PE,effort,days_open,5,week
736E14B6-43E9-4504-B4D7-D35AC0AB1B75,CRM - Roving Creel Project,Drano Lake salmon and steelhead 2024,1,2024-07-22,2024-07-28,30,weekday,Bank,NA,PE,effort,degrees_freedom,26,week
736E14B6-43E9-4504-B4D7-D35AC0AB1B75,CRM - Roving Creel Project,Drano Lake salmon and steelhead 2024,1,2024-07-22,2024-07-28,30,weekday,Bank,NA,PE,effort,total_effort,85.28472222222221,week
736E14B6-43E9-4504-B4D7-D35AC0AB1B75,CRM - Roving Creel Project,Drano Lake salmon and steelhead 2024,1,2024-07-22,2024-07-28,30,weekday,Boat,NA,PE,effort,number_observations,1,week
736E14B6-43E9-4504-B4D7-D35AC0AB1B75,CRM - Roving Creel Project,Drano Lake salmon and steelhead 2024,1,2024-07-22,2024-07-28,30,weekday,Boat,NA,PE,effort,daily_mean,23.676516746891295,week
736E14B6-43E9-4504-B4D7-D35AC0AB1B75,CRM - Roving Creel Project,Drano Lake salmon and steelhead 2024,1,2024-07-22,2024-07-28,30,weekday,Boat,NA,PE,effort,daily_variance,0,week
736E14B6-43E9-4504-B4D7-D35AC0AB1B75,CRM - Roving Creel Project,Drano Lake salmon and steelhead 2024,1,2024-07-22,2024-07-28,30,weekday,Boat,NA,PE,effort,days_open,5,week
736E14B6-43E9-4504-B4D7-D35AC0AB1B75,CRM - Roving Creel Project,Drano Lake salmon and steelhead 2024,1,2024-07-22,2024-07-28,30,weekday,Boat,NA,PE,effort,degrees_freedom,26,week
736E14B6-43E9-4504-B4D7-D35AC0AB1B75,CRM - Roving Creel Project,Drano Lake salmon and steelhead 2024,1,2024-07-22,2024-07-28,30,weekday,Boat,NA,PE,effort,total_effort,118.38258373445647,week
736E14B6-43E9-4504-B4D7-D35AC0AB1B75,CRM - Roving Creel Project,Drano Lake salmon and steelhead 2024,1,2024-07-22,2024-07-28,30,weekday,NA,NA,PE,effort,number_observations,0,week
736E14B6-43E9-4504-B4D7-D35AC0AB1B75,CRM - Roving Creel Project,Drano Lake salmon and steelhead 2024,1,2024-07-22,2024-07-28,30,weekday,NA,NA,PE,effort,daily_variance,0,week
736E14B6-43E9-4504-B4D7-D35AC0AB1B75,CRM - Roving Creel Project,Drano Lake salmon and steelhead 2024,1,2024-07-22,2024-07-28,30,weekday,NA,NA,PE,effort,days_open,5,week
736E14B6-43E9-4504-B4D7-D35AC0AB1B75,CRM - Roving Creel Project,Drano Lake salmon and steelhead 2024,1,2024-07-22,2024-07-28,30,weekday,NA,NA,PE,effort,degrees_freedom,0.5,week
736E14B6-43E9-4504-B4D7-D35AC0AB1B75,CRM - Roving Creel Project,Drano Lake salmon and steelhead 2024,1,2024-07-22,2024-07-28,30,weekend,Bank,NA,PE,effort,number_observations,1,week
736E14B6-43E9-4504-B4D7-D35AC0AB1B75,CRM - Roving Creel Project,Drano Lake salmon and steelhead 2024,1,2024-07-22,2024-07-28,30,weekend,Bank,NA,PE,effort,daily_mean,59.174305555555556,week
736E14B6-43E9-4504-B4D7-D35AC0AB1B75,CRM - Roving Creel Project,Drano Lake salmon and steelhead 2024,1,2024-07-22,2024-07-28,30,weekend,Bank,NA,PE,effort,daily_variance,0,week
736E14B6-43E9-4504-B4D7-D35AC0AB1B75,CRM - Roving Creel Project,Drano Lake salmon and steelhead 2024,1,2024-07-22,2024-07-28,30,weekend,Bank,NA,PE,effort,days_open,2,week
736E14B6-43E9-4504-B4D7-D35AC0AB1B75,CRM - Roving Creel Project,Drano Lake salmon and steelhead 2024,1,2024-07-22,2024-07-28,30,weekend,Bank,NA,PE,effort,degrees_freedom,26,week
736E14B6-43E9-4504-B4D7-D35AC0AB1B75,CRM - Roving Creel Project,Drano Lake salmon and steelhead 2024,1,2024-07-22,2024-07-28,30,weekend,Bank,NA,PE,effort,total_effort,118.34861111111111,week
736E14B6-43E9-4504-B4D7-D35AC0AB1B75,CRM - Roving Creel Project,Drano Lake salmon and steelhead 2024,1,2024-07-22,2024-07-28,30,weekend,Boat,NA,PE,effort,number_observations,1,week
736E14B6-43E9-4504-B4D7-D35AC0AB1B75,CRM - Roving Creel Project,Drano Lake salmon and steelhead 2024,1,2024-07-22,2024-07-28,30,weekend,Boat,NA,PE,effort,daily_mean,328.5562525070196,week
736E14B6-43E9-4504-B4D7-D35AC0AB1B75,CRM - Roving Creel Project,Drano Lake salmon and steelhead 2024,1,2024-07-22,2024-07-28,30,weekend,Boat,NA,PE,effort,daily_variance,0,week
736E14B6-43E9-4504-B4D7-D35AC0AB1B75,CRM - Roving Creel Project,Drano Lake salmon and steelhead 2024,1,2024-07-22,2024-07-28,30,weekend,Boat,NA,PE,effort,days_open,2,week
736E14B6-43E9-4504-B4D7-D35AC0AB1B75,CRM - Roving Creel Project,Drano Lake salmon and steelhead 2024,1,2024-07-22,2024-07-28,30,weekend,Boat,NA,PE,effort,degrees_freedom,26,week
736E14B6-43E9-4504-B4D7-D35AC0AB1B75,CRM - Roving Creel Project,Drano Lake salmon and steelhead 2024,1,2024-07-22,2024-07-28,30,weekend,Boat,NA,PE,effort,total_effort,657.1125050140392,week
736E14B6-43E9-4504-B4D7-D35AC0AB1B75,CRM - Roving Creel Project,Drano Lake salmon and steelhead 2024,1,2024-07-22,2024-07-28,30,weekend,NA,NA,PE,effort,number_observations,0,week
736E14B6-43E9-4504-B4D7-D35AC0AB1B75,CRM - Roving Creel Project,Drano Lake salmon and steelhead 2024,1,2024-07-22,2024-07-28,30,weekend,NA,NA,PE,effort,daily_variance,0,week
736E14B6-43E9-4504-B4D7-D35AC0AB1B75,CRM - Roving Creel Project,Drano Lake salmon and steelhead 2024,1,2024-07-22,2024-07-28,30,weekend,NA,NA,PE,effort,days_open,2,week
736E14B6-43E9-4504-B4D7-D35AC0AB1B75,CRM - Roving Creel Project,Drano Lake salmon and steelhead 2024,1,2024-07-22,2024-07-28,30,weekend,NA,NA,PE,effort,degrees_freedom,0.5,week
736E14B6-43E9-4504-B4D7-D35AC0AB1B75,CRM - Roving Creel Project,Drano Lake salmon and steelhead 2024,1,2024-07-29,2024-08-04,31,weekday,Bank,NA,PE,effort,number_observations,2,week
736E14B6-43E9-4504-B4D7-D35AC0AB1B75,CRM - Roving Creel Project,Drano Lake salmon and steelhead 2024,1,2024-07-29,2024-08-04,31,weekday,Bank,NA,PE,effort,daily_mean,0,week
736E14B6-43E9-4504-B4D7-D35AC0AB1B75,CRM - Roving Creel Project,Drano Lake salmon and steelhead 2024,1,2024-07-29,2024-08-04,31,weekday,Bank,NA,PE,effort,daily_variance,0,week
736E14B6-43E9-4504-B4D7-D35AC0AB1B75,CRM - Roving Creel Project,Drano Lake salmon and steelhead 2024,1,2024-07-29,2024-08-04,31,weekday,Bank,NA,PE,effort,days_open,5,week
736E14B6-43E9-4504-B4D7-D35AC0AB1B75,CRM - Roving Creel Project,Drano Lake salmon and steelhead 2024,1,2024-07-29,2024-08-04,31,weekday,Bank,NA,PE,effort,degrees_freedom,26,week
736E14B6-43E9-4504-B4D7-D35AC0AB1B75,CRM - Roving Creel Project,Drano Lake salmon and steelhead 2024,1,2024-07-29,2024-08-04,31,weekday,Bank,NA,PE,effort,total_effort,0,week
736E14B6-43E9-4504-B4D7-D35AC0AB1B75,CRM - Roving Creel Project,Drano Lake salmon and steelhead 2024,1,2024-07-29,2024-08-04,31,weekday,Boat,NA,PE,effort,number_observations,2,week
736E14B6-43E9-4504-B4D7-D35AC0AB1B75,CRM - Roving Creel Project,Drano Lake salmon and steelhead 2024,1,2024-07-29,2024-08-04,31,weekday,Boat,NA,PE,effort,daily_mean,245.0676606999599,week
736E14B6-43E9-4504-B4D7-D35AC0AB1B75,CRM - Roving Creel Project,Drano Lake salmon and steelhead 2024,1,2024-07-29,2024-08-04,31,weekday,Boat,NA,PE,effort,daily_variance,13431.647322787052,week
736E14B6-43E9-4504-B4D7-D35AC0AB1B75,CRM - Roving Creel Project,Drano Lake salmon and steelhead 2024,1,2024-07-29,2024-08-04,31,weekday,Boat,NA,PE,effort,days_open,5,week
736E14B6-43E9-4504-B4D7-D35AC0AB1B75,CRM - Roving Creel Project,Drano Lake salmon and steelhead 2024,1,2024-07-29,2024-08-04,31,weekday,Boat,NA,PE,effort,degrees_freedom,26,week
736E14B6-43E9-4504-B4D7-D35AC0AB1B75,CRM - Roving Creel Project,Drano Lake salmon and steelhead 2024,1,2024-07-29,2024-08-04,31,weekday,Boat,NA,PE,effort,total_effort,1225.3383034997996,week
736E14B6-43E9-4504-B4D7-D35AC0AB1B75,CRM - Roving Creel Project,Drano Lake salmon and steelhead 2024,1,2024-07-29,2024-08-04,31,weekday,NA,NA,PE,effort,number_observations,0,week
736E14B6-43E9-4504-B4D7-D35AC0AB1B75,CRM - Roving Creel Project,Drano Lake salmon and steelhead 2024,1,2024-07-29,2024-08-04,31,weekday,NA,NA,PE,effort,daily_variance,0,week
736E14B6-43E9-4504-B4D7-D35AC0AB1B75,CRM - Roving Creel Project,Drano Lake salmon and steelhead 2024,1,2024-07-29,2024-08-04,31,weekday,NA,NA,PE,effort,days_open,5,week
736E14B6-43E9-4504-B4D7-D35AC0AB1B75,CRM - Roving Creel Project,Drano Lake salmon and steelhead 2024,1,2024-07-29,2024-08-04,31,weekday,NA,NA,PE,effort,degrees_freedom,0.5,week
736E14B6-43E9-4504-B4D7-D35AC0AB1B75,CRM - Roving Creel Project,Drano Lake salmon and steelhead 2024,1,2024-07-29,2024-08-04,31,weekend,Bank,NA,PE,effort,number_observations,2,week
736E14B6-43E9-4504-B4D7-D35AC0AB1B75,CRM - Roving Creel Project,Drano Lake salmon and steelhead 2024,1,2024-07-29,2024-08-04,31,weekend,Bank,NA,PE,effort,daily_mean,0,week
736E14B6-43E9-4504-B4D7-D35AC0AB1B75,CRM - Roving Creel Project,Drano Lake salmon and steelhead 2024,1,2024-07-29,2024-08-04,31,weekend,Bank,NA,PE,effort,daily_variance,0,week
736E14B6-43E9-4504-B4D7-D35AC0AB1B75,CRM - Roving Creel Project,Drano Lake salmon and steelhead 2024,1,2024-07-29,2024-08-04,31,weekend,Bank,NA,PE,effort,days_open,2,week
736E14B6-43E9-4504-B4D7-D35AC0AB1B75,CRM - Roving Creel Project,Drano Lake salmon and steelhead 2024,1,2024-07-29,2024-08-04,31,weekend,Bank,NA,PE,effort,degrees_freedom,26,week
736E14B6-43E9-4504-B4D7-D35AC0AB1B75,CRM - Roving Creel Project,Drano Lake salmon and steelhead 2024,1,2024-07-29,2024-08-04,31,weekend,Bank,NA,PE,effort,total_effort,0,week
736E14B6-43E9-4504-B4D7-D35AC0AB1B75,CRM - Roving Creel Project,Drano Lake salmon and steelhead 2024,1,2024-07-29,2024-08-04,31,weekend,Boat,NA,PE,effort,number_observations,2,week
736E14B6-43E9-4504-B4D7-D35AC0AB1B75,CRM - Roving Creel Project,Drano Lake salmon and steelhead 2024,1,2024-07-29,2024-08-04,31,weekend,Boat,NA,PE,effort,daily_mean,762.1231874247894,week
736E14B6-43E9-4504-B4D7-D35AC0AB1B75,CRM - Roving Creel Project,Drano Lake salmon and steelhead 2024,1,2024-07-29,2024-08-04,31,weekend,Boat,NA,PE,effort,daily_variance,26230.65051386863,week
736E14B6-43E9-4504-B4D7-D35AC0AB1B75,CRM - Roving Creel Project,Drano Lake salmon and steelhead 2024,1,2024-07-29,2024-08-04,31,weekend,Boat,NA,PE,effort,days_open,2,week
736E14B6-43E9-4504-B4D7-D35AC0AB1B75,CRM - Roving Creel Project,Drano Lake salmon and steelhead 2024,1,2024-07-29,2024-08-04,31,weekend,Boat,NA,PE,effort,degrees_freedom,26,week
736E14B6-43E9-4504-B4D7-D35AC0AB1B75,CRM - Roving Creel Project,Drano Lake salmon and steelhead 2024,1,2024-07-29,2024-08-04,31,weekend,Boat,NA,PE,effort,total_effort,1524.2463748495788,week
736E14B6-43E9-4504-B4D7-D35AC0AB1B75,CRM - Roving Creel Project,Drano Lake salmon and steelhead 2024,1,2024-07-29,2024-08-04,31,weekend,NA,NA,PE,effort,number_observations,0,week
736E14B6-43E9-4504-B4D7-D35AC0AB1B75,CRM - Roving Creel Project,Drano Lake salmon and steelhead 2024,1,2024-07-29,2024-08-04,31,weekend,NA,NA,PE,effort,daily_variance,0,week
736E14B6-43E9-4504-B4D7-D35AC0AB1B75,CRM - Roving Creel Project,Drano Lake salmon and steelhead 2024,1,2024-07-29,2024-08-04,31,weekend,NA,NA,PE,effort,days_open,2,week
736E14B6-43E9-4504-B4D7-D35AC0AB1B75,CRM - Roving Creel Project,Drano Lake salmon and steelhead 2024,1,2024-07-29,2024-08-04,31,weekend,NA,NA,PE,effort,degrees_freedom,0.5,week
736E14B6-43E9-4504-B4D7-D35AC0AB1B75,CRM - Roving Creel Project,Drano Lake salmon and steelhead 2024,1,2024-08-05,2024-08-11,32,weekday,Bank,NA,PE,effort,number_observations,2,week
736E14B6-43E9-4504-B4D7-D35AC0AB1B75,CRM - Roving Creel Project,Drano Lake salmon and steelhead 2024,1,2024-08-05,2024-08-11,32,weekday,Bank,NA,PE,effort,daily_mean,0,week
736E14B6-43E9-4504-B4D7-D35AC0AB1B75,CRM - Roving Creel Project,Drano Lake salmon and steelhead 2024,1,2024-08-05,2024-08-11,32,weekday,Bank,NA,PE,effort,daily_variance,0,week
736E14B6-43E9-4504-B4D7-D35AC0AB1B75,CRM - Roving Creel Project,Drano Lake salmon and steelhead 2024,1,2024-08-05,2024-08-11,32,weekday,Bank,NA,PE,effort,days_open,5,week
736E14B6-43E9-4504-B4D7-D35AC0AB1B75,CRM - Roving Creel Project,Drano Lake salmon and steelhead 2024,1,2024-08-05,2024-08-11,32,weekday,Bank,NA,PE,effort,degrees_freedom,26,week
736E14B6-43E9-4504-B4D7-D35AC0AB1B75,CRM - Roving Creel Project,Drano Lake salmon and steelhead 2024,1,2024-08-05,2024-08-11,32,weekday,Bank,NA,PE,effort,total_effort,0,week
736E14B6-43E9-4504-B4D7-D35AC0AB1B75,CRM - Roving Creel Project,Drano Lake salmon and steelhead 2024,1,2024-08-05,2024-08-11,32,weekday,Boat,NA,PE,effort,number_observations,2,week
736E14B6-43E9-4504-B4D7-D35AC0AB1B75,CRM - Roving Creel Project,Drano Lake salmon and steelhead 2024,1,2024-08-05,2024-08-11,32,weekday,Boat,NA,PE,effort,daily_mean,273.61790388086644,week
736E14B6-43E9-4504-B4D7-D35AC0AB1B75,CRM - Roving Creel Project,Drano Lake salmon and steelhead 2024,1,2024-08-05,2024-08-11,32,weekday,Boat,NA,PE,effort,daily_variance,50481.42795741704,week
736E14B6-43E9-4504-B4D7-D35AC0AB1B75,CRM - Roving Creel Project,Drano Lake salmon and steelhead 2024,1,2024-08-05,2024-08-11,32,weekday,Boat,NA,PE,effort,days_open,5,week
736E14B6-43E9-4504-B4D7-D35AC0AB1B75,CRM - Roving Creel Project,Drano Lake salmon and steelhead 2024,1,2024-08-05,2024-08-11,32,weekday,Boat,NA,PE,effort,degrees_freedom,26,week
736E14B6-43E9-4504-B4D7-D35AC0AB1B75,CRM - Roving Creel Project,Drano Lake salmon and steelhead 2024,1,2024-08-05,2024-08-11,32,weekday,Boat,NA,PE,effort,total_effort,1368.0895194043321,week
736E14B6-43E9-4504-B4D7-D35AC0AB1B75,CRM - Roving Creel Project,Drano Lake salmon and steelhead 2024,1,2024-08-05,2024-08-11,32,weekday,NA,NA,PE,effort,number_observations,0,week
736E14B6-43E9-4504-B4D7-D35AC0AB1B75,CRM - Roving Creel Project,Drano Lake salmon and steelhead 2024,1,2024-08-05,2024-08-11,32,weekday,NA,NA,PE,effort,daily_variance,0,week
736E14B6-43E9-4504-B4D7-D35AC0AB1B75,CRM - Roving Creel Project,Drano Lake salmon and steelhead 2024,1,2024-08-05,2024-08-11,32,weekday,NA,NA,PE,effort,days_open,5,week
736E14B6-43E9-4504-B4D7-D35AC0AB1B75,CRM - Roving Creel Project,Drano Lake salmon and steelhead 2024,1,2024-08-05,2024-08-11,32,weekday,NA,NA,PE,effort,degrees_freedom,0.5,week
736E14B6-43E9-4504-B4D7-D35AC0AB1B75,CRM - Roving Creel Project,Drano Lake salmon and steelhead 2024,1,2024-08-05,2024-08-11,32,weekend,Bank,NA,PE,effort,number_observations,2,week
736E14B6-43E9-4504-B4D7-D35AC0AB1B75,CRM - Roving Creel Project,Drano Lake salmon and steelhead 2024,1,2024-08-05,2024-08-11,32,weekend,Bank,NA,PE,effort,daily_mean,8.153472222222222,week
736E14B6-43E9-4504-B4D7-D35AC0AB1B75,CRM - Roving Creel Project,Drano Lake salmon and steelhead 2024,1,2024-08-05,2024-08-11,32,weekend,Bank,NA,PE,effort,daily_variance,132.95821855709875,week
736E14B6-43E9-4504-B4D7-D35AC0AB1B75,CRM - Roving Creel Project,Drano Lake salmon and steelhead 2024,1,2024-08-05,2024-08-11,32,weekend,Bank,NA,PE,effort,days_open,2,week
736E14B6-43E9-4504-B4D7-D35AC0AB1B75,CRM - Roving Creel Project,Drano Lake salmon and steelhead 2024,1,2024-08-05,2024-08-11,32,weekend,Bank,NA,PE,effort,degrees_freedom,26,week
736E14B6-43E9-4504-B4D7-D35AC0AB1B75,CRM - Roving Creel Project,Drano Lake salmon and steelhead 2024,1,2024-08-05,2024-08-11,32,weekend,Bank,NA,PE,effort,total_effort,16.306944444444444,week
736E14B6-43E9-4504-B4D7-D35AC0AB1B75,CRM - Roving Creel Project,Drano Lake salmon and steelhead 2024,1,2024-08-05,2024-08-11,32,weekend,Boat,NA,PE,effort,number_observations,2,week
736E14B6-43E9-4504-B4D7-D35AC0AB1B75,CRM - Roving Creel Project,Drano Lake salmon and steelhead 2024,1,2024-08-05,2024-08-11,32,weekend,Boat,NA,PE,effort,daily_mean,486.9502409245888,week
736E14B6-43E9-4504-B4D7-D35AC0AB1B75,CRM - Roving Creel Project,Drano Lake salmon and steelhead 2024,1,2024-08-05,2024-08-11,32,weekend,Boat,NA,PE,effort,daily_variance,159787.83268813998,week
736E14B6-43E9-4504-B4D7-D35AC0AB1B75,CRM - Roving Creel Project,Drano Lake salmon and steelhead 2024,1,2024-08-05,2024-08-11,32,weekend,Boat,NA,PE,effort,days_open,2,week
736E14B6-43E9-4504-B4D7-D35AC0AB1B75,CRM - Roving Creel Project,Drano Lake salmon and steelhead 2024,1,2024-08-05,2024-08-11,32,weekend,Boat,NA,PE,effort,degrees_freedom,26,week
736E14B6-43E9-4504-B4D7-D35AC0AB1B75,CRM - Roving Creel Project,Drano Lake salmon and steelhead 2024,1,2024-08-05,2024-08-11,32,weekend,Boat,NA,PE,effort,total_effort,973.9004818491776,week
736E14B6-43E9-4504-B4D7-D35AC0AB1B75,CRM - Roving Creel Project,Drano Lake salmon and steelhead 2024,1,2024-08-05,2024-08-11,32,weekend,NA,NA,PE,effort,number_observations,0,week
736E14B6-43E9-4504-B4D7-D35AC0AB1B75,CRM - Roving Creel Project,Drano Lake salmon and steelhead 2024,1,2024-08-05,2024-08-11,32,weekend,NA,NA,PE,effort,daily_variance,0,week
736E14B6-43E9-4504-B4D7-D35AC0AB1B75,CRM - Roving Creel Project,Drano Lake salmon and steelhead 2024,1,2024-08-05,2024-08-11,32,weekend,NA,NA,PE,effort,days_open,2,week
736E14B6-43E9-4504-B4D7-D35AC0AB1B75,CRM - Roving Creel Project,Drano Lake salmon and steelhead 2024,1,2024-08-05,2024-08-11,32,weekend,NA,NA,PE,effort,degrees_freedom,0.5,week
736E14B6-43E9-4504-B4D7-D35AC0AB1B75,CRM - Roving Creel Project,Drano Lake salmon and steelhead 2024,1,2024-08-12,2024-08-18,33,weekday,Bank,NA,PE,effort,number_observations,2,week
736E14B6-43E9-4504-B4D7-D35AC0AB1B75,CRM - Roving Creel Project,Drano Lake salmon and steelhead 2024,1,2024-08-12,2024-08-18,33,weekday,Bank,NA,PE,effort,daily_mean,0,week
736E14B6-43E9-4504-B4D7-D35AC0AB1B75,CRM - Roving Creel Project,Drano Lake salmon and steelhead 2024,1,2024-08-12,2024-08-18,33,weekday,Bank,NA,PE,effort,daily_variance,0,week
736E14B6-43E9-4504-B4D7-D35AC0AB1B75,CRM - Roving Creel Project,Drano Lake salmon and steelhead 2024,1,2024-08-12,2024-08-18,33,weekday,Bank,NA,PE,effort,days_open,5,week
736E14B6-43E9-4504-B4D7-D35AC0AB1B75,CRM - Roving Creel Project,Drano Lake salmon and steelhead 2024,1,2024-08-12,2024-08-18,33,weekday,Bank,NA,PE,effort,degrees_freedom,26,week
736E14B6-43E9-4504-B4D7-D35AC0AB1B75,CRM - Roving Creel Project,Drano Lake salmon and steelhead 2024,1,2024-08-12,2024-08-18,33,weekday,Bank,NA,PE,effort,total_effort,0,week
736E14B6-43E9-4504-B4D7-D35AC0AB1B75,CRM - Roving Creel Project,Drano Lake salmon and steelhead 2024,1,2024-08-12,2024-08-18,33,weekday,Boat,NA,PE,effort,number_observations,2,week
736E14B6-43E9-4504-B4D7-D35AC0AB1B75,CRM - Roving Creel Project,Drano Lake salmon and steelhead 2024,1,2024-08-12,2024-08-18,33,weekday,Boat,NA,PE,effort,daily_mean,146.1597397713598,week
736E14B6-43E9-4504-B4D7-D35AC0AB1B75,CRM - Roving Creel Project,Drano Lake salmon and steelhead 2024,1,2024-08-12,2024-08-18,33,weekday,Boat,NA,PE,effort,daily_variance,6361.1989013010125,week
736E14B6-43E9-4504-B4D7-D35AC0AB1B75,CRM - Roving Creel Project,Drano Lake salmon and steelhead 2024,1,2024-08-12,2024-08-18,33,weekday,Boat,NA,PE,effort,days_open,5,week
736E14B6-43E9-4504-B4D7-D35AC0AB1B75,CRM - Roving Creel Project,Drano Lake salmon and steelhead 2024,1,2024-08-12,2024-08-18,33,weekday,Boat,NA,PE,effort,degrees_freedom,26,week
736E14B6-43E9-4504-B4D7-D35AC0AB1B75,CRM - Roving Creel Project,Drano Lake salmon and steelhead 2024,1,2024-08-12,2024-08-18,33,weekday,Boat,NA,PE,effort,total_effort,730.798698856799,week
736E14B6-43E9-4504-B4D7-D35AC0AB1B75,CRM - Roving Creel Project,Drano Lake salmon and steelhead 2024,1,2024-08-12,2024-08-18,33,weekday,NA,NA,PE,effort,number_observations,0,week
736E14B6-43E9-4504-B4D7-D35AC0AB1B75,CRM - Roving Creel Project,Drano Lake salmon and steelhead 2024,1,2024-08-12,2024-08-18,33,weekday,NA,NA,PE,effort,daily_variance,0,week
736E14B6-43E9-4504-B4D7-D35AC0AB1B75,CRM - Roving Creel Project,Drano Lake salmon and steelhead 2024,1,2024-08-12,2024-08-18,33,weekday,NA,NA,PE,effort,days_open,5,week
736E14B6-43E9-4504-B4D7-D35AC0AB1B75,CRM - Roving Creel Project,Drano Lake salmon and steelhead 2024,1,2024-08-12,2024-08-18,33,weekday,NA,NA,PE,effort,degrees_freedom,0.5,week
736E14B6-43E9-4504-B4D7-D35AC0AB1B75,CRM - Roving Creel Project,Drano Lake salmon and steelhead 2024,1,2024-08-12,2024-08-18,33,weekend,Bank,NA,PE,effort,number_observations,1,week
736E14B6-43E9-4504-B4D7-D35AC0AB1B75,CRM - Roving Creel Project,Drano Lake salmon and steelhead 2024,1,2024-08-12,2024-08-18,33,weekend,Bank,NA,PE,effort,daily_mean,7.987361111111111,week
736E14B6-43E9-4504-B4D7-D35AC0AB1B75,CRM - Roving Creel Project,Drano Lake salmon and steelhead 2024,1,2024-08-12,2024-08-18,33,weekend,Bank,NA,PE,effort,daily_variance,0,week
736E14B6-43E9-4504-B4D7-D35AC0AB1B75,CRM - Roving Creel Project,Drano Lake salmon and steelhead 2024,1,2024-08-12,2024-08-18,33,weekend,Bank,NA,PE,effort,days_open,2,week
736E14B6-43E9-4504-B4D7-D35AC0AB1B75,CRM - Roving Creel Project,Drano Lake salmon and steelhead 2024,1,2024-08-12,2024-08-18,33,weekend,Bank,NA,PE,effort,degrees_freedom,26,week
736E14B6-43E9-4504-B4D7-D35AC0AB1B75,CRM - Roving Creel Project,Drano Lake salmon and steelhead 2024,1,2024-08-12,2024-08-18,33,weekend,Bank,NA,PE,effort,total_effort,15.974722222222223,week
736E14B6-43E9-4504-B4D7-D35AC0AB1B75,CRM - Roving Creel Project,Drano Lake salmon and steelhead 2024,1,2024-08-12,2024-08-18,33,weekend,Boat,NA,PE,effort,number_observations,1,week
736E14B6-43E9-4504-B4D7-D35AC0AB1B75,CRM - Roving Creel Project,Drano Lake salmon and steelhead 2024,1,2024-08-12,2024-08-18,33,weekend,Boat,NA,PE,effort,daily_mean,421.3116721821099,week
736E14B6-43E9-4504-B4D7-D35AC0AB1B75,CRM - Roving Creel Project,Drano Lake salmon and steelhead 2024,1,2024-08-12,2024-08-18,33,weekend,Boat,NA,PE,effort,daily_variance,0,week
736E14B6-43E9-4504-B4D7-D35AC0AB1B75,CRM - Roving Creel Project,Drano Lake salmon and steelhead 2024,1,2024-08-12,2024-08-18,33,weekend,Boat,NA,PE,effort,days_open,2,week
736E14B6-43E9-4504-B4D7-D35AC0AB1B75,CRM - Roving Creel Project,Drano Lake salmon and steelhead 2024,1,2024-08-12,2024-08-18,33,weekend,Boat,NA,PE,effort,degrees_freedom,26,week
736E14B6-43E9-4504-B4D7-D35AC0AB1B75,CRM - Roving Creel Project,Drano Lake salmon and steelhead 2024,1,2024-08-12,2024-08-18,33,weekend,Boat,NA,PE,effort,total_effort,842.6233443642197,week
736E14B6-43E9-4504-B4D7-D35AC0AB1B75,CRM - Roving Creel Project,Drano Lake salmon and steelhead 2024,1,2024-08-12,2024-08-18,33,weekend,NA,NA,PE,effort,number_observations,0,week
736E14B6-43E9-4504-B4D7-D35AC0AB1B75,CRM - Roving Creel Project,Drano Lake salmon and steelhead 2024,1,2024-08-12,2024-08-18,33,weekend,NA,NA,PE,effort,daily_variance,0,week
736E14B6-43E9-4504-B4D7-D35AC0AB1B75,CRM - Roving Creel Project,Drano Lake salmon and steelhead 2024,1,2024-08-12,2024-08-18,33,weekend,NA,NA,PE,effort,days_open,2,week
736E14B6-43E9-4504-B4D7-D35AC0AB1B75,CRM - Roving Creel Project,Drano Lake salmon and steelhead 2024,1,2024-08-12,2024-08-18,33,weekend,NA,NA,PE,effort,degrees_freedom,0.5,week
736E14B6-43E9-4504-B4D7-D35AC0AB1B75,CRM - Roving Creel Project,Drano Lake salmon and steelhead 2024,1,2024-08-19,2024-08-25,34,weekday,Bank,NA,PE,effort,number_observations,2,week
736E14B6-43E9-4504-B4D7-D35AC0AB1B75,CRM - Roving Creel Project,Drano Lake salmon and steelhead 2024,1,2024-08-19,2024-08-25,34,weekday,Bank,NA,PE,effort,daily_mean,15.815138888888889,week
736E14B6-43E9-4504-B4D7-D35AC0AB1B75,CRM - Roving Creel Project,Drano Lake salmon and steelhead 2024,1,2024-08-19,2024-08-25,34,weekday,Bank,NA,PE,effort,daily_variance,125.64647469135804,week
736E14B6-43E9-4504-B4D7-D35AC0AB1B75,CRM - Roving Creel Project,Drano Lake salmon and steelhead 2024,1,2024-08-19,2024-08-25,34,weekday,Bank,NA,PE,effort,days_open,5,week
736E14B6-43E9-4504-B4D7-D35AC0AB1B75,CRM - Roving Creel Project,Drano Lake salmon and steelhead 2024,1,2024-08-19,2024-08-25,34,weekday,Bank,NA,PE,effort,degrees_freedom,26,week
736E14B6-43E9-4504-B4D7-D35AC0AB1B75,CRM - Roving Creel Project,Drano Lake salmon and steelhead 2024,1,2024-08-19,2024-08-25,34,weekday,Bank,NA,PE,effort,total_effort,79.07569444444445,week
736E14B6-43E9-4504-B4D7-D35AC0AB1B75,CRM - Roving Creel Project,Drano Lake salmon and steelhead 2024,1,2024-08-19,2024-08-25,34,weekday,Boat,NA,PE,effort,number_observations,2,week
736E14B6-43E9-4504-B4D7-D35AC0AB1B75,CRM - Roving Creel Project,Drano Lake salmon and steelhead 2024,1,2024-08-19,2024-08-25,34,weekday,Boat,NA,PE,effort,daily_mean,416.7768702366626,week
736E14B6-43E9-4504-B4D7-D35AC0AB1B75,CRM - Roving Creel Project,Drano Lake salmon and steelhead 2024,1,2024-08-19,2024-08-25,34,weekday,Boat,NA,PE,effort,daily_variance,0.8502474918344206,week
736E14B6-43E9-4504-B4D7-D35AC0AB1B75,CRM - Roving Creel Project,Drano Lake salmon and steelhead 2024,1,2024-08-19,2024-08-25,34,weekday,Boat,NA,PE,effort,days_open,5,week
736E14B6-43E9-4504-B4D7-D35AC0AB1B75,CRM - Roving Creel Project,Drano Lake salmon and steelhead 2024,1,2024-08-19,2024-08-25,34,weekday,Boat,NA,PE,effort,degrees_freedom,26,week
736E14B6-43E9-4504-B4D7-D35AC0AB1B75,CRM - Roving Creel Project,Drano Lake salmon and steelhead 2024,1,2024-08-19,2024-08-25,34,weekday,Boat,NA,PE,effort,total_effort,2083.884351183313,week
736E14B6-43E9-4504-B4D7-D35AC0AB1B75,CRM - Roving Creel Project,Drano Lake salmon and steelhead 2024,1,2024-08-19,2024-08-25,34,weekday,NA,NA,PE,effort,number_observations,0,week
736E14B6-43E9-4504-B4D7-D35AC0AB1B75,CRM - Roving Creel Project,Drano Lake salmon and steelhead 2024,1,2024-08-19,2024-08-25,34,weekday,NA,NA,PE,effort,daily_variance,0,week
736E14B6-43E9-4504-B4D7-D35AC0AB1B75,CRM - Roving Creel Project,Drano Lake salmon and steelhead 2024,1,2024-08-19,2024-08-25,34,weekday,NA,NA,PE,effort,days_open,5,week
736E14B6-43E9-4504-B4D7-D35AC0AB1B75,CRM - Roving Creel Project,Drano Lake salmon and steelhead 2024,1,2024-08-19,2024-08-25,34,weekday,NA,NA,PE,effort,degrees_freedom,0.5,week
736E14B6-43E9-4504-B4D7-D35AC0AB1B75,CRM - Roving Creel Project,Drano Lake salmon and steelhead 2024,1,2024-08-19,2024-08-25,34,weekend,Bank,NA,PE,effort,number_observations,0,week
736E14B6-43E9-4504-B4D7-D35AC0AB1B75,CRM - Roving Creel Project,Drano Lake salmon and steelhead 2024,1,2024-08-19,2024-08-25,34,weekend,Bank,NA,PE,effort,daily_variance,0,week
736E14B6-43E9-4504-B4D7-D35AC0AB1B75,CRM - Roving Creel Project,Drano Lake salmon and steelhead 2024,1,2024-08-19,2024-08-25,34,weekend,Bank,NA,PE,effort,days_open,2,week
736E14B6-43E9-4504-B4D7-D35AC0AB1B75,CRM - Roving Creel Project,Drano Lake salmon and steelhead 2024,1,2024-08-19,2024-08-25,34,weekend,Bank,NA,PE,effort,degrees_freedom,26,week
736E14B6-43E9-4504-B4D7-D35AC0AB1B75,CRM - Roving Creel Project,Drano Lake salmon and steelhead 2024,1,2024-08-19,2024-08-25,34,weekend,Boat,NA,PE,effort,number_observations,0,week
736E14B6-43E9-4504-B4D7-D35AC0AB1B75,CRM - Roving Creel Project,Drano Lake salmon and steelhead 2024,1,2024-08-19,2024-08-25,34,weekend,Boat,NA,PE,effort,daily_variance,0,week
736E14B6-43E9-4504-B4D7-D35AC0AB1B75,CRM - Roving Creel Project,Drano Lake salmon and steelhead 2024,1,2024-08-19,2024-08-25,34,weekend,Boat,NA,PE,effort,days_open,2,week
736E14B6-43E9-4504-B4D7-D35AC0AB1B75,CRM - Roving Creel Project,Drano Lake salmon and steelhead 2024,1,2024-08-19,2024-08-25,34,weekend,Boat,NA,PE,effort,degrees_freedom,26,week
736E14B6-43E9-4504-B4D7-D35AC0AB1B75,CRM - Roving Creel Project,Drano Lake salmon and steelhead 2024,1,2024-08-19,2024-08-25,34,weekend,NA,NA,PE,effort,number_observations,0,week
736E14B6-43E9-4504-B4D7-D35AC0AB1B75,CRM - Roving Creel Project,Drano Lake salmon and steelhead 2024,1,2024-08-19,2024-08-25,34,weekend,NA,NA,PE,effort,daily_variance,0,week
736E14B6-43E9-4504-B4D7-D35AC0AB1B75,CRM - Roving Creel Project,Drano Lake salmon and steelhead 2024,1,2024-08-19,2024-08-25,34,weekend,NA,NA,PE,effort,days_open,2,week
736E14B6-43E9-4504-B4D7-D35AC0AB1B75,CRM - Roving Creel Project,Drano Lake salmon and steelhead 2024,1,2024-08-19,2024-08-25,34,weekend,NA,NA,PE,effort,degrees_freedom,0.5,week
736E14B6-43E9-4504-B4D7-D35AC0AB1B75,CRM - Roving Creel Project,Drano Lake salmon and steelhead 2024,1,2024-08-26,2024-09-01,35,weekday,Bank,NA,PE,effort,number_observations,2,week
736E14B6-43E9-4504-B4D7-D35AC0AB1B75,CRM - Roving Creel Project,Drano Lake salmon and steelhead 2024,1,2024-08-26,2024-09-01,35,weekday,Bank,NA,PE,effort,daily_mean,9.716875,week
736E14B6-43E9-4504-B4D7-D35AC0AB1B75,CRM - Roving Creel Project,Drano Lake salmon and steelhead 2024,1,2024-08-26,2024-09-01,35,weekday,Bank,NA,PE,effort,daily_variance,68.69385078125,week
736E14B6-43E9-4504-B4D7-D35AC0AB1B75,CRM - Roving Creel Project,Drano Lake salmon and steelhead 2024,1,2024-08-26,2024-09-01,35,weekday,Bank,NA,PE,effort,days_open,5,week
736E14B6-43E9-4504-B4D7-D35AC0AB1B75,CRM - Roving Creel Project,Drano Lake salmon and steelhead 2024,1,2024-08-26,2024-09-01,35,weekday,Bank,NA,PE,effort,degrees_freedom,26,week
736E14B6-43E9-4504-B4D7-D35AC0AB1B75,CRM - Roving Creel Project,Drano Lake salmon and steelhead 2024,1,2024-08-26,2024-09-01,35,weekday,Bank,NA,PE,effort,total_effort,48.584375,week
736E14B6-43E9-4504-B4D7-D35AC0AB1B75,CRM - Roving Creel Project,Drano Lake salmon and steelhead 2024,1,2024-08-26,2024-09-01,35,weekday,Boat,NA,PE,effort,number_observations,2,week
736E14B6-43E9-4504-B4D7-D35AC0AB1B75,CRM - Roving Creel Project,Drano Lake salmon and steelhead 2024,1,2024-08-26,2024-09-01,35,weekday,Boat,NA,PE,effort,daily_mean,532.2566177797835,week
736E14B6-43E9-4504-B4D7-D35AC0AB1B75,CRM - Roving Creel Project,Drano Lake salmon and steelhead 2024,1,2024-08-26,2024-09-01,35,weekday,Boat,NA,PE,effort,daily_variance,6396.344482043633,week
736E14B6-43E9-4504-B4D7-D35AC0AB1B75,CRM - Roving Creel Project,Drano Lake salmon and steelhead 2024,1,2024-08-26,2024-09-01,35,weekday,Boat,NA,PE,effort,days_open,5,week
736E14B6-43E9-4504-B4D7-D35AC0AB1B75,CRM - Roving Creel Project,Drano Lake salmon and steelhead 2024,1,2024-08-26,2024-09-01,35,weekday,Boat,NA,PE,effort,degrees_freedom,26,week
736E14B6-43E9-4504-B4D7-D35AC0AB1B75,CRM - Roving Creel Project,Drano Lake salmon and steelhead 2024,1,2024-08-26,2024-09-01,35,weekday,Boat,NA,PE,effort,total_effort,2661.2830888989174,week
736E14B6-43E9-4504-B4D7-D35AC0AB1B75,CRM - Roving Creel Project,Drano Lake salmon and steelhead 2024,1,2024-08-26,2024-09-01,35,weekday,NA,NA,PE,effort,number_observations,0,week
736E14B6-43E9-4504-B4D7-D35AC0AB1B75,CRM - Roving Creel Project,Drano Lake salmon and steelhead 2024,1,2024-08-26,2024-09-01,35,weekday,NA,NA,PE,effort,daily_variance,0,week
736E14B6-43E9-4504-B4D7-D35AC0AB1B75,CRM - Roving Creel Project,Drano Lake salmon and steelhead 2024,1,2024-08-26,2024-09-01,35,weekday,NA,NA,PE,effort,days_open,5,week
736E14B6-43E9-4504-B4D7-D35AC0AB1B75,CRM - Roving Creel Project,Drano Lake salmon and steelhead 2024,1,2024-08-26,2024-09-01,35,weekday,NA,NA,PE,effort,degrees_freedom,0.5,week
736E14B6-43E9-4504-B4D7-D35AC0AB1B75,CRM - Roving Creel Project,Drano Lake salmon and steelhead 2024,1,2024-08-26,2024-09-01,35,weekend,Bank,NA,PE,effort,number_observations,1,week
736E14B6-43E9-4504-B4D7-D35AC0AB1B75,CRM - Roving Creel Project,Drano Lake salmon and steelhead 2024,1,2024-08-26,2024-09-01,35,weekend,Bank,NA,PE,effort,daily_mean,45.8125,week
736E14B6-43E9-4504-B4D7-D35AC0AB1B75,CRM - Roving Creel Project,Drano Lake salmon and steelhead 2024,1,2024-08-26,2024-09-01,35,weekend,Bank,NA,PE,effort,daily_variance,0,week
736E14B6-43E9-4504-B4D7-D35AC0AB1B75,CRM - Roving Creel Project,Drano Lake salmon and steelhead 2024,1,2024-08-26,2024-09-01,35,weekend,Bank,NA,PE,effort,days_open,2,week
736E14B6-43E9-4504-B4D7-D35AC0AB1B75,CRM - Roving Creel Project,Drano Lake salmon and steelhead 2024,1,2024-08-26,2024-09-01,35,weekend,Bank,NA,PE,effort,degrees_freedom,26,week
736E14B6-43E9-4504-B4D7-D35AC0AB1B75,CRM - Roving Creel Project,Drano Lake salmon and steelhead 2024,1,2024-08-26,2024-09-01,35,weekend,Bank,NA,PE,effort,total_effort,91.625,week
736E14B6-43E9-4504-B4D7-D35AC0AB1B75,CRM - Roving Creel Project,Drano Lake salmon and steelhead 2024,1,2024-08-26,2024-09-01,35,weekend,Boat,NA,PE,effort,number_observations,1,week
736E14B6-43E9-4504-B4D7-D35AC0AB1B75,CRM - Roving Creel Project,Drano Lake salmon and steelhead 2024,1,2024-08-26,2024-09-01,35,weekend,Boat,NA,PE,effort,daily_mean,1165.8481874247893,week
736E14B6-43E9-4504-B4D7-D35AC0AB1B75,CRM - Roving Creel Project,Drano Lake salmon and steelhead 2024,1,2024-08-26,2024-09-01,35,weekend,Boat,NA,PE,effort,daily_variance,0,week
736E14B6-43E9-4504-B4D7-D35AC0AB1B75,CRM - Roving Creel Project,Drano Lake salmon and steelhead 2024,1,2024-08-26,2024-09-01,35,weekend,Boat,NA,PE,effort,days_open,2,week
736E14B6-43E9-4504-B4D7-D35AC0AB1B75,CRM - Roving Creel Project,Drano Lake salmon and steelhead 2024,1,2024-08-26,2024-09-01,35,weekend,Boat,NA,PE,effort,degrees_freedom,26,week
736E14B6-43E9-4504-B4D7-D35AC0AB1B75,CRM - Roving Creel Project,Drano Lake salmon and steelhead 2024,1,2024-08-26,2024-09-01,35,weekend,Boat,NA,PE,effort,total_effort,2331.6963748495787,week
736E14B6-43E9-4504-B4D7-D35AC0AB1B75,CRM - Roving Creel Project,Drano Lake salmon and steelhead 2024,1,2024-08-26,2024-09-01,35,weekend,NA,NA,PE,effort,number_observations,0,week
736E14B6-43E9-4504-B4D7-D35AC0AB1B75,CRM - Roving Creel Project,Drano Lake salmon and steelhead 2024,1,2024-08-26,2024-09-01,35,weekend,NA,NA,PE,effort,daily_variance,0,week
736E14B6-43E9-4504-B4D7-D35AC0AB1B75,CRM - Roving Creel Project,Drano Lake salmon and steelhead 2024,1,2024-08-26,2024-09-01,35,weekend,NA,NA,PE,effort,days_open,2,week
736E14B6-43E9-4504-B4D7-D35AC0AB1B75,CRM - Roving Creel Project,Drano Lake salmon and steelhead 2024,1,2024-08-26,2024-09-01,35,weekend,NA,NA,PE,effort,degrees_freedom,0.5,week
736E14B6-43E9-4504-B4D7-D35AC0AB1B75,CRM - Roving Creel Project,Drano Lake salmon and steelhead 2024,1,2024-09-02,2024-09-08,36,weekday,Bank,NA,PE,effort,number_observations,1,week
736E14B6-43E9-4504-B4D7-D35AC0AB1B75,CRM - Roving Creel Project,Drano Lake salmon and steelhead 2024,1,2024-09-02,2024-09-08,36,weekday,Bank,NA,PE,effort,daily_mean,15.063333333333333,week
736E14B6-43E9-4504-B4D7-D35AC0AB1B75,CRM - Roving Creel Project,Drano Lake salmon and steelhead 2024,1,2024-09-02,2024-09-08,36,weekday,Bank,NA,PE,effort,daily_variance,0,week
736E14B6-43E9-4504-B4D7-D35AC0AB1B75,CRM - Roving Creel Project,Drano Lake salmon and steelhead 2024,1,2024-09-02,2024-09-08,36,weekday,Bank,NA,PE,effort,days_open,4,week
736E14B6-43E9-4504-B4D7-D35AC0AB1B75,CRM - Roving Creel Project,Drano Lake salmon and steelhead 2024,1,2024-09-02,2024-09-08,36,weekday,Bank,NA,PE,effort,degrees_freedom,26,week
736E14B6-43E9-4504-B4D7-D35AC0AB1B75,CRM - Roving Creel Project,Drano Lake salmon and steelhead 2024,1,2024-09-02,2024-09-08,36,weekday,Bank,NA,PE,effort,total_effort,60.25333333333333,week
736E14B6-43E9-4504-B4D7-D35AC0AB1B75,CRM - Roving Creel Project,Drano Lake salmon and steelhead 2024,1,2024-09-02,2024-09-08,36,weekday,Boat,NA,PE,effort,number_observations,1,week
736E14B6-43E9-4504-B4D7-D35AC0AB1B75,CRM - Roving Creel Project,Drano Lake salmon and steelhead 2024,1,2024-09-02,2024-09-08,36,weekday,Boat,NA,PE,effort,daily_mean,815.4592599277978,week
736E14B6-43E9-4504-B4D7-D35AC0AB1B75,CRM - Roving Creel Project,Drano Lake salmon and steelhead 2024,1,2024-09-02,2024-09-08,36,weekday,Boat,NA,PE,effort,daily_variance,0,week
736E14B6-43E9-4504-B4D7-D35AC0AB1B75,CRM - Roving Creel Project,Drano Lake salmon and steelhead 2024,1,2024-09-02,2024-09-08,36,weekday,Boat,NA,PE,effort,days_open,4,week
736E14B6-43E9-4504-B4D7-D35AC0AB1B75,CRM - Roving Creel Project,Drano Lake salmon and steelhead 2024,1,2024-09-02,2024-09-08,36,weekday,Boat,NA,PE,effort,degrees_freedom,26,week
736E14B6-43E9-4504-B4D7-D35AC0AB1B75,CRM - Roving Creel Project,Drano Lake salmon and steelhead 2024,1,2024-09-02,2024-09-08,36,weekday,Boat,NA,PE,effort,total_effort,3261.837039711191,week
736E14B6-43E9-4504-B4D7-D35AC0AB1B75,CRM - Roving Creel Project,Drano Lake salmon and steelhead 2024,1,2024-09-02,2024-09-08,36,weekday,NA,NA,PE,effort,number_observations,0,week
736E14B6-43E9-4504-B4D7-D35AC0AB1B75,CRM - Roving Creel Project,Drano Lake salmon and steelhead 2024,1,2024-09-02,2024-09-08,36,weekday,NA,NA,PE,effort,daily_variance,0,week
736E14B6-43E9-4504-B4D7-D35AC0AB1B75,CRM - Roving Creel Project,Drano Lake salmon and steelhead 2024,1,2024-09-02,2024-09-08,36,weekday,NA,NA,PE,effort,days_open,4,week
736E14B6-43E9-4504-B4D7-D35AC0AB1B75,CRM - Roving Creel Project,Drano Lake salmon and steelhead 2024,1,2024-09-02,2024-09-08,36,weekday,NA,NA,PE,effort,degrees_freedom,0.5,week
736E14B6-43E9-4504-B4D7-D35AC0AB1B75,CRM - Roving Creel Project,Drano Lake salmon and steelhead 2024,1,2024-09-02,2024-09-08,36,weekend,Bank,NA,PE,effort,number_observations,2,week
736E14B6-43E9-4504-B4D7-D35AC0AB1B75,CRM - Roving Creel Project,Drano Lake salmon and steelhead 2024,1,2024-09-02,2024-09-08,36,weekend,Bank,NA,PE,effort,daily_mean,14.90638888888889,week
736E14B6-43E9-4504-B4D7-D35AC0AB1B75,CRM - Roving Creel Project,Drano Lake salmon and steelhead 2024,1,2024-09-02,2024-09-08,36,weekend,Bank,NA,PE,effort,daily_variance,444.4008594135803,week
736E14B6-43E9-4504-B4D7-D35AC0AB1B75,CRM - Roving Creel Project,Drano Lake salmon and steelhead 2024,1,2024-09-02,2024-09-08,36,weekend,Bank,NA,PE,effort,days_open,3,week
736E14B6-43E9-4504-B4D7-D35AC0AB1B75,CRM - Roving Creel Project,Drano Lake salmon and steelhead 2024,1,2024-09-02,2024-09-08,36,weekend,Bank,NA,PE,effort,degrees_freedom,26,week
736E14B6-43E9-4504-B4D7-D35AC0AB1B75,CRM - Roving Creel Project,Drano Lake salmon and steelhead 2024,1,2024-09-02,2024-09-08,36,weekend,Bank,NA,PE,effort,total_effort,44.719166666666666,week
736E14B6-43E9-4504-B4D7-D35AC0AB1B75,CRM - Roving Creel Project,Drano Lake salmon and steelhead 2024,1,2024-09-02,2024-09-08,36,weekend,Boat,NA,PE,effort,number_observations,2,week
736E14B6-43E9-4504-B4D7-D35AC0AB1B75,CRM - Roving Creel Project,Drano Lake salmon and steelhead 2024,1,2024-09-02,2024-09-08,36,weekend,Boat,NA,PE,effort,daily_mean,1294.5147580726034,week
736E14B6-43E9-4504-B4D7-D35AC0AB1B75,CRM - Roving Creel Project,Drano Lake salmon and steelhead 2024,1,2024-09-02,2024-09-08,36,weekend,Boat,NA,PE,effort,daily_variance,598453.4902504156,week
736E14B6-43E9-4504-B4D7-D35AC0AB1B75,CRM - Roving Creel Project,Drano Lake salmon and steelhead 2024,1,2024-09-02,2024-09-08,36,weekend,Boat,NA,PE,effort,days_open,3,week
736E14B6-43E9-4504-B4D7-D35AC0AB1B75,CRM - Roving Creel Project,Drano Lake salmon and steelhead 2024,1,2024-09-02,2024-09-08,36,weekend,Boat,NA,PE,effort,degrees_freedom,26,week
736E14B6-43E9-4504-B4D7-D35AC0AB1B75,CRM - Roving Creel Project,Drano Lake salmon and steelhead 2024,1,2024-09-02,2024-09-08,36,weekend,Boat,NA,PE,effort,total_effort,3883.54427421781,week
736E14B6-43E9-4504-B4D7-D35AC0AB1B75,CRM - Roving Creel Project,Drano Lake salmon and steelhead 2024,1,2024-09-02,2024-09-08,36,weekend,NA,NA,PE,effort,number_observations,0,week
736E14B6-43E9-4504-B4D7-D35AC0AB1B75,CRM - Roving Creel Project,Drano Lake salmon and steelhead 2024,1,2024-09-02,2024-09-08,36,weekend,NA,NA,PE,effort,daily_variance,0,week
736E14B6-43E9-4504-B4D7-D35AC0AB1B75,CRM - Roving Creel Project,Drano Lake salmon and steelhead 2024,1,2024-09-02,2024-09-08,36,weekend,NA,NA,PE,effort,days_open,3,week
736E14B6-43E9-4504-B4D7-D35AC0AB1B75,CRM - Roving Creel Project,Drano Lake salmon and steelhead 2024,1,2024-09-02,2024-09-08,36,weekend,NA,NA,PE,effort,degrees_freedom,0.5,week
736E14B6-43E9-4504-B4D7-D35AC0AB1B75,CRM - Roving Creel Project,Drano Lake salmon and steelhead 2024,1,2024-09-09,2024-09-15,37,weekday,Bank,NA,PE,effort,number_observations,2,week
736E14B6-43E9-4504-B4D7-D35AC0AB1B75,CRM - Roving Creel Project,Drano Lake salmon and steelhead 2024,1,2024-09-09,2024-09-15,37,weekday,Bank,NA,PE,effort,daily_mean,32.985902777777774,week
736E14B6-43E9-4504-B4D7-D35AC0AB1B75,CRM - Roving Creel Project,Drano Lake salmon and steelhead 2024,1,2024-09-09,2024-09-15,37,weekday,Bank,NA,PE,effort,daily_variance,1309.2057709201388,week
736E14B6-43E9-4504-B4D7-D35AC0AB1B75,CRM - Roving Creel Project,Drano Lake salmon and steelhead 2024,1,2024-09-09,2024-09-15,37,weekday,Bank,NA,PE,effort,days_open,5,week
736E14B6-43E9-4504-B4D7-D35AC0AB1B75,CRM - Roving Creel Project,Drano Lake salmon and steelhead 2024,1,2024-09-09,2024-09-15,37,weekday,Bank,NA,PE,effort,degrees_freedom,26,week
736E14B6-43E9-4504-B4D7-D35AC0AB1B75,CRM - Roving Creel Project,Drano Lake salmon and steelhead 2024,1,2024-09-09,2024-09-15,37,weekday,Bank,NA,PE,effort,total_effort,164.92951388888886,week
736E14B6-43E9-4504-B4D7-D35AC0AB1B75,CRM - Roving Creel Project,Drano Lake salmon and steelhead 2024,1,2024-09-09,2024-09-15,37,weekday,Boat,NA,PE,effort,number_observations,2,week
736E14B6-43E9-4504-B4D7-D35AC0AB1B75,CRM - Roving Creel Project,Drano Lake salmon and steelhead 2024,1,2024-09-09,2024-09-15,37,weekday,Boat,NA,PE,effort,daily_mean,1186.2513259626953,week
736E14B6-43E9-4504-B4D7-D35AC0AB1B75,CRM - Roving Creel Project,Drano Lake salmon and steelhead 2024,1,2024-09-09,2024-09-15,37,weekday,Boat,NA,PE,effort,daily_variance,72431.64960061634,week
736E14B6-43E9-4504-B4D7-D35AC0AB1B75,CRM - Roving Creel Project,Drano Lake salmon and steelhead 2024,1,2024-09-09,2024-09-15,37,weekday,Boat,NA,PE,effort,days_open,5,week
736E14B6-43E9-4504-B4D7-D35AC0AB1B75,CRM - Roving Creel Project,Drano Lake salmon and steelhead 2024,1,2024-09-09,2024-09-15,37,weekday,Boat,NA,PE,effort,degrees_freedom,26,week
736E14B6-43E9-4504-B4D7-D35AC0AB1B75,CRM - Roving Creel Project,Drano Lake salmon and steelhead 2024,1,2024-09-09,2024-09-15,37,weekday,Boat,NA,PE,effort,total_effort,5931.256629813477,week
736E14B6-43E9-4504-B4D7-D35AC0AB1B75,CRM - Roving Creel Project,Drano Lake salmon and steelhead 2024,1,2024-09-09,2024-09-15,37,weekday,NA,NA,PE,effort,number_observations,0,week
736E14B6-43E9-4504-B4D7-D35AC0AB1B75,CRM - Roving Creel Project,Drano Lake salmon and steelhead 2024,1,2024-09-09,2024-09-15,37,weekday,NA,NA,PE,effort,daily_variance,0,week
736E14B6-43E9-4504-B4D7-D35AC0AB1B75,CRM - Roving Creel Project,Drano Lake salmon and steelhead 2024,1,2024-09-09,2024-09-15,37,weekday,NA,NA,PE,effort,days_open,5,week
736E14B6-43E9-4504-B4D7-D35AC0AB1B75,CRM - Roving Creel Project,Drano Lake salmon and steelhead 2024,1,2024-09-09,2024-09-15,37,weekday,NA,NA,PE,effort,degrees_freedom,0.5,week
736E14B6-43E9-4504-B4D7-D35AC0AB1B75,CRM - Roving Creel Project,Drano Lake salmon and steelhead 2024,1,2024-09-09,2024-09-15,37,weekend,Bank,NA,PE,effort,number_observations,2,week
736E14B6-43E9-4504-B4D7-D35AC0AB1B75,CRM - Roving Creel Project,Drano Lake salmon and steelhead 2024,1,2024-09-09,2024-09-15,37,weekend,Bank,NA,PE,effort,daily_mean,0,week
736E14B6-43E9-4504-B4D7-D35AC0AB1B75,CRM - Roving Creel Project,Drano Lake salmon and steelhead 2024,1,2024-09-09,2024-09-15,37,weekend,Bank,NA,PE,effort,daily_variance,0,week
736E14B6-43E9-4504-B4D7-D35AC0AB1B75,CRM - Roving Creel Project,Drano Lake salmon and steelhead 2024,1,2024-09-09,2024-09-15,37,weekend,Bank,NA,PE,effort,days_open,2,week
736E14B6-43E9-4504-B4D7-D35AC0AB1B75,CRM - Roving Creel Project,Drano Lake salmon and steelhead 2024,1,2024-09-09,2024-09-15,37,weekend,Bank,NA,PE,effort,degrees_freedom,26,week
736E14B6-43E9-4504-B4D7-D35AC0AB1B75,CRM - Roving Creel Project,Drano Lake salmon and steelhead 2024,1,2024-09-09,2024-09-15,37,weekend,Bank,NA,PE,effort,total_effort,0,week
736E14B6-43E9-4504-B4D7-D35AC0AB1B75,CRM - Roving Creel Project,Drano Lake salmon and steelhead 2024,1,2024-09-09,2024-09-15,37,weekend,Boat,NA,PE,effort,number_observations,2,week
736E14B6-43E9-4504-B4D7-D35AC0AB1B75,CRM - Roving Creel Project,Drano Lake salmon and steelhead 2024,1,2024-09-09,2024-09-15,37,weekend,Boat,NA,PE,effort,daily_mean,798.9356307661452,week
736E14B6-43E9-4504-B4D7-D35AC0AB1B75,CRM - Roving Creel Project,Drano Lake salmon and steelhead 2024,1,2024-09-09,2024-09-15,37,weekend,Boat,NA,PE,effort,daily_variance,109442.52156493108,week
736E14B6-43E9-4504-B4D7-D35AC0AB1B75,CRM - Roving Creel Project,Drano Lake salmon and steelhead 2024,1,2024-09-09,2024-09-15,37,weekend,Boat,NA,PE,effort,days_open,2,week
736E14B6-43E9-4504-B4D7-D35AC0AB1B75,CRM - Roving Creel Project,Drano Lake salmon and steelhead 2024,1,2024-09-09,2024-09-15,37,weekend,Boat,NA,PE,effort,degrees_freedom,26,week
736E14B6-43E9-4504-B4D7-D35AC0AB1B75,CRM - Roving Creel Project,Drano Lake salmon and steelhead 2024,1,2024-09-09,2024-09-15,37,weekend,Boat,NA,PE,effort,total_effort,1597.8712615322904,week
736E14B6-43E9-4504-B4D7-D35AC0AB1B75,CRM - Roving Creel Project,Drano Lake salmon and steelhead 2024,1,2024-09-09,2024-09-15,37,weekend,NA,NA,PE,effort,number_observations,0,week
736E14B6-43E9-4504-B4D7-D35AC0AB1B75,CRM - Roving Creel Project,Drano Lake salmon and steelhead 2024,1,2024-09-09,2024-09-15,37,weekend,NA,NA,PE,effort,daily_variance,0,week
736E14B6-43E9-4504-B4D7-D35AC0AB1B75,CRM - Roving Creel Project,Drano Lake salmon and steelhead 2024,1,2024-09-09,2024-09-15,37,weekend,NA,NA,PE,effort,days_open,2,week
736E14B6-43E9-4504-B4D7-D35AC0AB1B75,CRM - Roving Creel Project,Drano Lake salmon and steelhead 2024,1,2024-09-09,2024-09-15,37,weekend,NA,NA,PE,effort,degrees_freedom,0.5,week
736E14B6-43E9-4504-B4D7-D35AC0AB1B75,CRM - Roving Creel Project,Drano Lake salmon and steelhead 2024,1,2024-09-16,2024-09-22,38,weekday,Bank,NA,PE,effort,number_observations,2,week
736E14B6-43E9-4504-B4D7-D35AC0AB1B75,CRM - Roving Creel Project,Drano Lake salmon and steelhead 2024,1,2024-09-16,2024-09-22,38,weekday,Bank,NA,PE,effort,daily_mean,10.70375,week
736E14B6-43E9-4504-B4D7-D35AC0AB1B75,CRM - Roving Creel Project,Drano Lake salmon and steelhead 2024,1,2024-09-16,2024-09-22,38,weekday,Bank,NA,PE,effort,daily_variance,229.14052812499997,week
736E14B6-43E9-4504-B4D7-D35AC0AB1B75,CRM - Roving Creel Project,Drano Lake salmon and steelhead 2024,1,2024-09-16,2024-09-22,38,weekday,Bank,NA,PE,effort,days_open,5,week
736E14B6-43E9-4504-B4D7-D35AC0AB1B75,CRM - Roving Creel Project,Drano Lake salmon and steelhead 2024,1,2024-09-16,2024-09-22,38,weekday,Bank,NA,PE,effort,degrees_freedom,26,week
736E14B6-43E9-4504-B4D7-D35AC0AB1B75,CRM - Roving Creel Project,Drano Lake salmon and steelhead 2024,1,2024-09-16,2024-09-22,38,weekday,Bank,NA,PE,effort,total_effort,53.51875,week
736E14B6-43E9-4504-B4D7-D35AC0AB1B75,CRM - Roving Creel Project,Drano Lake salmon and steelhead 2024,1,2024-09-16,2024-09-22,38,weekday,Boat,NA,PE,effort,number_observations,2,week
736E14B6-43E9-4504-B4D7-D35AC0AB1B75,CRM - Roving Creel Project,Drano Lake salmon and steelhead 2024,1,2024-09-16,2024-09-22,38,weekday,Boat,NA,PE,effort,daily_mean,806.5153549939831,week
736E14B6-43E9-4504-B4D7-D35AC0AB1B75,CRM - Roving Creel Project,Drano Lake salmon and steelhead 2024,1,2024-09-16,2024-09-22,38,weekday,Boat,NA,PE,effort,daily_variance,4109.249604276244,week
736E14B6-43E9-4504-B4D7-D35AC0AB1B75,CRM - Roving Creel Project,Drano Lake salmon and steelhead 2024,1,2024-09-16,2024-09-22,38,weekday,Boat,NA,PE,effort,days_open,5,week
736E14B6-43E9-4504-B4D7-D35AC0AB1B75,CRM - Roving Creel Project,Drano Lake salmon and steelhead 2024,1,2024-09-16,2024-09-22,38,weekday,Boat,NA,PE,effort,degrees_freedom,26,week
736E14B6-43E9-4504-B4D7-D35AC0AB1B75,CRM - Roving Creel Project,Drano Lake salmon and steelhead 2024,1,2024-09-16,2024-09-22,38,weekday,Boat,NA,PE,effort,total_effort,4032.5767749699157,week
736E14B6-43E9-4504-B4D7-D35AC0AB1B75,CRM - Roving Creel Project,Drano Lake salmon and steelhead 2024,1,2024-09-16,2024-09-22,38,weekday,NA,NA,PE,effort,number_observations,0,week
736E14B6-43E9-4504-B4D7-D35AC0AB1B75,CRM - Roving Creel Project,Drano Lake salmon and steelhead 2024,1,2024-09-16,2024-09-22,38,weekday,NA,NA,PE,effort,daily_variance,0,week
736E14B6-43E9-4504-B4D7-D35AC0AB1B75,CRM - Roving Creel Project,Drano Lake salmon and steelhead 2024,1,2024-09-16,2024-09-22,38,weekday,NA,NA,PE,effort,days_open,5,week
736E14B6-43E9-4504-B4D7-D35AC0AB1B75,CRM - Roving Creel Project,Drano Lake salmon and steelhead 2024,1,2024-09-16,2024-09-22,38,weekday,NA,NA,PE,effort,degrees_freedom,0.5,week
736E14B6-43E9-4504-B4D7-D35AC0AB1B75,CRM - Roving Creel Project,Drano Lake salmon and steelhead 2024,1,2024-09-16,2024-09-22,38,weekend,Bank,NA,PE,effort,number_observations,2,week
736E14B6-43E9-4504-B4D7-D35AC0AB1B75,CRM - Roving Creel Project,Drano Lake salmon and steelhead 2024,1,2024-09-16,2024-09-22,38,weekend,Bank,NA,PE,effort,daily_mean,0,week
736E14B6-43E9-4504-B4D7-D35AC0AB1B75,CRM - Roving Creel Project,Drano Lake salmon and steelhead 2024,1,2024-09-16,2024-09-22,38,weekend,Bank,NA,PE,effort,daily_variance,0,week
736E14B6-43E9-4504-B4D7-D35AC0AB1B75,CRM - Roving Creel Project,Drano Lake salmon and steelhead 2024,1,2024-09-16,2024-09-22,38,weekend,Bank,NA,PE,effort,days_open,2,week
736E14B6-43E9-4504-B4D7-D35AC0AB1B75,CRM - Roving Creel Project,Drano Lake salmon and steelhead 2024,1,2024-09-16,2024-09-22,38,weekend,Bank,NA,PE,effort,degrees_freedom,26,week
736E14B6-43E9-4504-B4D7-D35AC0AB1B75,CRM - Roving Creel Project,Drano Lake salmon and steelhead 2024,1,2024-09-16,2024-09-22,38,weekend,Bank,NA,PE,effort,total_effort,0,week
736E14B6-43E9-4504-B4D7-D35AC0AB1B75,CRM - Roving Creel Project,Drano Lake salmon and steelhead 2024,1,2024-09-16,2024-09-22,38,weekend,Boat,NA,PE,effort,number_observations,2,week
736E14B6-43E9-4504-B4D7-D35AC0AB1B75,CRM - Roving Creel Project,Drano Lake salmon and steelhead 2024,1,2024-09-16,2024-09-22,38,weekend,Boat,NA,PE,effort,daily_mean,1025.6604976434014,week
736E14B6-43E9-4504-B4D7-D35AC0AB1B75,CRM - Roving Creel Project,Drano Lake salmon and steelhead 2024,1,2024-09-16,2024-09-22,38,weekend,Boat,NA,PE,effort,daily_variance,956056.135313291,week
736E14B6-43E9-4504-B4D7-D35AC0AB1B75,CRM - Roving Creel Project,Drano Lake salmon and steelhead 2024,1,2024-09-16,2024-09-22,38,weekend,Boat,NA,PE,effort,days_open,2,week
736E14B6-43E9-4504-B4D7-D35AC0AB1B75,CRM - Roving Creel Project,Drano Lake salmon and steelhead 2024,1,2024-09-16,2024-09-22,38,weekend,Boat,NA,PE,effort,degrees_freedom,26,week
736E14B6-43E9-4504-B4D7-D35AC0AB1B75,CRM - Roving Creel Project,Drano Lake salmon and steelhead 2024,1,2024-09-16,2024-09-22,38,weekend,Boat,NA,PE,effort,total_effort,2051.320995286803,week
736E14B6-43E9-4504-B4D7-D35AC0AB1B75,CRM - Roving Creel Project,Drano Lake salmon and steelhead 2024,1,2024-09-16,2024-09-22,38,weekend,NA,NA,PE,effort,number_observations,0,week
736E14B6-43E9-4504-B4D7-D35AC0AB1B75,CRM - Roving Creel Project,Drano Lake salmon and steelhead 2024,1,2024-09-16,2024-09-22,38,weekend,NA,NA,PE,effort,daily_variance,0,week
736E14B6-43E9-4504-B4D7-D35AC0AB1B75,CRM - Roving Creel Project,Drano Lake salmon and steelhead 2024,1,2024-09-16,2024-09-22,38,weekend,NA,NA,PE,effort,days_open,2,week
736E14B6-43E9-4504-B4D7-D35AC0AB1B75,CRM - Roving Creel Project,Drano Lake salmon and steelhead 2024,1,2024-09-16,2024-09-22,38,weekend,NA,NA,PE,effort,degrees_freedom,0.5,week
736E14B6-43E9-4504-B4D7-D35AC0AB1B75,CRM - Roving Creel Project,Drano Lake salmon and steelhead 2024,1,2024-09-23,2024-09-29,39,weekday,Bank,NA,PE,effort,number_observations,2,week
736E14B6-43E9-4504-B4D7-D35AC0AB1B75,CRM - Roving Creel Project,Drano Lake salmon and steelhead 2024,1,2024-09-23,2024-09-29,39,weekday,Bank,NA,PE,effort,daily_mean,10.4775,week
736E14B6-43E9-4504-B4D7-D35AC0AB1B75,CRM - Roving Creel Project,Drano Lake salmon and steelhead 2024,1,2024-09-23,2024-09-29,39,weekday,Bank,NA,PE,effort,daily_variance,24.14738904320987,week
736E14B6-43E9-4504-B4D7-D35AC0AB1B75,CRM - Roving Creel Project,Drano Lake salmon and steelhead 2024,1,2024-09-23,2024-09-29,39,weekday,Bank,NA,PE,effort,days_open,5,week
736E14B6-43E9-4504-B4D7-D35AC0AB1B75,CRM - Roving Creel Project,Drano Lake salmon and steelhead 2024,1,2024-09-23,2024-09-29,39,weekday,Bank,NA,PE,effort,degrees_freedom,26,week
736E14B6-43E9-4504-B4D7-D35AC0AB1B75,CRM - Roving Creel Project,Drano Lake salmon and steelhead 2024,1,2024-09-23,2024-09-29,39,weekday,Bank,NA,PE,effort,total_effort,52.387499999999996,week
736E14B6-43E9-4504-B4D7-D35AC0AB1B75,CRM - Roving Creel Project,Drano Lake salmon and steelhead 2024,1,2024-09-23,2024-09-29,39,weekday,Boat,NA,PE,effort,number_observations,2,week
736E14B6-43E9-4504-B4D7-D35AC0AB1B75,CRM - Roving Creel Project,Drano Lake salmon and steelhead 2024,1,2024-09-23,2024-09-29,39,weekday,Boat,NA,PE,effort,daily_mean,388.0781789009226,week
736E14B6-43E9-4504-B4D7-D35AC0AB1B75,CRM - Roving Creel Project,Drano Lake salmon and steelhead 2024,1,2024-09-23,2024-09-29,39,weekday,Boat,NA,PE,effort,daily_variance,1.0961263088996351,week
736E14B6-43E9-4504-B4D7-D35AC0AB1B75,CRM - Roving Creel Project,Drano Lake salmon and steelhead 2024,1,2024-09-23,2024-09-29,39,weekday,Boat,NA,PE,effort,days_open,5,week
736E14B6-43E9-4504-B4D7-D35AC0AB1B75,CRM - Roving Creel Project,Drano Lake salmon and steelhead 2024,1,2024-09-23,2024-09-29,39,weekday,Boat,NA,PE,effort,degrees_freedom,26,week
736E14B6-43E9-4504-B4D7-D35AC0AB1B75,CRM - Roving Creel Project,Drano Lake salmon and steelhead 2024,1,2024-09-23,2024-09-29,39,weekday,Boat,NA,PE,effort,total_effort,1940.3908945046128,week
736E14B6-43E9-4504-B4D7-D35AC0AB1B75,CRM - Roving Creel Project,Drano Lake salmon and steelhead 2024,1,2024-09-23,2024-09-29,39,weekday,NA,NA,PE,effort,number_observations,0,week
736E14B6-43E9-4504-B4D7-D35AC0AB1B75,CRM - Roving Creel Project,Drano Lake salmon and steelhead 2024,1,2024-09-23,2024-09-29,39,weekday,NA,NA,PE,effort,daily_variance,0,week
736E14B6-43E9-4504-B4D7-D35AC0AB1B75,CRM - Roving Creel Project,Drano Lake salmon and steelhead 2024,1,2024-09-23,2024-09-29,39,weekday,NA,NA,PE,effort,days_open,5,week
736E14B6-43E9-4504-B4D7-D35AC0AB1B75,CRM - Roving Creel Project,Drano Lake salmon and steelhead 2024,1,2024-09-23,2024-09-29,39,weekday,NA,NA,PE,effort,degrees_freedom,0.5,week
736E14B6-43E9-4504-B4D7-D35AC0AB1B75,CRM - Roving Creel Project,Drano Lake salmon and steelhead 2024,1,2024-09-23,2024-09-29,39,weekend,Bank,NA,PE,effort,number_observations,2,week
736E14B6-43E9-4504-B4D7-D35AC0AB1B75,CRM - Roving Creel Project,Drano Lake salmon and steelhead 2024,1,2024-09-23,2024-09-29,39,weekend,Bank,NA,PE,effort,daily_mean,3.4481944444444443,week
736E14B6-43E9-4504-B4D7-D35AC0AB1B75,CRM - Roving Creel Project,Drano Lake salmon and steelhead 2024,1,2024-09-23,2024-09-29,39,weekend,Bank,NA,PE,effort,daily_variance,23.78008985339506,week
736E14B6-43E9-4504-B4D7-D35AC0AB1B75,CRM - Roving Creel Project,Drano Lake salmon and steelhead 2024,1,2024-09-23,2024-09-29,39,weekend,Bank,NA,PE,effort,days_open,2,week
736E14B6-43E9-4504-B4D7-D35AC0AB1B75,CRM - Roving Creel Project,Drano Lake salmon and steelhead 2024,1,2024-09-23,2024-09-29,39,weekend,Bank,NA,PE,effort,degrees_freedom,26,week
736E14B6-43E9-4504-B4D7-D35AC0AB1B75,CRM - Roving Creel Project,Drano Lake salmon and steelhead 2024,1,2024-09-23,2024-09-29,39,weekend,Bank,NA,PE,effort,total_effort,6.896388888888889,week
736E14B6-43E9-4504-B4D7-D35AC0AB1B75,CRM - Roving Creel Project,Drano Lake salmon and steelhead 2024,1,2024-09-23,2024-09-29,39,weekend,Boat,NA,PE,effort,number_observations,2,week
736E14B6-43E9-4504-B4D7-D35AC0AB1B75,CRM - Roving Creel Project,Drano Lake salmon and steelhead 2024,1,2024-09-23,2024-09-29,39,weekend,Boat,NA,PE,effort,daily_mean,748.7393331327717,week
736E14B6-43E9-4504-B4D7-D35AC0AB1B75,CRM - Roving Creel Project,Drano Lake salmon and steelhead 2024,1,2024-09-23,2024-09-29,39,weekend,Boat,NA,PE,effort,daily_variance,214560.6844845155,week
736E14B6-43E9-4504-B4D7-D35AC0AB1B75,CRM - Roving Creel Project,Drano Lake salmon and steelhead 2024,1,2024-09-23,2024-09-29,39,weekend,Boat,NA,PE,effort,days_open,2,week
736E14B6-43E9-4504-B4D7-D35AC0AB1B75,CRM - Roving Creel Project,Drano Lake salmon and steelhead 2024,1,2024-09-23,2024-09-29,39,weekend,Boat,NA,PE,effort,degrees_freedom,26,week
736E14B6-43E9-4504-B4D7-D35AC0AB1B75,CRM - Roving Creel Project,Drano Lake salmon and steelhead 2024,1,2024-09-23,2024-09-29,39,weekend,Boat,NA,PE,effort,total_effort,1497.4786662655433,week
736E14B6-43E9-4504-B4D7-D35AC0AB1B75,CRM - Roving Creel Project,Drano Lake salmon and steelhead 2024,1,2024-09-23,2024-09-29,39,weekend,NA,NA,PE,effort,number_observations,0,week
736E14B6-43E9-4504-B4D7-D35AC0AB1B75,CRM - Roving Creel Project,Drano Lake salmon and steelhead 2024,1,2024-09-23,2024-09-29,39,weekend,NA,NA,PE,effort,daily_variance,0,week
736E14B6-43E9-4504-B4D7-D35AC0AB1B75,CRM - Roving Creel Project,Drano Lake salmon and steelhead 2024,1,2024-09-23,2024-09-29,39,weekend,NA,NA,PE,effort,days_open,2,week
736E14B6-43E9-4504-B4D7-D35AC0AB1B75,CRM - Roving Creel Project,Drano Lake salmon and steelhead 2024,1,2024-09-23,2024-09-29,39,weekend,NA,NA,PE,effort,degrees_freedom,0.5,week
736E14B6-43E9-4504-B4D7-D35AC0AB1B75,CRM - Roving Creel Project,Drano Lake salmon and steelhead 2024,1,2024-09-30,2024-10-06,40,weekday,Bank,NA,PE,effort,number_observations,2,week
736E14B6-43E9-4504-B4D7-D35AC0AB1B75,CRM - Roving Creel Project,Drano Lake salmon and steelhead 2024,1,2024-09-30,2024-10-06,40,weekday,Bank,NA,PE,effort,daily_mean,10.251527777777778,week
736E14B6-43E9-4504-B4D7-D35AC0AB1B75,CRM - Roving Creel Project,Drano Lake salmon and steelhead 2024,1,2024-09-30,2024-10-06,40,weekday,Bank,NA,PE,effort,daily_variance,24.33112534722222,week
736E14B6-43E9-4504-B4D7-D35AC0AB1B75,CRM - Roving Creel Project,Drano Lake salmon and steelhead 2024,1,2024-09-30,2024-10-06,40,weekday,Bank,NA,PE,effort,days_open,4,week
736E14B6-43E9-4504-B4D7-D35AC0AB1B75,CRM - Roving Creel Project,Drano Lake salmon and steelhead 2024,1,2024-09-30,2024-10-06,40,weekday,Bank,NA,PE,effort,degrees_freedom,26,week
736E14B6-43E9-4504-B4D7-D35AC0AB1B75,CRM - Roving Creel Project,Drano Lake salmon and steelhead 2024,1,2024-09-30,2024-10-06,40,weekday,Bank,NA,PE,effort,total_effort,41.00611111111111,week
736E14B6-43E9-4504-B4D7-D35AC0AB1B75,CRM - Roving Creel Project,Drano Lake salmon and steelhead 2024,1,2024-09-30,2024-10-06,40,weekday,Boat,NA,PE,effort,number_observations,2,week
736E14B6-43E9-4504-B4D7-D35AC0AB1B75,CRM - Roving Creel Project,Drano Lake salmon and steelhead 2024,1,2024-09-30,2024-10-06,40,weekday,Boat,NA,PE,effort,daily_mean,265.0867619334136,week
736E14B6-43E9-4504-B4D7-D35AC0AB1B75,CRM - Roving Creel Project,Drano Lake salmon and steelhead 2024,1,2024-09-30,2024-10-06,40,weekday,Boat,NA,PE,effort,daily_variance,880.8519021417927,week
736E14B6-43E9-4504-B4D7-D35AC0AB1B75,CRM - Roving Creel Project,Drano Lake salmon and steelhead 2024,1,2024-09-30,2024-10-06,40,weekday,Boat,NA,PE,effort,days_open,4,week
736E14B6-43E9-4504-B4D7-D35AC0AB1B75,CRM - Roving Creel Project,Drano Lake salmon and steelhead 2024,1,2024-09-30,2024-10-06,40,weekday,Boat,NA,PE,effort,degrees_freedom,26,week
736E14B6-43E9-4504-B4D7-D35AC0AB1B75,CRM - Roving Creel Project,Drano Lake salmon and steelhead 2024,1,2024-09-30,2024-10-06,40,weekday,Boat,NA,PE,effort,total_effort,1060.3470477336543,week
736E14B6-43E9-4504-B4D7-D35AC0AB1B75,CRM - Roving Creel Project,Drano Lake salmon and steelhead 2024,1,2024-09-30,2024-10-06,40,weekday,NA,NA,PE,effort,number_observations,0,week
736E14B6-43E9-4504-B4D7-D35AC0AB1B75,CRM - Roving Creel Project,Drano Lake salmon and steelhead 2024,1,2024-09-30,2024-10-06,40,weekday,NA,NA,PE,effort,daily_variance,0,week
736E14B6-43E9-4504-B4D7-D35AC0AB1B75,CRM - Roving Creel Project,Drano Lake salmon and steelhead 2024,1,2024-09-30,2024-10-06,40,weekday,NA,NA,PE,effort,days_open,4,week
736E14B6-43E9-4504-B4D7-D35AC0AB1B75,CRM - Roving Creel Project,Drano Lake salmon and steelhead 2024,1,2024-09-30,2024-10-06,40,weekday,NA,NA,PE,effort,degrees_freedom,0.5,week
736E14B6-43E9-4504-B4D7-D35AC0AB1B75,CRM - Roving Creel Project,Drano Lake salmon and steelhead 2024,1,2024-09-30,2024-10-06,40,weekend,Bank,NA,PE,effort,number_observations,2,week
736E14B6-43E9-4504-B4D7-D35AC0AB1B75,CRM - Roving Creel Project,Drano Lake salmon and steelhead 2024,1,2024-09-30,2024-10-06,40,weekend,Bank,NA,PE,effort,daily_mean,23.54,week
736E14B6-43E9-4504-B4D7-D35AC0AB1B75,CRM - Roving Creel Project,Drano Lake salmon and steelhead 2024,1,2024-09-30,2024-10-06,40,weekend,Bank,NA,PE,effort,daily_variance,23.233472222222222,week
736E14B6-43E9-4504-B4D7-D35AC0AB1B75,CRM - Roving Creel Project,Drano Lake salmon and steelhead 2024,1,2024-09-30,2024-10-06,40,weekend,Bank,NA,PE,effort,days_open,2,week
736E14B6-43E9-4504-B4D7-D35AC0AB1B75,CRM - Roving Creel Project,Drano Lake salmon and steelhead 2024,1,2024-09-30,2024-10-06,40,weekend,Bank,NA,PE,effort,degrees_freedom,26,week
736E14B6-43E9-4504-B4D7-D35AC0AB1B75,CRM - Roving Creel Project,Drano Lake salmon and steelhead 2024,1,2024-09-30,2024-10-06,40,weekend,Bank,NA,PE,effort,total_effort,47.08,week
736E14B6-43E9-4504-B4D7-D35AC0AB1B75,CRM - Roving Creel Project,Drano Lake salmon and steelhead 2024,1,2024-09-30,2024-10-06,40,weekend,Boat,NA,PE,effort,number_observations,2,week
736E14B6-43E9-4504-B4D7-D35AC0AB1B75,CRM - Roving Creel Project,Drano Lake salmon and steelhead 2024,1,2024-09-30,2024-10-06,40,weekend,Boat,NA,PE,effort,daily_mean,410.84684842559165,week
736E14B6-43E9-4504-B4D7-D35AC0AB1B75,CRM - Roving Creel Project,Drano Lake salmon and steelhead 2024,1,2024-09-30,2024-10-06,40,weekend,Boat,NA,PE,effort,daily_variance,17725.63656725941,week
736E14B6-43E9-4504-B4D7-D35AC0AB1B75,CRM - Roving Creel Project,Drano Lake salmon and steelhead 2024,1,2024-09-30,2024-10-06,40,weekend,Boat,NA,PE,effort,days_open,2,week
736E14B6-43E9-4504-B4D7-D35AC0AB1B75,CRM - Roving Creel Project,Drano Lake salmon and steelhead 2024,1,2024-09-30,2024-10-06,40,weekend,Boat,NA,PE,effort,degrees_freedom,26,week
736E14B6-43E9-4504-B4D7-D35AC0AB1B75,CRM - Roving Creel Project,Drano Lake salmon and steelhead 2024,1,2024-09-30,2024-10-06,40,weekend,Boat,NA,PE,effort,total_effort,821.6936968511833,week
736E14B6-43E9-4504-B4D7-D35AC0AB1B75,CRM - Roving Creel Project,Drano Lake salmon and steelhead 2024,1,2024-09-30,2024-10-06,40,weekend,NA,NA,PE,effort,number_observations,0,week
736E14B6-43E9-4504-B4D7-D35AC0AB1B75,CRM - Roving Creel Project,Drano Lake salmon and steelhead 2024,1,2024-09-30,2024-10-06,40,weekend,NA,NA,PE,effort,daily_variance,0,week
736E14B6-43E9-4504-B4D7-D35AC0AB1B75,CRM - Roving Creel Project,Drano Lake salmon and steelhead 2024,1,2024-09-30,2024-10-06,40,weekend,NA,NA,PE,effort,days_open,2,week
736E14B6-43E9-4504-B4D7-D35AC0AB1B75,CRM - Roving Creel Project,Drano Lake salmon and steelhead 2024,1,2024-09-30,2024-10-06,40,weekend,NA,NA,PE,effort,degrees_freedom,0.5,week
736E14B6-43E9-4504-B4D7-D35AC0AB1B75,CRM - Roving Creel Project,Drano Lake salmon and steelhead 2024,1,2024-10-07,2024-10-13,41,weekday,Bank,NA,PE,effort,number_observations,2,week
736E14B6-43E9-4504-B4D7-D35AC0AB1B75,CRM - Roving Creel Project,Drano Lake salmon and steelhead 2024,1,2024-10-07,2024-10-13,41,weekday,Bank,NA,PE,effort,daily_mean,3.3421527777777778,week
736E14B6-43E9-4504-B4D7-D35AC0AB1B75,CRM - Roving Creel Project,Drano Lake salmon and steelhead 2024,1,2024-10-07,2024-10-13,41,weekday,Bank,NA,PE,effort,daily_variance,22.339970380015433,week
736E14B6-43E9-4504-B4D7-D35AC0AB1B75,CRM - Roving Creel Project,Drano Lake salmon and steelhead 2024,1,2024-10-07,2024-10-13,41,weekday,Bank,NA,PE,effort,days_open,4,week
736E14B6-43E9-4504-B4D7-D35AC0AB1B75,CRM - Roving Creel Project,Drano Lake salmon and steelhead 2024,1,2024-10-07,2024-10-13,41,weekday,Bank,NA,PE,effort,degrees_freedom,26,week
736E14B6-43E9-4504-B4D7-D35AC0AB1B75,CRM - Roving Creel Project,Drano Lake salmon and steelhead 2024,1,2024-10-07,2024-10-13,41,weekday,Bank,NA,PE,effort,total_effort,13.368611111111111,week
736E14B6-43E9-4504-B4D7-D35AC0AB1B75,CRM - Roving Creel Project,Drano Lake salmon and steelhead 2024,1,2024-10-07,2024-10-13,41,weekday,Boat,NA,PE,effort,number_observations,2,week
736E14B6-43E9-4504-B4D7-D35AC0AB1B75,CRM - Roving Creel Project,Drano Lake salmon and steelhead 2024,1,2024-10-07,2024-10-13,41,weekday,Boat,NA,PE,effort,daily_mean,284.99288833734454,week
736E14B6-43E9-4504-B4D7-D35AC0AB1B75,CRM - Roving Creel Project,Drano Lake salmon and steelhead 2024,1,2024-10-07,2024-10-13,41,weekday,Boat,NA,PE,effort,daily_variance,48109.138125888465,week
736E14B6-43E9-4504-B4D7-D35AC0AB1B75,CRM - Roving Creel Project,Drano Lake salmon and steelhead 2024,1,2024-10-07,2024-10-13,41,weekday,Boat,NA,PE,effort,days_open,4,week
736E14B6-43E9-4504-B4D7-D35AC0AB1B75,CRM - Roving Creel Project,Drano Lake salmon and steelhead 2024,1,2024-10-07,2024-10-13,41,weekday,Boat,NA,PE,effort,degrees_freedom,26,week
736E14B6-43E9-4504-B4D7-D35AC0AB1B75,CRM - Roving Creel Project,Drano Lake salmon and steelhead 2024,1,2024-10-07,2024-10-13,41,weekday,Boat,NA,PE,effort,total_effort,1139.9715533493782,week
736E14B6-43E9-4504-B4D7-D35AC0AB1B75,CRM - Roving Creel Project,Drano Lake salmon and steelhead 2024,1,2024-10-07,2024-10-13,41,weekday,NA,NA,PE,effort,number_observations,0,week
736E14B6-43E9-4504-B4D7-D35AC0AB1B75,CRM - Roving Creel Project,Drano Lake salmon and steelhead 2024,1,2024-10-07,2024-10-13,41,weekday,NA,NA,PE,effort,daily_variance,0,week
736E14B6-43E9-4504-B4D7-D35AC0AB1B75,CRM - Roving Creel Project,Drano Lake salmon and steelhead 2024,1,2024-10-07,2024-10-13,41,weekday,NA,NA,PE,effort,days_open,4,week
736E14B6-43E9-4504-B4D7-D35AC0AB1B75,CRM - Roving Creel Project,Drano Lake salmon and steelhead 2024,1,2024-10-07,2024-10-13,41,weekday,NA,NA,PE,effort,degrees_freedom,0.5,week
736E14B6-43E9-4504-B4D7-D35AC0AB1B75,CRM - Roving Creel Project,Drano Lake salmon and steelhead 2024,1,2024-10-07,2024-10-13,41,weekend,Bank,NA,PE,effort,number_observations,2,week
736E14B6-43E9-4504-B4D7-D35AC0AB1B75,CRM - Roving Creel Project,Drano Lake salmon and steelhead 2024,1,2024-10-07,2024-10-13,41,weekend,Bank,NA,PE,effort,daily_mean,0,week
736E14B6-43E9-4504-B4D7-D35AC0AB1B75,CRM - Roving Creel Project,Drano Lake salmon and steelhead 2024,1,2024-10-07,2024-10-13,41,weekend,Bank,NA,PE,effort,daily_variance,0,week
736E14B6-43E9-4504-B4D7-D35AC0AB1B75,CRM - Roving Creel Project,Drano Lake salmon and steelhead 2024,1,2024-10-07,2024-10-13,41,weekend,Bank,NA,PE,effort,days_open,2,week
736E14B6-43E9-4504-B4D7-D35AC0AB1B75,CRM - Roving Creel Project,Drano Lake salmon and steelhead 2024,1,2024-10-07,2024-10-13,41,weekend,Bank,NA,PE,effort,degrees_freedom,26,week
736E14B6-43E9-4504-B4D7-D35AC0AB1B75,CRM - Roving Creel Project,Drano Lake salmon and steelhead 2024,1,2024-10-07,2024-10-13,41,weekend,Bank,NA,PE,effort,total_effort,0,week
736E14B6-43E9-4504-B4D7-D35AC0AB1B75,CRM - Roving Creel Project,Drano Lake salmon and steelhead 2024,1,2024-10-07,2024-10-13,41,weekend,Boat,NA,PE,effort,number_observations,2,week
736E14B6-43E9-4504-B4D7-D35AC0AB1B75,CRM - Roving Creel Project,Drano Lake salmon and steelhead 2024,1,2024-10-07,2024-10-13,41,weekend,Boat,NA,PE,effort,daily_mean,390.35926795026074,week
736E14B6-43E9-4504-B4D7-D35AC0AB1B75,CRM - Roving Creel Project,Drano Lake salmon and steelhead 2024,1,2024-10-07,2024-10-13,41,weekend,Boat,NA,PE,effort,daily_variance,194.31922156238127,week
736E14B6-43E9-4504-B4D7-D35AC0AB1B75,CRM - Roving Creel Project,Drano Lake salmon and steelhead 2024,1,2024-10-07,2024-10-13,41,weekend,Boat,NA,PE,effort,days_open,2,week
736E14B6-43E9-4504-B4D7-D35AC0AB1B75,CRM - Roving Creel Project,Drano Lake salmon and steelhead 2024,1,2024-10-07,2024-10-13,41,weekend,Boat,NA,PE,effort,degrees_freedom,26,week
736E14B6-43E9-4504-B4D7-D35AC0AB1B75,CRM - Roving Creel Project,Drano Lake salmon and steelhead 2024,1,2024-10-07,2024-10-13,41,weekend,Boat,NA,PE,effort,total_effort,780.7185359005215,week
736E14B6-43E9-4504-B4D7-D35AC0AB1B75,CRM - Roving Creel Project,Drano Lake salmon and steelhead 2024,1,2024-10-07,2024-10-13,41,weekend,NA,NA,PE,effort,number_observations,0,week
736E14B6-43E9-4504-B4D7-D35AC0AB1B75,CRM - Roving Creel Project,Drano Lake salmon and steelhead 2024,1,2024-10-07,2024-10-13,41,weekend,NA,NA,PE,effort,daily_variance,0,week
736E14B6-43E9-4504-B4D7-D35AC0AB1B75,CRM - Roving Creel Project,Drano Lake salmon and steelhead 2024,1,2024-10-07,2024-10-13,41,weekend,NA,NA,PE,effort,days_open,2,week
736E14B6-43E9-4504-B4D7-D35AC0AB1B75,CRM - Roving Creel Project,Drano Lake salmon and steelhead 2024,1,2024-10-07,2024-10-13,41,weekend,NA,NA,PE,effort,degrees_freedom,0.5,week
736E14B6-43E9-4504-B4D7-D35AC0AB1B75,CRM - Roving Creel Project,Drano Lake salmon and steelhead 2024,1,2024-10-14,2024-10-20,42,weekday,Bank,NA,PE,effort,number_observations,1,week
736E14B6-43E9-4504-B4D7-D35AC0AB1B75,CRM - Roving Creel Project,Drano Lake salmon and steelhead 2024,1,2024-10-14,2024-10-20,42,weekday,Bank,NA,PE,effort,daily_mean,6.500555555555556,week
736E14B6-43E9-4504-B4D7-D35AC0AB1B75,CRM - Roving Creel Project,Drano Lake salmon and steelhead 2024,1,2024-10-14,2024-10-20,42,weekday,Bank,NA,PE,effort,daily_variance,0,week
736E14B6-43E9-4504-B4D7-D35AC0AB1B75,CRM - Roving Creel Project,Drano Lake salmon and steelhead 2024,1,2024-10-14,2024-10-20,42,weekday,Bank,NA,PE,effort,days_open,4,week
736E14B6-43E9-4504-B4D7-D35AC0AB1B75,CRM - Roving Creel Project,Drano Lake salmon and steelhead 2024,1,2024-10-14,2024-10-20,42,weekday,Bank,NA,PE,effort,degrees_freedom,26,week
736E14B6-43E9-4504-B4D7-D35AC0AB1B75,CRM - Roving Creel Project,Drano Lake salmon and steelhead 2024,1,2024-10-14,2024-10-20,42,weekday,Bank,NA,PE,effort,total_effort,26.002222222222223,week
736E14B6-43E9-4504-B4D7-D35AC0AB1B75,CRM - Roving Creel Project,Drano Lake salmon and steelhead 2024,1,2024-10-14,2024-10-20,42,weekday,Boat,NA,PE,effort,number_observations,1,week
736E14B6-43E9-4504-B4D7-D35AC0AB1B75,CRM - Roving Creel Project,Drano Lake salmon and steelhead 2024,1,2024-10-14,2024-10-20,42,weekday,Boat,NA,PE,effort,daily_mean,108.28001203369433,week
736E14B6-43E9-4504-B4D7-D35AC0AB1B75,CRM - Roving Creel Project,Drano Lake salmon and steelhead 2024,1,2024-10-14,2024-10-20,42,weekday,Boat,NA,PE,effort,daily_variance,0,week
736E14B6-43E9-4504-B4D7-D35AC0AB1B75,CRM - Roving Creel Project,Drano Lake salmon and steelhead 2024,1,2024-10-14,2024-10-20,42,weekday,Boat,NA,PE,effort,days_open,4,week
736E14B6-43E9-4504-B4D7-D35AC0AB1B75,CRM - Roving Creel Project,Drano Lake salmon and steelhead 2024,1,2024-10-14,2024-10-20,42,weekday,Boat,NA,PE,effort,degrees_freedom,26,week
736E14B6-43E9-4504-B4D7-D35AC0AB1B75,CRM - Roving Creel Project,Drano Lake salmon and steelhead 2024,1,2024-10-14,2024-10-20,42,weekday,Boat,NA,PE,effort,total_effort,433.12004813477733,week
736E14B6-43E9-4504-B4D7-D35AC0AB1B75,CRM - Roving Creel Project,Drano Lake salmon and steelhead 2024,1,2024-10-14,2024-10-20,42,weekday,NA,NA,PE,effort,number_observations,0,week
736E14B6-43E9-4504-B4D7-D35AC0AB1B75,CRM - Roving Creel Project,Drano Lake salmon and steelhead 2024,1,2024-10-14,2024-10-20,42,weekday,NA,NA,PE,effort,daily_variance,0,week
736E14B6-43E9-4504-B4D7-D35AC0AB1B75,CRM - Roving Creel Project,Drano Lake salmon and steelhead 2024,1,2024-10-14,2024-10-20,42,weekday,NA,NA,PE,effort,days_open,4,week
736E14B6-43E9-4504-B4D7-D35AC0AB1B75,CRM - Roving Creel Project,Drano Lake salmon and steelhead 2024,1,2024-10-14,2024-10-20,42,weekday,NA,NA,PE,effort,degrees_freedom,0.5,week
736E14B6-43E9-4504-B4D7-D35AC0AB1B75,CRM - Roving Creel Project,Drano Lake salmon and steelhead 2024,1,2024-10-14,2024-10-20,42,weekend,Bank,NA,PE,effort,number_observations,2,week
736E14B6-43E9-4504-B4D7-D35AC0AB1B75,CRM - Roving Creel Project,Drano Lake salmon and steelhead 2024,1,2024-10-14,2024-10-20,42,weekend,Bank,NA,PE,effort,daily_mean,6.358611111111111,week
736E14B6-43E9-4504-B4D7-D35AC0AB1B75,CRM - Roving Creel Project,Drano Lake salmon and steelhead 2024,1,2024-10-14,2024-10-20,42,weekend,Bank,NA,PE,effort,daily_variance,3.265432098765545e-4,week
736E14B6-43E9-4504-B4D7-D35AC0AB1B75,CRM - Roving Creel Project,Drano Lake salmon and steelhead 2024,1,2024-10-14,2024-10-20,42,weekend,Bank,NA,PE,effort,days_open,2,week
736E14B6-43E9-4504-B4D7-D35AC0AB1B75,CRM - Roving Creel Project,Drano Lake salmon and steelhead 2024,1,2024-10-14,2024-10-20,42,weekend,Bank,NA,PE,effort,degrees_freedom,26,week
736E14B6-43E9-4504-B4D7-D35AC0AB1B75,CRM - Roving Creel Project,Drano Lake salmon and steelhead 2024,1,2024-10-14,2024-10-20,42,weekend,Bank,NA,PE,effort,total_effort,12.717222222222222,week
736E14B6-43E9-4504-B4D7-D35AC0AB1B75,CRM - Roving Creel Project,Drano Lake salmon and steelhead 2024,1,2024-10-14,2024-10-20,42,weekend,Boat,NA,PE,effort,number_observations,2,week
736E14B6-43E9-4504-B4D7-D35AC0AB1B75,CRM - Roving Creel Project,Drano Lake salmon and steelhead 2024,1,2024-10-14,2024-10-20,42,weekend,Boat,NA,PE,effort,daily_mean,132.48323054552748,week
736E14B6-43E9-4504-B4D7-D35AC0AB1B75,CRM - Roving Creel Project,Drano Lake salmon and steelhead 2024,1,2024-10-14,2024-10-20,42,weekend,Boat,NA,PE,effort,daily_variance,3942.287677315087,week
736E14B6-43E9-4504-B4D7-D35AC0AB1B75,CRM - Roving Creel Project,Drano Lake salmon and steelhead 2024,1,2024-10-14,2024-10-20,42,weekend,Boat,NA,PE,effort,days_open,2,week
736E14B6-43E9-4504-B4D7-D35AC0AB1B75,CRM - Roving Creel Project,Drano Lake salmon and steelhead 2024,1,2024-10-14,2024-10-20,42,weekend,Boat,NA,PE,effort,degrees_freedom,26,week
736E14B6-43E9-4504-B4D7-D35AC0AB1B75,CRM - Roving Creel Project,Drano Lake salmon and steelhead 2024,1,2024-10-14,2024-10-20,42,weekend,Boat,NA,PE,effort,total_effort,264.96646109105495,week
736E14B6-43E9-4504-B4D7-D35AC0AB1B75,CRM - Roving Creel Project,Drano Lake salmon and steelhead 2024,1,2024-10-14,2024-10-20,42,weekend,NA,NA,PE,effort,number_observations,0,week
736E14B6-43E9-4504-B4D7-D35AC0AB1B75,CRM - Roving Creel Project,Drano Lake salmon and steelhead 2024,1,2024-10-14,2024-10-20,42,weekend,NA,NA,PE,effort,daily_variance,0,week
736E14B6-43E9-4504-B4D7-D35AC0AB1B75,CRM - Roving Creel Project,Drano Lake salmon and steelhead 2024,1,2024-10-14,2024-10-20,42,weekend,NA,NA,PE,effort,days_open,2,week
736E14B6-43E9-4504-B4D7-D35AC0AB1B75,CRM - Roving Creel Project,Drano Lake salmon and steelhead 2024,1,2024-10-14,2024-10-20,42,weekend,NA,NA,PE,effort,degrees_freedom,0.5,week
736E14B6-43E9-4504-B4D7-D35AC0AB1B75,CRM - Roving Creel Project,Drano Lake salmon and steelhead 2024,1,2024-10-21,2024-10-27,43,weekday,Bank,NA,PE,effort,number_observations,0,week
736E14B6-43E9-4504-B4D7-D35AC0AB1B75,CRM - Roving Creel Project,Drano Lake salmon and steelhead 2024,1,2024-10-21,2024-10-27,43,weekday,Bank,NA,PE,effort,daily_variance,0,week
736E14B6-43E9-4504-B4D7-D35AC0AB1B75,CRM - Roving Creel Project,Drano Lake salmon and steelhead 2024,1,2024-10-21,2024-10-27,43,weekday,Bank,NA,PE,effort,days_open,4,week
736E14B6-43E9-4504-B4D7-D35AC0AB1B75,CRM - Roving Creel Project,Drano Lake salmon and steelhead 2024,1,2024-10-21,2024-10-27,43,weekday,Bank,NA,PE,effort,degrees_freedom,26,week
736E14B6-43E9-4504-B4D7-D35AC0AB1B75,CRM - Roving Creel Project,Drano Lake salmon and steelhead 2024,1,2024-10-21,2024-10-27,43,weekday,Boat,NA,PE,effort,number_observations,0,week
736E14B6-43E9-4504-B4D7-D35AC0AB1B75,CRM - Roving Creel Project,Drano Lake salmon and steelhead 2024,1,2024-10-21,2024-10-27,43,weekday,Boat,NA,PE,effort,daily_variance,0,week
736E14B6-43E9-4504-B4D7-D35AC0AB1B75,CRM - Roving Creel Project,Drano Lake salmon and steelhead 2024,1,2024-10-21,2024-10-27,43,weekday,Boat,NA,PE,effort,days_open,4,week
736E14B6-43E9-4504-B4D7-D35AC0AB1B75,CRM - Roving Creel Project,Drano Lake salmon and steelhead 2024,1,2024-10-21,2024-10-27,43,weekday,Boat,NA,PE,effort,degrees_freedom,26,week
736E14B6-43E9-4504-B4D7-D35AC0AB1B75,CRM - Roving Creel Project,Drano Lake salmon and steelhead 2024,1,2024-10-21,2024-10-27,43,weekday,NA,NA,PE,effort,number_observations,1,week
736E14B6-43E9-4504-B4D7-D35AC0AB1B75,CRM - Roving Creel Project,Drano Lake salmon and steelhead 2024,1,2024-10-21,2024-10-27,43,weekday,NA,NA,PE,effort,daily_mean,96.94300000000001,week
736E14B6-43E9-4504-B4D7-D35AC0AB1B75,CRM - Roving Creel Project,Drano Lake salmon and steelhead 2024,1,2024-10-21,2024-10-27,43,weekday,NA,NA,PE,effort,daily_variance,0,week
736E14B6-43E9-4504-B4D7-D35AC0AB1B75,CRM - Roving Creel Project,Drano Lake salmon and steelhead 2024,1,2024-10-21,2024-10-27,43,weekday,NA,NA,PE,effort,days_open,4,week
736E14B6-43E9-4504-B4D7-D35AC0AB1B75,CRM - Roving Creel Project,Drano Lake salmon and steelhead 2024,1,2024-10-21,2024-10-27,43,weekday,NA,NA,PE,effort,degrees_freedom,0.5,week
736E14B6-43E9-4504-B4D7-D35AC0AB1B75,CRM - Roving Creel Project,Drano Lake salmon and steelhead 2024,1,2024-10-21,2024-10-27,43,weekday,NA,NA,PE,effort,total_effort,387.77200000000005,week
736E14B6-43E9-4504-B4D7-D35AC0AB1B75,CRM - Roving Creel Project,Drano Lake salmon and steelhead 2024,1,2024-10-21,2024-10-27,43,weekend,Bank,NA,PE,effort,number_observations,2,week
736E14B6-43E9-4504-B4D7-D35AC0AB1B75,CRM - Roving Creel Project,Drano Lake salmon and steelhead 2024,1,2024-10-21,2024-10-27,43,weekend,Bank,NA,PE,effort,daily_mean,3.085,week
736E14B6-43E9-4504-B4D7-D35AC0AB1B75,CRM - Roving Creel Project,Drano Lake salmon and steelhead 2024,1,2024-10-21,2024-10-27,43,weekend,Bank,NA,PE,effort,daily_variance,19.03445,week
736E14B6-43E9-4504-B4D7-D35AC0AB1B75,CRM - Roving Creel Project,Drano Lake salmon and steelhead 2024,1,2024-10-21,2024-10-27,43,weekend,Bank,NA,PE,effort,days_open,2,week
736E14B6-43E9-4504-B4D7-D35AC0AB1B75,CRM - Roving Creel Project,Drano Lake salmon and steelhead 2024,1,2024-10-21,2024-10-27,43,weekend,Bank,NA,PE,effort,degrees_freedom,26,week
736E14B6-43E9-4504-B4D7-D35AC0AB1B75,CRM - Roving Creel Project,Drano Lake salmon and steelhead 2024,1,2024-10-21,2024-10-27,43,weekend,Bank,NA,PE,effort,total_effort,6.17,week
736E14B6-43E9-4504-B4D7-D35AC0AB1B75,CRM - Roving Creel Project,Drano Lake salmon and steelhead 2024,1,2024-10-21,2024-10-27,43,weekend,Boat,NA,PE,effort,number_observations,2,week
736E14B6-43E9-4504-B4D7-D35AC0AB1B75,CRM - Roving Creel Project,Drano Lake salmon and steelhead 2024,1,2024-10-21,2024-10-27,43,weekend,Boat,NA,PE,effort,daily_mean,34.39524468511833,week
736E14B6-43E9-4504-B4D7-D35AC0AB1B75,CRM - Roving Creel Project,Drano Lake salmon and steelhead 2024,1,2024-10-21,2024-10-27,43,weekend,Boat,NA,PE,effort,daily_variance,2366.065713898321,week
736E14B6-43E9-4504-B4D7-D35AC0AB1B75,CRM - Roving Creel Project,Drano Lake salmon and steelhead 2024,1,2024-10-21,2024-10-27,43,weekend,Boat,NA,PE,effort,days_open,2,week
736E14B6-43E9-4504-B4D7-D35AC0AB1B75,CRM - Roving Creel Project,Drano Lake salmon and steelhead 2024,1,2024-10-21,2024-10-27,43,weekend,Boat,NA,PE,effort,degrees_freedom,26,week
736E14B6-43E9-4504-B4D7-D35AC0AB1B75,CRM - Roving Creel Project,Drano Lake salmon and steelhead 2024,1,2024-10-21,2024-10-27,43,weekend,Boat,NA,PE,effort,total_effort,68.79048937023666,week
736E14B6-43E9-4504-B4D7-D35AC0AB1B75,CRM - Roving Creel Project,Drano Lake salmon and steelhead 2024,1,2024-10-21,2024-10-27,43,weekend,NA,NA,PE,effort,number_observations,0,week
736E14B6-43E9-4504-B4D7-D35AC0AB1B75,CRM - Roving Creel Project,Drano Lake salmon and steelhead 2024,1,2024-10-21,2024-10-27,43,weekend,NA,NA,PE,effort,daily_variance,0,week
736E14B6-43E9-4504-B4D7-D35AC0AB1B75,CRM - Roving Creel Project,Drano Lake salmon and steelhead 2024,1,2024-10-21,2024-10-27,43,weekend,NA,NA,PE,effort,days_open,2,week
736E14B6-43E9-4504-B4D7-D35AC0AB1B75,CRM - Roving Creel Project,Drano Lake salmon and steelhead 2024,1,2024-10-21,2024-10-27,43,weekend,NA,NA,PE,effort,degrees_freedom,0.5,week
736E14B6-43E9-4504-B4D7-D35AC0AB1B75,CRM - Roving Creel Project,Drano Lake salmon and steelhead 2024,1,2024-10-28,2024-10-31,44,weekday,Bank,NA,PE,effort,number_observations,1,week
736E14B6-43E9-4504-B4D7-D35AC0AB1B75,CRM - Roving Creel Project,Drano Lake salmon and steelhead 2024,1,2024-10-28,2024-10-31,44,weekday,Bank,NA,PE,effort,daily_mean,0,week
736E14B6-43E9-4504-B4D7-D35AC0AB1B75,CRM - Roving Creel Project,Drano Lake salmon and steelhead 2024,1,2024-10-28,2024-10-31,44,weekday,Bank,NA,PE,effort,daily_variance,0,week
736E14B6-43E9-4504-B4D7-D35AC0AB1B75,CRM - Roving Creel Project,Drano Lake salmon and steelhead 2024,1,2024-10-28,2024-10-31,44,weekday,Bank,NA,PE,effort,days_open,3,week
736E14B6-43E9-4504-B4D7-D35AC0AB1B75,CRM - Roving Creel Project,Drano Lake salmon and steelhead 2024,1,2024-10-28,2024-10-31,44,weekday,Bank,NA,PE,effort,degrees_freedom,26,week
736E14B6-43E9-4504-B4D7-D35AC0AB1B75,CRM - Roving Creel Project,Drano Lake salmon and steelhead 2024,1,2024-10-28,2024-10-31,44,weekday,Bank,NA,PE,effort,total_effort,0,week
736E14B6-43E9-4504-B4D7-D35AC0AB1B75,CRM - Roving Creel Project,Drano Lake salmon and steelhead 2024,1,2024-10-28,2024-10-31,44,weekday,Boat,NA,PE,effort,number_observations,1,week
736E14B6-43E9-4504-B4D7-D35AC0AB1B75,CRM - Roving Creel Project,Drano Lake salmon and steelhead 2024,1,2024-10-28,2024-10-31,44,weekday,Boat,NA,PE,effort,daily_mean,16.993265142398716,week
736E14B6-43E9-4504-B4D7-D35AC0AB1B75,CRM - Roving Creel Project,Drano Lake salmon and steelhead 2024,1,2024-10-28,2024-10-31,44,weekday,Boat,NA,PE,effort,daily_variance,0,week
736E14B6-43E9-4504-B4D7-D35AC0AB1B75,CRM - Roving Creel Project,Drano Lake salmon and steelhead 2024,1,2024-10-28,2024-10-31,44,weekday,Boat,NA,PE,effort,days_open,3,week
736E14B6-43E9-4504-B4D7-D35AC0AB1B75,CRM - Roving Creel Project,Drano Lake salmon and steelhead 2024,1,2024-10-28,2024-10-31,44,weekday,Boat,NA,PE,effort,degrees_freedom,26,week
736E14B6-43E9-4504-B4D7-D35AC0AB1B75,CRM - Roving Creel Project,Drano Lake salmon and steelhead 2024,1,2024-10-28,2024-10-31,44,weekday,Boat,NA,PE,effort,total_effort,50.97979542719615,week
736E14B6-43E9-4504-B4D7-D35AC0AB1B75,CRM - Roving Creel Project,Drano Lake salmon and steelhead 2024,1,2024-10-28,2024-10-31,44,weekday,NA,NA,PE,effort,number_observations,0,week
736E14B6-43E9-4504-B4D7-D35AC0AB1B75,CRM - Roving Creel Project,Drano Lake salmon and steelhead 2024,1,2024-10-28,2024-10-31,44,weekday,NA,NA,PE,effort,daily_variance,0,week
736E14B6-43E9-4504-B4D7-D35AC0AB1B75,CRM - Roving Creel Project,Drano Lake salmon and steelhead 2024,1,2024-10-28,2024-10-31,44,weekday,NA,NA,PE,effort,days_open,3,week
736E14B6-43E9-4504-B4D7-D35AC0AB1B75,CRM - Roving Creel Project,Drano Lake salmon and steelhead 2024,1,2024-10-28,2024-10-31,44,weekday,NA,NA,PE,effort,degrees_freedom,0.5,week
736E14B6-43E9-4504-B4D7-D35AC0AB1B75,CRM - Roving Creel Project,Drano Lake salmon and steelhead 2024,2,2024-07-01,2024-07-07,27,weekday,Bank,NA,PE,effort,number_observations,1,week
736E14B6-43E9-4504-B4D7-D35AC0AB1B75,CRM - Roving Creel Project,Drano Lake salmon and steelhead 2024,2,2024-07-01,2024-07-07,27,weekday,Bank,NA,PE,effort,daily_mean,0,week
736E14B6-43E9-4504-B4D7-D35AC0AB1B75,CRM - Roving Creel Project,Drano Lake salmon and steelhead 2024,2,2024-07-01,2024-07-07,27,weekday,Bank,NA,PE,effort,daily_variance,0,week
736E14B6-43E9-4504-B4D7-D35AC0AB1B75,CRM - Roving Creel Project,Drano Lake salmon and steelhead 2024,2,2024-07-01,2024-07-07,27,weekday,Bank,NA,PE,effort,days_open,4,week
736E14B6-43E9-4504-B4D7-D35AC0AB1B75,CRM - Roving Creel Project,Drano Lake salmon and steelhead 2024,2,2024-07-01,2024-07-07,27,weekday,Bank,NA,PE,effort,degrees_freedom,26.5,week
736E14B6-43E9-4504-B4D7-D35AC0AB1B75,CRM - Roving Creel Project,Drano Lake salmon and steelhead 2024,2,2024-07-01,2024-07-07,27,weekday,Bank,NA,PE,effort,total_effort,0,week
736E14B6-43E9-4504-B4D7-D35AC0AB1B75,CRM - Roving Creel Project,Drano Lake salmon and steelhead 2024,2,2024-07-01,2024-07-07,27,weekday,Boat,NA,PE,effort,number_observations,1,week
736E14B6-43E9-4504-B4D7-D35AC0AB1B75,CRM - Roving Creel Project,Drano Lake salmon and steelhead 2024,2,2024-07-01,2024-07-07,27,weekday,Boat,NA,PE,effort,daily_mean,0,week
736E14B6-43E9-4504-B4D7-D35AC0AB1B75,CRM - Roving Creel Project,Drano Lake salmon and steelhead 2024,2,2024-07-01,2024-07-07,27,weekday,Boat,NA,PE,effort,daily_variance,0,week
736E14B6-43E9-4504-B4D7-D35AC0AB1B75,CRM - Roving Creel Project,Drano Lake salmon and steelhead 2024,2,2024-07-01,2024-07-07,27,weekday,Boat,NA,PE,effort,days_open,4,week
736E14B6-43E9-4504-B4D7-D35AC0AB1B75,CRM - Roving Creel Project,Drano Lake salmon and steelhead 2024,2,2024-07-01,2024-07-07,27,weekday,Boat,NA,PE,effort,degrees_freedom,26.5,week
736E14B6-43E9-4504-B4D7-D35AC0AB1B75,CRM - Roving Creel Project,Drano Lake salmon and steelhead 2024,2,2024-07-01,2024-07-07,27,weekday,Boat,NA,PE,effort,total_effort,0,week
736E14B6-43E9-4504-B4D7-D35AC0AB1B75,CRM - Roving Creel Project,Drano Lake salmon and steelhead 2024,2,2024-07-01,2024-07-07,27,weekday,NA,NA,PE,effort,number_observations,0,week
736E14B6-43E9-4504-B4D7-D35AC0AB1B75,CRM - Roving Creel Project,Drano Lake salmon and steelhead 2024,2,2024-07-01,2024-07-07,27,weekday,NA,NA,PE,effort,daily_variance,0,week
736E14B6-43E9-4504-B4D7-D35AC0AB1B75,CRM - Roving Creel Project,Drano Lake salmon and steelhead 2024,2,2024-07-01,2024-07-07,27,weekday,NA,NA,PE,effort,days_open,4,week
736E14B6-43E9-4504-B4D7-D35AC0AB1B75,CRM - Roving Creel Project,Drano Lake salmon and steelhead 2024,2,2024-07-01,2024-07-07,27,weekend,Bank,NA,PE,effort,number_observations,0,week
736E14B6-43E9-4504-B4D7-D35AC0AB1B75,CRM - Roving Creel Project,Drano Lake salmon and steelhead 2024,2,2024-07-01,2024-07-07,27,weekend,Bank,NA,PE,effort,daily_variance,0,week
736E14B6-43E9-4504-B4D7-D35AC0AB1B75,CRM - Roving Creel Project,Drano Lake salmon and steelhead 2024,2,2024-07-01,2024-07-07,27,weekend,Bank,NA,PE,effort,days_open,3,week
736E14B6-43E9-4504-B4D7-D35AC0AB1B75,CRM - Roving Creel Project,Drano Lake salmon and steelhead 2024,2,2024-07-01,2024-07-07,27,weekend,Bank,NA,PE,effort,degrees_freedom,26.5,week
736E14B6-43E9-4504-B4D7-D35AC0AB1B75,CRM - Roving Creel Project,Drano Lake salmon and steelhead 2024,2,2024-07-01,2024-07-07,27,weekend,Boat,NA,PE,effort,number_observations,0,week
736E14B6-43E9-4504-B4D7-D35AC0AB1B75,CRM - Roving Creel Project,Drano Lake salmon and steelhead 2024,2,2024-07-01,2024-07-07,27,weekend,Boat,NA,PE,effort,daily_variance,0,week
736E14B6-43E9-4504-B4D7-D35AC0AB1B75,CRM - Roving Creel Project,Drano Lake salmon and steelhead 2024,2,2024-07-01,2024-07-07,27,weekend,Boat,NA,PE,effort,days_open,3,week
736E14B6-43E9-4504-B4D7-D35AC0AB1B75,CRM - Roving Creel Project,Drano Lake salmon and steelhead 2024,2,2024-07-01,2024-07-07,27,weekend,Boat,NA,PE,effort,degrees_freedom,26.5,week
736E14B6-43E9-4504-B4D7-D35AC0AB1B75,CRM - Roving Creel Project,Drano Lake salmon and steelhead 2024,2,2024-07-01,2024-07-07,27,weekend,NA,NA,PE,effort,number_observations,0,week
736E14B6-43E9-4504-B4D7-D35AC0AB1B75,CRM - Roving Creel Project,Drano Lake salmon and steelhead 2024,2,2024-07-01,2024-07-07,27,weekend,NA,NA,PE,effort,daily_variance,0,week
736E14B6-43E9-4504-B4D7-D35AC0AB1B75,CRM - Roving Creel Project,Drano Lake salmon and steelhead 2024,2,2024-07-01,2024-07-07,27,weekend,NA,NA,PE,effort,days_open,3,week
736E14B6-43E9-4504-B4D7-D35AC0AB1B75,CRM - Roving Creel Project,Drano Lake salmon and steelhead 2024,2,2024-07-08,2024-07-14,28,weekday,Bank,NA,PE,effort,number_observations,1,week
736E14B6-43E9-4504-B4D7-D35AC0AB1B75,CRM - Roving Creel Project,Drano Lake salmon and steelhead 2024,2,2024-07-08,2024-07-14,28,weekday,Bank,NA,PE,effort,daily_mean,0,week
736E14B6-43E9-4504-B4D7-D35AC0AB1B75,CRM - Roving Creel Project,Drano Lake salmon and steelhead 2024,2,2024-07-08,2024-07-14,28,weekday,Bank,NA,PE,effort,daily_variance,0,week
736E14B6-43E9-4504-B4D7-D35AC0AB1B75,CRM - Roving Creel Project,Drano Lake salmon and steelhead 2024,2,2024-07-08,2024-07-14,28,weekday,Bank,NA,PE,effort,days_open,5,week
736E14B6-43E9-4504-B4D7-D35AC0AB1B75,CRM - Roving Creel Project,Drano Lake salmon and steelhead 2024,2,2024-07-08,2024-07-14,28,weekday,Bank,NA,PE,effort,degrees_freedom,26.5,week
736E14B6-43E9-4504-B4D7-D35AC0AB1B75,CRM - Roving Creel Project,Drano Lake salmon and steelhead 2024,2,2024-07-08,2024-07-14,28,weekday,Bank,NA,PE,effort,total_effort,0,week
736E14B6-43E9-4504-B4D7-D35AC0AB1B75,CRM - Roving Creel Project,Drano Lake salmon and steelhead 2024,2,2024-07-08,2024-07-14,28,weekday,Boat,NA,PE,effort,number_observations,1,week
736E14B6-43E9-4504-B4D7-D35AC0AB1B75,CRM - Roving Creel Project,Drano Lake salmon and steelhead 2024,2,2024-07-08,2024-07-14,28,weekday,Boat,NA,PE,effort,daily_mean,0,week
736E14B6-43E9-4504-B4D7-D35AC0AB1B75,CRM - Roving Creel Project,Drano Lake salmon and steelhead 2024,2,2024-07-08,2024-07-14,28,weekday,Boat,NA,PE,effort,daily_variance,0,week
736E14B6-43E9-4504-B4D7-D35AC0AB1B75,CRM - Roving Creel Project,Drano Lake salmon and steelhead 2024,2,2024-07-08,2024-07-14,28,weekday,Boat,NA,PE,effort,days_open,5,week
736E14B6-43E9-4504-B4D7-D35AC0AB1B75,CRM - Roving Creel Project,Drano Lake salmon and steelhead 2024,2,2024-07-08,2024-07-14,28,weekday,Boat,NA,PE,effort,degrees_freedom,26.5,week
736E14B6-43E9-4504-B4D7-D35AC0AB1B75,CRM - Roving Creel Project,Drano Lake salmon and steelhead 2024,2,2024-07-08,2024-07-14,28,weekday,Boat,NA,PE,effort,total_effort,0,week
736E14B6-43E9-4504-B4D7-D35AC0AB1B75,CRM - Roving Creel Project,Drano Lake salmon and steelhead 2024,2,2024-07-08,2024-07-14,28,weekday,NA,NA,PE,effort,number_observations,0,week
736E14B6-43E9-4504-B4D7-D35AC0AB1B75,CRM - Roving Creel Project,Drano Lake salmon and steelhead 2024,2,2024-07-08,2024-07-14,28,weekday,NA,NA,PE,effort,daily_variance,0,week
736E14B6-43E9-4504-B4D7-D35AC0AB1B75,CRM - Roving Creel Project,Drano Lake salmon and steelhead 2024,2,2024-07-08,2024-07-14,28,weekday,NA,NA,PE,effort,days_open,5,week
736E14B6-43E9-4504-B4D7-D35AC0AB1B75,CRM - Roving Creel Project,Drano Lake salmon and steelhead 2024,2,2024-07-08,2024-07-14,28,weekend,Bank,NA,PE,effort,number_observations,0,week
736E14B6-43E9-4504-B4D7-D35AC0AB1B75,CRM - Roving Creel Project,Drano Lake salmon and steelhead 2024,2,2024-07-08,2024-07-14,28,weekend,Bank,NA,PE,effort,daily_variance,0,week
736E14B6-43E9-4504-B4D7-D35AC0AB1B75,CRM - Roving Creel Project,Drano Lake salmon and steelhead 2024,2,2024-07-08,2024-07-14,28,weekend,Bank,NA,PE,effort,days_open,2,week
736E14B6-43E9-4504-B4D7-D35AC0AB1B75,CRM - Roving Creel Project,Drano Lake salmon and steelhead 2024,2,2024-07-08,2024-07-14,28,weekend,Bank,NA,PE,effort,degrees_freedom,26.5,week
736E14B6-43E9-4504-B4D7-D35AC0AB1B75,CRM - Roving Creel Project,Drano Lake salmon and steelhead 2024,2,2024-07-08,2024-07-14,28,weekend,Boat,NA,PE,effort,number_observations,0,week
736E14B6-43E9-4504-B4D7-D35AC0AB1B75,CRM - Roving Creel Project,Drano Lake salmon and steelhead 2024,2,2024-07-08,2024-07-14,28,weekend,Boat,NA,PE,effort,daily_variance,0,week
736E14B6-43E9-4504-B4D7-D35AC0AB1B75,CRM - Roving Creel Project,Drano Lake salmon and steelhead 2024,2,2024-07-08,2024-07-14,28,weekend,Boat,NA,PE,effort,days_open,2,week
736E14B6-43E9-4504-B4D7-D35AC0AB1B75,CRM - Roving Creel Project,Drano Lake salmon and steelhead 2024,2,2024-07-08,2024-07-14,28,weekend,Boat,NA,PE,effort,degrees_freedom,26.5,week
736E14B6-43E9-4504-B4D7-D35AC0AB1B75,CRM - Roving Creel Project,Drano Lake salmon and steelhead 2024,2,2024-07-08,2024-07-14,28,weekend,NA,NA,PE,effort,number_observations,0,week
736E14B6-43E9-4504-B4D7-D35AC0AB1B75,CRM - Roving Creel Project,Drano Lake salmon and steelhead 2024,2,2024-07-08,2024-07-14,28,weekend,NA,NA,PE,effort,daily_variance,0,week
736E14B6-43E9-4504-B4D7-D35AC0AB1B75,CRM - Roving Creel Project,Drano Lake salmon and steelhead 2024,2,2024-07-08,2024-07-14,28,weekend,NA,NA,PE,effort,days_open,2,week
736E14B6-43E9-4504-B4D7-D35AC0AB1B75,CRM - Roving Creel Project,Drano Lake salmon and steelhead 2024,2,2024-07-15,2024-07-21,29,weekday,Bank,NA,PE,effort,number_observations,2,week
736E14B6-43E9-4504-B4D7-D35AC0AB1B75,CRM - Roving Creel Project,Drano Lake salmon and steelhead 2024,2,2024-07-15,2024-07-21,29,weekday,Bank,NA,PE,effort,daily_mean,8.629444444444445,week
736E14B6-43E9-4504-B4D7-D35AC0AB1B75,CRM - Roving Creel Project,Drano Lake salmon and steelhead 2024,2,2024-07-15,2024-07-21,29,weekday,Bank,NA,PE,effort,daily_variance,148.9346228395062,week
736E14B6-43E9-4504-B4D7-D35AC0AB1B75,CRM - Roving Creel Project,Drano Lake salmon and steelhead 2024,2,2024-07-15,2024-07-21,29,weekday,Bank,NA,PE,effort,days_open,5,week
736E14B6-43E9-4504-B4D7-D35AC0AB1B75,CRM - Roving Creel Project,Drano Lake salmon and steelhead 2024,2,2024-07-15,2024-07-21,29,weekday,Bank,NA,PE,effort,degrees_freedom,26.5,week
736E14B6-43E9-4504-B4D7-D35AC0AB1B75,CRM - Roving Creel Project,Drano Lake salmon and steelhead 2024,2,2024-07-15,2024-07-21,29,weekday,Bank,NA,PE,effort,total_effort,43.147222222222226,week
736E14B6-43E9-4504-B4D7-D35AC0AB1B75,CRM - Roving Creel Project,Drano Lake salmon and steelhead 2024,2,2024-07-15,2024-07-21,29,weekday,Boat,NA,PE,effort,number_observations,2,week
736E14B6-43E9-4504-B4D7-D35AC0AB1B75,CRM - Roving Creel Project,Drano Lake salmon and steelhead 2024,2,2024-07-15,2024-07-21,29,weekday,Boat,NA,PE,effort,daily_mean,23.956833132771763,week
736E14B6-43E9-4504-B4D7-D35AC0AB1B75,CRM - Roving Creel Project,Drano Lake salmon and steelhead 2024,2,2024-07-15,2024-07-21,29,weekday,Boat,NA,PE,effort,daily_variance,1147.8597075029418,week
736E14B6-43E9-4504-B4D7-D35AC0AB1B75,CRM - Roving Creel Project,Drano Lake salmon and steelhead 2024,2,2024-07-15,2024-07-21,29,weekday,Boat,NA,PE,effort,days_open,5,week
736E14B6-43E9-4504-B4D7-D35AC0AB1B75,CRM - Roving Creel Project,Drano Lake salmon and steelhead 2024,2,2024-07-15,2024-07-21,29,weekday,Boat,NA,PE,effort,degrees_freedom,26.5,week
736E14B6-43E9-4504-B4D7-D35AC0AB1B75,CRM - Roving Creel Project,Drano Lake salmon and steelhead 2024,2,2024-07-15,2024-07-21,29,weekday,Boat,NA,PE,effort,total_effort,119.78416566385881,week
736E14B6-43E9-4504-B4D7-D35AC0AB1B75,CRM - Roving Creel Project,Drano Lake salmon and steelhead 2024,2,2024-07-15,2024-07-21,29,weekday,NA,NA,PE,effort,number_observations,0,week
736E14B6-43E9-4504-B4D7-D35AC0AB1B75,CRM - Roving Creel Project,Drano Lake salmon and steelhead 2024,2,2024-07-15,2024-07-21,29,weekday,NA,NA,PE,effort,daily_variance,0,week
736E14B6-43E9-4504-B4D7-D35AC0AB1B75,CRM - Roving Creel Project,Drano Lake salmon and steelhead 2024,2,2024-07-15,2024-07-21,29,weekday,NA,NA,PE,effort,days_open,5,week
736E14B6-43E9-4504-B4D7-D35AC0AB1B75,CRM - Roving Creel Project,Drano Lake salmon and steelhead 2024,2,2024-07-15,2024-07-21,29,weekend,Bank,NA,PE,effort,number_observations,1,week
736E14B6-43E9-4504-B4D7-D35AC0AB1B75,CRM - Roving Creel Project,Drano Lake salmon and steelhead 2024,2,2024-07-15,2024-07-21,29,weekend,Bank,NA,PE,effort,daily_mean,0,week
736E14B6-43E9-4504-B4D7-D35AC0AB1B75,CRM - Roving Creel Project,Drano Lake salmon and steelhead 2024,2,2024-07-15,2024-07-21,29,weekend,Bank,NA,PE,effort,daily_variance,0,week
736E14B6-43E9-4504-B4D7-D35AC0AB1B75,CRM - Roving Creel Project,Drano Lake salmon and steelhead 2024,2,2024-07-15,2024-07-21,29,weekend,Bank,NA,PE,effort,days_open,2,week
736E14B6-43E9-4504-B4D7-D35AC0AB1B75,CRM - Roving Creel Project,Drano Lake salmon and steelhead 2024,2,2024-07-15,2024-07-21,29,weekend,Bank,NA,PE,effort,degrees_freedom,26.5,week
736E14B6-43E9-4504-B4D7-D35AC0AB1B75,CRM - Roving Creel Project,Drano Lake salmon and steelhead 2024,2,2024-07-15,2024-07-21,29,weekend,Bank,NA,PE,effort,total_effort,0,week
736E14B6-43E9-4504-B4D7-D35AC0AB1B75,CRM - Roving Creel Project,Drano Lake salmon and steelhead 2024,2,2024-07-15,2024-07-21,29,weekend,Boat,NA,PE,effort,number_observations,1,week
736E14B6-43E9-4504-B4D7-D35AC0AB1B75,CRM - Roving Creel Project,Drano Lake salmon and steelhead 2024,2,2024-07-15,2024-07-21,29,weekend,Boat,NA,PE,effort,daily_mean,47.64376052948255,week
736E14B6-43E9-4504-B4D7-D35AC0AB1B75,CRM - Roving Creel Project,Drano Lake salmon and steelhead 2024,2,2024-07-15,2024-07-21,29,weekend,Boat,NA,PE,effort,daily_variance,0,week
736E14B6-43E9-4504-B4D7-D35AC0AB1B75,CRM - Roving Creel Project,Drano Lake salmon and steelhead 2024,2,2024-07-15,2024-07-21,29,weekend,Boat,NA,PE,effort,days_open,2,week
736E14B6-43E9-4504-B4D7-D35AC0AB1B75,CRM - Roving Creel Project,Drano Lake salmon and steelhead 2024,2,2024-07-15,2024-07-21,29,weekend,Boat,NA,PE,effort,degrees_freedom,26.5,week
736E14B6-43E9-4504-B4D7-D35AC0AB1B75,CRM - Roving Creel Project,Drano Lake salmon and steelhead 2024,2,2024-07-15,2024-07-21,29,weekend,Boat,NA,PE,effort,total_effort,95.2875210589651,week
736E14B6-43E9-4504-B4D7-D35AC0AB1B75,CRM - Roving Creel Project,Drano Lake salmon and steelhead 2024,2,2024-07-15,2024-07-21,29,weekend,NA,NA,PE,effort,number_observations,0,week
736E14B6-43E9-4504-B4D7-D35AC0AB1B75,CRM - Roving Creel Project,Drano Lake salmon and steelhead 2024,2,2024-07-15,2024-07-21,29,weekend,NA,NA,PE,effort,daily_variance,0,week
736E14B6-43E9-4504-B4D7-D35AC0AB1B75,CRM - Roving Creel Project,Drano Lake salmon and steelhead 2024,2,2024-07-15,2024-07-21,29,weekend,NA,NA,PE,effort,days_open,2,week
736E14B6-43E9-4504-B4D7-D35AC0AB1B75,CRM - Roving Creel Project,Drano Lake salmon and steelhead 2024,2,2024-07-22,2024-07-28,30,weekday,Bank,NA,PE,effort,number_observations,1,week
736E14B6-43E9-4504-B4D7-D35AC0AB1B75,CRM - Roving Creel Project,Drano Lake salmon and steelhead 2024,2,2024-07-22,2024-07-28,30,weekday,Bank,NA,PE,effort,daily_mean,0,week
736E14B6-43E9-4504-B4D7-D35AC0AB1B75,CRM - Roving Creel Project,Drano Lake salmon and steelhead 2024,2,2024-07-22,2024-07-28,30,weekday,Bank,NA,PE,effort,daily_variance,0,week
736E14B6-43E9-4504-B4D7-D35AC0AB1B75,CRM - Roving Creel Project,Drano Lake salmon and steelhead 2024,2,2024-07-22,2024-07-28,30,weekday,Bank,NA,PE,effort,days_open,5,week
736E14B6-43E9-4504-B4D7-D35AC0AB1B75,CRM - Roving Creel Project,Drano Lake salmon and steelhead 2024,2,2024-07-22,2024-07-28,30,weekday,Bank,NA,PE,effort,degrees_freedom,26.5,week
736E14B6-43E9-4504-B4D7-D35AC0AB1B75,CRM - Roving Creel Project,Drano Lake salmon and steelhead 2024,2,2024-07-22,2024-07-28,30,weekday,Bank,NA,PE,effort,total_effort,0,week
736E14B6-43E9-4504-B4D7-D35AC0AB1B75,CRM - Roving Creel Project,Drano Lake salmon and steelhead 2024,2,2024-07-22,2024-07-28,30,weekday,Boat,NA,PE,effort,number_observations,1,week
736E14B6-43E9-4504-B4D7-D35AC0AB1B75,CRM - Roving Creel Project,Drano Lake salmon and steelhead 2024,2,2024-07-22,2024-07-28,30,weekday,Boat,NA,PE,effort,daily_mean,0,week
736E14B6-43E9-4504-B4D7-D35AC0AB1B75,CRM - Roving Creel Project,Drano Lake salmon and steelhead 2024,2,2024-07-22,2024-07-28,30,weekday,Boat,NA,PE,effort,daily_variance,0,week
736E14B6-43E9-4504-B4D7-D35AC0AB1B75,CRM - Roving Creel Project,Drano Lake salmon and steelhead 2024,2,2024-07-22,2024-07-28,30,weekday,Boat,NA,PE,effort,days_open,5,week
736E14B6-43E9-4504-B4D7-D35AC0AB1B75,CRM - Roving Creel Project,Drano Lake salmon and steelhead 2024,2,2024-07-22,2024-07-28,30,weekday,Boat,NA,PE,effort,degrees_freedom,26.5,week
736E14B6-43E9-4504-B4D7-D35AC0AB1B75,CRM - Roving Creel Project,Drano Lake salmon and steelhead 2024,2,2024-07-22,2024-07-28,30,weekday,Boat,NA,PE,effort,total_effort,0,week
736E14B6-43E9-4504-B4D7-D35AC0AB1B75,CRM - Roving Creel Project,Drano Lake salmon and steelhead 2024,2,2024-07-22,2024-07-28,30,weekday,NA,NA,PE,effort,number_observations,0,week
736E14B6-43E9-4504-B4D7-D35AC0AB1B75,CRM - Roving Creel Project,Drano Lake salmon and steelhead 2024,2,2024-07-22,2024-07-28,30,weekday,NA,NA,PE,effort,daily_variance,0,week
736E14B6-43E9-4504-B4D7-D35AC0AB1B75,CRM - Roving Creel Project,Drano Lake salmon and steelhead 2024,2,2024-07-22,2024-07-28,30,weekday,NA,NA,PE,effort,days_open,5,week
736E14B6-43E9-4504-B4D7-D35AC0AB1B75,CRM - Roving Creel Project,Drano Lake salmon and steelhead 2024,2,2024-07-22,2024-07-28,30,weekend,Bank,NA,PE,effort,number_observations,1,week
736E14B6-43E9-4504-B4D7-D35AC0AB1B75,CRM - Roving Creel Project,Drano Lake salmon and steelhead 2024,2,2024-07-22,2024-07-28,30,weekend,Bank,NA,PE,effort,daily_mean,0,week
736E14B6-43E9-4504-B4D7-D35AC0AB1B75,CRM - Roving Creel Project,Drano Lake salmon and steelhead 2024,2,2024-07-22,2024-07-28,30,weekend,Bank,NA,PE,effort,daily_variance,0,week
736E14B6-43E9-4504-B4D7-D35AC0AB1B75,CRM - Roving Creel Project,Drano Lake salmon and steelhead 2024,2,2024-07-22,2024-07-28,30,weekend,Bank,NA,PE,effort,days_open,2,week
736E14B6-43E9-4504-B4D7-D35AC0AB1B75,CRM - Roving Creel Project,Drano Lake salmon and steelhead 2024,2,2024-07-22,2024-07-28,30,weekend,Bank,NA,PE,effort,degrees_freedom,26.5,week
736E14B6-43E9-4504-B4D7-D35AC0AB1B75,CRM - Roving Creel Project,Drano Lake salmon and steelhead 2024,2,2024-07-22,2024-07-28,30,weekend,Bank,NA,PE,effort,total_effort,0,week
736E14B6-43E9-4504-B4D7-D35AC0AB1B75,CRM - Roving Creel Project,Drano Lake salmon and steelhead 2024,2,2024-07-22,2024-07-28,30,weekend,Boat,NA,PE,effort,number_observations,1,week
736E14B6-43E9-4504-B4D7-D35AC0AB1B75,CRM - Roving Creel Project,Drano Lake salmon and steelhead 2024,2,2024-07-22,2024-07-28,30,weekend,Boat,NA,PE,effort,daily_mean,0,week
736E14B6-43E9-4504-B4D7-D35AC0AB1B75,CRM - Roving Creel Project,Drano Lake salmon and steelhead 2024,2,2024-07-22,2024-07-28,30,weekend,Boat,NA,PE,effort,daily_variance,0,week
736E14B6-43E9-4504-B4D7-D35AC0AB1B75,CRM - Roving Creel Project,Drano Lake salmon and steelhead 2024,2,2024-07-22,2024-07-28,30,weekend,Boat,NA,PE,effort,days_open,2,week
736E14B6-43E9-4504-B4D7-D35AC0AB1B75,CRM - Roving Creel Project,Drano Lake salmon and steelhead 2024,2,2024-07-22,2024-07-28,30,weekend,Boat,NA,PE,effort,degrees_freedom,26.5,week
736E14B6-43E9-4504-B4D7-D35AC0AB1B75,CRM - Roving Creel Project,Drano Lake salmon and steelhead 2024,2,2024-07-22,2024-07-28,30,weekend,Boat,NA,PE,effort,total_effort,0,week
736E14B6-43E9-4504-B4D7-D35AC0AB1B75,CRM - Roving Creel Project,Drano Lake salmon and steelhead 2024,2,2024-07-22,2024-07-28,30,weekend,NA,NA,PE,effort,number_observations,0,week
736E14B6-43E9-4504-B4D7-D35AC0AB1B75,CRM - Roving Creel Project,Drano Lake salmon and steelhead 2024,2,2024-07-22,2024-07-28,30,weekend,NA,NA,PE,effort,daily_variance,0,week
736E14B6-43E9-4504-B4D7-D35AC0AB1B75,CRM - Roving Creel Project,Drano Lake salmon and steelhead 2024,2,2024-07-22,2024-07-28,30,weekend,NA,NA,PE,effort,days_open,2,week
736E14B6-43E9-4504-B4D7-D35AC0AB1B75,CRM - Roving Creel Project,Drano Lake salmon and steelhead 2024,2,2024-07-29,2024-08-04,31,weekday,Bank,NA,PE,effort,number_observations,2,week
736E14B6-43E9-4504-B4D7-D35AC0AB1B75,CRM - Roving Creel Project,Drano Lake salmon and steelhead 2024,2,2024-07-29,2024-08-04,31,weekday,Bank,NA,PE,effort,daily_mean,29.41840277777778,week
736E14B6-43E9-4504-B4D7-D35AC0AB1B75,CRM - Roving Creel Project,Drano Lake salmon and steelhead 2024,2,2024-07-29,2024-08-04,31,weekday,Bank,NA,PE,effort,daily_variance,35.906927324459886,week
736E14B6-43E9-4504-B4D7-D35AC0AB1B75,CRM - Roving Creel Project,Drano Lake salmon and steelhead 2024,2,2024-07-29,2024-08-04,31,weekday,Bank,NA,PE,effort,days_open,5,week
736E14B6-43E9-4504-B4D7-D35AC0AB1B75,CRM - Roving Creel Project,Drano Lake salmon and steelhead 2024,2,2024-07-29,2024-08-04,31,weekday,Bank,NA,PE,effort,degrees_freedom,26.5,week
736E14B6-43E9-4504-B4D7-D35AC0AB1B75,CRM - Roving Creel Project,Drano Lake salmon and steelhead 2024,2,2024-07-29,2024-08-04,31,weekday,Bank,NA,PE,effort,total_effort,147.09201388888889,week
736E14B6-43E9-4504-B4D7-D35AC0AB1B75,CRM - Roving Creel Project,Drano Lake salmon and steelhead 2024,2,2024-07-29,2024-08-04,31,weekday,Boat,NA,PE,effort,number_observations,2,week
736E14B6-43E9-4504-B4D7-D35AC0AB1B75,CRM - Roving Creel Project,Drano Lake salmon and steelhead 2024,2,2024-07-29,2024-08-04,31,weekday,Boat,NA,PE,effort,daily_mean,11.65125225631769,week
736E14B6-43E9-4504-B4D7-D35AC0AB1B75,CRM - Roving Creel Project,Drano Lake salmon and steelhead 2024,2,2024-07-29,2024-08-04,31,weekday,Boat,NA,PE,effort,daily_variance,271.50335828069615,week
736E14B6-43E9-4504-B4D7-D35AC0AB1B75,CRM - Roving Creel Project,Drano Lake salmon and steelhead 2024,2,2024-07-29,2024-08-04,31,weekday,Boat,NA,PE,effort,days_open,5,week
736E14B6-43E9-4504-B4D7-D35AC0AB1B75,CRM - Roving Creel Project,Drano Lake salmon and steelhead 2024,2,2024-07-29,2024-08-04,31,weekday,Boat,NA,PE,effort,degrees_freedom,26.5,week
736E14B6-43E9-4504-B4D7-D35AC0AB1B75,CRM - Roving Creel Project,Drano Lake salmon and steelhead 2024,2,2024-07-29,2024-08-04,31,weekday,Boat,NA,PE,effort,total_effort,58.25626128158845,week
736E14B6-43E9-4504-B4D7-D35AC0AB1B75,CRM - Roving Creel Project,Drano Lake salmon and steelhead 2024,2,2024-07-29,2024-08-04,31,weekday,NA,NA,PE,effort,number_observations,0,week
736E14B6-43E9-4504-B4D7-D35AC0AB1B75,CRM - Roving Creel Project,Drano Lake salmon and steelhead 2024,2,2024-07-29,2024-08-04,31,weekday,NA,NA,PE,effort,daily_variance,0,week
736E14B6-43E9-4504-B4D7-D35AC0AB1B75,CRM - Roving Creel Project,Drano Lake salmon and steelhead 2024,2,2024-07-29,2024-08-04,31,weekday,NA,NA,PE,effort,days_open,5,week
736E14B6-43E9-4504-B4D7-D35AC0AB1B75,CRM - Roving Creel Project,Drano Lake salmon and steelhead 2024,2,2024-07-29,2024-08-04,31,weekend,Bank,NA,PE,effort,number_observations,2,week
736E14B6-43E9-4504-B4D7-D35AC0AB1B75,CRM - Roving Creel Project,Drano Lake salmon and steelhead 2024,2,2024-07-29,2024-08-04,31,weekend,Bank,NA,PE,effort,daily_mean,49.91229166666667,week
736E14B6-43E9-4504-B4D7-D35AC0AB1B75,CRM - Roving Creel Project,Drano Lake salmon and steelhead 2024,2,2024-07-29,2024-08-04,31,weekend,Bank,NA,PE,effort,daily_variance,136.34738241705242,week
736E14B6-43E9-4504-B4D7-D35AC0AB1B75,CRM - Roving Creel Project,Drano Lake salmon and steelhead 2024,2,2024-07-29,2024-08-04,31,weekend,Bank,NA,PE,effort,days_open,2,week
736E14B6-43E9-4504-B4D7-D35AC0AB1B75,CRM - Roving Creel Project,Drano Lake salmon and steelhead 2024,2,2024-07-29,2024-08-04,31,weekend,Bank,NA,PE,effort,degrees_freedom,26.5,week
736E14B6-43E9-4504-B4D7-D35AC0AB1B75,CRM - Roving Creel Project,Drano Lake salmon and steelhead 2024,2,2024-07-29,2024-08-04,31,weekend,Bank,NA,PE,effort,total_effort,99.82458333333334,week
736E14B6-43E9-4504-B4D7-D35AC0AB1B75,CRM - Roving Creel Project,Drano Lake salmon and steelhead 2024,2,2024-07-29,2024-08-04,31,weekend,Boat,NA,PE,effort,number_observations,2,week
736E14B6-43E9-4504-B4D7-D35AC0AB1B75,CRM - Roving Creel Project,Drano Lake salmon and steelhead 2024,2,2024-07-29,2024-08-04,31,weekend,Boat,NA,PE,effort,daily_mean,11.534807210188527,week
736E14B6-43E9-4504-B4D7-D35AC0AB1B75,CRM - Roving Creel Project,Drano Lake salmon and steelhead 2024,2,2024-07-29,2024-08-04,31,weekend,Boat,NA,PE,effort,daily_variance,266.10355475243443,week
736E14B6-43E9-4504-B4D7-D35AC0AB1B75,CRM - Roving Creel Project,Drano Lake salmon and steelhead 2024,2,2024-07-29,2024-08-04,31,weekend,Boat,NA,PE,effort,days_open,2,week
736E14B6-43E9-4504-B4D7-D35AC0AB1B75,CRM - Roving Creel Project,Drano Lake salmon and steelhead 2024,2,2024-07-29,2024-08-04,31,weekend,Boat,NA,PE,effort,degrees_freedom,26.5,week
736E14B6-43E9-4504-B4D7-D35AC0AB1B75,CRM - Roving Creel Project,Drano Lake salmon and steelhead 2024,2,2024-07-29,2024-08-04,31,weekend,Boat,NA,PE,effort,total_effort,23.069614420377054,week
736E14B6-43E9-4504-B4D7-D35AC0AB1B75,CRM - Roving Creel Project,Drano Lake salmon and steelhead 2024,2,2024-07-29,2024-08-04,31,weekend,NA,NA,PE,effort,number_observations,0,week
736E14B6-43E9-4504-B4D7-D35AC0AB1B75,CRM - Roving Creel Project,Drano Lake salmon and steelhead 2024,2,2024-07-29,2024-08-04,31,weekend,NA,NA,PE,effort,daily_variance,0,week
736E14B6-43E9-4504-B4D7-D35AC0AB1B75,CRM - Roving Creel Project,Drano Lake salmon and steelhead 2024,2,2024-07-29,2024-08-04,31,weekend,NA,NA,PE,effort,days_open,2,week
736E14B6-43E9-4504-B4D7-D35AC0AB1B75,CRM - Roving Creel Project,Drano Lake salmon and steelhead 2024,2,2024-08-05,2024-08-11,32,weekday,Bank,NA,PE,effort,number_observations,2,week
736E14B6-43E9-4504-B4D7-D35AC0AB1B75,CRM - Roving Creel Project,Drano Lake salmon and steelhead 2024,2,2024-08-05,2024-08-11,32,weekday,Bank,NA,PE,effort,daily_mean,0,week
736E14B6-43E9-4504-B4D7-D35AC0AB1B75,CRM - Roving Creel Project,Drano Lake salmon and steelhead 2024,2,2024-08-05,2024-08-11,32,weekday,Bank,NA,PE,effort,daily_variance,0,week
736E14B6-43E9-4504-B4D7-D35AC0AB1B75,CRM - Roving Creel Project,Drano Lake salmon and steelhead 2024,2,2024-08-05,2024-08-11,32,weekday,Bank,NA,PE,effort,days_open,5,week
736E14B6-43E9-4504-B4D7-D35AC0AB1B75,CRM - Roving Creel Project,Drano Lake salmon and steelhead 2024,2,2024-08-05,2024-08-11,32,weekday,Bank,NA,PE,effort,degrees_freedom,26.5,week
736E14B6-43E9-4504-B4D7-D35AC0AB1B75,CRM - Roving Creel Project,Drano Lake salmon and steelhead 2024,2,2024-08-05,2024-08-11,32,weekday,Bank,NA,PE,effort,total_effort,0,week
736E14B6-43E9-4504-B4D7-D35AC0AB1B75,CRM - Roving Creel Project,Drano Lake salmon and steelhead 2024,2,2024-08-05,2024-08-11,32,weekday,Boat,NA,PE,effort,number_observations,2,week
736E14B6-43E9-4504-B4D7-D35AC0AB1B75,CRM - Roving Creel Project,Drano Lake salmon and steelhead 2024,2,2024-08-05,2024-08-11,32,weekday,Boat,NA,PE,effort,daily_mean,0,week
736E14B6-43E9-4504-B4D7-D35AC0AB1B75,CRM - Roving Creel Project,Drano Lake salmon and steelhead 2024,2,2024-08-05,2024-08-11,32,weekday,Boat,NA,PE,effort,daily_variance,0,week
736E14B6-43E9-4504-B4D7-D35AC0AB1B75,CRM - Roving Creel Project,Drano Lake salmon and steelhead 2024,2,2024-08-05,2024-08-11,32,weekday,Boat,NA,PE,effort,days_open,5,week
736E14B6-43E9-4504-B4D7-D35AC0AB1B75,CRM - Roving Creel Project,Drano Lake salmon and steelhead 2024,2,2024-08-05,2024-08-11,32,weekday,Boat,NA,PE,effort,degrees_freedom,26.5,week
736E14B6-43E9-4504-B4D7-D35AC0AB1B75,CRM - Roving Creel Project,Drano Lake salmon and steelhead 2024,2,2024-08-05,2024-08-11,32,weekday,Boat,NA,PE,effort,total_effort,0,week
736E14B6-43E9-4504-B4D7-D35AC0AB1B75,CRM - Roving Creel Project,Drano Lake salmon and steelhead 2024,2,2024-08-05,2024-08-11,32,weekday,NA,NA,PE,effort,number_observations,0,week
736E14B6-43E9-4504-B4D7-D35AC0AB1B75,CRM - Roving Creel Project,Drano Lake salmon and steelhead 2024,2,2024-08-05,2024-08-11,32,weekday,NA,NA,PE,effort,daily_variance,0,week
736E14B6-43E9-4504-B4D7-D35AC0AB1B75,CRM - Roving Creel Project,Drano Lake salmon and steelhead 2024,2,2024-08-05,2024-08-11,32,weekday,NA,NA,PE,effort,days_open,5,week
736E14B6-43E9-4504-B4D7-D35AC0AB1B75,CRM - Roving Creel Project,Drano Lake salmon and steelhead 2024,2,2024-08-05,2024-08-11,32,weekend,Bank,NA,PE,effort,number_observations,2,week
736E14B6-43E9-4504-B4D7-D35AC0AB1B75,CRM - Roving Creel Project,Drano Lake salmon and steelhead 2024,2,2024-08-05,2024-08-11,32,weekend,Bank,NA,PE,effort,daily_mean,44.855624999999996,week
736E14B6-43E9-4504-B4D7-D35AC0AB1B75,CRM - Roving Creel Project,Drano Lake salmon and steelhead 2024,2,2024-08-05,2024-08-11,32,weekend,Bank,NA,PE,effort,daily_variance,2690.712346074459,week
736E14B6-43E9-4504-B4D7-D35AC0AB1B75,CRM - Roving Creel Project,Drano Lake salmon and steelhead 2024,2,2024-08-05,2024-08-11,32,weekend,Bank,NA,PE,effort,days_open,2,week
736E14B6-43E9-4504-B4D7-D35AC0AB1B75,CRM - Roving Creel Project,Drano Lake salmon and steelhead 2024,2,2024-08-05,2024-08-11,32,weekend,Bank,NA,PE,effort,degrees_freedom,26.5,week
736E14B6-43E9-4504-B4D7-D35AC0AB1B75,CRM - Roving Creel Project,Drano Lake salmon and steelhead 2024,2,2024-08-05,2024-08-11,32,weekend,Bank,NA,PE,effort,total_effort,89.71124999999999,week
736E14B6-43E9-4504-B4D7-D35AC0AB1B75,CRM - Roving Creel Project,Drano Lake salmon and steelhead 2024,2,2024-08-05,2024-08-11,32,weekend,Boat,NA,PE,effort,number_observations,2,week
736E14B6-43E9-4504-B4D7-D35AC0AB1B75,CRM - Roving Creel Project,Drano Lake salmon and steelhead 2024,2,2024-08-05,2024-08-11,32,weekend,Boat,NA,PE,effort,daily_mean,90.66981949458483,week
736E14B6-43E9-4504-B4D7-D35AC0AB1B75,CRM - Roving Creel Project,Drano Lake salmon and steelhead 2024,2,2024-08-05,2024-08-11,32,weekend,Boat,NA,PE,effort,daily_variance,0.03277436693580904,week
736E14B6-43E9-4504-B4D7-D35AC0AB1B75,CRM - Roving Creel Project,Drano Lake salmon and steelhead 2024,2,2024-08-05,2024-08-11,32,weekend,Boat,NA,PE,effort,days_open,2,week
736E14B6-43E9-4504-B4D7-D35AC0AB1B75,CRM - Roving Creel Project,Drano Lake salmon and steelhead 2024,2,2024-08-05,2024-08-11,32,weekend,Boat,NA,PE,effort,degrees_freedom,26.5,week
736E14B6-43E9-4504-B4D7-D35AC0AB1B75,CRM - Roving Creel Project,Drano Lake salmon and steelhead 2024,2,2024-08-05,2024-08-11,32,weekend,Boat,NA,PE,effort,total_effort,181.33963898916966,week
736E14B6-43E9-4504-B4D7-D35AC0AB1B75,CRM - Roving Creel Project,Drano Lake salmon and steelhead 2024,2,2024-08-05,2024-08-11,32,weekend,NA,NA,PE,effort,number_observations,0,week
736E14B6-43E9-4504-B4D7-D35AC0AB1B75,CRM - Roving Creel Project,Drano Lake salmon and steelhead 2024,2,2024-08-05,2024-08-11,32,weekend,NA,NA,PE,effort,daily_variance,0,week
736E14B6-43E9-4504-B4D7-D35AC0AB1B75,CRM - Roving Creel Project,Drano Lake salmon and steelhead 2024,2,2024-08-05,2024-08-11,32,weekend,NA,NA,PE,effort,days_open,2,week
736E14B6-43E9-4504-B4D7-D35AC0AB1B75,CRM - Roving Creel Project,Drano Lake salmon and steelhead 2024,2,2024-08-12,2024-08-18,33,weekday,Bank,NA,PE,effort,number_observations,2,week
736E14B6-43E9-4504-B4D7-D35AC0AB1B75,CRM - Roving Creel Project,Drano Lake salmon and steelhead 2024,2,2024-08-12,2024-08-18,33,weekday,Bank,NA,PE,effort,daily_mean,48.547222222222224,week
736E14B6-43E9-4504-B4D7-D35AC0AB1B75,CRM - Roving Creel Project,Drano Lake salmon and steelhead 2024,2,2024-08-12,2024-08-18,33,weekday,Bank,NA,PE,effort,daily_variance,519.6729783950619,week
736E14B6-43E9-4504-B4D7-D35AC0AB1B75,CRM - Roving Creel Project,Drano Lake salmon and steelhead 2024,2,2024-08-12,2024-08-18,33,weekday,Bank,NA,PE,effort,days_open,5,week
736E14B6-43E9-4504-B4D7-D35AC0AB1B75,CRM - Roving Creel Project,Drano Lake salmon and steelhead 2024,2,2024-08-12,2024-08-18,33,weekday,Bank,NA,PE,effort,degrees_freedom,26.5,week
736E14B6-43E9-4504-B4D7-D35AC0AB1B75,CRM - Roving Creel Project,Drano Lake salmon and steelhead 2024,2,2024-08-12,2024-08-18,33,weekday,Bank,NA,PE,effort,total_effort,242.73611111111111,week
736E14B6-43E9-4504-B4D7-D35AC0AB1B75,CRM - Roving Creel Project,Drano Lake salmon and steelhead 2024,2,2024-08-12,2024-08-18,33,weekday,Boat,NA,PE,effort,number_observations,2,week
736E14B6-43E9-4504-B4D7-D35AC0AB1B75,CRM - Roving Creel Project,Drano Lake salmon and steelhead 2024,2,2024-08-12,2024-08-18,33,weekday,Boat,NA,PE,effort,daily_mean,44.94701664661051,week
736E14B6-43E9-4504-B4D7-D35AC0AB1B75,CRM - Roving Creel Project,Drano Lake salmon and steelhead 2024,2,2024-08-12,2024-08-18,33,weekday,Boat,NA,PE,effort,daily_variance,0.008593221117403085,week
736E14B6-43E9-4504-B4D7-D35AC0AB1B75,CRM - Roving Creel Project,Drano Lake salmon and steelhead 2024,2,2024-08-12,2024-08-18,33,weekday,Boat,NA,PE,effort,days_open,5,week
736E14B6-43E9-4504-B4D7-D35AC0AB1B75,CRM - Roving Creel Project,Drano Lake salmon and steelhead 2024,2,2024-08-12,2024-08-18,33,weekday,Boat,NA,PE,effort,degrees_freedom,26.5,week
736E14B6-43E9-4504-B4D7-D35AC0AB1B75,CRM - Roving Creel Project,Drano Lake salmon and steelhead 2024,2,2024-08-12,2024-08-18,33,weekday,Boat,NA,PE,effort,total_effort,224.73508323305253,week
736E14B6-43E9-4504-B4D7-D35AC0AB1B75,CRM - Roving Creel Project,Drano Lake salmon and steelhead 2024,2,2024-08-12,2024-08-18,33,weekday,NA,NA,PE,effort,number_observations,0,week
736E14B6-43E9-4504-B4D7-D35AC0AB1B75,CRM - Roving Creel Project,Drano Lake salmon and steelhead 2024,2,2024-08-12,2024-08-18,33,weekday,NA,NA,PE,effort,daily_variance,0,week
736E14B6-43E9-4504-B4D7-D35AC0AB1B75,CRM - Roving Creel Project,Drano Lake salmon and steelhead 2024,2,2024-08-12,2024-08-18,33,weekday,NA,NA,PE,effort,days_open,5,week
736E14B6-43E9-4504-B4D7-D35AC0AB1B75,CRM - Roving Creel Project,Drano Lake salmon and steelhead 2024,2,2024-08-12,2024-08-18,33,weekend,Bank,NA,PE,effort,number_observations,1,week
736E14B6-43E9-4504-B4D7-D35AC0AB1B75,CRM - Roving Creel Project,Drano Lake salmon and steelhead 2024,2,2024-08-12,2024-08-18,33,weekend,Bank,NA,PE,effort,daily_mean,79.87361111111112,week
736E14B6-43E9-4504-B4D7-D35AC0AB1B75,CRM - Roving Creel Project,Drano Lake salmon and steelhead 2024,2,2024-08-12,2024-08-18,33,weekend,Bank,NA,PE,effort,daily_variance,0,week
736E14B6-43E9-4504-B4D7-D35AC0AB1B75,CRM - Roving Creel Project,Drano Lake salmon and steelhead 2024,2,2024-08-12,2024-08-18,33,weekend,Bank,NA,PE,effort,days_open,2,week
736E14B6-43E9-4504-B4D7-D35AC0AB1B75,CRM - Roving Creel Project,Drano Lake salmon and steelhead 2024,2,2024-08-12,2024-08-18,33,weekend,Bank,NA,PE,effort,degrees_freedom,26.5,week
736E14B6-43E9-4504-B4D7-D35AC0AB1B75,CRM - Roving Creel Project,Drano Lake salmon and steelhead 2024,2,2024-08-12,2024-08-18,33,weekend,Bank,NA,PE,effort,total_effort,159.74722222222223,week
736E14B6-43E9-4504-B4D7-D35AC0AB1B75,CRM - Roving Creel Project,Drano Lake salmon and steelhead 2024,2,2024-08-12,2024-08-18,33,weekend,Boat,NA,PE,effort,number_observations,1,week
736E14B6-43E9-4504-B4D7-D35AC0AB1B75,CRM - Roving Creel Project,Drano Lake salmon and steelhead 2024,2,2024-08-12,2024-08-18,33,weekend,Boat,NA,PE,effort,daily_mean,88.69719414360209,week
736E14B6-43E9-4504-B4D7-D35AC0AB1B75,CRM - Roving Creel Project,Drano Lake salmon and steelhead 2024,2,2024-08-12,2024-08-18,33,weekend,Boat,NA,PE,effort,daily_variance,0,week
736E14B6-43E9-4504-B4D7-D35AC0AB1B75,CRM - Roving Creel Project,Drano Lake salmon and steelhead 2024,2,2024-08-12,2024-08-18,33,weekend,Boat,NA,PE,effort,days_open,2,week
736E14B6-43E9-4504-B4D7-D35AC0AB1B75,CRM - Roving Creel Project,Drano Lake salmon and steelhead 2024,2,2024-08-12,2024-08-18,33,weekend,Boat,NA,PE,effort,degrees_freedom,26.5,week
736E14B6-43E9-4504-B4D7-D35AC0AB1B75,CRM - Roving Creel Project,Drano Lake salmon and steelhead 2024,2,2024-08-12,2024-08-18,33,weekend,Boat,NA,PE,effort,total_effort,177.39438828720418,week
736E14B6-43E9-4504-B4D7-D35AC0AB1B75,CRM - Roving Creel Project,Drano Lake salmon and steelhead 2024,2,2024-08-12,2024-08-18,33,weekend,NA,NA,PE,effort,number_observations,0,week
736E14B6-43E9-4504-B4D7-D35AC0AB1B75,CRM - Roving Creel Project,Drano Lake salmon and steelhead 2024,2,2024-08-12,2024-08-18,33,weekend,NA,NA,PE,effort,daily_variance,0,week
736E14B6-43E9-4504-B4D7-D35AC0AB1B75,CRM - Roving Creel Project,Drano Lake salmon and steelhead 2024,2,2024-08-12,2024-08-18,33,weekend,NA,NA,PE,effort,days_open,2,week
736E14B6-43E9-4504-B4D7-D35AC0AB1B75,CRM - Roving Creel Project,Drano Lake salmon and steelhead 2024,2,2024-08-19,2024-08-25,34,weekday,Bank,NA,PE,effort,number_observations,2,week
736E14B6-43E9-4504-B4D7-D35AC0AB1B75,CRM - Roving Creel Project,Drano Lake salmon and steelhead 2024,2,2024-08-19,2024-08-25,34,weekday,Bank,NA,PE,effort,daily_mean,114.526875,week
736E14B6-43E9-4504-B4D7-D35AC0AB1B75,CRM - Roving Creel Project,Drano Lake salmon and steelhead 2024,2,2024-08-19,2024-08-25,34,weekday,Bank,NA,PE,effort,daily_variance,1509.8199382812493,week
736E14B6-43E9-4504-B4D7-D35AC0AB1B75,CRM - Roving Creel Project,Drano Lake salmon and steelhead 2024,2,2024-08-19,2024-08-25,34,weekday,Bank,NA,PE,effort,days_open,5,week
736E14B6-43E9-4504-B4D7-D35AC0AB1B75,CRM - Roving Creel Project,Drano Lake salmon and steelhead 2024,2,2024-08-19,2024-08-25,34,weekday,Bank,NA,PE,effort,degrees_freedom,26.5,week
736E14B6-43E9-4504-B4D7-D35AC0AB1B75,CRM - Roving Creel Project,Drano Lake salmon and steelhead 2024,2,2024-08-19,2024-08-25,34,weekday,Bank,NA,PE,effort,total_effort,572.634375,week
736E14B6-43E9-4504-B4D7-D35AC0AB1B75,CRM - Roving Creel Project,Drano Lake salmon and steelhead 2024,2,2024-08-19,2024-08-25,34,weekday,Boat,NA,PE,effort,number_observations,2,week
736E14B6-43E9-4504-B4D7-D35AC0AB1B75,CRM - Roving Creel Project,Drano Lake salmon and steelhead 2024,2,2024-08-19,2024-08-25,34,weekday,Boat,NA,PE,effort,daily_mean,76.82616150220619,week
736E14B6-43E9-4504-B4D7-D35AC0AB1B75,CRM - Roving Creel Project,Drano Lake salmon and steelhead 2024,2,2024-08-19,2024-08-25,34,weekday,Boat,NA,PE,effort,daily_variance,2181.109072047905,week
736E14B6-43E9-4504-B4D7-D35AC0AB1B75,CRM - Roving Creel Project,Drano Lake salmon and steelhead 2024,2,2024-08-19,2024-08-25,34,weekday,Boat,NA,PE,effort,days_open,5,week
736E14B6-43E9-4504-B4D7-D35AC0AB1B75,CRM - Roving Creel Project,Drano Lake salmon and steelhead 2024,2,2024-08-19,2024-08-25,34,weekday,Boat,NA,PE,effort,degrees_freedom,26.5,week
736E14B6-43E9-4504-B4D7-D35AC0AB1B75,CRM - Roving Creel Project,Drano Lake salmon and steelhead 2024,2,2024-08-19,2024-08-25,34,weekday,Boat,NA,PE,effort,total_effort,384.130807511031,week
736E14B6-43E9-4504-B4D7-D35AC0AB1B75,CRM - Roving Creel Project,Drano Lake salmon and steelhead 2024,2,2024-08-19,2024-08-25,34,weekday,NA,NA,PE,effort,number_observations,0,week
736E14B6-43E9-4504-B4D7-D35AC0AB1B75,CRM - Roving Creel Project,Drano Lake salmon and steelhead 2024,2,2024-08-19,2024-08-25,34,weekday,NA,NA,PE,effort,daily_variance,0,week
736E14B6-43E9-4504-B4D7-D35AC0AB1B75,CRM - Roving Creel Project,Drano Lake salmon and steelhead 2024,2,2024-08-19,2024-08-25,34,weekday,NA,NA,PE,effort,days_open,5,week
736E14B6-43E9-4504-B4D7-D35AC0AB1B75,CRM - Roving Creel Project,Drano Lake salmon and steelhead 2024,2,2024-08-19,2024-08-25,34,weekend,Bank,NA,PE,effort,number_observations,0,week
736E14B6-43E9-4504-B4D7-D35AC0AB1B75,CRM - Roving Creel Project,Drano Lake salmon and steelhead 2024,2,2024-08-19,2024-08-25,34,weekend,Bank,NA,PE,effort,daily_variance,0,week
736E14B6-43E9-4504-B4D7-D35AC0AB1B75,CRM - Roving Creel Project,Drano Lake salmon and steelhead 2024,2,2024-08-19,2024-08-25,34,weekend,Bank,NA,PE,effort,days_open,2,week
736E14B6-43E9-4504-B4D7-D35AC0AB1B75,CRM - Roving Creel Project,Drano Lake salmon and steelhead 2024,2,2024-08-19,2024-08-25,34,weekend,Bank,NA,PE,effort,degrees_freedom,26.5,week
736E14B6-43E9-4504-B4D7-D35AC0AB1B75,CRM - Roving Creel Project,Drano Lake salmon and steelhead 2024,2,2024-08-19,2024-08-25,34,weekend,Boat,NA,PE,effort,number_observations,0,week
736E14B6-43E9-4504-B4D7-D35AC0AB1B75,CRM - Roving Creel Project,Drano Lake salmon and steelhead 2024,2,2024-08-19,2024-08-25,34,weekend,Boat,NA,PE,effort,daily_variance,0,week
736E14B6-43E9-4504-B4D7-D35AC0AB1B75,CRM - Roving Creel Project,Drano Lake salmon and steelhead 2024,2,2024-08-19,2024-08-25,34,weekend,Boat,NA,PE,effort,days_open,2,week
736E14B6-43E9-4504-B4D7-D35AC0AB1B75,CRM - Roving Creel Project,Drano Lake salmon and steelhead 2024,2,2024-08-19,2024-08-25,34,weekend,Boat,NA,PE,effort,degrees_freedom,26.5,week
736E14B6-43E9-4504-B4D7-D35AC0AB1B75,CRM - Roving Creel Project,Drano Lake salmon and steelhead 2024,2,2024-08-19,2024-08-25,34,weekend,NA,NA,PE,effort,number_observations,0,week
736E14B6-43E9-4504-B4D7-D35AC0AB1B75,CRM - Roving Creel Project,Drano Lake salmon and steelhead 2024,2,2024-08-19,2024-08-25,34,weekend,NA,NA,PE,effort,daily_variance,0,week
736E14B6-43E9-4504-B4D7-D35AC0AB1B75,CRM - Roving Creel Project,Drano Lake salmon and steelhead 2024,2,2024-08-19,2024-08-25,34,weekend,NA,NA,PE,effort,days_open,2,week
736E14B6-43E9-4504-B4D7-D35AC0AB1B75,CRM - Roving Creel Project,Drano Lake salmon and steelhead 2024,2,2024-08-26,2024-09-01,35,weekday,Bank,NA,PE,effort,number_observations,2,week
736E14B6-43E9-4504-B4D7-D35AC0AB1B75,CRM - Roving Creel Project,Drano Lake salmon and steelhead 2024,2,2024-08-26,2024-09-01,35,weekday,Bank,NA,PE,effort,daily_mean,79.358125,week
736E14B6-43E9-4504-B4D7-D35AC0AB1B75,CRM - Roving Creel Project,Drano Lake salmon and steelhead 2024,2,2024-08-26,2024-09-01,35,weekday,Bank,NA,PE,effort,daily_variance,581.27713203125,week
736E14B6-43E9-4504-B4D7-D35AC0AB1B75,CRM - Roving Creel Project,Drano Lake salmon and steelhead 2024,2,2024-08-26,2024-09-01,35,weekday,Bank,NA,PE,effort,days_open,5,week
736E14B6-43E9-4504-B4D7-D35AC0AB1B75,CRM - Roving Creel Project,Drano Lake salmon and steelhead 2024,2,2024-08-26,2024-09-01,35,weekday,Bank,NA,PE,effort,degrees_freedom,26.5,week
736E14B6-43E9-4504-B4D7-D35AC0AB1B75,CRM - Roving Creel Project,Drano Lake salmon and steelhead 2024,2,2024-08-26,2024-09-01,35,weekday,Bank,NA,PE,effort,total_effort,396.790625,week
736E14B6-43E9-4504-B4D7-D35AC0AB1B75,CRM - Roving Creel Project,Drano Lake salmon and steelhead 2024,2,2024-08-26,2024-09-01,35,weekday,Boat,NA,PE,effort,number_observations,2,week
736E14B6-43E9-4504-B4D7-D35AC0AB1B75,CRM - Roving Creel Project,Drano Lake salmon and steelhead 2024,2,2024-08-26,2024-09-01,35,weekday,Boat,NA,PE,effort,daily_mean,139.80808664259928,week
736E14B6-43E9-4504-B4D7-D35AC0AB1B75,CRM - Roving Creel Project,Drano Lake salmon and steelhead 2024,2,2024-08-26,2024-09-01,35,weekday,Boat,NA,PE,effort,daily_variance,202.83270353468018,week
736E14B6-43E9-4504-B4D7-D35AC0AB1B75,CRM - Roving Creel Project,Drano Lake salmon and steelhead 2024,2,2024-08-26,2024-09-01,35,weekday,Boat,NA,PE,effort,days_open,5,week
736E14B6-43E9-4504-B4D7-D35AC0AB1B75,CRM - Roving Creel Project,Drano Lake salmon and steelhead 2024,2,2024-08-26,2024-09-01,35,weekday,Boat,NA,PE,effort,degrees_freedom,26.5,week
736E14B6-43E9-4504-B4D7-D35AC0AB1B75,CRM - Roving Creel Project,Drano Lake salmon and steelhead 2024,2,2024-08-26,2024-09-01,35,weekday,Boat,NA,PE,effort,total_effort,699.0404332129964,week
736E14B6-43E9-4504-B4D7-D35AC0AB1B75,CRM - Roving Creel Project,Drano Lake salmon and steelhead 2024,2,2024-08-26,2024-09-01,35,weekday,NA,NA,PE,effort,number_observations,0,week
736E14B6-43E9-4504-B4D7-D35AC0AB1B75,CRM - Roving Creel Project,Drano Lake salmon and steelhead 2024,2,2024-08-26,2024-09-01,35,weekday,NA,NA,PE,effort,daily_variance,0,week
736E14B6-43E9-4504-B4D7-D35AC0AB1B75,CRM - Roving Creel Project,Drano Lake salmon and steelhead 2024,2,2024-08-26,2024-09-01,35,weekday,NA,NA,PE,effort,days_open,5,week
736E14B6-43E9-4504-B4D7-D35AC0AB1B75,CRM - Roving Creel Project,Drano Lake salmon and steelhead 2024,2,2024-08-26,2024-09-01,35,weekend,Bank,NA,PE,effort,number_observations,1,week
736E14B6-43E9-4504-B4D7-D35AC0AB1B75,CRM - Roving Creel Project,Drano Lake salmon and steelhead 2024,2,2024-08-26,2024-09-01,35,weekend,Bank,NA,PE,effort,daily_mean,137.4375,week
736E14B6-43E9-4504-B4D7-D35AC0AB1B75,CRM - Roving Creel Project,Drano Lake salmon and steelhead 2024,2,2024-08-26,2024-09-01,35,weekend,Bank,NA,PE,effort,daily_variance,0,week
736E14B6-43E9-4504-B4D7-D35AC0AB1B75,CRM - Roving Creel Project,Drano Lake salmon and steelhead 2024,2,2024-08-26,2024-09-01,35,weekend,Bank,NA,PE,effort,days_open,2,week
736E14B6-43E9-4504-B4D7-D35AC0AB1B75,CRM - Roving Creel Project,Drano Lake salmon and steelhead 2024,2,2024-08-26,2024-09-01,35,weekend,Bank,NA,PE,effort,degrees_freedom,26.5,week
736E14B6-43E9-4504-B4D7-D35AC0AB1B75,CRM - Roving Creel Project,Drano Lake salmon and steelhead 2024,2,2024-08-26,2024-09-01,35,weekend,Bank,NA,PE,effort,total_effort,274.875,week
736E14B6-43E9-4504-B4D7-D35AC0AB1B75,CRM - Roving Creel Project,Drano Lake salmon and steelhead 2024,2,2024-08-26,2024-09-01,35,weekend,Boat,NA,PE,effort,number_observations,1,week
736E14B6-43E9-4504-B4D7-D35AC0AB1B75,CRM - Roving Creel Project,Drano Lake salmon and steelhead 2024,2,2024-08-26,2024-09-01,35,weekend,Boat,NA,PE,effort,daily_mean,211.97239771359807,week
736E14B6-43E9-4504-B4D7-D35AC0AB1B75,CRM - Roving Creel Project,Drano Lake salmon and steelhead 2024,2,2024-08-26,2024-09-01,35,weekend,Boat,NA,PE,effort,daily_variance,0,week
736E14B6-43E9-4504-B4D7-D35AC0AB1B75,CRM - Roving Creel Project,Drano Lake salmon and steelhead 2024,2,2024-08-26,2024-09-01,35,weekend,Boat,NA,PE,effort,days_open,2,week
736E14B6-43E9-4504-B4D7-D35AC0AB1B75,CRM - Roving Creel Project,Drano Lake salmon and steelhead 2024,2,2024-08-26,2024-09-01,35,weekend,Boat,NA,PE,effort,degrees_freedom,26.5,week
736E14B6-43E9-4504-B4D7-D35AC0AB1B75,CRM - Roving Creel Project,Drano Lake salmon and steelhead 2024,2,2024-08-26,2024-09-01,35,weekend,Boat,NA,PE,effort,total_effort,423.94479542719614,week
736E14B6-43E9-4504-B4D7-D35AC0AB1B75,CRM - Roving Creel Project,Drano Lake salmon and steelhead 2024,2,2024-08-26,2024-09-01,35,weekend,NA,NA,PE,effort,number_observations,0,week
736E14B6-43E9-4504-B4D7-D35AC0AB1B75,CRM - Roving Creel Project,Drano Lake salmon and steelhead 2024,2,2024-08-26,2024-09-01,35,weekend,NA,NA,PE,effort,daily_variance,0,week
736E14B6-43E9-4504-B4D7-D35AC0AB1B75,CRM - Roving Creel Project,Drano Lake salmon and steelhead 2024,2,2024-08-26,2024-09-01,35,weekend,NA,NA,PE,effort,days_open,2,week
736E14B6-43E9-4504-B4D7-D35AC0AB1B75,CRM - Roving Creel Project,Drano Lake salmon and steelhead 2024,2,2024-09-02,2024-09-08,36,weekday,Bank,NA,PE,effort,number_observations,1,week
736E14B6-43E9-4504-B4D7-D35AC0AB1B75,CRM - Roving Creel Project,Drano Lake salmon and steelhead 2024,2,2024-09-02,2024-09-08,36,weekday,Bank,NA,PE,effort,daily_mean,112.975,week
736E14B6-43E9-4504-B4D7-D35AC0AB1B75,CRM - Roving Creel Project,Drano Lake salmon and steelhead 2024,2,2024-09-02,2024-09-08,36,weekday,Bank,NA,PE,effort,daily_variance,0,week
736E14B6-43E9-4504-B4D7-D35AC0AB1B75,CRM - Roving Creel Project,Drano Lake salmon and steelhead 2024,2,2024-09-02,2024-09-08,36,weekday,Bank,NA,PE,effort,days_open,4,week
736E14B6-43E9-4504-B4D7-D35AC0AB1B75,CRM - Roving Creel Project,Drano Lake salmon and steelhead 2024,2,2024-09-02,2024-09-08,36,weekday,Bank,NA,PE,effort,degrees_freedom,26.5,week
736E14B6-43E9-4504-B4D7-D35AC0AB1B75,CRM - Roving Creel Project,Drano Lake salmon and steelhead 2024,2,2024-09-02,2024-09-08,36,weekday,Bank,NA,PE,effort,total_effort,451.9,week
736E14B6-43E9-4504-B4D7-D35AC0AB1B75,CRM - Roving Creel Project,Drano Lake salmon and steelhead 2024,2,2024-09-02,2024-09-08,36,weekday,Boat,NA,PE,effort,number_observations,1,week
736E14B6-43E9-4504-B4D7-D35AC0AB1B75,CRM - Roving Creel Project,Drano Lake salmon and steelhead 2024,2,2024-09-02,2024-09-08,36,weekday,Boat,NA,PE,effort,daily_mean,209.09211793020455,week
736E14B6-43E9-4504-B4D7-D35AC0AB1B75,CRM - Roving Creel Project,Drano Lake salmon and steelhead 2024,2,2024-09-02,2024-09-08,36,weekday,Boat,NA,PE,effort,daily_variance,0,week
736E14B6-43E9-4504-B4D7-D35AC0AB1B75,CRM - Roving Creel Project,Drano Lake salmon and steelhead 2024,2,2024-09-02,2024-09-08,36,weekday,Boat,NA,PE,effort,days_open,4,week
736E14B6-43E9-4504-B4D7-D35AC0AB1B75,CRM - Roving Creel Project,Drano Lake salmon and steelhead 2024,2,2024-09-02,2024-09-08,36,weekday,Boat,NA,PE,effort,degrees_freedom,26.5,week
736E14B6-43E9-4504-B4D7-D35AC0AB1B75,CRM - Roving Creel Project,Drano Lake salmon and steelhead 2024,2,2024-09-02,2024-09-08,36,weekday,Boat,NA,PE,effort,total_effort,836.3684717208182,week
736E14B6-43E9-4504-B4D7-D35AC0AB1B75,CRM - Roving Creel Project,Drano Lake salmon and steelhead 2024,2,2024-09-02,2024-09-08,36,weekday,NA,NA,PE,effort,number_observations,0,week
736E14B6-43E9-4504-B4D7-D35AC0AB1B75,CRM - Roving Creel Project,Drano Lake salmon and steelhead 2024,2,2024-09-02,2024-09-08,36,weekday,NA,NA,PE,effort,daily_variance,0,week
736E14B6-43E9-4504-B4D7-D35AC0AB1B75,CRM - Roving Creel Project,Drano Lake salmon and steelhead 2024,2,2024-09-02,2024-09-08,36,weekday,NA,NA,PE,effort,days_open,4,week
736E14B6-43E9-4504-B4D7-D35AC0AB1B75,CRM - Roving Creel Project,Drano Lake salmon and steelhead 2024,2,2024-09-02,2024-09-08,36,weekend,Bank,NA,PE,effort,number_observations,2,week
736E14B6-43E9-4504-B4D7-D35AC0AB1B75,CRM - Roving Creel Project,Drano Lake salmon and steelhead 2024,2,2024-09-02,2024-09-08,36,weekend,Bank,NA,PE,effort,daily_mean,141.70208333333335,week
736E14B6-43E9-4504-B4D7-D35AC0AB1B75,CRM - Roving Creel Project,Drano Lake salmon and steelhead 2024,2,2024-09-02,2024-09-08,36,weekend,Bank,NA,PE,effort,daily_variance,15965.752963117284,week
736E14B6-43E9-4504-B4D7-D35AC0AB1B75,CRM - Roving Creel Project,Drano Lake salmon and steelhead 2024,2,2024-09-02,2024-09-08,36,weekend,Bank,NA,PE,effort,days_open,3,week
736E14B6-43E9-4504-B4D7-D35AC0AB1B75,CRM - Roving Creel Project,Drano Lake salmon and steelhead 2024,2,2024-09-02,2024-09-08,36,weekend,Bank,NA,PE,effort,degrees_freedom,26.5,week
736E14B6-43E9-4504-B4D7-D35AC0AB1B75,CRM - Roving Creel Project,Drano Lake salmon and steelhead 2024,2,2024-09-02,2024-09-08,36,weekend,Bank,NA,PE,effort,total_effort,425.10625000000005,week
736E14B6-43E9-4504-B4D7-D35AC0AB1B75,CRM - Roving Creel Project,Drano Lake salmon and steelhead 2024,2,2024-09-02,2024-09-08,36,weekend,Boat,NA,PE,effort,number_observations,2,week
736E14B6-43E9-4504-B4D7-D35AC0AB1B75,CRM - Roving Creel Project,Drano Lake salmon and steelhead 2024,2,2024-09-02,2024-09-08,36,weekend,Boat,NA,PE,effort,daily_mean,227.85866375852387,week
736E14B6-43E9-4504-B4D7-D35AC0AB1B75,CRM - Roving Creel Project,Drano Lake salmon and steelhead 2024,2,2024-09-02,2024-09-08,36,weekend,Boat,NA,PE,effort,daily_variance,13616.369799659366,week
736E14B6-43E9-4504-B4D7-D35AC0AB1B75,CRM - Roving Creel Project,Drano Lake salmon and steelhead 2024,2,2024-09-02,2024-09-08,36,weekend,Boat,NA,PE,effort,days_open,3,week
736E14B6-43E9-4504-B4D7-D35AC0AB1B75,CRM - Roving Creel Project,Drano Lake salmon and steelhead 2024,2,2024-09-02,2024-09-08,36,weekend,Boat,NA,PE,effort,degrees_freedom,26.5,week
736E14B6-43E9-4504-B4D7-D35AC0AB1B75,CRM - Roving Creel Project,Drano Lake salmon and steelhead 2024,2,2024-09-02,2024-09-08,36,weekend,Boat,NA,PE,effort,total_effort,683.5759912755716,week
736E14B6-43E9-4504-B4D7-D35AC0AB1B75,CRM - Roving Creel Project,Drano Lake salmon and steelhead 2024,2,2024-09-02,2024-09-08,36,weekend,NA,NA,PE,effort,number_observations,0,week
736E14B6-43E9-4504-B4D7-D35AC0AB1B75,CRM - Roving Creel Project,Drano Lake salmon and steelhead 2024,2,2024-09-02,2024-09-08,36,weekend,NA,NA,PE,effort,daily_variance,0,week
736E14B6-43E9-4504-B4D7-D35AC0AB1B75,CRM - Roving Creel Project,Drano Lake salmon and steelhead 2024,2,2024-09-02,2024-09-08,36,weekend,NA,NA,PE,effort,days_open,3,week
736E14B6-43E9-4504-B4D7-D35AC0AB1B75,CRM - Roving Creel Project,Drano Lake salmon and steelhead 2024,2,2024-09-09,2024-09-15,37,weekday,Bank,NA,PE,effort,number_observations,2,week
736E14B6-43E9-4504-B4D7-D35AC0AB1B75,CRM - Roving Creel Project,Drano Lake salmon and steelhead 2024,2,2024-09-09,2024-09-15,37,weekday,Bank,NA,PE,effort,daily_mean,58.967638888888885,week
736E14B6-43E9-4504-B4D7-D35AC0AB1B75,CRM - Roving Creel Project,Drano Lake salmon and steelhead 2024,2,2024-09-09,2024-09-15,37,weekday,Bank,NA,PE,effort,daily_variance,452.36142318672853,week
736E14B6-43E9-4504-B4D7-D35AC0AB1B75,CRM - Roving Creel Project,Drano Lake salmon and steelhead 2024,2,2024-09-09,2024-09-15,37,weekday,Bank,NA,PE,effort,days_open,5,week
736E14B6-43E9-4504-B4D7-D35AC0AB1B75,CRM - Roving Creel Project,Drano Lake salmon and steelhead 2024,2,2024-09-09,2024-09-15,37,weekday,Bank,NA,PE,effort,degrees_freedom,26.5,week
736E14B6-43E9-4504-B4D7-D35AC0AB1B75,CRM - Roving Creel Project,Drano Lake salmon and steelhead 2024,2,2024-09-09,2024-09-15,37,weekday,Bank,NA,PE,effort,total_effort,294.8381944444444,week
736E14B6-43E9-4504-B4D7-D35AC0AB1B75,CRM - Roving Creel Project,Drano Lake salmon and steelhead 2024,2,2024-09-09,2024-09-15,37,weekday,Boat,NA,PE,effort,number_observations,2,week
736E14B6-43E9-4504-B4D7-D35AC0AB1B75,CRM - Roving Creel Project,Drano Lake salmon and steelhead 2024,2,2024-09-09,2024-09-15,37,weekday,Boat,NA,PE,effort,daily_mean,204.4653552446851,week
736E14B6-43E9-4504-B4D7-D35AC0AB1B75,CRM - Roving Creel Project,Drano Lake salmon and steelhead 2024,2,2024-09-09,2024-09-15,37,weekday,Boat,NA,PE,effort,daily_variance,927.6293499477083,week
736E14B6-43E9-4504-B4D7-D35AC0AB1B75,CRM - Roving Creel Project,Drano Lake salmon and steelhead 2024,2,2024-09-09,2024-09-15,37,weekday,Boat,NA,PE,effort,days_open,5,week
736E14B6-43E9-4504-B4D7-D35AC0AB1B75,CRM - Roving Creel Project,Drano Lake salmon and steelhead 2024,2,2024-09-09,2024-09-15,37,weekday,Boat,NA,PE,effort,degrees_freedom,26.5,week
736E14B6-43E9-4504-B4D7-D35AC0AB1B75,CRM - Roving Creel Project,Drano Lake salmon and steelhead 2024,2,2024-09-09,2024-09-15,37,weekday,Boat,NA,PE,effort,total_effort,1022.3267762234254,week
736E14B6-43E9-4504-B4D7-D35AC0AB1B75,CRM - Roving Creel Project,Drano Lake salmon and steelhead 2024,2,2024-09-09,2024-09-15,37,weekday,NA,NA,PE,effort,number_observations,0,week
736E14B6-43E9-4504-B4D7-D35AC0AB1B75,CRM - Roving Creel Project,Drano Lake salmon and steelhead 2024,2,2024-09-09,2024-09-15,37,weekday,NA,NA,PE,effort,daily_variance,0,week
736E14B6-43E9-4504-B4D7-D35AC0AB1B75,CRM - Roving Creel Project,Drano Lake salmon and steelhead 2024,2,2024-09-09,2024-09-15,37,weekday,NA,NA,PE,effort,days_open,5,week
736E14B6-43E9-4504-B4D7-D35AC0AB1B75,CRM - Roving Creel Project,Drano Lake salmon and steelhead 2024,2,2024-09-09,2024-09-15,37,weekend,Bank,NA,PE,effort,number_observations,2,week
736E14B6-43E9-4504-B4D7-D35AC0AB1B75,CRM - Roving Creel Project,Drano Lake salmon and steelhead 2024,2,2024-09-09,2024-09-15,37,weekend,Bank,NA,PE,effort,daily_mean,127.21388888888889,week
736E14B6-43E9-4504-B4D7-D35AC0AB1B75,CRM - Roving Creel Project,Drano Lake salmon and steelhead 2024,2,2024-09-09,2024-09-15,37,weekend,Bank,NA,PE,effort,daily_variance,28761.079824691362,week
736E14B6-43E9-4504-B4D7-D35AC0AB1B75,CRM - Roving Creel Project,Drano Lake salmon and steelhead 2024,2,2024-09-09,2024-09-15,37,weekend,Bank,NA,PE,effort,days_open,2,week
736E14B6-43E9-4504-B4D7-D35AC0AB1B75,CRM - Roving Creel Project,Drano Lake salmon and steelhead 2024,2,2024-09-09,2024-09-15,37,weekend,Bank,NA,PE,effort,degrees_freedom,26.5,week
736E14B6-43E9-4504-B4D7-D35AC0AB1B75,CRM - Roving Creel Project,Drano Lake salmon and steelhead 2024,2,2024-09-09,2024-09-15,37,weekend,Bank,NA,PE,effort,total_effort,254.42777777777778,week
736E14B6-43E9-4504-B4D7-D35AC0AB1B75,CRM - Roving Creel Project,Drano Lake salmon and steelhead 2024,2,2024-09-09,2024-09-15,37,weekend,Boat,NA,PE,effort,number_observations,2,week
736E14B6-43E9-4504-B4D7-D35AC0AB1B75,CRM - Roving Creel Project,Drano Lake salmon and steelhead 2024,2,2024-09-09,2024-09-15,37,weekend,Boat,NA,PE,effort,daily_mean,394.2582490974729,week
736E14B6-43E9-4504-B4D7-D35AC0AB1B75,CRM - Roving Creel Project,Drano Lake salmon and steelhead 2024,2,2024-09-09,2024-09-15,37,weekend,Boat,NA,PE,effort,daily_variance,1926.6673788632704,week
736E14B6-43E9-4504-B4D7-D35AC0AB1B75,CRM - Roving Creel Project,Drano Lake salmon and steelhead 2024,2,2024-09-09,2024-09-15,37,weekend,Boat,NA,PE,effort,days_open,2,week
736E14B6-43E9-4504-B4D7-D35AC0AB1B75,CRM - Roving Creel Project,Drano Lake salmon and steelhead 2024,2,2024-09-09,2024-09-15,37,weekend,Boat,NA,PE,effort,degrees_freedom,26.5,week
736E14B6-43E9-4504-B4D7-D35AC0AB1B75,CRM - Roving Creel Project,Drano Lake salmon and steelhead 2024,2,2024-09-09,2024-09-15,37,weekend,Boat,NA,PE,effort,total_effort,788.5164981949458,week
736E14B6-43E9-4504-B4D7-D35AC0AB1B75,CRM - Roving Creel Project,Drano Lake salmon and steelhead 2024,2,2024-09-09,2024-09-15,37,weekend,NA,NA,PE,effort,number_observations,0,week
736E14B6-43E9-4504-B4D7-D35AC0AB1B75,CRM - Roving Creel Project,Drano Lake salmon and steelhead 2024,2,2024-09-09,2024-09-15,37,weekend,NA,NA,PE,effort,daily_variance,0,week
736E14B6-43E9-4504-B4D7-D35AC0AB1B75,CRM - Roving Creel Project,Drano Lake salmon and steelhead 2024,2,2024-09-09,2024-09-15,37,weekend,NA,NA,PE,effort,days_open,2,week
736E14B6-43E9-4504-B4D7-D35AC0AB1B75,CRM - Roving Creel Project,Drano Lake salmon and steelhead 2024,2,2024-09-16,2024-09-22,38,weekday,Bank,NA,PE,effort,number_observations,2,week
736E14B6-43E9-4504-B4D7-D35AC0AB1B75,CRM - Roving Creel Project,Drano Lake salmon and steelhead 2024,2,2024-09-16,2024-09-22,38,weekday,Bank,NA,PE,effort,daily_mean,46.502291666666665,week
736E14B6-43E9-4504-B4D7-D35AC0AB1B75,CRM - Roving Creel Project,Drano Lake salmon and steelhead 2024,2,2024-09-16,2024-09-22,38,weekday,Bank,NA,PE,effort,daily_variance,1235.645614670139,week
736E14B6-43E9-4504-B4D7-D35AC0AB1B75,CRM - Roving Creel Project,Drano Lake salmon and steelhead 2024,2,2024-09-16,2024-09-22,38,weekday,Bank,NA,PE,effort,days_open,5,week
736E14B6-43E9-4504-B4D7-D35AC0AB1B75,CRM - Roving Creel Project,Drano Lake salmon and steelhead 2024,2,2024-09-16,2024-09-22,38,weekday,Bank,NA,PE,effort,degrees_freedom,26.5,week
736E14B6-43E9-4504-B4D7-D35AC0AB1B75,CRM - Roving Creel Project,Drano Lake salmon and steelhead 2024,2,2024-09-16,2024-09-22,38,weekday,Bank,NA,PE,effort,total_effort,232.51145833333334,week
736E14B6-43E9-4504-B4D7-D35AC0AB1B75,CRM - Roving Creel Project,Drano Lake salmon and steelhead 2024,2,2024-09-16,2024-09-22,38,weekday,Boat,NA,PE,effort,number_observations,2,week
736E14B6-43E9-4504-B4D7-D35AC0AB1B75,CRM - Roving Creel Project,Drano Lake salmon and steelhead 2024,2,2024-09-16,2024-09-22,38,weekday,Boat,NA,PE,effort,daily_mean,278.78042945246693,week
736E14B6-43E9-4504-B4D7-D35AC0AB1B75,CRM - Roving Creel Project,Drano Lake salmon and steelhead 2024,2,2024-09-16,2024-09-22,38,weekday,Boat,NA,PE,effort,daily_variance,675.2238155263445,week
736E14B6-43E9-4504-B4D7-D35AC0AB1B75,CRM - Roving Creel Project,Drano Lake salmon and steelhead 2024,2,2024-09-16,2024-09-22,38,weekday,Boat,NA,PE,effort,days_open,5,week
736E14B6-43E9-4504-B4D7-D35AC0AB1B75,CRM - Roving Creel Project,Drano Lake salmon and steelhead 2024,2,2024-09-16,2024-09-22,38,weekday,Boat,NA,PE,effort,degrees_freedom,26.5,week
736E14B6-43E9-4504-B4D7-D35AC0AB1B75,CRM - Roving Creel Project,Drano Lake salmon and steelhead 2024,2,2024-09-16,2024-09-22,38,weekday,Boat,NA,PE,effort,total_effort,1393.9021472623347,week
736E14B6-43E9-4504-B4D7-D35AC0AB1B75,CRM - Roving Creel Project,Drano Lake salmon and steelhead 2024,2,2024-09-16,2024-09-22,38,weekday,NA,NA,PE,effort,number_observations,0,week
736E14B6-43E9-4504-B4D7-D35AC0AB1B75,CRM - Roving Creel Project,Drano Lake salmon and steelhead 2024,2,2024-09-16,2024-09-22,38,weekday,NA,NA,PE,effort,daily_variance,0,week
736E14B6-43E9-4504-B4D7-D35AC0AB1B75,CRM - Roving Creel Project,Drano Lake salmon and steelhead 2024,2,2024-09-16,2024-09-22,38,weekday,NA,NA,PE,effort,days_open,5,week
736E14B6-43E9-4504-B4D7-D35AC0AB1B75,CRM - Roving Creel Project,Drano Lake salmon and steelhead 2024,2,2024-09-16,2024-09-22,38,weekend,Bank,NA,PE,effort,number_observations,2,week
736E14B6-43E9-4504-B4D7-D35AC0AB1B75,CRM - Roving Creel Project,Drano Lake salmon and steelhead 2024,2,2024-09-16,2024-09-22,38,weekend,Bank,NA,PE,effort,daily_mean,106.50486111111111,week
736E14B6-43E9-4504-B4D7-D35AC0AB1B75,CRM - Roving Creel Project,Drano Lake salmon and steelhead 2024,2,2024-09-16,2024-09-22,38,weekend,Bank,NA,PE,effort,daily_variance,2545.906760223766,week
736E14B6-43E9-4504-B4D7-D35AC0AB1B75,CRM - Roving Creel Project,Drano Lake salmon and steelhead 2024,2,2024-09-16,2024-09-22,38,weekend,Bank,NA,PE,effort,days_open,2,week
736E14B6-43E9-4504-B4D7-D35AC0AB1B75,CRM - Roving Creel Project,Drano Lake salmon and steelhead 2024,2,2024-09-16,2024-09-22,38,weekend,Bank,NA,PE,effort,degrees_freedom,26.5,week
736E14B6-43E9-4504-B4D7-D35AC0AB1B75,CRM - Roving Creel Project,Drano Lake salmon and steelhead 2024,2,2024-09-16,2024-09-22,38,weekend,Bank,NA,PE,effort,total_effort,213.00972222222222,week
736E14B6-43E9-4504-B4D7-D35AC0AB1B75,CRM - Roving Creel Project,Drano Lake salmon and steelhead 2024,2,2024-09-16,2024-09-22,38,weekend,Boat,NA,PE,effort,number_observations,2,week
736E14B6-43E9-4504-B4D7-D35AC0AB1B75,CRM - Roving Creel Project,Drano Lake salmon and steelhead 2024,2,2024-09-16,2024-09-22,38,weekend,Boat,NA,PE,effort,daily_mean,236.39346871239468,week
736E14B6-43E9-4504-B4D7-D35AC0AB1B75,CRM - Roving Creel Project,Drano Lake salmon and steelhead 2024,2,2024-09-16,2024-09-22,38,weekend,Boat,NA,PE,effort,daily_variance,0.3905057019039629,week
736E14B6-43E9-4504-B4D7-D35AC0AB1B75,CRM - Roving Creel Project,Drano Lake salmon and steelhead 2024,2,2024-09-16,2024-09-22,38,weekend,Boat,NA,PE,effort,days_open,2,week
736E14B6-43E9-4504-B4D7-D35AC0AB1B75,CRM - Roving Creel Project,Drano Lake salmon and steelhead 2024,2,2024-09-16,2024-09-22,38,weekend,Boat,NA,PE,effort,degrees_freedom,26.5,week
736E14B6-43E9-4504-B4D7-D35AC0AB1B75,CRM - Roving Creel Project,Drano Lake salmon and steelhead 2024,2,2024-09-16,2024-09-22,38,weekend,Boat,NA,PE,effort,total_effort,472.78693742478936,week
736E14B6-43E9-4504-B4D7-D35AC0AB1B75,CRM - Roving Creel Project,Drano Lake salmon and steelhead 2024,2,2024-09-16,2024-09-22,38,weekend,NA,NA,PE,effort,number_observations,0,week
736E14B6-43E9-4504-B4D7-D35AC0AB1B75,CRM - Roving Creel Project,Drano Lake salmon and steelhead 2024,2,2024-09-16,2024-09-22,38,weekend,NA,NA,PE,effort,daily_variance,0,week
736E14B6-43E9-4504-B4D7-D35AC0AB1B75,CRM - Roving Creel Project,Drano Lake salmon and steelhead 2024,2,2024-09-16,2024-09-22,38,weekend,NA,NA,PE,effort,days_open,2,week
736E14B6-43E9-4504-B4D7-D35AC0AB1B75,CRM - Roving Creel Project,Drano Lake salmon and steelhead 2024,2,2024-09-23,2024-09-29,39,weekday,Bank,NA,PE,effort,number_observations,2,week
736E14B6-43E9-4504-B4D7-D35AC0AB1B75,CRM - Roving Creel Project,Drano Lake salmon and steelhead 2024,2,2024-09-23,2024-09-29,39,weekday,Bank,NA,PE,effort,daily_mean,90.87611111111111,week
736E14B6-43E9-4504-B4D7-D35AC0AB1B75,CRM - Roving Creel Project,Drano Lake salmon and steelhead 2024,2,2024-09-23,2024-09-29,39,weekday,Bank,NA,PE,effort,daily_variance,102.61077098765429,week
736E14B6-43E9-4504-B4D7-D35AC0AB1B75,CRM - Roving Creel Project,Drano Lake salmon and steelhead 2024,2,2024-09-23,2024-09-29,39,weekday,Bank,NA,PE,effort,days_open,5,week
736E14B6-43E9-4504-B4D7-D35AC0AB1B75,CRM - Roving Creel Project,Drano Lake salmon and steelhead 2024,2,2024-09-23,2024-09-29,39,weekday,Bank,NA,PE,effort,degrees_freedom,26.5,week
736E14B6-43E9-4504-B4D7-D35AC0AB1B75,CRM - Roving Creel Project,Drano Lake salmon and steelhead 2024,2,2024-09-23,2024-09-29,39,weekday,Bank,NA,PE,effort,total_effort,454.3805555555556,week
736E14B6-43E9-4504-B4D7-D35AC0AB1B75,CRM - Roving Creel Project,Drano Lake salmon and steelhead 2024,2,2024-09-23,2024-09-29,39,weekday,Boat,NA,PE,effort,number_observations,2,week
736E14B6-43E9-4504-B4D7-D35AC0AB1B75,CRM - Roving Creel Project,Drano Lake salmon and steelhead 2024,2,2024-09-23,2024-09-29,39,weekday,Boat,NA,PE,effort,daily_mean,290.8365403128761,week
736E14B6-43E9-4504-B4D7-D35AC0AB1B75,CRM - Roving Creel Project,Drano Lake salmon and steelhead 2024,2,2024-09-23,2024-09-29,39,weekday,Boat,NA,PE,effort,daily_variance,26850.888354598937,week
736E14B6-43E9-4504-B4D7-D35AC0AB1B75,CRM - Roving Creel Project,Drano Lake salmon and steelhead 2024,2,2024-09-23,2024-09-29,39,weekday,Boat,NA,PE,effort,days_open,5,week
736E14B6-43E9-4504-B4D7-D35AC0AB1B75,CRM - Roving Creel Project,Drano Lake salmon and steelhead 2024,2,2024-09-23,2024-09-29,39,weekday,Boat,NA,PE,effort,degrees_freedom,26.5,week
736E14B6-43E9-4504-B4D7-D35AC0AB1B75,CRM - Roving Creel Project,Drano Lake salmon and steelhead 2024,2,2024-09-23,2024-09-29,39,weekday,Boat,NA,PE,effort,total_effort,1454.1827015643803,week
736E14B6-43E9-4504-B4D7-D35AC0AB1B75,CRM - Roving Creel Project,Drano Lake salmon and steelhead 2024,2,2024-09-23,2024-09-29,39,weekday,NA,NA,PE,effort,number_observations,0,week
736E14B6-43E9-4504-B4D7-D35AC0AB1B75,CRM - Roving Creel Project,Drano Lake salmon and steelhead 2024,2,2024-09-23,2024-09-29,39,weekday,NA,NA,PE,effort,daily_variance,0,week
736E14B6-43E9-4504-B4D7-D35AC0AB1B75,CRM - Roving Creel Project,Drano Lake salmon and steelhead 2024,2,2024-09-23,2024-09-29,39,weekday,NA,NA,PE,effort,days_open,5,week
736E14B6-43E9-4504-B4D7-D35AC0AB1B75,CRM - Roving Creel Project,Drano Lake salmon and steelhead 2024,2,2024-09-23,2024-09-29,39,weekend,Bank,NA,PE,effort,number_observations,2,week
736E14B6-43E9-4504-B4D7-D35AC0AB1B75,CRM - Roving Creel Project,Drano Lake salmon and steelhead 2024,2,2024-09-23,2024-09-29,39,weekend,Bank,NA,PE,effort,daily_mean,124.29416666666665,week
736E14B6-43E9-4504-B4D7-D35AC0AB1B75,CRM - Roving Creel Project,Drano Lake salmon and steelhead 2024,2,2024-09-23,2024-09-29,39,weekend,Bank,NA,PE,effort,daily_variance,3398.0394013888877,week
736E14B6-43E9-4504-B4D7-D35AC0AB1B75,CRM - Roving Creel Project,Drano Lake salmon and steelhead 2024,2,2024-09-23,2024-09-29,39,weekend,Bank,NA,PE,effort,days_open,2,week
736E14B6-43E9-4504-B4D7-D35AC0AB1B75,CRM - Roving Creel Project,Drano Lake salmon and steelhead 2024,2,2024-09-23,2024-09-29,39,weekend,Bank,NA,PE,effort,degrees_freedom,26.5,week
736E14B6-43E9-4504-B4D7-D35AC0AB1B75,CRM - Roving Creel Project,Drano Lake salmon and steelhead 2024,2,2024-09-23,2024-09-29,39,weekend,Bank,NA,PE,effort,total_effort,248.5883333333333,week
736E14B6-43E9-4504-B4D7-D35AC0AB1B75,CRM - Roving Creel Project,Drano Lake salmon and steelhead 2024,2,2024-09-23,2024-09-29,39,weekend,Boat,NA,PE,effort,number_observations,2,week
736E14B6-43E9-4504-B4D7-D35AC0AB1B75,CRM - Roving Creel Project,Drano Lake salmon and steelhead 2024,2,2024-09-23,2024-09-29,39,weekend,Boat,NA,PE,effort,daily_mean,345.31990498395504,week
736E14B6-43E9-4504-B4D7-D35AC0AB1B75,CRM - Roving Creel Project,Drano Lake salmon and steelhead 2024,2,2024-09-23,2024-09-29,39,weekend,Boat,NA,PE,effort,daily_variance,787.6643089737966,week
736E14B6-43E9-4504-B4D7-D35AC0AB1B75,CRM - Roving Creel Project,Drano Lake salmon and steelhead 2024,2,2024-09-23,2024-09-29,39,weekend,Boat,NA,PE,effort,days_open,2,week
736E14B6-43E9-4504-B4D7-D35AC0AB1B75,CRM - Roving Creel Project,Drano Lake salmon and steelhead 2024,2,2024-09-23,2024-09-29,39,weekend,Boat,NA,PE,effort,degrees_freedom,26.5,week
736E14B6-43E9-4504-B4D7-D35AC0AB1B75,CRM - Roving Creel Project,Drano Lake salmon and steelhead 2024,2,2024-09-23,2024-09-29,39,weekend,Boat,NA,PE,effort,total_effort,690.6398099679101,week
736E14B6-43E9-4504-B4D7-D35AC0AB1B75,CRM - Roving Creel Project,Drano Lake salmon and steelhead 2024,2,2024-09-23,2024-09-29,39,weekend,NA,NA,PE,effort,number_observations,0,week
736E14B6-43E9-4504-B4D7-D35AC0AB1B75,CRM - Roving Creel Project,Drano Lake salmon and steelhead 2024,2,2024-09-23,2024-09-29,39,weekend,NA,NA,PE,effort,daily_variance,0,week
736E14B6-43E9-4504-B4D7-D35AC0AB1B75,CRM - Roving Creel Project,Drano Lake salmon and steelhead 2024,2,2024-09-23,2024-09-29,39,weekend,NA,NA,PE,effort,days_open,2,week
736E14B6-43E9-4504-B4D7-D35AC0AB1B75,CRM - Roving Creel Project,Drano Lake salmon and steelhead 2024,2,2024-09-30,2024-10-06,40,weekday,Bank,NA,PE,effort,number_observations,2,week
736E14B6-43E9-4504-B4D7-D35AC0AB1B75,CRM - Roving Creel Project,Drano Lake salmon and steelhead 2024,2,2024-09-30,2024-10-06,40,weekday,Bank,NA,PE,effort,daily_mean,58.39263888888889,week
736E14B6-43E9-4504-B4D7-D35AC0AB1B75,CRM - Roving Creel Project,Drano Lake salmon and steelhead 2024,2,2024-09-30,2024-10-06,40,weekday,Bank,NA,PE,effort,daily_variance,6819.400552816358,week
736E14B6-43E9-4504-B4D7-D35AC0AB1B75,CRM - Roving Creel Project,Drano Lake salmon and steelhead 2024,2,2024-09-30,2024-10-06,40,weekday,Bank,NA,PE,effort,days_open,4,week
736E14B6-43E9-4504-B4D7-D35AC0AB1B75,CRM - Roving Creel Project,Drano Lake salmon and steelhead 2024,2,2024-09-30,2024-10-06,40,weekday,Bank,NA,PE,effort,degrees_freedom,26.5,week
736E14B6-43E9-4504-B4D7-D35AC0AB1B75,CRM - Roving Creel Project,Drano Lake salmon and steelhead 2024,2,2024-09-30,2024-10-06,40,weekday,Bank,NA,PE,effort,total_effort,233.57055555555556,week
736E14B6-43E9-4504-B4D7-D35AC0AB1B75,CRM - Roving Creel Project,Drano Lake salmon and steelhead 2024,2,2024-09-30,2024-10-06,40,weekday,Boat,NA,PE,effort,number_observations,2,week
736E14B6-43E9-4504-B4D7-D35AC0AB1B75,CRM - Roving Creel Project,Drano Lake salmon and steelhead 2024,2,2024-09-30,2024-10-06,40,weekday,Boat,NA,PE,effort,daily_mean,180.7377491977537,week
736E14B6-43E9-4504-B4D7-D35AC0AB1B75,CRM - Roving Creel Project,Drano Lake salmon and steelhead 2024,2,2024-09-30,2024-10-06,40,weekday,Boat,NA,PE,effort,daily_variance,30954.143464898945,week
736E14B6-43E9-4504-B4D7-D35AC0AB1B75,CRM - Roving Creel Project,Drano Lake salmon and steelhead 2024,2,2024-09-30,2024-10-06,40,weekday,Boat,NA,PE,effort,days_open,4,week
736E14B6-43E9-4504-B4D7-D35AC0AB1B75,CRM - Roving Creel Project,Drano Lake salmon and steelhead 2024,2,2024-09-30,2024-10-06,40,weekday,Boat,NA,PE,effort,degrees_freedom,26.5,week
736E14B6-43E9-4504-B4D7-D35AC0AB1B75,CRM - Roving Creel Project,Drano Lake salmon and steelhead 2024,2,2024-09-30,2024-10-06,40,weekday,Boat,NA,PE,effort,total_effort,722.9509967910147,week
736E14B6-43E9-4504-B4D7-D35AC0AB1B75,CRM - Roving Creel Project,Drano Lake salmon and steelhead 2024,2,2024-09-30,2024-10-06,40,weekday,NA,NA,PE,effort,number_observations,0,week
736E14B6-43E9-4504-B4D7-D35AC0AB1B75,CRM - Roving Creel Project,Drano Lake salmon and steelhead 2024,2,2024-09-30,2024-10-06,40,weekday,NA,NA,PE,effort,daily_variance,0,week
736E14B6-43E9-4504-B4D7-D35AC0AB1B75,CRM - Roving Creel Project,Drano Lake salmon and steelhead 2024,2,2024-09-30,2024-10-06,40,weekday,NA,NA,PE,effort,days_open,4,week
736E14B6-43E9-4504-B4D7-D35AC0AB1B75,CRM - Roving Creel Project,Drano Lake salmon and steelhead 2024,2,2024-09-30,2024-10-06,40,weekend,Bank,NA,PE,effort,number_observations,2,week
736E14B6-43E9-4504-B4D7-D35AC0AB1B75,CRM - Roving Creel Project,Drano Lake salmon and steelhead 2024,2,2024-09-30,2024-10-06,40,weekend,Bank,NA,PE,effort,daily_mean,124.42381944444443,week
736E14B6-43E9-4504-B4D7-D35AC0AB1B75,CRM - Roving Creel Project,Drano Lake salmon and steelhead 2024,2,2024-09-30,2024-10-06,40,weekend,Bank,NA,PE,effort,daily_variance,581.7413125096447,week
736E14B6-43E9-4504-B4D7-D35AC0AB1B75,CRM - Roving Creel Project,Drano Lake salmon and steelhead 2024,2,2024-09-30,2024-10-06,40,weekend,Bank,NA,PE,effort,days_open,2,week
736E14B6-43E9-4504-B4D7-D35AC0AB1B75,CRM - Roving Creel Project,Drano Lake salmon and steelhead 2024,2,2024-09-30,2024-10-06,40,weekend,Bank,NA,PE,effort,degrees_freedom,26.5,week
736E14B6-43E9-4504-B4D7-D35AC0AB1B75,CRM - Roving Creel Project,Drano Lake salmon and steelhead 2024,2,2024-09-30,2024-10-06,40,weekend,Bank,NA,PE,effort,total_effort,248.84763888888887,week
736E14B6-43E9-4504-B4D7-D35AC0AB1B75,CRM - Roving Creel Project,Drano Lake salmon and steelhead 2024,2,2024-09-30,2024-10-06,40,weekend,Boat,NA,PE,effort,number_observations,2,week
736E14B6-43E9-4504-B4D7-D35AC0AB1B75,CRM - Roving Creel Project,Drano Lake salmon and steelhead 2024,2,2024-09-30,2024-10-06,40,weekend,Boat,NA,PE,effort,daily_mean,326.75559566787,week
736E14B6-43E9-4504-B4D7-D35AC0AB1B75,CRM - Roving Creel Project,Drano Lake salmon and steelhead 2024,2,2024-09-30,2024-10-06,40,weekend,Boat,NA,PE,effort,daily_variance,4476.589479468502,week
736E14B6-43E9-4504-B4D7-D35AC0AB1B75,CRM - Roving Creel Project,Drano Lake salmon and steelhead 2024,2,2024-09-30,2024-10-06,40,weekend,Boat,NA,PE,effort,days_open,2,week
736E14B6-43E9-4504-B4D7-D35AC0AB1B75,CRM - Roving Creel Project,Drano Lake salmon and steelhead 2024,2,2024-09-30,2024-10-06,40,weekend,Boat,NA,PE,effort,degrees_freedom,26.5,week
736E14B6-43E9-4504-B4D7-D35AC0AB1B75,CRM - Roving Creel Project,Drano Lake salmon and steelhead 2024,2,2024-09-30,2024-10-06,40,weekend,Boat,NA,PE,effort,total_effort,653.51119133574,week
736E14B6-43E9-4504-B4D7-D35AC0AB1B75,CRM - Roving Creel Project,Drano Lake salmon and steelhead 2024,2,2024-09-30,2024-10-06,40,weekend,NA,NA,PE,effort,number_observations,0,week
736E14B6-43E9-4504-B4D7-D35AC0AB1B75,CRM - Roving Creel Project,Drano Lake salmon and steelhead 2024,2,2024-09-30,2024-10-06,40,weekend,NA,NA,PE,effort,daily_variance,0,week
736E14B6-43E9-4504-B4D7-D35AC0AB1B75,CRM - Roving Creel Project,Drano Lake salmon and steelhead 2024,2,2024-09-30,2024-10-06,40,weekend,NA,NA,PE,effort,days_open,2,week
736E14B6-43E9-4504-B4D7-D35AC0AB1B75,CRM - Roving Creel Project,Drano Lake salmon and steelhead 2024,2,2024-10-07,2024-10-13,41,weekday,Bank,NA,PE,effort,number_observations,2,week
736E14B6-43E9-4504-B4D7-D35AC0AB1B75,CRM - Roving Creel Project,Drano Lake salmon and steelhead 2024,2,2024-10-07,2024-10-13,41,weekday,Bank,NA,PE,effort,daily_mean,53.27652777777777,week
736E14B6-43E9-4504-B4D7-D35AC0AB1B75,CRM - Roving Creel Project,Drano Lake salmon and steelhead 2024,2,2024-10-07,2024-10-13,41,weekday,Bank,NA,PE,effort,daily_variance,820.1925013888886,week
736E14B6-43E9-4504-B4D7-D35AC0AB1B75,CRM - Roving Creel Project,Drano Lake salmon and steelhead 2024,2,2024-10-07,2024-10-13,41,weekday,Bank,NA,PE,effort,days_open,4,week
736E14B6-43E9-4504-B4D7-D35AC0AB1B75,CRM - Roving Creel Project,Drano Lake salmon and steelhead 2024,2,2024-10-07,2024-10-13,41,weekday,Bank,NA,PE,effort,degrees_freedom,26.5,week
736E14B6-43E9-4504-B4D7-D35AC0AB1B75,CRM - Roving Creel Project,Drano Lake salmon and steelhead 2024,2,2024-10-07,2024-10-13,41,weekday,Bank,NA,PE,effort,total_effort,213.1061111111111,week
736E14B6-43E9-4504-B4D7-D35AC0AB1B75,CRM - Roving Creel Project,Drano Lake salmon and steelhead 2024,2,2024-10-07,2024-10-13,41,weekday,Boat,NA,PE,effort,number_observations,2,week
736E14B6-43E9-4504-B4D7-D35AC0AB1B75,CRM - Roving Creel Project,Drano Lake salmon and steelhead 2024,2,2024-10-07,2024-10-13,41,weekday,Boat,NA,PE,effort,daily_mean,184.57889340152428,week
736E14B6-43E9-4504-B4D7-D35AC0AB1B75,CRM - Roving Creel Project,Drano Lake salmon and steelhead 2024,2,2024-10-07,2024-10-13,41,weekday,Boat,NA,PE,effort,daily_variance,764.0767709021211,week
736E14B6-43E9-4504-B4D7-D35AC0AB1B75,CRM - Roving Creel Project,Drano Lake salmon and steelhead 2024,2,2024-10-07,2024-10-13,41,weekday,Boat,NA,PE,effort,days_open,4,week
736E14B6-43E9-4504-B4D7-D35AC0AB1B75,CRM - Roving Creel Project,Drano Lake salmon and steelhead 2024,2,2024-10-07,2024-10-13,41,weekday,Boat,NA,PE,effort,degrees_freedom,26.5,week
736E14B6-43E9-4504-B4D7-D35AC0AB1B75,CRM - Roving Creel Project,Drano Lake salmon and steelhead 2024,2,2024-10-07,2024-10-13,41,weekday,Boat,NA,PE,effort,total_effort,738.3155736060971,week
736E14B6-43E9-4504-B4D7-D35AC0AB1B75,CRM - Roving Creel Project,Drano Lake salmon and steelhead 2024,2,2024-10-07,2024-10-13,41,weekday,NA,NA,PE,effort,number_observations,0,week
736E14B6-43E9-4504-B4D7-D35AC0AB1B75,CRM - Roving Creel Project,Drano Lake salmon and steelhead 2024,2,2024-10-07,2024-10-13,41,weekday,NA,NA,PE,effort,daily_variance,0,week
736E14B6-43E9-4504-B4D7-D35AC0AB1B75,CRM - Roving Creel Project,Drano Lake salmon and steelhead 2024,2,2024-10-07,2024-10-13,41,weekday,NA,NA,PE,effort,days_open,4,week
736E14B6-43E9-4504-B4D7-D35AC0AB1B75,CRM - Roving Creel Project,Drano Lake salmon and steelhead 2024,2,2024-10-07,2024-10-13,41,weekend,Bank,NA,PE,effort,number_observations,2,week
736E14B6-43E9-4504-B4D7-D35AC0AB1B75,CRM - Roving Creel Project,Drano Lake salmon and steelhead 2024,2,2024-10-07,2024-10-13,41,weekend,Bank,NA,PE,effort,daily_mean,111.09694444444443,week
736E14B6-43E9-4504-B4D7-D35AC0AB1B75,CRM - Roving Creel Project,Drano Lake salmon and steelhead 2024,2,2024-10-07,2024-10-13,41,weekend,Bank,NA,PE,effort,daily_variance,3044.5572038580226,week
736E14B6-43E9-4504-B4D7-D35AC0AB1B75,CRM - Roving Creel Project,Drano Lake salmon and steelhead 2024,2,2024-10-07,2024-10-13,41,weekend,Bank,NA,PE,effort,days_open,2,week
736E14B6-43E9-4504-B4D7-D35AC0AB1B75,CRM - Roving Creel Project,Drano Lake salmon and steelhead 2024,2,2024-10-07,2024-10-13,41,weekend,Bank,NA,PE,effort,degrees_freedom,26.5,week
736E14B6-43E9-4504-B4D7-D35AC0AB1B75,CRM - Roving Creel Project,Drano Lake salmon and steelhead 2024,2,2024-10-07,2024-10-13,41,weekend,Bank,NA,PE,effort,total_effort,222.19388888888886,week
736E14B6-43E9-4504-B4D7-D35AC0AB1B75,CRM - Roving Creel Project,Drano Lake salmon and steelhead 2024,2,2024-10-07,2024-10-13,41,weekend,Boat,NA,PE,effort,number_observations,2,week
736E14B6-43E9-4504-B4D7-D35AC0AB1B75,CRM - Roving Creel Project,Drano Lake salmon and steelhead 2024,2,2024-10-07,2024-10-13,41,weekend,Boat,NA,PE,effort,daily_mean,345.06137384677095,week
736E14B6-43E9-4504-B4D7-D35AC0AB1B75,CRM - Roving Creel Project,Drano Lake salmon and steelhead 2024,2,2024-10-07,2024-10-13,41,weekend,Boat,NA,PE,effort,daily_variance,6084.115306602423,week
736E14B6-43E9-4504-B4D7-D35AC0AB1B75,CRM - Roving Creel Project,Drano Lake salmon and steelhead 2024,2,2024-10-07,2024-10-13,41,weekend,Boat,NA,PE,effort,days_open,2,week
736E14B6-43E9-4504-B4D7-D35AC0AB1B75,CRM - Roving Creel Project,Drano Lake salmon and steelhead 2024,2,2024-10-07,2024-10-13,41,weekend,Boat,NA,PE,effort,degrees_freedom,26.5,week
736E14B6-43E9-4504-B4D7-D35AC0AB1B75,CRM - Roving Creel Project,Drano Lake salmon and steelhead 2024,2,2024-10-07,2024-10-13,41,weekend,Boat,NA,PE,effort,total_effort,690.1227476935419,week
736E14B6-43E9-4504-B4D7-D35AC0AB1B75,CRM - Roving Creel Project,Drano Lake salmon and steelhead 2024,2,2024-10-07,2024-10-13,41,weekend,NA,NA,PE,effort,number_observations,0,week
736E14B6-43E9-4504-B4D7-D35AC0AB1B75,CRM - Roving Creel Project,Drano Lake salmon and steelhead 2024,2,2024-10-07,2024-10-13,41,weekend,NA,NA,PE,effort,daily_variance,0,week
736E14B6-43E9-4504-B4D7-D35AC0AB1B75,CRM - Roving Creel Project,Drano Lake salmon and steelhead 2024,2,2024-10-07,2024-10-13,41,weekend,NA,NA,PE,effort,days_open,2,week
736E14B6-43E9-4504-B4D7-D35AC0AB1B75,CRM - Roving Creel Project,Drano Lake salmon and steelhead 2024,2,2024-10-14,2024-10-20,42,weekday,Bank,NA,PE,effort,number_observations,1,week
736E14B6-43E9-4504-B4D7-D35AC0AB1B75,CRM - Roving Creel Project,Drano Lake salmon and steelhead 2024,2,2024-10-14,2024-10-20,42,weekday,Bank,NA,PE,effort,daily_mean,110.50944444444444,week
736E14B6-43E9-4504-B4D7-D35AC0AB1B75,CRM - Roving Creel Project,Drano Lake salmon and steelhead 2024,2,2024-10-14,2024-10-20,42,weekday,Bank,NA,PE,effort,daily_variance,0,week
736E14B6-43E9-4504-B4D7-D35AC0AB1B75,CRM - Roving Creel Project,Drano Lake salmon and steelhead 2024,2,2024-10-14,2024-10-20,42,weekday,Bank,NA,PE,effort,days_open,4,week
736E14B6-43E9-4504-B4D7-D35AC0AB1B75,CRM - Roving Creel Project,Drano Lake salmon and steelhead 2024,2,2024-10-14,2024-10-20,42,weekday,Bank,NA,PE,effort,degrees_freedom,26.5,week
736E14B6-43E9-4504-B4D7-D35AC0AB1B75,CRM - Roving Creel Project,Drano Lake salmon and steelhead 2024,2,2024-10-14,2024-10-20,42,weekday,Bank,NA,PE,effort,total_effort,442.03777777777776,week
736E14B6-43E9-4504-B4D7-D35AC0AB1B75,CRM - Roving Creel Project,Drano Lake salmon and steelhead 2024,2,2024-10-14,2024-10-20,42,weekday,Boat,NA,PE,effort,number_observations,1,week
736E14B6-43E9-4504-B4D7-D35AC0AB1B75,CRM - Roving Creel Project,Drano Lake salmon and steelhead 2024,2,2024-10-14,2024-10-20,42,weekday,Boat,NA,PE,effort,daily_mean,306.7933674288006,week
736E14B6-43E9-4504-B4D7-D35AC0AB1B75,CRM - Roving Creel Project,Drano Lake salmon and steelhead 2024,2,2024-10-14,2024-10-20,42,weekday,Boat,NA,PE,effort,daily_variance,0,week
736E14B6-43E9-4504-B4D7-D35AC0AB1B75,CRM - Roving Creel Project,Drano Lake salmon and steelhead 2024,2,2024-10-14,2024-10-20,42,weekday,Boat,NA,PE,effort,days_open,4,week
736E14B6-43E9-4504-B4D7-D35AC0AB1B75,CRM - Roving Creel Project,Drano Lake salmon and steelhead 2024,2,2024-10-14,2024-10-20,42,weekday,Boat,NA,PE,effort,degrees_freedom,26.5,week
736E14B6-43E9-4504-B4D7-D35AC0AB1B75,CRM - Roving Creel Project,Drano Lake salmon and steelhead 2024,2,2024-10-14,2024-10-20,42,weekday,Boat,NA,PE,effort,total_effort,1227.1734697152024,week
736E14B6-43E9-4504-B4D7-D35AC0AB1B75,CRM - Roving Creel Project,Drano Lake salmon and steelhead 2024,2,2024-10-14,2024-10-20,42,weekday,NA,NA,PE,effort,number_observations,0,week
736E14B6-43E9-4504-B4D7-D35AC0AB1B75,CRM - Roving Creel Project,Drano Lake salmon and steelhead 2024,2,2024-10-14,2024-10-20,42,weekday,NA,NA,PE,effort,daily_variance,0,week
736E14B6-43E9-4504-B4D7-D35AC0AB1B75,CRM - Roving Creel Project,Drano Lake salmon and steelhead 2024,2,2024-10-14,2024-10-20,42,weekday,NA,NA,PE,effort,days_open,4,week
736E14B6-43E9-4504-B4D7-D35AC0AB1B75,CRM - Roving Creel Project,Drano Lake salmon and steelhead 2024,2,2024-10-14,2024-10-20,42,weekend,Bank,NA,PE,effort,number_observations,2,week
736E14B6-43E9-4504-B4D7-D35AC0AB1B75,CRM - Roving Creel Project,Drano Lake salmon and steelhead 2024,2,2024-10-14,2024-10-20,42,weekend,Bank,NA,PE,effort,daily_mean,25.485555555555557,week
736E14B6-43E9-4504-B4D7-D35AC0AB1B75,CRM - Roving Creel Project,Drano Lake salmon and steelhead 2024,2,2024-10-14,2024-10-20,42,weekend,Bank,NA,PE,effort,daily_variance,1299.0270839506175,week
736E14B6-43E9-4504-B4D7-D35AC0AB1B75,CRM - Roving Creel Project,Drano Lake salmon and steelhead 2024,2,2024-10-14,2024-10-20,42,weekend,Bank,NA,PE,effort,days_open,2,week
736E14B6-43E9-4504-B4D7-D35AC0AB1B75,CRM - Roving Creel Project,Drano Lake salmon and steelhead 2024,2,2024-10-14,2024-10-20,42,weekend,Bank,NA,PE,effort,degrees_freedom,26.5,week
736E14B6-43E9-4504-B4D7-D35AC0AB1B75,CRM - Roving Creel Project,Drano Lake salmon and steelhead 2024,2,2024-10-14,2024-10-20,42,weekend,Bank,NA,PE,effort,total_effort,50.971111111111114,week
736E14B6-43E9-4504-B4D7-D35AC0AB1B75,CRM - Roving Creel Project,Drano Lake salmon and steelhead 2024,2,2024-10-14,2024-10-20,42,weekend,Boat,NA,PE,effort,number_observations,2,week
736E14B6-43E9-4504-B4D7-D35AC0AB1B75,CRM - Roving Creel Project,Drano Lake salmon and steelhead 2024,2,2024-10-14,2024-10-20,42,weekend,Boat,NA,PE,effort,daily_mean,88.19208483754512,week
736E14B6-43E9-4504-B4D7-D35AC0AB1B75,CRM - Roving Creel Project,Drano Lake salmon and steelhead 2024,2,2024-10-14,2024-10-20,42,weekend,Boat,NA,PE,effort,daily_variance,2467.931124803167,week
736E14B6-43E9-4504-B4D7-D35AC0AB1B75,CRM - Roving Creel Project,Drano Lake salmon and steelhead 2024,2,2024-10-14,2024-10-20,42,weekend,Boat,NA,PE,effort,days_open,2,week
736E14B6-43E9-4504-B4D7-D35AC0AB1B75,CRM - Roving Creel Project,Drano Lake salmon and steelhead 2024,2,2024-10-14,2024-10-20,42,weekend,Boat,NA,PE,effort,degrees_freedom,26.5,week
736E14B6-43E9-4504-B4D7-D35AC0AB1B75,CRM - Roving Creel Project,Drano Lake salmon and steelhead 2024,2,2024-10-14,2024-10-20,42,weekend,Boat,NA,PE,effort,total_effort,176.38416967509025,week
736E14B6-43E9-4504-B4D7-D35AC0AB1B75,CRM - Roving Creel Project,Drano Lake salmon and steelhead 2024,2,2024-10-14,2024-10-20,42,weekend,NA,NA,PE,effort,number_observations,0,week
736E14B6-43E9-4504-B4D7-D35AC0AB1B75,CRM - Roving Creel Project,Drano Lake salmon and steelhead 2024,2,2024-10-14,2024-10-20,42,weekend,NA,NA,PE,effort,daily_variance,0,week
736E14B6-43E9-4504-B4D7-D35AC0AB1B75,CRM - Roving Creel Project,Drano Lake salmon and steelhead 2024,2,2024-10-14,2024-10-20,42,weekend,NA,NA,PE,effort,days_open,2,week
736E14B6-43E9-4504-B4D7-D35AC0AB1B75,CRM - Roving Creel Project,Drano Lake salmon and steelhead 2024,2,2024-10-21,2024-10-27,43,weekday,Bank,NA,PE,effort,number_observations,1,week
736E14B6-43E9-4504-B4D7-D35AC0AB1B75,CRM - Roving Creel Project,Drano Lake salmon and steelhead 2024,2,2024-10-21,2024-10-27,43,weekday,Bank,NA,PE,effort,daily_mean,50.36,week
736E14B6-43E9-4504-B4D7-D35AC0AB1B75,CRM - Roving Creel Project,Drano Lake salmon and steelhead 2024,2,2024-10-21,2024-10-27,43,weekday,Bank,NA,PE,effort,daily_variance,0,week
736E14B6-43E9-4504-B4D7-D35AC0AB1B75,CRM - Roving Creel Project,Drano Lake salmon and steelhead 2024,2,2024-10-21,2024-10-27,43,weekday,Bank,NA,PE,effort,days_open,4,week
736E14B6-43E9-4504-B4D7-D35AC0AB1B75,CRM - Roving Creel Project,Drano Lake salmon and steelhead 2024,2,2024-10-21,2024-10-27,43,weekday,Bank,NA,PE,effort,degrees_freedom,26.5,week
736E14B6-43E9-4504-B4D7-D35AC0AB1B75,CRM - Roving Creel Project,Drano Lake salmon and steelhead 2024,2,2024-10-21,2024-10-27,43,weekday,Bank,NA,PE,effort,total_effort,201.44,week
736E14B6-43E9-4504-B4D7-D35AC0AB1B75,CRM - Roving Creel Project,Drano Lake salmon and steelhead 2024,2,2024-10-21,2024-10-27,43,weekday,Boat,NA,PE,effort,number_observations,1,week
736E14B6-43E9-4504-B4D7-D35AC0AB1B75,CRM - Roving Creel Project,Drano Lake salmon and steelhead 2024,2,2024-10-21,2024-10-27,43,weekday,Boat,NA,PE,effort,daily_mean,87.38005415162455,week
736E14B6-43E9-4504-B4D7-D35AC0AB1B75,CRM - Roving Creel Project,Drano Lake salmon and steelhead 2024,2,2024-10-21,2024-10-27,43,weekday,Boat,NA,PE,effort,daily_variance,0,week
736E14B6-43E9-4504-B4D7-D35AC0AB1B75,CRM - Roving Creel Project,Drano Lake salmon and steelhead 2024,2,2024-10-21,2024-10-27,43,weekday,Boat,NA,PE,effort,days_open,4,week
736E14B6-43E9-4504-B4D7-D35AC0AB1B75,CRM - Roving Creel Project,Drano Lake salmon and steelhead 2024,2,2024-10-21,2024-10-27,43,weekday,Boat,NA,PE,effort,degrees_freedom,26.5,week
736E14B6-43E9-4504-B4D7-D35AC0AB1B75,CRM - Roving Creel Project,Drano Lake salmon and steelhead 2024,2,2024-10-21,2024-10-27,43,weekday,Boat,NA,PE,effort,total_effort,349.5202166064982,week
736E14B6-43E9-4504-B4D7-D35AC0AB1B75,CRM - Roving Creel Project,Drano Lake salmon and steelhead 2024,2,2024-10-21,2024-10-27,43,weekday,NA,NA,PE,effort,number_observations,0,week
736E14B6-43E9-4504-B4D7-D35AC0AB1B75,CRM - Roving Creel Project,Drano Lake salmon and steelhead 2024,2,2024-10-21,2024-10-27,43,weekday,NA,NA,PE,effort,daily_variance,0,week
736E14B6-43E9-4504-B4D7-D35AC0AB1B75,CRM - Roving Creel Project,Drano Lake salmon and steelhead 2024,2,2024-10-21,2024-10-27,43,weekday,NA,NA,PE,effort,days_open,4,week
736E14B6-43E9-4504-B4D7-D35AC0AB1B75,CRM - Roving Creel Project,Drano Lake salmon and steelhead 2024,2,2024-10-21,2024-10-27,43,weekend,Bank,NA,PE,effort,number_observations,2,week
736E14B6-43E9-4504-B4D7-D35AC0AB1B75,CRM - Roving Creel Project,Drano Lake salmon and steelhead 2024,2,2024-10-21,2024-10-27,43,weekend,Bank,NA,PE,effort,daily_mean,52.63041666666667,week
736E14B6-43E9-4504-B4D7-D35AC0AB1B75,CRM - Roving Creel Project,Drano Lake salmon and steelhead 2024,2,2024-10-21,2024-10-27,43,weekend,Bank,NA,PE,effort,daily_variance,3246.6353503472224,week
736E14B6-43E9-4504-B4D7-D35AC0AB1B75,CRM - Roving Creel Project,Drano Lake salmon and steelhead 2024,2,2024-10-21,2024-10-27,43,weekend,Bank,NA,PE,effort,days_open,2,week
736E14B6-43E9-4504-B4D7-D35AC0AB1B75,CRM - Roving Creel Project,Drano Lake salmon and steelhead 2024,2,2024-10-21,2024-10-27,43,weekend,Bank,NA,PE,effort,degrees_freedom,26.5,week
736E14B6-43E9-4504-B4D7-D35AC0AB1B75,CRM - Roving Creel Project,Drano Lake salmon and steelhead 2024,2,2024-10-21,2024-10-27,43,weekend,Bank,NA,PE,effort,total_effort,105.26083333333334,week
736E14B6-43E9-4504-B4D7-D35AC0AB1B75,CRM - Roving Creel Project,Drano Lake salmon and steelhead 2024,2,2024-10-21,2024-10-27,43,weekend,Boat,NA,PE,effort,number_observations,2,week
736E14B6-43E9-4504-B4D7-D35AC0AB1B75,CRM - Roving Creel Project,Drano Lake salmon and steelhead 2024,2,2024-10-21,2024-10-27,43,weekend,Boat,NA,PE,effort,daily_mean,34.32661151223425,week
736E14B6-43E9-4504-B4D7-D35AC0AB1B75,CRM - Roving Creel Project,Drano Lake salmon and steelhead 2024,2,2024-10-21,2024-10-27,43,weekend,Boat,NA,PE,effort,daily_variance,0.009421024840270228,week
736E14B6-43E9-4504-B4D7-D35AC0AB1B75,CRM - Roving Creel Project,Drano Lake salmon and steelhead 2024,2,2024-10-21,2024-10-27,43,weekend,Boat,NA,PE,effort,days_open,2,week
736E14B6-43E9-4504-B4D7-D35AC0AB1B75,CRM - Roving Creel Project,Drano Lake salmon and steelhead 2024,2,2024-10-21,2024-10-27,43,weekend,Boat,NA,PE,effort,degrees_freedom,26.5,week
736E14B6-43E9-4504-B4D7-D35AC0AB1B75,CRM - Roving Creel Project,Drano Lake salmon and steelhead 2024,2,2024-10-21,2024-10-27,43,weekend,Boat,NA,PE,effort,total_effort,68.6532230244685,week
736E14B6-43E9-4504-B4D7-D35AC0AB1B75,CRM - Roving Creel Project,Drano Lake salmon and steelhead 2024,2,2024-10-21,2024-10-27,43,weekend,NA,NA,PE,effort,number_observations,0,week
736E14B6-43E9-4504-B4D7-D35AC0AB1B75,CRM - Roving Creel Project,Drano Lake salmon and steelhead 2024,2,2024-10-21,2024-10-27,43,weekend,NA,NA,PE,effort,daily_variance,0,week
736E14B6-43E9-4504-B4D7-D35AC0AB1B75,CRM - Roving Creel Project,Drano Lake salmon and steelhead 2024,2,2024-10-21,2024-10-27,43,weekend,NA,NA,PE,effort,days_open,2,week
736E14B6-43E9-4504-B4D7-D35AC0AB1B75,CRM - Roving Creel Project,Drano Lake salmon and steelhead 2024,2,2024-10-28,2024-10-31,44,weekday,Bank,NA,PE,effort,number_observations,1,week
736E14B6-43E9-4504-B4D7-D35AC0AB1B75,CRM - Roving Creel Project,Drano Lake salmon and steelhead 2024,2,2024-10-28,2024-10-31,44,weekday,Bank,NA,PE,effort,daily_mean,73.45333333333333,week
736E14B6-43E9-4504-B4D7-D35AC0AB1B75,CRM - Roving Creel Project,Drano Lake salmon and steelhead 2024,2,2024-10-28,2024-10-31,44,weekday,Bank,NA,PE,effort,daily_variance,0,week
736E14B6-43E9-4504-B4D7-D35AC0AB1B75,CRM - Roving Creel Project,Drano Lake salmon and steelhead 2024,2,2024-10-28,2024-10-31,44,weekday,Bank,NA,PE,effort,days_open,3,week
736E14B6-43E9-4504-B4D7-D35AC0AB1B75,CRM - Roving Creel Project,Drano Lake salmon and steelhead 2024,2,2024-10-28,2024-10-31,44,weekday,Bank,NA,PE,effort,degrees_freedom,26.5,week
736E14B6-43E9-4504-B4D7-D35AC0AB1B75,CRM - Roving Creel Project,Drano Lake salmon and steelhead 2024,2,2024-10-28,2024-10-31,44,weekday,Bank,NA,PE,effort,total_effort,220.36,week
736E14B6-43E9-4504-B4D7-D35AC0AB1B75,CRM - Roving Creel Project,Drano Lake salmon and steelhead 2024,2,2024-10-28,2024-10-31,44,weekday,Boat,NA,PE,effort,number_observations,1,week
736E14B6-43E9-4504-B4D7-D35AC0AB1B75,CRM - Roving Creel Project,Drano Lake salmon and steelhead 2024,2,2024-10-28,2024-10-31,44,weekday,Boat,NA,PE,effort,daily_mean,0,week
736E14B6-43E9-4504-B4D7-D35AC0AB1B75,CRM - Roving Creel Project,Drano Lake salmon and steelhead 2024,2,2024-10-28,2024-10-31,44,weekday,Boat,NA,PE,effort,daily_variance,0,week
736E14B6-43E9-4504-B4D7-D35AC0AB1B75,CRM - Roving Creel Project,Drano Lake salmon and steelhead 2024,2,2024-10-28,2024-10-31,44,weekday,Boat,NA,PE,effort,days_open,3,week
736E14B6-43E9-4504-B4D7-D35AC0AB1B75,CRM - Roving Creel Project,Drano Lake salmon and steelhead 2024,2,2024-10-28,2024-10-31,44,weekday,Boat,NA,PE,effort,degrees_freedom,26.5,week
736E14B6-43E9-4504-B4D7-D35AC0AB1B75,CRM - Roving Creel Project,Drano Lake salmon and steelhead 2024,2,2024-10-28,2024-10-31,44,weekday,Boat,NA,PE,effort,total_effort,0,week
736E14B6-43E9-4504-B4D7-D35AC0AB1B75,CRM - Roving Creel Project,Drano Lake salmon and steelhead 2024,2,2024-10-28,2024-10-31,44,weekday,NA,NA,PE,effort,number_observations,0,week
736E14B6-43E9-4504-B4D7-D35AC0AB1B75,CRM - Roving Creel Project,Drano Lake salmon and steelhead 2024,2,2024-10-28,2024-10-31,44,weekday,NA,NA,PE,effort,daily_variance,0,week
736E14B6-43E9-4504-B4D7-D35AC0AB1B75,CRM - Roving Creel Project,Drano Lake salmon and steelhead 2024,2,2024-10-28,2024-10-31,44,weekday,NA,NA,PE,effort,days_open,3,week
