source_file,license_year,region_crc,system,stream,catch_record_code,species,month,year,harvest
Salmon_Freshwater_Estimates_2023.xlsx,2023-24,Coastal,Grays Harbor,Hoquiam River,355,Coho,10,2023,63.0
Salmon_Freshwater_Estimates_2023.xlsx,2023-24,Coastal,Grays Harbor,Humptulips River,358,Chinook,5,2023,31.0
Salmon_Freshwater_Estimates_2023.xlsx,2023-24,Coastal,Grays Harbor,Humptulips River,358,Chinook,9,2023,220.0
Salmon_Freshwater_Estimates_2023.xlsx,2023-24,Coastal,Grays Harbor,Humptulips River,358,Chinook,10,2023,298.0
Salmon_Freshwater_Estimates_2023.xlsx,2023-24,Coastal,Grays Harbor,Humptulips River,358,Chum,10,2023,126.0
Salmon_Freshwater_Estimates_2023.xlsx,2023-24,Coastal,Grays Harbor,Humptulips River,358,Chum,11,2023,31.0
Salmon_Freshwater_Estimates_2023.xlsx,2023-24,Coastal,Grays Harbor,Humptulips River,358,Coho,9,2023,16.0
Salmon_Freshwater_Estimates_2023.xlsx,2023-24,Coastal,Grays Harbor,Humptulips River,358,Coho,10,2023,1190.0
Salmon_Freshwater_Estimates_2023.xlsx,2023-24,Coastal,Grays Harbor,Humptulips River,358,Coho,11,2023,254.0
Salmon_Freshwater_Estimates_2023.xlsx,2023-24,Coastal,Grays Harbor,Humptulips River,358,Jackchin,10,2023,47.0
Salmon_Freshwater_Estimates_2023.xlsx,2023-24,Coastal,Grays Harbor,Humptulips River,358,Jackcoho,10,2023,126.0
Salmon_Freshwater_Estimates_2023.xlsx,2023-24,Coastal,Grays Harbor,Johns River,367,Coho,10,2023,16.0
Salmon_Freshwater_Estimates_2023.xlsx,2023-24,Coastal,Grays Harbor,Wishkah River,335,Coho,10,2023,235.0
Salmon_Freshwater_Estimates_2023.xlsx,2023-24,Coastal,Grays Harbor,Wishkah River,335,Jackcoho,10,2023,16.0
Salmon_Freshwater_Estimates_2023.xlsx,2023-24,Coastal,Chehalis R. System,Chehalis River,315,Chinook,8,2023,49.0
Salmon_Freshwater_Estimates_2023.xlsx,2023-24,Coastal,Chehalis R. System,Chehalis River,315,Chinook,9,2023,33.0
Salmon_Freshwater_Estimates_2023.xlsx,2023-24,Coastal,Chehalis R. System,Chehalis River,315,Chinook,10,2023,98.0
Salmon_Freshwater_Estimates_2023.xlsx,2023-24,Coastal,Chehalis R. System,Chehalis River,315,Chum,10,2023,49.0
Salmon_Freshwater_Estimates_2023.xlsx,2023-24,Coastal,Chehalis R. System,Chehalis River,315,Coho,8,2023,65.0
Salmon_Freshwater_Estimates_2023.xlsx,2023-24,Coastal,Chehalis R. System,Chehalis River,315,Coho,9,2023,2074.0
Salmon_Freshwater_Estimates_2023.xlsx,2023-24,Coastal,Chehalis R. System,Chehalis River,315,Coho,10,2023,5031.0
Salmon_Freshwater_Estimates_2023.xlsx,2023-24,Coastal,Chehalis R. System,Chehalis River,315,Coho,11,2023,1045.0
Salmon_Freshwater_Estimates_2023.xlsx,2023-24,Coastal,Chehalis R. System,Chehalis River,315,Coho,12,2023,114.0
Salmon_Freshwater_Estimates_2023.xlsx,2023-24,Coastal,Chehalis R. System,Chehalis River,315,Jackchin,9,2023,212.0
Salmon_Freshwater_Estimates_2023.xlsx,2023-24,Coastal,Chehalis R. System,Chehalis River,315,Jackchin,10,2023,81.0
Salmon_Freshwater_Estimates_2023.xlsx,2023-24,Coastal,Chehalis R. System,Chehalis River,315,Jackchin,11,2023,16.0
Salmon_Freshwater_Estimates_2023.xlsx,2023-24,Coastal,Chehalis R. System,Chehalis River,315,Jackcoho,9,2023,1982.0
Salmon_Freshwater_Estimates_2023.xlsx,2023-24,Coastal,Chehalis R. System,Chehalis River,315,Jackcoho,10,2023,1254.0
Salmon_Freshwater_Estimates_2023.xlsx,2023-24,Coastal,Chehalis R. System,Chehalis River,315,Jackcoho,11,2023,51.0
Salmon_Freshwater_Estimates_2023.xlsx,2023-24,Coastal,Chehalis R. System,Cloquallum Creek,321,Chinook,6,2023,33.0
Salmon_Freshwater_Estimates_2023.xlsx,2023-24,Coastal,Chehalis R. System,Cloquallum Creek,321,Chinook,9,2023,16.0
Salmon_Freshwater_Estimates_2023.xlsx,2023-24,Coastal,Chehalis R. System,Newaukum River,325,Coho,10,2023,16.0
Salmon_Freshwater_Estimates_2023.xlsx,2023-24,Coastal,Chehalis R. System,Satsop River,329,Chum,10,2023,195.0
Salmon_Freshwater_Estimates_2023.xlsx,2023-24,Coastal,Chehalis R. System,Satsop River,329,Chum,11,2023,228.0
Salmon_Freshwater_Estimates_2023.xlsx,2023-24,Coastal,Chehalis R. System,Satsop River,329,Pink,10,2023,33.0
Salmon_Freshwater_Estimates_2023.xlsx,2023-24,Coastal,Chehalis R. System,Satsop River,329,Coho,10,2023,2685.0
Salmon_Freshwater_Estimates_2023.xlsx,2023-24,Coastal,Chehalis R. System,Satsop River,329,Coho,11,2023,667.0
Salmon_Freshwater_Estimates_2023.xlsx,2023-24,Coastal,Chehalis R. System,Satsop River,329,Coho,12,2023,16.0
Salmon_Freshwater_Estimates_2023.xlsx,2023-24,Coastal,Chehalis R. System,Satsop River,329,Jackchin,10,2023,33.0
Salmon_Freshwater_Estimates_2023.xlsx,2023-24,Coastal,Chehalis R. System,Satsop River,329,Jackcoho,10,2023,895.0
Salmon_Freshwater_Estimates_2023.xlsx,2023-24,Coastal,Chehalis R. System,Satsop River,329,Jackcoho,11,2023,65.0
Salmon_Freshwater_Estimates_2023.xlsx,2023-24,Coastal,Chehalis R. System,Skookumchuck River,333,Coho,11,2023,16.0
Salmon_Freshwater_Estimates_2023.xlsx,2023-24,Coastal,Chehalis R. System,Wynoochee River,337,Chum,10,2023,49.0
Salmon_Freshwater_Estimates_2023.xlsx,2023-24,Coastal,Chehalis R. System,Wynoochee River,337,Chum,11,2023,49.0
Salmon_Freshwater_Estimates_2023.xlsx,2023-24,Coastal,Chehalis R. System,Wynoochee River,337,Coho,10,2023,146.0
Salmon_Freshwater_Estimates_2023.xlsx,2023-24,Coastal,Chehalis R. System,Wynoochee River,337,Coho,11,2023,98.0
Salmon_Freshwater_Estimates_2023.xlsx,2023-24,Coastal,Chehalis R. System,Wynoochee River,337,Jackcoho,10,2023,65.0
Salmon_Freshwater_Estimates_2023.xlsx,2023-24,Coastal,Copalis R. System,Copalis River,339,Coho,9,2023,161.0
Salmon_Freshwater_Estimates_2023.xlsx,2023-24,Coastal,Copalis R. System,Copalis River,339,Coho,10,2023,161.0
Salmon_Freshwater_Estimates_2023.xlsx,2023-24,Coastal,Copalis R. System,Copalis River,339,Jackcoho,9,2023,20.0
Salmon_Freshwater_Estimates_2023.xlsx,2023-24,Coastal,Hoh R. System,Hoh River above Oxbow Launch,348,Chinook,10,2023,34.0
Salmon_Freshwater_Estimates_2023.xlsx,2023-24,Coastal,Hoh R. System,Hoh River above Oxbow Launch,348,Chinook,11,2023,17.0
Salmon_Freshwater_Estimates_2023.xlsx,2023-24,Coastal,Hoh R. System,Hoh River above Oxbow Launch,348,Coho,10,2023,188.0
Salmon_Freshwater_Estimates_2023.xlsx,2023-24,Coastal,Hoh R. System,Hoh River above Oxbow Launch,348,Coho,11,2023,103.0
Salmon_Freshwater_Estimates_2023.xlsx,2023-24,Coastal,Hoh R. System,Hoh River below Oxbow Launch,350,Chinook,9,2023,103.0
Salmon_Freshwater_Estimates_2023.xlsx,2023-24,Coastal,Hoh R. System,Hoh River below Oxbow Launch,350,Chinook,10,2023,137.0
Salmon_Freshwater_Estimates_2023.xlsx,2023-24,Coastal,Hoh R. System,Hoh River below Oxbow Launch,350,Chinook,11,2023,34.0
Salmon_Freshwater_Estimates_2023.xlsx,2023-24,Coastal,Hoh R. System,Hoh River below Oxbow Launch,350,Pink,9,2023,51.0
Salmon_Freshwater_Estimates_2023.xlsx,2023-24,Coastal,Hoh R. System,Hoh River below Oxbow Launch,350,Coho,8,2023,17.0
Salmon_Freshwater_Estimates_2023.xlsx,2023-24,Coastal,Hoh R. System,Hoh River below Oxbow Launch,350,Coho,9,2023,103.0
Salmon_Freshwater_Estimates_2023.xlsx,2023-24,Coastal,Hoh R. System,Hoh River below Oxbow Launch,350,Coho,10,2023,736.0
Salmon_Freshwater_Estimates_2023.xlsx,2023-24,Coastal,Hoh R. System,Hoh River below Oxbow Launch,350,Coho,11,2023,86.0
Salmon_Freshwater_Estimates_2023.xlsx,2023-24,Coastal,Hoh R. System,Hoh River below Oxbow Launch,350,Jackchin,9,2023,17.0
Salmon_Freshwater_Estimates_2023.xlsx,2023-24,Coastal,Hoh R. System,Hoh River below Oxbow Launch,350,Jackchin,10,2023,34.0
Salmon_Freshwater_Estimates_2023.xlsx,2023-24,Coastal,Hoh R. System,Hoh River below Oxbow Launch,350,Jackcoho,10,2023,34.0
Salmon_Freshwater_Estimates_2023.xlsx,2023-24,Coastal,Hoh R. System,"Hoh River, South Fork",352,Jackchin,10,2023,17.0
Salmon_Freshwater_Estimates_2023.xlsx,2023-24,Coastal,Joe Creek System,Joe Creek,323,Chinook,9,2023,20.0
Salmon_Freshwater_Estimates_2023.xlsx,2023-24,Coastal,Queets R. System,Clearwater River,392,Coho,10,2023,65.0
Salmon_Freshwater_Estimates_2023.xlsx,2023-24,Coastal,Queets R. System,Clearwater River,392,Coho,11,2023,33.0
Salmon_Freshwater_Estimates_2023.xlsx,2023-24,Coastal,Queets R. System,Queets River,394,Chinook,10,2023,33.0
Salmon_Freshwater_Estimates_2023.xlsx,2023-24,Coastal,Queets R. System,Queets River,394,Coho,9,2023,16.0
Salmon_Freshwater_Estimates_2023.xlsx,2023-24,Coastal,Queets R. System,Queets River,394,Coho,10,2023,81.0
Salmon_Freshwater_Estimates_2023.xlsx,2023-24,Coastal,Queets R. System,Salmon River (Jefferson Co),396,Chinook,11,2023,16.0
Salmon_Freshwater_Estimates_2023.xlsx,2023-24,Coastal,Queets R. System,Salmon River (Jefferson Co),396,Coho,9,2023,33.0
Salmon_Freshwater_Estimates_2023.xlsx,2023-24,Coastal,Queets R. System,Salmon River (Jefferson Co),396,Coho,10,2023,49.0
Salmon_Freshwater_Estimates_2023.xlsx,2023-24,Coastal,Quillayute R. System,Bogachiel River,398,Chinook,10,2023,33.0
Salmon_Freshwater_Estimates_2023.xlsx,2023-24,Coastal,Quillayute R. System,Bogachiel River,398,Chinook,11,2023,49.0
Salmon_Freshwater_Estimates_2023.xlsx,2023-24,Coastal,Quillayute R. System,Bogachiel River,398,Coho,10,2023,65.0
Salmon_Freshwater_Estimates_2023.xlsx,2023-24,Coastal,Quillayute R. System,Bogachiel River,398,Coho,11,2023,16.0
Salmon_Freshwater_Estimates_2023.xlsx,2023-24,Coastal,Quillayute R. System,Bogachiel River,398,Jackchin,10,2023,33.0
Salmon_Freshwater_Estimates_2023.xlsx,2023-24,Coastal,Quillayute R. System,Calawah River,400,Coho,10,2023,16.0
Salmon_Freshwater_Estimates_2023.xlsx,2023-24,Coastal,Quillayute R. System,Calawah River,400,Coho,11,2023,16.0
Salmon_Freshwater_Estimates_2023.xlsx,2023-24,Coastal,Quillayute R. System,Dickey River (Clallam Co),402,Coho,10,2023,82.0
Salmon_Freshwater_Estimates_2023.xlsx,2023-24,Coastal,Quillayute R. System,Dickey River (Clallam Co),402,Coho,11,2023,16.0
Salmon_Freshwater_Estimates_2023.xlsx,2023-24,Coastal,Quillayute R. System,Dickey River (Clallam Co),402,Jackchin,11,2023,16.0
Salmon_Freshwater_Estimates_2023.xlsx,2023-24,Coastal,Quillayute R. System,Dickey River (Clallam Co),402,Jackcoho,11,2023,16.0
Salmon_Freshwater_Estimates_2023.xlsx,2023-24,Coastal,Quillayute R. System,Quillayute River,404,Chinook,10,2023,325.0
Salmon_Freshwater_Estimates_2023.xlsx,2023-24,Coastal,Quillayute R. System,Quillayute River,404,Chinook,11,2023,34.0
Salmon_Freshwater_Estimates_2023.xlsx,2023-24,Coastal,Quillayute R. System,Quillayute River,404,Coho,9,2023,16.0
Salmon_Freshwater_Estimates_2023.xlsx,2023-24,Coastal,Quillayute R. System,Quillayute River,404,Coho,10,2023,588.0
Salmon_Freshwater_Estimates_2023.xlsx,2023-24,Coastal,Quillayute R. System,Quillayute River,404,Coho,11,2023,49.0
Salmon_Freshwater_Estimates_2023.xlsx,2023-24,Coastal,Quillayute R. System,Quillayute River,404,Jackchin,5,2023,16.0
Salmon_Freshwater_Estimates_2023.xlsx,2023-24,Coastal,Quillayute R. System,Quillayute River,404,Jackchin,10,2023,33.0
Salmon_Freshwater_Estimates_2023.xlsx,2023-24,Coastal,Quillayute R. System,Quillayute River,404,Jackcoho,9,2023,49.0
Salmon_Freshwater_Estimates_2023.xlsx,2023-24,Coastal,Quillayute R. System,Quillayute River,404,Jackcoho,10,2023,245.0
Salmon_Freshwater_Estimates_2023.xlsx,2023-24,Coastal,Quillayute R. System,Quillayute River,404,Jackcoho,11,2023,33.0
Salmon_Freshwater_Estimates_2023.xlsx,2023-24,Coastal,Quillayute R. System,Sol Duc River,406,Chinook,5,2023,82.0
Salmon_Freshwater_Estimates_2023.xlsx,2023-24,Coastal,Quillayute R. System,Sol Duc River,406,Chinook,6,2023,82.0
Salmon_Freshwater_Estimates_2023.xlsx,2023-24,Coastal,Quillayute R. System,Sol Duc River,406,Chinook,7,2023,16.0
Salmon_Freshwater_Estimates_2023.xlsx,2023-24,Coastal,Quillayute R. System,Sol Duc River,406,Chinook,10,2023,65.0
Salmon_Freshwater_Estimates_2023.xlsx,2023-24,Coastal,Quillayute R. System,Sol Duc River,406,Coho,6,2023,49.0
Salmon_Freshwater_Estimates_2023.xlsx,2023-24,Coastal,Quillayute R. System,Sol Duc River,406,Coho,9,2023,16.0
Salmon_Freshwater_Estimates_2023.xlsx,2023-24,Coastal,Quillayute R. System,Sol Duc River,406,Coho,10,2023,98.0
Salmon_Freshwater_Estimates_2023.xlsx,2023-24,Coastal,Quillayute R. System,Sol Duc River,406,Coho,11,2023,212.0
Salmon_Freshwater_Estimates_2023.xlsx,2023-24,Coastal,Quillayute R. System,Sol Duc River,406,Jackchin,6,2023,16.0
Salmon_Freshwater_Estimates_2023.xlsx,2023-24,Coastal,Quillayute R. System,Sol Duc River,406,Jackchin,7,2023,16.0
Salmon_Freshwater_Estimates_2023.xlsx,2023-24,Coastal,Quillayute R. System,Sol Duc River,406,Jackchin,10,2023,16.0
Salmon_Freshwater_Estimates_2023.xlsx,2023-24,Coastal,Quillayute R. System,Sol Duc River,406,Jackcoho,6,2023,16.0
Salmon_Freshwater_Estimates_2023.xlsx,2023-24,Coastal,Quillayute R. System,Sol Duc River,406,Jackcoho,9,2023,16.0
Salmon_Freshwater_Estimates_2023.xlsx,2023-24,Coastal,Quillayute R. System,Sol Duc River,406,Jackcoho,10,2023,49.0
Salmon_Freshwater_Estimates_2023.xlsx,2023-24,Coastal,Quinault R. System,Cook Creek,408,Coho,10,2023,20.0
Salmon_Freshwater_Estimates_2023.xlsx,2023-24,Coastal,Quinault R. System,Quinault River,410,Chinook,9,2023,20.0
Salmon_Freshwater_Estimates_2023.xlsx,2023-24,Coastal,Quinault R. System,Quinault River,410,Chinook,10,2023,20.0
Salmon_Freshwater_Estimates_2023.xlsx,2023-24,Coastal,Quinault R. System,Quinault River,410,Chum,10,2023,20.0
Salmon_Freshwater_Estimates_2023.xlsx,2023-24,Coastal,Quinault R. System,Quinault River,410,Chum,11,2023,40.0
Salmon_Freshwater_Estimates_2023.xlsx,2023-24,Coastal,Quinault R. System,Quinault River,410,Coho,11,2023,40.0
Salmon_Freshwater_Estimates_2023.xlsx,2023-24,Coastal,Sooes R. System,Sooes River (Clallam Co.),418,Chinook,10,2023,20.0
Salmon_Freshwater_Estimates_2023.xlsx,2023-24,Coastal,Willapa Bay,Bear River (Pacific Co),305,Chinook,10,2023,17.0
Salmon_Freshwater_Estimates_2023.xlsx,2023-24,Coastal,Willapa Bay,Naselle River,375,Chinook,8,2023,208.0
Salmon_Freshwater_Estimates_2023.xlsx,2023-24,Coastal,Willapa Bay,Naselle River,375,Chinook,9,2023,362.0
Salmon_Freshwater_Estimates_2023.xlsx,2023-24,Coastal,Willapa Bay,Naselle River,375,Chinook,10,2023,104.0
Salmon_Freshwater_Estimates_2023.xlsx,2023-24,Coastal,Willapa Bay,Naselle River,375,Chum,10,2023,186.0
Salmon_Freshwater_Estimates_2023.xlsx,2023-24,Coastal,Willapa Bay,Naselle River,375,Coho,8,2023,17.0
Salmon_Freshwater_Estimates_2023.xlsx,2023-24,Coastal,Willapa Bay,Naselle River,375,Coho,9,2023,35.0
Salmon_Freshwater_Estimates_2023.xlsx,2023-24,Coastal,Willapa Bay,Naselle River,375,Coho,10,2023,794.0
Salmon_Freshwater_Estimates_2023.xlsx,2023-24,Coastal,Willapa Bay,Naselle River,375,Coho,11,2023,659.0
Salmon_Freshwater_Estimates_2023.xlsx,2023-24,Coastal,Willapa Bay,Naselle River,375,Coho,12,2023,203.0
Salmon_Freshwater_Estimates_2023.xlsx,2023-24,Coastal,Willapa Bay,Naselle River,375,Coho,1,2024,34.0
Salmon_Freshwater_Estimates_2023.xlsx,2023-24,Coastal,Willapa Bay,Naselle River,375,Jackchin,9,2023,51.0
Salmon_Freshwater_Estimates_2023.xlsx,2023-24,Coastal,Willapa Bay,Naselle River,375,Jackcoho,10,2023,473.0
Salmon_Freshwater_Estimates_2023.xlsx,2023-24,Coastal,Willapa Bay,"Nemah River, North (below Nemah Hatchery), Middle and South",379,Chinook,8,2023,73.0
Salmon_Freshwater_Estimates_2023.xlsx,2023-24,Coastal,Willapa Bay,"Nemah River, North (below Nemah Hatchery), Middle and South",379,Chinook,9,2023,788.0
Salmon_Freshwater_Estimates_2023.xlsx,2023-24,Coastal,Willapa Bay,"Nemah River, North (below Nemah Hatchery), Middle and South",379,Chum,10,2023,84.0
Salmon_Freshwater_Estimates_2023.xlsx,2023-24,Coastal,Willapa Bay,"Nemah River, North (below Nemah Hatchery), Middle and South",379,Jackchin,8,2023,17.0
Salmon_Freshwater_Estimates_2023.xlsx,2023-24,Coastal,Willapa Bay,"Nemah River, North (below Nemah Hatchery), Middle and South",379,Jackchin,9,2023,17.0
Salmon_Freshwater_Estimates_2023.xlsx,2023-24,Coastal,Willapa Bay,North River,382,Chum,10,2023,34.0
Salmon_Freshwater_Estimates_2023.xlsx,2023-24,Coastal,Willapa Bay,North River,382,Chum,11,2023,17.0
Salmon_Freshwater_Estimates_2023.xlsx,2023-24,Coastal,Willapa Bay,North River,382,Coho,10,2023,51.0
Salmon_Freshwater_Estimates_2023.xlsx,2023-24,Coastal,Willapa Bay,North River,382,Jackcoho,10,2023,253.0
Salmon_Freshwater_Estimates_2023.xlsx,2023-24,Coastal,Willapa Bay,Smith Creek (Pacific Co),384,Coho,10,2023,51.0
Salmon_Freshwater_Estimates_2023.xlsx,2023-24,Coastal,Willapa Bay,Smith Creek (Pacific Co),384,Jackcoho,10,2023,68.0
Salmon_Freshwater_Estimates_2023.xlsx,2023-24,Coastal,Willapa Bay,Willapa River,424,Chinook,9,2023,101.0
Salmon_Freshwater_Estimates_2023.xlsx,2023-24,Coastal,Willapa Bay,Willapa River,424,Chinook,10,2023,405.0
Salmon_Freshwater_Estimates_2023.xlsx,2023-24,Coastal,Willapa Bay,Willapa River,424,Chinook,11,2023,135.0
Salmon_Freshwater_Estimates_2023.xlsx,2023-24,Coastal,Willapa Bay,Willapa River,424,Chinook,12,2023,68.0
Salmon_Freshwater_Estimates_2023.xlsx,2023-24,Coastal,Willapa Bay,Willapa River,424,Chum,11,2023,34.0
Salmon_Freshwater_Estimates_2023.xlsx,2023-24,Coastal,Willapa Bay,Willapa River,424,Coho,9,2023,329.0
Salmon_Freshwater_Estimates_2023.xlsx,2023-24,Coastal,Willapa Bay,Willapa River,424,Coho,10,2023,561.0
Salmon_Freshwater_Estimates_2023.xlsx,2023-24,Coastal,Willapa Bay,Willapa River,424,Coho,11,2023,600.0
Salmon_Freshwater_Estimates_2023.xlsx,2023-24,Coastal,Willapa Bay,Willapa River,424,Coho,12,2023,464.0
Salmon_Freshwater_Estimates_2023.xlsx,2023-24,Coastal,Willapa Bay,Willapa River,424,Coho,1,2024,39.0
Salmon_Freshwater_Estimates_2023.xlsx,2023-24,Coastal,Willapa Bay,Willapa River,424,Jackchin,9,2023,34.0
Salmon_Freshwater_Estimates_2023.xlsx,2023-24,Coastal,Willapa Bay,Willapa River,424,Jackchin,10,2023,51.0
Salmon_Freshwater_Estimates_2023.xlsx,2023-24,Coastal,Willapa Bay,Willapa River,424,Jackcoho,9,2023,101.0
Salmon_Freshwater_Estimates_2023.xlsx,2023-24,Coastal,Willapa Bay,Willapa River,424,Jackcoho,10,2023,186.0
Salmon_Freshwater_Estimates_2023.xlsx,2023-24,Columbia - Lower,Columbia R. Mainstem,B10 Line - Rocky Pt - Tongue Pt Line,519,Chinook,5,2023,17.0
Salmon_Freshwater_Estimates_2023.xlsx,2023-24,Columbia - Lower,Columbia R. Mainstem,B10 Line - Rocky Pt - Tongue Pt Line,519,Chinook,7,2023,33.0
Salmon_Freshwater_Estimates_2023.xlsx,2023-24,Columbia - Lower,Columbia R. Mainstem,B10 Line - Rocky Pt - Tongue Pt Line,519,Chinook,8,2023,4809.0
Salmon_Freshwater_Estimates_2023.xlsx,2023-24,Columbia - Lower,Columbia R. Mainstem,B10 Line - Rocky Pt - Tongue Pt Line,519,Chinook,9,2023,1034.0
Salmon_Freshwater_Estimates_2023.xlsx,2023-24,Columbia - Lower,Columbia R. Mainstem,B10 Line - Rocky Pt - Tongue Pt Line,519,Chinook,10,2023,33.0
Salmon_Freshwater_Estimates_2023.xlsx,2023-24,Columbia - Lower,Columbia R. Mainstem,B10 Line - Rocky Pt - Tongue Pt Line,519,Chinook,11,2023,17.0
Salmon_Freshwater_Estimates_2023.xlsx,2023-24,Columbia - Lower,Columbia R. Mainstem,B10 Line - Rocky Pt - Tongue Pt Line,519,Pink,8,2023,66.0
Salmon_Freshwater_Estimates_2023.xlsx,2023-24,Columbia - Lower,Columbia R. Mainstem,B10 Line - Rocky Pt - Tongue Pt Line,519,Coho,6,2023,17.0
Salmon_Freshwater_Estimates_2023.xlsx,2023-24,Columbia - Lower,Columbia R. Mainstem,B10 Line - Rocky Pt - Tongue Pt Line,519,Coho,8,2023,1425.0
Salmon_Freshwater_Estimates_2023.xlsx,2023-24,Columbia - Lower,Columbia R. Mainstem,B10 Line - Rocky Pt - Tongue Pt Line,519,Coho,9,2023,2459.0
Salmon_Freshwater_Estimates_2023.xlsx,2023-24,Columbia - Lower,Columbia R. Mainstem,B10 Line - Rocky Pt - Tongue Pt Line,519,Coho,10,2023,166.0
Salmon_Freshwater_Estimates_2023.xlsx,2023-24,Columbia - Lower,Columbia R. Mainstem,B10 Line - Rocky Pt - Tongue Pt Line,519,Sockeye,8,2023,33.0
Salmon_Freshwater_Estimates_2023.xlsx,2023-24,Columbia - Lower,Columbia R. Mainstem,B10 Line - Rocky Pt - Tongue Pt Line,519,Jackchin,8,2023,66.0
Salmon_Freshwater_Estimates_2023.xlsx,2023-24,Columbia - Lower,Columbia R. Mainstem,B10 Line - Rocky Pt - Tongue Pt Line,519,Jackcoho,9,2023,49.0
Salmon_Freshwater_Estimates_2023.xlsx,2023-24,Columbia - Lower,Columbia R. Mainstem,Columbia - below Bonneville,521,Chinook,4,2023,1329.0
Salmon_Freshwater_Estimates_2023.xlsx,2023-24,Columbia - Lower,Columbia R. Mainstem,Columbia - below Bonneville,521,Chinook,5,2023,863.0
Salmon_Freshwater_Estimates_2023.xlsx,2023-24,Columbia - Lower,Columbia R. Mainstem,Columbia - below Bonneville,521,Chinook,6,2023,1113.0
Salmon_Freshwater_Estimates_2023.xlsx,2023-24,Columbia - Lower,Columbia R. Mainstem,Columbia - below Bonneville,521,Chinook,7,2023,505.0
Salmon_Freshwater_Estimates_2023.xlsx,2023-24,Columbia - Lower,Columbia R. Mainstem,Columbia - below Bonneville,521,Chinook,8,2023,3936.0
Salmon_Freshwater_Estimates_2023.xlsx,2023-24,Columbia - Lower,Columbia R. Mainstem,Columbia - below Bonneville,521,Chinook,9,2023,18901.0
Salmon_Freshwater_Estimates_2023.xlsx,2023-24,Columbia - Lower,Columbia R. Mainstem,Columbia - below Bonneville,521,Chinook,10,2023,2126.0
Salmon_Freshwater_Estimates_2023.xlsx,2023-24,Columbia - Lower,Columbia R. Mainstem,Columbia - below Bonneville,521,Chinook,11,2023,17.0
Salmon_Freshwater_Estimates_2023.xlsx,2023-24,Columbia - Lower,Columbia R. Mainstem,Columbia - below Bonneville,521,Chinook,3,2024,464.0
Salmon_Freshwater_Estimates_2023.xlsx,2023-24,Columbia - Lower,Columbia R. Mainstem,Columbia - below Bonneville,521,Chum,9,2023,16.0
Salmon_Freshwater_Estimates_2023.xlsx,2023-24,Columbia - Lower,Columbia R. Mainstem,Columbia - below Bonneville,521,Pink,10,2023,16.0
Salmon_Freshwater_Estimates_2023.xlsx,2023-24,Columbia - Lower,Columbia R. Mainstem,Columbia - below Bonneville,521,Coho,8,2023,254.0
Salmon_Freshwater_Estimates_2023.xlsx,2023-24,Columbia - Lower,Columbia R. Mainstem,Columbia - below Bonneville,521,Coho,9,2023,2345.0
Salmon_Freshwater_Estimates_2023.xlsx,2023-24,Columbia - Lower,Columbia R. Mainstem,Columbia - below Bonneville,521,Coho,10,2023,1415.0
Salmon_Freshwater_Estimates_2023.xlsx,2023-24,Columbia - Lower,Columbia R. Mainstem,Columbia - below Bonneville,521,Coho,3,2024,17.0
Salmon_Freshwater_Estimates_2023.xlsx,2023-24,Columbia - Lower,Columbia R. Mainstem,Columbia - below Bonneville,521,Sockeye,6,2023,509.0
Salmon_Freshwater_Estimates_2023.xlsx,2023-24,Columbia - Lower,Columbia R. Mainstem,Columbia - below Bonneville,521,Sockeye,7,2023,766.0
Salmon_Freshwater_Estimates_2023.xlsx,2023-24,Columbia - Lower,Columbia R. Mainstem,Columbia - below Bonneville,521,Jackchin,4,2023,17.0
Salmon_Freshwater_Estimates_2023.xlsx,2023-24,Columbia - Lower,Columbia R. Mainstem,Columbia - below Bonneville,521,Jackchin,5,2023,165.0
Salmon_Freshwater_Estimates_2023.xlsx,2023-24,Columbia - Lower,Columbia R. Mainstem,Columbia - below Bonneville,521,Jackchin,6,2023,116.0
Salmon_Freshwater_Estimates_2023.xlsx,2023-24,Columbia - Lower,Columbia R. Mainstem,Columbia - below Bonneville,521,Jackchin,7,2023,17.0
Salmon_Freshwater_Estimates_2023.xlsx,2023-24,Columbia - Lower,Columbia R. Mainstem,Columbia - below Bonneville,521,Jackchin,8,2023,331.0
Salmon_Freshwater_Estimates_2023.xlsx,2023-24,Columbia - Lower,Columbia R. Mainstem,Columbia - below Bonneville,521,Jackchin,9,2023,1488.0
Salmon_Freshwater_Estimates_2023.xlsx,2023-24,Columbia - Lower,Columbia R. Mainstem,Columbia - below Bonneville,521,Jackchin,10,2023,480.0
Salmon_Freshwater_Estimates_2023.xlsx,2023-24,Columbia - Lower,Columbia R. Mainstem,Columbia - below Bonneville,521,Jackcoho,5,2023,33.0
Salmon_Freshwater_Estimates_2023.xlsx,2023-24,Columbia - Lower,Columbia R. Mainstem,Columbia - below Bonneville,521,Jackcoho,8,2023,16.0
Salmon_Freshwater_Estimates_2023.xlsx,2023-24,Columbia - Lower,Columbia R. Mainstem,Columbia - below Bonneville,521,Jackcoho,9,2023,345.0
Salmon_Freshwater_Estimates_2023.xlsx,2023-24,Columbia - Lower,Columbia R. Mainstem,Columbia - below Bonneville,521,Jackcoho,10,2023,345.0
Salmon_Freshwater_Estimates_2023.xlsx,2023-24,Columbia - Lower,Cowlitz R. System,Cispus River,555,Chinook,9,2023,16.0
Salmon_Freshwater_Estimates_2023.xlsx,2023-24,Columbia - Lower,Cowlitz R. System,Cowlitz R. below Mayfield Dam,561,Chinook,4,2023,365.0
Salmon_Freshwater_Estimates_2023.xlsx,2023-24,Columbia - Lower,Cowlitz R. System,Cowlitz R. below Mayfield Dam,561,Chinook,5,2023,398.0
Salmon_Freshwater_Estimates_2023.xlsx,2023-24,Columbia - Lower,Cowlitz R. System,Cowlitz R. below Mayfield Dam,561,Chinook,6,2023,232.0
Salmon_Freshwater_Estimates_2023.xlsx,2023-24,Columbia - Lower,Cowlitz R. System,Cowlitz R. below Mayfield Dam,561,Chinook,7,2023,100.0
Salmon_Freshwater_Estimates_2023.xlsx,2023-24,Columbia - Lower,Cowlitz R. System,Cowlitz R. below Mayfield Dam,561,Chinook,9,2023,17.0
Salmon_Freshwater_Estimates_2023.xlsx,2023-24,Columbia - Lower,Cowlitz R. System,Cowlitz R. below Mayfield Dam,561,Pink,8,2023,16.0
Salmon_Freshwater_Estimates_2023.xlsx,2023-24,Columbia - Lower,Cowlitz R. System,Cowlitz R. below Mayfield Dam,561,Coho,8,2023,33.0
Salmon_Freshwater_Estimates_2023.xlsx,2023-24,Columbia - Lower,Cowlitz R. System,Cowlitz R. below Mayfield Dam,561,Coho,9,2023,778.0
Salmon_Freshwater_Estimates_2023.xlsx,2023-24,Columbia - Lower,Cowlitz R. System,Cowlitz R. below Mayfield Dam,561,Coho,10,2023,1474.0
Salmon_Freshwater_Estimates_2023.xlsx,2023-24,Columbia - Lower,Cowlitz R. System,Cowlitz R. below Mayfield Dam,561,Coho,11,2023,132.0
Salmon_Freshwater_Estimates_2023.xlsx,2023-24,Columbia - Lower,Cowlitz R. System,Cowlitz R. below Mayfield Dam,561,Coho,12,2023,149.0
Salmon_Freshwater_Estimates_2023.xlsx,2023-24,Columbia - Lower,Cowlitz R. System,Cowlitz R. below Mayfield Dam,561,Sockeye,6,2023,16.0
Salmon_Freshwater_Estimates_2023.xlsx,2023-24,Columbia - Lower,Cowlitz R. System,Cowlitz R. below Mayfield Dam,561,Sockeye,7,2023,33.0
Salmon_Freshwater_Estimates_2023.xlsx,2023-24,Columbia - Lower,Cowlitz R. System,Cowlitz R. below Mayfield Dam,561,Jackchin,5,2023,65.0
Salmon_Freshwater_Estimates_2023.xlsx,2023-24,Columbia - Lower,Cowlitz R. System,Cowlitz R. below Mayfield Dam,561,Jackchin,6,2023,33.0
Salmon_Freshwater_Estimates_2023.xlsx,2023-24,Columbia - Lower,Cowlitz R. System,Cowlitz R. below Mayfield Dam,561,Jackchin,7,2023,16.0
Salmon_Freshwater_Estimates_2023.xlsx,2023-24,Columbia - Lower,Cowlitz R. System,Cowlitz R. below Mayfield Dam,561,Jackchin,8,2023,16.0
Salmon_Freshwater_Estimates_2023.xlsx,2023-24,Columbia - Lower,Cowlitz R. System,Cowlitz R. below Mayfield Dam,561,Jackchin,9,2023,16.0
Salmon_Freshwater_Estimates_2023.xlsx,2023-24,Columbia - Lower,Cowlitz R. System,Cowlitz R. below Mayfield Dam,561,Jackcoho,9,2023,712.0
Salmon_Freshwater_Estimates_2023.xlsx,2023-24,Columbia - Lower,Cowlitz R. System,Cowlitz R. below Mayfield Dam,561,Jackcoho,10,2023,1870.0
Salmon_Freshwater_Estimates_2023.xlsx,2023-24,Columbia - Lower,Cowlitz R. System,Cowlitz R. below Mayfield Dam,561,Jackcoho,11,2023,66.0
Salmon_Freshwater_Estimates_2023.xlsx,2023-24,Columbia - Lower,Cowlitz R. System,Cowlitz R. below Mayfield Dam,561,Jackcoho,12,2023,17.0
Salmon_Freshwater_Estimates_2023.xlsx,2023-24,Columbia - Lower,Cowlitz R. System,Cowlitz R. between Mayfield & Cowlitz Falls Dams,563,Jackcoho,10,2023,16.0
Salmon_Freshwater_Estimates_2023.xlsx,2023-24,Columbia - Lower,Cowlitz R. System,Cowlitz R. above Cowlitz Falls Dam,559,Chinook,5,2023,36.0
Salmon_Freshwater_Estimates_2023.xlsx,2023-24,Columbia - Lower,Cowlitz R. System,Cowlitz R. above Cowlitz Falls Dam,559,Chinook,6,2023,18.0
Salmon_Freshwater_Estimates_2023.xlsx,2023-24,Columbia - Lower,Cowlitz R. System,Cowlitz R. above Cowlitz Falls Dam,559,Chinook,7,2023,36.0
Salmon_Freshwater_Estimates_2023.xlsx,2023-24,Columbia - Lower,Cowlitz R. System,Cowlitz R. above Cowlitz Falls Dam,559,Chinook,8,2023,36.0
Salmon_Freshwater_Estimates_2023.xlsx,2023-24,Columbia - Lower,Cowlitz R. System,Cowlitz R. above Cowlitz Falls Dam,559,Chinook,10,2023,54.0
Salmon_Freshwater_Estimates_2023.xlsx,2023-24,Columbia - Lower,Cowlitz R. System,Cowlitz R. above Cowlitz Falls Dam,559,Coho,9,2023,33.0
Salmon_Freshwater_Estimates_2023.xlsx,2023-24,Columbia - Lower,Cowlitz R. System,Cowlitz R. above Cowlitz Falls Dam,559,Coho,10,2023,719.0
Salmon_Freshwater_Estimates_2023.xlsx,2023-24,Columbia - Lower,Cowlitz R. System,Cowlitz R. above Cowlitz Falls Dam,559,Coho,11,2023,212.0
Salmon_Freshwater_Estimates_2023.xlsx,2023-24,Columbia - Lower,Cowlitz R. System,Cowlitz R. above Cowlitz Falls Dam,559,Jackchin,6,2023,33.0
Salmon_Freshwater_Estimates_2023.xlsx,2023-24,Columbia - Lower,Cowlitz R. System,Cowlitz R. above Cowlitz Falls Dam,559,Jackcoho,9,2023,16.0
Salmon_Freshwater_Estimates_2023.xlsx,2023-24,Columbia - Lower,Cowlitz R. System,Cowlitz R. above Cowlitz Falls Dam,559,Jackcoho,10,2023,817.0
Salmon_Freshwater_Estimates_2023.xlsx,2023-24,Columbia - Lower,Cowlitz R. System,Cowlitz R. above Cowlitz Falls Dam,559,Jackcoho,11,2023,360.0
Salmon_Freshwater_Estimates_2023.xlsx,2023-24,Columbia - Lower,Cowlitz R. System,Green River (Cowlitz Co.) above Toutle Hatchery,566,Sockeye,7,2023,33.0
Salmon_Freshwater_Estimates_2023.xlsx,2023-24,Columbia - Lower,Cowlitz R. System,Green River (Cowlitz Co.) below Toutle Hatchery,565,Chinook,7,2023,33.0
Salmon_Freshwater_Estimates_2023.xlsx,2023-24,Columbia - Lower,Cowlitz R. System,Green River (Cowlitz Co.) below Toutle Hatchery,565,Coho,10,2023,147.0
Salmon_Freshwater_Estimates_2023.xlsx,2023-24,Columbia - Lower,Cowlitz R. System,Tilton River,571,Coho,9,2023,507.0
Salmon_Freshwater_Estimates_2023.xlsx,2023-24,Columbia - Lower,Cowlitz R. System,Tilton River,571,Coho,10,2023,1291.0
Salmon_Freshwater_Estimates_2023.xlsx,2023-24,Columbia - Lower,Cowlitz R. System,Tilton River,571,Coho,11,2023,539.0
Salmon_Freshwater_Estimates_2023.xlsx,2023-24,Columbia - Lower,Cowlitz R. System,Tilton River,571,Coho,12,2023,98.0
Salmon_Freshwater_Estimates_2023.xlsx,2023-24,Columbia - Lower,Cowlitz R. System,Tilton River,571,Jackchin,11,2023,33.0
Salmon_Freshwater_Estimates_2023.xlsx,2023-24,Columbia - Lower,Cowlitz R. System,Tilton River,571,Jackcoho,9,2023,49.0
Salmon_Freshwater_Estimates_2023.xlsx,2023-24,Columbia - Lower,Cowlitz R. System,Tilton River,571,Jackcoho,10,2023,212.0
Salmon_Freshwater_Estimates_2023.xlsx,2023-24,Columbia - Lower,Cowlitz R. System,Tilton River,571,Jackcoho,11,2023,82.0
Salmon_Freshwater_Estimates_2023.xlsx,2023-24,Columbia - Lower,Cowlitz R. System,Tilton River,571,Jackcoho,12,2023,33.0
Salmon_Freshwater_Estimates_2023.xlsx,2023-24,Columbia - Lower,Cowlitz R. System,Toutle River,573,Chinook,6,2023,16.0
Salmon_Freshwater_Estimates_2023.xlsx,2023-24,Columbia - Lower,Cowlitz R. System,Toutle River,573,Chinook,9,2023,16.0
Salmon_Freshwater_Estimates_2023.xlsx,2023-24,Columbia - Lower,Cowlitz R. System,"Toutle River, No Fork",575,Chinook,9,2023,327.0
Salmon_Freshwater_Estimates_2023.xlsx,2023-24,Columbia - Lower,Cowlitz R. System,"Toutle River, No Fork",575,Chinook,10,2023,49.0
Salmon_Freshwater_Estimates_2023.xlsx,2023-24,Columbia - Lower,Cowlitz R. System,"Toutle River, No Fork",575,Coho,9,2023,33.0
Salmon_Freshwater_Estimates_2023.xlsx,2023-24,Columbia - Lower,Cowlitz R. System,"Toutle River, No Fork",575,Coho,10,2023,736.0
Salmon_Freshwater_Estimates_2023.xlsx,2023-24,Columbia - Lower,Cowlitz R. System,"Toutle River, No Fork",575,Jackchin,9,2023,82.0
Salmon_Freshwater_Estimates_2023.xlsx,2023-24,Columbia - Lower,Cowlitz R. System,"Toutle River, No Fork",575,Jackcoho,9,2023,33.0
Salmon_Freshwater_Estimates_2023.xlsx,2023-24,Columbia - Lower,Cowlitz R. System,"Toutle River, No Fork",575,Jackcoho,10,2023,16.0
Salmon_Freshwater_Estimates_2023.xlsx,2023-24,Columbia - Lower,Lewis R. System,Lewis River,611,Chinook,4,2023,117.0
Salmon_Freshwater_Estimates_2023.xlsx,2023-24,Columbia - Lower,Lewis R. System,Lewis River,611,Chinook,5,2023,50.0
Salmon_Freshwater_Estimates_2023.xlsx,2023-24,Columbia - Lower,Lewis R. System,Lewis River,611,Chinook,6,2023,50.0
Salmon_Freshwater_Estimates_2023.xlsx,2023-24,Columbia - Lower,Lewis R. System,Lewis River,611,Chinook,7,2023,335.0
Salmon_Freshwater_Estimates_2023.xlsx,2023-24,Columbia - Lower,Lewis R. System,Lewis River,611,Chinook,8,2023,33.0
Salmon_Freshwater_Estimates_2023.xlsx,2023-24,Columbia - Lower,Lewis R. System,Lewis River,611,Chinook,9,2023,184.0
Salmon_Freshwater_Estimates_2023.xlsx,2023-24,Columbia - Lower,Lewis R. System,Lewis River,611,Chinook,10,2023,17.0
Salmon_Freshwater_Estimates_2023.xlsx,2023-24,Columbia - Lower,Lewis R. System,Lewis River,611,Coho,9,2023,151.0
Salmon_Freshwater_Estimates_2023.xlsx,2023-24,Columbia - Lower,Lewis R. System,Lewis River,611,Coho,10,2023,100.0
Salmon_Freshwater_Estimates_2023.xlsx,2023-24,Columbia - Lower,Lewis R. System,Lewis River,611,Sockeye,7,2023,17.0
Salmon_Freshwater_Estimates_2023.xlsx,2023-24,Columbia - Lower,Lewis R. System,Lewis River,611,Jackchin,4,2023,17.0
Salmon_Freshwater_Estimates_2023.xlsx,2023-24,Columbia - Lower,Lewis R. System,Lewis River,611,Jackchin,7,2023,17.0
Salmon_Freshwater_Estimates_2023.xlsx,2023-24,Columbia - Lower,Lewis R. System,Lewis River,611,Jackchin,8,2023,33.0
Salmon_Freshwater_Estimates_2023.xlsx,2023-24,Columbia - Lower,Lewis R. System,Lewis River,611,Jackchin,9,2023,33.0
Salmon_Freshwater_Estimates_2023.xlsx,2023-24,Columbia - Lower,Lewis R. System,Lewis River,611,Jackchin,10,2023,17.0
Salmon_Freshwater_Estimates_2023.xlsx,2023-24,Columbia - Lower,Lewis R. System,Lewis River,611,Jackcoho,10,2023,33.0
Salmon_Freshwater_Estimates_2023.xlsx,2023-24,Columbia - Lower,Lewis R. System,"Lewis River, North Fork",615,Chinook,4,2023,301.0
Salmon_Freshwater_Estimates_2023.xlsx,2023-24,Columbia - Lower,Lewis R. System,"Lewis River, North Fork",615,Chinook,5,2023,50.0
Salmon_Freshwater_Estimates_2023.xlsx,2023-24,Columbia - Lower,Lewis R. System,"Lewis River, North Fork",615,Chinook,6,2023,184.0
Salmon_Freshwater_Estimates_2023.xlsx,2023-24,Columbia - Lower,Lewis R. System,"Lewis River, North Fork",615,Chinook,7,2023,50.0
Salmon_Freshwater_Estimates_2023.xlsx,2023-24,Columbia - Lower,Lewis R. System,"Lewis River, North Fork",615,Chinook,8,2023,251.0
Salmon_Freshwater_Estimates_2023.xlsx,2023-24,Columbia - Lower,Lewis R. System,"Lewis River, North Fork",615,Chinook,9,2023,307.0
Salmon_Freshwater_Estimates_2023.xlsx,2023-24,Columbia - Lower,Lewis R. System,"Lewis River, North Fork",615,Chinook,10,2023,219.0
Salmon_Freshwater_Estimates_2023.xlsx,2023-24,Columbia - Lower,Lewis R. System,"Lewis River, North Fork",615,Chinook,11,2023,33.0
Salmon_Freshwater_Estimates_2023.xlsx,2023-24,Columbia - Lower,Lewis R. System,"Lewis River, North Fork",615,Chinook,3,2024,167.0
Salmon_Freshwater_Estimates_2023.xlsx,2023-24,Columbia - Lower,Lewis R. System,"Lewis River, North Fork",615,Pink,9,2023,18.0
Salmon_Freshwater_Estimates_2023.xlsx,2023-24,Columbia - Lower,Lewis R. System,"Lewis River, North Fork",615,Pink,10,2023,51.0
Salmon_Freshwater_Estimates_2023.xlsx,2023-24,Columbia - Lower,Lewis R. System,"Lewis River, North Fork",615,Coho,8,2023,34.0
Salmon_Freshwater_Estimates_2023.xlsx,2023-24,Columbia - Lower,Lewis R. System,"Lewis River, North Fork",615,Coho,9,2023,2923.0
Salmon_Freshwater_Estimates_2023.xlsx,2023-24,Columbia - Lower,Lewis R. System,"Lewis River, North Fork",615,Coho,10,2023,2239.0
Salmon_Freshwater_Estimates_2023.xlsx,2023-24,Columbia - Lower,Lewis R. System,"Lewis River, North Fork",615,Coho,11,2023,354.0
Salmon_Freshwater_Estimates_2023.xlsx,2023-24,Columbia - Lower,Lewis R. System,"Lewis River, North Fork",615,Coho,12,2023,34.0
Salmon_Freshwater_Estimates_2023.xlsx,2023-24,Columbia - Lower,Lewis R. System,"Lewis River, North Fork",615,Jackchin,4,2023,17.0
Salmon_Freshwater_Estimates_2023.xlsx,2023-24,Columbia - Lower,Lewis R. System,"Lewis River, North Fork",615,Jackchin,6,2023,105.0
Salmon_Freshwater_Estimates_2023.xlsx,2023-24,Columbia - Lower,Lewis R. System,"Lewis River, North Fork",615,Jackchin,8,2023,17.0
Salmon_Freshwater_Estimates_2023.xlsx,2023-24,Columbia - Lower,Lewis R. System,"Lewis River, North Fork",615,Jackchin,9,2023,227.0
Salmon_Freshwater_Estimates_2023.xlsx,2023-24,Columbia - Lower,Lewis R. System,"Lewis River, North Fork",615,Jackchin,10,2023,52.0
Salmon_Freshwater_Estimates_2023.xlsx,2023-24,Columbia - Lower,Lewis R. System,"Lewis River, North Fork",615,Jackcoho,8,2023,17.0
Salmon_Freshwater_Estimates_2023.xlsx,2023-24,Columbia - Lower,Lewis R. System,"Lewis River, North Fork",615,Jackcoho,9,2023,1369.0
Salmon_Freshwater_Estimates_2023.xlsx,2023-24,Columbia - Lower,Lewis R. System,"Lewis River, North Fork",615,Jackcoho,10,2023,338.0
Salmon_Freshwater_Estimates_2023.xlsx,2023-24,Columbia - Lower,Lewis R. System,"Lewis River, North Fork",615,Jackcoho,11,2023,17.0
Salmon_Freshwater_Estimates_2023.xlsx,2023-24,Columbia - Lower,Lower Columbia,Abernathy Creek,501,Coho,11,2023,17.0
Salmon_Freshwater_Estimates_2023.xlsx,2023-24,Columbia - Lower,Lower Columbia,Chinook River,515,Chum,10,2023,34.0
Salmon_Freshwater_Estimates_2023.xlsx,2023-24,Columbia - Lower,Lower Columbia,Chinook River,515,Coho,10,2023,34.0
Salmon_Freshwater_Estimates_2023.xlsx,2023-24,Columbia - Lower,Lower Columbia,Chinook River,515,Jackcoho,10,2023,17.0
Salmon_Freshwater_Estimates_2023.xlsx,2023-24,Columbia - Lower,Lower Columbia,Coal Creek (Cowlitz Co),517,Chinook,8,2023,17.0
Salmon_Freshwater_Estimates_2023.xlsx,2023-24,Columbia - Lower,Lower Columbia,Coal Creek (Cowlitz Co),517,Coho,9,2023,17.0
Salmon_Freshwater_Estimates_2023.xlsx,2023-24,Columbia - Lower,Lower Columbia,Coal Creek (Cowlitz Co),517,Coho,10,2023,17.0
Salmon_Freshwater_Estimates_2023.xlsx,2023-24,Columbia - Lower,Lower Columbia,Elochoman River above Foster Rd Bridge,584,Sockeye,8,2023,68.0
Salmon_Freshwater_Estimates_2023.xlsx,2023-24,Columbia - Lower,Lower Columbia,Grays River above Barr Rd Bridge,595,Chinook,9,2023,17.0
Salmon_Freshwater_Estimates_2023.xlsx,2023-24,Columbia - Lower,Lower Columbia,Grays River below Barr Rd Bridge,594,Coho,11,2023,102.0
Salmon_Freshwater_Estimates_2023.xlsx,2023-24,Columbia - Lower,Lower Columbia,Kalama River above Kalama Falls Hatchery,602,Coho,10,2023,17.0
Salmon_Freshwater_Estimates_2023.xlsx,2023-24,Columbia - Lower,Lower Columbia,Kalama River above Kalama Falls Hatchery,602,Jackchin,8,2023,17.0
Salmon_Freshwater_Estimates_2023.xlsx,2023-24,Columbia - Lower,Lower Columbia,Kalama River above Kalama Falls Hatchery,602,Jackcoho,10,2023,17.0
Salmon_Freshwater_Estimates_2023.xlsx,2023-24,Columbia - Lower,Lower Columbia,Kalama River below Modrow Bridge,604,Chinook,4,2023,87.0
Salmon_Freshwater_Estimates_2023.xlsx,2023-24,Columbia - Lower,Lower Columbia,Kalama River below Modrow Bridge,604,Chinook,5,2023,402.0
Salmon_Freshwater_Estimates_2023.xlsx,2023-24,Columbia - Lower,Lower Columbia,Kalama River below Modrow Bridge,604,Chinook,6,2023,140.0
Salmon_Freshwater_Estimates_2023.xlsx,2023-24,Columbia - Lower,Lower Columbia,Kalama River below Modrow Bridge,604,Chinook,7,2023,17.0
Salmon_Freshwater_Estimates_2023.xlsx,2023-24,Columbia - Lower,Lower Columbia,Kalama River below Modrow Bridge,604,Chinook,8,2023,175.0
Salmon_Freshwater_Estimates_2023.xlsx,2023-24,Columbia - Lower,Lower Columbia,Kalama River below Modrow Bridge,604,Chinook,9,2023,629.0
Salmon_Freshwater_Estimates_2023.xlsx,2023-24,Columbia - Lower,Lower Columbia,Kalama River below Modrow Bridge,604,Coho,6,2023,17.0
Salmon_Freshwater_Estimates_2023.xlsx,2023-24,Columbia - Lower,Lower Columbia,Kalama River below Modrow Bridge,604,Coho,9,2023,104.0
Salmon_Freshwater_Estimates_2023.xlsx,2023-24,Columbia - Lower,Lower Columbia,Kalama River below Modrow Bridge,604,Coho,10,2023,661.0
Salmon_Freshwater_Estimates_2023.xlsx,2023-24,Columbia - Lower,Lower Columbia,Kalama River below Modrow Bridge,604,Coho,11,2023,104.0
Salmon_Freshwater_Estimates_2023.xlsx,2023-24,Columbia - Lower,Lower Columbia,Kalama River below Modrow Bridge,604,Jackchin,4,2023,17.0
Salmon_Freshwater_Estimates_2023.xlsx,2023-24,Columbia - Lower,Lower Columbia,Kalama River below Modrow Bridge,604,Jackchin,5,2023,34.0
Salmon_Freshwater_Estimates_2023.xlsx,2023-24,Columbia - Lower,Lower Columbia,Kalama River below Modrow Bridge,604,Jackchin,6,2023,17.0
Salmon_Freshwater_Estimates_2023.xlsx,2023-24,Columbia - Lower,Lower Columbia,Kalama River below Modrow Bridge,604,Jackcoho,10,2023,85.0
Salmon_Freshwater_Estimates_2023.xlsx,2023-24,Columbia - Lower,Lower Columbia,Kalama River below Modrow Bridge,604,Jackcoho,11,2023,17.0
Salmon_Freshwater_Estimates_2023.xlsx,2023-24,Columbia - Lower,Lower Columbia,Kalama River between Modrow Bridge and Kalama Falls Hatchery,603,Chinook,4,2023,136.0
Salmon_Freshwater_Estimates_2023.xlsx,2023-24,Columbia - Lower,Lower Columbia,Kalama River between Modrow Bridge and Kalama Falls Hatchery,603,Chinook,5,2023,171.0
Salmon_Freshwater_Estimates_2023.xlsx,2023-24,Columbia - Lower,Lower Columbia,Kalama River between Modrow Bridge and Kalama Falls Hatchery,603,Chinook,6,2023,171.0
Salmon_Freshwater_Estimates_2023.xlsx,2023-24,Columbia - Lower,Lower Columbia,Kalama River between Modrow Bridge and Kalama Falls Hatchery,603,Coho,10,2023,17.0
Salmon_Freshwater_Estimates_2023.xlsx,2023-24,Columbia - Lower,Lower Columbia,Kalama River between Modrow Bridge and Kalama Falls Hatchery,603,Coho,11,2023,51.0
Salmon_Freshwater_Estimates_2023.xlsx,2023-24,Columbia - Lower,Lower Columbia,Kalama River between Modrow Bridge and Kalama Falls Hatchery,603,Jackchin,5,2023,17.0
Salmon_Freshwater_Estimates_2023.xlsx,2023-24,Columbia - Lower,Lower Columbia,Kalama River between Modrow Bridge and Kalama Falls Hatchery,603,Jackchin,6,2023,17.0
Salmon_Freshwater_Estimates_2023.xlsx,2023-24,Columbia - Lower,Lower Columbia,Kalama River between Modrow Bridge and Kalama Falls Hatchery,603,Jackcoho,10,2023,17.0
Salmon_Freshwater_Estimates_2023.xlsx,2023-24,Columbia - Lower,Lower Columbia,Kalama River between Modrow Bridge and Kalama Falls Hatchery,603,Jackcoho,11,2023,34.0
Salmon_Freshwater_Estimates_2023.xlsx,2023-24,Columbia - Lower,Lower Columbia,"Washougal R., West Fork",665,Chinook,9,2023,17.0
Salmon_Freshwater_Estimates_2023.xlsx,2023-24,Columbia - Lower,Lower Columbia,Washougal River above County Line Access,668,Chinook,8,2023,17.0
Salmon_Freshwater_Estimates_2023.xlsx,2023-24,Columbia - Lower,Lower Columbia,Washougal River above County Line Access,668,Chinook,9,2023,34.0
Salmon_Freshwater_Estimates_2023.xlsx,2023-24,Columbia - Lower,Lower Columbia,Washougal River below County Line Access,667,Chinook,9,2023,273.0
Salmon_Freshwater_Estimates_2023.xlsx,2023-24,Columbia - Lower,Lower Columbia,Washougal River below County Line Access,667,Chinook,10,2023,17.0
Salmon_Freshwater_Estimates_2023.xlsx,2023-24,Columbia - Lower,Lower Columbia,Washougal River below County Line Access,667,Coho,9,2023,17.0
Salmon_Freshwater_Estimates_2023.xlsx,2023-24,Columbia - Lower,Lower Columbia,Washougal River below County Line Access,667,Coho,10,2023,17.0
Salmon_Freshwater_Estimates_2023.xlsx,2023-24,Columbia - Middle,Big White Salmon River,Big White Salmon River,508,Chinook,9,2023,20.0
Salmon_Freshwater_Estimates_2023.xlsx,2023-24,Columbia - Middle,Big White Salmon River,Big White Salmon River,508,Coho,9,2023,61.0
Salmon_Freshwater_Estimates_2023.xlsx,2023-24,Columbia - Middle,Big White Salmon River,Big White Salmon River,508,Jackcoho,10,2023,101.0
Salmon_Freshwater_Estimates_2023.xlsx,2023-24,Columbia - Middle,Klickitat River,Klickitat River above Fishway 5,608,Chinook,5,2023,16.0
Salmon_Freshwater_Estimates_2023.xlsx,2023-24,Columbia - Middle,Klickitat River,Klickitat River above Fishway 5,608,Chinook,8,2023,16.0
Salmon_Freshwater_Estimates_2023.xlsx,2023-24,Columbia - Middle,Klickitat River,Klickitat River above Fishway 5,608,Chinook,9,2023,602.0
Salmon_Freshwater_Estimates_2023.xlsx,2023-24,Columbia - Middle,Klickitat River,Klickitat River above Fishway 5,608,Chinook,10,2023,523.0
Salmon_Freshwater_Estimates_2023.xlsx,2023-24,Columbia - Middle,Klickitat River,Klickitat River above Fishway 5,608,Pink,9,2023,32.0
Salmon_Freshwater_Estimates_2023.xlsx,2023-24,Columbia - Middle,Klickitat River,Klickitat River above Fishway 5,608,Coho,9,2023,32.0
Salmon_Freshwater_Estimates_2023.xlsx,2023-24,Columbia - Middle,Klickitat River,Klickitat River above Fishway 5,608,Coho,10,2023,48.0
Salmon_Freshwater_Estimates_2023.xlsx,2023-24,Columbia - Middle,Klickitat River,Klickitat River above Fishway 5,608,Coho,11,2023,111.0
Salmon_Freshwater_Estimates_2023.xlsx,2023-24,Columbia - Middle,Klickitat River,Klickitat River above Fishway 5,608,Jackchin,5,2023,16.0
Salmon_Freshwater_Estimates_2023.xlsx,2023-24,Columbia - Middle,Klickitat River,Klickitat River above Fishway 5,608,Jackchin,9,2023,16.0
Salmon_Freshwater_Estimates_2023.xlsx,2023-24,Columbia - Middle,Klickitat River,Klickitat River above Fishway 5,608,Jackchin,10,2023,158.0
Salmon_Freshwater_Estimates_2023.xlsx,2023-24,Columbia - Middle,Klickitat River,Klickitat River above Fishway 5,608,Jackcoho,10,2023,16.0
Salmon_Freshwater_Estimates_2023.xlsx,2023-24,Columbia - Middle,Klickitat River,Klickitat River below Fishway 5,607,Chinook,9,2023,871.0
Salmon_Freshwater_Estimates_2023.xlsx,2023-24,Columbia - Middle,Klickitat River,Klickitat River below Fishway 5,607,Chinook,10,2023,523.0
Salmon_Freshwater_Estimates_2023.xlsx,2023-24,Columbia - Middle,Klickitat River,Klickitat River below Fishway 5,607,Chinook,11,2023,32.0
Salmon_Freshwater_Estimates_2023.xlsx,2023-24,Columbia - Middle,Klickitat River,Klickitat River below Fishway 5,607,Chum,10,2023,79.0
Salmon_Freshwater_Estimates_2023.xlsx,2023-24,Columbia - Middle,Klickitat River,Klickitat River below Fishway 5,607,Chum,11,2023,48.0
Salmon_Freshwater_Estimates_2023.xlsx,2023-24,Columbia - Middle,Klickitat River,Klickitat River below Fishway 5,607,Pink,8,2023,16.0
Salmon_Freshwater_Estimates_2023.xlsx,2023-24,Columbia - Middle,Klickitat River,Klickitat River below Fishway 5,607,Pink,9,2023,16.0
Salmon_Freshwater_Estimates_2023.xlsx,2023-24,Columbia - Middle,Klickitat River,Klickitat River below Fishway 5,607,Pink,10,2023,16.0
Salmon_Freshwater_Estimates_2023.xlsx,2023-24,Columbia - Middle,Klickitat River,Klickitat River below Fishway 5,607,Coho,9,2023,48.0
Salmon_Freshwater_Estimates_2023.xlsx,2023-24,Columbia - Middle,Klickitat River,Klickitat River below Fishway 5,607,Coho,10,2023,1306.0
Salmon_Freshwater_Estimates_2023.xlsx,2023-24,Columbia - Middle,Klickitat River,Klickitat River below Fishway 5,607,Coho,11,2023,1306.0
Salmon_Freshwater_Estimates_2023.xlsx,2023-24,Columbia - Middle,Klickitat River,Klickitat River below Fishway 5,607,Coho,12,2023,334.0
Salmon_Freshwater_Estimates_2023.xlsx,2023-24,Columbia - Middle,Klickitat River,Klickitat River below Fishway 5,607,Jackchin,9,2023,79.0
Salmon_Freshwater_Estimates_2023.xlsx,2023-24,Columbia - Middle,Klickitat River,Klickitat River below Fishway 5,607,Jackchin,10,2023,301.0
Salmon_Freshwater_Estimates_2023.xlsx,2023-24,Columbia - Middle,Klickitat River,Klickitat River below Fishway 5,607,Jackcoho,9,2023,32.0
Salmon_Freshwater_Estimates_2023.xlsx,2023-24,Columbia - Middle,Klickitat River,Klickitat River below Fishway 5,607,Jackcoho,10,2023,206.0
Salmon_Freshwater_Estimates_2023.xlsx,2023-24,Columbia - Middle,Klickitat River,Klickitat River below Fishway 5,607,Jackcoho,11,2023,48.0
Salmon_Freshwater_Estimates_2023.xlsx,2023-24,Columbia - Middle,Klickitat River,Klickitat River below Fishway 5,607,Jackcoho,12,2023,95.0
Salmon_Freshwater_Estimates_2023.xlsx,2023-24,Columbia - Middle,Little White Salmon River & Drano Lake,Little White Salmon River & Drano Lake,618,Chinook,4,2023,539.0
Salmon_Freshwater_Estimates_2023.xlsx,2023-24,Columbia - Middle,Little White Salmon River & Drano Lake,Little White Salmon River & Drano Lake,618,Chinook,5,2023,3154.0
Salmon_Freshwater_Estimates_2023.xlsx,2023-24,Columbia - Middle,Little White Salmon River & Drano Lake,Little White Salmon River & Drano Lake,618,Chinook,6,2023,82.0
Salmon_Freshwater_Estimates_2023.xlsx,2023-24,Columbia - Middle,Little White Salmon River & Drano Lake,Little White Salmon River & Drano Lake,618,Chinook,7,2023,196.0
Salmon_Freshwater_Estimates_2023.xlsx,2023-24,Columbia - Middle,Little White Salmon River & Drano Lake,Little White Salmon River & Drano Lake,618,Chinook,8,2023,1111.0
Salmon_Freshwater_Estimates_2023.xlsx,2023-24,Columbia - Middle,Little White Salmon River & Drano Lake,Little White Salmon River & Drano Lake,618,Chinook,9,2023,2889.0
Salmon_Freshwater_Estimates_2023.xlsx,2023-24,Columbia - Middle,Little White Salmon River & Drano Lake,Little White Salmon River & Drano Lake,618,Chinook,10,2023,899.0
Salmon_Freshwater_Estimates_2023.xlsx,2023-24,Columbia - Middle,Little White Salmon River & Drano Lake,Little White Salmon River & Drano Lake,618,Pink,9,2023,81.0
Salmon_Freshwater_Estimates_2023.xlsx,2023-24,Columbia - Middle,Little White Salmon River & Drano Lake,Little White Salmon River & Drano Lake,618,Pink,10,2023,16.0
Salmon_Freshwater_Estimates_2023.xlsx,2023-24,Columbia - Middle,Little White Salmon River & Drano Lake,Little White Salmon River & Drano Lake,618,Coho,9,2023,554.0
Salmon_Freshwater_Estimates_2023.xlsx,2023-24,Columbia - Middle,Little White Salmon River & Drano Lake,Little White Salmon River & Drano Lake,618,Coho,10,2023,1037.0
Salmon_Freshwater_Estimates_2023.xlsx,2023-24,Columbia - Middle,Little White Salmon River & Drano Lake,Little White Salmon River & Drano Lake,618,Sockeye,9,2023,16.0
Salmon_Freshwater_Estimates_2023.xlsx,2023-24,Columbia - Middle,Little White Salmon River & Drano Lake,Little White Salmon River & Drano Lake,618,Sockeye,10,2023,16.0
Salmon_Freshwater_Estimates_2023.xlsx,2023-24,Columbia - Middle,Little White Salmon River & Drano Lake,Little White Salmon River & Drano Lake,618,Jackchin,5,2023,80.0
Salmon_Freshwater_Estimates_2023.xlsx,2023-24,Columbia - Middle,Little White Salmon River & Drano Lake,Little White Salmon River & Drano Lake,618,Jackchin,6,2023,16.0
Salmon_Freshwater_Estimates_2023.xlsx,2023-24,Columbia - Middle,Little White Salmon River & Drano Lake,Little White Salmon River & Drano Lake,618,Jackchin,7,2023,48.0
Salmon_Freshwater_Estimates_2023.xlsx,2023-24,Columbia - Middle,Little White Salmon River & Drano Lake,Little White Salmon River & Drano Lake,618,Jackchin,8,2023,48.0
Salmon_Freshwater_Estimates_2023.xlsx,2023-24,Columbia - Middle,Little White Salmon River & Drano Lake,Little White Salmon River & Drano Lake,618,Jackchin,9,2023,546.0
Salmon_Freshwater_Estimates_2023.xlsx,2023-24,Columbia - Middle,Little White Salmon River & Drano Lake,Little White Salmon River & Drano Lake,618,Jackchin,10,2023,289.0
Salmon_Freshwater_Estimates_2023.xlsx,2023-24,Columbia - Middle,Little White Salmon River & Drano Lake,Little White Salmon River & Drano Lake,618,Jackcoho,5,2023,16.0
Salmon_Freshwater_Estimates_2023.xlsx,2023-24,Columbia - Middle,Little White Salmon River & Drano Lake,Little White Salmon River & Drano Lake,618,Jackcoho,9,2023,16.0
Salmon_Freshwater_Estimates_2023.xlsx,2023-24,Columbia - Middle,Little White Salmon River & Drano Lake,Little White Salmon River & Drano Lake,618,Jackcoho,10,2023,32.0
Salmon_Freshwater_Estimates_2023.xlsx,2023-24,Columbia - Middle,Mid Columbia,Columbia Bonneville Dam to The Dalles Dam,527,Chinook,4,2023,152.0
Salmon_Freshwater_Estimates_2023.xlsx,2023-24,Columbia - Middle,Mid Columbia,Columbia Bonneville Dam to The Dalles Dam,527,Chinook,5,2023,101.0
Salmon_Freshwater_Estimates_2023.xlsx,2023-24,Columbia - Middle,Mid Columbia,Columbia Bonneville Dam to The Dalles Dam,527,Chinook,6,2023,51.0
Salmon_Freshwater_Estimates_2023.xlsx,2023-24,Columbia - Middle,Mid Columbia,Columbia Bonneville Dam to The Dalles Dam,527,Chinook,8,2023,304.0
Salmon_Freshwater_Estimates_2023.xlsx,2023-24,Columbia - Middle,Mid Columbia,Columbia Bonneville Dam to The Dalles Dam,527,Chinook,9,2023,4107.0
Salmon_Freshwater_Estimates_2023.xlsx,2023-24,Columbia - Middle,Mid Columbia,Columbia Bonneville Dam to The Dalles Dam,527,Chinook,10,2023,1759.0
Salmon_Freshwater_Estimates_2023.xlsx,2023-24,Columbia - Middle,Mid Columbia,Columbia Bonneville Dam to The Dalles Dam,527,Coho,5,2023,17.0
Salmon_Freshwater_Estimates_2023.xlsx,2023-24,Columbia - Middle,Mid Columbia,Columbia Bonneville Dam to The Dalles Dam,527,Coho,9,2023,428.0
Salmon_Freshwater_Estimates_2023.xlsx,2023-24,Columbia - Middle,Mid Columbia,Columbia Bonneville Dam to The Dalles Dam,527,Coho,10,2023,1394.0
Salmon_Freshwater_Estimates_2023.xlsx,2023-24,Columbia - Middle,Mid Columbia,Columbia Bonneville Dam to The Dalles Dam,527,Coho,11,2023,357.0
Salmon_Freshwater_Estimates_2023.xlsx,2023-24,Columbia - Middle,Mid Columbia,Columbia Bonneville Dam to The Dalles Dam,527,Jackchin,5,2023,18.0
Salmon_Freshwater_Estimates_2023.xlsx,2023-24,Columbia - Middle,Mid Columbia,Columbia Bonneville Dam to The Dalles Dam,527,Jackchin,9,2023,369.0
Salmon_Freshwater_Estimates_2023.xlsx,2023-24,Columbia - Middle,Mid Columbia,Columbia Bonneville Dam to The Dalles Dam,527,Jackchin,10,2023,316.0
Salmon_Freshwater_Estimates_2023.xlsx,2023-24,Columbia - Middle,Mid Columbia,Columbia Bonneville Dam to The Dalles Dam,527,Jackcoho,9,2023,17.0
Salmon_Freshwater_Estimates_2023.xlsx,2023-24,Columbia - Middle,Mid Columbia,Columbia Bonneville Dam to The Dalles Dam,527,Jackcoho,10,2023,84.0
Salmon_Freshwater_Estimates_2023.xlsx,2023-24,Columbia - Middle,Mid Columbia,Columbia The Dalles Dam to John Day Dam,529,Chinook,4,2023,239.0
Salmon_Freshwater_Estimates_2023.xlsx,2023-24,Columbia - Middle,Mid Columbia,Columbia The Dalles Dam to John Day Dam,529,Chinook,5,2023,205.0
Salmon_Freshwater_Estimates_2023.xlsx,2023-24,Columbia - Middle,Mid Columbia,Columbia The Dalles Dam to John Day Dam,529,Chinook,6,2023,17.0
Salmon_Freshwater_Estimates_2023.xlsx,2023-24,Columbia - Middle,Mid Columbia,Columbia The Dalles Dam to John Day Dam,529,Chinook,8,2023,222.0
Salmon_Freshwater_Estimates_2023.xlsx,2023-24,Columbia - Middle,Mid Columbia,Columbia The Dalles Dam to John Day Dam,529,Chinook,9,2023,715.0
Salmon_Freshwater_Estimates_2023.xlsx,2023-24,Columbia - Middle,Mid Columbia,Columbia The Dalles Dam to John Day Dam,529,Chinook,10,2023,256.0
Salmon_Freshwater_Estimates_2023.xlsx,2023-24,Columbia - Middle,Mid Columbia,Columbia The Dalles Dam to John Day Dam,529,Coho,9,2023,35.0
Salmon_Freshwater_Estimates_2023.xlsx,2023-24,Columbia - Middle,Mid Columbia,Columbia The Dalles Dam to John Day Dam,529,Coho,10,2023,67.0
Salmon_Freshwater_Estimates_2023.xlsx,2023-24,Columbia - Middle,Mid Columbia,Columbia The Dalles Dam to John Day Dam,529,Jackchin,4,2023,33.0
Salmon_Freshwater_Estimates_2023.xlsx,2023-24,Columbia - Middle,Mid Columbia,Columbia The Dalles Dam to John Day Dam,529,Jackchin,5,2023,17.0
Salmon_Freshwater_Estimates_2023.xlsx,2023-24,Columbia - Middle,Mid Columbia,Columbia The Dalles Dam to John Day Dam,529,Jackchin,9,2023,84.0
Salmon_Freshwater_Estimates_2023.xlsx,2023-24,Columbia - Middle,Mid Columbia,Columbia John Day Dam to McNary Dam,531,Chinook,4,2023,100.0
Salmon_Freshwater_Estimates_2023.xlsx,2023-24,Columbia - Middle,Mid Columbia,Columbia John Day Dam to McNary Dam,531,Chinook,5,2023,435.0
Salmon_Freshwater_Estimates_2023.xlsx,2023-24,Columbia - Middle,Mid Columbia,Columbia John Day Dam to McNary Dam,531,Chinook,6,2023,50.0
Salmon_Freshwater_Estimates_2023.xlsx,2023-24,Columbia - Middle,Mid Columbia,Columbia John Day Dam to McNary Dam,531,Chinook,7,2023,17.0
Salmon_Freshwater_Estimates_2023.xlsx,2023-24,Columbia - Middle,Mid Columbia,Columbia John Day Dam to McNary Dam,531,Chinook,8,2023,33.0
Salmon_Freshwater_Estimates_2023.xlsx,2023-24,Columbia - Middle,Mid Columbia,Columbia John Day Dam to McNary Dam,531,Chinook,9,2023,50.0
Salmon_Freshwater_Estimates_2023.xlsx,2023-24,Columbia - Middle,Mid Columbia,Columbia John Day Dam to McNary Dam,531,Chinook,10,2023,201.0
Salmon_Freshwater_Estimates_2023.xlsx,2023-24,Columbia - Middle,Mid Columbia,Columbia John Day Dam to McNary Dam,531,Coho,10,2023,17.0
Salmon_Freshwater_Estimates_2023.xlsx,2023-24,Columbia - Middle,Mid Columbia,Columbia John Day Dam to McNary Dam,531,Jackchin,5,2023,100.0
Salmon_Freshwater_Estimates_2023.xlsx,2023-24,Columbia - Middle,Mid Columbia,Columbia John Day Dam to McNary Dam,531,Jackchin,10,2023,33.0
Salmon_Freshwater_Estimates_2023.xlsx,2023-24,Columbia - Middle,Wind R. System,Wind River above Shipherd Falls,677,Chinook,5,2023,50.0
Salmon_Freshwater_Estimates_2023.xlsx,2023-24,Columbia - Middle,Wind R. System,Wind River above Shipherd Falls,677,Chinook,6,2023,83.0
Salmon_Freshwater_Estimates_2023.xlsx,2023-24,Columbia - Middle,Wind R. System,Wind River below Shipherd Falls,680,Chinook,4,2023,218.0
Salmon_Freshwater_Estimates_2023.xlsx,2023-24,Columbia - Middle,Wind R. System,Wind River below Shipherd Falls,680,Chinook,5,2023,2699.0
Salmon_Freshwater_Estimates_2023.xlsx,2023-24,Columbia - Middle,Wind R. System,Wind River below Shipherd Falls,680,Chinook,6,2023,33.0
Salmon_Freshwater_Estimates_2023.xlsx,2023-24,Columbia - Middle,Wind R. System,Wind River below Shipherd Falls,680,Chinook,9,2023,67.0
Salmon_Freshwater_Estimates_2023.xlsx,2023-24,Columbia - Middle,Wind R. System,Wind River below Shipherd Falls,680,Chinook,10,2023,50.0
Salmon_Freshwater_Estimates_2023.xlsx,2023-24,Columbia - Middle,Wind R. System,Wind River below Shipherd Falls,680,Coho,5,2023,17.0
Salmon_Freshwater_Estimates_2023.xlsx,2023-24,Columbia - Middle,Wind R. System,Wind River below Shipherd Falls,680,Coho,9,2023,50.0
Salmon_Freshwater_Estimates_2023.xlsx,2023-24,Columbia - Middle,Wind R. System,Wind River below Shipherd Falls,680,Coho,10,2023,534.0
Salmon_Freshwater_Estimates_2023.xlsx,2023-24,Columbia - Middle,Wind R. System,Wind River below Shipherd Falls,680,Sockeye,8,2023,33.0
Salmon_Freshwater_Estimates_2023.xlsx,2023-24,Columbia - Middle,Wind R. System,Wind River below Shipherd Falls,680,Jackchin,5,2023,117.0
Salmon_Freshwater_Estimates_2023.xlsx,2023-24,Columbia - Middle,Wind R. System,Wind River below Shipherd Falls,680,Jackcoho,10,2023,17.0
Salmon_Freshwater_Estimates_2023.xlsx,2023-24,Columbia - Upper,Entiat River,Entiat River,586,Chinook,7,2023,20.0
Salmon_Freshwater_Estimates_2023.xlsx,2023-24,Columbia - Upper,Entiat River,Entiat River,586,Chinook,8,2023,40.0
Salmon_Freshwater_Estimates_2023.xlsx,2023-24,Columbia - Upper,Entiat River,Entiat River,586,Jackchin,8,2023,20.0
Salmon_Freshwater_Estimates_2023.xlsx,2023-24,Columbia - Upper,Upper Columbia,Columbia McNary Dam to Hwy 395 Bridge,533,Chinook,5,2023,16.0
Salmon_Freshwater_Estimates_2023.xlsx,2023-24,Columbia - Upper,Upper Columbia,Columbia McNary Dam to Hwy 395 Bridge,533,Chinook,6,2023,33.0
Salmon_Freshwater_Estimates_2023.xlsx,2023-24,Columbia - Upper,Upper Columbia,Columbia McNary Dam to Hwy 395 Bridge,533,Chinook,7,2023,16.0
Salmon_Freshwater_Estimates_2023.xlsx,2023-24,Columbia - Upper,Upper Columbia,Columbia McNary Dam to Hwy 395 Bridge,533,Chinook,9,2023,99.0
Salmon_Freshwater_Estimates_2023.xlsx,2023-24,Columbia - Upper,Upper Columbia,Columbia McNary Dam to Hwy 395 Bridge,533,Chinook,10,2023,82.0
Salmon_Freshwater_Estimates_2023.xlsx,2023-24,Columbia - Upper,Upper Columbia,Columbia McNary Dam to Hwy 395 Bridge,533,Coho,10,2023,16.0
Salmon_Freshwater_Estimates_2023.xlsx,2023-24,Columbia - Upper,Upper Columbia,Columbia McNary Dam to Hwy 395 Bridge,533,Sockeye,6,2023,16.0
Salmon_Freshwater_Estimates_2023.xlsx,2023-24,Columbia - Upper,Upper Columbia,Columbia McNary Dam to Hwy 395 Bridge,533,Jackchin,9,2023,16.0
Salmon_Freshwater_Estimates_2023.xlsx,2023-24,Columbia - Upper,Upper Columbia,Columbia Hwy 395 Bridge to I-182 Bridge,534,Chinook,9,2023,607.0
Salmon_Freshwater_Estimates_2023.xlsx,2023-24,Columbia - Upper,Upper Columbia,Columbia Hwy 395 Bridge to I-182 Bridge,534,Chinook,10,2023,118.0
Salmon_Freshwater_Estimates_2023.xlsx,2023-24,Columbia - Upper,Upper Columbia,Columbia Hwy 395 Bridge to I-182 Bridge,534,Chinook,11,2023,17.0
Salmon_Freshwater_Estimates_2023.xlsx,2023-24,Columbia - Upper,Upper Columbia,Columbia Hwy 395 Bridge to I-182 Bridge,534,Coho,9,2023,66.0
Salmon_Freshwater_Estimates_2023.xlsx,2023-24,Columbia - Upper,Upper Columbia,Columbia Hwy 395 Bridge to I-182 Bridge,534,Coho,10,2023,16.0
Salmon_Freshwater_Estimates_2023.xlsx,2023-24,Columbia - Upper,Upper Columbia,Columbia Hwy 395 Bridge to I-182 Bridge,534,Sockeye,6,2023,33.0
Salmon_Freshwater_Estimates_2023.xlsx,2023-24,Columbia - Upper,Upper Columbia,Columbia Hwy 395 Bridge to I-182 Bridge,534,Jackchin,9,2023,16.0
Salmon_Freshwater_Estimates_2023.xlsx,2023-24,Columbia - Upper,Upper Columbia,Columbia Hwy 395 Bridge to I-182 Bridge,534,Jackchin,10,2023,16.0
Salmon_Freshwater_Estimates_2023.xlsx,2023-24,Columbia - Upper,Upper Columbia,Columbia Hwy 395 Bridge to I-182 Bridge,534,Jackcoho,9,2023,16.0
Salmon_Freshwater_Estimates_2023.xlsx,2023-24,Columbia - Upper,Upper Columbia,Columbia Hwy 395 Bridge to I-182 Bridge,534,Jackcoho,10,2023,16.0
Salmon_Freshwater_Estimates_2023.xlsx,2023-24,Columbia - Upper,Upper Columbia,Columbia I-182 Bridge-old Hanford townsite,535,Chinook,6,2023,84.0
Salmon_Freshwater_Estimates_2023.xlsx,2023-24,Columbia - Upper,Upper Columbia,Columbia I-182 Bridge-old Hanford townsite,535,Chinook,9,2023,1031.0
Salmon_Freshwater_Estimates_2023.xlsx,2023-24,Columbia - Upper,Upper Columbia,Columbia I-182 Bridge-old Hanford townsite,535,Chinook,10,2023,2078.0
Salmon_Freshwater_Estimates_2023.xlsx,2023-24,Columbia - Upper,Upper Columbia,Columbia I-182 Bridge-old Hanford townsite,535,Chinook,11,2023,101.0
Salmon_Freshwater_Estimates_2023.xlsx,2023-24,Columbia - Upper,Upper Columbia,Columbia I-182 Bridge-old Hanford townsite,535,Chinook,12,2023,17.0
Salmon_Freshwater_Estimates_2023.xlsx,2023-24,Columbia - Upper,Upper Columbia,Columbia I-182 Bridge-old Hanford townsite,535,Coho,9,2023,33.0
Salmon_Freshwater_Estimates_2023.xlsx,2023-24,Columbia - Upper,Upper Columbia,Columbia I-182 Bridge-old Hanford townsite,535,Coho,10,2023,99.0
Salmon_Freshwater_Estimates_2023.xlsx,2023-24,Columbia - Upper,Upper Columbia,Columbia I-182 Bridge-old Hanford townsite,535,Coho,11,2023,33.0
Salmon_Freshwater_Estimates_2023.xlsx,2023-24,Columbia - Upper,Upper Columbia,Columbia I-182 Bridge-old Hanford townsite,535,Sockeye,6,2023,598.0
Salmon_Freshwater_Estimates_2023.xlsx,2023-24,Columbia - Upper,Upper Columbia,Columbia I-182 Bridge-old Hanford townsite,535,Sockeye,7,2023,1429.0
Salmon_Freshwater_Estimates_2023.xlsx,2023-24,Columbia - Upper,Upper Columbia,Columbia I-182 Bridge-old Hanford townsite,535,Jackchin,7,2023,33.0
Salmon_Freshwater_Estimates_2023.xlsx,2023-24,Columbia - Upper,Upper Columbia,Columbia I-182 Bridge-old Hanford townsite,535,Jackchin,9,2023,33.0
Salmon_Freshwater_Estimates_2023.xlsx,2023-24,Columbia - Upper,Upper Columbia,Columbia I-182 Bridge-old Hanford townsite,535,Jackchin,10,2023,198.0
Salmon_Freshwater_Estimates_2023.xlsx,2023-24,Columbia - Upper,Upper Columbia,Columbia I-182 Bridge-old Hanford townsite,535,Jackcoho,6,2023,16.0
Salmon_Freshwater_Estimates_2023.xlsx,2023-24,Columbia - Upper,Upper Columbia,Columbia I-182 Bridge-old Hanford townsite,535,Jackcoho,7,2023,49.0
Salmon_Freshwater_Estimates_2023.xlsx,2023-24,Columbia - Upper,Upper Columbia,Columbia I-182 Bridge-old Hanford townsite,535,Jackcoho,10,2023,33.0
Salmon_Freshwater_Estimates_2023.xlsx,2023-24,Columbia - Upper,Upper Columbia,Columbia I-182 Bridge-old Hanford townsite,535,Jackcoho,11,2023,33.0
Salmon_Freshwater_Estimates_2023.xlsx,2023-24,Columbia - Upper,Upper Columbia,Columbia I-182 Bridge-old Hanford townsite,535,Jackcoho,12,2023,33.0
Salmon_Freshwater_Estimates_2023.xlsx,2023-24,Columbia - Upper,Upper Columbia,Columbia Old Hanford townsite-Priest Rapids Dam,536,Chinook,4,2023,17.0
Salmon_Freshwater_Estimates_2023.xlsx,2023-24,Columbia - Upper,Upper Columbia,Columbia Old Hanford townsite-Priest Rapids Dam,536,Chinook,5,2023,17.0
Salmon_Freshwater_Estimates_2023.xlsx,2023-24,Columbia - Upper,Upper Columbia,Columbia Old Hanford townsite-Priest Rapids Dam,536,Chinook,6,2023,51.0
Salmon_Freshwater_Estimates_2023.xlsx,2023-24,Columbia - Upper,Upper Columbia,Columbia Old Hanford townsite-Priest Rapids Dam,536,Chinook,8,2023,17.0
Salmon_Freshwater_Estimates_2023.xlsx,2023-24,Columbia - Upper,Upper Columbia,Columbia Old Hanford townsite-Priest Rapids Dam,536,Chinook,9,2023,2686.0
Salmon_Freshwater_Estimates_2023.xlsx,2023-24,Columbia - Upper,Upper Columbia,Columbia Old Hanford townsite-Priest Rapids Dam,536,Chinook,10,2023,5730.0
Salmon_Freshwater_Estimates_2023.xlsx,2023-24,Columbia - Upper,Upper Columbia,Columbia Old Hanford townsite-Priest Rapids Dam,536,Chum,9,2023,33.0
Salmon_Freshwater_Estimates_2023.xlsx,2023-24,Columbia - Upper,Upper Columbia,Columbia Old Hanford townsite-Priest Rapids Dam,536,Chum,10,2023,33.0
Salmon_Freshwater_Estimates_2023.xlsx,2023-24,Columbia - Upper,Upper Columbia,Columbia Old Hanford townsite-Priest Rapids Dam,536,Coho,9,2023,17.0
Salmon_Freshwater_Estimates_2023.xlsx,2023-24,Columbia - Upper,Upper Columbia,Columbia Old Hanford townsite-Priest Rapids Dam,536,Coho,10,2023,33.0
Salmon_Freshwater_Estimates_2023.xlsx,2023-24,Columbia - Upper,Upper Columbia,Columbia Old Hanford townsite-Priest Rapids Dam,536,Sockeye,7,2023,16.0
Salmon_Freshwater_Estimates_2023.xlsx,2023-24,Columbia - Upper,Upper Columbia,Columbia Old Hanford townsite-Priest Rapids Dam,536,Sockeye,9,2023,17.0
Salmon_Freshwater_Estimates_2023.xlsx,2023-24,Columbia - Upper,Upper Columbia,Columbia Old Hanford townsite-Priest Rapids Dam,536,Jackchin,9,2023,115.0
Salmon_Freshwater_Estimates_2023.xlsx,2023-24,Columbia - Upper,Upper Columbia,Columbia Old Hanford townsite-Priest Rapids Dam,536,Jackchin,10,2023,297.0
Salmon_Freshwater_Estimates_2023.xlsx,2023-24,Columbia - Upper,Upper Columbia,Columbia Priest Rapids to Wanapum Dam,537,Chinook,7,2023,317.0
Salmon_Freshwater_Estimates_2023.xlsx,2023-24,Columbia - Upper,Upper Columbia,Columbia Priest Rapids to Wanapum Dam,537,Chinook,8,2023,100.0
Salmon_Freshwater_Estimates_2023.xlsx,2023-24,Columbia - Upper,Upper Columbia,Columbia Priest Rapids to Wanapum Dam,537,Chinook,9,2023,1299.0
Salmon_Freshwater_Estimates_2023.xlsx,2023-24,Columbia - Upper,Upper Columbia,Columbia Priest Rapids to Wanapum Dam,537,Chinook,10,2023,1345.0
Salmon_Freshwater_Estimates_2023.xlsx,2023-24,Columbia - Upper,Upper Columbia,Columbia Priest Rapids to Wanapum Dam,537,Coho,10,2023,102.0
Salmon_Freshwater_Estimates_2023.xlsx,2023-24,Columbia - Upper,Upper Columbia,Columbia Priest Rapids to Wanapum Dam,537,Sockeye,7,2023,148.0
Salmon_Freshwater_Estimates_2023.xlsx,2023-24,Columbia - Upper,Upper Columbia,Columbia Priest Rapids to Wanapum Dam,537,Jackchin,7,2023,33.0
Salmon_Freshwater_Estimates_2023.xlsx,2023-24,Columbia - Upper,Upper Columbia,Columbia Priest Rapids to Wanapum Dam,537,Jackchin,8,2023,16.0
Salmon_Freshwater_Estimates_2023.xlsx,2023-24,Columbia - Upper,Upper Columbia,Columbia Priest Rapids to Wanapum Dam,537,Jackchin,9,2023,49.0
Salmon_Freshwater_Estimates_2023.xlsx,2023-24,Columbia - Upper,Upper Columbia,Columbia Priest Rapids to Wanapum Dam,537,Jackchin,10,2023,82.0
Salmon_Freshwater_Estimates_2023.xlsx,2023-24,Columbia - Upper,Upper Columbia,Columbia Wanapum to Rock Island Dam,539,Chinook,7,2023,16.0
Salmon_Freshwater_Estimates_2023.xlsx,2023-24,Columbia - Upper,Upper Columbia,Columbia Wanapum to Rock Island Dam,539,Chinook,9,2023,313.0
Salmon_Freshwater_Estimates_2023.xlsx,2023-24,Columbia - Upper,Upper Columbia,Columbia Wanapum to Rock Island Dam,539,Chinook,10,2023,478.0
Salmon_Freshwater_Estimates_2023.xlsx,2023-24,Columbia - Upper,Upper Columbia,Columbia Wanapum to Rock Island Dam,539,Coho,10,2023,16.0
Salmon_Freshwater_Estimates_2023.xlsx,2023-24,Columbia - Upper,Upper Columbia,Columbia Wanapum to Rock Island Dam,539,Sockeye,7,2023,33.0
Salmon_Freshwater_Estimates_2023.xlsx,2023-24,Columbia - Upper,Upper Columbia,Columbia Rock Island to Rocky Reach Dam,541,Chinook,7,2023,165.0
Salmon_Freshwater_Estimates_2023.xlsx,2023-24,Columbia - Upper,Upper Columbia,Columbia Rock Island to Rocky Reach Dam,541,Chinook,8,2023,99.0
Salmon_Freshwater_Estimates_2023.xlsx,2023-24,Columbia - Upper,Upper Columbia,Columbia Rock Island to Rocky Reach Dam,541,Chinook,9,2023,16.0
Salmon_Freshwater_Estimates_2023.xlsx,2023-24,Columbia - Upper,Upper Columbia,Columbia Rock Island to Rocky Reach Dam,541,Coho,8,2023,16.0
Salmon_Freshwater_Estimates_2023.xlsx,2023-24,Columbia - Upper,Upper Columbia,Columbia Rock Island to Rocky Reach Dam,541,Coho,10,2023,33.0
Salmon_Freshwater_Estimates_2023.xlsx,2023-24,Columbia - Upper,Upper Columbia,Columbia Rock Island to Rocky Reach Dam,541,Sockeye,7,2023,1120.0
Salmon_Freshwater_Estimates_2023.xlsx,2023-24,Columbia - Upper,Upper Columbia,Columbia Rock Island to Rocky Reach Dam,541,Sockeye,8,2023,16.0
Salmon_Freshwater_Estimates_2023.xlsx,2023-24,Columbia - Upper,Upper Columbia,Columbia Rock Island to Rocky Reach Dam,541,Jackchin,7,2023,33.0
Salmon_Freshwater_Estimates_2023.xlsx,2023-24,Columbia - Upper,Upper Columbia,Columbia Rock Island to Rocky Reach Dam,541,Jackchin,8,2023,33.0
Salmon_Freshwater_Estimates_2023.xlsx,2023-24,Columbia - Upper,Upper Columbia,Columbia Rocky Reach to Wells Dam,543,Chinook,7,2023,3275.0
Salmon_Freshwater_Estimates_2023.xlsx,2023-24,Columbia - Upper,Upper Columbia,Columbia Rocky Reach to Wells Dam,543,Chinook,8,2023,1025.0
Salmon_Freshwater_Estimates_2023.xlsx,2023-24,Columbia - Upper,Upper Columbia,Columbia Rocky Reach to Wells Dam,543,Chinook,9,2023,99.0
Salmon_Freshwater_Estimates_2023.xlsx,2023-24,Columbia - Upper,Upper Columbia,Columbia Rocky Reach to Wells Dam,543,Chum,8,2023,16.0
Salmon_Freshwater_Estimates_2023.xlsx,2023-24,Columbia - Upper,Upper Columbia,Columbia Rocky Reach to Wells Dam,543,Sockeye,7,2023,3196.0
Salmon_Freshwater_Estimates_2023.xlsx,2023-24,Columbia - Upper,Upper Columbia,Columbia Rocky Reach to Wells Dam,543,Sockeye,8,2023,82.0
Salmon_Freshwater_Estimates_2023.xlsx,2023-24,Columbia - Upper,Upper Columbia,Columbia Rocky Reach to Wells Dam,543,Jackchin,7,2023,148.0
Salmon_Freshwater_Estimates_2023.xlsx,2023-24,Columbia - Upper,Upper Columbia,Columbia Rocky Reach to Wells Dam,543,Jackchin,8,2023,33.0
Salmon_Freshwater_Estimates_2023.xlsx,2023-24,Columbia - Upper,Upper Columbia,Columbia Rocky Reach to Wells Dam,543,Jackcoho,7,2023,16.0
Salmon_Freshwater_Estimates_2023.xlsx,2023-24,Columbia - Upper,Upper Columbia,Columbia Wells to Chief Joseph Dam,545,Chinook,7,2023,1624.0
Salmon_Freshwater_Estimates_2023.xlsx,2023-24,Columbia - Upper,Upper Columbia,Columbia Wells to Chief Joseph Dam,545,Chinook,8,2023,622.0
Salmon_Freshwater_Estimates_2023.xlsx,2023-24,Columbia - Upper,Upper Columbia,Columbia Wells to Chief Joseph Dam,545,Chinook,9,2023,33.0
Salmon_Freshwater_Estimates_2023.xlsx,2023-24,Columbia - Upper,Upper Columbia,Columbia Wells to Chief Joseph Dam,545,Pink,7,2023,17.0
Salmon_Freshwater_Estimates_2023.xlsx,2023-24,Columbia - Upper,Upper Columbia,Columbia Wells to Chief Joseph Dam,545,Coho,10,2023,16.0
Salmon_Freshwater_Estimates_2023.xlsx,2023-24,Columbia - Upper,Upper Columbia,Columbia Wells to Chief Joseph Dam,545,Sockeye,5,2023,51.0
Salmon_Freshwater_Estimates_2023.xlsx,2023-24,Columbia - Upper,Upper Columbia,Columbia Wells to Chief Joseph Dam,545,Sockeye,6,2023,17.0
Salmon_Freshwater_Estimates_2023.xlsx,2023-24,Columbia - Upper,Upper Columbia,Columbia Wells to Chief Joseph Dam,545,Sockeye,7,2023,38121.0
Salmon_Freshwater_Estimates_2023.xlsx,2023-24,Columbia - Upper,Upper Columbia,Columbia Wells to Chief Joseph Dam,545,Sockeye,8,2023,5236.0
Salmon_Freshwater_Estimates_2023.xlsx,2023-24,Columbia - Upper,Upper Columbia,Columbia Wells to Chief Joseph Dam,545,Jackchin,7,2023,280.0
Salmon_Freshwater_Estimates_2023.xlsx,2023-24,Columbia - Upper,Upper Columbia,Columbia Wells to Chief Joseph Dam,545,Jackchin,8,2023,16.0
Salmon_Freshwater_Estimates_2023.xlsx,2023-24,Columbia - Upper,Upper Columbia,Columbia Wells to Chief Joseph Dam,545,Jackcoho,7,2023,49.0
Salmon_Freshwater_Estimates_2023.xlsx,2023-24,Columbia - Upper,Wenatchee R. System,Icicle Creek,672,Chinook,5,2023,50.0
Salmon_Freshwater_Estimates_2023.xlsx,2023-24,Columbia - Upper,Wenatchee R. System,Icicle Creek,672,Chinook,6,2023,483.0
Salmon_Freshwater_Estimates_2023.xlsx,2023-24,Columbia - Upper,Wenatchee R. System,Icicle Creek,672,Chinook,7,2023,33.0
Salmon_Freshwater_Estimates_2023.xlsx,2023-24,Columbia - Upper,Wenatchee R. System,Icicle Creek,672,Coho,10,2023,17.0
Salmon_Freshwater_Estimates_2023.xlsx,2023-24,Columbia - Upper,Wenatchee R. System,Icicle Creek,672,Jackchin,6,2023,33.0
Salmon_Freshwater_Estimates_2023.xlsx,2023-24,Columbia - Upper,Wenatchee R. System,Lake Wenatchee,670,Chinook,7,2023,17.0
Salmon_Freshwater_Estimates_2023.xlsx,2023-24,Columbia - Upper,Wenatchee R. System,Lake Wenatchee,670,Pink,7,2023,83.0
Salmon_Freshwater_Estimates_2023.xlsx,2023-24,Columbia - Upper,Wenatchee R. System,Lake Wenatchee,670,Sockeye,4,2023,17.0
Salmon_Freshwater_Estimates_2023.xlsx,2023-24,Columbia - Upper,Wenatchee R. System,Lake Wenatchee,670,Sockeye,7,2023,9988.0
Salmon_Freshwater_Estimates_2023.xlsx,2023-24,Columbia - Upper,Wenatchee R. System,Lake Wenatchee,670,Sockeye,8,2023,12745.0
Salmon_Freshwater_Estimates_2023.xlsx,2023-24,Columbia - Upper,Wenatchee R. System,Lake Wenatchee,670,Sockeye,9,2023,357.0
Salmon_Freshwater_Estimates_2023.xlsx,2023-24,Columbia - Upper,Wenatchee R. System,Wenatchee River,674,Chinook,6,2023,33.0
Salmon_Freshwater_Estimates_2023.xlsx,2023-24,Columbia - Upper,Wenatchee R. System,Wenatchee River,674,Chinook,8,2023,17.0
Salmon_Freshwater_Estimates_2023.xlsx,2023-24,Columbia - Upper,Wenatchee R. System,Wenatchee River,674,Jackchin,6,2023,17.0
Salmon_Freshwater_Estimates_2023.xlsx,2023-24,Columbia - Upper,Yakima R. System,Yakima River,690,Chinook,6,2023,17.0
Salmon_Freshwater_Estimates_2023.xlsx,2023-24,Columbia - Upper,Yakima R. System,Yakima River,690,Chinook,10,2023,273.0
Salmon_Freshwater_Estimates_2023.xlsx,2023-24,Columbia - Upper,Yakima R. System,Yakima River,690,Chinook,11,2023,17.0
Salmon_Freshwater_Estimates_2023.xlsx,2023-24,Columbia - Upper,Yakima R. System,Yakima River,690,Chum,10,2023,18.0
Salmon_Freshwater_Estimates_2023.xlsx,2023-24,Columbia - Upper,Yakima R. System,Yakima River,690,Coho,10,2023,18.0
Salmon_Freshwater_Estimates_2023.xlsx,2023-24,Columbia - Upper,Yakima R. System,Yakima River,690,Jackchin,6,2023,17.0
Salmon_Freshwater_Estimates_2023.xlsx,2023-24,Columbia - Upper,Yakima R. System,Yakima River,690,Jackchin,10,2023,52.0
Salmon_Freshwater_Estimates_2023.xlsx,2023-24,Columbia - Snake,Snake R. System,Snake River: below Ice Harbor,640,Chinook,5,2023,288.0
Salmon_Freshwater_Estimates_2023.xlsx,2023-24,Columbia - Snake,Snake R. System,Snake River: below Ice Harbor,640,Coho,10,2023,30.0
Salmon_Freshwater_Estimates_2023.xlsx,2023-24,Columbia - Snake,Snake R. System,Snake River: below Ice Harbor,640,Jackchin,5,2023,76.0
Salmon_Freshwater_Estimates_2023.xlsx,2023-24,Columbia - Snake,Snake R. System,Snake River: Lower Monumental to Little Goose Dam,644,Chinook,5,2023,431.0
Salmon_Freshwater_Estimates_2023.xlsx,2023-24,Columbia - Snake,Snake R. System,Snake River: Lower Monumental to Little Goose Dam,644,Chinook,9,2023,262.0
Salmon_Freshwater_Estimates_2023.xlsx,2023-24,Columbia - Snake,Snake R. System,Snake River: Lower Monumental to Little Goose Dam,644,Chinook,10,2023,369.0
Salmon_Freshwater_Estimates_2023.xlsx,2023-24,Columbia - Snake,Snake R. System,Snake River: Lower Monumental to Little Goose Dam,644,Jackchin,5,2023,15.0
Salmon_Freshwater_Estimates_2023.xlsx,2023-24,Columbia - Snake,Snake R. System,Snake River: Lower Monumental to Little Goose Dam,644,Jackchin,9,2023,15.0
Salmon_Freshwater_Estimates_2023.xlsx,2023-24,Columbia - Snake,Snake R. System,Snake River: Lower Monumental to Little Goose Dam,644,Jackchin,10,2023,227.0
Salmon_Freshwater_Estimates_2023.xlsx,2023-24,Columbia - Snake,Snake R. System,Snake River: Lower Monumental to Little Goose Dam,644,Jackcoho,10,2023,15.0
Salmon_Freshwater_Estimates_2023.xlsx,2023-24,Columbia - Snake,Snake R. System,Snake River: Little Goose to Lower Granite Dam,646,Chinook,10,2023,15.0
Salmon_Freshwater_Estimates_2023.xlsx,2023-24,Columbia - Snake,Snake R. System,Snake River: Little Goose to Lower Granite Dam,646,Jackchin,10,2023,30.0
Salmon_Freshwater_Estimates_2023.xlsx,2023-24,Columbia - Snake,Snake R. System,Snake River: Lower Granite to Interstate Bridge,648,Chinook,8,2023,185.0
Salmon_Freshwater_Estimates_2023.xlsx,2023-24,Columbia - Snake,Snake R. System,Snake River: Lower Granite to Interstate Bridge,648,Chinook,9,2023,1496.0
Salmon_Freshwater_Estimates_2023.xlsx,2023-24,Columbia - Snake,Snake R. System,Snake River: Lower Granite to Interstate Bridge,648,Chinook,10,2023,108.0
Salmon_Freshwater_Estimates_2023.xlsx,2023-24,Columbia - Snake,Snake R. System,Snake River: Lower Granite to Interstate Bridge,648,Jackchin,9,2023,121.0
Salmon_Freshwater_Estimates_2023.xlsx,2023-24,Columbia - Snake,Snake R. System,Snake River: upstream of Interstate Bridge,650,Chinook,8,2023,55.0
Salmon_Freshwater_Estimates_2023.xlsx,2023-24,Columbia - Snake,Snake R. System,Snake River: upstream of Interstate Bridge,650,Chinook,9,2023,328.0
Salmon_Freshwater_Estimates_2023.xlsx,2023-24,Columbia - Snake,Snake R. System,Snake River: upstream of Interstate Bridge,650,Chinook,10,2023,73.0
Salmon_Freshwater_Estimates_2023.xlsx,2023-24,Columbia - Snake,Snake R. System,Snake River: upstream of Interstate Bridge,650,Jackchin,9,2023,45.0
Salmon_Freshwater_Estimates_2023.xlsx,2023-24,Puget Sound,California Cr. System,California Creek,710,Coho,9,2023,81.0
Salmon_Freshwater_Estimates_2023.xlsx,2023-24,Puget Sound,Chambers Cr. System,Chambers Creek,714,Chinook,8,2023,40.0
Salmon_Freshwater_Estimates_2023.xlsx,2023-24,Puget Sound,Clallam R. System,Clallam River,718,Pink,10,2023,20.0
Salmon_Freshwater_Estimates_2023.xlsx,2023-24,Puget Sound,Deschutes R. System,Deschutes River,728,Chinook,9,2023,81.0
Salmon_Freshwater_Estimates_2023.xlsx,2023-24,Puget Sound,Dewatto R. System,Dewatto River,732,Coho,10,2023,20.0
Salmon_Freshwater_Estimates_2023.xlsx,2023-24,Puget Sound,Dungeness R. System,Dungeness River,738,Chinook,10,2023,61.0
Salmon_Freshwater_Estimates_2023.xlsx,2023-24,Puget Sound,Dungeness R. System,Dungeness River,738,Coho,10,2023,763.0
Salmon_Freshwater_Estimates_2023.xlsx,2023-24,Puget Sound,Dungeness R. System,Dungeness River,738,Coho,11,2023,153.0
Salmon_Freshwater_Estimates_2023.xlsx,2023-24,Puget Sound,Dungeness R. System,Dungeness River,738,Jackcoho,10,2023,15.0
Salmon_Freshwater_Estimates_2023.xlsx,2023-24,Puget Sound,Green-Duwamish R. System,Green - Duwamish River,746,Chinook,8,2023,114.0
Salmon_Freshwater_Estimates_2023.xlsx,2023-24,Puget Sound,Green-Duwamish R. System,Green - Duwamish River,746,Chinook,9,2023,507.0
Salmon_Freshwater_Estimates_2023.xlsx,2023-24,Puget Sound,Green-Duwamish R. System,Green - Duwamish River,746,Chinook,10,2023,114.0
Salmon_Freshwater_Estimates_2023.xlsx,2023-24,Puget Sound,Green-Duwamish R. System,Green - Duwamish River,746,Chum,9,2023,167.0
Salmon_Freshwater_Estimates_2023.xlsx,2023-24,Puget Sound,Green-Duwamish R. System,Green - Duwamish River,746,Chum,10,2023,267.0
Salmon_Freshwater_Estimates_2023.xlsx,2023-24,Puget Sound,Green-Duwamish R. System,Green - Duwamish River,746,Chum,11,2023,2066.0
Salmon_Freshwater_Estimates_2023.xlsx,2023-24,Puget Sound,Green-Duwamish R. System,Green - Duwamish River,746,Chum,12,2023,17.0
Salmon_Freshwater_Estimates_2023.xlsx,2023-24,Puget Sound,Green-Duwamish R. System,Green - Duwamish River,746,Pink,7,2023,34.0
Salmon_Freshwater_Estimates_2023.xlsx,2023-24,Puget Sound,Green-Duwamish R. System,Green - Duwamish River,746,Pink,8,2023,6493.0
Salmon_Freshwater_Estimates_2023.xlsx,2023-24,Puget Sound,Green-Duwamish R. System,Green - Duwamish River,746,Pink,9,2023,18059.0
Salmon_Freshwater_Estimates_2023.xlsx,2023-24,Puget Sound,Green-Duwamish R. System,Green - Duwamish River,746,Pink,10,2023,7427.0
Salmon_Freshwater_Estimates_2023.xlsx,2023-24,Puget Sound,Green-Duwamish R. System,Green - Duwamish River,746,Pink,11,2023,153.0
Salmon_Freshwater_Estimates_2023.xlsx,2023-24,Puget Sound,Green-Duwamish R. System,Green - Duwamish River,746,Coho,7,2023,65.0
Salmon_Freshwater_Estimates_2023.xlsx,2023-24,Puget Sound,Green-Duwamish R. System,Green - Duwamish River,746,Coho,8,2023,49.0
Salmon_Freshwater_Estimates_2023.xlsx,2023-24,Puget Sound,Green-Duwamish R. System,Green - Duwamish River,746,Coho,9,2023,3616.0
Salmon_Freshwater_Estimates_2023.xlsx,2023-24,Puget Sound,Green-Duwamish R. System,Green - Duwamish River,746,Coho,10,2023,3578.0
Salmon_Freshwater_Estimates_2023.xlsx,2023-24,Puget Sound,Green-Duwamish R. System,Green - Duwamish River,746,Coho,11,2023,245.0
Salmon_Freshwater_Estimates_2023.xlsx,2023-24,Puget Sound,Green-Duwamish R. System,Green - Duwamish River,746,Sockeye,9,2023,16.0
Salmon_Freshwater_Estimates_2023.xlsx,2023-24,Puget Sound,Green-Duwamish R. System,Green - Duwamish River,746,Jackchin,8,2023,16.0
Salmon_Freshwater_Estimates_2023.xlsx,2023-24,Puget Sound,Green-Duwamish R. System,Green - Duwamish River,746,Jackchin,9,2023,98.0
Salmon_Freshwater_Estimates_2023.xlsx,2023-24,Puget Sound,Green-Duwamish R. System,Green - Duwamish River,746,Jackchin,10,2023,98.0
Salmon_Freshwater_Estimates_2023.xlsx,2023-24,Puget Sound,Green-Duwamish R. System,Green - Duwamish River,746,Jackcoho,9,2023,980.0
Salmon_Freshwater_Estimates_2023.xlsx,2023-24,Puget Sound,Green-Duwamish R. System,Green - Duwamish River,746,Jackcoho,10,2023,605.0
Salmon_Freshwater_Estimates_2023.xlsx,2023-24,Puget Sound,Green-Duwamish R. System,Green - Duwamish River,746,Jackcoho,11,2023,65.0
Salmon_Freshwater_Estimates_2023.xlsx,2023-24,Puget Sound,Lake Washington System,Lake Sammamish,764,Chinook,11,2023,14.0
Salmon_Freshwater_Estimates_2023.xlsx,2023-24,Puget Sound,Lake Washington System,Lake Sammamish,764,Pink,9,2023,213.0
Salmon_Freshwater_Estimates_2023.xlsx,2023-24,Puget Sound,Lake Washington System,Lake Sammamish,764,Pink,10,2023,28.0
Salmon_Freshwater_Estimates_2023.xlsx,2023-24,Puget Sound,Lake Washington System,Lake Sammamish,764,Coho,9,2023,43.0
Salmon_Freshwater_Estimates_2023.xlsx,2023-24,Puget Sound,Lake Washington System,Lake Washington,762,Pink,8,2023,14.0
Salmon_Freshwater_Estimates_2023.xlsx,2023-24,Puget Sound,Lake Washington System,Lake Washington,762,Pink,9,2023,28.0
Salmon_Freshwater_Estimates_2023.xlsx,2023-24,Puget Sound,Lake Washington System,Lake Washington,762,Coho,9,2023,341.0
Salmon_Freshwater_Estimates_2023.xlsx,2023-24,Puget Sound,Lyre R. System,Lyre River,768,Pink,9,2023,20.0
Salmon_Freshwater_Estimates_2023.xlsx,2023-24,Puget Sound,Minter Cr. System,Minter Creek,778,Chinook,9,2023,650.0
Salmon_Freshwater_Estimates_2023.xlsx,2023-24,Puget Sound,Minter Cr. System,Minter Creek,778,Chinook,10,2023,18.0
Salmon_Freshwater_Estimates_2023.xlsx,2023-24,Puget Sound,Minter Cr. System,Minter Creek,778,Chum,11,2023,3339.0
Salmon_Freshwater_Estimates_2023.xlsx,2023-24,Puget Sound,Minter Cr. System,Minter Creek,778,Chum,12,2023,17.0
Salmon_Freshwater_Estimates_2023.xlsx,2023-24,Puget Sound,Minter Cr. System,Minter Creek,778,Pink,9,2023,17.0
Salmon_Freshwater_Estimates_2023.xlsx,2023-24,Puget Sound,Minter Cr. System,Minter Creek,778,Pink,11,2023,68.0
Salmon_Freshwater_Estimates_2023.xlsx,2023-24,Puget Sound,Minter Cr. System,Minter Creek,778,Coho,8,2023,34.0
Salmon_Freshwater_Estimates_2023.xlsx,2023-24,Puget Sound,Minter Cr. System,Minter Creek,778,Coho,9,2023,68.0
Salmon_Freshwater_Estimates_2023.xlsx,2023-24,Puget Sound,Minter Cr. System,Minter Creek,778,Coho,10,2023,274.0
Salmon_Freshwater_Estimates_2023.xlsx,2023-24,Puget Sound,Minter Cr. System,Minter Creek,778,Coho,11,2023,17.0
Salmon_Freshwater_Estimates_2023.xlsx,2023-24,Puget Sound,Minter Cr. System,Minter Creek,778,Jackchin,9,2023,34.0
Salmon_Freshwater_Estimates_2023.xlsx,2023-24,Puget Sound,Minter Cr. System,Minter Creek,778,Jackcoho,9,2023,17.0
Salmon_Freshwater_Estimates_2023.xlsx,2023-24,Puget Sound,Minter Cr. System,Minter Creek,778,Jackcoho,10,2023,68.0
Salmon_Freshwater_Estimates_2023.xlsx,2023-24,Puget Sound,Nisqually R. System,Nisqually River,786,Chinook,8,2023,230.0
Salmon_Freshwater_Estimates_2023.xlsx,2023-24,Puget Sound,Nisqually R. System,Nisqually River,786,Chinook,9,2023,1963.0
Salmon_Freshwater_Estimates_2023.xlsx,2023-24,Puget Sound,Nisqually R. System,Nisqually River,786,Chinook,10,2023,15.0
Salmon_Freshwater_Estimates_2023.xlsx,2023-24,Puget Sound,Nisqually R. System,Nisqually River,786,Pink,8,2023,110.0
Salmon_Freshwater_Estimates_2023.xlsx,2023-24,Puget Sound,Nisqually R. System,Nisqually River,786,Pink,9,2023,1464.0
Salmon_Freshwater_Estimates_2023.xlsx,2023-24,Puget Sound,Nisqually R. System,Nisqually River,786,Pink,10,2023,31.0
Salmon_Freshwater_Estimates_2023.xlsx,2023-24,Puget Sound,Nisqually R. System,Nisqually River,786,Coho,9,2023,336.0
Salmon_Freshwater_Estimates_2023.xlsx,2023-24,Puget Sound,Nisqually R. System,Nisqually River,786,Coho,10,2023,91.0
Salmon_Freshwater_Estimates_2023.xlsx,2023-24,Puget Sound,Nisqually R. System,Nisqually River,786,Jackchin,8,2023,76.0
Salmon_Freshwater_Estimates_2023.xlsx,2023-24,Puget Sound,Nisqually R. System,Nisqually River,786,Jackchin,9,2023,593.0
Salmon_Freshwater_Estimates_2023.xlsx,2023-24,Puget Sound,Nisqually R. System,Nisqually River,786,Jackchin,10,2023,30.0
Salmon_Freshwater_Estimates_2023.xlsx,2023-24,Puget Sound,Nisqually R. System,Nisqually River,786,Jackcoho,8,2023,15.0
Salmon_Freshwater_Estimates_2023.xlsx,2023-24,Puget Sound,Nisqually R. System,Nisqually River,786,Jackcoho,9,2023,152.0
Salmon_Freshwater_Estimates_2023.xlsx,2023-24,Puget Sound,Nisqually R. System,Nisqually River,786,Jackcoho,10,2023,30.0
Salmon_Freshwater_Estimates_2023.xlsx,2023-24,Puget Sound,Nooksack Samish R. System,"Nooksack River, Middle Fork",788,Coho,9,2023,68.0
Salmon_Freshwater_Estimates_2023.xlsx,2023-24,Puget Sound,Nooksack Samish R. System,"Nooksack River, North Fork",790,Pink,11,2023,101.0
Salmon_Freshwater_Estimates_2023.xlsx,2023-24,Puget Sound,Nooksack Samish R. System,"Nooksack River, North Fork",790,Coho,9,2023,23.0
Salmon_Freshwater_Estimates_2023.xlsx,2023-24,Puget Sound,Nooksack Samish R. System,"Nooksack River, North Fork",790,Coho,10,2023,436.0
Salmon_Freshwater_Estimates_2023.xlsx,2023-24,Puget Sound,Nooksack Samish R. System,"Nooksack River, North Fork",790,Coho,11,2023,161.0
Salmon_Freshwater_Estimates_2023.xlsx,2023-24,Puget Sound,Nooksack Samish R. System,"Nooksack River, North Fork",790,Coho,12,2023,23.0
Salmon_Freshwater_Estimates_2023.xlsx,2023-24,Puget Sound,Nooksack Samish R. System,"Nooksack River, South Fork",792,Chinook,10,2023,68.0
Salmon_Freshwater_Estimates_2023.xlsx,2023-24,Puget Sound,Nooksack Samish R. System,"Nooksack River, South Fork",792,Pink,10,2023,51.0
Salmon_Freshwater_Estimates_2023.xlsx,2023-24,Puget Sound,Nooksack Samish R. System,"Nooksack River, South Fork",792,Coho,10,2023,1082.0
Salmon_Freshwater_Estimates_2023.xlsx,2023-24,Puget Sound,Nooksack Samish R. System,"Nooksack River, below North Fork",794,Chum,11,2023,17.0
Salmon_Freshwater_Estimates_2023.xlsx,2023-24,Puget Sound,Nooksack Samish R. System,"Nooksack River, below North Fork",794,Chum,12,2023,17.0
Salmon_Freshwater_Estimates_2023.xlsx,2023-24,Puget Sound,Nooksack Samish R. System,"Nooksack River, below North Fork",794,Coho,8,2023,84.0
Salmon_Freshwater_Estimates_2023.xlsx,2023-24,Puget Sound,Nooksack Samish R. System,"Nooksack River, below North Fork",794,Coho,9,2023,777.0
Salmon_Freshwater_Estimates_2023.xlsx,2023-24,Puget Sound,Nooksack Samish R. System,"Nooksack River, below North Fork",794,Coho,10,2023,608.0
Salmon_Freshwater_Estimates_2023.xlsx,2023-24,Puget Sound,Nooksack Samish R. System,"Nooksack River, below North Fork",794,Coho,11,2023,439.0
Salmon_Freshwater_Estimates_2023.xlsx,2023-24,Puget Sound,Nooksack Samish R. System,"Nooksack River, below North Fork",794,Coho,12,2023,68.0
Salmon_Freshwater_Estimates_2023.xlsx,2023-24,Puget Sound,Nooksack Samish R. System,"Nooksack River, below North Fork",794,Sockeye,10,2023,17.0
Salmon_Freshwater_Estimates_2023.xlsx,2023-24,Puget Sound,Nooksack Samish R. System,"Nooksack River, below North Fork",794,Jackcoho,9,2023,51.0
Salmon_Freshwater_Estimates_2023.xlsx,2023-24,Puget Sound,Nooksack Samish R. System,"Nooksack River, below North Fork",794,Jackcoho,10,2023,34.0
Salmon_Freshwater_Estimates_2023.xlsx,2023-24,Puget Sound,Nooksack Samish R. System,Samish River,816,Chinook,8,2023,3228.0
Salmon_Freshwater_Estimates_2023.xlsx,2023-24,Puget Sound,Nooksack Samish R. System,Samish River,816,Chinook,9,2023,10426.0
Salmon_Freshwater_Estimates_2023.xlsx,2023-24,Puget Sound,Nooksack Samish R. System,Samish River,816,Chinook,10,2023,17.0
Salmon_Freshwater_Estimates_2023.xlsx,2023-24,Puget Sound,Nooksack Samish R. System,Samish River,816,Pink,8,2023,17.0
Salmon_Freshwater_Estimates_2023.xlsx,2023-24,Puget Sound,Nooksack Samish R. System,Samish River,816,Coho,9,2023,85.0
Salmon_Freshwater_Estimates_2023.xlsx,2023-24,Puget Sound,Nooksack Samish R. System,Samish River,816,Coho,10,2023,17.0
Salmon_Freshwater_Estimates_2023.xlsx,2023-24,Puget Sound,Nooksack Samish R. System,Samish River,816,Jackchin,8,2023,186.0
Salmon_Freshwater_Estimates_2023.xlsx,2023-24,Puget Sound,Nooksack Samish R. System,Samish River,816,Jackchin,9,2023,101.0
Salmon_Freshwater_Estimates_2023.xlsx,2023-24,Puget Sound,Nooksack Samish R. System,Samish River,816,Jackcoho,9,2023,34.0
Salmon_Freshwater_Estimates_2023.xlsx,2023-24,Puget Sound,Nooksack Samish R. System,Whatcom Creek,884,Chinook,8,2023,17.0
Salmon_Freshwater_Estimates_2023.xlsx,2023-24,Puget Sound,Nooksack Samish R. System,Whatcom Creek,884,Chinook,9,2023,34.0
Salmon_Freshwater_Estimates_2023.xlsx,2023-24,Puget Sound,Nooksack Samish R. System,Whatcom Creek,884,Coho,11,2023,84.0
Salmon_Freshwater_Estimates_2023.xlsx,2023-24,Puget Sound,Puyallup R. System,Carbon River,802,Chinook,9,2023,746.0
Salmon_Freshwater_Estimates_2023.xlsx,2023-24,Puget Sound,Puyallup R. System,Carbon River,802,Chinook,10,2023,99.0
Salmon_Freshwater_Estimates_2023.xlsx,2023-24,Puget Sound,Puyallup R. System,Carbon River,802,Pink,8,2023,66.0
Salmon_Freshwater_Estimates_2023.xlsx,2023-24,Puget Sound,Puyallup R. System,Carbon River,802,Pink,9,2023,961.0
Salmon_Freshwater_Estimates_2023.xlsx,2023-24,Puget Sound,Puyallup R. System,Carbon River,802,Pink,10,2023,133.0
Salmon_Freshwater_Estimates_2023.xlsx,2023-24,Puget Sound,Puyallup R. System,Carbon River,802,Coho,9,2023,116.0
Salmon_Freshwater_Estimates_2023.xlsx,2023-24,Puget Sound,Puyallup R. System,Carbon River,802,Coho,10,2023,265.0
Salmon_Freshwater_Estimates_2023.xlsx,2023-24,Puget Sound,Puyallup R. System,Carbon River,802,Jackchin,9,2023,33.0
Salmon_Freshwater_Estimates_2023.xlsx,2023-24,Puget Sound,Puyallup R. System,Carbon River,802,Jackchin,10,2023,33.0
Salmon_Freshwater_Estimates_2023.xlsx,2023-24,Puget Sound,Puyallup R. System,Carbon River,802,Jackcoho,9,2023,17.0
Salmon_Freshwater_Estimates_2023.xlsx,2023-24,Puget Sound,Puyallup R. System,Puyallup River,804,Chinook,8,2023,806.0
Salmon_Freshwater_Estimates_2023.xlsx,2023-24,Puget Sound,Puyallup R. System,Puyallup River,804,Chinook,9,2023,718.0
Salmon_Freshwater_Estimates_2023.xlsx,2023-24,Puget Sound,Puyallup R. System,Puyallup River,804,Chinook,10,2023,18.0
Salmon_Freshwater_Estimates_2023.xlsx,2023-24,Puget Sound,Puyallup R. System,Puyallup River,804,Chum,9,2023,83.0
Salmon_Freshwater_Estimates_2023.xlsx,2023-24,Puget Sound,Puyallup R. System,Puyallup River,804,Pink,8,2023,25248.0
Salmon_Freshwater_Estimates_2023.xlsx,2023-24,Puget Sound,Puyallup R. System,Puyallup River,804,Pink,9,2023,23218.0
Salmon_Freshwater_Estimates_2023.xlsx,2023-24,Puget Sound,Puyallup R. System,Puyallup River,804,Pink,10,2023,239.0
Salmon_Freshwater_Estimates_2023.xlsx,2023-24,Puget Sound,Puyallup R. System,Puyallup River,804,Coho,8,2023,822.0
Salmon_Freshwater_Estimates_2023.xlsx,2023-24,Puget Sound,Puyallup R. System,Puyallup River,804,Coho,9,2023,3167.0
Salmon_Freshwater_Estimates_2023.xlsx,2023-24,Puget Sound,Puyallup R. System,Puyallup River,804,Coho,10,2023,402.0
Salmon_Freshwater_Estimates_2023.xlsx,2023-24,Puget Sound,Puyallup R. System,Puyallup River,804,Jackchin,8,2023,116.0
Salmon_Freshwater_Estimates_2023.xlsx,2023-24,Puget Sound,Puyallup R. System,Puyallup River,804,Jackchin,9,2023,83.0
Salmon_Freshwater_Estimates_2023.xlsx,2023-24,Puget Sound,Puyallup R. System,Puyallup River,804,Jackchin,10,2023,17.0
Salmon_Freshwater_Estimates_2023.xlsx,2023-24,Puget Sound,Puyallup R. System,Puyallup River,804,Jackcoho,8,2023,265.0
Salmon_Freshwater_Estimates_2023.xlsx,2023-24,Puget Sound,Puyallup R. System,Puyallup River,804,Jackcoho,9,2023,779.0
Salmon_Freshwater_Estimates_2023.xlsx,2023-24,Puget Sound,Puyallup R. System,Puyallup River,804,Jackcoho,10,2023,83.0
Salmon_Freshwater_Estimates_2023.xlsx,2023-24,Puget Sound,Quilcene R. System,Quilcene River,812,Chinook,5,2023,17.0
Salmon_Freshwater_Estimates_2023.xlsx,2023-24,Puget Sound,Quilcene R. System,Quilcene River,812,Chinook,9,2023,17.0
Salmon_Freshwater_Estimates_2023.xlsx,2023-24,Puget Sound,Quilcene R. System,Quilcene River,812,Chum,9,2023,17.0
Salmon_Freshwater_Estimates_2023.xlsx,2023-24,Puget Sound,Quilcene R. System,Quilcene River,812,Pink,8,2023,50.0
Salmon_Freshwater_Estimates_2023.xlsx,2023-24,Puget Sound,Quilcene R. System,Quilcene River,812,Pink,9,2023,67.0
Salmon_Freshwater_Estimates_2023.xlsx,2023-24,Puget Sound,Quilcene R. System,Quilcene River,812,Coho,8,2023,1536.0
Salmon_Freshwater_Estimates_2023.xlsx,2023-24,Puget Sound,Quilcene R. System,Quilcene River,812,Coho,9,2023,1052.0
Salmon_Freshwater_Estimates_2023.xlsx,2023-24,Puget Sound,Quilcene R. System,Quilcene River,812,Coho,10,2023,117.0
Salmon_Freshwater_Estimates_2023.xlsx,2023-24,Puget Sound,Quilcene R. System,Quilcene River,812,Jackcoho,8,2023,83.0
Salmon_Freshwater_Estimates_2023.xlsx,2023-24,Puget Sound,Quilcene R. System,Quilcene River,812,Jackcoho,10,2023,17.0
Salmon_Freshwater_Estimates_2023.xlsx,2023-24,Puget Sound,Skagit R. System,Baker Lake,825,Chinook,7,2023,16.0
Salmon_Freshwater_Estimates_2023.xlsx,2023-24,Puget Sound,Skagit R. System,Baker Lake,825,Coho,10,2023,33.0
Salmon_Freshwater_Estimates_2023.xlsx,2023-24,Puget Sound,Skagit R. System,Baker Lake,825,Sockeye,7,2023,11036.0
Salmon_Freshwater_Estimates_2023.xlsx,2023-24,Puget Sound,Skagit R. System,Baker Lake,825,Sockeye,8,2023,1628.0
Salmon_Freshwater_Estimates_2023.xlsx,2023-24,Puget Sound,Skagit R. System,Baker Lake,825,Sockeye,9,2023,16.0
Salmon_Freshwater_Estimates_2023.xlsx,2023-24,Puget Sound,Skagit R. System,Baker Lake,825,Sockeye,2,2024,16.0
Salmon_Freshwater_Estimates_2023.xlsx,2023-24,Puget Sound,Skagit R. System,Baker River,824,Chinook,8,2023,33.0
Salmon_Freshwater_Estimates_2023.xlsx,2023-24,Puget Sound,Skagit R. System,Baker River,824,Pink,10,2023,33.0
Salmon_Freshwater_Estimates_2023.xlsx,2023-24,Puget Sound,Skagit R. System,Baker River,824,Coho,8,2023,33.0
Salmon_Freshwater_Estimates_2023.xlsx,2023-24,Puget Sound,Skagit R. System,Baker River,824,Coho,9,2023,16.0
Salmon_Freshwater_Estimates_2023.xlsx,2023-24,Puget Sound,Skagit R. System,Baker River,824,Sockeye,7,2023,65.0
Salmon_Freshwater_Estimates_2023.xlsx,2023-24,Puget Sound,Skagit R. System,Cascade River,826,Chinook,6,2023,211.0
Salmon_Freshwater_Estimates_2023.xlsx,2023-24,Puget Sound,Skagit R. System,Cascade River,826,Chinook,7,2023,81.0
Salmon_Freshwater_Estimates_2023.xlsx,2023-24,Puget Sound,Skagit R. System,Cascade River,826,Chinook,8,2023,16.0
Salmon_Freshwater_Estimates_2023.xlsx,2023-24,Puget Sound,Skagit R. System,Cascade River,826,Chinook,9,2023,16.0
Salmon_Freshwater_Estimates_2023.xlsx,2023-24,Puget Sound,Skagit R. System,Cascade River,826,Pink,10,2023,33.0
Salmon_Freshwater_Estimates_2023.xlsx,2023-24,Puget Sound,Skagit R. System,Cascade River,826,Coho,9,2023,230.0
Salmon_Freshwater_Estimates_2023.xlsx,2023-24,Puget Sound,Skagit R. System,Cascade River,826,Coho,10,2023,1101.0
Salmon_Freshwater_Estimates_2023.xlsx,2023-24,Puget Sound,Skagit R. System,Cascade River,826,Coho,11,2023,148.0
Salmon_Freshwater_Estimates_2023.xlsx,2023-24,Puget Sound,Skagit R. System,Cascade River,826,Sockeye,7,2023,98.0
Salmon_Freshwater_Estimates_2023.xlsx,2023-24,Puget Sound,Skagit R. System,Cascade River,826,Jackcoho,10,2023,16.0
Salmon_Freshwater_Estimates_2023.xlsx,2023-24,Puget Sound,Skagit R. System,Sauk River,828,Sockeye,7,2023,49.0
Salmon_Freshwater_Estimates_2023.xlsx,2023-24,Puget Sound,Skagit R. System,Skagit River,830,Chinook,5,2023,58.0
Salmon_Freshwater_Estimates_2023.xlsx,2023-24,Puget Sound,Skagit R. System,Skagit River,830,Chinook,6,2023,194.0
Salmon_Freshwater_Estimates_2023.xlsx,2023-24,Puget Sound,Skagit R. System,Skagit River,830,Chinook,7,2023,41.0
Salmon_Freshwater_Estimates_2023.xlsx,2023-24,Puget Sound,Skagit R. System,Skagit River,830,Chinook,8,2023,19.0
Salmon_Freshwater_Estimates_2023.xlsx,2023-24,Puget Sound,Skagit R. System,Skagit River,830,Chinook,9,2023,39.0
Salmon_Freshwater_Estimates_2023.xlsx,2023-24,Puget Sound,Skagit R. System,Skagit River,830,Chinook,10,2023,58.0
Salmon_Freshwater_Estimates_2023.xlsx,2023-24,Puget Sound,Skagit R. System,Skagit River,830,Chum,12,2023,16.0
Salmon_Freshwater_Estimates_2023.xlsx,2023-24,Puget Sound,Skagit R. System,Skagit River,830,Pink,7,2023,36.0
Salmon_Freshwater_Estimates_2023.xlsx,2023-24,Puget Sound,Skagit R. System,Skagit River,830,Pink,8,2023,5146.0
Salmon_Freshwater_Estimates_2023.xlsx,2023-24,Puget Sound,Skagit R. System,Skagit River,830,Pink,9,2023,15400.0
Salmon_Freshwater_Estimates_2023.xlsx,2023-24,Puget Sound,Skagit R. System,Skagit River,830,Pink,10,2023,1121.0
Salmon_Freshwater_Estimates_2023.xlsx,2023-24,Puget Sound,Skagit R. System,Skagit River,830,Pink,12,2023,16.0
Salmon_Freshwater_Estimates_2023.xlsx,2023-24,Puget Sound,Skagit R. System,Skagit River,830,Coho,8,2023,18.0
Salmon_Freshwater_Estimates_2023.xlsx,2023-24,Puget Sound,Skagit R. System,Skagit River,830,Coho,9,2023,777.0
Salmon_Freshwater_Estimates_2023.xlsx,2023-24,Puget Sound,Skagit R. System,Skagit River,830,Coho,10,2023,2089.0
Salmon_Freshwater_Estimates_2023.xlsx,2023-24,Puget Sound,Skagit R. System,Skagit River,830,Coho,11,2023,792.0
Salmon_Freshwater_Estimates_2023.xlsx,2023-24,Puget Sound,Skagit R. System,Skagit River,830,Sockeye,6,2023,179.0
Salmon_Freshwater_Estimates_2023.xlsx,2023-24,Puget Sound,Skagit R. System,Skagit River,830,Sockeye,7,2023,369.0
Salmon_Freshwater_Estimates_2023.xlsx,2023-24,Puget Sound,Skagit R. System,Skagit River,830,Sockeye,9,2023,65.0
Salmon_Freshwater_Estimates_2023.xlsx,2023-24,Puget Sound,Skagit R. System,Skagit River,830,Sockeye,10,2023,49.0
Salmon_Freshwater_Estimates_2023.xlsx,2023-24,Puget Sound,Skagit R. System,Skagit River,830,Jackchin,5,2023,16.0
Salmon_Freshwater_Estimates_2023.xlsx,2023-24,Puget Sound,Skagit R. System,Skagit River,830,Jackchin,6,2023,49.0
Salmon_Freshwater_Estimates_2023.xlsx,2023-24,Puget Sound,Skagit R. System,Skagit River,830,Jackcoho,10,2023,98.0
Salmon_Freshwater_Estimates_2023.xlsx,2023-24,Puget Sound,Skagit R. System,Suiattle River,832,Coho,12,2023,33.0
Salmon_Freshwater_Estimates_2023.xlsx,2023-24,Puget Sound,Skokomish R. System,Skokomish River,834,Pink,8,2023,132.0
Salmon_Freshwater_Estimates_2023.xlsx,2023-24,Puget Sound,Skokomish R. System,Skokomish River,834,Pink,9,2023,202.0
Salmon_Freshwater_Estimates_2023.xlsx,2023-24,Puget Sound,Skokomish R. System,Skokomish River,834,Coho,9,2023,9.0
Salmon_Freshwater_Estimates_2023.xlsx,2023-24,Puget Sound,Snohomish R. System,Canyon Creek,866,Pink,9,2023,145.0
Salmon_Freshwater_Estimates_2023.xlsx,2023-24,Puget Sound,Snohomish R. System,Pilchuck River (Snohomish System),840,Pink,9,2023,305.0
Salmon_Freshwater_Estimates_2023.xlsx,2023-24,Puget Sound,Snohomish R. System,Skykomish River,844,Chinook,9,2023,16.0
Salmon_Freshwater_Estimates_2023.xlsx,2023-24,Puget Sound,Snohomish R. System,Skykomish River,844,Pink,9,2023,225.0
Salmon_Freshwater_Estimates_2023.xlsx,2023-24,Puget Sound,Snohomish R. System,Skykomish River,844,Pink,10,2023,16.0
Salmon_Freshwater_Estimates_2023.xlsx,2023-24,Puget Sound,Snohomish R. System,Skykomish River,844,Coho,10,2023,112.0
Salmon_Freshwater_Estimates_2023.xlsx,2023-24,Puget Sound,Snohomish R. System,Skykomish River,844,Coho,11,2023,32.0
Salmon_Freshwater_Estimates_2023.xlsx,2023-24,Puget Sound,Snohomish R. System,Snohomish River,850,Chum,10,2023,16.0
Salmon_Freshwater_Estimates_2023.xlsx,2023-24,Puget Sound,Snohomish R. System,Snohomish River,850,Pink,8,2023,180.0
Salmon_Freshwater_Estimates_2023.xlsx,2023-24,Puget Sound,Snohomish R. System,Snohomish River,850,Pink,9,2023,18343.0
Salmon_Freshwater_Estimates_2023.xlsx,2023-24,Puget Sound,Snohomish R. System,Snohomish River,850,Pink,10,2023,3623.0
Salmon_Freshwater_Estimates_2023.xlsx,2023-24,Puget Sound,Snohomish R. System,Snohomish River,850,Pink,11,2023,33.0
Salmon_Freshwater_Estimates_2023.xlsx,2023-24,Puget Sound,Snohomish R. System,Snohomish River,850,Coho,9,2023,245.0
Salmon_Freshwater_Estimates_2023.xlsx,2023-24,Puget Sound,Snohomish R. System,Snohomish River,850,Coho,10,2023,2613.0
Salmon_Freshwater_Estimates_2023.xlsx,2023-24,Puget Sound,Snohomish R. System,Snohomish River,850,Coho,11,2023,65.0
Salmon_Freshwater_Estimates_2023.xlsx,2023-24,Puget Sound,Snohomish R. System,Snohomish River,850,Sockeye,10,2023,16.0
Salmon_Freshwater_Estimates_2023.xlsx,2023-24,Puget Sound,Snohomish R. System,Snohomish River,850,Jackcoho,9,2023,20.0
Salmon_Freshwater_Estimates_2023.xlsx,2023-24,Puget Sound,Snohomish R. System,Snohomish River,850,Jackcoho,10,2023,60.0
Salmon_Freshwater_Estimates_2023.xlsx,2023-24,Puget Sound,Snohomish R. System,Snoqualmie River,852,Pink,9,2023,80.0
Salmon_Freshwater_Estimates_2023.xlsx,2023-24,Puget Sound,Snohomish R. System,Snoqualmie River,852,Coho,10,2023,32.0
Salmon_Freshwater_Estimates_2023.xlsx,2023-24,Puget Sound,Snohomish R. System,Snoqualmie River,852,Coho,11,2023,32.0
Salmon_Freshwater_Estimates_2023.xlsx,2023-24,Puget Sound,Snohomish R. System,Stillaguamish River,872,Pink,9,2023,1461.0
Salmon_Freshwater_Estimates_2023.xlsx,2023-24,Puget Sound,Snohomish R. System,Stillaguamish River,872,Pink,10,2023,257.0
Salmon_Freshwater_Estimates_2023.xlsx,2023-24,Puget Sound,Snohomish R. System,Stillaguamish River,872,Coho,9,2023,96.0
Salmon_Freshwater_Estimates_2023.xlsx,2023-24,Puget Sound,Snohomish R. System,Stillaguamish River,872,Coho,10,2023,80.0
Salmon_Freshwater_Estimates_2023.xlsx,2023-24,Puget Sound,Snohomish R. System,Tolt River,858,Pink,9,2023,96.0
Salmon_Freshwater_Estimates_2023.xlsx,2023-24,Puget Sound,Snohomish R. System,Wallace River,860,Pink,9,2023,64.0
Salmon_Freshwater_Estimates_2023.xlsx,2023-24,Puget Sound,Snohomish R. System,Wallace River,860,Coho,10,2023,401.0
Salmon_Freshwater_Estimates_2023.xlsx,2023-24,Puget Sound,Snohomish R. System,Wallace River,860,Coho,11,2023,145.0
Salmon_Freshwater_Estimates_2023.xlsx,2023-24,Unknown,Unknown,Unknown,192,Chinook,4,2023,55.0
Salmon_Freshwater_Estimates_2023.xlsx,2023-24,Unknown,Unknown,Unknown,192,Chinook,5,2023,55.0
Salmon_Freshwater_Estimates_2023.xlsx,2023-24,Unknown,Unknown,Unknown,192,Chinook,6,2023,55.0
Salmon_Freshwater_Estimates_2023.xlsx,2023-24,Unknown,Unknown,Unknown,192,Chinook,7,2023,109.0
Salmon_Freshwater_Estimates_2023.xlsx,2023-24,Unknown,Unknown,Unknown,192,Chinook,8,2023,164.0
Salmon_Freshwater_Estimates_2023.xlsx,2023-24,Unknown,Unknown,Unknown,192,Chinook,9,2023,383.0
Salmon_Freshwater_Estimates_2023.xlsx,2023-24,Unknown,Unknown,Unknown,192,Chinook,10,2023,73.0
Salmon_Freshwater_Estimates_2023.xlsx,2023-24,Unknown,Unknown,Unknown,192,Pink,8,2023,1630.0
Salmon_Freshwater_Estimates_2023.xlsx,2023-24,Unknown,Unknown,Unknown,192,Pink,9,2023,1585.0
Salmon_Freshwater_Estimates_2023.xlsx,2023-24,Unknown,Unknown,Unknown,192,Pink,10,2023,226.0
Salmon_Freshwater_Estimates_2023.xlsx,2023-24,Unknown,Unknown,Unknown,192,Coho,7,2023,243.0
Salmon_Freshwater_Estimates_2023.xlsx,2023-24,Unknown,Unknown,Unknown,192,Coho,8,2023,421.0
Salmon_Freshwater_Estimates_2023.xlsx,2023-24,Unknown,Unknown,Unknown,192,Coho,9,2023,421.0
Salmon_Freshwater_Estimates_2023.xlsx,2023-24,Unknown,Unknown,Unknown,192,Coho,10,2023,376.0
Salmon_Freshwater_Estimates_2023.xlsx,2023-24,Unknown,Unknown,Unknown,192,Coho,11,2023,89.0
Salmon_Freshwater_Estimates_2023.xlsx,2023-24,Unknown,Unknown,Unknown,192,Coho,3,2024,22.0
Salmon_Freshwater_Estimates_2023.xlsx,2023-24,Unknown,Unknown,Unknown,192,Sockeye,7,2023,214.0
Salmon_Freshwater_Estimates_2023.xlsx,2023-24,Unknown,Unknown,Unknown,192,Sockeye,8,2023,123.0
Salmon_Freshwater_Estimates_2023.xlsx,2023-24,Unknown,Unknown,Unknown,192,Sockeye,9,2023,15.0
Salmon_Freshwater_Estimates_2023.xlsx,2023-24,Unknown,Unknown,Unknown,192,Jackchin,7,2023,14.0
Salmon_Freshwater_Estimates_2023.xlsx,2023-24,Unknown,Unknown,Unknown,192,Jackchin,9,2023,27.0
Salmon_Freshwater_Estimates_2023.xlsx,2023-24,Unknown,Unknown,Unknown,192,Jackcoho,7,2023,14.0
Salmon_Freshwater_Estimates_2023.xlsx,2023-24,Unknown,Unknown,Unknown,192,Jackcoho,9,2023,54.0
Salmon_Freshwater_Estimates_2023.xlsx,2023-24,Unknown,Unknown,Unknown,192,Jackcoho,10,2023,149.0
Salmon_Freshwater_Estimates_2024_Final.xlsx,2024-25,Coastal,Grays Harbor,Elk River,342,Coho,10,2024,68.0
Salmon_Freshwater_Estimates_2024_Final.xlsx,2024-25,Coastal,Grays Harbor,Hoquiam River,355,Chinook,10,2024,14.0
Salmon_Freshwater_Estimates_2024_Final.xlsx,2024-25,Coastal,Grays Harbor,Hoquiam River,355,Coho,9,2024,54.0
Salmon_Freshwater_Estimates_2024_Final.xlsx,2024-25,Coastal,Grays Harbor,Hoquiam River,355,Coho,10,2024,122.0
Salmon_Freshwater_Estimates_2024_Final.xlsx,2024-25,Coastal,Grays Harbor,Hoquiam River,355,Coho,11,2024,54.0
Salmon_Freshwater_Estimates_2024_Final.xlsx,2024-25,Coastal,Grays Harbor,Humptulips River,358,Chinook,4,2024,41.0
Salmon_Freshwater_Estimates_2024_Final.xlsx,2024-25,Coastal,Grays Harbor,Humptulips River,358,Chinook,8,2024,14.0
Salmon_Freshwater_Estimates_2024_Final.xlsx,2024-25,Coastal,Grays Harbor,Humptulips River,358,Chinook,9,2024,1422.0
Salmon_Freshwater_Estimates_2024_Final.xlsx,2024-25,Coastal,Grays Harbor,Humptulips River,358,Chinook,10,2024,251.0
Salmon_Freshwater_Estimates_2024_Final.xlsx,2024-25,Coastal,Grays Harbor,Humptulips River,358,Chum,10,2024,97.0
Salmon_Freshwater_Estimates_2024_Final.xlsx,2024-25,Coastal,Grays Harbor,Humptulips River,358,Chum,11,2024,192.0
Salmon_Freshwater_Estimates_2024_Final.xlsx,2024-25,Coastal,Grays Harbor,Humptulips River,358,Coho,9,2024,439.0
Salmon_Freshwater_Estimates_2024_Final.xlsx,2024-25,Coastal,Grays Harbor,Humptulips River,358,Coho,10,2024,1886.0
Salmon_Freshwater_Estimates_2024_Final.xlsx,2024-25,Coastal,Grays Harbor,Humptulips River,358,Coho,11,2024,369.0
Salmon_Freshwater_Estimates_2024_Final.xlsx,2024-25,Coastal,Grays Harbor,Humptulips River,358,Coho,12,2024,53.0
Salmon_Freshwater_Estimates_2024_Final.xlsx,2024-25,Coastal,Grays Harbor,Humptulips River,358,Jackchin,9,2024,65.0
Salmon_Freshwater_Estimates_2024_Final.xlsx,2024-25,Coastal,Grays Harbor,Humptulips River,358,Jackcoho,8,2024,14.0
Salmon_Freshwater_Estimates_2024_Final.xlsx,2024-25,Coastal,Grays Harbor,Humptulips River,358,Jackcoho,9,2024,53.0
Salmon_Freshwater_Estimates_2024_Final.xlsx,2024-25,Coastal,Grays Harbor,Humptulips River,358,Jackcoho,10,2024,34.0
Salmon_Freshwater_Estimates_2024_Final.xlsx,2024-25,Coastal,Grays Harbor,Humptulips River,358,Jackcoho,11,2024,4.0
Salmon_Freshwater_Estimates_2024_Final.xlsx,2024-25,Coastal,Grays Harbor,Johns River,367,Coho,10,2024,95.0
Salmon_Freshwater_Estimates_2024_Final.xlsx,2024-25,Coastal,Grays Harbor,Johns River,367,Jackcoho,10,2024,14.0
Salmon_Freshwater_Estimates_2024_Final.xlsx,2024-25,Coastal,Grays Harbor,Wishkah River,335,Coho,10,2024,27.0
Salmon_Freshwater_Estimates_2024_Final.xlsx,2024-25,Coastal,Grays Harbor,Wishkah River,335,Coho,11,2024,27.0
Salmon_Freshwater_Estimates_2024_Final.xlsx,2024-25,Coastal,Grays Harbor,Wishkah River,335,Jackchin,10,2024,14.0
Salmon_Freshwater_Estimates_2024_Final.xlsx,2024-25,Coastal,Grays Harbor,Wishkah River,335,Jackcoho,10,2024,14.0
Salmon_Freshwater_Estimates_2024_Final.xlsx,2024-25,Coastal,Chehalis R. System,Chehalis River,315,Chinook,9,2024,11.0
Salmon_Freshwater_Estimates_2024_Final.xlsx,2024-25,Coastal,Chehalis R. System,Chehalis River,315,Chum,10,2024,14.0
Salmon_Freshwater_Estimates_2024_Final.xlsx,2024-25,Coastal,Chehalis R. System,Chehalis River,315,Coho,6,2024,14.0
Salmon_Freshwater_Estimates_2024_Final.xlsx,2024-25,Coastal,Chehalis R. System,Chehalis River,315,Coho,8,2024,82.0
Salmon_Freshwater_Estimates_2024_Final.xlsx,2024-25,Coastal,Chehalis R. System,Chehalis River,315,Coho,9,2024,2637.0
Salmon_Freshwater_Estimates_2024_Final.xlsx,2024-25,Coastal,Chehalis R. System,Chehalis River,315,Coho,10,2024,6256.0
Salmon_Freshwater_Estimates_2024_Final.xlsx,2024-25,Coastal,Chehalis R. System,Chehalis River,315,Coho,11,2024,3035.0
Salmon_Freshwater_Estimates_2024_Final.xlsx,2024-25,Coastal,Chehalis R. System,Chehalis River,315,Coho,12,2024,407.0
Salmon_Freshwater_Estimates_2024_Final.xlsx,2024-25,Coastal,Chehalis R. System,Chehalis River,315,Jackchin,7,2024,14.0
Salmon_Freshwater_Estimates_2024_Final.xlsx,2024-25,Coastal,Chehalis R. System,Chehalis River,315,Jackchin,8,2024,14.0
Salmon_Freshwater_Estimates_2024_Final.xlsx,2024-25,Coastal,Chehalis R. System,Chehalis River,315,Jackchin,9,2024,77.0
Salmon_Freshwater_Estimates_2024_Final.xlsx,2024-25,Coastal,Chehalis R. System,Chehalis River,315,Jackchin,10,2024,33.0
Salmon_Freshwater_Estimates_2024_Final.xlsx,2024-25,Coastal,Chehalis R. System,Chehalis River,315,Jackcoho,8,2024,14.0
Salmon_Freshwater_Estimates_2024_Final.xlsx,2024-25,Coastal,Chehalis R. System,Chehalis River,315,Jackcoho,9,2024,575.0
Salmon_Freshwater_Estimates_2024_Final.xlsx,2024-25,Coastal,Chehalis R. System,Chehalis River,315,Jackcoho,10,2024,304.0
Salmon_Freshwater_Estimates_2024_Final.xlsx,2024-25,Coastal,Chehalis R. System,Chehalis River,315,Jackcoho,11,2024,37.0
Salmon_Freshwater_Estimates_2024_Final.xlsx,2024-25,Coastal,Chehalis R. System,Chehalis River,315,Jackcoho,12,2024,26.0
Salmon_Freshwater_Estimates_2024_Final.xlsx,2024-25,Coastal,Chehalis R. System,Satsop River,329,Chinook,8,2024,27.0
Salmon_Freshwater_Estimates_2024_Final.xlsx,2024-25,Coastal,Chehalis R. System,Satsop River,329,Chinook,10,2024,14.0
Salmon_Freshwater_Estimates_2024_Final.xlsx,2024-25,Coastal,Chehalis R. System,Satsop River,329,Chum,10,2024,27.0
Salmon_Freshwater_Estimates_2024_Final.xlsx,2024-25,Coastal,Chehalis R. System,Satsop River,329,Chum,11,2024,63.0
Salmon_Freshwater_Estimates_2024_Final.xlsx,2024-25,Coastal,Chehalis R. System,Satsop River,329,Coho,10,2024,3304.0
Salmon_Freshwater_Estimates_2024_Final.xlsx,2024-25,Coastal,Chehalis R. System,Satsop River,329,Coho,11,2024,1256.0
Salmon_Freshwater_Estimates_2024_Final.xlsx,2024-25,Coastal,Chehalis R. System,Satsop River,329,Coho,12,2024,236.0
Salmon_Freshwater_Estimates_2024_Final.xlsx,2024-25,Coastal,Chehalis R. System,Satsop River,329,Jackchin,10,2024,68.0
Salmon_Freshwater_Estimates_2024_Final.xlsx,2024-25,Coastal,Chehalis R. System,Satsop River,329,Jackcoho,10,2024,380.0
Salmon_Freshwater_Estimates_2024_Final.xlsx,2024-25,Coastal,Chehalis R. System,Satsop River,329,Jackcoho,11,2024,19.0
Salmon_Freshwater_Estimates_2024_Final.xlsx,2024-25,Coastal,Chehalis R. System,Satsop River,329,Jackcoho,12,2024,1.0
Salmon_Freshwater_Estimates_2024_Final.xlsx,2024-25,Coastal,Chehalis R. System,Skookumchuck River,333,Coho,11,2024,27.0
Salmon_Freshwater_Estimates_2024_Final.xlsx,2024-25,Coastal,Chehalis R. System,Skookumchuck River,333,Coho,12,2024,68.0
Salmon_Freshwater_Estimates_2024_Final.xlsx,2024-25,Coastal,Chehalis R. System,Skookumchuck River,333,Jackcoho,11,2024,14.0
Salmon_Freshwater_Estimates_2024_Final.xlsx,2024-25,Coastal,Chehalis R. System,Wynoochee River,337,Chinook,10,2024,14.0
Salmon_Freshwater_Estimates_2024_Final.xlsx,2024-25,Coastal,Chehalis R. System,Wynoochee River,337,Chum,10,2024,54.0
Salmon_Freshwater_Estimates_2024_Final.xlsx,2024-25,Coastal,Chehalis R. System,Wynoochee River,337,Coho,10,2024,284.0
Salmon_Freshwater_Estimates_2024_Final.xlsx,2024-25,Coastal,Chehalis R. System,Wynoochee River,337,Coho,11,2024,256.0
Salmon_Freshwater_Estimates_2024_Final.xlsx,2024-25,Coastal,Copalis R. System,Copalis River,339,Coho,9,2024,51.0
Salmon_Freshwater_Estimates_2024_Final.xlsx,2024-25,Coastal,Copalis R. System,Copalis River,339,Coho,10,2024,137.0
Salmon_Freshwater_Estimates_2024_Final.xlsx,2024-25,Coastal,Copalis R. System,Copalis River,339,Jackcoho,10,2024,16.0
Salmon_Freshwater_Estimates_2024_Final.xlsx,2024-25,Coastal,Goodman Cr. System,Goodman Creek,345,Sockeye,8,2024,16.0
Salmon_Freshwater_Estimates_2024_Final.xlsx,2024-25,Coastal,Hoh R. System,Hoh River above Oxbow Launch,348,Coho,10,2024,80.0
Salmon_Freshwater_Estimates_2024_Final.xlsx,2024-25,Coastal,Hoh R. System,Hoh River above Oxbow Launch,348,Coho,11,2024,27.0
Salmon_Freshwater_Estimates_2024_Final.xlsx,2024-25,Coastal,Hoh R. System,Hoh River below Oxbow Launch,350,Chinook,10,2024,120.0
Salmon_Freshwater_Estimates_2024_Final.xlsx,2024-25,Coastal,Hoh R. System,Hoh River below Oxbow Launch,350,Coho,10,2024,134.0
Salmon_Freshwater_Estimates_2024_Final.xlsx,2024-25,Coastal,Hoh R. System,Hoh River below Oxbow Launch,350,Jackchin,10,2024,40.0
Salmon_Freshwater_Estimates_2024_Final.xlsx,2024-25,Coastal,Joe Creek System,Joe Creek,323,Coho,10,2024,63.0
Salmon_Freshwater_Estimates_2024_Final.xlsx,2024-25,Coastal,Joe Creek System,Joe Creek,323,Jackchin,10,2024,16.0
Salmon_Freshwater_Estimates_2024_Final.xlsx,2024-25,Coastal,Queets R. System,Clearwater River,392,Coho,9,2024,14.0
Salmon_Freshwater_Estimates_2024_Final.xlsx,2024-25,Coastal,Queets R. System,Clearwater River,392,Coho,11,2024,69.0
Salmon_Freshwater_Estimates_2024_Final.xlsx,2024-25,Coastal,Queets R. System,Queets River,394,Coho,9,2024,83.0
Salmon_Freshwater_Estimates_2024_Final.xlsx,2024-25,Coastal,Queets R. System,Queets River,394,Coho,10,2024,14.0
Salmon_Freshwater_Estimates_2024_Final.xlsx,2024-25,Coastal,Queets R. System,Salmon River (Jefferson Co),396,Coho,9,2024,55.0
Salmon_Freshwater_Estimates_2024_Final.xlsx,2024-25,Coastal,Queets R. System,Salmon River (Jefferson Co),396,Coho,10,2024,83.0
Salmon_Freshwater_Estimates_2024_Final.xlsx,2024-25,Coastal,Queets R. System,Salmon River (Jefferson Co),396,Coho,11,2024,28.0
Salmon_Freshwater_Estimates_2024_Final.xlsx,2024-25,Coastal,Queets R. System,Salmon River (Jefferson Co),396,Jackcoho,11,2024,42.0
Salmon_Freshwater_Estimates_2024_Final.xlsx,2024-25,Coastal,Quillayute R. System,Bogachiel River,398,Chinook,9,2024,27.0
Salmon_Freshwater_Estimates_2024_Final.xlsx,2024-25,Coastal,Quillayute R. System,Bogachiel River,398,Chinook,10,2024,27.0
Salmon_Freshwater_Estimates_2024_Final.xlsx,2024-25,Coastal,Quillayute R. System,Bogachiel River,398,Chinook,11,2024,13.0
Salmon_Freshwater_Estimates_2024_Final.xlsx,2024-25,Coastal,Quillayute R. System,Bogachiel River,398,Coho,9,2024,18.0
Salmon_Freshwater_Estimates_2024_Final.xlsx,2024-25,Coastal,Quillayute R. System,Bogachiel River,398,Coho,10,2024,36.0
Salmon_Freshwater_Estimates_2024_Final.xlsx,2024-25,Coastal,Quillayute R. System,Bogachiel River,398,Jackchin,9,2024,13.0
Salmon_Freshwater_Estimates_2024_Final.xlsx,2024-25,Coastal,Quillayute R. System,Dickey River (Clallam Co),402,Jackchin,8,2024,27.0
Salmon_Freshwater_Estimates_2024_Final.xlsx,2024-25,Coastal,Quillayute R. System,Dickey River (Clallam Co),402,Jackcoho,8,2024,13.0
Salmon_Freshwater_Estimates_2024_Final.xlsx,2024-25,Coastal,Quillayute R. System,Quillayute River,404,Chinook,8,2024,15.0
Salmon_Freshwater_Estimates_2024_Final.xlsx,2024-25,Coastal,Quillayute R. System,Quillayute River,404,Chinook,9,2024,25.0
Salmon_Freshwater_Estimates_2024_Final.xlsx,2024-25,Coastal,Quillayute R. System,Quillayute River,404,Chinook,10,2024,134.0
Salmon_Freshwater_Estimates_2024_Final.xlsx,2024-25,Coastal,Quillayute R. System,Quillayute River,404,Coho,7,2024,13.0
Salmon_Freshwater_Estimates_2024_Final.xlsx,2024-25,Coastal,Quillayute R. System,Quillayute River,404,Coho,9,2024,12.0
Salmon_Freshwater_Estimates_2024_Final.xlsx,2024-25,Coastal,Quillayute R. System,Quillayute River,404,Coho,10,2024,132.0
Salmon_Freshwater_Estimates_2024_Final.xlsx,2024-25,Coastal,Quillayute R. System,Quillayute River,404,Jackchin,8,2024,40.0
Salmon_Freshwater_Estimates_2024_Final.xlsx,2024-25,Coastal,Quillayute R. System,Quillayute River,404,Jackchin,9,2024,21.0
Salmon_Freshwater_Estimates_2024_Final.xlsx,2024-25,Coastal,Quillayute R. System,Quillayute River,404,Jackchin,10,2024,4.0
Salmon_Freshwater_Estimates_2024_Final.xlsx,2024-25,Coastal,Quillayute R. System,Sol Duc River,406,Chinook,4,2024,40.0
Salmon_Freshwater_Estimates_2024_Final.xlsx,2024-25,Coastal,Quillayute R. System,Sol Duc River,406,Chinook,5,2024,81.0
Salmon_Freshwater_Estimates_2024_Final.xlsx,2024-25,Coastal,Quillayute R. System,Sol Duc River,406,Chinook,6,2024,54.0
Salmon_Freshwater_Estimates_2024_Final.xlsx,2024-25,Coastal,Quillayute R. System,Sol Duc River,406,Chinook,7,2024,54.0
Salmon_Freshwater_Estimates_2024_Final.xlsx,2024-25,Coastal,Quillayute R. System,Sol Duc River,406,Chinook,9,2024,2.0
Salmon_Freshwater_Estimates_2024_Final.xlsx,2024-25,Coastal,Quillayute R. System,Sol Duc River,406,Chinook,10,2024,235.0
Salmon_Freshwater_Estimates_2024_Final.xlsx,2024-25,Coastal,Quillayute R. System,Sol Duc River,406,Chinook,11,2024,43.0
Salmon_Freshwater_Estimates_2024_Final.xlsx,2024-25,Coastal,Quillayute R. System,Sol Duc River,406,Chinook,2,2025,13.0
Salmon_Freshwater_Estimates_2024_Final.xlsx,2024-25,Coastal,Quillayute R. System,Sol Duc River,406,Chinook,3,2025,27.0
Salmon_Freshwater_Estimates_2024_Final.xlsx,2024-25,Coastal,Quillayute R. System,Sol Duc River,406,Coho,8,2024,14.0
Salmon_Freshwater_Estimates_2024_Final.xlsx,2024-25,Coastal,Quillayute R. System,Sol Duc River,406,Coho,9,2024,5.0
Salmon_Freshwater_Estimates_2024_Final.xlsx,2024-25,Coastal,Quillayute R. System,Sol Duc River,406,Coho,10,2024,200.0
Salmon_Freshwater_Estimates_2024_Final.xlsx,2024-25,Coastal,Quillayute R. System,Sol Duc River,406,Coho,11,2024,116.0
Salmon_Freshwater_Estimates_2024_Final.xlsx,2024-25,Coastal,Quillayute R. System,Sol Duc River,406,Jackchin,5,2024,27.0
Salmon_Freshwater_Estimates_2024_Final.xlsx,2024-25,Coastal,Quillayute R. System,Sol Duc River,406,Jackchin,9,2024,1.0
Salmon_Freshwater_Estimates_2024_Final.xlsx,2024-25,Coastal,Quillayute R. System,Sol Duc River,406,Jackchin,10,2024,16.0
Salmon_Freshwater_Estimates_2024_Final.xlsx,2024-25,Coastal,Quillayute R. System,Sol Duc River,406,Jackchin,11,2024,1.0
Salmon_Freshwater_Estimates_2024_Final.xlsx,2024-25,Coastal,Quinault R. System,Quinault River,410,Coho,10,2024,16.0
Salmon_Freshwater_Estimates_2024_Final.xlsx,2024-25,Coastal,Willapa Bay,Naselle River,375,Chinook,7,2024,13.0
Salmon_Freshwater_Estimates_2024_Final.xlsx,2024-25,Coastal,Willapa Bay,Naselle River,375,Chinook,8,2024,213.0
Salmon_Freshwater_Estimates_2024_Final.xlsx,2024-25,Coastal,Willapa Bay,Naselle River,375,Chinook,9,2024,293.0
Salmon_Freshwater_Estimates_2024_Final.xlsx,2024-25,Coastal,Willapa Bay,Naselle River,375,Chinook,10,2024,53.0
Salmon_Freshwater_Estimates_2024_Final.xlsx,2024-25,Coastal,Willapa Bay,Naselle River,375,Chinook,11,2024,13.0
Salmon_Freshwater_Estimates_2024_Final.xlsx,2024-25,Coastal,Willapa Bay,Naselle River,375,Chum,10,2024,13.0
Salmon_Freshwater_Estimates_2024_Final.xlsx,2024-25,Coastal,Willapa Bay,Naselle River,375,Coho,9,2024,364.0
Salmon_Freshwater_Estimates_2024_Final.xlsx,2024-25,Coastal,Willapa Bay,Naselle River,375,Coho,10,2024,956.0
Salmon_Freshwater_Estimates_2024_Final.xlsx,2024-25,Coastal,Willapa Bay,Naselle River,375,Coho,11,2024,970.0
Salmon_Freshwater_Estimates_2024_Final.xlsx,2024-25,Coastal,Willapa Bay,Naselle River,375,Coho,12,2024,108.0
Salmon_Freshwater_Estimates_2024_Final.xlsx,2024-25,Coastal,Willapa Bay,Naselle River,375,Jackchin,9,2024,40.0
Salmon_Freshwater_Estimates_2024_Final.xlsx,2024-25,Coastal,Willapa Bay,Naselle River,375,Jackcoho,9,2024,13.0
Salmon_Freshwater_Estimates_2024_Final.xlsx,2024-25,Coastal,Willapa Bay,Naselle River,375,Jackcoho,10,2024,13.0
Salmon_Freshwater_Estimates_2024_Final.xlsx,2024-25,Coastal,Willapa Bay,Naselle River,375,Jackcoho,11,2024,27.0
Salmon_Freshwater_Estimates_2024_Final.xlsx,2024-25,Coastal,Willapa Bay,Naselle River,375,Jackcoho,12,2024,13.0
Salmon_Freshwater_Estimates_2024_Final.xlsx,2024-25,Coastal,Willapa Bay,"Nemah River, North (below Nemah Hatchery), Middle and South",379,Chinook,8,2024,1358.0
Salmon_Freshwater_Estimates_2024_Final.xlsx,2024-25,Coastal,Willapa Bay,"Nemah River, North (below Nemah Hatchery), Middle and South",379,Chinook,9,2024,879.0
Salmon_Freshwater_Estimates_2024_Final.xlsx,2024-25,Coastal,Willapa Bay,"Nemah River, North (below Nemah Hatchery), Middle and South",379,Chum,10,2024,107.0
Salmon_Freshwater_Estimates_2024_Final.xlsx,2024-25,Coastal,Willapa Bay,"Nemah River, North (below Nemah Hatchery), Middle and South",379,Coho,9,2024,67.0
Salmon_Freshwater_Estimates_2024_Final.xlsx,2024-25,Coastal,Willapa Bay,"Nemah River, North (below Nemah Hatchery), Middle and South",379,Coho,10,2024,13.0
Salmon_Freshwater_Estimates_2024_Final.xlsx,2024-25,Coastal,Willapa Bay,"Nemah River, North (below Nemah Hatchery), Middle and South",379,Jackchin,8,2024,120.0
Salmon_Freshwater_Estimates_2024_Final.xlsx,2024-25,Coastal,Willapa Bay,"Nemah River, North (below Nemah Hatchery), Middle and South",379,Jackchin,9,2024,53.0
Salmon_Freshwater_Estimates_2024_Final.xlsx,2024-25,Coastal,Willapa Bay,North River,382,Coho,9,2024,13.0
Salmon_Freshwater_Estimates_2024_Final.xlsx,2024-25,Coastal,Willapa Bay,North River,382,Coho,10,2024,333.0
Salmon_Freshwater_Estimates_2024_Final.xlsx,2024-25,Coastal,Willapa Bay,North River,382,Coho,11,2024,53.0
Salmon_Freshwater_Estimates_2024_Final.xlsx,2024-25,Coastal,Willapa Bay,North River,382,Jackcoho,10,2024,186.0
Salmon_Freshwater_Estimates_2024_Final.xlsx,2024-25,Coastal,Willapa Bay,Smith Creek (Pacific Co),384,Coho,10,2024,53.0
Salmon_Freshwater_Estimates_2024_Final.xlsx,2024-25,Coastal,Willapa Bay,Smith Creek (Pacific Co),384,Coho,11,2024,27.0
Salmon_Freshwater_Estimates_2024_Final.xlsx,2024-25,Coastal,Willapa Bay,Willapa River,424,Chinook,8,2024,258.0
Salmon_Freshwater_Estimates_2024_Final.xlsx,2024-25,Coastal,Willapa Bay,Willapa River,424,Chinook,9,2024,299.0
Salmon_Freshwater_Estimates_2024_Final.xlsx,2024-25,Coastal,Willapa Bay,Willapa River,424,Chinook,10,2024,122.0
Salmon_Freshwater_Estimates_2024_Final.xlsx,2024-25,Coastal,Willapa Bay,Willapa River,424,Chinook,11,2024,14.0
Salmon_Freshwater_Estimates_2024_Final.xlsx,2024-25,Coastal,Willapa Bay,Willapa River,424,Chum,11,2024,13.0
Salmon_Freshwater_Estimates_2024_Final.xlsx,2024-25,Coastal,Willapa Bay,Willapa River,424,Coho,8,2024,13.0
Salmon_Freshwater_Estimates_2024_Final.xlsx,2024-25,Coastal,Willapa Bay,Willapa River,424,Coho,9,2024,728.0
Salmon_Freshwater_Estimates_2024_Final.xlsx,2024-25,Coastal,Willapa Bay,Willapa River,424,Coho,10,2024,472.0
Salmon_Freshwater_Estimates_2024_Final.xlsx,2024-25,Coastal,Willapa Bay,Willapa River,424,Coho,11,2024,822.0
Salmon_Freshwater_Estimates_2024_Final.xlsx,2024-25,Coastal,Willapa Bay,Willapa River,424,Coho,12,2024,121.0
Salmon_Freshwater_Estimates_2024_Final.xlsx,2024-25,Coastal,Willapa Bay,Willapa River,424,Jackchin,9,2024,27.0
Salmon_Freshwater_Estimates_2024_Final.xlsx,2024-25,Coastal,Willapa Bay,Willapa River,424,Jackcoho,8,2024,13.0
Salmon_Freshwater_Estimates_2024_Final.xlsx,2024-25,Columbia - Lower,Columbia R. Mainstem,B10 Line - Rocky Pt - Tongue Pt Line,519,Chinook,5,2024,13.0
Salmon_Freshwater_Estimates_2024_Final.xlsx,2024-25,Columbia - Lower,Columbia R. Mainstem,B10 Line - Rocky Pt - Tongue Pt Line,519,Chinook,6,2024,13.0
Salmon_Freshwater_Estimates_2024_Final.xlsx,2024-25,Columbia - Lower,Columbia R. Mainstem,B10 Line - Rocky Pt - Tongue Pt Line,519,Chinook,7,2024,161.0
Salmon_Freshwater_Estimates_2024_Final.xlsx,2024-25,Columbia - Lower,Columbia R. Mainstem,B10 Line - Rocky Pt - Tongue Pt Line,519,Chinook,8,2024,6031.0
Salmon_Freshwater_Estimates_2024_Final.xlsx,2024-25,Columbia - Lower,Columbia R. Mainstem,B10 Line - Rocky Pt - Tongue Pt Line,519,Chinook,9,2024,511.0
Salmon_Freshwater_Estimates_2024_Final.xlsx,2024-25,Columbia - Lower,Columbia R. Mainstem,B10 Line - Rocky Pt - Tongue Pt Line,519,Chinook,10,2024,67.0
Salmon_Freshwater_Estimates_2024_Final.xlsx,2024-25,Columbia - Lower,Columbia R. Mainstem,B10 Line - Rocky Pt - Tongue Pt Line,519,Chum,8,2024,53.0
Salmon_Freshwater_Estimates_2024_Final.xlsx,2024-25,Columbia - Lower,Columbia R. Mainstem,B10 Line - Rocky Pt - Tongue Pt Line,519,Coho,7,2024,765.0
Salmon_Freshwater_Estimates_2024_Final.xlsx,2024-25,Columbia - Lower,Columbia R. Mainstem,B10 Line - Rocky Pt - Tongue Pt Line,519,Coho,8,2024,8714.0
Salmon_Freshwater_Estimates_2024_Final.xlsx,2024-25,Columbia - Lower,Columbia R. Mainstem,B10 Line - Rocky Pt - Tongue Pt Line,519,Coho,9,2024,5544.0
Salmon_Freshwater_Estimates_2024_Final.xlsx,2024-25,Columbia - Lower,Columbia R. Mainstem,B10 Line - Rocky Pt - Tongue Pt Line,519,Coho,10,2024,524.0
Salmon_Freshwater_Estimates_2024_Final.xlsx,2024-25,Columbia - Lower,Columbia R. Mainstem,B10 Line - Rocky Pt - Tongue Pt Line,519,Coho,11,2024,13.0
Salmon_Freshwater_Estimates_2024_Final.xlsx,2024-25,Columbia - Lower,Columbia R. Mainstem,B10 Line - Rocky Pt - Tongue Pt Line,519,Jackchin,8,2024,53.0
Salmon_Freshwater_Estimates_2024_Final.xlsx,2024-25,Columbia - Lower,Columbia R. Mainstem,B10 Line - Rocky Pt - Tongue Pt Line,519,Jackchin,10,2024,13.0
Salmon_Freshwater_Estimates_2024_Final.xlsx,2024-25,Columbia - Lower,Columbia R. Mainstem,B10 Line - Rocky Pt - Tongue Pt Line,519,Jackcoho,7,2024,13.0
Salmon_Freshwater_Estimates_2024_Final.xlsx,2024-25,Columbia - Lower,Columbia R. Mainstem,B10 Line - Rocky Pt - Tongue Pt Line,519,Jackcoho,9,2024,53.0
Salmon_Freshwater_Estimates_2024_Final.xlsx,2024-25,Columbia - Lower,Columbia R. Mainstem,B10 Line - Rocky Pt - Tongue Pt Line,519,Jackcoho,10,2024,224.0
Salmon_Freshwater_Estimates_2024_Final.xlsx,2024-25,Columbia - Lower,Columbia R. Mainstem,Columbia - below Bonneville,521,Chinook,4,2024,1555.0
Salmon_Freshwater_Estimates_2024_Final.xlsx,2024-25,Columbia - Lower,Columbia R. Mainstem,Columbia - below Bonneville,521,Chinook,5,2024,478.0
Salmon_Freshwater_Estimates_2024_Final.xlsx,2024-25,Columbia - Lower,Columbia R. Mainstem,Columbia - below Bonneville,521,Chinook,6,2024,1568.0
Salmon_Freshwater_Estimates_2024_Final.xlsx,2024-25,Columbia - Lower,Columbia R. Mainstem,Columbia - below Bonneville,521,Chinook,7,2024,359.0
Salmon_Freshwater_Estimates_2024_Final.xlsx,2024-25,Columbia - Lower,Columbia R. Mainstem,Columbia - below Bonneville,521,Chinook,8,2024,11424.0
Salmon_Freshwater_Estimates_2024_Final.xlsx,2024-25,Columbia - Lower,Columbia R. Mainstem,Columbia - below Bonneville,521,Chinook,9,2024,15700.0
Salmon_Freshwater_Estimates_2024_Final.xlsx,2024-25,Columbia - Lower,Columbia R. Mainstem,Columbia - below Bonneville,521,Chinook,10,2024,2119.0
Salmon_Freshwater_Estimates_2024_Final.xlsx,2024-25,Columbia - Lower,Columbia R. Mainstem,Columbia - below Bonneville,521,Chinook,3,2025,133.0
Salmon_Freshwater_Estimates_2024_Final.xlsx,2024-25,Columbia - Lower,Columbia R. Mainstem,Columbia - below Bonneville,521,Chum,8,2024,13.0
Salmon_Freshwater_Estimates_2024_Final.xlsx,2024-25,Columbia - Lower,Columbia R. Mainstem,Columbia - below Bonneville,521,Chum,10,2024,13.0
Salmon_Freshwater_Estimates_2024_Final.xlsx,2024-25,Columbia - Lower,Columbia R. Mainstem,Columbia - below Bonneville,521,Pink,9,2024,26.0
Salmon_Freshwater_Estimates_2024_Final.xlsx,2024-25,Columbia - Lower,Columbia R. Mainstem,Columbia - below Bonneville,521,Coho,6,2024,26.0
Salmon_Freshwater_Estimates_2024_Final.xlsx,2024-25,Columbia - Lower,Columbia R. Mainstem,Columbia - below Bonneville,521,Coho,8,2024,1285.0
Salmon_Freshwater_Estimates_2024_Final.xlsx,2024-25,Columbia - Lower,Columbia R. Mainstem,Columbia - below Bonneville,521,Coho,9,2024,3932.0
Salmon_Freshwater_Estimates_2024_Final.xlsx,2024-25,Columbia - Lower,Columbia R. Mainstem,Columbia - below Bonneville,521,Coho,10,2024,2016.0
Salmon_Freshwater_Estimates_2024_Final.xlsx,2024-25,Columbia - Lower,Columbia R. Mainstem,Columbia - below Bonneville,521,Sockeye,5,2024,27.0
Salmon_Freshwater_Estimates_2024_Final.xlsx,2024-25,Columbia - Lower,Columbia R. Mainstem,Columbia - below Bonneville,521,Sockeye,6,2024,2353.0
Salmon_Freshwater_Estimates_2024_Final.xlsx,2024-25,Columbia - Lower,Columbia R. Mainstem,Columbia - below Bonneville,521,Sockeye,7,2024,762.0
Salmon_Freshwater_Estimates_2024_Final.xlsx,2024-25,Columbia - Lower,Columbia R. Mainstem,Columbia - below Bonneville,521,Sockeye,8,2024,54.0
Salmon_Freshwater_Estimates_2024_Final.xlsx,2024-25,Columbia - Lower,Columbia R. Mainstem,Columbia - below Bonneville,521,Sockeye,9,2024,40.0
Salmon_Freshwater_Estimates_2024_Final.xlsx,2024-25,Columbia - Lower,Columbia R. Mainstem,Columbia - below Bonneville,521,Jackchin,4,2024,26.0
Salmon_Freshwater_Estimates_2024_Final.xlsx,2024-25,Columbia - Lower,Columbia R. Mainstem,Columbia - below Bonneville,521,Jackchin,5,2024,172.0
Salmon_Freshwater_Estimates_2024_Final.xlsx,2024-25,Columbia - Lower,Columbia R. Mainstem,Columbia - below Bonneville,521,Jackchin,6,2024,264.0
Salmon_Freshwater_Estimates_2024_Final.xlsx,2024-25,Columbia - Lower,Columbia R. Mainstem,Columbia - below Bonneville,521,Jackchin,7,2024,40.0
Salmon_Freshwater_Estimates_2024_Final.xlsx,2024-25,Columbia - Lower,Columbia R. Mainstem,Columbia - below Bonneville,521,Jackchin,8,2024,871.0
Salmon_Freshwater_Estimates_2024_Final.xlsx,2024-25,Columbia - Lower,Columbia R. Mainstem,Columbia - below Bonneville,521,Jackchin,9,2024,2138.0
Salmon_Freshwater_Estimates_2024_Final.xlsx,2024-25,Columbia - Lower,Columbia R. Mainstem,Columbia - below Bonneville,521,Jackchin,10,2024,409.0
Salmon_Freshwater_Estimates_2024_Final.xlsx,2024-25,Columbia - Lower,Columbia R. Mainstem,Columbia - below Bonneville,521,Jackchin,3,2025,13.0
Salmon_Freshwater_Estimates_2024_Final.xlsx,2024-25,Columbia - Lower,Columbia R. Mainstem,Columbia - below Bonneville,521,Jackcoho,4,2024,14.0
Salmon_Freshwater_Estimates_2024_Final.xlsx,2024-25,Columbia - Lower,Columbia R. Mainstem,Columbia - below Bonneville,521,Jackcoho,8,2024,138.0
Salmon_Freshwater_Estimates_2024_Final.xlsx,2024-25,Columbia - Lower,Columbia R. Mainstem,Columbia - below Bonneville,521,Jackcoho,9,2024,277.0
Salmon_Freshwater_Estimates_2024_Final.xlsx,2024-25,Columbia - Lower,Columbia R. Mainstem,Columbia - below Bonneville,521,Jackcoho,10,2024,97.0
Salmon_Freshwater_Estimates_2024_Final.xlsx,2024-25,Columbia - Lower,Cowlitz R. System,Blue Creek,507,Coho,9,2024,13.0
Salmon_Freshwater_Estimates_2024_Final.xlsx,2024-25,Columbia - Lower,Cowlitz R. System,Cispus River,555,Coho,9,2024,26.0
Salmon_Freshwater_Estimates_2024_Final.xlsx,2024-25,Columbia - Lower,Cowlitz R. System,Cispus River,555,Coho,10,2024,497.0
Salmon_Freshwater_Estimates_2024_Final.xlsx,2024-25,Columbia - Lower,Cowlitz R. System,Cispus River,555,Coho,11,2024,144.0
Salmon_Freshwater_Estimates_2024_Final.xlsx,2024-25,Columbia - Lower,Cowlitz R. System,Cispus River,555,Jackcoho,10,2024,13.0
Salmon_Freshwater_Estimates_2024_Final.xlsx,2024-25,Columbia - Lower,Cowlitz R. System,Coweeman River,557,Chinook,7,2024,26.0
Salmon_Freshwater_Estimates_2024_Final.xlsx,2024-25,Columbia - Lower,Cowlitz R. System,Cowlitz R. below Mayfield Dam,561,Chinook,4,2024,48.0
Salmon_Freshwater_Estimates_2024_Final.xlsx,2024-25,Columbia - Lower,Cowlitz R. System,Cowlitz R. below Mayfield Dam,561,Chinook,5,2024,163.0
Salmon_Freshwater_Estimates_2024_Final.xlsx,2024-25,Columbia - Lower,Cowlitz R. System,Cowlitz R. below Mayfield Dam,561,Chinook,6,2024,128.0
Salmon_Freshwater_Estimates_2024_Final.xlsx,2024-25,Columbia - Lower,Cowlitz R. System,Cowlitz R. below Mayfield Dam,561,Chinook,7,2024,32.0
Salmon_Freshwater_Estimates_2024_Final.xlsx,2024-25,Columbia - Lower,Cowlitz R. System,Cowlitz R. below Mayfield Dam,561,Chinook,8,2024,32.0
Salmon_Freshwater_Estimates_2024_Final.xlsx,2024-25,Columbia - Lower,Cowlitz R. System,Cowlitz R. below Mayfield Dam,561,Chinook,9,2024,32.0
Salmon_Freshwater_Estimates_2024_Final.xlsx,2024-25,Columbia - Lower,Cowlitz R. System,Cowlitz R. below Mayfield Dam,561,Chinook,3,2025,32.0
Salmon_Freshwater_Estimates_2024_Final.xlsx,2024-25,Columbia - Lower,Cowlitz R. System,Cowlitz R. below Mayfield Dam,561,Coho,5,2024,18.0
Salmon_Freshwater_Estimates_2024_Final.xlsx,2024-25,Columbia - Lower,Cowlitz R. System,Cowlitz R. below Mayfield Dam,561,Coho,6,2024,13.0
Salmon_Freshwater_Estimates_2024_Final.xlsx,2024-25,Columbia - Lower,Cowlitz R. System,Cowlitz R. below Mayfield Dam,561,Coho,7,2024,13.0
Salmon_Freshwater_Estimates_2024_Final.xlsx,2024-25,Columbia - Lower,Cowlitz R. System,Cowlitz R. below Mayfield Dam,561,Coho,8,2024,39.0
Salmon_Freshwater_Estimates_2024_Final.xlsx,2024-25,Columbia - Lower,Cowlitz R. System,Cowlitz R. below Mayfield Dam,561,Coho,9,2024,855.0
Salmon_Freshwater_Estimates_2024_Final.xlsx,2024-25,Columbia - Lower,Cowlitz R. System,Cowlitz R. below Mayfield Dam,561,Coho,10,2024,1144.0
Salmon_Freshwater_Estimates_2024_Final.xlsx,2024-25,Columbia - Lower,Cowlitz R. System,Cowlitz R. below Mayfield Dam,561,Coho,11,2024,408.0
Salmon_Freshwater_Estimates_2024_Final.xlsx,2024-25,Columbia - Lower,Cowlitz R. System,Cowlitz R. below Mayfield Dam,561,Coho,12,2024,53.0
Salmon_Freshwater_Estimates_2024_Final.xlsx,2024-25,Columbia - Lower,Cowlitz R. System,Cowlitz R. below Mayfield Dam,561,Jackchin,4,2024,42.0
Salmon_Freshwater_Estimates_2024_Final.xlsx,2024-25,Columbia - Lower,Cowlitz R. System,Cowlitz R. below Mayfield Dam,561,Jackchin,5,2024,195.0
Salmon_Freshwater_Estimates_2024_Final.xlsx,2024-25,Columbia - Lower,Cowlitz R. System,Cowlitz R. below Mayfield Dam,561,Jackchin,6,2024,167.0
Salmon_Freshwater_Estimates_2024_Final.xlsx,2024-25,Columbia - Lower,Cowlitz R. System,Cowlitz R. below Mayfield Dam,561,Jackchin,7,2024,14.0
Salmon_Freshwater_Estimates_2024_Final.xlsx,2024-25,Columbia - Lower,Cowlitz R. System,Cowlitz R. below Mayfield Dam,561,Jackcoho,6,2024,14.0
Salmon_Freshwater_Estimates_2024_Final.xlsx,2024-25,Columbia - Lower,Cowlitz R. System,Cowlitz R. below Mayfield Dam,561,Jackcoho,9,2024,140.0
Salmon_Freshwater_Estimates_2024_Final.xlsx,2024-25,Columbia - Lower,Cowlitz R. System,Cowlitz R. below Mayfield Dam,561,Jackcoho,10,2024,223.0
Salmon_Freshwater_Estimates_2024_Final.xlsx,2024-25,Columbia - Lower,Cowlitz R. System,Cowlitz R. below Mayfield Dam,561,Jackcoho,11,2024,42.0
Salmon_Freshwater_Estimates_2024_Final.xlsx,2024-25,Columbia - Lower,Cowlitz R. System,Cowlitz R. between Mayfield & Cowlitz Falls Dams,563,Chinook,10,2024,26.0
Salmon_Freshwater_Estimates_2024_Final.xlsx,2024-25,Columbia - Lower,Cowlitz R. System,Cowlitz R. between Mayfield & Cowlitz Falls Dams,563,Coho,7,2024,13.0
Salmon_Freshwater_Estimates_2024_Final.xlsx,2024-25,Columbia - Lower,Cowlitz R. System,Cowlitz R. between Mayfield & Cowlitz Falls Dams,563,Coho,10,2024,26.0
Salmon_Freshwater_Estimates_2024_Final.xlsx,2024-25,Columbia - Lower,Cowlitz R. System,Cowlitz R. above Cowlitz Falls Dam,559,Chinook,5,2024,26.0
Salmon_Freshwater_Estimates_2024_Final.xlsx,2024-25,Columbia - Lower,Cowlitz R. System,Cowlitz R. above Cowlitz Falls Dam,559,Chinook,6,2024,92.0
Salmon_Freshwater_Estimates_2024_Final.xlsx,2024-25,Columbia - Lower,Cowlitz R. System,Cowlitz R. above Cowlitz Falls Dam,559,Chinook,7,2024,13.0
Salmon_Freshwater_Estimates_2024_Final.xlsx,2024-25,Columbia - Lower,Cowlitz R. System,Cowlitz R. above Cowlitz Falls Dam,559,Chinook,10,2024,26.0
Salmon_Freshwater_Estimates_2024_Final.xlsx,2024-25,Columbia - Lower,Cowlitz R. System,Cowlitz R. above Cowlitz Falls Dam,559,Coho,9,2024,52.0
Salmon_Freshwater_Estimates_2024_Final.xlsx,2024-25,Columbia - Lower,Cowlitz R. System,Cowlitz R. above Cowlitz Falls Dam,559,Coho,10,2024,458.0
Salmon_Freshwater_Estimates_2024_Final.xlsx,2024-25,Columbia - Lower,Cowlitz R. System,Cowlitz R. above Cowlitz Falls Dam,559,Coho,11,2024,105.0
Salmon_Freshwater_Estimates_2024_Final.xlsx,2024-25,Columbia - Lower,Cowlitz R. System,Cowlitz R. above Cowlitz Falls Dam,559,Jackchin,5,2024,26.0
Salmon_Freshwater_Estimates_2024_Final.xlsx,2024-25,Columbia - Lower,Cowlitz R. System,Cowlitz R. above Cowlitz Falls Dam,559,Jackchin,6,2024,78.0
Salmon_Freshwater_Estimates_2024_Final.xlsx,2024-25,Columbia - Lower,Cowlitz R. System,Cowlitz R. above Cowlitz Falls Dam,559,Jackchin,10,2024,13.0
Salmon_Freshwater_Estimates_2024_Final.xlsx,2024-25,Columbia - Lower,Cowlitz R. System,Cowlitz R. above Cowlitz Falls Dam,559,Jackchin,11,2024,13.0
Salmon_Freshwater_Estimates_2024_Final.xlsx,2024-25,Columbia - Lower,Cowlitz R. System,Cowlitz R. above Cowlitz Falls Dam,559,Jackcoho,9,2024,13.0
Salmon_Freshwater_Estimates_2024_Final.xlsx,2024-25,Columbia - Lower,Cowlitz R. System,Cowlitz R. above Cowlitz Falls Dam,559,Jackcoho,10,2024,13.0
Salmon_Freshwater_Estimates_2024_Final.xlsx,2024-25,Columbia - Lower,Cowlitz R. System,Green River (Cowlitz Co.) above Toutle Hatchery,566,Sockeye,7,2024,510.0
Salmon_Freshwater_Estimates_2024_Final.xlsx,2024-25,Columbia - Lower,Cowlitz R. System,Green River (Cowlitz Co.) above Toutle Hatchery,566,Sockeye,8,2024,26.0
Salmon_Freshwater_Estimates_2024_Final.xlsx,2024-25,Columbia - Lower,Cowlitz R. System,Green River (Cowlitz Co.) below Toutle Hatchery,565,Coho,10,2024,52.0
Salmon_Freshwater_Estimates_2024_Final.xlsx,2024-25,Columbia - Lower,Cowlitz R. System,Green River (Cowlitz Co.) below Toutle Hatchery,565,Sockeye,7,2024,13.0
Salmon_Freshwater_Estimates_2024_Final.xlsx,2024-25,Columbia - Lower,Cowlitz R. System,Olequa Creek (Cowlitz Co.),569,Coho,11,2024,13.0
Salmon_Freshwater_Estimates_2024_Final.xlsx,2024-25,Columbia - Lower,Cowlitz R. System,Tilton River,571,Chinook,9,2024,26.0
Salmon_Freshwater_Estimates_2024_Final.xlsx,2024-25,Columbia - Lower,Cowlitz R. System,Tilton River,571,Coho,9,2024,693.0
Salmon_Freshwater_Estimates_2024_Final.xlsx,2024-25,Columbia - Lower,Cowlitz R. System,Tilton River,571,Coho,10,2024,994.0
Salmon_Freshwater_Estimates_2024_Final.xlsx,2024-25,Columbia - Lower,Cowlitz R. System,Tilton River,571,Coho,11,2024,170.0
Salmon_Freshwater_Estimates_2024_Final.xlsx,2024-25,Columbia - Lower,Cowlitz R. System,Tilton River,571,Jackchin,9,2024,26.0
Salmon_Freshwater_Estimates_2024_Final.xlsx,2024-25,Columbia - Lower,Cowlitz R. System,Tilton River,571,Jackchin,10,2024,13.0
Salmon_Freshwater_Estimates_2024_Final.xlsx,2024-25,Columbia - Lower,Cowlitz R. System,Tilton River,571,Jackcoho,9,2024,78.0
Salmon_Freshwater_Estimates_2024_Final.xlsx,2024-25,Columbia - Lower,Cowlitz R. System,Tilton River,571,Jackcoho,10,2024,92.0
Salmon_Freshwater_Estimates_2024_Final.xlsx,2024-25,Columbia - Lower,Cowlitz R. System,Tilton River,571,Jackcoho,11,2024,65.0
Salmon_Freshwater_Estimates_2024_Final.xlsx,2024-25,Columbia - Lower,Cowlitz R. System,Toutle River,573,Coho,10,2024,26.0
Salmon_Freshwater_Estimates_2024_Final.xlsx,2024-25,Columbia - Lower,Cowlitz R. System,"Toutle River, No Fork",575,Chinook,9,2024,92.0
Salmon_Freshwater_Estimates_2024_Final.xlsx,2024-25,Columbia - Lower,Cowlitz R. System,"Toutle River, No Fork",575,Chinook,10,2024,26.0
Salmon_Freshwater_Estimates_2024_Final.xlsx,2024-25,Columbia - Lower,Cowlitz R. System,"Toutle River, No Fork",575,Coho,9,2024,39.0
Salmon_Freshwater_Estimates_2024_Final.xlsx,2024-25,Columbia - Lower,Cowlitz R. System,"Toutle River, No Fork",575,Coho,10,2024,144.0
Salmon_Freshwater_Estimates_2024_Final.xlsx,2024-25,Columbia - Lower,Cowlitz R. System,"Toutle River, No Fork",575,Sockeye,7,2024,39.0
Salmon_Freshwater_Estimates_2024_Final.xlsx,2024-25,Columbia - Lower,Cowlitz R. System,"Toutle River, No Fork",575,Jackchin,9,2024,39.0
Salmon_Freshwater_Estimates_2024_Final.xlsx,2024-25,Columbia - Lower,Cowlitz R. System,"Toutle River, No Fork",575,Jackcoho,9,2024,13.0
Salmon_Freshwater_Estimates_2024_Final.xlsx,2024-25,Columbia - Lower,Cowlitz R. System,"Toutle River, No Fork",575,Jackcoho,10,2024,13.0
Salmon_Freshwater_Estimates_2024_Final.xlsx,2024-25,Columbia - Lower,Lewis R. System,Cedar Creek (Clark Co),609,Chinook,9,2024,13.0
Salmon_Freshwater_Estimates_2024_Final.xlsx,2024-25,Columbia - Lower,Lewis R. System,Cedar Creek (Clark Co),609,Chinook,10,2024,13.0
Salmon_Freshwater_Estimates_2024_Final.xlsx,2024-25,Columbia - Lower,Lewis R. System,Cedar Creek (Clark Co),609,Jackchin,9,2024,13.0
Salmon_Freshwater_Estimates_2024_Final.xlsx,2024-25,Columbia - Lower,Lewis R. System,Lewis River,611,Chinook,4,2024,91.0
Salmon_Freshwater_Estimates_2024_Final.xlsx,2024-25,Columbia - Lower,Lewis R. System,Lewis River,611,Chinook,6,2024,13.0
Salmon_Freshwater_Estimates_2024_Final.xlsx,2024-25,Columbia - Lower,Lewis R. System,Lewis River,611,Chinook,7,2024,221.0
Salmon_Freshwater_Estimates_2024_Final.xlsx,2024-25,Columbia - Lower,Lewis R. System,Lewis River,611,Chinook,8,2024,117.0
Salmon_Freshwater_Estimates_2024_Final.xlsx,2024-25,Columbia - Lower,Lewis R. System,Lewis River,611,Chinook,9,2024,156.0
Salmon_Freshwater_Estimates_2024_Final.xlsx,2024-25,Columbia - Lower,Lewis R. System,Lewis River,611,Chinook,10,2024,13.0
Salmon_Freshwater_Estimates_2024_Final.xlsx,2024-25,Columbia - Lower,Lewis R. System,Lewis River,611,Coho,8,2024,39.0
Salmon_Freshwater_Estimates_2024_Final.xlsx,2024-25,Columbia - Lower,Lewis R. System,Lewis River,611,Coho,9,2024,104.0
Salmon_Freshwater_Estimates_2024_Final.xlsx,2024-25,Columbia - Lower,Lewis R. System,Lewis River,611,Coho,10,2024,26.0
Salmon_Freshwater_Estimates_2024_Final.xlsx,2024-25,Columbia - Lower,Lewis R. System,Lewis River,611,Jackchin,7,2024,13.0
Salmon_Freshwater_Estimates_2024_Final.xlsx,2024-25,Columbia - Lower,Lewis R. System,Lewis River,611,Jackchin,8,2024,13.0
Salmon_Freshwater_Estimates_2024_Final.xlsx,2024-25,Columbia - Lower,Lewis R. System,Lewis River,611,Jackchin,9,2024,52.0
Salmon_Freshwater_Estimates_2024_Final.xlsx,2024-25,Columbia - Lower,Lewis R. System,Lewis River,611,Jackcoho,9,2024,26.0
Salmon_Freshwater_Estimates_2024_Final.xlsx,2024-25,Columbia - Lower,Lewis R. System,"Lewis River, North Fork",615,Chinook,4,2024,611.0
Salmon_Freshwater_Estimates_2024_Final.xlsx,2024-25,Columbia - Lower,Lewis R. System,"Lewis River, North Fork",615,Chinook,5,2024,117.0
Salmon_Freshwater_Estimates_2024_Final.xlsx,2024-25,Columbia - Lower,Lewis R. System,"Lewis River, North Fork",615,Chinook,6,2024,65.0
Salmon_Freshwater_Estimates_2024_Final.xlsx,2024-25,Columbia - Lower,Lewis R. System,"Lewis River, North Fork",615,Chinook,7,2024,65.0
Salmon_Freshwater_Estimates_2024_Final.xlsx,2024-25,Columbia - Lower,Lewis R. System,"Lewis River, North Fork",615,Chinook,8,2024,299.0
Salmon_Freshwater_Estimates_2024_Final.xlsx,2024-25,Columbia - Lower,Lewis R. System,"Lewis River, North Fork",615,Chinook,9,2024,247.0
Salmon_Freshwater_Estimates_2024_Final.xlsx,2024-25,Columbia - Lower,Lewis R. System,"Lewis River, North Fork",615,Chinook,10,2024,247.0
Salmon_Freshwater_Estimates_2024_Final.xlsx,2024-25,Columbia - Lower,Lewis R. System,"Lewis River, North Fork",615,Chinook,11,2024,52.0
Salmon_Freshwater_Estimates_2024_Final.xlsx,2024-25,Columbia - Lower,Lewis R. System,"Lewis River, North Fork",615,Chinook,3,2025,65.0
Salmon_Freshwater_Estimates_2024_Final.xlsx,2024-25,Columbia - Lower,Lewis R. System,"Lewis River, North Fork",615,Chum,8,2024,13.0
Salmon_Freshwater_Estimates_2024_Final.xlsx,2024-25,Columbia - Lower,Lewis R. System,"Lewis River, North Fork",615,Pink,9,2024,13.0
Salmon_Freshwater_Estimates_2024_Final.xlsx,2024-25,Columbia - Lower,Lewis R. System,"Lewis River, North Fork",615,Coho,8,2024,828.0
Salmon_Freshwater_Estimates_2024_Final.xlsx,2024-25,Columbia - Lower,Lewis R. System,"Lewis River, North Fork",615,Coho,9,2024,2209.0
Salmon_Freshwater_Estimates_2024_Final.xlsx,2024-25,Columbia - Lower,Lewis R. System,"Lewis River, North Fork",615,Coho,10,2024,947.0
Salmon_Freshwater_Estimates_2024_Final.xlsx,2024-25,Columbia - Lower,Lewis R. System,"Lewis River, North Fork",615,Coho,11,2024,355.0
Salmon_Freshwater_Estimates_2024_Final.xlsx,2024-25,Columbia - Lower,Lewis R. System,"Lewis River, North Fork",615,Sockeye,7,2024,13.0
Salmon_Freshwater_Estimates_2024_Final.xlsx,2024-25,Columbia - Lower,Lewis R. System,"Lewis River, North Fork",615,Jackchin,4,2024,130.0
Salmon_Freshwater_Estimates_2024_Final.xlsx,2024-25,Columbia - Lower,Lewis R. System,"Lewis River, North Fork",615,Jackchin,5,2024,39.0
Salmon_Freshwater_Estimates_2024_Final.xlsx,2024-25,Columbia - Lower,Lewis R. System,"Lewis River, North Fork",615,Jackchin,7,2024,13.0
Salmon_Freshwater_Estimates_2024_Final.xlsx,2024-25,Columbia - Lower,Lewis R. System,"Lewis River, North Fork",615,Jackchin,8,2024,156.0
Salmon_Freshwater_Estimates_2024_Final.xlsx,2024-25,Columbia - Lower,Lewis R. System,"Lewis River, North Fork",615,Jackchin,9,2024,39.0
Salmon_Freshwater_Estimates_2024_Final.xlsx,2024-25,Columbia - Lower,Lewis R. System,"Lewis River, North Fork",615,Jackcoho,8,2024,169.0
Salmon_Freshwater_Estimates_2024_Final.xlsx,2024-25,Columbia - Lower,Lewis R. System,"Lewis River, North Fork",615,Jackcoho,9,2024,403.0
Salmon_Freshwater_Estimates_2024_Final.xlsx,2024-25,Columbia - Lower,Lewis R. System,"Lewis River, North Fork",615,Jackcoho,10,2024,65.0
Salmon_Freshwater_Estimates_2024_Final.xlsx,2024-25,Columbia - Lower,Lower Columbia,Chinook River,515,Chinook,9,2024,13.0
Salmon_Freshwater_Estimates_2024_Final.xlsx,2024-25,Columbia - Lower,Lower Columbia,Coal Creek (Cowlitz Co),517,Chinook,4,2024,18.0
Salmon_Freshwater_Estimates_2024_Final.xlsx,2024-25,Columbia - Lower,Lower Columbia,Coal Creek (Cowlitz Co),517,Chinook,8,2024,35.0
Salmon_Freshwater_Estimates_2024_Final.xlsx,2024-25,Columbia - Lower,Lower Columbia,Coal Creek (Cowlitz Co),517,Coho,8,2024,40.0
Salmon_Freshwater_Estimates_2024_Final.xlsx,2024-25,Columbia - Lower,Lower Columbia,Coal Creek (Cowlitz Co),517,Coho,9,2024,53.0
Salmon_Freshwater_Estimates_2024_Final.xlsx,2024-25,Columbia - Lower,Lower Columbia,Coal Creek (Cowlitz Co),517,Coho,10,2024,93.0
Salmon_Freshwater_Estimates_2024_Final.xlsx,2024-25,Columbia - Lower,Lower Columbia,Elochoman River above Foster Rd Bridge,584,Chinook,4,2024,13.0
Salmon_Freshwater_Estimates_2024_Final.xlsx,2024-25,Columbia - Lower,Lower Columbia,Elochoman River above Foster Rd Bridge,584,Coho,11,2024,40.0
Salmon_Freshwater_Estimates_2024_Final.xlsx,2024-25,Columbia - Lower,Lower Columbia,Elochoman River above Foster Rd Bridge,584,Coho,12,2024,13.0
Salmon_Freshwater_Estimates_2024_Final.xlsx,2024-25,Columbia - Lower,Lower Columbia,Germany Creek,589,Coho,10,2024,13.0
Salmon_Freshwater_Estimates_2024_Final.xlsx,2024-25,Columbia - Lower,Lower Columbia,Grays River above Barr Rd Bridge,595,Coho,10,2024,13.0
Salmon_Freshwater_Estimates_2024_Final.xlsx,2024-25,Columbia - Lower,Lower Columbia,Grays River above Barr Rd Bridge,595,Coho,11,2024,26.0
Salmon_Freshwater_Estimates_2024_Final.xlsx,2024-25,Columbia - Lower,Lower Columbia,Grays River above Barr Rd Bridge,595,Sockeye,7,2024,318.0
Salmon_Freshwater_Estimates_2024_Final.xlsx,2024-25,Columbia - Lower,Lower Columbia,Grays River above Barr Rd Bridge,595,Sockeye,8,2024,40.0
Salmon_Freshwater_Estimates_2024_Final.xlsx,2024-25,Columbia - Lower,Lower Columbia,Kalama River,600,Sockeye,7,2024,13.0
Salmon_Freshwater_Estimates_2024_Final.xlsx,2024-25,Columbia - Lower,Lower Columbia,Kalama River above Kalama Falls Hatchery,602,Chinook,4,2024,40.0
Salmon_Freshwater_Estimates_2024_Final.xlsx,2024-25,Columbia - Lower,Lower Columbia,Kalama River above Kalama Falls Hatchery,602,Coho,11,2024,13.0
Salmon_Freshwater_Estimates_2024_Final.xlsx,2024-25,Columbia - Lower,Lower Columbia,Kalama River below Modrow Bridge,604,Chinook,4,2024,79.0
Salmon_Freshwater_Estimates_2024_Final.xlsx,2024-25,Columbia - Lower,Lower Columbia,Kalama River below Modrow Bridge,604,Chinook,5,2024,344.0
Salmon_Freshwater_Estimates_2024_Final.xlsx,2024-25,Columbia - Lower,Lower Columbia,Kalama River below Modrow Bridge,604,Chinook,6,2024,66.0
Salmon_Freshwater_Estimates_2024_Final.xlsx,2024-25,Columbia - Lower,Lower Columbia,Kalama River below Modrow Bridge,604,Chinook,7,2024,13.0
Salmon_Freshwater_Estimates_2024_Final.xlsx,2024-25,Columbia - Lower,Lower Columbia,Kalama River below Modrow Bridge,604,Chinook,8,2024,556.0
Salmon_Freshwater_Estimates_2024_Final.xlsx,2024-25,Columbia - Lower,Lower Columbia,Kalama River below Modrow Bridge,604,Chinook,9,2024,199.0
Salmon_Freshwater_Estimates_2024_Final.xlsx,2024-25,Columbia - Lower,Lower Columbia,Kalama River below Modrow Bridge,604,Chinook,10,2024,13.0
Salmon_Freshwater_Estimates_2024_Final.xlsx,2024-25,Columbia - Lower,Lower Columbia,Kalama River below Modrow Bridge,604,Chinook,3,2025,13.0
Salmon_Freshwater_Estimates_2024_Final.xlsx,2024-25,Columbia - Lower,Lower Columbia,Kalama River below Modrow Bridge,604,Coho,8,2024,26.0
Salmon_Freshwater_Estimates_2024_Final.xlsx,2024-25,Columbia - Lower,Lower Columbia,Kalama River below Modrow Bridge,604,Coho,9,2024,172.0
Salmon_Freshwater_Estimates_2024_Final.xlsx,2024-25,Columbia - Lower,Lower Columbia,Kalama River below Modrow Bridge,604,Coho,10,2024,238.0
Salmon_Freshwater_Estimates_2024_Final.xlsx,2024-25,Columbia - Lower,Lower Columbia,Kalama River below Modrow Bridge,604,Jackchin,5,2024,26.0
Salmon_Freshwater_Estimates_2024_Final.xlsx,2024-25,Columbia - Lower,Lower Columbia,Kalama River below Modrow Bridge,604,Jackchin,6,2024,13.0
Salmon_Freshwater_Estimates_2024_Final.xlsx,2024-25,Columbia - Lower,Lower Columbia,Kalama River below Modrow Bridge,604,Jackcoho,9,2024,13.0
Salmon_Freshwater_Estimates_2024_Final.xlsx,2024-25,Columbia - Lower,Lower Columbia,Kalama River between Modrow Bridge and Kalama Falls Hatchery,603,Chinook,4,2024,252.0
Salmon_Freshwater_Estimates_2024_Final.xlsx,2024-25,Columbia - Lower,Lower Columbia,Kalama River between Modrow Bridge and Kalama Falls Hatchery,603,Chinook,5,2024,688.0
Salmon_Freshwater_Estimates_2024_Final.xlsx,2024-25,Columbia - Lower,Lower Columbia,Kalama River between Modrow Bridge and Kalama Falls Hatchery,603,Chinook,6,2024,265.0
Salmon_Freshwater_Estimates_2024_Final.xlsx,2024-25,Columbia - Lower,Lower Columbia,Kalama River between Modrow Bridge and Kalama Falls Hatchery,603,Chinook,7,2024,26.0
Salmon_Freshwater_Estimates_2024_Final.xlsx,2024-25,Columbia - Lower,Lower Columbia,Kalama River between Modrow Bridge and Kalama Falls Hatchery,603,Coho,10,2024,79.0
Salmon_Freshwater_Estimates_2024_Final.xlsx,2024-25,Columbia - Lower,Lower Columbia,Kalama River between Modrow Bridge and Kalama Falls Hatchery,603,Coho,11,2024,79.0
Salmon_Freshwater_Estimates_2024_Final.xlsx,2024-25,Columbia - Lower,Lower Columbia,Kalama River between Modrow Bridge and Kalama Falls Hatchery,603,Jackchin,4,2024,13.0
Salmon_Freshwater_Estimates_2024_Final.xlsx,2024-25,Columbia - Lower,Lower Columbia,Kalama River between Modrow Bridge and Kalama Falls Hatchery,603,Jackchin,5,2024,106.0
Salmon_Freshwater_Estimates_2024_Final.xlsx,2024-25,Columbia - Lower,Lower Columbia,Kalama River between Modrow Bridge and Kalama Falls Hatchery,603,Jackchin,6,2024,53.0
Salmon_Freshwater_Estimates_2024_Final.xlsx,2024-25,Columbia - Lower,Lower Columbia,Little Washougal River,661,Coho,10,2024,40.0
Salmon_Freshwater_Estimates_2024_Final.xlsx,2024-25,Columbia - Lower,Lower Columbia,Salmon Creek (Clark Co),635,Chinook,10,2024,13.0
Salmon_Freshwater_Estimates_2024_Final.xlsx,2024-25,Columbia - Lower,Lower Columbia,Salmon Creek (Clark Co),635,Sockeye,6,2024,93.0
Salmon_Freshwater_Estimates_2024_Final.xlsx,2024-25,Columbia - Lower,Lower Columbia,Salmon Creek (Clark Co),635,Sockeye,7,2024,13.0
Salmon_Freshwater_Estimates_2024_Final.xlsx,2024-25,Columbia - Lower,Lower Columbia,Washougal River above County Line Access,668,Coho,10,2024,26.0
Salmon_Freshwater_Estimates_2024_Final.xlsx,2024-25,Columbia - Lower,Lower Columbia,Washougal River below County Line Access,667,Chinook,8,2024,13.0
Salmon_Freshwater_Estimates_2024_Final.xlsx,2024-25,Columbia - Lower,Lower Columbia,Washougal River below County Line Access,667,Chinook,9,2024,265.0
Salmon_Freshwater_Estimates_2024_Final.xlsx,2024-25,Columbia - Lower,Lower Columbia,Washougal River below County Line Access,667,Coho,10,2024,26.0
Salmon_Freshwater_Estimates_2024_Final.xlsx,2024-25,Columbia - Lower,Lower Columbia,Washougal River below County Line Access,667,Jackchin,8,2024,13.0
Salmon_Freshwater_Estimates_2024_Final.xlsx,2024-25,Columbia - Lower,Lower Columbia,Washougal River below County Line Access,667,Jackchin,9,2024,40.0
Salmon_Freshwater_Estimates_2024_Final.xlsx,2024-25,Columbia - Lower,Skamokawa Creek,Skamokawa Creek,638,Chinook,10,2024,16.0
Salmon_Freshwater_Estimates_2024_Final.xlsx,2024-25,Columbia - Middle,Big White Salmon River,Big White Salmon River,508,Chinook,10,2024,16.0
Salmon_Freshwater_Estimates_2024_Final.xlsx,2024-25,Columbia - Middle,Big White Salmon River,Big White Salmon River,508,Coho,9,2024,16.0
Salmon_Freshwater_Estimates_2024_Final.xlsx,2024-25,Columbia - Middle,Big White Salmon River,Big White Salmon River,508,Coho,10,2024,110.0
Salmon_Freshwater_Estimates_2024_Final.xlsx,2024-25,Columbia - Middle,Klickitat River,Klickitat River above Fishway 5,608,Chinook,5,2024,27.0
Salmon_Freshwater_Estimates_2024_Final.xlsx,2024-25,Columbia - Middle,Klickitat River,Klickitat River above Fishway 5,608,Chinook,8,2024,13.0
Salmon_Freshwater_Estimates_2024_Final.xlsx,2024-25,Columbia - Middle,Klickitat River,Klickitat River above Fishway 5,608,Chinook,9,2024,377.0
Salmon_Freshwater_Estimates_2024_Final.xlsx,2024-25,Columbia - Middle,Klickitat River,Klickitat River above Fishway 5,608,Chinook,10,2024,363.0
Salmon_Freshwater_Estimates_2024_Final.xlsx,2024-25,Columbia - Middle,Klickitat River,Klickitat River above Fishway 5,608,Chinook,11,2024,40.0
Salmon_Freshwater_Estimates_2024_Final.xlsx,2024-25,Columbia - Middle,Klickitat River,Klickitat River above Fishway 5,608,Coho,8,2024,13.0
Salmon_Freshwater_Estimates_2024_Final.xlsx,2024-25,Columbia - Middle,Klickitat River,Klickitat River above Fishway 5,608,Coho,10,2024,121.0
Salmon_Freshwater_Estimates_2024_Final.xlsx,2024-25,Columbia - Middle,Klickitat River,Klickitat River above Fishway 5,608,Jackchin,9,2024,121.0
Salmon_Freshwater_Estimates_2024_Final.xlsx,2024-25,Columbia - Middle,Klickitat River,Klickitat River above Fishway 5,608,Jackchin,10,2024,54.0
Salmon_Freshwater_Estimates_2024_Final.xlsx,2024-25,Columbia - Middle,Klickitat River,Klickitat River above Fishway 5,608,Jackchin,11,2024,27.0
Salmon_Freshwater_Estimates_2024_Final.xlsx,2024-25,Columbia - Middle,Klickitat River,Klickitat River above Fishway 5,608,Jackcoho,9,2024,40.0
Salmon_Freshwater_Estimates_2024_Final.xlsx,2024-25,Columbia - Middle,Klickitat River,Klickitat River above Fishway 5,608,Jackcoho,10,2024,27.0
Salmon_Freshwater_Estimates_2024_Final.xlsx,2024-25,Columbia - Middle,Klickitat River,Klickitat River below Fishway 5,607,Chinook,5,2024,13.0
Salmon_Freshwater_Estimates_2024_Final.xlsx,2024-25,Columbia - Middle,Klickitat River,Klickitat River below Fishway 5,607,Chinook,8,2024,67.0
Salmon_Freshwater_Estimates_2024_Final.xlsx,2024-25,Columbia - Middle,Klickitat River,Klickitat River below Fishway 5,607,Chinook,9,2024,606.0
Salmon_Freshwater_Estimates_2024_Final.xlsx,2024-25,Columbia - Middle,Klickitat River,Klickitat River below Fishway 5,607,Chinook,10,2024,450.0
Salmon_Freshwater_Estimates_2024_Final.xlsx,2024-25,Columbia - Middle,Klickitat River,Klickitat River below Fishway 5,607,Chinook,11,2024,67.0
Salmon_Freshwater_Estimates_2024_Final.xlsx,2024-25,Columbia - Middle,Klickitat River,Klickitat River below Fishway 5,607,Coho,9,2024,149.0
Salmon_Freshwater_Estimates_2024_Final.xlsx,2024-25,Columbia - Middle,Klickitat River,Klickitat River below Fishway 5,607,Coho,10,2024,2515.0
Salmon_Freshwater_Estimates_2024_Final.xlsx,2024-25,Columbia - Middle,Klickitat River,Klickitat River below Fishway 5,607,Coho,11,2024,963.0
Salmon_Freshwater_Estimates_2024_Final.xlsx,2024-25,Columbia - Middle,Klickitat River,Klickitat River below Fishway 5,607,Coho,12,2024,95.0
Salmon_Freshwater_Estimates_2024_Final.xlsx,2024-25,Columbia - Middle,Klickitat River,Klickitat River below Fishway 5,607,Coho,1,2025,27.0
Salmon_Freshwater_Estimates_2024_Final.xlsx,2024-25,Columbia - Middle,Klickitat River,Klickitat River below Fishway 5,607,Jackchin,9,2024,188.0
Salmon_Freshwater_Estimates_2024_Final.xlsx,2024-25,Columbia - Middle,Klickitat River,Klickitat River below Fishway 5,607,Jackchin,10,2024,350.0
Salmon_Freshwater_Estimates_2024_Final.xlsx,2024-25,Columbia - Middle,Klickitat River,Klickitat River below Fishway 5,607,Jackchin,11,2024,27.0
Salmon_Freshwater_Estimates_2024_Final.xlsx,2024-25,Columbia - Middle,Klickitat River,Klickitat River below Fishway 5,607,Jackcoho,9,2024,125.0
Salmon_Freshwater_Estimates_2024_Final.xlsx,2024-25,Columbia - Middle,Klickitat River,Klickitat River below Fishway 5,607,Jackcoho,10,2024,305.0
Salmon_Freshwater_Estimates_2024_Final.xlsx,2024-25,Columbia - Middle,Klickitat River,Klickitat River below Fishway 5,607,Jackcoho,11,2024,457.0
Salmon_Freshwater_Estimates_2024_Final.xlsx,2024-25,Columbia - Middle,Klickitat River,Klickitat River below Fishway 5,607,Jackcoho,12,2024,42.0
Salmon_Freshwater_Estimates_2024_Final.xlsx,2024-25,Columbia - Middle,Klickitat River,Klickitat River below Fishway 5,607,Jackcoho,1,2025,28.0
Salmon_Freshwater_Estimates_2024_Final.xlsx,2024-25,Columbia - Middle,Little White Salmon River & Drano Lake,Little White Salmon River & Drano Lake,618,Chinook,4,2024,1890.0
Salmon_Freshwater_Estimates_2024_Final.xlsx,2024-25,Columbia - Middle,Little White Salmon River & Drano Lake,Little White Salmon River & Drano Lake,618,Chinook,5,2024,2596.0
Salmon_Freshwater_Estimates_2024_Final.xlsx,2024-25,Columbia - Middle,Little White Salmon River & Drano Lake,Little White Salmon River & Drano Lake,618,Chinook,6,2024,53.0
Salmon_Freshwater_Estimates_2024_Final.xlsx,2024-25,Columbia - Middle,Little White Salmon River & Drano Lake,Little White Salmon River & Drano Lake,618,Chinook,7,2024,226.0
Salmon_Freshwater_Estimates_2024_Final.xlsx,2024-25,Columbia - Middle,Little White Salmon River & Drano Lake,Little White Salmon River & Drano Lake,618,Chinook,8,2024,1022.0
Salmon_Freshwater_Estimates_2024_Final.xlsx,2024-25,Columbia - Middle,Little White Salmon River & Drano Lake,Little White Salmon River & Drano Lake,618,Chinook,9,2024,2243.0
Salmon_Freshwater_Estimates_2024_Final.xlsx,2024-25,Columbia - Middle,Little White Salmon River & Drano Lake,Little White Salmon River & Drano Lake,618,Chinook,10,2024,333.0
Salmon_Freshwater_Estimates_2024_Final.xlsx,2024-25,Columbia - Middle,Little White Salmon River & Drano Lake,Little White Salmon River & Drano Lake,618,Chinook,3,2025,27.0
Salmon_Freshwater_Estimates_2024_Final.xlsx,2024-25,Columbia - Middle,Little White Salmon River & Drano Lake,Little White Salmon River & Drano Lake,618,Coho,8,2024,83.0
Salmon_Freshwater_Estimates_2024_Final.xlsx,2024-25,Columbia - Middle,Little White Salmon River & Drano Lake,Little White Salmon River & Drano Lake,618,Coho,9,2024,406.0
Salmon_Freshwater_Estimates_2024_Final.xlsx,2024-25,Columbia - Middle,Little White Salmon River & Drano Lake,Little White Salmon River & Drano Lake,618,Coho,10,2024,613.0
Salmon_Freshwater_Estimates_2024_Final.xlsx,2024-25,Columbia - Middle,Little White Salmon River & Drano Lake,Little White Salmon River & Drano Lake,618,Coho,11,2024,13.0
Salmon_Freshwater_Estimates_2024_Final.xlsx,2024-25,Columbia - Middle,Little White Salmon River & Drano Lake,Little White Salmon River & Drano Lake,618,Jackchin,5,2024,92.0
Salmon_Freshwater_Estimates_2024_Final.xlsx,2024-25,Columbia - Middle,Little White Salmon River & Drano Lake,Little White Salmon River & Drano Lake,618,Jackchin,7,2024,13.0
Salmon_Freshwater_Estimates_2024_Final.xlsx,2024-25,Columbia - Middle,Little White Salmon River & Drano Lake,Little White Salmon River & Drano Lake,618,Jackchin,8,2024,158.0
Salmon_Freshwater_Estimates_2024_Final.xlsx,2024-25,Columbia - Middle,Little White Salmon River & Drano Lake,Little White Salmon River & Drano Lake,618,Jackchin,9,2024,606.0
Salmon_Freshwater_Estimates_2024_Final.xlsx,2024-25,Columbia - Middle,Little White Salmon River & Drano Lake,Little White Salmon River & Drano Lake,618,Jackchin,10,2024,105.0
Salmon_Freshwater_Estimates_2024_Final.xlsx,2024-25,Columbia - Middle,Little White Salmon River & Drano Lake,Little White Salmon River & Drano Lake,618,Jackcoho,5,2024,26.0
Salmon_Freshwater_Estimates_2024_Final.xlsx,2024-25,Columbia - Middle,Little White Salmon River & Drano Lake,Little White Salmon River & Drano Lake,618,Jackcoho,9,2024,66.0
Salmon_Freshwater_Estimates_2024_Final.xlsx,2024-25,Columbia - Middle,Mid Columbia,Columbia Bonneville Dam to The Dalles Dam,527,Chinook,4,2024,140.0
Salmon_Freshwater_Estimates_2024_Final.xlsx,2024-25,Columbia - Middle,Mid Columbia,Columbia Bonneville Dam to The Dalles Dam,527,Chinook,5,2024,98.0
Salmon_Freshwater_Estimates_2024_Final.xlsx,2024-25,Columbia - Middle,Mid Columbia,Columbia Bonneville Dam to The Dalles Dam,527,Chinook,7,2024,28.0
Salmon_Freshwater_Estimates_2024_Final.xlsx,2024-25,Columbia - Middle,Mid Columbia,Columbia Bonneville Dam to The Dalles Dam,527,Chinook,8,2024,1236.0
Salmon_Freshwater_Estimates_2024_Final.xlsx,2024-25,Columbia - Middle,Mid Columbia,Columbia Bonneville Dam to The Dalles Dam,527,Chinook,9,2024,2690.0
Salmon_Freshwater_Estimates_2024_Final.xlsx,2024-25,Columbia - Middle,Mid Columbia,Columbia Bonneville Dam to The Dalles Dam,527,Chinook,10,2024,702.0
Salmon_Freshwater_Estimates_2024_Final.xlsx,2024-25,Columbia - Middle,Mid Columbia,Columbia Bonneville Dam to The Dalles Dam,527,Chum,9,2024,14.0
Salmon_Freshwater_Estimates_2024_Final.xlsx,2024-25,Columbia - Middle,Mid Columbia,Columbia Bonneville Dam to The Dalles Dam,527,Chum,10,2024,122.0
Salmon_Freshwater_Estimates_2024_Final.xlsx,2024-25,Columbia - Middle,Mid Columbia,Columbia Bonneville Dam to The Dalles Dam,527,Coho,8,2024,55.0
Salmon_Freshwater_Estimates_2024_Final.xlsx,2024-25,Columbia - Middle,Mid Columbia,Columbia Bonneville Dam to The Dalles Dam,527,Coho,9,2024,546.0
Salmon_Freshwater_Estimates_2024_Final.xlsx,2024-25,Columbia - Middle,Mid Columbia,Columbia Bonneville Dam to The Dalles Dam,527,Coho,10,2024,1665.0
Salmon_Freshwater_Estimates_2024_Final.xlsx,2024-25,Columbia - Middle,Mid Columbia,Columbia Bonneville Dam to The Dalles Dam,527,Coho,11,2024,250.0
Salmon_Freshwater_Estimates_2024_Final.xlsx,2024-25,Columbia - Middle,Mid Columbia,Columbia Bonneville Dam to The Dalles Dam,527,Sockeye,6,2024,14.0
Salmon_Freshwater_Estimates_2024_Final.xlsx,2024-25,Columbia - Middle,Mid Columbia,Columbia Bonneville Dam to The Dalles Dam,527,Jackchin,8,2024,68.0
Salmon_Freshwater_Estimates_2024_Final.xlsx,2024-25,Columbia - Middle,Mid Columbia,Columbia Bonneville Dam to The Dalles Dam,527,Jackchin,9,2024,394.0
Salmon_Freshwater_Estimates_2024_Final.xlsx,2024-25,Columbia - Middle,Mid Columbia,Columbia Bonneville Dam to The Dalles Dam,527,Jackchin,10,2024,271.0
Salmon_Freshwater_Estimates_2024_Final.xlsx,2024-25,Columbia - Middle,Mid Columbia,Columbia Bonneville Dam to The Dalles Dam,527,Jackcoho,9,2024,27.0
Salmon_Freshwater_Estimates_2024_Final.xlsx,2024-25,Columbia - Middle,Mid Columbia,Columbia Bonneville Dam to The Dalles Dam,527,Jackcoho,10,2024,68.0
Salmon_Freshwater_Estimates_2024_Final.xlsx,2024-25,Columbia - Middle,Mid Columbia,Columbia The Dalles Dam to John Day Dam,529,Chinook,4,2024,329.0
Salmon_Freshwater_Estimates_2024_Final.xlsx,2024-25,Columbia - Middle,Mid Columbia,Columbia The Dalles Dam to John Day Dam,529,Chinook,6,2024,41.0
Salmon_Freshwater_Estimates_2024_Final.xlsx,2024-25,Columbia - Middle,Mid Columbia,Columbia The Dalles Dam to John Day Dam,529,Chinook,8,2024,302.0
Salmon_Freshwater_Estimates_2024_Final.xlsx,2024-25,Columbia - Middle,Mid Columbia,Columbia The Dalles Dam to John Day Dam,529,Chinook,9,2024,480.0
Salmon_Freshwater_Estimates_2024_Final.xlsx,2024-25,Columbia - Middle,Mid Columbia,Columbia The Dalles Dam to John Day Dam,529,Chinook,10,2024,69.0
Salmon_Freshwater_Estimates_2024_Final.xlsx,2024-25,Columbia - Middle,Mid Columbia,Columbia The Dalles Dam to John Day Dam,529,Chinook,3,2025,14.0
Salmon_Freshwater_Estimates_2024_Final.xlsx,2024-25,Columbia - Middle,Mid Columbia,Columbia The Dalles Dam to John Day Dam,529,Coho,8,2024,14.0
Salmon_Freshwater_Estimates_2024_Final.xlsx,2024-25,Columbia - Middle,Mid Columbia,Columbia The Dalles Dam to John Day Dam,529,Coho,9,2024,217.0
Salmon_Freshwater_Estimates_2024_Final.xlsx,2024-25,Columbia - Middle,Mid Columbia,Columbia The Dalles Dam to John Day Dam,529,Coho,10,2024,81.0
Salmon_Freshwater_Estimates_2024_Final.xlsx,2024-25,Columbia - Middle,Mid Columbia,Columbia The Dalles Dam to John Day Dam,529,Jackchin,9,2024,68.0
Salmon_Freshwater_Estimates_2024_Final.xlsx,2024-25,Columbia - Middle,Mid Columbia,Columbia John Day Dam to McNary Dam,531,Chinook,4,2024,154.0
Salmon_Freshwater_Estimates_2024_Final.xlsx,2024-25,Columbia - Middle,Mid Columbia,Columbia John Day Dam to McNary Dam,531,Chinook,5,2024,14.0
Salmon_Freshwater_Estimates_2024_Final.xlsx,2024-25,Columbia - Middle,Mid Columbia,Columbia John Day Dam to McNary Dam,531,Chinook,6,2024,44.0
Salmon_Freshwater_Estimates_2024_Final.xlsx,2024-25,Columbia - Middle,Mid Columbia,Columbia John Day Dam to McNary Dam,531,Chinook,7,2024,14.0
Salmon_Freshwater_Estimates_2024_Final.xlsx,2024-25,Columbia - Middle,Mid Columbia,Columbia John Day Dam to McNary Dam,531,Chinook,8,2024,14.0
Salmon_Freshwater_Estimates_2024_Final.xlsx,2024-25,Columbia - Middle,Mid Columbia,Columbia John Day Dam to McNary Dam,531,Chinook,9,2024,85.0
Salmon_Freshwater_Estimates_2024_Final.xlsx,2024-25,Columbia - Middle,Mid Columbia,Columbia John Day Dam to McNary Dam,531,Chinook,10,2024,42.0
Salmon_Freshwater_Estimates_2024_Final.xlsx,2024-25,Columbia - Middle,Mid Columbia,Columbia John Day Dam to McNary Dam,531,Chum,9,2024,14.0
Salmon_Freshwater_Estimates_2024_Final.xlsx,2024-25,Columbia - Middle,Mid Columbia,Columbia John Day Dam to McNary Dam,531,Coho,5,2024,14.0
Salmon_Freshwater_Estimates_2024_Final.xlsx,2024-25,Columbia - Middle,Mid Columbia,Columbia John Day Dam to McNary Dam,531,Coho,9,2024,95.0
Salmon_Freshwater_Estimates_2024_Final.xlsx,2024-25,Columbia - Middle,Mid Columbia,Columbia John Day Dam to McNary Dam,531,Coho,10,2024,81.0
Salmon_Freshwater_Estimates_2024_Final.xlsx,2024-25,Columbia - Middle,Mid Columbia,Columbia John Day Dam to McNary Dam,531,Sockeye,6,2024,365.0
Salmon_Freshwater_Estimates_2024_Final.xlsx,2024-25,Columbia - Middle,Mid Columbia,Columbia John Day Dam to McNary Dam,531,Sockeye,7,2024,14.0
Salmon_Freshwater_Estimates_2024_Final.xlsx,2024-25,Columbia - Middle,Mid Columbia,Columbia John Day Dam to McNary Dam,531,Jackchin,6,2024,41.0
Salmon_Freshwater_Estimates_2024_Final.xlsx,2024-25,Columbia - Middle,Mid Columbia,Columbia John Day Dam to McNary Dam,531,Jackchin,9,2024,14.0
Salmon_Freshwater_Estimates_2024_Final.xlsx,2024-25,Columbia - Middle,Wind R. System,Wind River above Shipherd Falls,677,Chinook,4,2024,14.0
Salmon_Freshwater_Estimates_2024_Final.xlsx,2024-25,Columbia - Middle,Wind R. System,Wind River above Shipherd Falls,677,Chinook,5,2024,68.0
Salmon_Freshwater_Estimates_2024_Final.xlsx,2024-25,Columbia - Middle,Wind R. System,Wind River above Shipherd Falls,677,Chinook,6,2024,27.0
Salmon_Freshwater_Estimates_2024_Final.xlsx,2024-25,Columbia - Middle,Wind R. System,Wind River above Shipherd Falls,677,Jackchin,5,2024,27.0
Salmon_Freshwater_Estimates_2024_Final.xlsx,2024-25,Columbia - Middle,Wind R. System,Wind River below Shipherd Falls,680,Chinook,4,2024,1477.0
Salmon_Freshwater_Estimates_2024_Final.xlsx,2024-25,Columbia - Middle,Wind R. System,Wind River below Shipherd Falls,680,Chinook,5,2024,1505.0
Salmon_Freshwater_Estimates_2024_Final.xlsx,2024-25,Columbia - Middle,Wind R. System,Wind River below Shipherd Falls,680,Chinook,6,2024,69.0
Salmon_Freshwater_Estimates_2024_Final.xlsx,2024-25,Columbia - Middle,Wind R. System,Wind River below Shipherd Falls,680,Chinook,8,2024,55.0
Salmon_Freshwater_Estimates_2024_Final.xlsx,2024-25,Columbia - Middle,Wind R. System,Wind River below Shipherd Falls,680,Chinook,9,2024,166.0
Salmon_Freshwater_Estimates_2024_Final.xlsx,2024-25,Columbia - Middle,Wind R. System,Wind River below Shipherd Falls,680,Chinook,10,2024,14.0
Salmon_Freshwater_Estimates_2024_Final.xlsx,2024-25,Columbia - Middle,Wind R. System,Wind River below Shipherd Falls,680,Chum,4,2024,14.0
Salmon_Freshwater_Estimates_2024_Final.xlsx,2024-25,Columbia - Middle,Wind R. System,Wind River below Shipherd Falls,680,Coho,4,2024,14.0
Salmon_Freshwater_Estimates_2024_Final.xlsx,2024-25,Columbia - Middle,Wind R. System,Wind River below Shipherd Falls,680,Coho,8,2024,14.0
Salmon_Freshwater_Estimates_2024_Final.xlsx,2024-25,Columbia - Middle,Wind R. System,Wind River below Shipherd Falls,680,Coho,9,2024,477.0
Salmon_Freshwater_Estimates_2024_Final.xlsx,2024-25,Columbia - Middle,Wind R. System,Wind River below Shipherd Falls,680,Coho,10,2024,1009.0
Salmon_Freshwater_Estimates_2024_Final.xlsx,2024-25,Columbia - Middle,Wind R. System,Wind River below Shipherd Falls,680,Jackchin,5,2024,109.0
Salmon_Freshwater_Estimates_2024_Final.xlsx,2024-25,Columbia - Middle,Wind R. System,Wind River below Shipherd Falls,680,Jackchin,9,2024,41.0
Salmon_Freshwater_Estimates_2024_Final.xlsx,2024-25,Columbia - Middle,Wind R. System,Wind River below Shipherd Falls,680,Jackcoho,10,2024,14.0
Salmon_Freshwater_Estimates_2024_Final.xlsx,2024-25,Columbia - Upper,Entiat River,Entiat River,586,Chinook,7,2024,63.0
Salmon_Freshwater_Estimates_2024_Final.xlsx,2024-25,Columbia - Upper,Methow River,Methow River,621,Coho,10,2024,63.0
Salmon_Freshwater_Estimates_2024_Final.xlsx,2024-25,Columbia - Upper,Okanogan R. System,Okanogan River,627,Coho,10,2024,28.0
Salmon_Freshwater_Estimates_2024_Final.xlsx,2024-25,Columbia - Upper,Okanogan R. System,Okanogan River,627,Sockeye,7,2024,250.0
Salmon_Freshwater_Estimates_2024_Final.xlsx,2024-25,Columbia - Upper,Okanogan R. System,Okanogan River,627,Sockeye,8,2024,83.0
Salmon_Freshwater_Estimates_2024_Final.xlsx,2024-25,Columbia - Upper,Upper Columbia,Columbia McNary Dam to Hwy 395 Bridge,533,Chinook,6,2024,13.0
Salmon_Freshwater_Estimates_2024_Final.xlsx,2024-25,Columbia - Upper,Upper Columbia,Columbia McNary Dam to Hwy 395 Bridge,533,Chinook,8,2024,13.0
Salmon_Freshwater_Estimates_2024_Final.xlsx,2024-25,Columbia - Upper,Upper Columbia,Columbia McNary Dam to Hwy 395 Bridge,533,Chinook,9,2024,53.0
Salmon_Freshwater_Estimates_2024_Final.xlsx,2024-25,Columbia - Upper,Upper Columbia,Columbia McNary Dam to Hwy 395 Bridge,533,Chinook,10,2024,26.0
Salmon_Freshwater_Estimates_2024_Final.xlsx,2024-25,Columbia - Upper,Upper Columbia,Columbia McNary Dam to Hwy 395 Bridge,533,Coho,10,2024,26.0
Salmon_Freshwater_Estimates_2024_Final.xlsx,2024-25,Columbia - Upper,Upper Columbia,Columbia McNary Dam to Hwy 395 Bridge,533,Sockeye,6,2024,39.0
Salmon_Freshwater_Estimates_2024_Final.xlsx,2024-25,Columbia - Upper,Upper Columbia,Columbia McNary Dam to Hwy 395 Bridge,533,Sockeye,7,2024,53.0
Salmon_Freshwater_Estimates_2024_Final.xlsx,2024-25,Columbia - Upper,Upper Columbia,Columbia McNary Dam to Hwy 395 Bridge,533,Jackchin,9,2024,26.0
Salmon_Freshwater_Estimates_2024_Final.xlsx,2024-25,Columbia - Upper,Upper Columbia,Columbia McNary Dam to Hwy 395 Bridge,533,Jackchin,10,2024,26.0
Salmon_Freshwater_Estimates_2024_Final.xlsx,2024-25,Columbia - Upper,Upper Columbia,Columbia Hwy 395 Bridge to I-182 Bridge,534,Chinook,7,2024,13.0
Salmon_Freshwater_Estimates_2024_Final.xlsx,2024-25,Columbia - Upper,Upper Columbia,Columbia Hwy 395 Bridge to I-182 Bridge,534,Chinook,8,2024,13.0
Salmon_Freshwater_Estimates_2024_Final.xlsx,2024-25,Columbia - Upper,Upper Columbia,Columbia Hwy 395 Bridge to I-182 Bridge,534,Chinook,9,2024,105.0
Salmon_Freshwater_Estimates_2024_Final.xlsx,2024-25,Columbia - Upper,Upper Columbia,Columbia Hwy 395 Bridge to I-182 Bridge,534,Chinook,10,2024,92.0
Salmon_Freshwater_Estimates_2024_Final.xlsx,2024-25,Columbia - Upper,Upper Columbia,Columbia Hwy 395 Bridge to I-182 Bridge,534,Coho,9,2024,26.0
Salmon_Freshwater_Estimates_2024_Final.xlsx,2024-25,Columbia - Upper,Upper Columbia,Columbia Hwy 395 Bridge to I-182 Bridge,534,Sockeye,6,2024,79.0
Salmon_Freshwater_Estimates_2024_Final.xlsx,2024-25,Columbia - Upper,Upper Columbia,Columbia Hwy 395 Bridge to I-182 Bridge,534,Sockeye,7,2024,237.0
Salmon_Freshwater_Estimates_2024_Final.xlsx,2024-25,Columbia - Upper,Upper Columbia,Columbia Hwy 395 Bridge to I-182 Bridge,534,Jackchin,9,2024,16.0
Salmon_Freshwater_Estimates_2024_Final.xlsx,2024-25,Columbia - Upper,Upper Columbia,Columbia Hwy 395 Bridge to I-182 Bridge,534,Jackchin,10,2024,49.0
Salmon_Freshwater_Estimates_2024_Final.xlsx,2024-25,Columbia - Upper,Upper Columbia,Columbia I-182 Bridge-old Hanford townsite,535,Chinook,6,2024,69.0
Salmon_Freshwater_Estimates_2024_Final.xlsx,2024-25,Columbia - Upper,Upper Columbia,Columbia I-182 Bridge-old Hanford townsite,535,Chinook,7,2024,14.0
Salmon_Freshwater_Estimates_2024_Final.xlsx,2024-25,Columbia - Upper,Upper Columbia,Columbia I-182 Bridge-old Hanford townsite,535,Chinook,8,2024,110.0
Salmon_Freshwater_Estimates_2024_Final.xlsx,2024-25,Columbia - Upper,Upper Columbia,Columbia I-182 Bridge-old Hanford townsite,535,Chinook,9,2024,685.0
Salmon_Freshwater_Estimates_2024_Final.xlsx,2024-25,Columbia - Upper,Upper Columbia,Columbia I-182 Bridge-old Hanford townsite,535,Chinook,10,2024,1237.0
Salmon_Freshwater_Estimates_2024_Final.xlsx,2024-25,Columbia - Upper,Upper Columbia,Columbia I-182 Bridge-old Hanford townsite,535,Chinook,11,2024,31.0
Salmon_Freshwater_Estimates_2024_Final.xlsx,2024-25,Columbia - Upper,Upper Columbia,Columbia I-182 Bridge-old Hanford townsite,535,Coho,9,2024,54.0
Salmon_Freshwater_Estimates_2024_Final.xlsx,2024-25,Columbia - Upper,Upper Columbia,Columbia I-182 Bridge-old Hanford townsite,535,Coho,10,2024,92.0
Salmon_Freshwater_Estimates_2024_Final.xlsx,2024-25,Columbia - Upper,Upper Columbia,Columbia I-182 Bridge-old Hanford townsite,535,Coho,11,2024,75.0
Salmon_Freshwater_Estimates_2024_Final.xlsx,2024-25,Columbia - Upper,Upper Columbia,Columbia I-182 Bridge-old Hanford townsite,535,Sockeye,6,2024,5290.0
Salmon_Freshwater_Estimates_2024_Final.xlsx,2024-25,Columbia - Upper,Upper Columbia,Columbia I-182 Bridge-old Hanford townsite,535,Sockeye,7,2024,4426.0
Salmon_Freshwater_Estimates_2024_Final.xlsx,2024-25,Columbia - Upper,Upper Columbia,Columbia I-182 Bridge-old Hanford townsite,535,Sockeye,9,2024,41.0
Salmon_Freshwater_Estimates_2024_Final.xlsx,2024-25,Columbia - Upper,Upper Columbia,Columbia I-182 Bridge-old Hanford townsite,535,Sockeye,10,2024,13.0
Salmon_Freshwater_Estimates_2024_Final.xlsx,2024-25,Columbia - Upper,Upper Columbia,Columbia I-182 Bridge-old Hanford townsite,535,Sockeye,1,2025,27.0
Salmon_Freshwater_Estimates_2024_Final.xlsx,2024-25,Columbia - Upper,Upper Columbia,Columbia I-182 Bridge-old Hanford townsite,535,Sockeye,3,2025,27.0
Salmon_Freshwater_Estimates_2024_Final.xlsx,2024-25,Columbia - Upper,Upper Columbia,Columbia I-182 Bridge-old Hanford townsite,535,Jackchin,6,2024,27.0
Salmon_Freshwater_Estimates_2024_Final.xlsx,2024-25,Columbia - Upper,Upper Columbia,Columbia I-182 Bridge-old Hanford townsite,535,Jackchin,9,2024,136.0
Salmon_Freshwater_Estimates_2024_Final.xlsx,2024-25,Columbia - Upper,Upper Columbia,Columbia I-182 Bridge-old Hanford townsite,535,Jackchin,10,2024,271.0
Salmon_Freshwater_Estimates_2024_Final.xlsx,2024-25,Columbia - Upper,Upper Columbia,Columbia I-182 Bridge-old Hanford townsite,535,Jackcoho,10,2024,92.0
Salmon_Freshwater_Estimates_2024_Final.xlsx,2024-25,Columbia - Upper,Upper Columbia,Columbia I-182 Bridge-old Hanford townsite,535,Jackcoho,11,2024,13.0
Salmon_Freshwater_Estimates_2024_Final.xlsx,2024-25,Columbia - Upper,Upper Columbia,Columbia Old Hanford townsite-Priest Rapids Dam,536,Chinook,7,2024,53.0
Salmon_Freshwater_Estimates_2024_Final.xlsx,2024-25,Columbia - Upper,Upper Columbia,Columbia Old Hanford townsite-Priest Rapids Dam,536,Chinook,8,2024,79.0
Salmon_Freshwater_Estimates_2024_Final.xlsx,2024-25,Columbia - Upper,Upper Columbia,Columbia Old Hanford townsite-Priest Rapids Dam,536,Chinook,9,2024,2759.0
Salmon_Freshwater_Estimates_2024_Final.xlsx,2024-25,Columbia - Upper,Upper Columbia,Columbia Old Hanford townsite-Priest Rapids Dam,536,Chinook,10,2024,3499.0
Salmon_Freshwater_Estimates_2024_Final.xlsx,2024-25,Columbia - Upper,Upper Columbia,Columbia Old Hanford townsite-Priest Rapids Dam,536,Chinook,11,2024,13.0
Salmon_Freshwater_Estimates_2024_Final.xlsx,2024-25,Columbia - Upper,Upper Columbia,Columbia Old Hanford townsite-Priest Rapids Dam,536,Coho,9,2024,40.0
Salmon_Freshwater_Estimates_2024_Final.xlsx,2024-25,Columbia - Upper,Upper Columbia,Columbia Old Hanford townsite-Priest Rapids Dam,536,Coho,10,2024,39.0
Salmon_Freshwater_Estimates_2024_Final.xlsx,2024-25,Columbia - Upper,Upper Columbia,Columbia Old Hanford townsite-Priest Rapids Dam,536,Sockeye,6,2024,66.0
Salmon_Freshwater_Estimates_2024_Final.xlsx,2024-25,Columbia - Upper,Upper Columbia,Columbia Old Hanford townsite-Priest Rapids Dam,536,Sockeye,7,2024,131.0
Salmon_Freshwater_Estimates_2024_Final.xlsx,2024-25,Columbia - Upper,Upper Columbia,Columbia Old Hanford townsite-Priest Rapids Dam,536,Sockeye,8,2024,13.0
Salmon_Freshwater_Estimates_2024_Final.xlsx,2024-25,Columbia - Upper,Upper Columbia,Columbia Old Hanford townsite-Priest Rapids Dam,536,Sockeye,10,2024,13.0
Salmon_Freshwater_Estimates_2024_Final.xlsx,2024-25,Columbia - Upper,Upper Columbia,Columbia Old Hanford townsite-Priest Rapids Dam,536,Jackchin,6,2024,13.0
Salmon_Freshwater_Estimates_2024_Final.xlsx,2024-25,Columbia - Upper,Upper Columbia,Columbia Old Hanford townsite-Priest Rapids Dam,536,Jackchin,9,2024,171.0
Salmon_Freshwater_Estimates_2024_Final.xlsx,2024-25,Columbia - Upper,Upper Columbia,Columbia Old Hanford townsite-Priest Rapids Dam,536,Jackchin,10,2024,171.0
Salmon_Freshwater_Estimates_2024_Final.xlsx,2024-25,Columbia - Upper,Upper Columbia,Columbia Old Hanford townsite-Priest Rapids Dam,536,Jackcoho,10,2024,13.0
Salmon_Freshwater_Estimates_2024_Final.xlsx,2024-25,Columbia - Upper,Upper Columbia,Columbia Priest Rapids to Wanapum Dam,537,Chinook,4,2024,13.0
Salmon_Freshwater_Estimates_2024_Final.xlsx,2024-25,Columbia - Upper,Upper Columbia,Columbia Priest Rapids to Wanapum Dam,537,Chinook,7,2024,229.0
Salmon_Freshwater_Estimates_2024_Final.xlsx,2024-25,Columbia - Upper,Upper Columbia,Columbia Priest Rapids to Wanapum Dam,537,Chinook,8,2024,27.0
Salmon_Freshwater_Estimates_2024_Final.xlsx,2024-25,Columbia - Upper,Upper Columbia,Columbia Priest Rapids to Wanapum Dam,537,Chinook,9,2024,848.0
Salmon_Freshwater_Estimates_2024_Final.xlsx,2024-25,Columbia - Upper,Upper Columbia,Columbia Priest Rapids to Wanapum Dam,537,Chinook,10,2024,592.0
Salmon_Freshwater_Estimates_2024_Final.xlsx,2024-25,Columbia - Upper,Upper Columbia,Columbia Priest Rapids to Wanapum Dam,537,Coho,7,2024,13.0
Salmon_Freshwater_Estimates_2024_Final.xlsx,2024-25,Columbia - Upper,Upper Columbia,Columbia Priest Rapids to Wanapum Dam,537,Coho,9,2024,13.0
Salmon_Freshwater_Estimates_2024_Final.xlsx,2024-25,Columbia - Upper,Upper Columbia,Columbia Priest Rapids to Wanapum Dam,537,Sockeye,7,2024,1262.0
Salmon_Freshwater_Estimates_2024_Final.xlsx,2024-25,Columbia - Upper,Upper Columbia,Columbia Priest Rapids to Wanapum Dam,537,Sockeye,8,2024,13.0
Salmon_Freshwater_Estimates_2024_Final.xlsx,2024-25,Columbia - Upper,Upper Columbia,Columbia Priest Rapids to Wanapum Dam,537,Jackchin,6,2024,13.0
Salmon_Freshwater_Estimates_2024_Final.xlsx,2024-25,Columbia - Upper,Upper Columbia,Columbia Priest Rapids to Wanapum Dam,537,Jackchin,7,2024,53.0
Salmon_Freshwater_Estimates_2024_Final.xlsx,2024-25,Columbia - Upper,Upper Columbia,Columbia Priest Rapids to Wanapum Dam,537,Jackchin,9,2024,53.0
Salmon_Freshwater_Estimates_2024_Final.xlsx,2024-25,Columbia - Upper,Upper Columbia,Columbia Priest Rapids to Wanapum Dam,537,Jackchin,10,2024,39.0
Salmon_Freshwater_Estimates_2024_Final.xlsx,2024-25,Columbia - Upper,Upper Columbia,Columbia Wanapum to Rock Island Dam,539,Chinook,7,2024,13.0
Salmon_Freshwater_Estimates_2024_Final.xlsx,2024-25,Columbia - Upper,Upper Columbia,Columbia Wanapum to Rock Island Dam,539,Chinook,9,2024,158.0
Salmon_Freshwater_Estimates_2024_Final.xlsx,2024-25,Columbia - Upper,Upper Columbia,Columbia Wanapum to Rock Island Dam,539,Chinook,10,2024,197.0
Salmon_Freshwater_Estimates_2024_Final.xlsx,2024-25,Columbia - Upper,Upper Columbia,Columbia Wanapum to Rock Island Dam,539,Coho,9,2024,13.0
Salmon_Freshwater_Estimates_2024_Final.xlsx,2024-25,Columbia - Upper,Upper Columbia,Columbia Wanapum to Rock Island Dam,539,Coho,11,2024,13.0
Salmon_Freshwater_Estimates_2024_Final.xlsx,2024-25,Columbia - Upper,Upper Columbia,Columbia Wanapum to Rock Island Dam,539,Sockeye,7,2024,131.0
Salmon_Freshwater_Estimates_2024_Final.xlsx,2024-25,Columbia - Upper,Upper Columbia,Columbia Wanapum to Rock Island Dam,539,Jackchin,10,2024,26.0
Salmon_Freshwater_Estimates_2024_Final.xlsx,2024-25,Columbia - Upper,Upper Columbia,Columbia Rock Island to Rocky Reach Dam,541,Chinook,7,2024,39.0
Salmon_Freshwater_Estimates_2024_Final.xlsx,2024-25,Columbia - Upper,Upper Columbia,Columbia Rock Island to Rocky Reach Dam,541,Chinook,8,2024,53.0
Salmon_Freshwater_Estimates_2024_Final.xlsx,2024-25,Columbia - Upper,Upper Columbia,Columbia Rock Island to Rocky Reach Dam,541,Coho,8,2024,26.0
Salmon_Freshwater_Estimates_2024_Final.xlsx,2024-25,Columbia - Upper,Upper Columbia,Columbia Rock Island to Rocky Reach Dam,541,Coho,10,2024,105.0
Salmon_Freshwater_Estimates_2024_Final.xlsx,2024-25,Columbia - Upper,Upper Columbia,Columbia Rock Island to Rocky Reach Dam,541,Sockeye,6,2024,13.0
Salmon_Freshwater_Estimates_2024_Final.xlsx,2024-25,Columbia - Upper,Upper Columbia,Columbia Rock Island to Rocky Reach Dam,541,Sockeye,7,2024,2024.0
Salmon_Freshwater_Estimates_2024_Final.xlsx,2024-25,Columbia - Upper,Upper Columbia,Columbia Rock Island to Rocky Reach Dam,541,Sockeye,8,2024,93.0
Salmon_Freshwater_Estimates_2024_Final.xlsx,2024-25,Columbia - Upper,Upper Columbia,Columbia Rock Island to Rocky Reach Dam,541,Jackchin,7,2024,13.0
Salmon_Freshwater_Estimates_2024_Final.xlsx,2024-25,Columbia - Upper,Upper Columbia,Columbia Rocky Reach to Wells Dam,543,Chinook,7,2024,2899.0
Salmon_Freshwater_Estimates_2024_Final.xlsx,2024-25,Columbia - Upper,Upper Columbia,Columbia Rocky Reach to Wells Dam,543,Chinook,8,2024,675.0
Salmon_Freshwater_Estimates_2024_Final.xlsx,2024-25,Columbia - Upper,Upper Columbia,Columbia Rocky Reach to Wells Dam,543,Chinook,9,2024,26.0
Salmon_Freshwater_Estimates_2024_Final.xlsx,2024-25,Columbia - Upper,Upper Columbia,Columbia Rocky Reach to Wells Dam,543,Pink,7,2024,26.0
Salmon_Freshwater_Estimates_2024_Final.xlsx,2024-25,Columbia - Upper,Upper Columbia,Columbia Rocky Reach to Wells Dam,543,Coho,7,2024,26.0
Salmon_Freshwater_Estimates_2024_Final.xlsx,2024-25,Columbia - Upper,Upper Columbia,Columbia Rocky Reach to Wells Dam,543,Coho,9,2024,53.0
Salmon_Freshwater_Estimates_2024_Final.xlsx,2024-25,Columbia - Upper,Upper Columbia,Columbia Rocky Reach to Wells Dam,543,Coho,10,2024,13.0
Salmon_Freshwater_Estimates_2024_Final.xlsx,2024-25,Columbia - Upper,Upper Columbia,Columbia Rocky Reach to Wells Dam,543,Sockeye,7,2024,7009.0
Salmon_Freshwater_Estimates_2024_Final.xlsx,2024-25,Columbia - Upper,Upper Columbia,Columbia Rocky Reach to Wells Dam,543,Sockeye,8,2024,14.0
Salmon_Freshwater_Estimates_2024_Final.xlsx,2024-25,Columbia - Upper,Upper Columbia,Columbia Rocky Reach to Wells Dam,543,Jackchin,7,2024,158.0
Salmon_Freshwater_Estimates_2024_Final.xlsx,2024-25,Columbia - Upper,Upper Columbia,Columbia Rocky Reach to Wells Dam,543,Jackchin,8,2024,131.0
Salmon_Freshwater_Estimates_2024_Final.xlsx,2024-25,Columbia - Upper,Upper Columbia,Columbia Rocky Reach to Wells Dam,543,Jackcoho,7,2024,26.0
Salmon_Freshwater_Estimates_2024_Final.xlsx,2024-25,Columbia - Upper,Upper Columbia,Columbia Wells to Chief Joseph Dam,545,Chinook,5,2024,13.0
Salmon_Freshwater_Estimates_2024_Final.xlsx,2024-25,Columbia - Upper,Upper Columbia,Columbia Wells to Chief Joseph Dam,545,Chinook,7,2024,1208.0
Salmon_Freshwater_Estimates_2024_Final.xlsx,2024-25,Columbia - Upper,Upper Columbia,Columbia Wells to Chief Joseph Dam,545,Chinook,8,2024,200.0
Salmon_Freshwater_Estimates_2024_Final.xlsx,2024-25,Columbia - Upper,Upper Columbia,Columbia Wells to Chief Joseph Dam,545,Chinook,9,2024,40.0
Salmon_Freshwater_Estimates_2024_Final.xlsx,2024-25,Columbia - Upper,Upper Columbia,Columbia Wells to Chief Joseph Dam,545,Chinook,10,2024,13.0
Salmon_Freshwater_Estimates_2024_Final.xlsx,2024-25,Columbia - Upper,Upper Columbia,Columbia Wells to Chief Joseph Dam,545,Pink,7,2024,53.0
Salmon_Freshwater_Estimates_2024_Final.xlsx,2024-25,Columbia - Upper,Upper Columbia,Columbia Wells to Chief Joseph Dam,545,Pink,8,2024,119.0
Salmon_Freshwater_Estimates_2024_Final.xlsx,2024-25,Columbia - Upper,Upper Columbia,Columbia Wells to Chief Joseph Dam,545,Coho,7,2024,73.0
Salmon_Freshwater_Estimates_2024_Final.xlsx,2024-25,Columbia - Upper,Upper Columbia,Columbia Wells to Chief Joseph Dam,545,Coho,8,2024,15.0
Salmon_Freshwater_Estimates_2024_Final.xlsx,2024-25,Columbia - Upper,Upper Columbia,Columbia Wells to Chief Joseph Dam,545,Coho,9,2024,44.0
Salmon_Freshwater_Estimates_2024_Final.xlsx,2024-25,Columbia - Upper,Upper Columbia,Columbia Wells to Chief Joseph Dam,545,Sockeye,5,2024,54.0
Salmon_Freshwater_Estimates_2024_Final.xlsx,2024-25,Columbia - Upper,Upper Columbia,Columbia Wells to Chief Joseph Dam,545,Sockeye,6,2024,269.0
Salmon_Freshwater_Estimates_2024_Final.xlsx,2024-25,Columbia - Upper,Upper Columbia,Columbia Wells to Chief Joseph Dam,545,Sockeye,7,2024,89096.0
Salmon_Freshwater_Estimates_2024_Final.xlsx,2024-25,Columbia - Upper,Upper Columbia,Columbia Wells to Chief Joseph Dam,545,Sockeye,8,2024,13520.0
Salmon_Freshwater_Estimates_2024_Final.xlsx,2024-25,Columbia - Upper,Upper Columbia,Columbia Wells to Chief Joseph Dam,545,Sockeye,9,2024,108.0
Salmon_Freshwater_Estimates_2024_Final.xlsx,2024-25,Columbia - Upper,Upper Columbia,Columbia Wells to Chief Joseph Dam,545,Sockeye,10,2024,54.0
Salmon_Freshwater_Estimates_2024_Final.xlsx,2024-25,Columbia - Upper,Upper Columbia,Columbia Wells to Chief Joseph Dam,545,Sockeye,11,2024,13.0
Salmon_Freshwater_Estimates_2024_Final.xlsx,2024-25,Columbia - Upper,Upper Columbia,Columbia Wells to Chief Joseph Dam,545,Jackchin,7,2024,276.0
Salmon_Freshwater_Estimates_2024_Final.xlsx,2024-25,Columbia - Upper,Upper Columbia,Columbia Wells to Chief Joseph Dam,545,Jackchin,8,2024,79.0
Salmon_Freshwater_Estimates_2024_Final.xlsx,2024-25,Columbia - Upper,Upper Columbia,Columbia above Chief Joseph Dam,547,Chinook,9,2024,13.0
Salmon_Freshwater_Estimates_2024_Final.xlsx,2024-25,Columbia - Upper,Upper Columbia,Columbia above Chief Joseph Dam,547,Sockeye,7,2024,171.0
Salmon_Freshwater_Estimates_2024_Final.xlsx,2024-25,Columbia - Upper,Upper Columbia,Columbia above Chief Joseph Dam,547,Sockeye,8,2024,53.0
Salmon_Freshwater_Estimates_2024_Final.xlsx,2024-25,Columbia - Upper,Upper Columbia,Columbia above Grand Coulee Dam,549,Sockeye,8,2024,26.0
Salmon_Freshwater_Estimates_2024_Final.xlsx,2024-25,Columbia - Upper,Wenatchee R. System,Icicle Creek,672,Chinook,5,2024,559.0
Salmon_Freshwater_Estimates_2024_Final.xlsx,2024-25,Columbia - Upper,Wenatchee R. System,Icicle Creek,672,Chinook,6,2024,266.0
Salmon_Freshwater_Estimates_2024_Final.xlsx,2024-25,Columbia - Upper,Wenatchee R. System,Icicle Creek,672,Coho,9,2024,13.0
Salmon_Freshwater_Estimates_2024_Final.xlsx,2024-25,Columbia - Upper,Wenatchee R. System,Icicle Creek,672,Coho,10,2024,27.0
Salmon_Freshwater_Estimates_2024_Final.xlsx,2024-25,Columbia - Upper,Wenatchee R. System,Icicle Creek,672,Coho,11,2024,13.0
Salmon_Freshwater_Estimates_2024_Final.xlsx,2024-25,Columbia - Upper,Wenatchee R. System,Icicle Creek,672,Jackchin,5,2024,13.0
Salmon_Freshwater_Estimates_2024_Final.xlsx,2024-25,Columbia - Upper,Wenatchee R. System,Icicle Creek,672,Jackchin,6,2024,27.0
Salmon_Freshwater_Estimates_2024_Final.xlsx,2024-25,Columbia - Upper,Wenatchee R. System,Lake Wenatchee,670,Coho,8,2024,13.0
Salmon_Freshwater_Estimates_2024_Final.xlsx,2024-25,Columbia - Upper,Wenatchee R. System,Lake Wenatchee,670,Sockeye,7,2024,18083.0
Salmon_Freshwater_Estimates_2024_Final.xlsx,2024-25,Columbia - Upper,Wenatchee R. System,Lake Wenatchee,670,Sockeye,8,2024,13099.0
Salmon_Freshwater_Estimates_2024_Final.xlsx,2024-25,Columbia - Upper,Wenatchee R. System,Lake Wenatchee,670,Jackchin,7,2024,13.0
Salmon_Freshwater_Estimates_2024_Final.xlsx,2024-25,Columbia - Upper,Wenatchee R. System,Lake Wenatchee,670,Jackchin,8,2024,239.0
Salmon_Freshwater_Estimates_2024_Final.xlsx,2024-25,Columbia - Upper,Yakima R. System,Yakima River,690,Chinook,5,2024,55.0
Salmon_Freshwater_Estimates_2024_Final.xlsx,2024-25,Columbia - Upper,Yakima R. System,Yakima River,690,Chinook,9,2024,55.0
Salmon_Freshwater_Estimates_2024_Final.xlsx,2024-25,Columbia - Upper,Yakima R. System,Yakima River,690,Chinook,10,2024,458.0
Salmon_Freshwater_Estimates_2024_Final.xlsx,2024-25,Columbia - Upper,Yakima R. System,Yakima River,690,Coho,9,2024,14.0
Salmon_Freshwater_Estimates_2024_Final.xlsx,2024-25,Columbia - Upper,Yakima R. System,Yakima River,690,Coho,10,2024,28.0
Salmon_Freshwater_Estimates_2024_Final.xlsx,2024-25,Columbia - Upper,Yakima R. System,Yakima River,690,Sockeye,7,2024,14.0
Salmon_Freshwater_Estimates_2024_Final.xlsx,2024-25,Columbia - Upper,Yakima R. System,Yakima River,690,Jackchin,5,2024,14.0
Salmon_Freshwater_Estimates_2024_Final.xlsx,2024-25,Columbia - Upper,Yakima R. System,Yakima River,690,Jackchin,9,2024,14.0
Salmon_Freshwater_Estimates_2024_Final.xlsx,2024-25,Columbia - Upper,Yakima R. System,Yakima River,690,Jackchin,10,2024,69.0
Salmon_Freshwater_Estimates_2024_Final.xlsx,2024-25,Columbia - Snake,Snake R. System,Snake River: below Ice Harbor,640,Chinook,4,2024,14.0
Salmon_Freshwater_Estimates_2024_Final.xlsx,2024-25,Columbia - Snake,Snake R. System,Snake River: below Ice Harbor,640,Chinook,5,2024,537.0
Salmon_Freshwater_Estimates_2024_Final.xlsx,2024-25,Columbia - Snake,Snake R. System,Snake River: below Ice Harbor,640,Chinook,6,2024,41.0
Salmon_Freshwater_Estimates_2024_Final.xlsx,2024-25,Columbia - Snake,Snake R. System,Snake River: below Ice Harbor,640,Chinook,9,2024,14.0
Salmon_Freshwater_Estimates_2024_Final.xlsx,2024-25,Columbia - Snake,Snake R. System,Snake River: below Ice Harbor,640,Chinook,10,2024,14.0
Salmon_Freshwater_Estimates_2024_Final.xlsx,2024-25,Columbia - Snake,Snake R. System,Snake River: below Ice Harbor,640,Sockeye,8,2024,67.0
Salmon_Freshwater_Estimates_2024_Final.xlsx,2024-25,Columbia - Snake,Snake R. System,Snake River: below Ice Harbor,640,Jackchin,5,2024,40.0
Salmon_Freshwater_Estimates_2024_Final.xlsx,2024-25,Columbia - Snake,Snake R. System,Snake River: below Ice Harbor,640,Jackchin,10,2024,40.0
Salmon_Freshwater_Estimates_2024_Final.xlsx,2024-25,Columbia - Snake,Snake R. System,Snake River: Ice Harbor to Lower Monumental Dam,642,Chinook,5,2024,13.0
Salmon_Freshwater_Estimates_2024_Final.xlsx,2024-25,Columbia - Snake,Snake R. System,Snake River: Ice Harbor to Lower Monumental Dam,642,Coho,9,2024,54.0
Salmon_Freshwater_Estimates_2024_Final.xlsx,2024-25,Columbia - Snake,Snake R. System,Snake River: Lower Monumental to Little Goose Dam,644,Chinook,5,2024,155.0
Salmon_Freshwater_Estimates_2024_Final.xlsx,2024-25,Columbia - Snake,Snake R. System,Snake River: Lower Monumental to Little Goose Dam,644,Chinook,6,2024,98.0
Salmon_Freshwater_Estimates_2024_Final.xlsx,2024-25,Columbia - Snake,Snake R. System,Snake River: Lower Monumental to Little Goose Dam,644,Chinook,9,2024,253.0
Salmon_Freshwater_Estimates_2024_Final.xlsx,2024-25,Columbia - Snake,Snake R. System,Snake River: Lower Monumental to Little Goose Dam,644,Chinook,10,2024,141.0
Salmon_Freshwater_Estimates_2024_Final.xlsx,2024-25,Columbia - Snake,Snake R. System,Snake River: Lower Monumental to Little Goose Dam,644,Jackchin,5,2024,27.0
Salmon_Freshwater_Estimates_2024_Final.xlsx,2024-25,Columbia - Snake,Snake R. System,Snake River: Lower Monumental to Little Goose Dam,644,Jackchin,6,2024,13.0
Salmon_Freshwater_Estimates_2024_Final.xlsx,2024-25,Columbia - Snake,Snake R. System,Snake River: Lower Monumental to Little Goose Dam,644,Jackchin,7,2024,13.0
Salmon_Freshwater_Estimates_2024_Final.xlsx,2024-25,Columbia - Snake,Snake R. System,Snake River: Lower Monumental to Little Goose Dam,644,Jackchin,8,2024,13.0
Salmon_Freshwater_Estimates_2024_Final.xlsx,2024-25,Columbia - Snake,Snake R. System,Snake River: Lower Monumental to Little Goose Dam,644,Jackchin,9,2024,94.0
Salmon_Freshwater_Estimates_2024_Final.xlsx,2024-25,Columbia - Snake,Snake R. System,Snake River: Lower Monumental to Little Goose Dam,644,Jackchin,10,2024,121.0
Salmon_Freshwater_Estimates_2024_Final.xlsx,2024-25,Columbia - Snake,Snake R. System,Snake River: Little Goose to Lower Granite Dam,646,Chinook,5,2024,13.0
Salmon_Freshwater_Estimates_2024_Final.xlsx,2024-25,Columbia - Snake,Snake R. System,Snake River: Little Goose to Lower Granite Dam,646,Chinook,9,2024,13.0
Salmon_Freshwater_Estimates_2024_Final.xlsx,2024-25,Columbia - Snake,Snake R. System,Snake River: Lower Granite to Interstate Bridge,648,Chinook,8,2024,335.0
Salmon_Freshwater_Estimates_2024_Final.xlsx,2024-25,Columbia - Snake,Snake R. System,Snake River: Lower Granite to Interstate Bridge,648,Chinook,9,2024,1672.0
Salmon_Freshwater_Estimates_2024_Final.xlsx,2024-25,Columbia - Snake,Snake R. System,Snake River: Lower Granite to Interstate Bridge,648,Sockeye,9,2024,14.0
Salmon_Freshwater_Estimates_2024_Final.xlsx,2024-25,Columbia - Snake,Snake R. System,Snake River: Lower Granite to Interstate Bridge,648,Jackchin,8,2024,13.0
Salmon_Freshwater_Estimates_2024_Final.xlsx,2024-25,Columbia - Snake,Snake R. System,Snake River: Lower Granite to Interstate Bridge,648,Jackchin,9,2024,108.0
Salmon_Freshwater_Estimates_2024_Final.xlsx,2024-25,Columbia - Snake,Snake R. System,Snake River: upstream of Interstate Bridge,650,Chinook,5,2024,13.0
Salmon_Freshwater_Estimates_2024_Final.xlsx,2024-25,Columbia - Snake,Snake R. System,Snake River: upstream of Interstate Bridge,650,Chinook,8,2024,81.0
Salmon_Freshwater_Estimates_2024_Final.xlsx,2024-25,Columbia - Snake,Snake R. System,Snake River: upstream of Interstate Bridge,650,Chinook,9,2024,175.0
Salmon_Freshwater_Estimates_2024_Final.xlsx,2024-25,Columbia - Snake,Snake R. System,Snake River: upstream of Interstate Bridge,650,Chinook,10,2024,40.0
Salmon_Freshwater_Estimates_2024_Final.xlsx,2024-25,Columbia - Snake,Snake R. System,Snake River: upstream of Interstate Bridge,650,Chinook,12,2024,13.0
Salmon_Freshwater_Estimates_2024_Final.xlsx,2024-25,Columbia - Snake,Snake R. System,Snake River: upstream of Interstate Bridge,650,Jackchin,8,2024,13.0
Salmon_Freshwater_Estimates_2024_Final.xlsx,2024-25,Columbia - Snake,Snake R. System,Snake River: upstream of Interstate Bridge,650,Jackchin,9,2024,13.0
Salmon_Freshwater_Estimates_2024_Final.xlsx,2024-25,Columbia - Snake,Snake R. System,Snake River: upstream of Interstate Bridge,650,Jackcoho,9,2024,27.0
Salmon_Freshwater_Estimates_2024_Final.xlsx,2024-25,Puget Sound,California Cr. System,California Creek,710,Coho,9,2024,31.0
Salmon_Freshwater_Estimates_2024_Final.xlsx,2024-25,Puget Sound,Deep Cr. System (Clallam),Deep Creek (Clallam Co),726,Sockeye,7,2024,63.0
Salmon_Freshwater_Estimates_2024_Final.xlsx,2024-25,Puget Sound,Deschutes R. System,Deschutes River,728,Chinook,9,2024,31.0
Salmon_Freshwater_Estimates_2024_Final.xlsx,2024-25,Puget Sound,Deschutes R. System,Deschutes River,728,Sockeye,7,2024,16.0
Salmon_Freshwater_Estimates_2024_Final.xlsx,2024-25,Puget Sound,Duckabush R. System,Duckabush River,736,Coho,9,2024,16.0
Salmon_Freshwater_Estimates_2024_Final.xlsx,2024-25,Puget Sound,Dungeness R. System,Dungeness River,738,Chinook,9,2024,26.0
Salmon_Freshwater_Estimates_2024_Final.xlsx,2024-25,Puget Sound,Dungeness R. System,Dungeness River,738,Coho,8,2024,26.0
Salmon_Freshwater_Estimates_2024_Final.xlsx,2024-25,Puget Sound,Dungeness R. System,Dungeness River,738,Coho,9,2024,13.0
Salmon_Freshwater_Estimates_2024_Final.xlsx,2024-25,Puget Sound,Dungeness R. System,Dungeness River,738,Coho,10,2024,691.0
Salmon_Freshwater_Estimates_2024_Final.xlsx,2024-25,Puget Sound,Dungeness R. System,Dungeness River,738,Coho,11,2024,166.0
Salmon_Freshwater_Estimates_2024_Final.xlsx,2024-25,Puget Sound,Green-Duwamish R. System,Green - Duwamish River,746,Chinook,7,2024,14.0
Salmon_Freshwater_Estimates_2024_Final.xlsx,2024-25,Puget Sound,Green-Duwamish R. System,Green - Duwamish River,746,Chinook,8,2024,180.0
Salmon_Freshwater_Estimates_2024_Final.xlsx,2024-25,Puget Sound,Green-Duwamish R. System,Green - Duwamish River,746,Chinook,9,2024,374.0
Salmon_Freshwater_Estimates_2024_Final.xlsx,2024-25,Puget Sound,Green-Duwamish R. System,Green - Duwamish River,746,Chinook,10,2024,14.0
Salmon_Freshwater_Estimates_2024_Final.xlsx,2024-25,Puget Sound,Green-Duwamish R. System,Green - Duwamish River,746,Chum,6,2024,13.0
Salmon_Freshwater_Estimates_2024_Final.xlsx,2024-25,Puget Sound,Green-Duwamish R. System,Green - Duwamish River,746,Chum,8,2024,13.0
Salmon_Freshwater_Estimates_2024_Final.xlsx,2024-25,Puget Sound,Green-Duwamish R. System,Green - Duwamish River,746,Chum,9,2024,66.0
Salmon_Freshwater_Estimates_2024_Final.xlsx,2024-25,Puget Sound,Green-Duwamish R. System,Green - Duwamish River,746,Chum,10,2024,3831.0
Salmon_Freshwater_Estimates_2024_Final.xlsx,2024-25,Puget Sound,Green-Duwamish R. System,Green - Duwamish River,746,Chum,11,2024,5151.0
Salmon_Freshwater_Estimates_2024_Final.xlsx,2024-25,Puget Sound,Green-Duwamish R. System,Green - Duwamish River,746,Coho,6,2024,26.0
Salmon_Freshwater_Estimates_2024_Final.xlsx,2024-25,Puget Sound,Green-Duwamish R. System,Green - Duwamish River,746,Coho,7,2024,26.0
Salmon_Freshwater_Estimates_2024_Final.xlsx,2024-25,Puget Sound,Green-Duwamish R. System,Green - Duwamish River,746,Coho,8,2024,383.0
Salmon_Freshwater_Estimates_2024_Final.xlsx,2024-25,Puget Sound,Green-Duwamish R. System,Green - Duwamish River,746,Coho,9,2024,3236.0
Salmon_Freshwater_Estimates_2024_Final.xlsx,2024-25,Puget Sound,Green-Duwamish R. System,Green - Duwamish River,746,Coho,10,2024,2351.0
Salmon_Freshwater_Estimates_2024_Final.xlsx,2024-25,Puget Sound,Green-Duwamish R. System,Green - Duwamish River,746,Coho,11,2024,555.0
Salmon_Freshwater_Estimates_2024_Final.xlsx,2024-25,Puget Sound,Green-Duwamish R. System,Green - Duwamish River,746,Jackchin,6,2024,13.0
Salmon_Freshwater_Estimates_2024_Final.xlsx,2024-25,Puget Sound,Green-Duwamish R. System,Green - Duwamish River,746,Jackchin,8,2024,92.0
Salmon_Freshwater_Estimates_2024_Final.xlsx,2024-25,Puget Sound,Green-Duwamish R. System,Green - Duwamish River,746,Jackchin,9,2024,251.0
Salmon_Freshwater_Estimates_2024_Final.xlsx,2024-25,Puget Sound,Green-Duwamish R. System,Green - Duwamish River,746,Jackchin,10,2024,92.0
Salmon_Freshwater_Estimates_2024_Final.xlsx,2024-25,Puget Sound,Green-Duwamish R. System,Green - Duwamish River,746,Jackcoho,8,2024,67.0
Salmon_Freshwater_Estimates_2024_Final.xlsx,2024-25,Puget Sound,Green-Duwamish R. System,Green - Duwamish River,746,Jackcoho,9,2024,574.0
Salmon_Freshwater_Estimates_2024_Final.xlsx,2024-25,Puget Sound,Green-Duwamish R. System,Green - Duwamish River,746,Jackcoho,10,2024,507.0
Salmon_Freshwater_Estimates_2024_Final.xlsx,2024-25,Puget Sound,Green-Duwamish R. System,Green - Duwamish River,746,Jackcoho,11,2024,80.0
Salmon_Freshwater_Estimates_2024_Final.xlsx,2024-25,Puget Sound,Kennedy Cr. System,Kennedy Creek,754,Chum,10,2024,63.0
Salmon_Freshwater_Estimates_2024_Final.xlsx,2024-25,Puget Sound,Kennedy Cr. System,Kennedy Creek,754,Chum,11,2024,220.0
Salmon_Freshwater_Estimates_2024_Final.xlsx,2024-25,Puget Sound,Lake Washington System,Lake Sammamish,764,Chinook,8,2024,78.0
Salmon_Freshwater_Estimates_2024_Final.xlsx,2024-25,Puget Sound,Lake Washington System,Lake Sammamish,764,Sockeye,7,2024,16.0
Salmon_Freshwater_Estimates_2024_Final.xlsx,2024-25,Puget Sound,Lake Washington System,Lake Washington,762,Coho,9,2024,78.0
Salmon_Freshwater_Estimates_2024_Final.xlsx,2024-25,Puget Sound,Lake Washington System,Lake Washington,762,Coho,10,2024,31.0
Salmon_Freshwater_Estimates_2024_Final.xlsx,2024-25,Puget Sound,Little Quilcene R. System,Little Quilcene River,766,Coho,9,2024,110.0
Salmon_Freshwater_Estimates_2024_Final.xlsx,2024-25,Puget Sound,Minter Cr. System,Minter Creek,778,Chinook,9,2024,295.0
Salmon_Freshwater_Estimates_2024_Final.xlsx,2024-25,Puget Sound,Minter Cr. System,Minter Creek,778,Chinook,10,2024,14.0
Salmon_Freshwater_Estimates_2024_Final.xlsx,2024-25,Puget Sound,Minter Cr. System,Minter Creek,778,Chum,9,2024,15.0
Salmon_Freshwater_Estimates_2024_Final.xlsx,2024-25,Puget Sound,Minter Cr. System,Minter Creek,778,Chum,10,2024,115.0
Salmon_Freshwater_Estimates_2024_Final.xlsx,2024-25,Puget Sound,Minter Cr. System,Minter Creek,778,Chum,11,2024,3873.0
Salmon_Freshwater_Estimates_2024_Final.xlsx,2024-25,Puget Sound,Minter Cr. System,Minter Creek,778,Coho,7,2024,84.0
Salmon_Freshwater_Estimates_2024_Final.xlsx,2024-25,Puget Sound,Minter Cr. System,Minter Creek,778,Coho,8,2024,28.0
Salmon_Freshwater_Estimates_2024_Final.xlsx,2024-25,Puget Sound,Minter Cr. System,Minter Creek,778,Coho,9,2024,513.0
Salmon_Freshwater_Estimates_2024_Final.xlsx,2024-25,Puget Sound,Minter Cr. System,Minter Creek,778,Coho,10,2024,280.0
Salmon_Freshwater_Estimates_2024_Final.xlsx,2024-25,Puget Sound,Minter Cr. System,Minter Creek,778,Jackchin,9,2024,55.0
Salmon_Freshwater_Estimates_2024_Final.xlsx,2024-25,Puget Sound,Minter Cr. System,Minter Creek,778,Jackcoho,7,2024,14.0
Salmon_Freshwater_Estimates_2024_Final.xlsx,2024-25,Puget Sound,Minter Cr. System,Minter Creek,778,Jackcoho,9,2024,124.0
Salmon_Freshwater_Estimates_2024_Final.xlsx,2024-25,Puget Sound,Minter Cr. System,Minter Creek,778,Jackcoho,10,2024,14.0
Salmon_Freshwater_Estimates_2024_Final.xlsx,2024-25,Puget Sound,Nisqually R. System,Nisqually River,786,Chinook,8,2024,331.0
Salmon_Freshwater_Estimates_2024_Final.xlsx,2024-25,Puget Sound,Nisqually R. System,Nisqually River,786,Chinook,9,2024,1633.0
Salmon_Freshwater_Estimates_2024_Final.xlsx,2024-25,Puget Sound,Nisqually R. System,Nisqually River,786,Chinook,10,2024,14.0
Salmon_Freshwater_Estimates_2024_Final.xlsx,2024-25,Puget Sound,Nisqually R. System,Nisqually River,786,Coho,9,2024,565.0
Salmon_Freshwater_Estimates_2024_Final.xlsx,2024-25,Puget Sound,Nisqually R. System,Nisqually River,786,Coho,10,2024,167.0
Salmon_Freshwater_Estimates_2024_Final.xlsx,2024-25,Puget Sound,Nisqually R. System,Nisqually River,786,Sockeye,7,2024,55.0
Salmon_Freshwater_Estimates_2024_Final.xlsx,2024-25,Puget Sound,Nisqually R. System,Nisqually River,786,Jackchin,8,2024,41.0
Salmon_Freshwater_Estimates_2024_Final.xlsx,2024-25,Puget Sound,Nisqually R. System,Nisqually River,786,Jackchin,9,2024,328.0
Salmon_Freshwater_Estimates_2024_Final.xlsx,2024-25,Puget Sound,Nisqually R. System,Nisqually River,786,Jackcoho,9,2024,82.0
Salmon_Freshwater_Estimates_2024_Final.xlsx,2024-25,Puget Sound,Nisqually R. System,Nisqually River,786,Jackcoho,10,2024,14.0
Salmon_Freshwater_Estimates_2024_Final.xlsx,2024-25,Puget Sound,Nooksack Samish R. System,Dakota Creek (Whatcom Co),724,Chinook,8,2024,26.0
Salmon_Freshwater_Estimates_2024_Final.xlsx,2024-25,Puget Sound,Nooksack Samish R. System,"Nooksack River, Middle Fork",788,Coho,10,2024,13.0
Salmon_Freshwater_Estimates_2024_Final.xlsx,2024-25,Puget Sound,Nooksack Samish R. System,"Nooksack River, North Fork",790,Chum,11,2024,26.0
Salmon_Freshwater_Estimates_2024_Final.xlsx,2024-25,Puget Sound,Nooksack Samish R. System,"Nooksack River, North Fork",790,Coho,9,2024,13.0
Salmon_Freshwater_Estimates_2024_Final.xlsx,2024-25,Puget Sound,Nooksack Samish R. System,"Nooksack River, North Fork",790,Coho,10,2024,40.0
Salmon_Freshwater_Estimates_2024_Final.xlsx,2024-25,Puget Sound,Nooksack Samish R. System,"Nooksack River, North Fork",790,Coho,11,2024,40.0
Salmon_Freshwater_Estimates_2024_Final.xlsx,2024-25,Puget Sound,Nooksack Samish R. System,"Nooksack River, South Fork",792,Chinook,10,2024,92.0
Salmon_Freshwater_Estimates_2024_Final.xlsx,2024-25,Puget Sound,Nooksack Samish R. System,"Nooksack River, South Fork",792,Coho,10,2024,2029.0
Salmon_Freshwater_Estimates_2024_Final.xlsx,2024-25,Puget Sound,Nooksack Samish R. System,"Nooksack River, below North Fork",794,Chinook,9,2024,26.0
Salmon_Freshwater_Estimates_2024_Final.xlsx,2024-25,Puget Sound,Nooksack Samish R. System,"Nooksack River, below North Fork",794,Chum,11,2024,92.0
Salmon_Freshwater_Estimates_2024_Final.xlsx,2024-25,Puget Sound,Nooksack Samish R. System,"Nooksack River, below North Fork",794,Pink,10,2024,13.0
Salmon_Freshwater_Estimates_2024_Final.xlsx,2024-25,Puget Sound,Nooksack Samish R. System,"Nooksack River, below North Fork",794,Coho,8,2024,213.0
Salmon_Freshwater_Estimates_2024_Final.xlsx,2024-25,Puget Sound,Nooksack Samish R. System,"Nooksack River, below North Fork",794,Coho,9,2024,2491.0
Salmon_Freshwater_Estimates_2024_Final.xlsx,2024-25,Puget Sound,Nooksack Samish R. System,"Nooksack River, below North Fork",794,Coho,10,2024,1492.0
Salmon_Freshwater_Estimates_2024_Final.xlsx,2024-25,Puget Sound,Nooksack Samish R. System,"Nooksack River, below North Fork",794,Coho,11,2024,266.0
Salmon_Freshwater_Estimates_2024_Final.xlsx,2024-25,Puget Sound,Nooksack Samish R. System,"Nooksack River, below North Fork",794,Coho,12,2024,320.0
Salmon_Freshwater_Estimates_2024_Final.xlsx,2024-25,Puget Sound,Nooksack Samish R. System,"Nooksack River, below North Fork",794,Jackcoho,9,2024,40.0
Salmon_Freshwater_Estimates_2024_Final.xlsx,2024-25,Puget Sound,Nooksack Samish R. System,"Nooksack River, below North Fork",794,Jackcoho,10,2024,26.0
Salmon_Freshwater_Estimates_2024_Final.xlsx,2024-25,Puget Sound,Nooksack Samish R. System,Samish River,816,Chinook,4,2024,14.0
Salmon_Freshwater_Estimates_2024_Final.xlsx,2024-25,Puget Sound,Nooksack Samish R. System,Samish River,816,Chinook,5,2024,14.0
Salmon_Freshwater_Estimates_2024_Final.xlsx,2024-25,Puget Sound,Nooksack Samish R. System,Samish River,816,Chinook,7,2024,41.0
Salmon_Freshwater_Estimates_2024_Final.xlsx,2024-25,Puget Sound,Nooksack Samish R. System,Samish River,816,Chinook,8,2024,2017.0
Salmon_Freshwater_Estimates_2024_Final.xlsx,2024-25,Puget Sound,Nooksack Samish R. System,Samish River,816,Chinook,9,2024,8071.0
Salmon_Freshwater_Estimates_2024_Final.xlsx,2024-25,Puget Sound,Nooksack Samish R. System,Samish River,816,Chinook,10,2024,14.0
Salmon_Freshwater_Estimates_2024_Final.xlsx,2024-25,Puget Sound,Nooksack Samish R. System,Samish River,816,Chum,8,2024,79.0
Salmon_Freshwater_Estimates_2024_Final.xlsx,2024-25,Puget Sound,Nooksack Samish R. System,Samish River,816,Chum,9,2024,273.0
Salmon_Freshwater_Estimates_2024_Final.xlsx,2024-25,Puget Sound,Nooksack Samish R. System,Samish River,816,Coho,4,2024,13.0
Salmon_Freshwater_Estimates_2024_Final.xlsx,2024-25,Puget Sound,Nooksack Samish R. System,Samish River,816,Coho,5,2024,13.0
Salmon_Freshwater_Estimates_2024_Final.xlsx,2024-25,Puget Sound,Nooksack Samish R. System,Samish River,816,Coho,9,2024,95.0
Salmon_Freshwater_Estimates_2024_Final.xlsx,2024-25,Puget Sound,Nooksack Samish R. System,Samish River,816,Coho,10,2024,26.0
Salmon_Freshwater_Estimates_2024_Final.xlsx,2024-25,Puget Sound,Nooksack Samish R. System,Samish River,816,Sockeye,9,2024,14.0
Salmon_Freshwater_Estimates_2024_Final.xlsx,2024-25,Puget Sound,Nooksack Samish R. System,Samish River,816,Jackchin,8,2024,13.0
Salmon_Freshwater_Estimates_2024_Final.xlsx,2024-25,Puget Sound,Nooksack Samish R. System,Samish River,816,Jackchin,9,2024,13.0
Salmon_Freshwater_Estimates_2024_Final.xlsx,2024-25,Puget Sound,Nooksack Samish R. System,Whatcom Creek,884,Coho,10,2024,13.0
Salmon_Freshwater_Estimates_2024_Final.xlsx,2024-25,Puget Sound,Puyallup R. System,Carbon River,802,Chinook,9,2024,1169.0
Salmon_Freshwater_Estimates_2024_Final.xlsx,2024-25,Puget Sound,Puyallup R. System,Carbon River,802,Chinook,10,2024,23.0
Salmon_Freshwater_Estimates_2024_Final.xlsx,2024-25,Puget Sound,Puyallup R. System,Carbon River,802,Coho,9,2024,559.0
Salmon_Freshwater_Estimates_2024_Final.xlsx,2024-25,Puget Sound,Puyallup R. System,Carbon River,802,Coho,10,2024,860.0
Salmon_Freshwater_Estimates_2024_Final.xlsx,2024-25,Puget Sound,Puyallup R. System,Carbon River,802,Coho,11,2024,14.0
Salmon_Freshwater_Estimates_2024_Final.xlsx,2024-25,Puget Sound,Puyallup R. System,Carbon River,802,Jackchin,9,2024,201.0
Salmon_Freshwater_Estimates_2024_Final.xlsx,2024-25,Puget Sound,Puyallup R. System,Carbon River,802,Jackcoho,9,2024,84.0
Salmon_Freshwater_Estimates_2024_Final.xlsx,2024-25,Puget Sound,Puyallup R. System,Carbon River,802,Jackcoho,10,2024,89.0
Salmon_Freshwater_Estimates_2024_Final.xlsx,2024-25,Puget Sound,Puyallup R. System,Puyallup River,804,Chinook,8,2024,1033.0
Salmon_Freshwater_Estimates_2024_Final.xlsx,2024-25,Puget Sound,Puyallup R. System,Puyallup River,804,Chinook,9,2024,178.0
Salmon_Freshwater_Estimates_2024_Final.xlsx,2024-25,Puget Sound,Puyallup R. System,Puyallup River,804,Chum,10,2024,27.0
Salmon_Freshwater_Estimates_2024_Final.xlsx,2024-25,Puget Sound,Puyallup R. System,Puyallup River,804,Coho,8,2024,5265.0
Salmon_Freshwater_Estimates_2024_Final.xlsx,2024-25,Puget Sound,Puyallup R. System,Puyallup River,804,Coho,9,2024,4021.0
Salmon_Freshwater_Estimates_2024_Final.xlsx,2024-25,Puget Sound,Puyallup R. System,Puyallup River,804,Coho,10,2024,133.0
Salmon_Freshwater_Estimates_2024_Final.xlsx,2024-25,Puget Sound,Puyallup R. System,Puyallup River,804,Jackchin,8,2024,209.0
Salmon_Freshwater_Estimates_2024_Final.xlsx,2024-25,Puget Sound,Puyallup R. System,Puyallup River,804,Jackchin,9,2024,118.0
Salmon_Freshwater_Estimates_2024_Final.xlsx,2024-25,Puget Sound,Puyallup R. System,Puyallup River,804,Jackcoho,8,2024,1332.0
Salmon_Freshwater_Estimates_2024_Final.xlsx,2024-25,Puget Sound,Puyallup R. System,Puyallup River,804,Jackcoho,9,2024,714.0
Salmon_Freshwater_Estimates_2024_Final.xlsx,2024-25,Puget Sound,Puyallup R. System,Puyallup River,804,Jackcoho,10,2024,34.0
Salmon_Freshwater_Estimates_2024_Final.xlsx,2024-25,Puget Sound,Quilcene R. System,Quilcene River,812,Chinook,8,2024,27.0
Salmon_Freshwater_Estimates_2024_Final.xlsx,2024-25,Puget Sound,Quilcene R. System,Quilcene River,812,Coho,8,2024,3700.0
Salmon_Freshwater_Estimates_2024_Final.xlsx,2024-25,Puget Sound,Quilcene R. System,Quilcene River,812,Coho,9,2024,192.0
Salmon_Freshwater_Estimates_2024_Final.xlsx,2024-25,Puget Sound,Quilcene R. System,Quilcene River,812,Coho,10,2024,164.0
Salmon_Freshwater_Estimates_2024_Final.xlsx,2024-25,Puget Sound,Quilcene R. System,Quilcene River,812,Jackcoho,8,2024,14.0
Salmon_Freshwater_Estimates_2024_Final.xlsx,2024-25,Puget Sound,Salt Cr. System,Salt Creek (Clallam Co),814,Chum,10,2024,16.0
Salmon_Freshwater_Estimates_2024_Final.xlsx,2024-25,Puget Sound,Salt Cr. System,Salt Creek (Clallam Co),814,Coho,8,2024,125.0
Salmon_Freshwater_Estimates_2024_Final.xlsx,2024-25,Puget Sound,Salt Cr. System,Salt Creek (Clallam Co),814,Coho,9,2024,16.0
Salmon_Freshwater_Estimates_2024_Final.xlsx,2024-25,Puget Sound,Salt Cr. System,Salt Creek (Clallam Co),814,Coho,10,2024,78.0
Salmon_Freshwater_Estimates_2024_Final.xlsx,2024-25,Puget Sound,Salt Cr. System,Salt Creek (Clallam Co),814,Jackcoho,10,2024,31.0
Salmon_Freshwater_Estimates_2024_Final.xlsx,2024-25,Puget Sound,Sekiu R. System,Sekiu River,818,Chinook,9,2024,16.0
Salmon_Freshwater_Estimates_2024_Final.xlsx,2024-25,Puget Sound,Skagit R. System,Baker Lake,825,Coho,9,2024,26.0
Salmon_Freshwater_Estimates_2024_Final.xlsx,2024-25,Puget Sound,Skagit R. System,Baker Lake,825,Sockeye,6,2024,13.0
Salmon_Freshwater_Estimates_2024_Final.xlsx,2024-25,Puget Sound,Skagit R. System,Baker Lake,825,Sockeye,7,2024,9312.0
Salmon_Freshwater_Estimates_2024_Final.xlsx,2024-25,Puget Sound,Skagit R. System,Baker Lake,825,Sockeye,8,2024,1330.0
Salmon_Freshwater_Estimates_2024_Final.xlsx,2024-25,Puget Sound,Skagit R. System,Baker River,824,Sockeye,7,2024,39.0
Salmon_Freshwater_Estimates_2024_Final.xlsx,2024-25,Puget Sound,Skagit R. System,Cascade River,826,Chinook,5,2024,41.0
Salmon_Freshwater_Estimates_2024_Final.xlsx,2024-25,Puget Sound,Skagit R. System,Cascade River,826,Chinook,6,2024,222.0
Salmon_Freshwater_Estimates_2024_Final.xlsx,2024-25,Puget Sound,Skagit R. System,Cascade River,826,Chinook,7,2024,8.0
Salmon_Freshwater_Estimates_2024_Final.xlsx,2024-25,Puget Sound,Skagit R. System,Cascade River,826,Chinook,8,2024,78.0
Salmon_Freshwater_Estimates_2024_Final.xlsx,2024-25,Puget Sound,Skagit R. System,Cascade River,826,Chinook,9,2024,26.0
Salmon_Freshwater_Estimates_2024_Final.xlsx,2024-25,Puget Sound,Skagit R. System,Cascade River,826,Coho,9,2024,431.0
Salmon_Freshwater_Estimates_2024_Final.xlsx,2024-25,Puget Sound,Skagit R. System,Cascade River,826,Coho,10,2024,2246.0
Salmon_Freshwater_Estimates_2024_Final.xlsx,2024-25,Puget Sound,Skagit R. System,Cascade River,826,Coho,11,2024,91.0
Salmon_Freshwater_Estimates_2024_Final.xlsx,2024-25,Puget Sound,Skagit R. System,Cascade River,826,Jackchin,6,2024,13.0
Salmon_Freshwater_Estimates_2024_Final.xlsx,2024-25,Puget Sound,Skagit R. System,Cascade River,826,Jackcoho,9,2024,1.0
Salmon_Freshwater_Estimates_2024_Final.xlsx,2024-25,Puget Sound,Skagit R. System,Cascade River,826,Jackcoho,10,2024,3.0
Salmon_Freshwater_Estimates_2024_Final.xlsx,2024-25,Puget Sound,Skagit R. System,Cascade River,826,Jackcoho,11,2024,2.0
Salmon_Freshwater_Estimates_2024_Final.xlsx,2024-25,Puget Sound,Skagit R. System,Sauk River,828,Chinook,8,2024,13.0
Salmon_Freshwater_Estimates_2024_Final.xlsx,2024-25,Puget Sound,Skagit R. System,Sauk River,828,Chinook,9,2024,13.0
Salmon_Freshwater_Estimates_2024_Final.xlsx,2024-25,Puget Sound,Skagit R. System,Sauk River,828,Sockeye,7,2024,13.0
Salmon_Freshwater_Estimates_2024_Final.xlsx,2024-25,Puget Sound,Skagit R. System,Skagit River,830,Chinook,4,2024,13.0
Salmon_Freshwater_Estimates_2024_Final.xlsx,2024-25,Puget Sound,Skagit R. System,Skagit River,830,Chinook,5,2024,43.0
Salmon_Freshwater_Estimates_2024_Final.xlsx,2024-25,Puget Sound,Skagit R. System,Skagit River,830,Chinook,6,2024,412.0
Salmon_Freshwater_Estimates_2024_Final.xlsx,2024-25,Puget Sound,Skagit R. System,Skagit River,830,Chinook,7,2024,38.0
Salmon_Freshwater_Estimates_2024_Final.xlsx,2024-25,Puget Sound,Skagit R. System,Skagit River,830,Chum,11,2024,39.0
Salmon_Freshwater_Estimates_2024_Final.xlsx,2024-25,Puget Sound,Skagit R. System,Skagit River,830,Pink,7,2024,13.0
Salmon_Freshwater_Estimates_2024_Final.xlsx,2024-25,Puget Sound,Skagit R. System,Skagit River,830,Pink,9,2024,13.0
Salmon_Freshwater_Estimates_2024_Final.xlsx,2024-25,Puget Sound,Skagit R. System,Skagit River,830,Pink,10,2024,13.0
Salmon_Freshwater_Estimates_2024_Final.xlsx,2024-25,Puget Sound,Skagit R. System,Skagit River,830,Coho,8,2024,210.0
Salmon_Freshwater_Estimates_2024_Final.xlsx,2024-25,Puget Sound,Skagit R. System,Skagit River,830,Coho,9,2024,5659.0
Salmon_Freshwater_Estimates_2024_Final.xlsx,2024-25,Puget Sound,Skagit R. System,Skagit River,830,Coho,10,2024,5138.0
Salmon_Freshwater_Estimates_2024_Final.xlsx,2024-25,Puget Sound,Skagit R. System,Skagit River,830,Coho,11,2024,1890.0
Salmon_Freshwater_Estimates_2024_Final.xlsx,2024-25,Puget Sound,Skagit R. System,Skagit River,830,Coho,12,2024,92.0
Salmon_Freshwater_Estimates_2024_Final.xlsx,2024-25,Puget Sound,Skagit R. System,Skagit River,830,Sockeye,6,2024,561.0
Salmon_Freshwater_Estimates_2024_Final.xlsx,2024-25,Puget Sound,Skagit R. System,Skagit River,830,Sockeye,7,2024,421.0
Salmon_Freshwater_Estimates_2024_Final.xlsx,2024-25,Puget Sound,Skagit R. System,Skagit River,830,Jackcoho,9,2024,38.0
Salmon_Freshwater_Estimates_2024_Final.xlsx,2024-25,Puget Sound,Skagit R. System,Skagit River,830,Jackcoho,10,2024,27.0
Salmon_Freshwater_Estimates_2024_Final.xlsx,2024-25,Puget Sound,Skagit R. System,Skagit River,830,Jackcoho,11,2024,13.0
Salmon_Freshwater_Estimates_2024_Final.xlsx,2024-25,Puget Sound,Skokomish R. System,Skokomish River,834,Coho,10,2024,31.0
Salmon_Freshwater_Estimates_2024_Final.xlsx,2024-25,Puget Sound,Snohomish R. System,Skykomish River,844,Chinook,8,2024,13.0
Salmon_Freshwater_Estimates_2024_Final.xlsx,2024-25,Puget Sound,Snohomish R. System,Skykomish River,844,Coho,9,2024,13.0
Salmon_Freshwater_Estimates_2024_Final.xlsx,2024-25,Puget Sound,Snohomish R. System,Skykomish River,844,Coho,10,2024,54.0
Salmon_Freshwater_Estimates_2024_Final.xlsx,2024-25,Puget Sound,Snohomish R. System,Skykomish River,844,Coho,11,2024,105.0
Salmon_Freshwater_Estimates_2024_Final.xlsx,2024-25,Puget Sound,Snohomish R. System,Skykomish River,844,Sockeye,7,2024,13.0
Salmon_Freshwater_Estimates_2024_Final.xlsx,2024-25,Puget Sound,Snohomish R. System,Skykomish River,844,Jackcoho,11,2024,2.0
Salmon_Freshwater_Estimates_2024_Final.xlsx,2024-25,Puget Sound,Snohomish R. System,Snohomish River,850,Chinook,10,2024,13.0
Salmon_Freshwater_Estimates_2024_Final.xlsx,2024-25,Puget Sound,Snohomish R. System,Snohomish River,850,Coho,9,2024,585.0
Salmon_Freshwater_Estimates_2024_Final.xlsx,2024-25,Puget Sound,Snohomish R. System,Snohomish River,850,Coho,10,2024,1057.0
Salmon_Freshwater_Estimates_2024_Final.xlsx,2024-25,Puget Sound,Snohomish R. System,Snohomish River,850,Coho,11,2024,2.0
Salmon_Freshwater_Estimates_2024_Final.xlsx,2024-25,Puget Sound,Snohomish R. System,Snohomish River,850,Sockeye,7,2024,13.0
Salmon_Freshwater_Estimates_2024_Final.xlsx,2024-25,Puget Sound,Snohomish R. System,Snohomish River,850,Jackcoho,9,2024,5.0
Salmon_Freshwater_Estimates_2024_Final.xlsx,2024-25,Puget Sound,Snohomish R. System,Snoqualmie River,852,Coho,8,2024,27.0
Salmon_Freshwater_Estimates_2024_Final.xlsx,2024-25,Puget Sound,Snohomish R. System,Snoqualmie River,852,Coho,11,2024,155.0
Salmon_Freshwater_Estimates_2024_Final.xlsx,2024-25,Puget Sound,Snohomish R. System,Stillaguamish River,872,Chum,10,2024,16.0
Salmon_Freshwater_Estimates_2024_Final.xlsx,2024-25,Puget Sound,Snohomish R. System,Stillaguamish River,872,Coho,9,2024,493.0
Salmon_Freshwater_Estimates_2024_Final.xlsx,2024-25,Puget Sound,Snohomish R. System,Stillaguamish River,872,Coho,10,2024,358.0
Salmon_Freshwater_Estimates_2024_Final.xlsx,2024-25,Puget Sound,Snohomish R. System,Stillaguamish River,872,Sockeye,7,2024,13.0
Salmon_Freshwater_Estimates_2024_Final.xlsx,2024-25,Puget Sound,Snohomish R. System,Stillaguamish River,872,Jackcoho,9,2024,39.0
Salmon_Freshwater_Estimates_2024_Final.xlsx,2024-25,Puget Sound,Snohomish R. System,Sultan River,854,Coho,8,2024,13.0
Salmon_Freshwater_Estimates_2024_Final.xlsx,2024-25,Puget Sound,Snohomish R. System,Sultan River,854,Coho,9,2024,13.0
Salmon_Freshwater_Estimates_2024_Final.xlsx,2024-25,Puget Sound,Snohomish R. System,Wallace River,860,Chinook,10,2024,135.0
Salmon_Freshwater_Estimates_2024_Final.xlsx,2024-25,Puget Sound,Snohomish R. System,Wallace River,860,Chinook,11,2024,27.0
Salmon_Freshwater_Estimates_2024_Final.xlsx,2024-25,Puget Sound,Snohomish R. System,Wallace River,860,Chum,10,2024,27.0
Salmon_Freshwater_Estimates_2024_Final.xlsx,2024-25,Puget Sound,Snohomish R. System,Wallace River,860,Coho,9,2024,27.0
Salmon_Freshwater_Estimates_2024_Final.xlsx,2024-25,Puget Sound,Snohomish R. System,Wallace River,860,Coho,10,2024,796.0
Salmon_Freshwater_Estimates_2024_Final.xlsx,2024-25,Puget Sound,Snohomish R. System,Wallace River,860,Coho,11,2024,113.0
Salmon_Freshwater_Estimates_2024_Final.xlsx,2024-25,Puget Sound,Snohomish R. System,Wallace River,860,Jackcoho,10,2024,1.0
Salmon_Freshwater_Estimates_2024_Final.xlsx,2024-25,Unknown,Unknown,Unknown,192,Chinook,4,2024,94.0
Salmon_Freshwater_Estimates_2024_Final.xlsx,2024-25,Unknown,Unknown,Unknown,192,Chinook,6,2024,31.0
Salmon_Freshwater_Estimates_2024_Final.xlsx,2024-25,Unknown,Unknown,Unknown,192,Chinook,7,2024,142.0
Salmon_Freshwater_Estimates_2024_Final.xlsx,2024-25,Unknown,Unknown,Unknown,192,Chinook,8,2024,457.0
Salmon_Freshwater_Estimates_2024_Final.xlsx,2024-25,Unknown,Unknown,Unknown,192,Chinook,9,2024,716.0
Salmon_Freshwater_Estimates_2024_Final.xlsx,2024-25,Unknown,Unknown,Unknown,192,Chinook,10,2024,205.0
Salmon_Freshwater_Estimates_2024_Final.xlsx,2024-25,Unknown,Unknown,Unknown,192,Chum,9,2024,59.0
Salmon_Freshwater_Estimates_2024_Final.xlsx,2024-25,Unknown,Unknown,Unknown,192,Chum,10,2024,40.0
Salmon_Freshwater_Estimates_2024_Final.xlsx,2024-25,Unknown,Unknown,Unknown,192,Chum,11,2024,155.0
Salmon_Freshwater_Estimates_2024_Final.xlsx,2024-25,Unknown,Unknown,Unknown,192,Pink,6,2024,73.0
Salmon_Freshwater_Estimates_2024_Final.xlsx,2024-25,Unknown,Unknown,Unknown,192,Pink,9,2024,76.0
Salmon_Freshwater_Estimates_2024_Final.xlsx,2024-25,Unknown,Unknown,Unknown,192,Coho,7,2024,248.0
Salmon_Freshwater_Estimates_2024_Final.xlsx,2024-25,Unknown,Unknown,Unknown,192,Coho,8,2024,337.0
Salmon_Freshwater_Estimates_2024_Final.xlsx,2024-25,Unknown,Unknown,Unknown,192,Coho,9,2024,647.0
Salmon_Freshwater_Estimates_2024_Final.xlsx,2024-25,Unknown,Unknown,Unknown,192,Coho,10,2024,514.0
Salmon_Freshwater_Estimates_2024_Final.xlsx,2024-25,Unknown,Unknown,Unknown,192,Coho,11,2024,129.0
Salmon_Freshwater_Estimates_2024_Final.xlsx,2024-25,Unknown,Unknown,Unknown,192,Coho,12,2024,53.0
Salmon_Freshwater_Estimates_2024_Final.xlsx,2024-25,Unknown,Unknown,Unknown,192,Coho,2,2025,18.0
Salmon_Freshwater_Estimates_2024_Final.xlsx,2024-25,Unknown,Unknown,Unknown,192,Sockeye,6,2024,16.0
Salmon_Freshwater_Estimates_2024_Final.xlsx,2024-25,Unknown,Unknown,Unknown,192,Sockeye,7,2024,559.0
Salmon_Freshwater_Estimates_2024_Final.xlsx,2024-25,Unknown,Unknown,Unknown,192,Sockeye,8,2024,160.0
Salmon_Freshwater_Estimates_2024_Final.xlsx,2024-25,Unknown,Unknown,Unknown,192,Jackchin,8,2024,27.0
Salmon_Freshwater_Estimates_2024_Final.xlsx,2024-25,Unknown,Unknown,Unknown,192,Jackchin,9,2024,107.0
Salmon_Freshwater_Estimates_2024_Final.xlsx,2024-25,Unknown,Unknown,Unknown,192,Jackchin,10,2024,27.0
Salmon_Freshwater_Estimates_2024_Final.xlsx,2024-25,Unknown,Unknown,Unknown,192,Jackchin,11,2024,13.0
Salmon_Freshwater_Estimates_2024_Final.xlsx,2024-25,Unknown,Unknown,Unknown,192,Jackcoho,9,2024,107.0
