analysis_id,project_name,fishery_name,section_num,min_event_date,max_event_date,period,day_type,angler_final,est_cg,model_type,estimate_category,estimate_type,estimate_value,estimate_time_period
46E6F83F-56E7-4254-9D3A-D92D24D97900,District 11,Puyallup_Carbon salmon 2023,1,2023-08-16,2023-08-20,33,weekday,Bank,Chinook|Chum|Coho|Pink_Adult|Jack|NA|Smolt_AD|NA|UM|UNK_Kept,PE,catch,number_observations,3,week
46E6F83F-56E7-4254-9D3A-D92D24D97900,District 11,Puyallup_Carbon salmon 2023,1,2023-08-16,2023-08-20,33,weekday,Bank,Chinook|Chum|Coho|Pink_Adult|Jack|NA|Smolt_AD|NA|UM|UNK_Kept,PE,catch,daily_mean,3853.577,week
46E6F83F-56E7-4254-9D3A-D92D24D97900,District 11,Puyallup_Carbon salmon 2023,1,2023-08-16,2023-08-20,33,weekday,Bank,Chinook|Chum|Coho|Pink_Adult|Jack|NA|Smolt_AD|NA|UM|UNK_Kept,PE,catch,daily_variance,890041.4691160002,week
46E6F83F-56E7-4254-9D3A-D92D24D97900,District 11,Puyallup_Carbon salmon 2023,1,2023-08-16,2023-08-20,33,weekday,Bank,Chinook|Chum|Coho|Pink_Adult|Jack|NA|Smolt_AD|NA|UM|UNK_Kept,PE,catch,days_open,3,week
46E6F83F-56E7-4254-9D3A-D92D24D97900,District 11,Puyallup_Carbon salmon 2023,1,2023-08-16,2023-08-20,33,weekday,Bank,Chinook|Chum|Coho|Pink_Adult|Jack|NA|Smolt_AD|NA|UM|UNK_Kept,PE,catch,degrees_freedom,22,week
46E6F83F-56E7-4254-9D3A-D92D24D97900,District 11,Puyallup_Carbon salmon 2023,1,2023-08-16,2023-08-20,33,weekday,Bank,Chinook|Chum|Coho|Pink_Adult|Jack|NA|Smolt_AD|NA|UM|UNK_Kept,PE,catch,total_catch,11560.731,week
46E6F83F-56E7-4254-9D3A-D92D24D97900,District 11,Puyallup_Carbon salmon 2023,1,2023-08-16,2023-08-20,33,weekend,Bank,Chinook|Chum|Coho|Pink_Adult|Jack|NA|Smolt_AD|NA|UM|UNK_Kept,PE,catch,number_observations,1,week
46E6F83F-56E7-4254-9D3A-D92D24D97900,District 11,Puyallup_Carbon salmon 2023,1,2023-08-16,2023-08-20,33,weekend,Bank,Chinook|Chum|Coho|Pink_Adult|Jack|NA|Smolt_AD|NA|UM|UNK_Kept,PE,catch,daily_mean,5206.34,week
46E6F83F-56E7-4254-9D3A-D92D24D97900,District 11,Puyallup_Carbon salmon 2023,1,2023-08-16,2023-08-20,33,weekend,Bank,Chinook|Chum|Coho|Pink_Adult|Jack|NA|Smolt_AD|NA|UM|UNK_Kept,PE,catch,daily_variance,0,week
46E6F83F-56E7-4254-9D3A-D92D24D97900,District 11,Puyallup_Carbon salmon 2023,1,2023-08-16,2023-08-20,33,weekend,Bank,Chinook|Chum|Coho|Pink_Adult|Jack|NA|Smolt_AD|NA|UM|UNK_Kept,PE,catch,days_open,1,week
46E6F83F-56E7-4254-9D3A-D92D24D97900,District 11,Puyallup_Carbon salmon 2023,1,2023-08-16,2023-08-20,33,weekend,Bank,Chinook|Chum|Coho|Pink_Adult|Jack|NA|Smolt_AD|NA|UM|UNK_Kept,PE,catch,degrees_freedom,22,week
46E6F83F-56E7-4254-9D3A-D92D24D97900,District 11,Puyallup_Carbon salmon 2023,1,2023-08-16,2023-08-20,33,weekend,Bank,Chinook|Chum|Coho|Pink_Adult|Jack|NA|Smolt_AD|NA|UM|UNK_Kept,PE,catch,total_catch,5206.34,week
46E6F83F-56E7-4254-9D3A-D92D24D97900,District 11,Puyallup_Carbon salmon 2023,1,2023-08-21,2023-08-27,34,weekday,Bank,Chinook|Chum|Coho|Pink_Adult|Jack|NA|Smolt_AD|NA|UM|UNK_Kept,PE,catch,number_observations,3,week
46E6F83F-56E7-4254-9D3A-D92D24D97900,District 11,Puyallup_Carbon salmon 2023,1,2023-08-21,2023-08-27,34,weekday,Bank,Chinook|Chum|Coho|Pink_Adult|Jack|NA|Smolt_AD|NA|UM|UNK_Kept,PE,catch,daily_mean,6448.414333333333,week
46E6F83F-56E7-4254-9D3A-D92D24D97900,District 11,Puyallup_Carbon salmon 2023,1,2023-08-21,2023-08-27,34,weekday,Bank,Chinook|Chum|Coho|Pink_Adult|Jack|NA|Smolt_AD|NA|UM|UNK_Kept,PE,catch,daily_variance,359914.39190233353,week
46E6F83F-56E7-4254-9D3A-D92D24D97900,District 11,Puyallup_Carbon salmon 2023,1,2023-08-21,2023-08-27,34,weekday,Bank,Chinook|Chum|Coho|Pink_Adult|Jack|NA|Smolt_AD|NA|UM|UNK_Kept,PE,catch,days_open,3,week
46E6F83F-56E7-4254-9D3A-D92D24D97900,District 11,Puyallup_Carbon salmon 2023,1,2023-08-21,2023-08-27,34,weekday,Bank,Chinook|Chum|Coho|Pink_Adult|Jack|NA|Smolt_AD|NA|UM|UNK_Kept,PE,catch,degrees_freedom,22,week
46E6F83F-56E7-4254-9D3A-D92D24D97900,District 11,Puyallup_Carbon salmon 2023,1,2023-08-21,2023-08-27,34,weekday,Bank,Chinook|Chum|Coho|Pink_Adult|Jack|NA|Smolt_AD|NA|UM|UNK_Kept,PE,catch,total_catch,19345.243,week
46E6F83F-56E7-4254-9D3A-D92D24D97900,District 11,Puyallup_Carbon salmon 2023,1,2023-08-21,2023-08-27,34,weekend,Bank,Chinook|Chum|Coho|Pink_Adult|Jack|NA|Smolt_AD|NA|UM|UNK_Kept,PE,catch,number_observations,1,week
46E6F83F-56E7-4254-9D3A-D92D24D97900,District 11,Puyallup_Carbon salmon 2023,1,2023-08-21,2023-08-27,34,weekend,Bank,Chinook|Chum|Coho|Pink_Adult|Jack|NA|Smolt_AD|NA|UM|UNK_Kept,PE,catch,daily_mean,5859.603,week
46E6F83F-56E7-4254-9D3A-D92D24D97900,District 11,Puyallup_Carbon salmon 2023,1,2023-08-21,2023-08-27,34,weekend,Bank,Chinook|Chum|Coho|Pink_Adult|Jack|NA|Smolt_AD|NA|UM|UNK_Kept,PE,catch,daily_variance,0,week
46E6F83F-56E7-4254-9D3A-D92D24D97900,District 11,Puyallup_Carbon salmon 2023,1,2023-08-21,2023-08-27,34,weekend,Bank,Chinook|Chum|Coho|Pink_Adult|Jack|NA|Smolt_AD|NA|UM|UNK_Kept,PE,catch,days_open,1,week
46E6F83F-56E7-4254-9D3A-D92D24D97900,District 11,Puyallup_Carbon salmon 2023,1,2023-08-21,2023-08-27,34,weekend,Bank,Chinook|Chum|Coho|Pink_Adult|Jack|NA|Smolt_AD|NA|UM|UNK_Kept,PE,catch,degrees_freedom,22,week
46E6F83F-56E7-4254-9D3A-D92D24D97900,District 11,Puyallup_Carbon salmon 2023,1,2023-08-21,2023-08-27,34,weekend,Bank,Chinook|Chum|Coho|Pink_Adult|Jack|NA|Smolt_AD|NA|UM|UNK_Kept,PE,catch,total_catch,5859.603,week
46E6F83F-56E7-4254-9D3A-D92D24D97900,District 11,Puyallup_Carbon salmon 2023,1,2023-08-28,2023-09-03,35,weekday,Bank,Chinook|Chum|Coho|Pink_Adult|Jack|NA|Smolt_AD|NA|UM|UNK_Kept,PE,catch,number_observations,3,week
46E6F83F-56E7-4254-9D3A-D92D24D97900,District 11,Puyallup_Carbon salmon 2023,1,2023-08-28,2023-09-03,35,weekday,Bank,Chinook|Chum|Coho|Pink_Adult|Jack|NA|Smolt_AD|NA|UM|UNK_Kept,PE,catch,daily_mean,7362.189333333333,week
46E6F83F-56E7-4254-9D3A-D92D24D97900,District 11,Puyallup_Carbon salmon 2023,1,2023-08-28,2023-09-03,35,weekday,Bank,Chinook|Chum|Coho|Pink_Adult|Jack|NA|Smolt_AD|NA|UM|UNK_Kept,PE,catch,daily_variance,2060286.9405453329,week
46E6F83F-56E7-4254-9D3A-D92D24D97900,District 11,Puyallup_Carbon salmon 2023,1,2023-08-28,2023-09-03,35,weekday,Bank,Chinook|Chum|Coho|Pink_Adult|Jack|NA|Smolt_AD|NA|UM|UNK_Kept,PE,catch,days_open,3,week
46E6F83F-56E7-4254-9D3A-D92D24D97900,District 11,Puyallup_Carbon salmon 2023,1,2023-08-28,2023-09-03,35,weekday,Bank,Chinook|Chum|Coho|Pink_Adult|Jack|NA|Smolt_AD|NA|UM|UNK_Kept,PE,catch,degrees_freedom,22,week
46E6F83F-56E7-4254-9D3A-D92D24D97900,District 11,Puyallup_Carbon salmon 2023,1,2023-08-28,2023-09-03,35,weekday,Bank,Chinook|Chum|Coho|Pink_Adult|Jack|NA|Smolt_AD|NA|UM|UNK_Kept,PE,catch,total_catch,22086.568,week
46E6F83F-56E7-4254-9D3A-D92D24D97900,District 11,Puyallup_Carbon salmon 2023,1,2023-08-28,2023-09-03,35,weekend,Bank,Chinook|Chum|Coho|Pink_Adult|Jack|NA|Smolt_AD|NA|UM|UNK_Kept,PE,catch,number_observations,1,week
46E6F83F-56E7-4254-9D3A-D92D24D97900,District 11,Puyallup_Carbon salmon 2023,1,2023-08-28,2023-09-03,35,weekend,Bank,Chinook|Chum|Coho|Pink_Adult|Jack|NA|Smolt_AD|NA|UM|UNK_Kept,PE,catch,daily_mean,7540.075,week
46E6F83F-56E7-4254-9D3A-D92D24D97900,District 11,Puyallup_Carbon salmon 2023,1,2023-08-28,2023-09-03,35,weekend,Bank,Chinook|Chum|Coho|Pink_Adult|Jack|NA|Smolt_AD|NA|UM|UNK_Kept,PE,catch,daily_variance,0,week
46E6F83F-56E7-4254-9D3A-D92D24D97900,District 11,Puyallup_Carbon salmon 2023,1,2023-08-28,2023-09-03,35,weekend,Bank,Chinook|Chum|Coho|Pink_Adult|Jack|NA|Smolt_AD|NA|UM|UNK_Kept,PE,catch,days_open,1,week
46E6F83F-56E7-4254-9D3A-D92D24D97900,District 11,Puyallup_Carbon salmon 2023,1,2023-08-28,2023-09-03,35,weekend,Bank,Chinook|Chum|Coho|Pink_Adult|Jack|NA|Smolt_AD|NA|UM|UNK_Kept,PE,catch,degrees_freedom,22,week
46E6F83F-56E7-4254-9D3A-D92D24D97900,District 11,Puyallup_Carbon salmon 2023,1,2023-08-28,2023-09-03,35,weekend,Bank,Chinook|Chum|Coho|Pink_Adult|Jack|NA|Smolt_AD|NA|UM|UNK_Kept,PE,catch,total_catch,7540.075,week
46E6F83F-56E7-4254-9D3A-D92D24D97900,District 11,Puyallup_Carbon salmon 2023,1,2023-09-04,2023-09-10,36,weekday,Bank,Chinook|Chum|Coho|Pink_Adult|Jack|NA|Smolt_AD|NA|UM|UNK_Kept,PE,catch,number_observations,2,week
46E6F83F-56E7-4254-9D3A-D92D24D97900,District 11,Puyallup_Carbon salmon 2023,1,2023-09-04,2023-09-10,36,weekday,Bank,Chinook|Chum|Coho|Pink_Adult|Jack|NA|Smolt_AD|NA|UM|UNK_Kept,PE,catch,daily_mean,3686.7635,week
46E6F83F-56E7-4254-9D3A-D92D24D97900,District 11,Puyallup_Carbon salmon 2023,1,2023-09-04,2023-09-10,36,weekday,Bank,Chinook|Chum|Coho|Pink_Adult|Jack|NA|Smolt_AD|NA|UM|UNK_Kept,PE,catch,daily_variance,2890033.523664499,week
46E6F83F-56E7-4254-9D3A-D92D24D97900,District 11,Puyallup_Carbon salmon 2023,1,2023-09-04,2023-09-10,36,weekday,Bank,Chinook|Chum|Coho|Pink_Adult|Jack|NA|Smolt_AD|NA|UM|UNK_Kept,PE,catch,days_open,3,week
46E6F83F-56E7-4254-9D3A-D92D24D97900,District 11,Puyallup_Carbon salmon 2023,1,2023-09-04,2023-09-10,36,weekday,Bank,Chinook|Chum|Coho|Pink_Adult|Jack|NA|Smolt_AD|NA|UM|UNK_Kept,PE,catch,degrees_freedom,22,week
46E6F83F-56E7-4254-9D3A-D92D24D97900,District 11,Puyallup_Carbon salmon 2023,1,2023-09-04,2023-09-10,36,weekday,Bank,Chinook|Chum|Coho|Pink_Adult|Jack|NA|Smolt_AD|NA|UM|UNK_Kept,PE,catch,total_catch,11060.2905,week
46E6F83F-56E7-4254-9D3A-D92D24D97900,District 11,Puyallup_Carbon salmon 2023,1,2023-09-04,2023-09-10,36,weekend,Bank,Chinook|Chum|Coho|Pink_Adult|Jack|NA|Smolt_AD|NA|UM|UNK_Kept,PE,catch,number_observations,1,week
46E6F83F-56E7-4254-9D3A-D92D24D97900,District 11,Puyallup_Carbon salmon 2023,1,2023-09-04,2023-09-10,36,weekend,Bank,Chinook|Chum|Coho|Pink_Adult|Jack|NA|Smolt_AD|NA|UM|UNK_Kept,PE,catch,daily_mean,1926.952,week
46E6F83F-56E7-4254-9D3A-D92D24D97900,District 11,Puyallup_Carbon salmon 2023,1,2023-09-04,2023-09-10,36,weekend,Bank,Chinook|Chum|Coho|Pink_Adult|Jack|NA|Smolt_AD|NA|UM|UNK_Kept,PE,catch,daily_variance,0,week
46E6F83F-56E7-4254-9D3A-D92D24D97900,District 11,Puyallup_Carbon salmon 2023,1,2023-09-04,2023-09-10,36,weekend,Bank,Chinook|Chum|Coho|Pink_Adult|Jack|NA|Smolt_AD|NA|UM|UNK_Kept,PE,catch,days_open,1,week
46E6F83F-56E7-4254-9D3A-D92D24D97900,District 11,Puyallup_Carbon salmon 2023,1,2023-09-04,2023-09-10,36,weekend,Bank,Chinook|Chum|Coho|Pink_Adult|Jack|NA|Smolt_AD|NA|UM|UNK_Kept,PE,catch,degrees_freedom,22,week
46E6F83F-56E7-4254-9D3A-D92D24D97900,District 11,Puyallup_Carbon salmon 2023,1,2023-09-04,2023-09-10,36,weekend,Bank,Chinook|Chum|Coho|Pink_Adult|Jack|NA|Smolt_AD|NA|UM|UNK_Kept,PE,catch,total_catch,1926.952,week
46E6F83F-56E7-4254-9D3A-D92D24D97900,District 11,Puyallup_Carbon salmon 2023,1,2023-09-11,2023-09-17,37,weekday,Bank,Chinook|Chum|Coho|Pink_Adult|Jack|NA|Smolt_AD|NA|UM|UNK_Kept,PE,catch,number_observations,3,week
46E6F83F-56E7-4254-9D3A-D92D24D97900,District 11,Puyallup_Carbon salmon 2023,1,2023-09-11,2023-09-17,37,weekday,Bank,Chinook|Chum|Coho|Pink_Adult|Jack|NA|Smolt_AD|NA|UM|UNK_Kept,PE,catch,daily_mean,2019.7816666666665,week
46E6F83F-56E7-4254-9D3A-D92D24D97900,District 11,Puyallup_Carbon salmon 2023,1,2023-09-11,2023-09-17,37,weekday,Bank,Chinook|Chum|Coho|Pink_Adult|Jack|NA|Smolt_AD|NA|UM|UNK_Kept,PE,catch,daily_variance,219849.08992633322,week
46E6F83F-56E7-4254-9D3A-D92D24D97900,District 11,Puyallup_Carbon salmon 2023,1,2023-09-11,2023-09-17,37,weekday,Bank,Chinook|Chum|Coho|Pink_Adult|Jack|NA|Smolt_AD|NA|UM|UNK_Kept,PE,catch,days_open,3,week
46E6F83F-56E7-4254-9D3A-D92D24D97900,District 11,Puyallup_Carbon salmon 2023,1,2023-09-11,2023-09-17,37,weekday,Bank,Chinook|Chum|Coho|Pink_Adult|Jack|NA|Smolt_AD|NA|UM|UNK_Kept,PE,catch,degrees_freedom,22,week
46E6F83F-56E7-4254-9D3A-D92D24D97900,District 11,Puyallup_Carbon salmon 2023,1,2023-09-11,2023-09-17,37,weekday,Bank,Chinook|Chum|Coho|Pink_Adult|Jack|NA|Smolt_AD|NA|UM|UNK_Kept,PE,catch,total_catch,6059.344999999999,week
46E6F83F-56E7-4254-9D3A-D92D24D97900,District 11,Puyallup_Carbon salmon 2023,1,2023-09-11,2023-09-17,37,weekend,Bank,Chinook|Chum|Coho|Pink_Adult|Jack|NA|Smolt_AD|NA|UM|UNK_Kept,PE,catch,number_observations,1,week
46E6F83F-56E7-4254-9D3A-D92D24D97900,District 11,Puyallup_Carbon salmon 2023,1,2023-09-11,2023-09-17,37,weekend,Bank,Chinook|Chum|Coho|Pink_Adult|Jack|NA|Smolt_AD|NA|UM|UNK_Kept,PE,catch,daily_mean,2016.717,week
46E6F83F-56E7-4254-9D3A-D92D24D97900,District 11,Puyallup_Carbon salmon 2023,1,2023-09-11,2023-09-17,37,weekend,Bank,Chinook|Chum|Coho|Pink_Adult|Jack|NA|Smolt_AD|NA|UM|UNK_Kept,PE,catch,daily_variance,0,week
46E6F83F-56E7-4254-9D3A-D92D24D97900,District 11,Puyallup_Carbon salmon 2023,1,2023-09-11,2023-09-17,37,weekend,Bank,Chinook|Chum|Coho|Pink_Adult|Jack|NA|Smolt_AD|NA|UM|UNK_Kept,PE,catch,days_open,1,week
46E6F83F-56E7-4254-9D3A-D92D24D97900,District 11,Puyallup_Carbon salmon 2023,1,2023-09-11,2023-09-17,37,weekend,Bank,Chinook|Chum|Coho|Pink_Adult|Jack|NA|Smolt_AD|NA|UM|UNK_Kept,PE,catch,degrees_freedom,22,week
46E6F83F-56E7-4254-9D3A-D92D24D97900,District 11,Puyallup_Carbon salmon 2023,1,2023-09-11,2023-09-17,37,weekend,Bank,Chinook|Chum|Coho|Pink_Adult|Jack|NA|Smolt_AD|NA|UM|UNK_Kept,PE,catch,total_catch,2016.717,week
46E6F83F-56E7-4254-9D3A-D92D24D97900,District 11,Puyallup_Carbon salmon 2023,1,2023-09-18,2023-09-24,38,weekday,Bank,Chinook|Chum|Coho|Pink_Adult|Jack|NA|Smolt_AD|NA|UM|UNK_Kept,PE,catch,number_observations,3,week
46E6F83F-56E7-4254-9D3A-D92D24D97900,District 11,Puyallup_Carbon salmon 2023,1,2023-09-18,2023-09-24,38,weekday,Bank,Chinook|Chum|Coho|Pink_Adult|Jack|NA|Smolt_AD|NA|UM|UNK_Kept,PE,catch,daily_mean,426.561,week
46E6F83F-56E7-4254-9D3A-D92D24D97900,District 11,Puyallup_Carbon salmon 2023,1,2023-09-18,2023-09-24,38,weekday,Bank,Chinook|Chum|Coho|Pink_Adult|Jack|NA|Smolt_AD|NA|UM|UNK_Kept,PE,catch,daily_variance,12875.209551999995,week
46E6F83F-56E7-4254-9D3A-D92D24D97900,District 11,Puyallup_Carbon salmon 2023,1,2023-09-18,2023-09-24,38,weekday,Bank,Chinook|Chum|Coho|Pink_Adult|Jack|NA|Smolt_AD|NA|UM|UNK_Kept,PE,catch,days_open,3,week
46E6F83F-56E7-4254-9D3A-D92D24D97900,District 11,Puyallup_Carbon salmon 2023,1,2023-09-18,2023-09-24,38,weekday,Bank,Chinook|Chum|Coho|Pink_Adult|Jack|NA|Smolt_AD|NA|UM|UNK_Kept,PE,catch,degrees_freedom,22,week
46E6F83F-56E7-4254-9D3A-D92D24D97900,District 11,Puyallup_Carbon salmon 2023,1,2023-09-18,2023-09-24,38,weekday,Bank,Chinook|Chum|Coho|Pink_Adult|Jack|NA|Smolt_AD|NA|UM|UNK_Kept,PE,catch,total_catch,1279.683,week
46E6F83F-56E7-4254-9D3A-D92D24D97900,District 11,Puyallup_Carbon salmon 2023,1,2023-09-18,2023-09-24,38,weekend,Bank,Chinook|Chum|Coho|Pink_Adult|Jack|NA|Smolt_AD|NA|UM|UNK_Kept,PE,catch,number_observations,1,week
46E6F83F-56E7-4254-9D3A-D92D24D97900,District 11,Puyallup_Carbon salmon 2023,1,2023-09-18,2023-09-24,38,weekend,Bank,Chinook|Chum|Coho|Pink_Adult|Jack|NA|Smolt_AD|NA|UM|UNK_Kept,PE,catch,daily_mean,239.607,week
46E6F83F-56E7-4254-9D3A-D92D24D97900,District 11,Puyallup_Carbon salmon 2023,1,2023-09-18,2023-09-24,38,weekend,Bank,Chinook|Chum|Coho|Pink_Adult|Jack|NA|Smolt_AD|NA|UM|UNK_Kept,PE,catch,daily_variance,0,week
46E6F83F-56E7-4254-9D3A-D92D24D97900,District 11,Puyallup_Carbon salmon 2023,1,2023-09-18,2023-09-24,38,weekend,Bank,Chinook|Chum|Coho|Pink_Adult|Jack|NA|Smolt_AD|NA|UM|UNK_Kept,PE,catch,days_open,1,week
46E6F83F-56E7-4254-9D3A-D92D24D97900,District 11,Puyallup_Carbon salmon 2023,1,2023-09-18,2023-09-24,38,weekend,Bank,Chinook|Chum|Coho|Pink_Adult|Jack|NA|Smolt_AD|NA|UM|UNK_Kept,PE,catch,degrees_freedom,22,week
46E6F83F-56E7-4254-9D3A-D92D24D97900,District 11,Puyallup_Carbon salmon 2023,1,2023-09-18,2023-09-24,38,weekend,Bank,Chinook|Chum|Coho|Pink_Adult|Jack|NA|Smolt_AD|NA|UM|UNK_Kept,PE,catch,total_catch,239.607,week
46E6F83F-56E7-4254-9D3A-D92D24D97900,District 11,Puyallup_Carbon salmon 2023,1,2023-09-25,2023-10-01,39,weekday,Bank,Chinook|Chum|Coho|Pink_Adult|Jack|NA|Smolt_AD|NA|UM|UNK_Kept,PE,catch,number_observations,3,week
46E6F83F-56E7-4254-9D3A-D92D24D97900,District 11,Puyallup_Carbon salmon 2023,1,2023-09-25,2023-10-01,39,weekday,Bank,Chinook|Chum|Coho|Pink_Adult|Jack|NA|Smolt_AD|NA|UM|UNK_Kept,PE,catch,daily_mean,97.53566666666667,week
46E6F83F-56E7-4254-9D3A-D92D24D97900,District 11,Puyallup_Carbon salmon 2023,1,2023-09-25,2023-10-01,39,weekday,Bank,Chinook|Chum|Coho|Pink_Adult|Jack|NA|Smolt_AD|NA|UM|UNK_Kept,PE,catch,daily_variance,3884.409562333333,week
46E6F83F-56E7-4254-9D3A-D92D24D97900,District 11,Puyallup_Carbon salmon 2023,1,2023-09-25,2023-10-01,39,weekday,Bank,Chinook|Chum|Coho|Pink_Adult|Jack|NA|Smolt_AD|NA|UM|UNK_Kept,PE,catch,days_open,3,week
46E6F83F-56E7-4254-9D3A-D92D24D97900,District 11,Puyallup_Carbon salmon 2023,1,2023-09-25,2023-10-01,39,weekday,Bank,Chinook|Chum|Coho|Pink_Adult|Jack|NA|Smolt_AD|NA|UM|UNK_Kept,PE,catch,degrees_freedom,22,week
46E6F83F-56E7-4254-9D3A-D92D24D97900,District 11,Puyallup_Carbon salmon 2023,1,2023-09-25,2023-10-01,39,weekday,Bank,Chinook|Chum|Coho|Pink_Adult|Jack|NA|Smolt_AD|NA|UM|UNK_Kept,PE,catch,total_catch,292.607,week
46E6F83F-56E7-4254-9D3A-D92D24D97900,District 11,Puyallup_Carbon salmon 2023,1,2023-09-25,2023-10-01,39,weekend,Bank,Chinook|Chum|Coho|Pink_Adult|Jack|NA|Smolt_AD|NA|UM|UNK_Kept,PE,catch,number_observations,1,week
46E6F83F-56E7-4254-9D3A-D92D24D97900,District 11,Puyallup_Carbon salmon 2023,1,2023-09-25,2023-10-01,39,weekend,Bank,Chinook|Chum|Coho|Pink_Adult|Jack|NA|Smolt_AD|NA|UM|UNK_Kept,PE,catch,daily_mean,35.95,week
46E6F83F-56E7-4254-9D3A-D92D24D97900,District 11,Puyallup_Carbon salmon 2023,1,2023-09-25,2023-10-01,39,weekend,Bank,Chinook|Chum|Coho|Pink_Adult|Jack|NA|Smolt_AD|NA|UM|UNK_Kept,PE,catch,daily_variance,0,week
46E6F83F-56E7-4254-9D3A-D92D24D97900,District 11,Puyallup_Carbon salmon 2023,1,2023-09-25,2023-10-01,39,weekend,Bank,Chinook|Chum|Coho|Pink_Adult|Jack|NA|Smolt_AD|NA|UM|UNK_Kept,PE,catch,days_open,1,week
46E6F83F-56E7-4254-9D3A-D92D24D97900,District 11,Puyallup_Carbon salmon 2023,1,2023-09-25,2023-10-01,39,weekend,Bank,Chinook|Chum|Coho|Pink_Adult|Jack|NA|Smolt_AD|NA|UM|UNK_Kept,PE,catch,degrees_freedom,22,week
46E6F83F-56E7-4254-9D3A-D92D24D97900,District 11,Puyallup_Carbon salmon 2023,1,2023-09-25,2023-10-01,39,weekend,Bank,Chinook|Chum|Coho|Pink_Adult|Jack|NA|Smolt_AD|NA|UM|UNK_Kept,PE,catch,total_catch,35.95,week
46E6F83F-56E7-4254-9D3A-D92D24D97900,District 11,Puyallup_Carbon salmon 2023,1,2023-10-02,2023-10-08,40,weekday,Bank,Chinook|Chum|Coho|Pink_Adult|Jack|NA|Smolt_AD|NA|UM|UNK_Kept,PE,catch,number_observations,3,week
46E6F83F-56E7-4254-9D3A-D92D24D97900,District 11,Puyallup_Carbon salmon 2023,1,2023-10-02,2023-10-08,40,weekday,Bank,Chinook|Chum|Coho|Pink_Adult|Jack|NA|Smolt_AD|NA|UM|UNK_Kept,PE,catch,daily_mean,30.031,week
46E6F83F-56E7-4254-9D3A-D92D24D97900,District 11,Puyallup_Carbon salmon 2023,1,2023-10-02,2023-10-08,40,weekday,Bank,Chinook|Chum|Coho|Pink_Adult|Jack|NA|Smolt_AD|NA|UM|UNK_Kept,PE,catch,daily_variance,100.22004100000001,week
46E6F83F-56E7-4254-9D3A-D92D24D97900,District 11,Puyallup_Carbon salmon 2023,1,2023-10-02,2023-10-08,40,weekday,Bank,Chinook|Chum|Coho|Pink_Adult|Jack|NA|Smolt_AD|NA|UM|UNK_Kept,PE,catch,days_open,3,week
46E6F83F-56E7-4254-9D3A-D92D24D97900,District 11,Puyallup_Carbon salmon 2023,1,2023-10-02,2023-10-08,40,weekday,Bank,Chinook|Chum|Coho|Pink_Adult|Jack|NA|Smolt_AD|NA|UM|UNK_Kept,PE,catch,degrees_freedom,22,week
46E6F83F-56E7-4254-9D3A-D92D24D97900,District 11,Puyallup_Carbon salmon 2023,1,2023-10-02,2023-10-08,40,weekday,Bank,Chinook|Chum|Coho|Pink_Adult|Jack|NA|Smolt_AD|NA|UM|UNK_Kept,PE,catch,total_catch,90.09299999999999,week
46E6F83F-56E7-4254-9D3A-D92D24D97900,District 11,Puyallup_Carbon salmon 2023,1,2023-10-02,2023-10-08,40,weekend,Bank,Chinook|Chum|Coho|Pink_Adult|Jack|NA|Smolt_AD|NA|UM|UNK_Kept,PE,catch,number_observations,1,week
46E6F83F-56E7-4254-9D3A-D92D24D97900,District 11,Puyallup_Carbon salmon 2023,1,2023-10-02,2023-10-08,40,weekend,Bank,Chinook|Chum|Coho|Pink_Adult|Jack|NA|Smolt_AD|NA|UM|UNK_Kept,PE,catch,daily_mean,55.177,week
46E6F83F-56E7-4254-9D3A-D92D24D97900,District 11,Puyallup_Carbon salmon 2023,1,2023-10-02,2023-10-08,40,weekend,Bank,Chinook|Chum|Coho|Pink_Adult|Jack|NA|Smolt_AD|NA|UM|UNK_Kept,PE,catch,daily_variance,0,week
46E6F83F-56E7-4254-9D3A-D92D24D97900,District 11,Puyallup_Carbon salmon 2023,1,2023-10-02,2023-10-08,40,weekend,Bank,Chinook|Chum|Coho|Pink_Adult|Jack|NA|Smolt_AD|NA|UM|UNK_Kept,PE,catch,days_open,2,week
46E6F83F-56E7-4254-9D3A-D92D24D97900,District 11,Puyallup_Carbon salmon 2023,1,2023-10-02,2023-10-08,40,weekend,Bank,Chinook|Chum|Coho|Pink_Adult|Jack|NA|Smolt_AD|NA|UM|UNK_Kept,PE,catch,degrees_freedom,22,week
46E6F83F-56E7-4254-9D3A-D92D24D97900,District 11,Puyallup_Carbon salmon 2023,1,2023-10-02,2023-10-08,40,weekend,Bank,Chinook|Chum|Coho|Pink_Adult|Jack|NA|Smolt_AD|NA|UM|UNK_Kept,PE,catch,total_catch,110.354,week
46E6F83F-56E7-4254-9D3A-D92D24D97900,District 11,Puyallup_Carbon salmon 2023,1,2023-10-09,2023-10-15,41,weekday,Bank,Chinook|Chum|Coho|Pink_Adult|Jack|NA|Smolt_AD|NA|UM|UNK_Kept,PE,catch,number_observations,3,week
46E6F83F-56E7-4254-9D3A-D92D24D97900,District 11,Puyallup_Carbon salmon 2023,1,2023-10-09,2023-10-15,41,weekday,Bank,Chinook|Chum|Coho|Pink_Adult|Jack|NA|Smolt_AD|NA|UM|UNK_Kept,PE,catch,daily_mean,4.4239999999999995,week
46E6F83F-56E7-4254-9D3A-D92D24D97900,District 11,Puyallup_Carbon salmon 2023,1,2023-10-09,2023-10-15,41,weekday,Bank,Chinook|Chum|Coho|Pink_Adult|Jack|NA|Smolt_AD|NA|UM|UNK_Kept,PE,catch,daily_variance,15.654975999999998,week
46E6F83F-56E7-4254-9D3A-D92D24D97900,District 11,Puyallup_Carbon salmon 2023,1,2023-10-09,2023-10-15,41,weekday,Bank,Chinook|Chum|Coho|Pink_Adult|Jack|NA|Smolt_AD|NA|UM|UNK_Kept,PE,catch,days_open,3,week
46E6F83F-56E7-4254-9D3A-D92D24D97900,District 11,Puyallup_Carbon salmon 2023,1,2023-10-09,2023-10-15,41,weekday,Bank,Chinook|Chum|Coho|Pink_Adult|Jack|NA|Smolt_AD|NA|UM|UNK_Kept,PE,catch,degrees_freedom,22,week
46E6F83F-56E7-4254-9D3A-D92D24D97900,District 11,Puyallup_Carbon salmon 2023,1,2023-10-09,2023-10-15,41,weekday,Bank,Chinook|Chum|Coho|Pink_Adult|Jack|NA|Smolt_AD|NA|UM|UNK_Kept,PE,catch,total_catch,13.271999999999998,week
46E6F83F-56E7-4254-9D3A-D92D24D97900,District 11,Puyallup_Carbon salmon 2023,1,2023-10-09,2023-10-15,41,weekend,Bank,Chinook|Chum|Coho|Pink_Adult|Jack|NA|Smolt_AD|NA|UM|UNK_Kept,PE,catch,number_observations,1,week
46E6F83F-56E7-4254-9D3A-D92D24D97900,District 11,Puyallup_Carbon salmon 2023,1,2023-10-09,2023-10-15,41,weekend,Bank,Chinook|Chum|Coho|Pink_Adult|Jack|NA|Smolt_AD|NA|UM|UNK_Kept,PE,catch,daily_mean,0,week
46E6F83F-56E7-4254-9D3A-D92D24D97900,District 11,Puyallup_Carbon salmon 2023,1,2023-10-09,2023-10-15,41,weekend,Bank,Chinook|Chum|Coho|Pink_Adult|Jack|NA|Smolt_AD|NA|UM|UNK_Kept,PE,catch,daily_variance,0,week
46E6F83F-56E7-4254-9D3A-D92D24D97900,District 11,Puyallup_Carbon salmon 2023,1,2023-10-09,2023-10-15,41,weekend,Bank,Chinook|Chum|Coho|Pink_Adult|Jack|NA|Smolt_AD|NA|UM|UNK_Kept,PE,catch,days_open,1,week
46E6F83F-56E7-4254-9D3A-D92D24D97900,District 11,Puyallup_Carbon salmon 2023,1,2023-10-09,2023-10-15,41,weekend,Bank,Chinook|Chum|Coho|Pink_Adult|Jack|NA|Smolt_AD|NA|UM|UNK_Kept,PE,catch,degrees_freedom,22,week
46E6F83F-56E7-4254-9D3A-D92D24D97900,District 11,Puyallup_Carbon salmon 2023,1,2023-10-09,2023-10-15,41,weekend,Bank,Chinook|Chum|Coho|Pink_Adult|Jack|NA|Smolt_AD|NA|UM|UNK_Kept,PE,catch,total_catch,0,week
46E6F83F-56E7-4254-9D3A-D92D24D97900,District 11,Puyallup_Carbon salmon 2023,1,2023-10-16,2023-10-22,42,weekday,Bank,Chinook|Chum|Coho|Pink_Adult|Jack|NA|Smolt_AD|NA|UM|UNK_Kept,PE,catch,number_observations,2,week
46E6F83F-56E7-4254-9D3A-D92D24D97900,District 11,Puyallup_Carbon salmon 2023,1,2023-10-16,2023-10-22,42,weekday,Bank,Chinook|Chum|Coho|Pink_Adult|Jack|NA|Smolt_AD|NA|UM|UNK_Kept,PE,catch,daily_mean,0,week
46E6F83F-56E7-4254-9D3A-D92D24D97900,District 11,Puyallup_Carbon salmon 2023,1,2023-10-16,2023-10-22,42,weekday,Bank,Chinook|Chum|Coho|Pink_Adult|Jack|NA|Smolt_AD|NA|UM|UNK_Kept,PE,catch,daily_variance,0,week
46E6F83F-56E7-4254-9D3A-D92D24D97900,District 11,Puyallup_Carbon salmon 2023,1,2023-10-16,2023-10-22,42,weekday,Bank,Chinook|Chum|Coho|Pink_Adult|Jack|NA|Smolt_AD|NA|UM|UNK_Kept,PE,catch,days_open,3,week
46E6F83F-56E7-4254-9D3A-D92D24D97900,District 11,Puyallup_Carbon salmon 2023,1,2023-10-16,2023-10-22,42,weekday,Bank,Chinook|Chum|Coho|Pink_Adult|Jack|NA|Smolt_AD|NA|UM|UNK_Kept,PE,catch,degrees_freedom,22,week
46E6F83F-56E7-4254-9D3A-D92D24D97900,District 11,Puyallup_Carbon salmon 2023,1,2023-10-16,2023-10-22,42,weekday,Bank,Chinook|Chum|Coho|Pink_Adult|Jack|NA|Smolt_AD|NA|UM|UNK_Kept,PE,catch,total_catch,0,week
46E6F83F-56E7-4254-9D3A-D92D24D97900,District 11,Puyallup_Carbon salmon 2023,1,2023-10-16,2023-10-22,42,weekend,Bank,Chinook|Chum|Coho|Pink_Adult|Jack|NA|Smolt_AD|NA|UM|UNK_Kept,PE,catch,number_observations,1,week
46E6F83F-56E7-4254-9D3A-D92D24D97900,District 11,Puyallup_Carbon salmon 2023,1,2023-10-16,2023-10-22,42,weekend,Bank,Chinook|Chum|Coho|Pink_Adult|Jack|NA|Smolt_AD|NA|UM|UNK_Kept,PE,catch,daily_mean,0,week
46E6F83F-56E7-4254-9D3A-D92D24D97900,District 11,Puyallup_Carbon salmon 2023,1,2023-10-16,2023-10-22,42,weekend,Bank,Chinook|Chum|Coho|Pink_Adult|Jack|NA|Smolt_AD|NA|UM|UNK_Kept,PE,catch,daily_variance,0,week
46E6F83F-56E7-4254-9D3A-D92D24D97900,District 11,Puyallup_Carbon salmon 2023,1,2023-10-16,2023-10-22,42,weekend,Bank,Chinook|Chum|Coho|Pink_Adult|Jack|NA|Smolt_AD|NA|UM|UNK_Kept,PE,catch,days_open,1,week
46E6F83F-56E7-4254-9D3A-D92D24D97900,District 11,Puyallup_Carbon salmon 2023,1,2023-10-16,2023-10-22,42,weekend,Bank,Chinook|Chum|Coho|Pink_Adult|Jack|NA|Smolt_AD|NA|UM|UNK_Kept,PE,catch,degrees_freedom,22,week
46E6F83F-56E7-4254-9D3A-D92D24D97900,District 11,Puyallup_Carbon salmon 2023,1,2023-10-16,2023-10-22,42,weekend,Bank,Chinook|Chum|Coho|Pink_Adult|Jack|NA|Smolt_AD|NA|UM|UNK_Kept,PE,catch,total_catch,0,week
46E6F83F-56E7-4254-9D3A-D92D24D97900,District 11,Puyallup_Carbon salmon 2023,1,2023-10-23,2023-10-29,43,weekday,Bank,Chinook|Chum|Coho|Pink_Adult|Jack|NA|Smolt_AD|NA|UM|UNK_Kept,PE,catch,number_observations,3,week
46E6F83F-56E7-4254-9D3A-D92D24D97900,District 11,Puyallup_Carbon salmon 2023,1,2023-10-23,2023-10-29,43,weekday,Bank,Chinook|Chum|Coho|Pink_Adult|Jack|NA|Smolt_AD|NA|UM|UNK_Kept,PE,catch,daily_mean,7.701,week
46E6F83F-56E7-4254-9D3A-D92D24D97900,District 11,Puyallup_Carbon salmon 2023,1,2023-10-23,2023-10-29,43,weekday,Bank,Chinook|Chum|Coho|Pink_Adult|Jack|NA|Smolt_AD|NA|UM|UNK_Kept,PE,catch,daily_variance,3.288909,week
46E6F83F-56E7-4254-9D3A-D92D24D97900,District 11,Puyallup_Carbon salmon 2023,1,2023-10-23,2023-10-29,43,weekday,Bank,Chinook|Chum|Coho|Pink_Adult|Jack|NA|Smolt_AD|NA|UM|UNK_Kept,PE,catch,days_open,3,week
46E6F83F-56E7-4254-9D3A-D92D24D97900,District 11,Puyallup_Carbon salmon 2023,1,2023-10-23,2023-10-29,43,weekday,Bank,Chinook|Chum|Coho|Pink_Adult|Jack|NA|Smolt_AD|NA|UM|UNK_Kept,PE,catch,degrees_freedom,22,week
46E6F83F-56E7-4254-9D3A-D92D24D97900,District 11,Puyallup_Carbon salmon 2023,1,2023-10-23,2023-10-29,43,weekday,Bank,Chinook|Chum|Coho|Pink_Adult|Jack|NA|Smolt_AD|NA|UM|UNK_Kept,PE,catch,total_catch,23.102999999999998,week
46E6F83F-56E7-4254-9D3A-D92D24D97900,District 11,Puyallup_Carbon salmon 2023,1,2023-10-23,2023-10-29,43,weekend,Bank,Chinook|Chum|Coho|Pink_Adult|Jack|NA|Smolt_AD|NA|UM|UNK_Kept,PE,catch,number_observations,1,week
46E6F83F-56E7-4254-9D3A-D92D24D97900,District 11,Puyallup_Carbon salmon 2023,1,2023-10-23,2023-10-29,43,weekend,Bank,Chinook|Chum|Coho|Pink_Adult|Jack|NA|Smolt_AD|NA|UM|UNK_Kept,PE,catch,daily_mean,5.427,week
46E6F83F-56E7-4254-9D3A-D92D24D97900,District 11,Puyallup_Carbon salmon 2023,1,2023-10-23,2023-10-29,43,weekend,Bank,Chinook|Chum|Coho|Pink_Adult|Jack|NA|Smolt_AD|NA|UM|UNK_Kept,PE,catch,daily_variance,0,week
46E6F83F-56E7-4254-9D3A-D92D24D97900,District 11,Puyallup_Carbon salmon 2023,1,2023-10-23,2023-10-29,43,weekend,Bank,Chinook|Chum|Coho|Pink_Adult|Jack|NA|Smolt_AD|NA|UM|UNK_Kept,PE,catch,days_open,1,week
46E6F83F-56E7-4254-9D3A-D92D24D97900,District 11,Puyallup_Carbon salmon 2023,1,2023-10-23,2023-10-29,43,weekend,Bank,Chinook|Chum|Coho|Pink_Adult|Jack|NA|Smolt_AD|NA|UM|UNK_Kept,PE,catch,degrees_freedom,22,week
46E6F83F-56E7-4254-9D3A-D92D24D97900,District 11,Puyallup_Carbon salmon 2023,1,2023-10-23,2023-10-29,43,weekend,Bank,Chinook|Chum|Coho|Pink_Adult|Jack|NA|Smolt_AD|NA|UM|UNK_Kept,PE,catch,total_catch,5.427,week
46E6F83F-56E7-4254-9D3A-D92D24D97900,District 11,Puyallup_Carbon salmon 2023,2,2023-08-16,2023-08-20,33,weekday,Bank,Chinook|Chum|Coho|Pink_Adult|Jack|NA|Smolt_AD|NA|UM|UNK_Kept,PE,catch,number_observations,3,week
46E6F83F-56E7-4254-9D3A-D92D24D97900,District 11,Puyallup_Carbon salmon 2023,2,2023-08-16,2023-08-20,33,weekday,Bank,Chinook|Chum|Coho|Pink_Adult|Jack|NA|Smolt_AD|NA|UM|UNK_Kept,PE,catch,daily_mean,22.701333333333334,week
46E6F83F-56E7-4254-9D3A-D92D24D97900,District 11,Puyallup_Carbon salmon 2023,2,2023-08-16,2023-08-20,33,weekday,Bank,Chinook|Chum|Coho|Pink_Adult|Jack|NA|Smolt_AD|NA|UM|UNK_Kept,PE,catch,daily_variance,490.8182703333333,week
46E6F83F-56E7-4254-9D3A-D92D24D97900,District 11,Puyallup_Carbon salmon 2023,2,2023-08-16,2023-08-20,33,weekday,Bank,Chinook|Chum|Coho|Pink_Adult|Jack|NA|Smolt_AD|NA|UM|UNK_Kept,PE,catch,days_open,3,week
46E6F83F-56E7-4254-9D3A-D92D24D97900,District 11,Puyallup_Carbon salmon 2023,2,2023-08-16,2023-08-20,33,weekday,Bank,Chinook|Chum|Coho|Pink_Adult|Jack|NA|Smolt_AD|NA|UM|UNK_Kept,PE,catch,degrees_freedom,22,week
46E6F83F-56E7-4254-9D3A-D92D24D97900,District 11,Puyallup_Carbon salmon 2023,2,2023-08-16,2023-08-20,33,weekday,Bank,Chinook|Chum|Coho|Pink_Adult|Jack|NA|Smolt_AD|NA|UM|UNK_Kept,PE,catch,total_catch,68.104,week
46E6F83F-56E7-4254-9D3A-D92D24D97900,District 11,Puyallup_Carbon salmon 2023,2,2023-08-16,2023-08-20,33,weekend,Bank,Chinook|Chum|Coho|Pink_Adult|Jack|NA|Smolt_AD|NA|UM|UNK_Kept,PE,catch,number_observations,1,week
46E6F83F-56E7-4254-9D3A-D92D24D97900,District 11,Puyallup_Carbon salmon 2023,2,2023-08-16,2023-08-20,33,weekend,Bank,Chinook|Chum|Coho|Pink_Adult|Jack|NA|Smolt_AD|NA|UM|UNK_Kept,PE,catch,daily_mean,0,week
46E6F83F-56E7-4254-9D3A-D92D24D97900,District 11,Puyallup_Carbon salmon 2023,2,2023-08-16,2023-08-20,33,weekend,Bank,Chinook|Chum|Coho|Pink_Adult|Jack|NA|Smolt_AD|NA|UM|UNK_Kept,PE,catch,daily_variance,0,week
46E6F83F-56E7-4254-9D3A-D92D24D97900,District 11,Puyallup_Carbon salmon 2023,2,2023-08-16,2023-08-20,33,weekend,Bank,Chinook|Chum|Coho|Pink_Adult|Jack|NA|Smolt_AD|NA|UM|UNK_Kept,PE,catch,days_open,1,week
46E6F83F-56E7-4254-9D3A-D92D24D97900,District 11,Puyallup_Carbon salmon 2023,2,2023-08-16,2023-08-20,33,weekend,Bank,Chinook|Chum|Coho|Pink_Adult|Jack|NA|Smolt_AD|NA|UM|UNK_Kept,PE,catch,degrees_freedom,22,week
46E6F83F-56E7-4254-9D3A-D92D24D97900,District 11,Puyallup_Carbon salmon 2023,2,2023-08-16,2023-08-20,33,weekend,Bank,Chinook|Chum|Coho|Pink_Adult|Jack|NA|Smolt_AD|NA|UM|UNK_Kept,PE,catch,total_catch,0,week
46E6F83F-56E7-4254-9D3A-D92D24D97900,District 11,Puyallup_Carbon salmon 2023,2,2023-08-21,2023-08-27,34,weekday,Bank,Chinook|Chum|Coho|Pink_Adult|Jack|NA|Smolt_AD|NA|UM|UNK_Kept,PE,catch,number_observations,3,week
46E6F83F-56E7-4254-9D3A-D92D24D97900,District 11,Puyallup_Carbon salmon 2023,2,2023-08-21,2023-08-27,34,weekday,Bank,Chinook|Chum|Coho|Pink_Adult|Jack|NA|Smolt_AD|NA|UM|UNK_Kept,PE,catch,daily_mean,25.218333333333334,week
46E6F83F-56E7-4254-9D3A-D92D24D97900,District 11,Puyallup_Carbon salmon 2023,2,2023-08-21,2023-08-27,34,weekday,Bank,Chinook|Chum|Coho|Pink_Adult|Jack|NA|Smolt_AD|NA|UM|UNK_Kept,PE,catch,daily_variance,479.1799623333334,week
46E6F83F-56E7-4254-9D3A-D92D24D97900,District 11,Puyallup_Carbon salmon 2023,2,2023-08-21,2023-08-27,34,weekday,Bank,Chinook|Chum|Coho|Pink_Adult|Jack|NA|Smolt_AD|NA|UM|UNK_Kept,PE,catch,days_open,3,week
46E6F83F-56E7-4254-9D3A-D92D24D97900,District 11,Puyallup_Carbon salmon 2023,2,2023-08-21,2023-08-27,34,weekday,Bank,Chinook|Chum|Coho|Pink_Adult|Jack|NA|Smolt_AD|NA|UM|UNK_Kept,PE,catch,degrees_freedom,22,week
46E6F83F-56E7-4254-9D3A-D92D24D97900,District 11,Puyallup_Carbon salmon 2023,2,2023-08-21,2023-08-27,34,weekday,Bank,Chinook|Chum|Coho|Pink_Adult|Jack|NA|Smolt_AD|NA|UM|UNK_Kept,PE,catch,total_catch,75.655,week
46E6F83F-56E7-4254-9D3A-D92D24D97900,District 11,Puyallup_Carbon salmon 2023,2,2023-08-21,2023-08-27,34,weekend,Bank,Chinook|Chum|Coho|Pink_Adult|Jack|NA|Smolt_AD|NA|UM|UNK_Kept,PE,catch,number_observations,1,week
46E6F83F-56E7-4254-9D3A-D92D24D97900,District 11,Puyallup_Carbon salmon 2023,2,2023-08-21,2023-08-27,34,weekend,Bank,Chinook|Chum|Coho|Pink_Adult|Jack|NA|Smolt_AD|NA|UM|UNK_Kept,PE,catch,daily_mean,167.538,week
46E6F83F-56E7-4254-9D3A-D92D24D97900,District 11,Puyallup_Carbon salmon 2023,2,2023-08-21,2023-08-27,34,weekend,Bank,Chinook|Chum|Coho|Pink_Adult|Jack|NA|Smolt_AD|NA|UM|UNK_Kept,PE,catch,daily_variance,0,week
46E6F83F-56E7-4254-9D3A-D92D24D97900,District 11,Puyallup_Carbon salmon 2023,2,2023-08-21,2023-08-27,34,weekend,Bank,Chinook|Chum|Coho|Pink_Adult|Jack|NA|Smolt_AD|NA|UM|UNK_Kept,PE,catch,days_open,1,week
46E6F83F-56E7-4254-9D3A-D92D24D97900,District 11,Puyallup_Carbon salmon 2023,2,2023-08-21,2023-08-27,34,weekend,Bank,Chinook|Chum|Coho|Pink_Adult|Jack|NA|Smolt_AD|NA|UM|UNK_Kept,PE,catch,degrees_freedom,22,week
46E6F83F-56E7-4254-9D3A-D92D24D97900,District 11,Puyallup_Carbon salmon 2023,2,2023-08-21,2023-08-27,34,weekend,Bank,Chinook|Chum|Coho|Pink_Adult|Jack|NA|Smolt_AD|NA|UM|UNK_Kept,PE,catch,total_catch,167.538,week
46E6F83F-56E7-4254-9D3A-D92D24D97900,District 11,Puyallup_Carbon salmon 2023,2,2023-08-28,2023-09-03,35,weekday,Bank,Chinook|Chum|Coho|Pink_Adult|Jack|NA|Smolt_AD|NA|UM|UNK_Kept,PE,catch,number_observations,3,week
46E6F83F-56E7-4254-9D3A-D92D24D97900,District 11,Puyallup_Carbon salmon 2023,2,2023-08-28,2023-09-03,35,weekday,Bank,Chinook|Chum|Coho|Pink_Adult|Jack|NA|Smolt_AD|NA|UM|UNK_Kept,PE,catch,daily_mean,99.48100000000001,week
46E6F83F-56E7-4254-9D3A-D92D24D97900,District 11,Puyallup_Carbon salmon 2023,2,2023-08-28,2023-09-03,35,weekday,Bank,Chinook|Chum|Coho|Pink_Adult|Jack|NA|Smolt_AD|NA|UM|UNK_Kept,PE,catch,daily_variance,14308.739719000001,week
46E6F83F-56E7-4254-9D3A-D92D24D97900,District 11,Puyallup_Carbon salmon 2023,2,2023-08-28,2023-09-03,35,weekday,Bank,Chinook|Chum|Coho|Pink_Adult|Jack|NA|Smolt_AD|NA|UM|UNK_Kept,PE,catch,days_open,3,week
46E6F83F-56E7-4254-9D3A-D92D24D97900,District 11,Puyallup_Carbon salmon 2023,2,2023-08-28,2023-09-03,35,weekday,Bank,Chinook|Chum|Coho|Pink_Adult|Jack|NA|Smolt_AD|NA|UM|UNK_Kept,PE,catch,degrees_freedom,22,week
46E6F83F-56E7-4254-9D3A-D92D24D97900,District 11,Puyallup_Carbon salmon 2023,2,2023-08-28,2023-09-03,35,weekday,Bank,Chinook|Chum|Coho|Pink_Adult|Jack|NA|Smolt_AD|NA|UM|UNK_Kept,PE,catch,total_catch,298.44300000000004,week
46E6F83F-56E7-4254-9D3A-D92D24D97900,District 11,Puyallup_Carbon salmon 2023,2,2023-08-28,2023-09-03,35,weekend,Bank,Chinook|Chum|Coho|Pink_Adult|Jack|NA|Smolt_AD|NA|UM|UNK_Kept,PE,catch,number_observations,1,week
46E6F83F-56E7-4254-9D3A-D92D24D97900,District 11,Puyallup_Carbon salmon 2023,2,2023-08-28,2023-09-03,35,weekend,Bank,Chinook|Chum|Coho|Pink_Adult|Jack|NA|Smolt_AD|NA|UM|UNK_Kept,PE,catch,daily_mean,68.529,week
46E6F83F-56E7-4254-9D3A-D92D24D97900,District 11,Puyallup_Carbon salmon 2023,2,2023-08-28,2023-09-03,35,weekend,Bank,Chinook|Chum|Coho|Pink_Adult|Jack|NA|Smolt_AD|NA|UM|UNK_Kept,PE,catch,daily_variance,0,week
46E6F83F-56E7-4254-9D3A-D92D24D97900,District 11,Puyallup_Carbon salmon 2023,2,2023-08-28,2023-09-03,35,weekend,Bank,Chinook|Chum|Coho|Pink_Adult|Jack|NA|Smolt_AD|NA|UM|UNK_Kept,PE,catch,days_open,1,week
46E6F83F-56E7-4254-9D3A-D92D24D97900,District 11,Puyallup_Carbon salmon 2023,2,2023-08-28,2023-09-03,35,weekend,Bank,Chinook|Chum|Coho|Pink_Adult|Jack|NA|Smolt_AD|NA|UM|UNK_Kept,PE,catch,degrees_freedom,22,week
46E6F83F-56E7-4254-9D3A-D92D24D97900,District 11,Puyallup_Carbon salmon 2023,2,2023-08-28,2023-09-03,35,weekend,Bank,Chinook|Chum|Coho|Pink_Adult|Jack|NA|Smolt_AD|NA|UM|UNK_Kept,PE,catch,total_catch,68.529,week
46E6F83F-56E7-4254-9D3A-D92D24D97900,District 11,Puyallup_Carbon salmon 2023,2,2023-09-04,2023-09-10,36,weekday,Bank,Chinook|Chum|Coho|Pink_Adult|Jack|NA|Smolt_AD|NA|UM|UNK_Kept,PE,catch,number_observations,2,week
46E6F83F-56E7-4254-9D3A-D92D24D97900,District 11,Puyallup_Carbon salmon 2023,2,2023-09-04,2023-09-10,36,weekday,Bank,Chinook|Chum|Coho|Pink_Adult|Jack|NA|Smolt_AD|NA|UM|UNK_Kept,PE,catch,daily_mean,472.62649999999996,week
46E6F83F-56E7-4254-9D3A-D92D24D97900,District 11,Puyallup_Carbon salmon 2023,2,2023-09-04,2023-09-10,36,weekday,Bank,Chinook|Chum|Coho|Pink_Adult|Jack|NA|Smolt_AD|NA|UM|UNK_Kept,PE,catch,daily_variance,2332.7865125000003,week
46E6F83F-56E7-4254-9D3A-D92D24D97900,District 11,Puyallup_Carbon salmon 2023,2,2023-09-04,2023-09-10,36,weekday,Bank,Chinook|Chum|Coho|Pink_Adult|Jack|NA|Smolt_AD|NA|UM|UNK_Kept,PE,catch,days_open,3,week
46E6F83F-56E7-4254-9D3A-D92D24D97900,District 11,Puyallup_Carbon salmon 2023,2,2023-09-04,2023-09-10,36,weekday,Bank,Chinook|Chum|Coho|Pink_Adult|Jack|NA|Smolt_AD|NA|UM|UNK_Kept,PE,catch,degrees_freedom,22,week
46E6F83F-56E7-4254-9D3A-D92D24D97900,District 11,Puyallup_Carbon salmon 2023,2,2023-09-04,2023-09-10,36,weekday,Bank,Chinook|Chum|Coho|Pink_Adult|Jack|NA|Smolt_AD|NA|UM|UNK_Kept,PE,catch,total_catch,1417.8795,week
46E6F83F-56E7-4254-9D3A-D92D24D97900,District 11,Puyallup_Carbon salmon 2023,2,2023-09-04,2023-09-10,36,weekend,Bank,Chinook|Chum|Coho|Pink_Adult|Jack|NA|Smolt_AD|NA|UM|UNK_Kept,PE,catch,number_observations,1,week
46E6F83F-56E7-4254-9D3A-D92D24D97900,District 11,Puyallup_Carbon salmon 2023,2,2023-09-04,2023-09-10,36,weekend,Bank,Chinook|Chum|Coho|Pink_Adult|Jack|NA|Smolt_AD|NA|UM|UNK_Kept,PE,catch,daily_mean,0,week
46E6F83F-56E7-4254-9D3A-D92D24D97900,District 11,Puyallup_Carbon salmon 2023,2,2023-09-04,2023-09-10,36,weekend,Bank,Chinook|Chum|Coho|Pink_Adult|Jack|NA|Smolt_AD|NA|UM|UNK_Kept,PE,catch,daily_variance,0,week
46E6F83F-56E7-4254-9D3A-D92D24D97900,District 11,Puyallup_Carbon salmon 2023,2,2023-09-04,2023-09-10,36,weekend,Bank,Chinook|Chum|Coho|Pink_Adult|Jack|NA|Smolt_AD|NA|UM|UNK_Kept,PE,catch,days_open,1,week
46E6F83F-56E7-4254-9D3A-D92D24D97900,District 11,Puyallup_Carbon salmon 2023,2,2023-09-04,2023-09-10,36,weekend,Bank,Chinook|Chum|Coho|Pink_Adult|Jack|NA|Smolt_AD|NA|UM|UNK_Kept,PE,catch,degrees_freedom,22,week
46E6F83F-56E7-4254-9D3A-D92D24D97900,District 11,Puyallup_Carbon salmon 2023,2,2023-09-04,2023-09-10,36,weekend,Bank,Chinook|Chum|Coho|Pink_Adult|Jack|NA|Smolt_AD|NA|UM|UNK_Kept,PE,catch,total_catch,0,week
46E6F83F-56E7-4254-9D3A-D92D24D97900,District 11,Puyallup_Carbon salmon 2023,2,2023-09-11,2023-09-17,37,weekday,Bank,Chinook|Chum|Coho|Pink_Adult|Jack|NA|Smolt_AD|NA|UM|UNK_Kept,PE,catch,number_observations,3,week
46E6F83F-56E7-4254-9D3A-D92D24D97900,District 11,Puyallup_Carbon salmon 2023,2,2023-09-11,2023-09-17,37,weekday,Bank,Chinook|Chum|Coho|Pink_Adult|Jack|NA|Smolt_AD|NA|UM|UNK_Kept,PE,catch,daily_mean,54.098000000000006,week
46E6F83F-56E7-4254-9D3A-D92D24D97900,District 11,Puyallup_Carbon salmon 2023,2,2023-09-11,2023-09-17,37,weekday,Bank,Chinook|Chum|Coho|Pink_Adult|Jack|NA|Smolt_AD|NA|UM|UNK_Kept,PE,catch,daily_variance,4680.466228000001,week
46E6F83F-56E7-4254-9D3A-D92D24D97900,District 11,Puyallup_Carbon salmon 2023,2,2023-09-11,2023-09-17,37,weekday,Bank,Chinook|Chum|Coho|Pink_Adult|Jack|NA|Smolt_AD|NA|UM|UNK_Kept,PE,catch,days_open,3,week
46E6F83F-56E7-4254-9D3A-D92D24D97900,District 11,Puyallup_Carbon salmon 2023,2,2023-09-11,2023-09-17,37,weekday,Bank,Chinook|Chum|Coho|Pink_Adult|Jack|NA|Smolt_AD|NA|UM|UNK_Kept,PE,catch,degrees_freedom,22,week
46E6F83F-56E7-4254-9D3A-D92D24D97900,District 11,Puyallup_Carbon salmon 2023,2,2023-09-11,2023-09-17,37,weekday,Bank,Chinook|Chum|Coho|Pink_Adult|Jack|NA|Smolt_AD|NA|UM|UNK_Kept,PE,catch,total_catch,162.294,week
46E6F83F-56E7-4254-9D3A-D92D24D97900,District 11,Puyallup_Carbon salmon 2023,2,2023-09-11,2023-09-17,37,weekend,Bank,Chinook|Chum|Coho|Pink_Adult|Jack|NA|Smolt_AD|NA|UM|UNK_Kept,PE,catch,number_observations,1,week
46E6F83F-56E7-4254-9D3A-D92D24D97900,District 11,Puyallup_Carbon salmon 2023,2,2023-09-11,2023-09-17,37,weekend,Bank,Chinook|Chum|Coho|Pink_Adult|Jack|NA|Smolt_AD|NA|UM|UNK_Kept,PE,catch,daily_mean,0,week
46E6F83F-56E7-4254-9D3A-D92D24D97900,District 11,Puyallup_Carbon salmon 2023,2,2023-09-11,2023-09-17,37,weekend,Bank,Chinook|Chum|Coho|Pink_Adult|Jack|NA|Smolt_AD|NA|UM|UNK_Kept,PE,catch,daily_variance,0,week
46E6F83F-56E7-4254-9D3A-D92D24D97900,District 11,Puyallup_Carbon salmon 2023,2,2023-09-11,2023-09-17,37,weekend,Bank,Chinook|Chum|Coho|Pink_Adult|Jack|NA|Smolt_AD|NA|UM|UNK_Kept,PE,catch,days_open,1,week
46E6F83F-56E7-4254-9D3A-D92D24D97900,District 11,Puyallup_Carbon salmon 2023,2,2023-09-11,2023-09-17,37,weekend,Bank,Chinook|Chum|Coho|Pink_Adult|Jack|NA|Smolt_AD|NA|UM|UNK_Kept,PE,catch,degrees_freedom,22,week
46E6F83F-56E7-4254-9D3A-D92D24D97900,District 11,Puyallup_Carbon salmon 2023,2,2023-09-11,2023-09-17,37,weekend,Bank,Chinook|Chum|Coho|Pink_Adult|Jack|NA|Smolt_AD|NA|UM|UNK_Kept,PE,catch,total_catch,0,week
46E6F83F-56E7-4254-9D3A-D92D24D97900,District 11,Puyallup_Carbon salmon 2023,2,2023-09-18,2023-09-24,38,weekday,Bank,Chinook|Chum|Coho|Pink_Adult|Jack|NA|Smolt_AD|NA|UM|UNK_Kept,PE,catch,number_observations,3,week
46E6F83F-56E7-4254-9D3A-D92D24D97900,District 11,Puyallup_Carbon salmon 2023,2,2023-09-18,2023-09-24,38,weekday,Bank,Chinook|Chum|Coho|Pink_Adult|Jack|NA|Smolt_AD|NA|UM|UNK_Kept,PE,catch,daily_mean,28.451999999999998,week
46E6F83F-56E7-4254-9D3A-D92D24D97900,District 11,Puyallup_Carbon salmon 2023,2,2023-09-18,2023-09-24,38,weekday,Bank,Chinook|Chum|Coho|Pink_Adult|Jack|NA|Smolt_AD|NA|UM|UNK_Kept,PE,catch,daily_variance,2428.5489119999997,week
46E6F83F-56E7-4254-9D3A-D92D24D97900,District 11,Puyallup_Carbon salmon 2023,2,2023-09-18,2023-09-24,38,weekday,Bank,Chinook|Chum|Coho|Pink_Adult|Jack|NA|Smolt_AD|NA|UM|UNK_Kept,PE,catch,days_open,3,week
46E6F83F-56E7-4254-9D3A-D92D24D97900,District 11,Puyallup_Carbon salmon 2023,2,2023-09-18,2023-09-24,38,weekday,Bank,Chinook|Chum|Coho|Pink_Adult|Jack|NA|Smolt_AD|NA|UM|UNK_Kept,PE,catch,degrees_freedom,22,week
46E6F83F-56E7-4254-9D3A-D92D24D97900,District 11,Puyallup_Carbon salmon 2023,2,2023-09-18,2023-09-24,38,weekday,Bank,Chinook|Chum|Coho|Pink_Adult|Jack|NA|Smolt_AD|NA|UM|UNK_Kept,PE,catch,total_catch,85.356,week
46E6F83F-56E7-4254-9D3A-D92D24D97900,District 11,Puyallup_Carbon salmon 2023,2,2023-09-18,2023-09-24,38,weekend,Bank,Chinook|Chum|Coho|Pink_Adult|Jack|NA|Smolt_AD|NA|UM|UNK_Kept,PE,catch,number_observations,1,week
46E6F83F-56E7-4254-9D3A-D92D24D97900,District 11,Puyallup_Carbon salmon 2023,2,2023-09-18,2023-09-24,38,weekend,Bank,Chinook|Chum|Coho|Pink_Adult|Jack|NA|Smolt_AD|NA|UM|UNK_Kept,PE,catch,daily_mean,21.706,week
46E6F83F-56E7-4254-9D3A-D92D24D97900,District 11,Puyallup_Carbon salmon 2023,2,2023-09-18,2023-09-24,38,weekend,Bank,Chinook|Chum|Coho|Pink_Adult|Jack|NA|Smolt_AD|NA|UM|UNK_Kept,PE,catch,daily_variance,0,week
46E6F83F-56E7-4254-9D3A-D92D24D97900,District 11,Puyallup_Carbon salmon 2023,2,2023-09-18,2023-09-24,38,weekend,Bank,Chinook|Chum|Coho|Pink_Adult|Jack|NA|Smolt_AD|NA|UM|UNK_Kept,PE,catch,days_open,1,week
46E6F83F-56E7-4254-9D3A-D92D24D97900,District 11,Puyallup_Carbon salmon 2023,2,2023-09-18,2023-09-24,38,weekend,Bank,Chinook|Chum|Coho|Pink_Adult|Jack|NA|Smolt_AD|NA|UM|UNK_Kept,PE,catch,degrees_freedom,22,week
46E6F83F-56E7-4254-9D3A-D92D24D97900,District 11,Puyallup_Carbon salmon 2023,2,2023-09-18,2023-09-24,38,weekend,Bank,Chinook|Chum|Coho|Pink_Adult|Jack|NA|Smolt_AD|NA|UM|UNK_Kept,PE,catch,total_catch,21.706,week
46E6F83F-56E7-4254-9D3A-D92D24D97900,District 11,Puyallup_Carbon salmon 2023,2,2023-09-25,2023-10-01,39,weekday,Bank,Chinook|Chum|Coho|Pink_Adult|Jack|NA|Smolt_AD|NA|UM|UNK_Kept,PE,catch,number_observations,2,week
46E6F83F-56E7-4254-9D3A-D92D24D97900,District 11,Puyallup_Carbon salmon 2023,2,2023-09-25,2023-10-01,39,weekday,Bank,Chinook|Chum|Coho|Pink_Adult|Jack|NA|Smolt_AD|NA|UM|UNK_Kept,PE,catch,daily_mean,0,week
46E6F83F-56E7-4254-9D3A-D92D24D97900,District 11,Puyallup_Carbon salmon 2023,2,2023-09-25,2023-10-01,39,weekday,Bank,Chinook|Chum|Coho|Pink_Adult|Jack|NA|Smolt_AD|NA|UM|UNK_Kept,PE,catch,daily_variance,0,week
46E6F83F-56E7-4254-9D3A-D92D24D97900,District 11,Puyallup_Carbon salmon 2023,2,2023-09-25,2023-10-01,39,weekday,Bank,Chinook|Chum|Coho|Pink_Adult|Jack|NA|Smolt_AD|NA|UM|UNK_Kept,PE,catch,days_open,3,week
46E6F83F-56E7-4254-9D3A-D92D24D97900,District 11,Puyallup_Carbon salmon 2023,2,2023-09-25,2023-10-01,39,weekday,Bank,Chinook|Chum|Coho|Pink_Adult|Jack|NA|Smolt_AD|NA|UM|UNK_Kept,PE,catch,degrees_freedom,22,week
46E6F83F-56E7-4254-9D3A-D92D24D97900,District 11,Puyallup_Carbon salmon 2023,2,2023-09-25,2023-10-01,39,weekday,Bank,Chinook|Chum|Coho|Pink_Adult|Jack|NA|Smolt_AD|NA|UM|UNK_Kept,PE,catch,total_catch,0,week
46E6F83F-56E7-4254-9D3A-D92D24D97900,District 11,Puyallup_Carbon salmon 2023,2,2023-09-25,2023-10-01,39,weekend,Bank,Chinook|Chum|Coho|Pink_Adult|Jack|NA|Smolt_AD|NA|UM|UNK_Kept,PE,catch,number_observations,1,week
46E6F83F-56E7-4254-9D3A-D92D24D97900,District 11,Puyallup_Carbon salmon 2023,2,2023-09-25,2023-10-01,39,weekend,Bank,Chinook|Chum|Coho|Pink_Adult|Jack|NA|Smolt_AD|NA|UM|UNK_Kept,PE,catch,daily_mean,103.97,week
46E6F83F-56E7-4254-9D3A-D92D24D97900,District 11,Puyallup_Carbon salmon 2023,2,2023-09-25,2023-10-01,39,weekend,Bank,Chinook|Chum|Coho|Pink_Adult|Jack|NA|Smolt_AD|NA|UM|UNK_Kept,PE,catch,daily_variance,0,week
46E6F83F-56E7-4254-9D3A-D92D24D97900,District 11,Puyallup_Carbon salmon 2023,2,2023-09-25,2023-10-01,39,weekend,Bank,Chinook|Chum|Coho|Pink_Adult|Jack|NA|Smolt_AD|NA|UM|UNK_Kept,PE,catch,days_open,1,week
46E6F83F-56E7-4254-9D3A-D92D24D97900,District 11,Puyallup_Carbon salmon 2023,2,2023-09-25,2023-10-01,39,weekend,Bank,Chinook|Chum|Coho|Pink_Adult|Jack|NA|Smolt_AD|NA|UM|UNK_Kept,PE,catch,degrees_freedom,22,week
46E6F83F-56E7-4254-9D3A-D92D24D97900,District 11,Puyallup_Carbon salmon 2023,2,2023-09-25,2023-10-01,39,weekend,Bank,Chinook|Chum|Coho|Pink_Adult|Jack|NA|Smolt_AD|NA|UM|UNK_Kept,PE,catch,total_catch,103.97,week
46E6F83F-56E7-4254-9D3A-D92D24D97900,District 11,Puyallup_Carbon salmon 2023,2,2023-10-09,2023-10-15,41,weekday,Bank,Chinook|Chum|Coho|Pink_Adult|Jack|NA|Smolt_AD|NA|UM|UNK_Kept,PE,catch,number_observations,2,week
46E6F83F-56E7-4254-9D3A-D92D24D97900,District 11,Puyallup_Carbon salmon 2023,2,2023-10-09,2023-10-15,41,weekday,Bank,Chinook|Chum|Coho|Pink_Adult|Jack|NA|Smolt_AD|NA|UM|UNK_Kept,PE,catch,daily_mean,0,week
46E6F83F-56E7-4254-9D3A-D92D24D97900,District 11,Puyallup_Carbon salmon 2023,2,2023-10-09,2023-10-15,41,weekday,Bank,Chinook|Chum|Coho|Pink_Adult|Jack|NA|Smolt_AD|NA|UM|UNK_Kept,PE,catch,daily_variance,0,week
46E6F83F-56E7-4254-9D3A-D92D24D97900,District 11,Puyallup_Carbon salmon 2023,2,2023-10-09,2023-10-15,41,weekday,Bank,Chinook|Chum|Coho|Pink_Adult|Jack|NA|Smolt_AD|NA|UM|UNK_Kept,PE,catch,days_open,3,week
46E6F83F-56E7-4254-9D3A-D92D24D97900,District 11,Puyallup_Carbon salmon 2023,2,2023-10-09,2023-10-15,41,weekday,Bank,Chinook|Chum|Coho|Pink_Adult|Jack|NA|Smolt_AD|NA|UM|UNK_Kept,PE,catch,degrees_freedom,22,week
46E6F83F-56E7-4254-9D3A-D92D24D97900,District 11,Puyallup_Carbon salmon 2023,2,2023-10-09,2023-10-15,41,weekday,Bank,Chinook|Chum|Coho|Pink_Adult|Jack|NA|Smolt_AD|NA|UM|UNK_Kept,PE,catch,total_catch,0,week
46E6F83F-56E7-4254-9D3A-D92D24D97900,District 11,Puyallup_Carbon salmon 2023,2,2023-10-09,2023-10-15,41,weekend,Bank,Chinook|Chum|Coho|Pink_Adult|Jack|NA|Smolt_AD|NA|UM|UNK_Kept,PE,catch,number_observations,1,week
46E6F83F-56E7-4254-9D3A-D92D24D97900,District 11,Puyallup_Carbon salmon 2023,2,2023-10-09,2023-10-15,41,weekend,Bank,Chinook|Chum|Coho|Pink_Adult|Jack|NA|Smolt_AD|NA|UM|UNK_Kept,PE,catch,daily_mean,0,week
46E6F83F-56E7-4254-9D3A-D92D24D97900,District 11,Puyallup_Carbon salmon 2023,2,2023-10-09,2023-10-15,41,weekend,Bank,Chinook|Chum|Coho|Pink_Adult|Jack|NA|Smolt_AD|NA|UM|UNK_Kept,PE,catch,daily_variance,0,week
46E6F83F-56E7-4254-9D3A-D92D24D97900,District 11,Puyallup_Carbon salmon 2023,2,2023-10-09,2023-10-15,41,weekend,Bank,Chinook|Chum|Coho|Pink_Adult|Jack|NA|Smolt_AD|NA|UM|UNK_Kept,PE,catch,days_open,2,week
46E6F83F-56E7-4254-9D3A-D92D24D97900,District 11,Puyallup_Carbon salmon 2023,2,2023-10-09,2023-10-15,41,weekend,Bank,Chinook|Chum|Coho|Pink_Adult|Jack|NA|Smolt_AD|NA|UM|UNK_Kept,PE,catch,degrees_freedom,22,week
46E6F83F-56E7-4254-9D3A-D92D24D97900,District 11,Puyallup_Carbon salmon 2023,2,2023-10-09,2023-10-15,41,weekend,Bank,Chinook|Chum|Coho|Pink_Adult|Jack|NA|Smolt_AD|NA|UM|UNK_Kept,PE,catch,total_catch,0,week
46E6F83F-56E7-4254-9D3A-D92D24D97900,District 11,Puyallup_Carbon salmon 2023,2,2023-10-16,2023-10-22,42,weekday,Bank,Chinook|Chum|Coho|Pink_Adult|Jack|NA|Smolt_AD|NA|UM|UNK_Kept,PE,catch,number_observations,3,week
46E6F83F-56E7-4254-9D3A-D92D24D97900,District 11,Puyallup_Carbon salmon 2023,2,2023-10-16,2023-10-22,42,weekday,Bank,Chinook|Chum|Coho|Pink_Adult|Jack|NA|Smolt_AD|NA|UM|UNK_Kept,PE,catch,daily_mean,0,week
46E6F83F-56E7-4254-9D3A-D92D24D97900,District 11,Puyallup_Carbon salmon 2023,2,2023-10-16,2023-10-22,42,weekday,Bank,Chinook|Chum|Coho|Pink_Adult|Jack|NA|Smolt_AD|NA|UM|UNK_Kept,PE,catch,daily_variance,0,week
46E6F83F-56E7-4254-9D3A-D92D24D97900,District 11,Puyallup_Carbon salmon 2023,2,2023-10-16,2023-10-22,42,weekday,Bank,Chinook|Chum|Coho|Pink_Adult|Jack|NA|Smolt_AD|NA|UM|UNK_Kept,PE,catch,days_open,3,week
46E6F83F-56E7-4254-9D3A-D92D24D97900,District 11,Puyallup_Carbon salmon 2023,2,2023-10-16,2023-10-22,42,weekday,Bank,Chinook|Chum|Coho|Pink_Adult|Jack|NA|Smolt_AD|NA|UM|UNK_Kept,PE,catch,degrees_freedom,22,week
46E6F83F-56E7-4254-9D3A-D92D24D97900,District 11,Puyallup_Carbon salmon 2023,2,2023-10-16,2023-10-22,42,weekday,Bank,Chinook|Chum|Coho|Pink_Adult|Jack|NA|Smolt_AD|NA|UM|UNK_Kept,PE,catch,total_catch,0,week
46E6F83F-56E7-4254-9D3A-D92D24D97900,District 11,Puyallup_Carbon salmon 2023,2,2023-10-23,2023-10-29,43,weekday,Bank,Chinook|Chum|Coho|Pink_Adult|Jack|NA|Smolt_AD|NA|UM|UNK_Kept,PE,catch,number_observations,2,week
46E6F83F-56E7-4254-9D3A-D92D24D97900,District 11,Puyallup_Carbon salmon 2023,2,2023-10-23,2023-10-29,43,weekday,Bank,Chinook|Chum|Coho|Pink_Adult|Jack|NA|Smolt_AD|NA|UM|UNK_Kept,PE,catch,daily_mean,42.251,week
46E6F83F-56E7-4254-9D3A-D92D24D97900,District 11,Puyallup_Carbon salmon 2023,2,2023-10-23,2023-10-29,43,weekday,Bank,Chinook|Chum|Coho|Pink_Adult|Jack|NA|Smolt_AD|NA|UM|UNK_Kept,PE,catch,daily_variance,1847.347328,week
46E6F83F-56E7-4254-9D3A-D92D24D97900,District 11,Puyallup_Carbon salmon 2023,2,2023-10-23,2023-10-29,43,weekday,Bank,Chinook|Chum|Coho|Pink_Adult|Jack|NA|Smolt_AD|NA|UM|UNK_Kept,PE,catch,days_open,3,week
46E6F83F-56E7-4254-9D3A-D92D24D97900,District 11,Puyallup_Carbon salmon 2023,2,2023-10-23,2023-10-29,43,weekday,Bank,Chinook|Chum|Coho|Pink_Adult|Jack|NA|Smolt_AD|NA|UM|UNK_Kept,PE,catch,degrees_freedom,22,week
46E6F83F-56E7-4254-9D3A-D92D24D97900,District 11,Puyallup_Carbon salmon 2023,2,2023-10-23,2023-10-29,43,weekday,Bank,Chinook|Chum|Coho|Pink_Adult|Jack|NA|Smolt_AD|NA|UM|UNK_Kept,PE,catch,total_catch,126.75299999999999,week
46E6F83F-56E7-4254-9D3A-D92D24D97900,District 11,Puyallup_Carbon salmon 2023,2,2023-10-23,2023-10-29,43,weekend,Bank,Chinook|Chum|Coho|Pink_Adult|Jack|NA|Smolt_AD|NA|UM|UNK_Kept,PE,catch,number_observations,1,week
46E6F83F-56E7-4254-9D3A-D92D24D97900,District 11,Puyallup_Carbon salmon 2023,2,2023-10-23,2023-10-29,43,weekend,Bank,Chinook|Chum|Coho|Pink_Adult|Jack|NA|Smolt_AD|NA|UM|UNK_Kept,PE,catch,daily_mean,0,week
46E6F83F-56E7-4254-9D3A-D92D24D97900,District 11,Puyallup_Carbon salmon 2023,2,2023-10-23,2023-10-29,43,weekend,Bank,Chinook|Chum|Coho|Pink_Adult|Jack|NA|Smolt_AD|NA|UM|UNK_Kept,PE,catch,daily_variance,0,week
46E6F83F-56E7-4254-9D3A-D92D24D97900,District 11,Puyallup_Carbon salmon 2023,2,2023-10-23,2023-10-29,43,weekend,Bank,Chinook|Chum|Coho|Pink_Adult|Jack|NA|Smolt_AD|NA|UM|UNK_Kept,PE,catch,days_open,1,week
46E6F83F-56E7-4254-9D3A-D92D24D97900,District 11,Puyallup_Carbon salmon 2023,2,2023-10-23,2023-10-29,43,weekend,Bank,Chinook|Chum|Coho|Pink_Adult|Jack|NA|Smolt_AD|NA|UM|UNK_Kept,PE,catch,degrees_freedom,22,week
46E6F83F-56E7-4254-9D3A-D92D24D97900,District 11,Puyallup_Carbon salmon 2023,2,2023-10-23,2023-10-29,43,weekend,Bank,Chinook|Chum|Coho|Pink_Adult|Jack|NA|Smolt_AD|NA|UM|UNK_Kept,PE,catch,total_catch,0,week
46E6F83F-56E7-4254-9D3A-D92D24D97900,District 11,Puyallup_Carbon salmon 2023,3,2023-08-28,2023-09-03,35,weekday,Bank,Chinook|Chum|Coho|Pink_Adult|Jack|NA|Smolt_AD|NA|UM|UNK_Kept,PE,catch,number_observations,1,week
46E6F83F-56E7-4254-9D3A-D92D24D97900,District 11,Puyallup_Carbon salmon 2023,3,2023-08-28,2023-09-03,35,weekday,Bank,Chinook|Chum|Coho|Pink_Adult|Jack|NA|Smolt_AD|NA|UM|UNK_Kept,PE,catch,daily_mean,254.883,week
46E6F83F-56E7-4254-9D3A-D92D24D97900,District 11,Puyallup_Carbon salmon 2023,3,2023-08-28,2023-09-03,35,weekday,Bank,Chinook|Chum|Coho|Pink_Adult|Jack|NA|Smolt_AD|NA|UM|UNK_Kept,PE,catch,daily_variance,0,week
46E6F83F-56E7-4254-9D3A-D92D24D97900,District 11,Puyallup_Carbon salmon 2023,3,2023-08-28,2023-09-03,35,weekday,Bank,Chinook|Chum|Coho|Pink_Adult|Jack|NA|Smolt_AD|NA|UM|UNK_Kept,PE,catch,days_open,5,week
46E6F83F-56E7-4254-9D3A-D92D24D97900,District 11,Puyallup_Carbon salmon 2023,3,2023-08-28,2023-09-03,35,weekday,Bank,Chinook|Chum|Coho|Pink_Adult|Jack|NA|Smolt_AD|NA|UM|UNK_Kept,PE,catch,degrees_freedom,17,week
46E6F83F-56E7-4254-9D3A-D92D24D97900,District 11,Puyallup_Carbon salmon 2023,3,2023-08-28,2023-09-03,35,weekday,Bank,Chinook|Chum|Coho|Pink_Adult|Jack|NA|Smolt_AD|NA|UM|UNK_Kept,PE,catch,total_catch,1274.415,week
46E6F83F-56E7-4254-9D3A-D92D24D97900,District 11,Puyallup_Carbon salmon 2023,3,2023-08-28,2023-09-03,35,weekend,Bank,Chinook|Chum|Coho|Pink_Adult|Jack|NA|Smolt_AD|NA|UM|UNK_Kept,PE,catch,number_observations,1,week
46E6F83F-56E7-4254-9D3A-D92D24D97900,District 11,Puyallup_Carbon salmon 2023,3,2023-08-28,2023-09-03,35,weekend,Bank,Chinook|Chum|Coho|Pink_Adult|Jack|NA|Smolt_AD|NA|UM|UNK_Kept,PE,catch,daily_mean,266.622,week
46E6F83F-56E7-4254-9D3A-D92D24D97900,District 11,Puyallup_Carbon salmon 2023,3,2023-08-28,2023-09-03,35,weekend,Bank,Chinook|Chum|Coho|Pink_Adult|Jack|NA|Smolt_AD|NA|UM|UNK_Kept,PE,catch,daily_variance,0,week
46E6F83F-56E7-4254-9D3A-D92D24D97900,District 11,Puyallup_Carbon salmon 2023,3,2023-08-28,2023-09-03,35,weekend,Bank,Chinook|Chum|Coho|Pink_Adult|Jack|NA|Smolt_AD|NA|UM|UNK_Kept,PE,catch,days_open,1,week
46E6F83F-56E7-4254-9D3A-D92D24D97900,District 11,Puyallup_Carbon salmon 2023,3,2023-08-28,2023-09-03,35,weekend,Bank,Chinook|Chum|Coho|Pink_Adult|Jack|NA|Smolt_AD|NA|UM|UNK_Kept,PE,catch,degrees_freedom,17,week
46E6F83F-56E7-4254-9D3A-D92D24D97900,District 11,Puyallup_Carbon salmon 2023,3,2023-08-28,2023-09-03,35,weekend,Bank,Chinook|Chum|Coho|Pink_Adult|Jack|NA|Smolt_AD|NA|UM|UNK_Kept,PE,catch,total_catch,266.622,week
46E6F83F-56E7-4254-9D3A-D92D24D97900,District 11,Puyallup_Carbon salmon 2023,3,2023-09-04,2023-09-10,36,weekday,Bank,Chinook|Chum|Coho|Pink_Adult|Jack|NA|Smolt_AD|NA|UM|UNK_Kept,PE,catch,number_observations,2,week
46E6F83F-56E7-4254-9D3A-D92D24D97900,District 11,Puyallup_Carbon salmon 2023,3,2023-09-04,2023-09-10,36,weekday,Bank,Chinook|Chum|Coho|Pink_Adult|Jack|NA|Smolt_AD|NA|UM|UNK_Kept,PE,catch,daily_mean,157.03750000000002,week
46E6F83F-56E7-4254-9D3A-D92D24D97900,District 11,Puyallup_Carbon salmon 2023,3,2023-09-04,2023-09-10,36,weekday,Bank,Chinook|Chum|Coho|Pink_Adult|Jack|NA|Smolt_AD|NA|UM|UNK_Kept,PE,catch,daily_variance,452.5536125000002,week
46E6F83F-56E7-4254-9D3A-D92D24D97900,District 11,Puyallup_Carbon salmon 2023,3,2023-09-04,2023-09-10,36,weekday,Bank,Chinook|Chum|Coho|Pink_Adult|Jack|NA|Smolt_AD|NA|UM|UNK_Kept,PE,catch,days_open,3,week
46E6F83F-56E7-4254-9D3A-D92D24D97900,District 11,Puyallup_Carbon salmon 2023,3,2023-09-04,2023-09-10,36,weekday,Bank,Chinook|Chum|Coho|Pink_Adult|Jack|NA|Smolt_AD|NA|UM|UNK_Kept,PE,catch,degrees_freedom,17,week
46E6F83F-56E7-4254-9D3A-D92D24D97900,District 11,Puyallup_Carbon salmon 2023,3,2023-09-04,2023-09-10,36,weekday,Bank,Chinook|Chum|Coho|Pink_Adult|Jack|NA|Smolt_AD|NA|UM|UNK_Kept,PE,catch,total_catch,471.11250000000007,week
46E6F83F-56E7-4254-9D3A-D92D24D97900,District 11,Puyallup_Carbon salmon 2023,3,2023-09-04,2023-09-10,36,weekend,Bank,Chinook|Chum|Coho|Pink_Adult|Jack|NA|Smolt_AD|NA|UM|UNK_Kept,PE,catch,number_observations,1,week
46E6F83F-56E7-4254-9D3A-D92D24D97900,District 11,Puyallup_Carbon salmon 2023,3,2023-09-04,2023-09-10,36,weekend,Bank,Chinook|Chum|Coho|Pink_Adult|Jack|NA|Smolt_AD|NA|UM|UNK_Kept,PE,catch,daily_mean,465.996,week
46E6F83F-56E7-4254-9D3A-D92D24D97900,District 11,Puyallup_Carbon salmon 2023,3,2023-09-04,2023-09-10,36,weekend,Bank,Chinook|Chum|Coho|Pink_Adult|Jack|NA|Smolt_AD|NA|UM|UNK_Kept,PE,catch,daily_variance,0,week
46E6F83F-56E7-4254-9D3A-D92D24D97900,District 11,Puyallup_Carbon salmon 2023,3,2023-09-04,2023-09-10,36,weekend,Bank,Chinook|Chum|Coho|Pink_Adult|Jack|NA|Smolt_AD|NA|UM|UNK_Kept,PE,catch,days_open,1,week
46E6F83F-56E7-4254-9D3A-D92D24D97900,District 11,Puyallup_Carbon salmon 2023,3,2023-09-04,2023-09-10,36,weekend,Bank,Chinook|Chum|Coho|Pink_Adult|Jack|NA|Smolt_AD|NA|UM|UNK_Kept,PE,catch,degrees_freedom,17,week
46E6F83F-56E7-4254-9D3A-D92D24D97900,District 11,Puyallup_Carbon salmon 2023,3,2023-09-04,2023-09-10,36,weekend,Bank,Chinook|Chum|Coho|Pink_Adult|Jack|NA|Smolt_AD|NA|UM|UNK_Kept,PE,catch,total_catch,465.996,week
46E6F83F-56E7-4254-9D3A-D92D24D97900,District 11,Puyallup_Carbon salmon 2023,3,2023-09-11,2023-09-17,37,weekday,Bank,Chinook|Chum|Coho|Pink_Adult|Jack|NA|Smolt_AD|NA|UM|UNK_Kept,PE,catch,number_observations,3,week
46E6F83F-56E7-4254-9D3A-D92D24D97900,District 11,Puyallup_Carbon salmon 2023,3,2023-09-11,2023-09-17,37,weekday,Bank,Chinook|Chum|Coho|Pink_Adult|Jack|NA|Smolt_AD|NA|UM|UNK_Kept,PE,catch,daily_mean,225.09766666666667,week
46E6F83F-56E7-4254-9D3A-D92D24D97900,District 11,Puyallup_Carbon salmon 2023,3,2023-09-11,2023-09-17,37,weekday,Bank,Chinook|Chum|Coho|Pink_Adult|Jack|NA|Smolt_AD|NA|UM|UNK_Kept,PE,catch,daily_variance,14578.31865033333,week
46E6F83F-56E7-4254-9D3A-D92D24D97900,District 11,Puyallup_Carbon salmon 2023,3,2023-09-11,2023-09-17,37,weekday,Bank,Chinook|Chum|Coho|Pink_Adult|Jack|NA|Smolt_AD|NA|UM|UNK_Kept,PE,catch,days_open,3,week
46E6F83F-56E7-4254-9D3A-D92D24D97900,District 11,Puyallup_Carbon salmon 2023,3,2023-09-11,2023-09-17,37,weekday,Bank,Chinook|Chum|Coho|Pink_Adult|Jack|NA|Smolt_AD|NA|UM|UNK_Kept,PE,catch,degrees_freedom,17,week
46E6F83F-56E7-4254-9D3A-D92D24D97900,District 11,Puyallup_Carbon salmon 2023,3,2023-09-11,2023-09-17,37,weekday,Bank,Chinook|Chum|Coho|Pink_Adult|Jack|NA|Smolt_AD|NA|UM|UNK_Kept,PE,catch,total_catch,675.293,week
46E6F83F-56E7-4254-9D3A-D92D24D97900,District 11,Puyallup_Carbon salmon 2023,3,2023-09-11,2023-09-17,37,weekend,Bank,Chinook|Chum|Coho|Pink_Adult|Jack|NA|Smolt_AD|NA|UM|UNK_Kept,PE,catch,number_observations,1,week
46E6F83F-56E7-4254-9D3A-D92D24D97900,District 11,Puyallup_Carbon salmon 2023,3,2023-09-11,2023-09-17,37,weekend,Bank,Chinook|Chum|Coho|Pink_Adult|Jack|NA|Smolt_AD|NA|UM|UNK_Kept,PE,catch,daily_mean,315.266,week
46E6F83F-56E7-4254-9D3A-D92D24D97900,District 11,Puyallup_Carbon salmon 2023,3,2023-09-11,2023-09-17,37,weekend,Bank,Chinook|Chum|Coho|Pink_Adult|Jack|NA|Smolt_AD|NA|UM|UNK_Kept,PE,catch,daily_variance,0,week
46E6F83F-56E7-4254-9D3A-D92D24D97900,District 11,Puyallup_Carbon salmon 2023,3,2023-09-11,2023-09-17,37,weekend,Bank,Chinook|Chum|Coho|Pink_Adult|Jack|NA|Smolt_AD|NA|UM|UNK_Kept,PE,catch,days_open,1,week
46E6F83F-56E7-4254-9D3A-D92D24D97900,District 11,Puyallup_Carbon salmon 2023,3,2023-09-11,2023-09-17,37,weekend,Bank,Chinook|Chum|Coho|Pink_Adult|Jack|NA|Smolt_AD|NA|UM|UNK_Kept,PE,catch,degrees_freedom,17,week
46E6F83F-56E7-4254-9D3A-D92D24D97900,District 11,Puyallup_Carbon salmon 2023,3,2023-09-11,2023-09-17,37,weekend,Bank,Chinook|Chum|Coho|Pink_Adult|Jack|NA|Smolt_AD|NA|UM|UNK_Kept,PE,catch,total_catch,315.266,week
46E6F83F-56E7-4254-9D3A-D92D24D97900,District 11,Puyallup_Carbon salmon 2023,3,2023-09-18,2023-09-24,38,weekday,Bank,Chinook|Chum|Coho|Pink_Adult|Jack|NA|Smolt_AD|NA|UM|UNK_Kept,PE,catch,number_observations,3,week
46E6F83F-56E7-4254-9D3A-D92D24D97900,District 11,Puyallup_Carbon salmon 2023,3,2023-09-18,2023-09-24,38,weekday,Bank,Chinook|Chum|Coho|Pink_Adult|Jack|NA|Smolt_AD|NA|UM|UNK_Kept,PE,catch,daily_mean,224.94566666666668,week
46E6F83F-56E7-4254-9D3A-D92D24D97900,District 11,Puyallup_Carbon salmon 2023,3,2023-09-18,2023-09-24,38,weekday,Bank,Chinook|Chum|Coho|Pink_Adult|Jack|NA|Smolt_AD|NA|UM|UNK_Kept,PE,catch,daily_variance,10075.230001333333,week
46E6F83F-56E7-4254-9D3A-D92D24D97900,District 11,Puyallup_Carbon salmon 2023,3,2023-09-18,2023-09-24,38,weekday,Bank,Chinook|Chum|Coho|Pink_Adult|Jack|NA|Smolt_AD|NA|UM|UNK_Kept,PE,catch,days_open,3,week
46E6F83F-56E7-4254-9D3A-D92D24D97900,District 11,Puyallup_Carbon salmon 2023,3,2023-09-18,2023-09-24,38,weekday,Bank,Chinook|Chum|Coho|Pink_Adult|Jack|NA|Smolt_AD|NA|UM|UNK_Kept,PE,catch,degrees_freedom,17,week
46E6F83F-56E7-4254-9D3A-D92D24D97900,District 11,Puyallup_Carbon salmon 2023,3,2023-09-18,2023-09-24,38,weekday,Bank,Chinook|Chum|Coho|Pink_Adult|Jack|NA|Smolt_AD|NA|UM|UNK_Kept,PE,catch,total_catch,674.837,week
46E6F83F-56E7-4254-9D3A-D92D24D97900,District 11,Puyallup_Carbon salmon 2023,3,2023-09-18,2023-09-24,38,weekend,Bank,Chinook|Chum|Coho|Pink_Adult|Jack|NA|Smolt_AD|NA|UM|UNK_Kept,PE,catch,number_observations,1,week
46E6F83F-56E7-4254-9D3A-D92D24D97900,District 11,Puyallup_Carbon salmon 2023,3,2023-09-18,2023-09-24,38,weekend,Bank,Chinook|Chum|Coho|Pink_Adult|Jack|NA|Smolt_AD|NA|UM|UNK_Kept,PE,catch,daily_mean,176.782,week
46E6F83F-56E7-4254-9D3A-D92D24D97900,District 11,Puyallup_Carbon salmon 2023,3,2023-09-18,2023-09-24,38,weekend,Bank,Chinook|Chum|Coho|Pink_Adult|Jack|NA|Smolt_AD|NA|UM|UNK_Kept,PE,catch,daily_variance,0,week
46E6F83F-56E7-4254-9D3A-D92D24D97900,District 11,Puyallup_Carbon salmon 2023,3,2023-09-18,2023-09-24,38,weekend,Bank,Chinook|Chum|Coho|Pink_Adult|Jack|NA|Smolt_AD|NA|UM|UNK_Kept,PE,catch,days_open,1,week
46E6F83F-56E7-4254-9D3A-D92D24D97900,District 11,Puyallup_Carbon salmon 2023,3,2023-09-18,2023-09-24,38,weekend,Bank,Chinook|Chum|Coho|Pink_Adult|Jack|NA|Smolt_AD|NA|UM|UNK_Kept,PE,catch,degrees_freedom,17,week
46E6F83F-56E7-4254-9D3A-D92D24D97900,District 11,Puyallup_Carbon salmon 2023,3,2023-09-18,2023-09-24,38,weekend,Bank,Chinook|Chum|Coho|Pink_Adult|Jack|NA|Smolt_AD|NA|UM|UNK_Kept,PE,catch,total_catch,176.782,week
46E6F83F-56E7-4254-9D3A-D92D24D97900,District 11,Puyallup_Carbon salmon 2023,3,2023-09-25,2023-10-01,39,weekday,Bank,Chinook|Chum|Coho|Pink_Adult|Jack|NA|Smolt_AD|NA|UM|UNK_Kept,PE,catch,number_observations,3,week
46E6F83F-56E7-4254-9D3A-D92D24D97900,District 11,Puyallup_Carbon salmon 2023,3,2023-09-25,2023-10-01,39,weekday,Bank,Chinook|Chum|Coho|Pink_Adult|Jack|NA|Smolt_AD|NA|UM|UNK_Kept,PE,catch,daily_mean,149.12733333333335,week
46E6F83F-56E7-4254-9D3A-D92D24D97900,District 11,Puyallup_Carbon salmon 2023,3,2023-09-25,2023-10-01,39,weekday,Bank,Chinook|Chum|Coho|Pink_Adult|Jack|NA|Smolt_AD|NA|UM|UNK_Kept,PE,catch,daily_variance,10268.907224333336,week
46E6F83F-56E7-4254-9D3A-D92D24D97900,District 11,Puyallup_Carbon salmon 2023,3,2023-09-25,2023-10-01,39,weekday,Bank,Chinook|Chum|Coho|Pink_Adult|Jack|NA|Smolt_AD|NA|UM|UNK_Kept,PE,catch,days_open,4,week
46E6F83F-56E7-4254-9D3A-D92D24D97900,District 11,Puyallup_Carbon salmon 2023,3,2023-09-25,2023-10-01,39,weekday,Bank,Chinook|Chum|Coho|Pink_Adult|Jack|NA|Smolt_AD|NA|UM|UNK_Kept,PE,catch,degrees_freedom,17,week
46E6F83F-56E7-4254-9D3A-D92D24D97900,District 11,Puyallup_Carbon salmon 2023,3,2023-09-25,2023-10-01,39,weekday,Bank,Chinook|Chum|Coho|Pink_Adult|Jack|NA|Smolt_AD|NA|UM|UNK_Kept,PE,catch,total_catch,596.5093333333334,week
46E6F83F-56E7-4254-9D3A-D92D24D97900,District 11,Puyallup_Carbon salmon 2023,3,2023-09-25,2023-10-01,39,weekend,Bank,Chinook|Chum|Coho|Pink_Adult|Jack|NA|Smolt_AD|NA|UM|UNK_Kept,PE,catch,number_observations,1,week
46E6F83F-56E7-4254-9D3A-D92D24D97900,District 11,Puyallup_Carbon salmon 2023,3,2023-09-25,2023-10-01,39,weekend,Bank,Chinook|Chum|Coho|Pink_Adult|Jack|NA|Smolt_AD|NA|UM|UNK_Kept,PE,catch,daily_mean,377.171,week
46E6F83F-56E7-4254-9D3A-D92D24D97900,District 11,Puyallup_Carbon salmon 2023,3,2023-09-25,2023-10-01,39,weekend,Bank,Chinook|Chum|Coho|Pink_Adult|Jack|NA|Smolt_AD|NA|UM|UNK_Kept,PE,catch,daily_variance,0,week
46E6F83F-56E7-4254-9D3A-D92D24D97900,District 11,Puyallup_Carbon salmon 2023,3,2023-09-25,2023-10-01,39,weekend,Bank,Chinook|Chum|Coho|Pink_Adult|Jack|NA|Smolt_AD|NA|UM|UNK_Kept,PE,catch,days_open,1,week
46E6F83F-56E7-4254-9D3A-D92D24D97900,District 11,Puyallup_Carbon salmon 2023,3,2023-09-25,2023-10-01,39,weekend,Bank,Chinook|Chum|Coho|Pink_Adult|Jack|NA|Smolt_AD|NA|UM|UNK_Kept,PE,catch,degrees_freedom,17,week
46E6F83F-56E7-4254-9D3A-D92D24D97900,District 11,Puyallup_Carbon salmon 2023,3,2023-09-25,2023-10-01,39,weekend,Bank,Chinook|Chum|Coho|Pink_Adult|Jack|NA|Smolt_AD|NA|UM|UNK_Kept,PE,catch,total_catch,377.171,week
46E6F83F-56E7-4254-9D3A-D92D24D97900,District 11,Puyallup_Carbon salmon 2023,3,2023-10-02,2023-10-08,40,weekday,Bank,Chinook|Chum|Coho|Pink_Adult|Jack|NA|Smolt_AD|NA|UM|UNK_Kept,PE,catch,number_observations,3,week
46E6F83F-56E7-4254-9D3A-D92D24D97900,District 11,Puyallup_Carbon salmon 2023,3,2023-10-02,2023-10-08,40,weekday,Bank,Chinook|Chum|Coho|Pink_Adult|Jack|NA|Smolt_AD|NA|UM|UNK_Kept,PE,catch,daily_mean,7.934666666666666,week
46E6F83F-56E7-4254-9D3A-D92D24D97900,District 11,Puyallup_Carbon salmon 2023,3,2023-10-02,2023-10-08,40,weekday,Bank,Chinook|Chum|Coho|Pink_Adult|Jack|NA|Smolt_AD|NA|UM|UNK_Kept,PE,catch,daily_variance,50.27121033333333,week
46E6F83F-56E7-4254-9D3A-D92D24D97900,District 11,Puyallup_Carbon salmon 2023,3,2023-10-02,2023-10-08,40,weekday,Bank,Chinook|Chum|Coho|Pink_Adult|Jack|NA|Smolt_AD|NA|UM|UNK_Kept,PE,catch,days_open,3,week
46E6F83F-56E7-4254-9D3A-D92D24D97900,District 11,Puyallup_Carbon salmon 2023,3,2023-10-02,2023-10-08,40,weekday,Bank,Chinook|Chum|Coho|Pink_Adult|Jack|NA|Smolt_AD|NA|UM|UNK_Kept,PE,catch,degrees_freedom,17,week
46E6F83F-56E7-4254-9D3A-D92D24D97900,District 11,Puyallup_Carbon salmon 2023,3,2023-10-02,2023-10-08,40,weekday,Bank,Chinook|Chum|Coho|Pink_Adult|Jack|NA|Smolt_AD|NA|UM|UNK_Kept,PE,catch,total_catch,23.804,week
46E6F83F-56E7-4254-9D3A-D92D24D97900,District 11,Puyallup_Carbon salmon 2023,3,2023-10-02,2023-10-08,40,weekend,Bank,Chinook|Chum|Coho|Pink_Adult|Jack|NA|Smolt_AD|NA|UM|UNK_Kept,PE,catch,number_observations,1,week
46E6F83F-56E7-4254-9D3A-D92D24D97900,District 11,Puyallup_Carbon salmon 2023,3,2023-10-02,2023-10-08,40,weekend,Bank,Chinook|Chum|Coho|Pink_Adult|Jack|NA|Smolt_AD|NA|UM|UNK_Kept,PE,catch,daily_mean,36.353,week
46E6F83F-56E7-4254-9D3A-D92D24D97900,District 11,Puyallup_Carbon salmon 2023,3,2023-10-02,2023-10-08,40,weekend,Bank,Chinook|Chum|Coho|Pink_Adult|Jack|NA|Smolt_AD|NA|UM|UNK_Kept,PE,catch,daily_variance,0,week
46E6F83F-56E7-4254-9D3A-D92D24D97900,District 11,Puyallup_Carbon salmon 2023,3,2023-10-02,2023-10-08,40,weekend,Bank,Chinook|Chum|Coho|Pink_Adult|Jack|NA|Smolt_AD|NA|UM|UNK_Kept,PE,catch,days_open,1,week
46E6F83F-56E7-4254-9D3A-D92D24D97900,District 11,Puyallup_Carbon salmon 2023,3,2023-10-02,2023-10-08,40,weekend,Bank,Chinook|Chum|Coho|Pink_Adult|Jack|NA|Smolt_AD|NA|UM|UNK_Kept,PE,catch,degrees_freedom,17,week
46E6F83F-56E7-4254-9D3A-D92D24D97900,District 11,Puyallup_Carbon salmon 2023,3,2023-10-02,2023-10-08,40,weekend,Bank,Chinook|Chum|Coho|Pink_Adult|Jack|NA|Smolt_AD|NA|UM|UNK_Kept,PE,catch,total_catch,36.353,week
46E6F83F-56E7-4254-9D3A-D92D24D97900,District 11,Puyallup_Carbon salmon 2023,3,2023-10-09,2023-10-15,41,weekday,Bank,Chinook|Chum|Coho|Pink_Adult|Jack|NA|Smolt_AD|NA|UM|UNK_Kept,PE,catch,number_observations,3,week
46E6F83F-56E7-4254-9D3A-D92D24D97900,District 11,Puyallup_Carbon salmon 2023,3,2023-10-09,2023-10-15,41,weekday,Bank,Chinook|Chum|Coho|Pink_Adult|Jack|NA|Smolt_AD|NA|UM|UNK_Kept,PE,catch,daily_mean,43.56,week
46E6F83F-56E7-4254-9D3A-D92D24D97900,District 11,Puyallup_Carbon salmon 2023,3,2023-10-09,2023-10-15,41,weekday,Bank,Chinook|Chum|Coho|Pink_Adult|Jack|NA|Smolt_AD|NA|UM|UNK_Kept,PE,catch,daily_variance,966.6666880000001,week
46E6F83F-56E7-4254-9D3A-D92D24D97900,District 11,Puyallup_Carbon salmon 2023,3,2023-10-09,2023-10-15,41,weekday,Bank,Chinook|Chum|Coho|Pink_Adult|Jack|NA|Smolt_AD|NA|UM|UNK_Kept,PE,catch,days_open,3,week
46E6F83F-56E7-4254-9D3A-D92D24D97900,District 11,Puyallup_Carbon salmon 2023,3,2023-10-09,2023-10-15,41,weekday,Bank,Chinook|Chum|Coho|Pink_Adult|Jack|NA|Smolt_AD|NA|UM|UNK_Kept,PE,catch,degrees_freedom,17,week
46E6F83F-56E7-4254-9D3A-D92D24D97900,District 11,Puyallup_Carbon salmon 2023,3,2023-10-09,2023-10-15,41,weekday,Bank,Chinook|Chum|Coho|Pink_Adult|Jack|NA|Smolt_AD|NA|UM|UNK_Kept,PE,catch,total_catch,130.68,week
46E6F83F-56E7-4254-9D3A-D92D24D97900,District 11,Puyallup_Carbon salmon 2023,3,2023-10-09,2023-10-15,41,weekend,Bank,Chinook|Chum|Coho|Pink_Adult|Jack|NA|Smolt_AD|NA|UM|UNK_Kept,PE,catch,number_observations,1,week
46E6F83F-56E7-4254-9D3A-D92D24D97900,District 11,Puyallup_Carbon salmon 2023,3,2023-10-09,2023-10-15,41,weekend,Bank,Chinook|Chum|Coho|Pink_Adult|Jack|NA|Smolt_AD|NA|UM|UNK_Kept,PE,catch,daily_mean,24.953,week
46E6F83F-56E7-4254-9D3A-D92D24D97900,District 11,Puyallup_Carbon salmon 2023,3,2023-10-09,2023-10-15,41,weekend,Bank,Chinook|Chum|Coho|Pink_Adult|Jack|NA|Smolt_AD|NA|UM|UNK_Kept,PE,catch,daily_variance,0,week
46E6F83F-56E7-4254-9D3A-D92D24D97900,District 11,Puyallup_Carbon salmon 2023,3,2023-10-09,2023-10-15,41,weekend,Bank,Chinook|Chum|Coho|Pink_Adult|Jack|NA|Smolt_AD|NA|UM|UNK_Kept,PE,catch,days_open,1,week
46E6F83F-56E7-4254-9D3A-D92D24D97900,District 11,Puyallup_Carbon salmon 2023,3,2023-10-09,2023-10-15,41,weekend,Bank,Chinook|Chum|Coho|Pink_Adult|Jack|NA|Smolt_AD|NA|UM|UNK_Kept,PE,catch,degrees_freedom,17,week
46E6F83F-56E7-4254-9D3A-D92D24D97900,District 11,Puyallup_Carbon salmon 2023,3,2023-10-09,2023-10-15,41,weekend,Bank,Chinook|Chum|Coho|Pink_Adult|Jack|NA|Smolt_AD|NA|UM|UNK_Kept,PE,catch,total_catch,24.953,week
46E6F83F-56E7-4254-9D3A-D92D24D97900,District 11,Puyallup_Carbon salmon 2023,3,2023-10-16,2023-10-22,42,weekday,Bank,Chinook|Chum|Coho|Pink_Adult|Jack|NA|Smolt_AD|NA|UM|UNK_Kept,PE,catch,number_observations,3,week
46E6F83F-56E7-4254-9D3A-D92D24D97900,District 11,Puyallup_Carbon salmon 2023,3,2023-10-16,2023-10-22,42,weekday,Bank,Chinook|Chum|Coho|Pink_Adult|Jack|NA|Smolt_AD|NA|UM|UNK_Kept,PE,catch,daily_mean,0,week
46E6F83F-56E7-4254-9D3A-D92D24D97900,District 11,Puyallup_Carbon salmon 2023,3,2023-10-16,2023-10-22,42,weekday,Bank,Chinook|Chum|Coho|Pink_Adult|Jack|NA|Smolt_AD|NA|UM|UNK_Kept,PE,catch,daily_variance,0,week
46E6F83F-56E7-4254-9D3A-D92D24D97900,District 11,Puyallup_Carbon salmon 2023,3,2023-10-16,2023-10-22,42,weekday,Bank,Chinook|Chum|Coho|Pink_Adult|Jack|NA|Smolt_AD|NA|UM|UNK_Kept,PE,catch,days_open,3,week
46E6F83F-56E7-4254-9D3A-D92D24D97900,District 11,Puyallup_Carbon salmon 2023,3,2023-10-16,2023-10-22,42,weekday,Bank,Chinook|Chum|Coho|Pink_Adult|Jack|NA|Smolt_AD|NA|UM|UNK_Kept,PE,catch,degrees_freedom,17,week
46E6F83F-56E7-4254-9D3A-D92D24D97900,District 11,Puyallup_Carbon salmon 2023,3,2023-10-16,2023-10-22,42,weekday,Bank,Chinook|Chum|Coho|Pink_Adult|Jack|NA|Smolt_AD|NA|UM|UNK_Kept,PE,catch,total_catch,0,week
46E6F83F-56E7-4254-9D3A-D92D24D97900,District 11,Puyallup_Carbon salmon 2023,3,2023-10-16,2023-10-22,42,weekend,Bank,Chinook|Chum|Coho|Pink_Adult|Jack|NA|Smolt_AD|NA|UM|UNK_Kept,PE,catch,number_observations,1,week
46E6F83F-56E7-4254-9D3A-D92D24D97900,District 11,Puyallup_Carbon salmon 2023,3,2023-10-16,2023-10-22,42,weekend,Bank,Chinook|Chum|Coho|Pink_Adult|Jack|NA|Smolt_AD|NA|UM|UNK_Kept,PE,catch,daily_mean,0,week
46E6F83F-56E7-4254-9D3A-D92D24D97900,District 11,Puyallup_Carbon salmon 2023,3,2023-10-16,2023-10-22,42,weekend,Bank,Chinook|Chum|Coho|Pink_Adult|Jack|NA|Smolt_AD|NA|UM|UNK_Kept,PE,catch,daily_variance,0,week
46E6F83F-56E7-4254-9D3A-D92D24D97900,District 11,Puyallup_Carbon salmon 2023,3,2023-10-16,2023-10-22,42,weekend,Bank,Chinook|Chum|Coho|Pink_Adult|Jack|NA|Smolt_AD|NA|UM|UNK_Kept,PE,catch,days_open,1,week
46E6F83F-56E7-4254-9D3A-D92D24D97900,District 11,Puyallup_Carbon salmon 2023,3,2023-10-16,2023-10-22,42,weekend,Bank,Chinook|Chum|Coho|Pink_Adult|Jack|NA|Smolt_AD|NA|UM|UNK_Kept,PE,catch,degrees_freedom,17,week
46E6F83F-56E7-4254-9D3A-D92D24D97900,District 11,Puyallup_Carbon salmon 2023,3,2023-10-16,2023-10-22,42,weekend,Bank,Chinook|Chum|Coho|Pink_Adult|Jack|NA|Smolt_AD|NA|UM|UNK_Kept,PE,catch,total_catch,0,week
46E6F83F-56E7-4254-9D3A-D92D24D97900,District 11,Puyallup_Carbon salmon 2023,3,2023-10-23,2023-10-29,43,weekday,Bank,Chinook|Chum|Coho|Pink_Adult|Jack|NA|Smolt_AD|NA|UM|UNK_Kept,PE,catch,number_observations,3,week
46E6F83F-56E7-4254-9D3A-D92D24D97900,District 11,Puyallup_Carbon salmon 2023,3,2023-10-23,2023-10-29,43,weekday,Bank,Chinook|Chum|Coho|Pink_Adult|Jack|NA|Smolt_AD|NA|UM|UNK_Kept,PE,catch,daily_mean,14.293333333333335,week
46E6F83F-56E7-4254-9D3A-D92D24D97900,District 11,Puyallup_Carbon salmon 2023,3,2023-10-23,2023-10-29,43,weekday,Bank,Chinook|Chum|Coho|Pink_Adult|Jack|NA|Smolt_AD|NA|UM|UNK_Kept,PE,catch,daily_variance,612.8981333333334,week
46E6F83F-56E7-4254-9D3A-D92D24D97900,District 11,Puyallup_Carbon salmon 2023,3,2023-10-23,2023-10-29,43,weekday,Bank,Chinook|Chum|Coho|Pink_Adult|Jack|NA|Smolt_AD|NA|UM|UNK_Kept,PE,catch,days_open,3,week
46E6F83F-56E7-4254-9D3A-D92D24D97900,District 11,Puyallup_Carbon salmon 2023,3,2023-10-23,2023-10-29,43,weekday,Bank,Chinook|Chum|Coho|Pink_Adult|Jack|NA|Smolt_AD|NA|UM|UNK_Kept,PE,catch,degrees_freedom,17,week
46E6F83F-56E7-4254-9D3A-D92D24D97900,District 11,Puyallup_Carbon salmon 2023,3,2023-10-23,2023-10-29,43,weekday,Bank,Chinook|Chum|Coho|Pink_Adult|Jack|NA|Smolt_AD|NA|UM|UNK_Kept,PE,catch,total_catch,42.88,week
46E6F83F-56E7-4254-9D3A-D92D24D97900,District 11,Puyallup_Carbon salmon 2023,3,2023-10-23,2023-10-29,43,weekend,Bank,Chinook|Chum|Coho|Pink_Adult|Jack|NA|Smolt_AD|NA|UM|UNK_Kept,PE,catch,number_observations,1,week
46E6F83F-56E7-4254-9D3A-D92D24D97900,District 11,Puyallup_Carbon salmon 2023,3,2023-10-23,2023-10-29,43,weekend,Bank,Chinook|Chum|Coho|Pink_Adult|Jack|NA|Smolt_AD|NA|UM|UNK_Kept,PE,catch,daily_mean,0,week
46E6F83F-56E7-4254-9D3A-D92D24D97900,District 11,Puyallup_Carbon salmon 2023,3,2023-10-23,2023-10-29,43,weekend,Bank,Chinook|Chum|Coho|Pink_Adult|Jack|NA|Smolt_AD|NA|UM|UNK_Kept,PE,catch,daily_variance,0,week
46E6F83F-56E7-4254-9D3A-D92D24D97900,District 11,Puyallup_Carbon salmon 2023,3,2023-10-23,2023-10-29,43,weekend,Bank,Chinook|Chum|Coho|Pink_Adult|Jack|NA|Smolt_AD|NA|UM|UNK_Kept,PE,catch,days_open,1,week
46E6F83F-56E7-4254-9D3A-D92D24D97900,District 11,Puyallup_Carbon salmon 2023,3,2023-10-23,2023-10-29,43,weekend,Bank,Chinook|Chum|Coho|Pink_Adult|Jack|NA|Smolt_AD|NA|UM|UNK_Kept,PE,catch,degrees_freedom,17,week
46E6F83F-56E7-4254-9D3A-D92D24D97900,District 11,Puyallup_Carbon salmon 2023,3,2023-10-23,2023-10-29,43,weekend,Bank,Chinook|Chum|Coho|Pink_Adult|Jack|NA|Smolt_AD|NA|UM|UNK_Kept,PE,catch,total_catch,0,week
46E6F83F-56E7-4254-9D3A-D92D24D97900,District 11,Puyallup_Carbon salmon 2023,1,2023-08-16,2023-08-20,33,weekday,Bank,NA,PE,effort,number_observations,3,week
46E6F83F-56E7-4254-9D3A-D92D24D97900,District 11,Puyallup_Carbon salmon 2023,1,2023-08-16,2023-08-20,33,weekday,Bank,NA,PE,effort,daily_mean,12561.856813271605,week
46E6F83F-56E7-4254-9D3A-D92D24D97900,District 11,Puyallup_Carbon salmon 2023,1,2023-08-16,2023-08-20,33,weekday,Bank,NA,PE,effort,daily_variance,3645511.5546055064,week
46E6F83F-56E7-4254-9D3A-D92D24D97900,District 11,Puyallup_Carbon salmon 2023,1,2023-08-16,2023-08-20,33,weekday,Bank,NA,PE,effort,days_open,3,week
46E6F83F-56E7-4254-9D3A-D92D24D97900,District 11,Puyallup_Carbon salmon 2023,1,2023-08-16,2023-08-20,33,weekday,Bank,NA,PE,effort,degrees_freedom,22,week
46E6F83F-56E7-4254-9D3A-D92D24D97900,District 11,Puyallup_Carbon salmon 2023,1,2023-08-16,2023-08-20,33,weekday,Bank,NA,PE,effort,total_effort,37685.570439814815,week
46E6F83F-56E7-4254-9D3A-D92D24D97900,District 11,Puyallup_Carbon salmon 2023,1,2023-08-16,2023-08-20,33,weekend,Bank,NA,PE,effort,number_observations,1,week
46E6F83F-56E7-4254-9D3A-D92D24D97900,District 11,Puyallup_Carbon salmon 2023,1,2023-08-16,2023-08-20,33,weekend,Bank,NA,PE,effort,daily_mean,14830.112397660818,week
46E6F83F-56E7-4254-9D3A-D92D24D97900,District 11,Puyallup_Carbon salmon 2023,1,2023-08-16,2023-08-20,33,weekend,Bank,NA,PE,effort,daily_variance,0,week
46E6F83F-56E7-4254-9D3A-D92D24D97900,District 11,Puyallup_Carbon salmon 2023,1,2023-08-16,2023-08-20,33,weekend,Bank,NA,PE,effort,days_open,1,week
46E6F83F-56E7-4254-9D3A-D92D24D97900,District 11,Puyallup_Carbon salmon 2023,1,2023-08-16,2023-08-20,33,weekend,Bank,NA,PE,effort,degrees_freedom,22,week
46E6F83F-56E7-4254-9D3A-D92D24D97900,District 11,Puyallup_Carbon salmon 2023,1,2023-08-16,2023-08-20,33,weekend,Bank,NA,PE,effort,total_effort,14830.112397660818,week
46E6F83F-56E7-4254-9D3A-D92D24D97900,District 11,Puyallup_Carbon salmon 2023,1,2023-08-21,2023-08-27,34,weekday,Bank,NA,PE,effort,number_observations,3,week
46E6F83F-56E7-4254-9D3A-D92D24D97900,District 11,Puyallup_Carbon salmon 2023,1,2023-08-21,2023-08-27,34,weekday,Bank,NA,PE,effort,daily_mean,13895.22378411306,week
46E6F83F-56E7-4254-9D3A-D92D24D97900,District 11,Puyallup_Carbon salmon 2023,1,2023-08-21,2023-08-27,34,weekday,Bank,NA,PE,effort,daily_variance,3220613.3510701717,week
46E6F83F-56E7-4254-9D3A-D92D24D97900,District 11,Puyallup_Carbon salmon 2023,1,2023-08-21,2023-08-27,34,weekday,Bank,NA,PE,effort,days_open,3,week
46E6F83F-56E7-4254-9D3A-D92D24D97900,District 11,Puyallup_Carbon salmon 2023,1,2023-08-21,2023-08-27,34,weekday,Bank,NA,PE,effort,degrees_freedom,22,week
46E6F83F-56E7-4254-9D3A-D92D24D97900,District 11,Puyallup_Carbon salmon 2023,1,2023-08-21,2023-08-27,34,weekday,Bank,NA,PE,effort,total_effort,41685.67135233918,week
46E6F83F-56E7-4254-9D3A-D92D24D97900,District 11,Puyallup_Carbon salmon 2023,1,2023-08-21,2023-08-27,34,weekend,Bank,NA,PE,effort,number_observations,1,week
46E6F83F-56E7-4254-9D3A-D92D24D97900,District 11,Puyallup_Carbon salmon 2023,1,2023-08-21,2023-08-27,34,weekend,Bank,NA,PE,effort,daily_mean,14873.95542397661,week
46E6F83F-56E7-4254-9D3A-D92D24D97900,District 11,Puyallup_Carbon salmon 2023,1,2023-08-21,2023-08-27,34,weekend,Bank,NA,PE,effort,daily_variance,0,week
46E6F83F-56E7-4254-9D3A-D92D24D97900,District 11,Puyallup_Carbon salmon 2023,1,2023-08-21,2023-08-27,34,weekend,Bank,NA,PE,effort,days_open,1,week
46E6F83F-56E7-4254-9D3A-D92D24D97900,District 11,Puyallup_Carbon salmon 2023,1,2023-08-21,2023-08-27,34,weekend,Bank,NA,PE,effort,degrees_freedom,22,week
46E6F83F-56E7-4254-9D3A-D92D24D97900,District 11,Puyallup_Carbon salmon 2023,1,2023-08-21,2023-08-27,34,weekend,Bank,NA,PE,effort,total_effort,14873.95542397661,week
46E6F83F-56E7-4254-9D3A-D92D24D97900,District 11,Puyallup_Carbon salmon 2023,1,2023-08-28,2023-09-03,35,weekday,Bank,NA,PE,effort,number_observations,3,week
46E6F83F-56E7-4254-9D3A-D92D24D97900,District 11,Puyallup_Carbon salmon 2023,1,2023-08-28,2023-09-03,35,weekday,Bank,NA,PE,effort,daily_mean,12404.063824317738,week
46E6F83F-56E7-4254-9D3A-D92D24D97900,District 11,Puyallup_Carbon salmon 2023,1,2023-08-28,2023-09-03,35,weekday,Bank,NA,PE,effort,daily_variance,2707783.5008404367,week
46E6F83F-56E7-4254-9D3A-D92D24D97900,District 11,Puyallup_Carbon salmon 2023,1,2023-08-28,2023-09-03,35,weekday,Bank,NA,PE,effort,days_open,3,week
46E6F83F-56E7-4254-9D3A-D92D24D97900,District 11,Puyallup_Carbon salmon 2023,1,2023-08-28,2023-09-03,35,weekday,Bank,NA,PE,effort,degrees_freedom,22,week
46E6F83F-56E7-4254-9D3A-D92D24D97900,District 11,Puyallup_Carbon salmon 2023,1,2023-08-28,2023-09-03,35,weekday,Bank,NA,PE,effort,total_effort,37212.191472953215,week
46E6F83F-56E7-4254-9D3A-D92D24D97900,District 11,Puyallup_Carbon salmon 2023,1,2023-08-28,2023-09-03,35,weekend,Bank,NA,PE,effort,number_observations,1,week
46E6F83F-56E7-4254-9D3A-D92D24D97900,District 11,Puyallup_Carbon salmon 2023,1,2023-08-28,2023-09-03,35,weekend,Bank,NA,PE,effort,daily_mean,16194.772222222222,week
46E6F83F-56E7-4254-9D3A-D92D24D97900,District 11,Puyallup_Carbon salmon 2023,1,2023-08-28,2023-09-03,35,weekend,Bank,NA,PE,effort,daily_variance,0,week
46E6F83F-56E7-4254-9D3A-D92D24D97900,District 11,Puyallup_Carbon salmon 2023,1,2023-08-28,2023-09-03,35,weekend,Bank,NA,PE,effort,days_open,1,week
46E6F83F-56E7-4254-9D3A-D92D24D97900,District 11,Puyallup_Carbon salmon 2023,1,2023-08-28,2023-09-03,35,weekend,Bank,NA,PE,effort,degrees_freedom,22,week
46E6F83F-56E7-4254-9D3A-D92D24D97900,District 11,Puyallup_Carbon salmon 2023,1,2023-08-28,2023-09-03,35,weekend,Bank,NA,PE,effort,total_effort,16194.772222222222,week
46E6F83F-56E7-4254-9D3A-D92D24D97900,District 11,Puyallup_Carbon salmon 2023,1,2023-09-04,2023-09-10,36,weekday,Bank,NA,PE,effort,number_observations,2,week
46E6F83F-56E7-4254-9D3A-D92D24D97900,District 11,Puyallup_Carbon salmon 2023,1,2023-09-04,2023-09-10,36,weekday,Bank,NA,PE,effort,daily_mean,9895.570734649122,week
46E6F83F-56E7-4254-9D3A-D92D24D97900,District 11,Puyallup_Carbon salmon 2023,1,2023-09-04,2023-09-10,36,weekday,Bank,NA,PE,effort,daily_variance,262666.200738499,week
46E6F83F-56E7-4254-9D3A-D92D24D97900,District 11,Puyallup_Carbon salmon 2023,1,2023-09-04,2023-09-10,36,weekday,Bank,NA,PE,effort,days_open,3,week
46E6F83F-56E7-4254-9D3A-D92D24D97900,District 11,Puyallup_Carbon salmon 2023,1,2023-09-04,2023-09-10,36,weekday,Bank,NA,PE,effort,degrees_freedom,22,week
46E6F83F-56E7-4254-9D3A-D92D24D97900,District 11,Puyallup_Carbon salmon 2023,1,2023-09-04,2023-09-10,36,weekday,Bank,NA,PE,effort,total_effort,29686.712203947365,week
46E6F83F-56E7-4254-9D3A-D92D24D97900,District 11,Puyallup_Carbon salmon 2023,1,2023-09-04,2023-09-10,36,weekend,Bank,NA,PE,effort,number_observations,1,week
46E6F83F-56E7-4254-9D3A-D92D24D97900,District 11,Puyallup_Carbon salmon 2023,1,2023-09-04,2023-09-10,36,weekend,Bank,NA,PE,effort,daily_mean,11697.515789473686,week
46E6F83F-56E7-4254-9D3A-D92D24D97900,District 11,Puyallup_Carbon salmon 2023,1,2023-09-04,2023-09-10,36,weekend,Bank,NA,PE,effort,daily_variance,0,week
46E6F83F-56E7-4254-9D3A-D92D24D97900,District 11,Puyallup_Carbon salmon 2023,1,2023-09-04,2023-09-10,36,weekend,Bank,NA,PE,effort,days_open,1,week
46E6F83F-56E7-4254-9D3A-D92D24D97900,District 11,Puyallup_Carbon salmon 2023,1,2023-09-04,2023-09-10,36,weekend,Bank,NA,PE,effort,degrees_freedom,22,week
46E6F83F-56E7-4254-9D3A-D92D24D97900,District 11,Puyallup_Carbon salmon 2023,1,2023-09-04,2023-09-10,36,weekend,Bank,NA,PE,effort,total_effort,11697.515789473686,week
46E6F83F-56E7-4254-9D3A-D92D24D97900,District 11,Puyallup_Carbon salmon 2023,1,2023-09-11,2023-09-17,37,weekday,Bank,NA,PE,effort,number_observations,3,week
46E6F83F-56E7-4254-9D3A-D92D24D97900,District 11,Puyallup_Carbon salmon 2023,1,2023-09-11,2023-09-17,37,weekday,Bank,NA,PE,effort,daily_mean,7002.444746588694,week
46E6F83F-56E7-4254-9D3A-D92D24D97900,District 11,Puyallup_Carbon salmon 2023,1,2023-09-11,2023-09-17,37,weekday,Bank,NA,PE,effort,daily_variance,1335699.3092814402,week
46E6F83F-56E7-4254-9D3A-D92D24D97900,District 11,Puyallup_Carbon salmon 2023,1,2023-09-11,2023-09-17,37,weekday,Bank,NA,PE,effort,days_open,3,week
46E6F83F-56E7-4254-9D3A-D92D24D97900,District 11,Puyallup_Carbon salmon 2023,1,2023-09-11,2023-09-17,37,weekday,Bank,NA,PE,effort,degrees_freedom,22,week
46E6F83F-56E7-4254-9D3A-D92D24D97900,District 11,Puyallup_Carbon salmon 2023,1,2023-09-11,2023-09-17,37,weekday,Bank,NA,PE,effort,total_effort,21007.33423976608,week
46E6F83F-56E7-4254-9D3A-D92D24D97900,District 11,Puyallup_Carbon salmon 2023,1,2023-09-11,2023-09-17,37,weekend,Bank,NA,PE,effort,number_observations,1,week
46E6F83F-56E7-4254-9D3A-D92D24D97900,District 11,Puyallup_Carbon salmon 2023,1,2023-09-11,2023-09-17,37,weekend,Bank,NA,PE,effort,daily_mean,8341.142649853802,week
46E6F83F-56E7-4254-9D3A-D92D24D97900,District 11,Puyallup_Carbon salmon 2023,1,2023-09-11,2023-09-17,37,weekend,Bank,NA,PE,effort,daily_variance,0,week
46E6F83F-56E7-4254-9D3A-D92D24D97900,District 11,Puyallup_Carbon salmon 2023,1,2023-09-11,2023-09-17,37,weekend,Bank,NA,PE,effort,days_open,1,week
46E6F83F-56E7-4254-9D3A-D92D24D97900,District 11,Puyallup_Carbon salmon 2023,1,2023-09-11,2023-09-17,37,weekend,Bank,NA,PE,effort,degrees_freedom,22,week
46E6F83F-56E7-4254-9D3A-D92D24D97900,District 11,Puyallup_Carbon salmon 2023,1,2023-09-11,2023-09-17,37,weekend,Bank,NA,PE,effort,total_effort,8341.142649853802,week
46E6F83F-56E7-4254-9D3A-D92D24D97900,District 11,Puyallup_Carbon salmon 2023,1,2023-09-18,2023-09-24,38,weekday,Bank,NA,PE,effort,number_observations,3,week
46E6F83F-56E7-4254-9D3A-D92D24D97900,District 11,Puyallup_Carbon salmon 2023,1,2023-09-18,2023-09-24,38,weekday,Bank,NA,PE,effort,daily_mean,2865.218365009747,week
46E6F83F-56E7-4254-9D3A-D92D24D97900,District 11,Puyallup_Carbon salmon 2023,1,2023-09-18,2023-09-24,38,weekday,Bank,NA,PE,effort,daily_variance,880056.4114174652,week
46E6F83F-56E7-4254-9D3A-D92D24D97900,District 11,Puyallup_Carbon salmon 2023,1,2023-09-18,2023-09-24,38,weekday,Bank,NA,PE,effort,days_open,3,week
46E6F83F-56E7-4254-9D3A-D92D24D97900,District 11,Puyallup_Carbon salmon 2023,1,2023-09-18,2023-09-24,38,weekday,Bank,NA,PE,effort,degrees_freedom,22,week
46E6F83F-56E7-4254-9D3A-D92D24D97900,District 11,Puyallup_Carbon salmon 2023,1,2023-09-18,2023-09-24,38,weekday,Bank,NA,PE,effort,total_effort,8595.65509502924,week
46E6F83F-56E7-4254-9D3A-D92D24D97900,District 11,Puyallup_Carbon salmon 2023,1,2023-09-18,2023-09-24,38,weekend,Bank,NA,PE,effort,number_observations,1,week
46E6F83F-56E7-4254-9D3A-D92D24D97900,District 11,Puyallup_Carbon salmon 2023,1,2023-09-18,2023-09-24,38,weekend,Bank,NA,PE,effort,daily_mean,2252.737956871345,week
46E6F83F-56E7-4254-9D3A-D92D24D97900,District 11,Puyallup_Carbon salmon 2023,1,2023-09-18,2023-09-24,38,weekend,Bank,NA,PE,effort,daily_variance,0,week
46E6F83F-56E7-4254-9D3A-D92D24D97900,District 11,Puyallup_Carbon salmon 2023,1,2023-09-18,2023-09-24,38,weekend,Bank,NA,PE,effort,days_open,1,week
46E6F83F-56E7-4254-9D3A-D92D24D97900,District 11,Puyallup_Carbon salmon 2023,1,2023-09-18,2023-09-24,38,weekend,Bank,NA,PE,effort,degrees_freedom,22,week
46E6F83F-56E7-4254-9D3A-D92D24D97900,District 11,Puyallup_Carbon salmon 2023,1,2023-09-18,2023-09-24,38,weekend,Bank,NA,PE,effort,total_effort,2252.737956871345,week
46E6F83F-56E7-4254-9D3A-D92D24D97900,District 11,Puyallup_Carbon salmon 2023,1,2023-09-25,2023-10-01,39,weekday,Bank,NA,PE,effort,number_observations,3,week
46E6F83F-56E7-4254-9D3A-D92D24D97900,District 11,Puyallup_Carbon salmon 2023,1,2023-09-25,2023-10-01,39,weekday,Bank,NA,PE,effort,daily_mean,992.5591496101364,week
46E6F83F-56E7-4254-9D3A-D92D24D97900,District 11,Puyallup_Carbon salmon 2023,1,2023-09-25,2023-10-01,39,weekday,Bank,NA,PE,effort,daily_variance,65910.47673229124,week
46E6F83F-56E7-4254-9D3A-D92D24D97900,District 11,Puyallup_Carbon salmon 2023,1,2023-09-25,2023-10-01,39,weekday,Bank,NA,PE,effort,days_open,3,week
46E6F83F-56E7-4254-9D3A-D92D24D97900,District 11,Puyallup_Carbon salmon 2023,1,2023-09-25,2023-10-01,39,weekday,Bank,NA,PE,effort,degrees_freedom,22,week
46E6F83F-56E7-4254-9D3A-D92D24D97900,District 11,Puyallup_Carbon salmon 2023,1,2023-09-25,2023-10-01,39,weekday,Bank,NA,PE,effort,total_effort,2977.677448830409,week
46E6F83F-56E7-4254-9D3A-D92D24D97900,District 11,Puyallup_Carbon salmon 2023,1,2023-09-25,2023-10-01,39,weekend,Bank,NA,PE,effort,number_observations,1,week
46E6F83F-56E7-4254-9D3A-D92D24D97900,District 11,Puyallup_Carbon salmon 2023,1,2023-09-25,2023-10-01,39,weekend,Bank,NA,PE,effort,daily_mean,824.203399122807,week
46E6F83F-56E7-4254-9D3A-D92D24D97900,District 11,Puyallup_Carbon salmon 2023,1,2023-09-25,2023-10-01,39,weekend,Bank,NA,PE,effort,daily_variance,0,week
46E6F83F-56E7-4254-9D3A-D92D24D97900,District 11,Puyallup_Carbon salmon 2023,1,2023-09-25,2023-10-01,39,weekend,Bank,NA,PE,effort,days_open,1,week
46E6F83F-56E7-4254-9D3A-D92D24D97900,District 11,Puyallup_Carbon salmon 2023,1,2023-09-25,2023-10-01,39,weekend,Bank,NA,PE,effort,degrees_freedom,22,week
46E6F83F-56E7-4254-9D3A-D92D24D97900,District 11,Puyallup_Carbon salmon 2023,1,2023-09-25,2023-10-01,39,weekend,Bank,NA,PE,effort,total_effort,824.203399122807,week
46E6F83F-56E7-4254-9D3A-D92D24D97900,District 11,Puyallup_Carbon salmon 2023,1,2023-10-02,2023-10-08,40,weekday,Bank,NA,PE,effort,number_observations,3,week
46E6F83F-56E7-4254-9D3A-D92D24D97900,District 11,Puyallup_Carbon salmon 2023,1,2023-10-02,2023-10-08,40,weekday,Bank,NA,PE,effort,daily_mean,320.2306798245614,week
46E6F83F-56E7-4254-9D3A-D92D24D97900,District 11,Puyallup_Carbon salmon 2023,1,2023-10-02,2023-10-08,40,weekday,Bank,NA,PE,effort,daily_variance,11337.688760239937,week
46E6F83F-56E7-4254-9D3A-D92D24D97900,District 11,Puyallup_Carbon salmon 2023,1,2023-10-02,2023-10-08,40,weekday,Bank,NA,PE,effort,days_open,3,week
46E6F83F-56E7-4254-9D3A-D92D24D97900,District 11,Puyallup_Carbon salmon 2023,1,2023-10-02,2023-10-08,40,weekday,Bank,NA,PE,effort,degrees_freedom,22,week
46E6F83F-56E7-4254-9D3A-D92D24D97900,District 11,Puyallup_Carbon salmon 2023,1,2023-10-02,2023-10-08,40,weekday,Bank,NA,PE,effort,total_effort,960.6920394736842,week
46E6F83F-56E7-4254-9D3A-D92D24D97900,District 11,Puyallup_Carbon salmon 2023,1,2023-10-02,2023-10-08,40,weekend,Bank,NA,PE,effort,number_observations,1,week
46E6F83F-56E7-4254-9D3A-D92D24D97900,District 11,Puyallup_Carbon salmon 2023,1,2023-10-02,2023-10-08,40,weekend,Bank,NA,PE,effort,daily_mean,346.3277192982456,week
46E6F83F-56E7-4254-9D3A-D92D24D97900,District 11,Puyallup_Carbon salmon 2023,1,2023-10-02,2023-10-08,40,weekend,Bank,NA,PE,effort,daily_variance,0,week
46E6F83F-56E7-4254-9D3A-D92D24D97900,District 11,Puyallup_Carbon salmon 2023,1,2023-10-02,2023-10-08,40,weekend,Bank,NA,PE,effort,days_open,2,week
46E6F83F-56E7-4254-9D3A-D92D24D97900,District 11,Puyallup_Carbon salmon 2023,1,2023-10-02,2023-10-08,40,weekend,Bank,NA,PE,effort,degrees_freedom,22,week
46E6F83F-56E7-4254-9D3A-D92D24D97900,District 11,Puyallup_Carbon salmon 2023,1,2023-10-02,2023-10-08,40,weekend,Bank,NA,PE,effort,total_effort,692.6554385964912,week
46E6F83F-56E7-4254-9D3A-D92D24D97900,District 11,Puyallup_Carbon salmon 2023,1,2023-10-09,2023-10-15,41,weekday,Bank,NA,PE,effort,number_observations,3,week
46E6F83F-56E7-4254-9D3A-D92D24D97900,District 11,Puyallup_Carbon salmon 2023,1,2023-10-09,2023-10-15,41,weekday,Bank,NA,PE,effort,daily_mean,143.70425073099415,week
46E6F83F-56E7-4254-9D3A-D92D24D97900,District 11,Puyallup_Carbon salmon 2023,1,2023-10-09,2023-10-15,41,weekday,Bank,NA,PE,effort,daily_variance,330.93575154239534,week
46E6F83F-56E7-4254-9D3A-D92D24D97900,District 11,Puyallup_Carbon salmon 2023,1,2023-10-09,2023-10-15,41,weekday,Bank,NA,PE,effort,days_open,3,week
46E6F83F-56E7-4254-9D3A-D92D24D97900,District 11,Puyallup_Carbon salmon 2023,1,2023-10-09,2023-10-15,41,weekday,Bank,NA,PE,effort,degrees_freedom,22,week
46E6F83F-56E7-4254-9D3A-D92D24D97900,District 11,Puyallup_Carbon salmon 2023,1,2023-10-09,2023-10-15,41,weekday,Bank,NA,PE,effort,total_effort,431.11275219298244,week
46E6F83F-56E7-4254-9D3A-D92D24D97900,District 11,Puyallup_Carbon salmon 2023,1,2023-10-09,2023-10-15,41,weekend,Bank,NA,PE,effort,number_observations,1,week
46E6F83F-56E7-4254-9D3A-D92D24D97900,District 11,Puyallup_Carbon salmon 2023,1,2023-10-09,2023-10-15,41,weekend,Bank,NA,PE,effort,daily_mean,217.20813961988304,week
46E6F83F-56E7-4254-9D3A-D92D24D97900,District 11,Puyallup_Carbon salmon 2023,1,2023-10-09,2023-10-15,41,weekend,Bank,NA,PE,effort,daily_variance,0,week
46E6F83F-56E7-4254-9D3A-D92D24D97900,District 11,Puyallup_Carbon salmon 2023,1,2023-10-09,2023-10-15,41,weekend,Bank,NA,PE,effort,days_open,1,week
46E6F83F-56E7-4254-9D3A-D92D24D97900,District 11,Puyallup_Carbon salmon 2023,1,2023-10-09,2023-10-15,41,weekend,Bank,NA,PE,effort,degrees_freedom,22,week
46E6F83F-56E7-4254-9D3A-D92D24D97900,District 11,Puyallup_Carbon salmon 2023,1,2023-10-09,2023-10-15,41,weekend,Bank,NA,PE,effort,total_effort,217.20813961988304,week
46E6F83F-56E7-4254-9D3A-D92D24D97900,District 11,Puyallup_Carbon salmon 2023,1,2023-10-16,2023-10-22,42,weekday,Bank,NA,PE,effort,number_observations,3,week
46E6F83F-56E7-4254-9D3A-D92D24D97900,District 11,Puyallup_Carbon salmon 2023,1,2023-10-16,2023-10-22,42,weekday,Bank,NA,PE,effort,daily_mean,52.641942007797276,week
46E6F83F-56E7-4254-9D3A-D92D24D97900,District 11,Puyallup_Carbon salmon 2023,1,2023-10-16,2023-10-22,42,weekday,Bank,NA,PE,effort,daily_variance,305.42823143426256,week
46E6F83F-56E7-4254-9D3A-D92D24D97900,District 11,Puyallup_Carbon salmon 2023,1,2023-10-16,2023-10-22,42,weekday,Bank,NA,PE,effort,days_open,3,week
46E6F83F-56E7-4254-9D3A-D92D24D97900,District 11,Puyallup_Carbon salmon 2023,1,2023-10-16,2023-10-22,42,weekday,Bank,NA,PE,effort,degrees_freedom,22,week
46E6F83F-56E7-4254-9D3A-D92D24D97900,District 11,Puyallup_Carbon salmon 2023,1,2023-10-16,2023-10-22,42,weekday,Bank,NA,PE,effort,total_effort,157.92582602339183,week
46E6F83F-56E7-4254-9D3A-D92D24D97900,District 11,Puyallup_Carbon salmon 2023,1,2023-10-16,2023-10-22,42,weekend,Bank,NA,PE,effort,number_observations,1,week
46E6F83F-56E7-4254-9D3A-D92D24D97900,District 11,Puyallup_Carbon salmon 2023,1,2023-10-16,2023-10-22,42,weekend,Bank,NA,PE,effort,daily_mean,88.424232456140345,week
46E6F83F-56E7-4254-9D3A-D92D24D97900,District 11,Puyallup_Carbon salmon 2023,1,2023-10-16,2023-10-22,42,weekend,Bank,NA,PE,effort,daily_variance,0,week
46E6F83F-56E7-4254-9D3A-D92D24D97900,District 11,Puyallup_Carbon salmon 2023,1,2023-10-16,2023-10-22,42,weekend,Bank,NA,PE,effort,days_open,1,week
46E6F83F-56E7-4254-9D3A-D92D24D97900,District 11,Puyallup_Carbon salmon 2023,1,2023-10-16,2023-10-22,42,weekend,Bank,NA,PE,effort,degrees_freedom,22,week
46E6F83F-56E7-4254-9D3A-D92D24D97900,District 11,Puyallup_Carbon salmon 2023,1,2023-10-16,2023-10-22,42,weekend,Bank,NA,PE,effort,total_effort,88.424232456140345,week
46E6F83F-56E7-4254-9D3A-D92D24D97900,District 11,Puyallup_Carbon salmon 2023,1,2023-10-23,2023-10-29,43,weekday,Bank,NA,PE,effort,number_observations,3,week
46E6F83F-56E7-4254-9D3A-D92D24D97900,District 11,Puyallup_Carbon salmon 2023,1,2023-10-23,2023-10-29,43,weekday,Bank,NA,PE,effort,daily_mean,93.16745492202729,week
46E6F83F-56E7-4254-9D3A-D92D24D97900,District 11,Puyallup_Carbon salmon 2023,1,2023-10-23,2023-10-29,43,weekday,Bank,NA,PE,effort,daily_variance,383.4188588851101,week
46E6F83F-56E7-4254-9D3A-D92D24D97900,District 11,Puyallup_Carbon salmon 2023,1,2023-10-23,2023-10-29,43,weekday,Bank,NA,PE,effort,days_open,3,week
46E6F83F-56E7-4254-9D3A-D92D24D97900,District 11,Puyallup_Carbon salmon 2023,1,2023-10-23,2023-10-29,43,weekday,Bank,NA,PE,effort,degrees_freedom,22,week
46E6F83F-56E7-4254-9D3A-D92D24D97900,District 11,Puyallup_Carbon salmon 2023,1,2023-10-23,2023-10-29,43,weekday,Bank,NA,PE,effort,total_effort,279.5023647660819,week
46E6F83F-56E7-4254-9D3A-D92D24D97900,District 11,Puyallup_Carbon salmon 2023,1,2023-10-23,2023-10-29,43,weekend,Bank,NA,PE,effort,number_observations,1,week
46E6F83F-56E7-4254-9D3A-D92D24D97900,District 11,Puyallup_Carbon salmon 2023,1,2023-10-23,2023-10-29,43,weekend,Bank,NA,PE,effort,daily_mean,165.0639619883041,week
46E6F83F-56E7-4254-9D3A-D92D24D97900,District 11,Puyallup_Carbon salmon 2023,1,2023-10-23,2023-10-29,43,weekend,Bank,NA,PE,effort,daily_variance,0,week
46E6F83F-56E7-4254-9D3A-D92D24D97900,District 11,Puyallup_Carbon salmon 2023,1,2023-10-23,2023-10-29,43,weekend,Bank,NA,PE,effort,days_open,1,week
46E6F83F-56E7-4254-9D3A-D92D24D97900,District 11,Puyallup_Carbon salmon 2023,1,2023-10-23,2023-10-29,43,weekend,Bank,NA,PE,effort,degrees_freedom,22,week
46E6F83F-56E7-4254-9D3A-D92D24D97900,District 11,Puyallup_Carbon salmon 2023,1,2023-10-23,2023-10-29,43,weekend,Bank,NA,PE,effort,total_effort,165.0639619883041,week
46E6F83F-56E7-4254-9D3A-D92D24D97900,District 11,Puyallup_Carbon salmon 2023,2,2023-08-16,2023-08-20,33,weekday,Bank,NA,PE,effort,number_observations,3,week
46E6F83F-56E7-4254-9D3A-D92D24D97900,District 11,Puyallup_Carbon salmon 2023,2,2023-08-16,2023-08-20,33,weekday,Bank,NA,PE,effort,daily_mean,547.1064209714101,week
46E6F83F-56E7-4254-9D3A-D92D24D97900,District 11,Puyallup_Carbon salmon 2023,2,2023-08-16,2023-08-20,33,weekday,Bank,NA,PE,effort,daily_variance,15795.365944660654,week
46E6F83F-56E7-4254-9D3A-D92D24D97900,District 11,Puyallup_Carbon salmon 2023,2,2023-08-16,2023-08-20,33,weekday,Bank,NA,PE,effort,days_open,3,week
46E6F83F-56E7-4254-9D3A-D92D24D97900,District 11,Puyallup_Carbon salmon 2023,2,2023-08-16,2023-08-20,33,weekday,Bank,NA,PE,effort,degrees_freedom,22,week
46E6F83F-56E7-4254-9D3A-D92D24D97900,District 11,Puyallup_Carbon salmon 2023,2,2023-08-16,2023-08-20,33,weekday,Bank,NA,PE,effort,total_effort,1641.3192629142304,week
46E6F83F-56E7-4254-9D3A-D92D24D97900,District 11,Puyallup_Carbon salmon 2023,2,2023-08-16,2023-08-20,33,weekend,Bank,NA,PE,effort,number_observations,1,week
46E6F83F-56E7-4254-9D3A-D92D24D97900,District 11,Puyallup_Carbon salmon 2023,2,2023-08-16,2023-08-20,33,weekend,Bank,NA,PE,effort,daily_mean,736.3081505847952,week
46E6F83F-56E7-4254-9D3A-D92D24D97900,District 11,Puyallup_Carbon salmon 2023,2,2023-08-16,2023-08-20,33,weekend,Bank,NA,PE,effort,daily_variance,0,week
46E6F83F-56E7-4254-9D3A-D92D24D97900,District 11,Puyallup_Carbon salmon 2023,2,2023-08-16,2023-08-20,33,weekend,Bank,NA,PE,effort,days_open,1,week
46E6F83F-56E7-4254-9D3A-D92D24D97900,District 11,Puyallup_Carbon salmon 2023,2,2023-08-16,2023-08-20,33,weekend,Bank,NA,PE,effort,degrees_freedom,22,week
46E6F83F-56E7-4254-9D3A-D92D24D97900,District 11,Puyallup_Carbon salmon 2023,2,2023-08-16,2023-08-20,33,weekend,Bank,NA,PE,effort,total_effort,736.3081505847952,week
46E6F83F-56E7-4254-9D3A-D92D24D97900,District 11,Puyallup_Carbon salmon 2023,2,2023-08-21,2023-08-27,34,weekday,Bank,NA,PE,effort,number_observations,3,week
46E6F83F-56E7-4254-9D3A-D92D24D97900,District 11,Puyallup_Carbon salmon 2023,2,2023-08-21,2023-08-27,34,weekday,Bank,NA,PE,effort,daily_mean,713.530772417154,week
46E6F83F-56E7-4254-9D3A-D92D24D97900,District 11,Puyallup_Carbon salmon 2023,2,2023-08-21,2023-08-27,34,weekday,Bank,NA,PE,effort,daily_variance,51636.69642077746,week
46E6F83F-56E7-4254-9D3A-D92D24D97900,District 11,Puyallup_Carbon salmon 2023,2,2023-08-21,2023-08-27,34,weekday,Bank,NA,PE,effort,days_open,3,week
46E6F83F-56E7-4254-9D3A-D92D24D97900,District 11,Puyallup_Carbon salmon 2023,2,2023-08-21,2023-08-27,34,weekday,Bank,NA,PE,effort,degrees_freedom,22,week
46E6F83F-56E7-4254-9D3A-D92D24D97900,District 11,Puyallup_Carbon salmon 2023,2,2023-08-21,2023-08-27,34,weekday,Bank,NA,PE,effort,total_effort,2140.592317251462,week
46E6F83F-56E7-4254-9D3A-D92D24D97900,District 11,Puyallup_Carbon salmon 2023,2,2023-08-21,2023-08-27,34,weekend,Bank,NA,PE,effort,number_observations,1,week
46E6F83F-56E7-4254-9D3A-D92D24D97900,District 11,Puyallup_Carbon salmon 2023,2,2023-08-21,2023-08-27,34,weekend,Bank,NA,PE,effort,daily_mean,1066.6581578947369,week
46E6F83F-56E7-4254-9D3A-D92D24D97900,District 11,Puyallup_Carbon salmon 2023,2,2023-08-21,2023-08-27,34,weekend,Bank,NA,PE,effort,daily_variance,0,week
46E6F83F-56E7-4254-9D3A-D92D24D97900,District 11,Puyallup_Carbon salmon 2023,2,2023-08-21,2023-08-27,34,weekend,Bank,NA,PE,effort,days_open,1,week
46E6F83F-56E7-4254-9D3A-D92D24D97900,District 11,Puyallup_Carbon salmon 2023,2,2023-08-21,2023-08-27,34,weekend,Bank,NA,PE,effort,degrees_freedom,22,week
46E6F83F-56E7-4254-9D3A-D92D24D97900,District 11,Puyallup_Carbon salmon 2023,2,2023-08-21,2023-08-27,34,weekend,Bank,NA,PE,effort,total_effort,1066.6581578947369,week
46E6F83F-56E7-4254-9D3A-D92D24D97900,District 11,Puyallup_Carbon salmon 2023,2,2023-08-28,2023-09-03,35,weekday,Bank,NA,PE,effort,number_observations,3,week
46E6F83F-56E7-4254-9D3A-D92D24D97900,District 11,Puyallup_Carbon salmon 2023,2,2023-08-28,2023-09-03,35,weekday,Bank,NA,PE,effort,daily_mean,661.6567145873944,week
46E6F83F-56E7-4254-9D3A-D92D24D97900,District 11,Puyallup_Carbon salmon 2023,2,2023-08-28,2023-09-03,35,weekday,Bank,NA,PE,effort,daily_variance,40750.2053244562,week
46E6F83F-56E7-4254-9D3A-D92D24D97900,District 11,Puyallup_Carbon salmon 2023,2,2023-08-28,2023-09-03,35,weekday,Bank,NA,PE,effort,days_open,3,week
46E6F83F-56E7-4254-9D3A-D92D24D97900,District 11,Puyallup_Carbon salmon 2023,2,2023-08-28,2023-09-03,35,weekday,Bank,NA,PE,effort,degrees_freedom,22,week
46E6F83F-56E7-4254-9D3A-D92D24D97900,District 11,Puyallup_Carbon salmon 2023,2,2023-08-28,2023-09-03,35,weekday,Bank,NA,PE,effort,total_effort,1984.9701437621832,week
46E6F83F-56E7-4254-9D3A-D92D24D97900,District 11,Puyallup_Carbon salmon 2023,2,2023-08-28,2023-09-03,35,weekend,Bank,NA,PE,effort,number_observations,1,week
46E6F83F-56E7-4254-9D3A-D92D24D97900,District 11,Puyallup_Carbon salmon 2023,2,2023-08-28,2023-09-03,35,weekend,Bank,NA,PE,effort,daily_mean,1140.2441666666666,week
46E6F83F-56E7-4254-9D3A-D92D24D97900,District 11,Puyallup_Carbon salmon 2023,2,2023-08-28,2023-09-03,35,weekend,Bank,NA,PE,effort,daily_variance,0,week
46E6F83F-56E7-4254-9D3A-D92D24D97900,District 11,Puyallup_Carbon salmon 2023,2,2023-08-28,2023-09-03,35,weekend,Bank,NA,PE,effort,days_open,1,week
46E6F83F-56E7-4254-9D3A-D92D24D97900,District 11,Puyallup_Carbon salmon 2023,2,2023-08-28,2023-09-03,35,weekend,Bank,NA,PE,effort,degrees_freedom,22,week
46E6F83F-56E7-4254-9D3A-D92D24D97900,District 11,Puyallup_Carbon salmon 2023,2,2023-08-28,2023-09-03,35,weekend,Bank,NA,PE,effort,total_effort,1140.2441666666666,week
46E6F83F-56E7-4254-9D3A-D92D24D97900,District 11,Puyallup_Carbon salmon 2023,2,2023-09-04,2023-09-10,36,weekday,Bank,NA,PE,effort,number_observations,2,week
46E6F83F-56E7-4254-9D3A-D92D24D97900,District 11,Puyallup_Carbon salmon 2023,2,2023-09-04,2023-09-10,36,weekday,Bank,NA,PE,effort,daily_mean,611.5024122807017,week
46E6F83F-56E7-4254-9D3A-D92D24D97900,District 11,Puyallup_Carbon salmon 2023,2,2023-09-04,2023-09-10,36,weekday,Bank,NA,PE,effort,daily_variance,5311.531626977528,week
46E6F83F-56E7-4254-9D3A-D92D24D97900,District 11,Puyallup_Carbon salmon 2023,2,2023-09-04,2023-09-10,36,weekday,Bank,NA,PE,effort,days_open,3,week
46E6F83F-56E7-4254-9D3A-D92D24D97900,District 11,Puyallup_Carbon salmon 2023,2,2023-09-04,2023-09-10,36,weekday,Bank,NA,PE,effort,degrees_freedom,22,week
46E6F83F-56E7-4254-9D3A-D92D24D97900,District 11,Puyallup_Carbon salmon 2023,2,2023-09-04,2023-09-10,36,weekday,Bank,NA,PE,effort,total_effort,1834.5072368421052,week
46E6F83F-56E7-4254-9D3A-D92D24D97900,District 11,Puyallup_Carbon salmon 2023,2,2023-09-04,2023-09-10,36,weekend,Bank,NA,PE,effort,number_observations,1,week
46E6F83F-56E7-4254-9D3A-D92D24D97900,District 11,Puyallup_Carbon salmon 2023,2,2023-09-04,2023-09-10,36,weekend,Bank,NA,PE,effort,daily_mean,950.6245614035088,week
46E6F83F-56E7-4254-9D3A-D92D24D97900,District 11,Puyallup_Carbon salmon 2023,2,2023-09-04,2023-09-10,36,weekend,Bank,NA,PE,effort,daily_variance,0,week
46E6F83F-56E7-4254-9D3A-D92D24D97900,District 11,Puyallup_Carbon salmon 2023,2,2023-09-04,2023-09-10,36,weekend,Bank,NA,PE,effort,days_open,1,week
46E6F83F-56E7-4254-9D3A-D92D24D97900,District 11,Puyallup_Carbon salmon 2023,2,2023-09-04,2023-09-10,36,weekend,Bank,NA,PE,effort,degrees_freedom,22,week
46E6F83F-56E7-4254-9D3A-D92D24D97900,District 11,Puyallup_Carbon salmon 2023,2,2023-09-04,2023-09-10,36,weekend,Bank,NA,PE,effort,total_effort,950.6245614035088,week
46E6F83F-56E7-4254-9D3A-D92D24D97900,District 11,Puyallup_Carbon salmon 2023,2,2023-09-11,2023-09-17,37,weekday,Bank,NA,PE,effort,number_observations,3,week
46E6F83F-56E7-4254-9D3A-D92D24D97900,District 11,Puyallup_Carbon salmon 2023,2,2023-09-11,2023-09-17,37,weekday,Bank,NA,PE,effort,daily_mean,548.250321637427,week
46E6F83F-56E7-4254-9D3A-D92D24D97900,District 11,Puyallup_Carbon salmon 2023,2,2023-09-11,2023-09-17,37,weekday,Bank,NA,PE,effort,daily_variance,13006.132363412788,week
46E6F83F-56E7-4254-9D3A-D92D24D97900,District 11,Puyallup_Carbon salmon 2023,2,2023-09-11,2023-09-17,37,weekday,Bank,NA,PE,effort,days_open,3,week
46E6F83F-56E7-4254-9D3A-D92D24D97900,District 11,Puyallup_Carbon salmon 2023,2,2023-09-11,2023-09-17,37,weekday,Bank,NA,PE,effort,degrees_freedom,22,week
46E6F83F-56E7-4254-9D3A-D92D24D97900,District 11,Puyallup_Carbon salmon 2023,2,2023-09-11,2023-09-17,37,weekday,Bank,NA,PE,effort,total_effort,1644.7509649122808,week
46E6F83F-56E7-4254-9D3A-D92D24D97900,District 11,Puyallup_Carbon salmon 2023,2,2023-09-11,2023-09-17,37,weekend,Bank,NA,PE,effort,number_observations,1,week
46E6F83F-56E7-4254-9D3A-D92D24D97900,District 11,Puyallup_Carbon salmon 2023,2,2023-09-11,2023-09-17,37,weekend,Bank,NA,PE,effort,daily_mean,729.7518969298246,week
46E6F83F-56E7-4254-9D3A-D92D24D97900,District 11,Puyallup_Carbon salmon 2023,2,2023-09-11,2023-09-17,37,weekend,Bank,NA,PE,effort,daily_variance,0,week
46E6F83F-56E7-4254-9D3A-D92D24D97900,District 11,Puyallup_Carbon salmon 2023,2,2023-09-11,2023-09-17,37,weekend,Bank,NA,PE,effort,days_open,1,week
46E6F83F-56E7-4254-9D3A-D92D24D97900,District 11,Puyallup_Carbon salmon 2023,2,2023-09-11,2023-09-17,37,weekend,Bank,NA,PE,effort,degrees_freedom,22,week
46E6F83F-56E7-4254-9D3A-D92D24D97900,District 11,Puyallup_Carbon salmon 2023,2,2023-09-11,2023-09-17,37,weekend,Bank,NA,PE,effort,total_effort,729.7518969298246,week
46E6F83F-56E7-4254-9D3A-D92D24D97900,District 11,Puyallup_Carbon salmon 2023,2,2023-09-18,2023-09-24,38,weekday,Bank,NA,PE,effort,number_observations,3,week
46E6F83F-56E7-4254-9D3A-D92D24D97900,District 11,Puyallup_Carbon salmon 2023,2,2023-09-18,2023-09-24,38,weekday,Bank,NA,PE,effort,daily_mean,520.5287171052631,week
46E6F83F-56E7-4254-9D3A-D92D24D97900,District 11,Puyallup_Carbon salmon 2023,2,2023-09-18,2023-09-24,38,weekday,Bank,NA,PE,effort,daily_variance,15185.241169084837,week
46E6F83F-56E7-4254-9D3A-D92D24D97900,District 11,Puyallup_Carbon salmon 2023,2,2023-09-18,2023-09-24,38,weekday,Bank,NA,PE,effort,days_open,3,week
46E6F83F-56E7-4254-9D3A-D92D24D97900,District 11,Puyallup_Carbon salmon 2023,2,2023-09-18,2023-09-24,38,weekday,Bank,NA,PE,effort,degrees_freedom,22,week
46E6F83F-56E7-4254-9D3A-D92D24D97900,District 11,Puyallup_Carbon salmon 2023,2,2023-09-18,2023-09-24,38,weekday,Bank,NA,PE,effort,total_effort,1561.5861513157893,week
46E6F83F-56E7-4254-9D3A-D92D24D97900,District 11,Puyallup_Carbon salmon 2023,2,2023-09-18,2023-09-24,38,weekend,Bank,NA,PE,effort,number_observations,1,week
46E6F83F-56E7-4254-9D3A-D92D24D97900,District 11,Puyallup_Carbon salmon 2023,2,2023-09-18,2023-09-24,38,weekend,Bank,NA,PE,effort,daily_mean,633.8211878654971,week
46E6F83F-56E7-4254-9D3A-D92D24D97900,District 11,Puyallup_Carbon salmon 2023,2,2023-09-18,2023-09-24,38,weekend,Bank,NA,PE,effort,daily_variance,0,week
46E6F83F-56E7-4254-9D3A-D92D24D97900,District 11,Puyallup_Carbon salmon 2023,2,2023-09-18,2023-09-24,38,weekend,Bank,NA,PE,effort,days_open,1,week
46E6F83F-56E7-4254-9D3A-D92D24D97900,District 11,Puyallup_Carbon salmon 2023,2,2023-09-18,2023-09-24,38,weekend,Bank,NA,PE,effort,degrees_freedom,22,week
46E6F83F-56E7-4254-9D3A-D92D24D97900,District 11,Puyallup_Carbon salmon 2023,2,2023-09-18,2023-09-24,38,weekend,Bank,NA,PE,effort,total_effort,633.8211878654971,week
46E6F83F-56E7-4254-9D3A-D92D24D97900,District 11,Puyallup_Carbon salmon 2023,2,2023-09-25,2023-10-01,39,weekday,Bank,NA,PE,effort,number_observations,3,week
46E6F83F-56E7-4254-9D3A-D92D24D97900,District 11,Puyallup_Carbon salmon 2023,2,2023-09-25,2023-10-01,39,weekday,Bank,NA,PE,effort,daily_mean,391.4216751949318,week
46E6F83F-56E7-4254-9D3A-D92D24D97900,District 11,Puyallup_Carbon salmon 2023,2,2023-09-25,2023-10-01,39,weekday,Bank,NA,PE,effort,daily_variance,21344.256027485724,week
46E6F83F-56E7-4254-9D3A-D92D24D97900,District 11,Puyallup_Carbon salmon 2023,2,2023-09-25,2023-10-01,39,weekday,Bank,NA,PE,effort,days_open,3,week
46E6F83F-56E7-4254-9D3A-D92D24D97900,District 11,Puyallup_Carbon salmon 2023,2,2023-09-25,2023-10-01,39,weekday,Bank,NA,PE,effort,degrees_freedom,22,week
46E6F83F-56E7-4254-9D3A-D92D24D97900,District 11,Puyallup_Carbon salmon 2023,2,2023-09-25,2023-10-01,39,weekday,Bank,NA,PE,effort,total_effort,1174.2650255847955,week
46E6F83F-56E7-4254-9D3A-D92D24D97900,District 11,Puyallup_Carbon salmon 2023,2,2023-09-25,2023-10-01,39,weekend,Bank,NA,PE,effort,number_observations,1,week
46E6F83F-56E7-4254-9D3A-D92D24D97900,District 11,Puyallup_Carbon salmon 2023,2,2023-09-25,2023-10-01,39,weekend,Bank,NA,PE,effort,daily_mean,645.9972587719299,week
46E6F83F-56E7-4254-9D3A-D92D24D97900,District 11,Puyallup_Carbon salmon 2023,2,2023-09-25,2023-10-01,39,weekend,Bank,NA,PE,effort,daily_variance,0,week
46E6F83F-56E7-4254-9D3A-D92D24D97900,District 11,Puyallup_Carbon salmon 2023,2,2023-09-25,2023-10-01,39,weekend,Bank,NA,PE,effort,days_open,1,week
46E6F83F-56E7-4254-9D3A-D92D24D97900,District 11,Puyallup_Carbon salmon 2023,2,2023-09-25,2023-10-01,39,weekend,Bank,NA,PE,effort,degrees_freedom,22,week
46E6F83F-56E7-4254-9D3A-D92D24D97900,District 11,Puyallup_Carbon salmon 2023,2,2023-09-25,2023-10-01,39,weekend,Bank,NA,PE,effort,total_effort,645.9972587719299,week
46E6F83F-56E7-4254-9D3A-D92D24D97900,District 11,Puyallup_Carbon salmon 2023,2,2023-10-02,2023-10-08,40,weekday,Bank,NA,PE,effort,number_observations,3,week
46E6F83F-56E7-4254-9D3A-D92D24D97900,District 11,Puyallup_Carbon salmon 2023,2,2023-10-02,2023-10-08,40,weekday,Bank,NA,PE,effort,daily_mean,269.1249890350877,week
46E6F83F-56E7-4254-9D3A-D92D24D97900,District 11,Puyallup_Carbon salmon 2023,2,2023-10-02,2023-10-08,40,weekday,Bank,NA,PE,effort,daily_variance,332.32089839343,week
46E6F83F-56E7-4254-9D3A-D92D24D97900,District 11,Puyallup_Carbon salmon 2023,2,2023-10-02,2023-10-08,40,weekday,Bank,NA,PE,effort,days_open,3,week
46E6F83F-56E7-4254-9D3A-D92D24D97900,District 11,Puyallup_Carbon salmon 2023,2,2023-10-02,2023-10-08,40,weekday,Bank,NA,PE,effort,degrees_freedom,22,week
46E6F83F-56E7-4254-9D3A-D92D24D97900,District 11,Puyallup_Carbon salmon 2023,2,2023-10-02,2023-10-08,40,weekday,Bank,NA,PE,effort,total_effort,807.3749671052631,week
46E6F83F-56E7-4254-9D3A-D92D24D97900,District 11,Puyallup_Carbon salmon 2023,2,2023-10-02,2023-10-08,40,weekend,Bank,NA,PE,effort,number_observations,1,week
46E6F83F-56E7-4254-9D3A-D92D24D97900,District 11,Puyallup_Carbon salmon 2023,2,2023-10-02,2023-10-08,40,weekend,Bank,NA,PE,effort,daily_mean,259.7457894736842,week
46E6F83F-56E7-4254-9D3A-D92D24D97900,District 11,Puyallup_Carbon salmon 2023,2,2023-10-02,2023-10-08,40,weekend,Bank,NA,PE,effort,daily_variance,0,week
46E6F83F-56E7-4254-9D3A-D92D24D97900,District 11,Puyallup_Carbon salmon 2023,2,2023-10-02,2023-10-08,40,weekend,Bank,NA,PE,effort,days_open,1,week
46E6F83F-56E7-4254-9D3A-D92D24D97900,District 11,Puyallup_Carbon salmon 2023,2,2023-10-02,2023-10-08,40,weekend,Bank,NA,PE,effort,degrees_freedom,22,week
46E6F83F-56E7-4254-9D3A-D92D24D97900,District 11,Puyallup_Carbon salmon 2023,2,2023-10-02,2023-10-08,40,weekend,Bank,NA,PE,effort,total_effort,259.7457894736842,week
46E6F83F-56E7-4254-9D3A-D92D24D97900,District 11,Puyallup_Carbon salmon 2023,2,2023-10-09,2023-10-15,41,weekday,Bank,NA,PE,effort,number_observations,3,week
46E6F83F-56E7-4254-9D3A-D92D24D97900,District 11,Puyallup_Carbon salmon 2023,2,2023-10-09,2023-10-15,41,weekday,Bank,NA,PE,effort,daily_mean,103.564761208577,week
46E6F83F-56E7-4254-9D3A-D92D24D97900,District 11,Puyallup_Carbon salmon 2023,2,2023-10-09,2023-10-15,41,weekday,Bank,NA,PE,effort,daily_variance,1784.439309016896,week
46E6F83F-56E7-4254-9D3A-D92D24D97900,District 11,Puyallup_Carbon salmon 2023,2,2023-10-09,2023-10-15,41,weekday,Bank,NA,PE,effort,days_open,3,week
46E6F83F-56E7-4254-9D3A-D92D24D97900,District 11,Puyallup_Carbon salmon 2023,2,2023-10-09,2023-10-15,41,weekday,Bank,NA,PE,effort,degrees_freedom,22,week
46E6F83F-56E7-4254-9D3A-D92D24D97900,District 11,Puyallup_Carbon salmon 2023,2,2023-10-09,2023-10-15,41,weekday,Bank,NA,PE,effort,total_effort,310.694283625731,week
46E6F83F-56E7-4254-9D3A-D92D24D97900,District 11,Puyallup_Carbon salmon 2023,2,2023-10-09,2023-10-15,41,weekend,Bank,NA,PE,effort,number_observations,1,week
46E6F83F-56E7-4254-9D3A-D92D24D97900,District 11,Puyallup_Carbon salmon 2023,2,2023-10-09,2023-10-15,41,weekend,Bank,NA,PE,effort,daily_mean,189.18128289473688,week
46E6F83F-56E7-4254-9D3A-D92D24D97900,District 11,Puyallup_Carbon salmon 2023,2,2023-10-09,2023-10-15,41,weekend,Bank,NA,PE,effort,daily_variance,0,week
46E6F83F-56E7-4254-9D3A-D92D24D97900,District 11,Puyallup_Carbon salmon 2023,2,2023-10-09,2023-10-15,41,weekend,Bank,NA,PE,effort,days_open,2,week
46E6F83F-56E7-4254-9D3A-D92D24D97900,District 11,Puyallup_Carbon salmon 2023,2,2023-10-09,2023-10-15,41,weekend,Bank,NA,PE,effort,degrees_freedom,22,week
46E6F83F-56E7-4254-9D3A-D92D24D97900,District 11,Puyallup_Carbon salmon 2023,2,2023-10-09,2023-10-15,41,weekend,Bank,NA,PE,effort,total_effort,378.36256578947376,week
46E6F83F-56E7-4254-9D3A-D92D24D97900,District 11,Puyallup_Carbon salmon 2023,2,2023-10-16,2023-10-22,42,weekday,Bank,NA,PE,effort,number_observations,3,week
46E6F83F-56E7-4254-9D3A-D92D24D97900,District 11,Puyallup_Carbon salmon 2023,2,2023-10-16,2023-10-22,42,weekday,Bank,NA,PE,effort,daily_mean,107.36655214424952,week
46E6F83F-56E7-4254-9D3A-D92D24D97900,District 11,Puyallup_Carbon salmon 2023,2,2023-10-16,2023-10-22,42,weekday,Bank,NA,PE,effort,daily_variance,1393.9882842319191,week
46E6F83F-56E7-4254-9D3A-D92D24D97900,District 11,Puyallup_Carbon salmon 2023,2,2023-10-16,2023-10-22,42,weekday,Bank,NA,PE,effort,days_open,3,week
46E6F83F-56E7-4254-9D3A-D92D24D97900,District 11,Puyallup_Carbon salmon 2023,2,2023-10-16,2023-10-22,42,weekday,Bank,NA,PE,effort,degrees_freedom,22,week
46E6F83F-56E7-4254-9D3A-D92D24D97900,District 11,Puyallup_Carbon salmon 2023,2,2023-10-16,2023-10-22,42,weekday,Bank,NA,PE,effort,total_effort,322.0996564327486,week
46E6F83F-56E7-4254-9D3A-D92D24D97900,District 11,Puyallup_Carbon salmon 2023,2,2023-10-16,2023-10-22,42,weekend,Bank,NA,PE,effort,number_observations,1,week
46E6F83F-56E7-4254-9D3A-D92D24D97900,District 11,Puyallup_Carbon salmon 2023,2,2023-10-16,2023-10-22,42,weekend,Bank,NA,PE,effort,daily_mean,88.424232456140345,week
46E6F83F-56E7-4254-9D3A-D92D24D97900,District 11,Puyallup_Carbon salmon 2023,2,2023-10-16,2023-10-22,42,weekend,Bank,NA,PE,effort,daily_variance,0,week
46E6F83F-56E7-4254-9D3A-D92D24D97900,District 11,Puyallup_Carbon salmon 2023,2,2023-10-16,2023-10-22,42,weekend,Bank,NA,PE,effort,days_open,1,week
46E6F83F-56E7-4254-9D3A-D92D24D97900,District 11,Puyallup_Carbon salmon 2023,2,2023-10-16,2023-10-22,42,weekend,Bank,NA,PE,effort,degrees_freedom,22,week
46E6F83F-56E7-4254-9D3A-D92D24D97900,District 11,Puyallup_Carbon salmon 2023,2,2023-10-16,2023-10-22,42,weekend,Bank,NA,PE,effort,total_effort,88.424232456140345,week
46E6F83F-56E7-4254-9D3A-D92D24D97900,District 11,Puyallup_Carbon salmon 2023,2,2023-10-23,2023-10-29,43,weekday,Bank,NA,PE,effort,number_observations,3,week
46E6F83F-56E7-4254-9D3A-D92D24D97900,District 11,Puyallup_Carbon salmon 2023,2,2023-10-23,2023-10-29,43,weekday,Bank,NA,PE,effort,daily_mean,99.85463084795322,week
46E6F83F-56E7-4254-9D3A-D92D24D97900,District 11,Puyallup_Carbon salmon 2023,2,2023-10-23,2023-10-29,43,weekday,Bank,NA,PE,effort,daily_variance,392.4615670495171,week
46E6F83F-56E7-4254-9D3A-D92D24D97900,District 11,Puyallup_Carbon salmon 2023,2,2023-10-23,2023-10-29,43,weekday,Bank,NA,PE,effort,days_open,3,week
46E6F83F-56E7-4254-9D3A-D92D24D97900,District 11,Puyallup_Carbon salmon 2023,2,2023-10-23,2023-10-29,43,weekday,Bank,NA,PE,effort,degrees_freedom,22,week
46E6F83F-56E7-4254-9D3A-D92D24D97900,District 11,Puyallup_Carbon salmon 2023,2,2023-10-23,2023-10-29,43,weekday,Bank,NA,PE,effort,total_effort,299.56389254385965,week
46E6F83F-56E7-4254-9D3A-D92D24D97900,District 11,Puyallup_Carbon salmon 2023,2,2023-10-23,2023-10-29,43,weekend,Bank,NA,PE,effort,number_observations,1,week
46E6F83F-56E7-4254-9D3A-D92D24D97900,District 11,Puyallup_Carbon salmon 2023,2,2023-10-23,2023-10-29,43,weekend,Bank,NA,PE,effort,daily_mean,145.2562865497076,week
46E6F83F-56E7-4254-9D3A-D92D24D97900,District 11,Puyallup_Carbon salmon 2023,2,2023-10-23,2023-10-29,43,weekend,Bank,NA,PE,effort,daily_variance,0,week
46E6F83F-56E7-4254-9D3A-D92D24D97900,District 11,Puyallup_Carbon salmon 2023,2,2023-10-23,2023-10-29,43,weekend,Bank,NA,PE,effort,days_open,1,week
46E6F83F-56E7-4254-9D3A-D92D24D97900,District 11,Puyallup_Carbon salmon 2023,2,2023-10-23,2023-10-29,43,weekend,Bank,NA,PE,effort,degrees_freedom,22,week
46E6F83F-56E7-4254-9D3A-D92D24D97900,District 11,Puyallup_Carbon salmon 2023,2,2023-10-23,2023-10-29,43,weekend,Bank,NA,PE,effort,total_effort,145.2562865497076,week
46E6F83F-56E7-4254-9D3A-D92D24D97900,District 11,Puyallup_Carbon salmon 2023,3,2023-08-16,2023-08-20,33,weekday,Bank,NA,PE,effort,number_observations,0,week
46E6F83F-56E7-4254-9D3A-D92D24D97900,District 11,Puyallup_Carbon salmon 2023,3,2023-08-16,2023-08-20,33,weekday,Bank,NA,PE,effort,daily_variance,0,week
46E6F83F-56E7-4254-9D3A-D92D24D97900,District 11,Puyallup_Carbon salmon 2023,3,2023-08-16,2023-08-20,33,weekday,Bank,NA,PE,effort,days_open,3,week
46E6F83F-56E7-4254-9D3A-D92D24D97900,District 11,Puyallup_Carbon salmon 2023,3,2023-08-16,2023-08-20,33,weekday,Bank,NA,PE,effort,degrees_freedom,17,week
46E6F83F-56E7-4254-9D3A-D92D24D97900,District 11,Puyallup_Carbon salmon 2023,3,2023-08-16,2023-08-20,33,weekend,Bank,NA,PE,effort,number_observations,0,week
46E6F83F-56E7-4254-9D3A-D92D24D97900,District 11,Puyallup_Carbon salmon 2023,3,2023-08-16,2023-08-20,33,weekend,Bank,NA,PE,effort,daily_variance,0,week
46E6F83F-56E7-4254-9D3A-D92D24D97900,District 11,Puyallup_Carbon salmon 2023,3,2023-08-16,2023-08-20,33,weekend,Bank,NA,PE,effort,days_open,2,week
46E6F83F-56E7-4254-9D3A-D92D24D97900,District 11,Puyallup_Carbon salmon 2023,3,2023-08-16,2023-08-20,33,weekend,Bank,NA,PE,effort,degrees_freedom,17,week
46E6F83F-56E7-4254-9D3A-D92D24D97900,District 11,Puyallup_Carbon salmon 2023,3,2023-08-21,2023-08-27,34,weekday,Bank,NA,PE,effort,number_observations,0,week
46E6F83F-56E7-4254-9D3A-D92D24D97900,District 11,Puyallup_Carbon salmon 2023,3,2023-08-21,2023-08-27,34,weekday,Bank,NA,PE,effort,daily_variance,0,week
46E6F83F-56E7-4254-9D3A-D92D24D97900,District 11,Puyallup_Carbon salmon 2023,3,2023-08-21,2023-08-27,34,weekday,Bank,NA,PE,effort,days_open,5,week
46E6F83F-56E7-4254-9D3A-D92D24D97900,District 11,Puyallup_Carbon salmon 2023,3,2023-08-21,2023-08-27,34,weekday,Bank,NA,PE,effort,degrees_freedom,17,week
46E6F83F-56E7-4254-9D3A-D92D24D97900,District 11,Puyallup_Carbon salmon 2023,3,2023-08-21,2023-08-27,34,weekend,Bank,NA,PE,effort,number_observations,0,week
46E6F83F-56E7-4254-9D3A-D92D24D97900,District 11,Puyallup_Carbon salmon 2023,3,2023-08-21,2023-08-27,34,weekend,Bank,NA,PE,effort,daily_variance,0,week
46E6F83F-56E7-4254-9D3A-D92D24D97900,District 11,Puyallup_Carbon salmon 2023,3,2023-08-21,2023-08-27,34,weekend,Bank,NA,PE,effort,days_open,2,week
46E6F83F-56E7-4254-9D3A-D92D24D97900,District 11,Puyallup_Carbon salmon 2023,3,2023-08-21,2023-08-27,34,weekend,Bank,NA,PE,effort,degrees_freedom,17,week
46E6F83F-56E7-4254-9D3A-D92D24D97900,District 11,Puyallup_Carbon salmon 2023,3,2023-08-28,2023-09-03,35,weekday,Bank,NA,PE,effort,number_observations,1,week
46E6F83F-56E7-4254-9D3A-D92D24D97900,District 11,Puyallup_Carbon salmon 2023,3,2023-08-28,2023-09-03,35,weekday,Bank,NA,PE,effort,daily_mean,2547.2595087719296,week
46E6F83F-56E7-4254-9D3A-D92D24D97900,District 11,Puyallup_Carbon salmon 2023,3,2023-08-28,2023-09-03,35,weekday,Bank,NA,PE,effort,daily_variance,0,week
46E6F83F-56E7-4254-9D3A-D92D24D97900,District 11,Puyallup_Carbon salmon 2023,3,2023-08-28,2023-09-03,35,weekday,Bank,NA,PE,effort,days_open,5,week
46E6F83F-56E7-4254-9D3A-D92D24D97900,District 11,Puyallup_Carbon salmon 2023,3,2023-08-28,2023-09-03,35,weekday,Bank,NA,PE,effort,degrees_freedom,17,week
46E6F83F-56E7-4254-9D3A-D92D24D97900,District 11,Puyallup_Carbon salmon 2023,3,2023-08-28,2023-09-03,35,weekday,Bank,NA,PE,effort,total_effort,12736.297543859648,week
46E6F83F-56E7-4254-9D3A-D92D24D97900,District 11,Puyallup_Carbon salmon 2023,3,2023-08-28,2023-09-03,35,weekend,Bank,NA,PE,effort,number_observations,1,week
46E6F83F-56E7-4254-9D3A-D92D24D97900,District 11,Puyallup_Carbon salmon 2023,3,2023-08-28,2023-09-03,35,weekend,Bank,NA,PE,effort,daily_mean,2445.741111111111,week
46E6F83F-56E7-4254-9D3A-D92D24D97900,District 11,Puyallup_Carbon salmon 2023,3,2023-08-28,2023-09-03,35,weekend,Bank,NA,PE,effort,daily_variance,0,week
46E6F83F-56E7-4254-9D3A-D92D24D97900,District 11,Puyallup_Carbon salmon 2023,3,2023-08-28,2023-09-03,35,weekend,Bank,NA,PE,effort,days_open,1,week
46E6F83F-56E7-4254-9D3A-D92D24D97900,District 11,Puyallup_Carbon salmon 2023,3,2023-08-28,2023-09-03,35,weekend,Bank,NA,PE,effort,degrees_freedom,17,week
46E6F83F-56E7-4254-9D3A-D92D24D97900,District 11,Puyallup_Carbon salmon 2023,3,2023-08-28,2023-09-03,35,weekend,Bank,NA,PE,effort,total_effort,2445.741111111111,week
46E6F83F-56E7-4254-9D3A-D92D24D97900,District 11,Puyallup_Carbon salmon 2023,3,2023-09-04,2023-09-10,36,weekday,Bank,NA,PE,effort,number_observations,2,week
46E6F83F-56E7-4254-9D3A-D92D24D97900,District 11,Puyallup_Carbon salmon 2023,3,2023-09-04,2023-09-10,36,weekday,Bank,NA,PE,effort,daily_mean,1397.5025328947368,week
46E6F83F-56E7-4254-9D3A-D92D24D97900,District 11,Puyallup_Carbon salmon 2023,3,2023-09-04,2023-09-10,36,weekday,Bank,NA,PE,effort,daily_variance,12645.357637650244,week
46E6F83F-56E7-4254-9D3A-D92D24D97900,District 11,Puyallup_Carbon salmon 2023,3,2023-09-04,2023-09-10,36,weekday,Bank,NA,PE,effort,days_open,3,week
46E6F83F-56E7-4254-9D3A-D92D24D97900,District 11,Puyallup_Carbon salmon 2023,3,2023-09-04,2023-09-10,36,weekday,Bank,NA,PE,effort,degrees_freedom,17,week
46E6F83F-56E7-4254-9D3A-D92D24D97900,District 11,Puyallup_Carbon salmon 2023,3,2023-09-04,2023-09-10,36,weekday,Bank,NA,PE,effort,total_effort,4192.50759868421,week
46E6F83F-56E7-4254-9D3A-D92D24D97900,District 11,Puyallup_Carbon salmon 2023,3,2023-09-04,2023-09-10,36,weekend,Bank,NA,PE,effort,number_observations,1,week
46E6F83F-56E7-4254-9D3A-D92D24D97900,District 11,Puyallup_Carbon salmon 2023,3,2023-09-04,2023-09-10,36,weekend,Bank,NA,PE,effort,daily_mean,2803.536842105263,week
46E6F83F-56E7-4254-9D3A-D92D24D97900,District 11,Puyallup_Carbon salmon 2023,3,2023-09-04,2023-09-10,36,weekend,Bank,NA,PE,effort,daily_variance,0,week
46E6F83F-56E7-4254-9D3A-D92D24D97900,District 11,Puyallup_Carbon salmon 2023,3,2023-09-04,2023-09-10,36,weekend,Bank,NA,PE,effort,days_open,1,week
46E6F83F-56E7-4254-9D3A-D92D24D97900,District 11,Puyallup_Carbon salmon 2023,3,2023-09-04,2023-09-10,36,weekend,Bank,NA,PE,effort,degrees_freedom,17,week
46E6F83F-56E7-4254-9D3A-D92D24D97900,District 11,Puyallup_Carbon salmon 2023,3,2023-09-04,2023-09-10,36,weekend,Bank,NA,PE,effort,total_effort,2803.536842105263,week
46E6F83F-56E7-4254-9D3A-D92D24D97900,District 11,Puyallup_Carbon salmon 2023,3,2023-09-11,2023-09-17,37,weekday,Bank,NA,PE,effort,number_observations,3,week
46E6F83F-56E7-4254-9D3A-D92D24D97900,District 11,Puyallup_Carbon salmon 2023,3,2023-09-11,2023-09-17,37,weekday,Bank,NA,PE,effort,daily_mean,1441.8713462475632,week
46E6F83F-56E7-4254-9D3A-D92D24D97900,District 11,Puyallup_Carbon salmon 2023,3,2023-09-11,2023-09-17,37,weekday,Bank,NA,PE,effort,daily_variance,22373.02414111008,week
46E6F83F-56E7-4254-9D3A-D92D24D97900,District 11,Puyallup_Carbon salmon 2023,3,2023-09-11,2023-09-17,37,weekday,Bank,NA,PE,effort,days_open,3,week
46E6F83F-56E7-4254-9D3A-D92D24D97900,District 11,Puyallup_Carbon salmon 2023,3,2023-09-11,2023-09-17,37,weekday,Bank,NA,PE,effort,degrees_freedom,17,week
46E6F83F-56E7-4254-9D3A-D92D24D97900,District 11,Puyallup_Carbon salmon 2023,3,2023-09-11,2023-09-17,37,weekday,Bank,NA,PE,effort,total_effort,4325.614038742689,week
46E6F83F-56E7-4254-9D3A-D92D24D97900,District 11,Puyallup_Carbon salmon 2023,3,2023-09-11,2023-09-17,37,weekend,Bank,NA,PE,effort,number_observations,1,week
46E6F83F-56E7-4254-9D3A-D92D24D97900,District 11,Puyallup_Carbon salmon 2023,3,2023-09-11,2023-09-17,37,weekend,Bank,NA,PE,effort,daily_mean,2416.8127339181287,week
46E6F83F-56E7-4254-9D3A-D92D24D97900,District 11,Puyallup_Carbon salmon 2023,3,2023-09-11,2023-09-17,37,weekend,Bank,NA,PE,effort,daily_variance,0,week
46E6F83F-56E7-4254-9D3A-D92D24D97900,District 11,Puyallup_Carbon salmon 2023,3,2023-09-11,2023-09-17,37,weekend,Bank,NA,PE,effort,days_open,1,week
46E6F83F-56E7-4254-9D3A-D92D24D97900,District 11,Puyallup_Carbon salmon 2023,3,2023-09-11,2023-09-17,37,weekend,Bank,NA,PE,effort,degrees_freedom,17,week
46E6F83F-56E7-4254-9D3A-D92D24D97900,District 11,Puyallup_Carbon salmon 2023,3,2023-09-11,2023-09-17,37,weekend,Bank,NA,PE,effort,total_effort,2416.8127339181287,week
46E6F83F-56E7-4254-9D3A-D92D24D97900,District 11,Puyallup_Carbon salmon 2023,3,2023-09-18,2023-09-24,38,weekday,Bank,NA,PE,effort,number_observations,3,week
46E6F83F-56E7-4254-9D3A-D92D24D97900,District 11,Puyallup_Carbon salmon 2023,3,2023-09-18,2023-09-24,38,weekday,Bank,NA,PE,effort,daily_mean,1485.0910806530212,week
46E6F83F-56E7-4254-9D3A-D92D24D97900,District 11,Puyallup_Carbon salmon 2023,3,2023-09-18,2023-09-24,38,weekday,Bank,NA,PE,effort,daily_variance,15631.866375333437,week
46E6F83F-56E7-4254-9D3A-D92D24D97900,District 11,Puyallup_Carbon salmon 2023,3,2023-09-18,2023-09-24,38,weekday,Bank,NA,PE,effort,days_open,3,week
46E6F83F-56E7-4254-9D3A-D92D24D97900,District 11,Puyallup_Carbon salmon 2023,3,2023-09-18,2023-09-24,38,weekday,Bank,NA,PE,effort,degrees_freedom,17,week
46E6F83F-56E7-4254-9D3A-D92D24D97900,District 11,Puyallup_Carbon salmon 2023,3,2023-09-18,2023-09-24,38,weekday,Bank,NA,PE,effort,total_effort,4455.273241959064,week
46E6F83F-56E7-4254-9D3A-D92D24D97900,District 11,Puyallup_Carbon salmon 2023,3,2023-09-18,2023-09-24,38,weekend,Bank,NA,PE,effort,number_observations,1,week
46E6F83F-56E7-4254-9D3A-D92D24D97900,District 11,Puyallup_Carbon salmon 2023,3,2023-09-18,2023-09-24,38,weekend,Bank,NA,PE,effort,daily_mean,1954.9183625730996,week
46E6F83F-56E7-4254-9D3A-D92D24D97900,District 11,Puyallup_Carbon salmon 2023,3,2023-09-18,2023-09-24,38,weekend,Bank,NA,PE,effort,daily_variance,0,week
46E6F83F-56E7-4254-9D3A-D92D24D97900,District 11,Puyallup_Carbon salmon 2023,3,2023-09-18,2023-09-24,38,weekend,Bank,NA,PE,effort,days_open,1,week
46E6F83F-56E7-4254-9D3A-D92D24D97900,District 11,Puyallup_Carbon salmon 2023,3,2023-09-18,2023-09-24,38,weekend,Bank,NA,PE,effort,degrees_freedom,17,week
46E6F83F-56E7-4254-9D3A-D92D24D97900,District 11,Puyallup_Carbon salmon 2023,3,2023-09-18,2023-09-24,38,weekend,Bank,NA,PE,effort,total_effort,1954.9183625730996,week
46E6F83F-56E7-4254-9D3A-D92D24D97900,District 11,Puyallup_Carbon salmon 2023,3,2023-09-25,2023-10-01,39,weekday,Bank,NA,PE,effort,number_observations,3,week
46E6F83F-56E7-4254-9D3A-D92D24D97900,District 11,Puyallup_Carbon salmon 2023,3,2023-09-25,2023-10-01,39,weekday,Bank,NA,PE,effort,daily_mean,907.453779239766,week
46E6F83F-56E7-4254-9D3A-D92D24D97900,District 11,Puyallup_Carbon salmon 2023,3,2023-09-25,2023-10-01,39,weekday,Bank,NA,PE,effort,daily_variance,91205.92294755399,week
46E6F83F-56E7-4254-9D3A-D92D24D97900,District 11,Puyallup_Carbon salmon 2023,3,2023-09-25,2023-10-01,39,weekday,Bank,NA,PE,effort,days_open,4,week
46E6F83F-56E7-4254-9D3A-D92D24D97900,District 11,Puyallup_Carbon salmon 2023,3,2023-09-25,2023-10-01,39,weekday,Bank,NA,PE,effort,degrees_freedom,17,week
46E6F83F-56E7-4254-9D3A-D92D24D97900,District 11,Puyallup_Carbon salmon 2023,3,2023-09-25,2023-10-01,39,weekday,Bank,NA,PE,effort,total_effort,3629.815116959064,week
46E6F83F-56E7-4254-9D3A-D92D24D97900,District 11,Puyallup_Carbon salmon 2023,3,2023-09-25,2023-10-01,39,weekend,Bank,NA,PE,effort,number_observations,1,week
46E6F83F-56E7-4254-9D3A-D92D24D97900,District 11,Puyallup_Carbon salmon 2023,3,2023-09-25,2023-10-01,39,weekend,Bank,NA,PE,effort,daily_mean,1915.7160087719299,week
46E6F83F-56E7-4254-9D3A-D92D24D97900,District 11,Puyallup_Carbon salmon 2023,3,2023-09-25,2023-10-01,39,weekend,Bank,NA,PE,effort,daily_variance,0,week
46E6F83F-56E7-4254-9D3A-D92D24D97900,District 11,Puyallup_Carbon salmon 2023,3,2023-09-25,2023-10-01,39,weekend,Bank,NA,PE,effort,days_open,1,week
46E6F83F-56E7-4254-9D3A-D92D24D97900,District 11,Puyallup_Carbon salmon 2023,3,2023-09-25,2023-10-01,39,weekend,Bank,NA,PE,effort,degrees_freedom,17,week
46E6F83F-56E7-4254-9D3A-D92D24D97900,District 11,Puyallup_Carbon salmon 2023,3,2023-09-25,2023-10-01,39,weekend,Bank,NA,PE,effort,total_effort,1915.7160087719299,week
46E6F83F-56E7-4254-9D3A-D92D24D97900,District 11,Puyallup_Carbon salmon 2023,3,2023-10-02,2023-10-08,40,weekday,Bank,NA,PE,effort,number_observations,3,week
46E6F83F-56E7-4254-9D3A-D92D24D97900,District 11,Puyallup_Carbon salmon 2023,3,2023-10-02,2023-10-08,40,weekday,Bank,NA,PE,effort,daily_mean,705.474781920078,week
46E6F83F-56E7-4254-9D3A-D92D24D97900,District 11,Puyallup_Carbon salmon 2023,3,2023-10-02,2023-10-08,40,weekday,Bank,NA,PE,effort,daily_variance,6331.451945903023,week
46E6F83F-56E7-4254-9D3A-D92D24D97900,District 11,Puyallup_Carbon salmon 2023,3,2023-10-02,2023-10-08,40,weekday,Bank,NA,PE,effort,days_open,3,week
46E6F83F-56E7-4254-9D3A-D92D24D97900,District 11,Puyallup_Carbon salmon 2023,3,2023-10-02,2023-10-08,40,weekday,Bank,NA,PE,effort,degrees_freedom,17,week
46E6F83F-56E7-4254-9D3A-D92D24D97900,District 11,Puyallup_Carbon salmon 2023,3,2023-10-02,2023-10-08,40,weekday,Bank,NA,PE,effort,total_effort,2116.4243457602342,week
46E6F83F-56E7-4254-9D3A-D92D24D97900,District 11,Puyallup_Carbon salmon 2023,3,2023-10-02,2023-10-08,40,weekend,Bank,NA,PE,effort,number_observations,1,week
46E6F83F-56E7-4254-9D3A-D92D24D97900,District 11,Puyallup_Carbon salmon 2023,3,2023-10-02,2023-10-08,40,weekend,Bank,NA,PE,effort,daily_mean,974.0467105263159,week
46E6F83F-56E7-4254-9D3A-D92D24D97900,District 11,Puyallup_Carbon salmon 2023,3,2023-10-02,2023-10-08,40,weekend,Bank,NA,PE,effort,daily_variance,0,week
46E6F83F-56E7-4254-9D3A-D92D24D97900,District 11,Puyallup_Carbon salmon 2023,3,2023-10-02,2023-10-08,40,weekend,Bank,NA,PE,effort,days_open,1,week
46E6F83F-56E7-4254-9D3A-D92D24D97900,District 11,Puyallup_Carbon salmon 2023,3,2023-10-02,2023-10-08,40,weekend,Bank,NA,PE,effort,degrees_freedom,17,week
46E6F83F-56E7-4254-9D3A-D92D24D97900,District 11,Puyallup_Carbon salmon 2023,3,2023-10-02,2023-10-08,40,weekend,Bank,NA,PE,effort,total_effort,974.0467105263159,week
46E6F83F-56E7-4254-9D3A-D92D24D97900,District 11,Puyallup_Carbon salmon 2023,3,2023-10-09,2023-10-15,41,weekday,Bank,NA,PE,effort,number_observations,3,week
46E6F83F-56E7-4254-9D3A-D92D24D97900,District 11,Puyallup_Carbon salmon 2023,3,2023-10-09,2023-10-15,41,weekday,Bank,NA,PE,effort,daily_mean,395.2871539961013,week
46E6F83F-56E7-4254-9D3A-D92D24D97900,District 11,Puyallup_Carbon salmon 2023,3,2023-10-09,2023-10-15,41,weekday,Bank,NA,PE,effort,daily_variance,21396.046605723892,week
46E6F83F-56E7-4254-9D3A-D92D24D97900,District 11,Puyallup_Carbon salmon 2023,3,2023-10-09,2023-10-15,41,weekday,Bank,NA,PE,effort,days_open,3,week
46E6F83F-56E7-4254-9D3A-D92D24D97900,District 11,Puyallup_Carbon salmon 2023,3,2023-10-09,2023-10-15,41,weekday,Bank,NA,PE,effort,degrees_freedom,17,week
46E6F83F-56E7-4254-9D3A-D92D24D97900,District 11,Puyallup_Carbon salmon 2023,3,2023-10-09,2023-10-15,41,weekday,Bank,NA,PE,effort,total_effort,1185.861461988304,week
46E6F83F-56E7-4254-9D3A-D92D24D97900,District 11,Puyallup_Carbon salmon 2023,3,2023-10-09,2023-10-15,41,weekend,Bank,NA,PE,effort,number_observations,1,week
46E6F83F-56E7-4254-9D3A-D92D24D97900,District 11,Puyallup_Carbon salmon 2023,3,2023-10-09,2023-10-15,41,weekend,Bank,NA,PE,effort,daily_mean,322.3088523391813,week
46E6F83F-56E7-4254-9D3A-D92D24D97900,District 11,Puyallup_Carbon salmon 2023,3,2023-10-09,2023-10-15,41,weekend,Bank,NA,PE,effort,daily_variance,0,week
46E6F83F-56E7-4254-9D3A-D92D24D97900,District 11,Puyallup_Carbon salmon 2023,3,2023-10-09,2023-10-15,41,weekend,Bank,NA,PE,effort,days_open,1,week
46E6F83F-56E7-4254-9D3A-D92D24D97900,District 11,Puyallup_Carbon salmon 2023,3,2023-10-09,2023-10-15,41,weekend,Bank,NA,PE,effort,degrees_freedom,17,week
46E6F83F-56E7-4254-9D3A-D92D24D97900,District 11,Puyallup_Carbon salmon 2023,3,2023-10-09,2023-10-15,41,weekend,Bank,NA,PE,effort,total_effort,322.3088523391813,week
46E6F83F-56E7-4254-9D3A-D92D24D97900,District 11,Puyallup_Carbon salmon 2023,3,2023-10-16,2023-10-22,42,weekday,Bank,NA,PE,effort,number_observations,3,week
46E6F83F-56E7-4254-9D3A-D92D24D97900,District 11,Puyallup_Carbon salmon 2023,3,2023-10-16,2023-10-22,42,weekday,Bank,NA,PE,effort,daily_mean,439.2340289961014,week
46E6F83F-56E7-4254-9D3A-D92D24D97900,District 11,Puyallup_Carbon salmon 2023,3,2023-10-16,2023-10-22,42,weekday,Bank,NA,PE,effort,daily_variance,8453.418844442709,week
46E6F83F-56E7-4254-9D3A-D92D24D97900,District 11,Puyallup_Carbon salmon 2023,3,2023-10-16,2023-10-22,42,weekday,Bank,NA,PE,effort,days_open,3,week
46E6F83F-56E7-4254-9D3A-D92D24D97900,District 11,Puyallup_Carbon salmon 2023,3,2023-10-16,2023-10-22,42,weekday,Bank,NA,PE,effort,degrees_freedom,17,week
46E6F83F-56E7-4254-9D3A-D92D24D97900,District 11,Puyallup_Carbon salmon 2023,3,2023-10-16,2023-10-22,42,weekday,Bank,NA,PE,effort,total_effort,1317.7020869883042,week
46E6F83F-56E7-4254-9D3A-D92D24D97900,District 11,Puyallup_Carbon salmon 2023,3,2023-10-16,2023-10-22,42,weekend,Bank,NA,PE,effort,number_observations,1,week
46E6F83F-56E7-4254-9D3A-D92D24D97900,District 11,Puyallup_Carbon salmon 2023,3,2023-10-16,2023-10-22,42,weekend,Bank,NA,PE,effort,daily_mean,346.8950657894736,week
46E6F83F-56E7-4254-9D3A-D92D24D97900,District 11,Puyallup_Carbon salmon 2023,3,2023-10-16,2023-10-22,42,weekend,Bank,NA,PE,effort,daily_variance,0,week
46E6F83F-56E7-4254-9D3A-D92D24D97900,District 11,Puyallup_Carbon salmon 2023,3,2023-10-16,2023-10-22,42,weekend,Bank,NA,PE,effort,days_open,1,week
46E6F83F-56E7-4254-9D3A-D92D24D97900,District 11,Puyallup_Carbon salmon 2023,3,2023-10-16,2023-10-22,42,weekend,Bank,NA,PE,effort,degrees_freedom,17,week
46E6F83F-56E7-4254-9D3A-D92D24D97900,District 11,Puyallup_Carbon salmon 2023,3,2023-10-16,2023-10-22,42,weekend,Bank,NA,PE,effort,total_effort,346.8950657894736,week
46E6F83F-56E7-4254-9D3A-D92D24D97900,District 11,Puyallup_Carbon salmon 2023,3,2023-10-23,2023-10-29,43,weekday,Bank,NA,PE,effort,number_observations,3,week
46E6F83F-56E7-4254-9D3A-D92D24D97900,District 11,Puyallup_Carbon salmon 2023,3,2023-10-23,2023-10-29,43,weekday,Bank,NA,PE,effort,daily_mean,188.49824926900584,week
46E6F83F-56E7-4254-9D3A-D92D24D97900,District 11,Puyallup_Carbon salmon 2023,3,2023-10-23,2023-10-29,43,weekday,Bank,NA,PE,effort,daily_variance,6023.415758066464,week
46E6F83F-56E7-4254-9D3A-D92D24D97900,District 11,Puyallup_Carbon salmon 2023,3,2023-10-23,2023-10-29,43,weekday,Bank,NA,PE,effort,days_open,3,week
46E6F83F-56E7-4254-9D3A-D92D24D97900,District 11,Puyallup_Carbon salmon 2023,3,2023-10-23,2023-10-29,43,weekday,Bank,NA,PE,effort,degrees_freedom,17,week
46E6F83F-56E7-4254-9D3A-D92D24D97900,District 11,Puyallup_Carbon salmon 2023,3,2023-10-23,2023-10-29,43,weekday,Bank,NA,PE,effort,total_effort,565.4947478070176,week
46E6F83F-56E7-4254-9D3A-D92D24D97900,District 11,Puyallup_Carbon salmon 2023,3,2023-10-23,2023-10-29,43,weekend,Bank,NA,PE,effort,number_observations,1,week
46E6F83F-56E7-4254-9D3A-D92D24D97900,District 11,Puyallup_Carbon salmon 2023,3,2023-10-23,2023-10-29,43,weekend,Bank,NA,PE,effort,daily_mean,250.8972222222222,week
46E6F83F-56E7-4254-9D3A-D92D24D97900,District 11,Puyallup_Carbon salmon 2023,3,2023-10-23,2023-10-29,43,weekend,Bank,NA,PE,effort,daily_variance,0,week
46E6F83F-56E7-4254-9D3A-D92D24D97900,District 11,Puyallup_Carbon salmon 2023,3,2023-10-23,2023-10-29,43,weekend,Bank,NA,PE,effort,days_open,1,week
46E6F83F-56E7-4254-9D3A-D92D24D97900,District 11,Puyallup_Carbon salmon 2023,3,2023-10-23,2023-10-29,43,weekend,Bank,NA,PE,effort,degrees_freedom,17,week
46E6F83F-56E7-4254-9D3A-D92D24D97900,District 11,Puyallup_Carbon salmon 2023,3,2023-10-23,2023-10-29,43,weekend,Bank,NA,PE,effort,total_effort,250.8972222222222,week
